incident_id,log_type,field,score
incident-0000,baseline,principal,exact
incident-0000,baseline,action,exact
incident-0000,baseline,scope,missing
incident-0000,baseline,time,exact
incident-0000,baseline,context,ambiguous
incident-0000,baseline,proof,missing
incident-0000,baseline,rationale,ambiguous
incident-0000,poia,principal,exact
incident-0000,poia,action,exact
incident-0000,poia,scope,exact
incident-0000,poia,time,exact
incident-0000,poia,context,exact
incident-0000,poia,proof,exact
incident-0000,poia,rationale,exact
incident-0001,baseline,principal,exact
incident-0001,baseline,action,exact
incident-0001,baseline,scope,missing
incident-0001,baseline,time,exact
incident-0001,baseline,context,ambiguous
incident-0001,baseline,proof,missing
incident-0001,baseline,rationale,ambiguous
incident-0001,poia,principal,exact
incident-0001,poia,action,exact
incident-0001,poia,scope,exact
incident-0001,poia,time,exact
incident-0001,poia,context,exact
incident-0001,poia,proof,exact
incident-0001,poia,rationale,exact
incident-0002,baseline,principal,exact
incident-0002,baseline,action,exact
incident-0002,baseline,scope,missing
incident-0002,baseline,time,exact
incident-0002,baseline,context,ambiguous
incident-0002,baseline,proof,missing
incident-0002,baseline,rationale,ambiguous
incident-0002,poia,principal,exact
incident-0002,poia,action,exact
incident-0002,poia,scope,exact
incident-0002,poia,time,exact
incident-0002,poia,context,exact
incident-0002,poia,proof,exact
incident-0002,poia,rationale,exact
incident-0003,baseline,principal,exact
incident-0003,baseline,action,exact
incident-0003,baseline,scope,missing
incident-0003,baseline,time,exact
incident-0003,baseline,context,ambiguous
incident-0003,baseline,proof,missing
incident-0003,baseline,rationale,ambiguous
incident-0003,poia,principal,exact
incident-0003,poia,action,exact
incident-0003,poia,scope,exact
incident-0003,poia,time,exact
incident-0003,poia,context,exact
incident-0003,poia,proof,exact
incident-0003,poia,rationale,exact
incident-0004,baseline,principal,exact
incident-0004,baseline,action,exact
incident-0004,baseline,scope,missing
incident-0004,baseline,time,exact
incident-0004,baseline,context,ambiguous
incident-0004,baseline,proof,missing
incident-0004,baseline,rationale,ambiguous
incident-0004,poia,principal,exact
incident-0004,poia,action,exact
incident-0004,poia,scope,exact
incident-0004,poia,time,exact
incident-0004,poia,context,exact
incident-0004,poia,proof,exact
incident-0004,poia,rationale,exact
incident-0005,baseline,principal,exact
incident-0005,baseline,action,exact
incident-0005,baseline,scope,missing
incident-0005,baseline,time,exact
incident-0005,baseline,context,ambiguous
incident-0005,baseline,proof,missing
incident-0005,baseline,rationale,ambiguous
incident-0005,poia,principal,exact
incident-0005,poia,action,exact
incident-0005,poia,scope,exact
incident-0005,poia,time,exact
incident-0005,poia,context,exact
incident-0005,poia,proof,exact
incident-0005,poia,rationale,exact
incident-0006,baseline,principal,exact
incident-0006,baseline,action,exact
incident-0006,baseline,scope,missing
incident-0006,baseline,time,exact
incident-0006,baseline,context,ambiguous
incident-0006,baseline,proof,missing
incident-0006,baseline,rationale,ambiguous
incident-0006,poia,principal,exact
incident-0006,poia,action,exact
incident-0006,poia,scope,exact
incident-0006,poia,time,exact
incident-0006,poia,context,exact
incident-0006,poia,proof,exact
incident-0006,poia,rationale,exact
incident-0007,baseline,principal,exact
incident-0007,baseline,action,exact
incident-0007,baseline,scope,missing
incident-0007,baseline,time,exact
incident-0007,baseline,context,ambiguous
incident-0007,baseline,proof,missing
incident-0007,baseline,rationale,ambiguous
incident-0007,poia,principal,exact
incident-0007,poia,action,exact
incident-0007,poia,scope,exact
incident-0007,poia,time,exact
incident-0007,poia,context,exact
incident-0007,poia,proof,exact
incident-0007,poia,rationale,exact
incident-0008,baseline,principal,exact
incident-0008,baseline,action,exact
incident-0008,baseline,scope,missing
incident-0008,baseline,time,exact
incident-0008,baseline,context,ambiguous
incident-0008,baseline,proof,missing
incident-0008,baseline,rationale,ambiguous
incident-0008,poia,principal,exact
incident-0008,poia,action,exact
incident-0008,poia,scope,exact
incident-0008,poia,time,exact
incident-0008,poia,context,exact
incident-0008,poia,proof,exact
incident-0008,poia,rationale,exact
incident-0009,baseline,principal,exact
incident-0009,baseline,action,exact
incident-0009,baseline,scope,missing
incident-0009,baseline,time,exact
incident-0009,baseline,context,ambiguous
incident-0009,baseline,proof,missing
incident-0009,baseline,rationale,ambiguous
incident-0009,poia,principal,exact
incident-0009,poia,action,exact
incident-0009,poia,scope,exact
incident-0009,poia,time,exact
incident-0009,poia,context,exact
incident-0009,poia,proof,exact
incident-0009,poia,rationale,exact
incident-0010,baseline,principal,exact
incident-0010,baseline,action,exact
incident-0010,baseline,scope,missing
incident-0010,baseline,time,exact
incident-0010,baseline,context,ambiguous
incident-0010,baseline,proof,missing
incident-0010,baseline,rationale,ambiguous
incident-0010,poia,principal,exact
incident-0010,poia,action,exact
incident-0010,poia,scope,exact
incident-0010,poia,time,exact
incident-0010,poia,context,exact
incident-0010,poia,proof,exact
incident-0010,poia,rationale,exact
incident-0011,baseline,principal,exact
incident-0011,baseline,action,exact
incident-0011,baseline,scope,missing
incident-0011,baseline,time,exact
incident-0011,baseline,context,ambiguous
incident-0011,baseline,proof,missing
incident-0011,baseline,rationale,ambiguous
incident-0011,poia,principal,exact
incident-0011,poia,action,exact
incident-0011,poia,scope,exact
incident-0011,poia,time,exact
incident-0011,poia,context,exact
incident-0011,poia,proof,exact
incident-0011,poia,rationale,exact
incident-0012,baseline,principal,exact
incident-0012,baseline,action,exact
incident-0012,baseline,scope,missing
incident-0012,baseline,time,exact
incident-0012,baseline,context,ambiguous
incident-0012,baseline,proof,missing
incident-0012,baseline,rationale,ambiguous
incident-0012,poia,principal,exact
incident-0012,poia,action,exact
incident-0012,poia,scope,exact
incident-0012,poia,time,exact
incident-0012,poia,context,exact
incident-0012,poia,proof,exact
incident-0012,poia,rationale,exact
incident-0013,baseline,principal,exact
incident-0013,baseline,action,exact
incident-0013,baseline,scope,missing
incident-0013,baseline,time,exact
incident-0013,baseline,context,ambiguous
incident-0013,baseline,proof,missing
incident-0013,baseline,rationale,ambiguous
incident-0013,poia,principal,exact
incident-0013,poia,action,exact
incident-0013,poia,scope,exact
incident-0013,poia,time,exact
incident-0013,poia,context,exact
incident-0013,poia,proof,exact
incident-0013,poia,rationale,exact
incident-0014,baseline,principal,exact
incident-0014,baseline,action,exact
incident-0014,baseline,scope,missing
incident-0014,baseline,time,exact
incident-0014,baseline,context,ambiguous
incident-0014,baseline,proof,missing
incident-0014,baseline,rationale,ambiguous
incident-0014,poia,principal,exact
incident-0014,poia,action,exact
incident-0014,poia,scope,exact
incident-0014,poia,time,exact
incident-0014,poia,context,exact
incident-0014,poia,proof,exact
incident-0014,poia,rationale,exact
incident-0015,baseline,principal,exact
incident-0015,baseline,action,exact
incident-0015,baseline,scope,missing
incident-0015,baseline,time,exact
incident-0015,baseline,context,ambiguous
incident-0015,baseline,proof,missing
incident-0015,baseline,rationale,ambiguous
incident-0015,poia,principal,exact
incident-0015,poia,action,exact
incident-0015,poia,scope,exact
incident-0015,poia,time,exact
incident-0015,poia,context,exact
incident-0015,poia,proof,exact
incident-0015,poia,rationale,exact
incident-0016,baseline,principal,exact
incident-0016,baseline,action,exact
incident-0016,baseline,scope,missing
incident-0016,baseline,time,exact
incident-0016,baseline,context,ambiguous
incident-0016,baseline,proof,missing
incident-0016,baseline,rationale,ambiguous
incident-0016,poia,principal,exact
incident-0016,poia,action,exact
incident-0016,poia,scope,exact
incident-0016,poia,time,exact
incident-0016,poia,context,exact
incident-0016,poia,proof,exact
incident-0016,poia,rationale,exact
incident-0017,baseline,principal,exact
incident-0017,baseline,action,exact
incident-0017,baseline,scope,missing
incident-0017,baseline,time,exact
incident-0017,baseline,context,ambiguous
incident-0017,baseline,proof,missing
incident-0017,baseline,rationale,ambiguous
incident-0017,poia,principal,exact
incident-0017,poia,action,exact
incident-0017,poia,scope,exact
incident-0017,poia,time,exact
incident-0017,poia,context,exact
incident-0017,poia,proof,exact
incident-0017,poia,rationale,exact
incident-0018,baseline,principal,exact
incident-0018,baseline,action,exact
incident-0018,baseline,scope,missing
incident-0018,baseline,time,exact
incident-0018,baseline,context,ambiguous
incident-0018,baseline,proof,missing
incident-0018,baseline,rationale,ambiguous
incident-0018,poia,principal,exact
incident-0018,poia,action,exact
incident-0018,poia,scope,exact
incident-0018,poia,time,exact
incident-0018,poia,context,exact
incident-0018,poia,proof,exact
incident-0018,poia,rationale,exact
incident-0019,baseline,principal,exact
incident-0019,baseline,action,exact
incident-0019,baseline,scope,missing
incident-0019,baseline,time,exact
incident-0019,baseline,context,ambiguous
incident-0019,baseline,proof,missing
incident-0019,baseline,rationale,ambiguous
incident-0019,poia,principal,exact
incident-0019,poia,action,exact
incident-0019,poia,scope,exact
incident-0019,poia,time,exact
incident-0019,poia,context,exact
incident-0019,poia,proof,exact
incident-0019,poia,rationale,exact
incident-0020,baseline,principal,exact
incident-0020,baseline,action,exact
incident-0020,baseline,scope,missing
incident-0020,baseline,time,exact
incident-0020,baseline,context,ambiguous
incident-0020,baseline,proof,missing
incident-0020,baseline,rationale,ambiguous
incident-0020,poia,principal,exact
incident-0020,poia,action,exact
incident-0020,poia,scope,exact
incident-0020,poia,time,exact
incident-0020,poia,context,exact
incident-0020,poia,proof,exact
incident-0020,poia,rationale,exact
incident-0021,baseline,principal,exact
incident-0021,baseline,action,exact
incident-0021,baseline,scope,missing
incident-0021,baseline,time,exact
incident-0021,baseline,context,ambiguous
incident-0021,baseline,proof,missing
incident-0021,baseline,rationale,ambiguous
incident-0021,poia,principal,exact
incident-0021,poia,action,exact
incident-0021,poia,scope,exact
incident-0021,poia,time,exact
incident-0021,poia,context,exact
incident-0021,poia,proof,exact
incident-0021,poia,rationale,exact
incident-0022,baseline,principal,exact
incident-0022,baseline,action,exact
incident-0022,baseline,scope,missing
incident-0022,baseline,time,exact
incident-0022,baseline,context,ambiguous
incident-0022,baseline,proof,missing
incident-0022,baseline,rationale,ambiguous
incident-0022,poia,principal,exact
incident-0022,poia,action,exact
incident-0022,poia,scope,exact
incident-0022,poia,time,exact
incident-0022,poia,context,exact
incident-0022,poia,proof,exact
incident-0022,poia,rationale,exact
incident-0023,baseline,principal,exact
incident-0023,baseline,action,exact
incident-0023,baseline,scope,missing
incident-0023,baseline,time,exact
incident-0023,baseline,context,ambiguous
incident-0023,baseline,proof,missing
incident-0023,baseline,rationale,ambiguous
incident-0023,poia,principal,exact
incident-0023,poia,action,exact
incident-0023,poia,scope,exact
incident-0023,poia,time,exact
incident-0023,poia,context,exact
incident-0023,poia,proof,exact
incident-0023,poia,rationale,exact
incident-0024,baseline,principal,exact
incident-0024,baseline,action,exact
incident-0024,baseline,scope,missing
incident-0024,baseline,time,exact
incident-0024,baseline,context,ambiguous
incident-0024,baseline,proof,missing
incident-0024,baseline,rationale,ambiguous
incident-0024,poia,principal,exact
incident-0024,poia,action,exact
incident-0024,poia,scope,exact
incident-0024,poia,time,exact
incident-0024,poia,context,exact
incident-0024,poia,proof,exact
incident-0024,poia,rationale,exact
incident-0025,baseline,principal,exact
incident-0025,baseline,action,exact
incident-0025,baseline,scope,missing
incident-0025,baseline,time,exact
incident-0025,baseline,context,ambiguous
incident-0025,baseline,proof,missing
incident-0025,baseline,rationale,ambiguous
incident-0025,poia,principal,exact
incident-0025,poia,action,exact
incident-0025,poia,scope,exact
incident-0025,poia,time,exact
incident-0025,poia,context,exact
incident-0025,poia,proof,exact
incident-0025,poia,rationale,exact
incident-0026,baseline,principal,exact
incident-0026,baseline,action,exact
incident-0026,baseline,scope,missing
incident-0026,baseline,time,exact
incident-0026,baseline,context,ambiguous
incident-0026,baseline,proof,missing
incident-0026,baseline,rationale,ambiguous
incident-0026,poia,principal,exact
incident-0026,poia,action,exact
incident-0026,poia,scope,exact
incident-0026,poia,time,exact
incident-0026,poia,context,exact
incident-0026,poia,proof,exact
incident-0026,poia,rationale,exact
incident-0027,baseline,principal,exact
incident-0027,baseline,action,exact
incident-0027,baseline,scope,missing
incident-0027,baseline,time,exact
incident-0027,baseline,context,ambiguous
incident-0027,baseline,proof,missing
incident-0027,baseline,rationale,ambiguous
incident-0027,poia,principal,exact
incident-0027,poia,action,exact
incident-0027,poia,scope,exact
incident-0027,poia,time,exact
incident-0027,poia,context,exact
incident-0027,poia,proof,exact
incident-0027,poia,rationale,exact
incident-0028,baseline,principal,exact
incident-0028,baseline,action,exact
incident-0028,baseline,scope,missing
incident-0028,baseline,time,exact
incident-0028,baseline,context,ambiguous
incident-0028,baseline,proof,missing
incident-0028,baseline,rationale,ambiguous
incident-0028,poia,principal,exact
incident-0028,poia,action,exact
incident-0028,poia,scope,exact
incident-0028,poia,time,exact
incident-0028,poia,context,exact
incident-0028,poia,proof,exact
incident-0028,poia,rationale,exact
incident-0029,baseline,principal,exact
incident-0029,baseline,action,exact
incident-0029,baseline,scope,missing
incident-0029,baseline,time,exact
incident-0029,baseline,context,ambiguous
incident-0029,baseline,proof,missing
incident-0029,baseline,rationale,ambiguous
incident-0029,poia,principal,exact
incident-0029,poia,action,exact
incident-0029,poia,scope,exact
incident-0029,poia,time,exact
incident-0029,poia,context,exact
incident-0029,poia,proof,exact
incident-0029,poia,rationale,exact
incident-0030,baseline,principal,exact
incident-0030,baseline,action,exact
incident-0030,baseline,scope,missing
incident-0030,baseline,time,exact
incident-0030,baseline,context,ambiguous
incident-0030,baseline,proof,missing
incident-0030,baseline,rationale,ambiguous
incident-0030,poia,principal,exact
incident-0030,poia,action,exact
incident-0030,poia,scope,exact
incident-0030,poia,time,exact
incident-0030,poia,context,exact
incident-0030,poia,proof,exact
incident-0030,poia,rationale,exact
incident-0031,baseline,principal,exact
incident-0031,baseline,action,exact
incident-0031,baseline,scope,missing
incident-0031,baseline,time,exact
incident-0031,baseline,context,ambiguous
incident-0031,baseline,proof,missing
incident-0031,baseline,rationale,ambiguous
incident-0031,poia,principal,exact
incident-0031,poia,action,exact
incident-0031,poia,scope,exact
incident-0031,poia,time,exact
incident-0031,poia,context,exact
incident-0031,poia,proof,exact
incident-0031,poia,rationale,exact
incident-0032,baseline,principal,exact
incident-0032,baseline,action,exact
incident-0032,baseline,scope,missing
incident-0032,baseline,time,exact
incident-0032,baseline,context,ambiguous
incident-0032,baseline,proof,missing
incident-0032,baseline,rationale,ambiguous
incident-0032,poia,principal,exact
incident-0032,poia,action,exact
incident-0032,poia,scope,exact
incident-0032,poia,time,exact
incident-0032,poia,context,exact
incident-0032,poia,proof,exact
incident-0032,poia,rationale,exact
incident-0033,baseline,principal,exact
incident-0033,baseline,action,exact
incident-0033,baseline,scope,missing
incident-0033,baseline,time,exact
incident-0033,baseline,context,ambiguous
incident-0033,baseline,proof,missing
incident-0033,baseline,rationale,ambiguous
incident-0033,poia,principal,exact
incident-0033,poia,action,exact
incident-0033,poia,scope,exact
incident-0033,poia,time,exact
incident-0033,poia,context,exact
incident-0033,poia,proof,exact
incident-0033,poia,rationale,exact
incident-0034,baseline,principal,exact
incident-0034,baseline,action,exact
incident-0034,baseline,scope,missing
incident-0034,baseline,time,exact
incident-0034,baseline,context,ambiguous
incident-0034,baseline,proof,missing
incident-0034,baseline,rationale,ambiguous
incident-0034,poia,principal,exact
incident-0034,poia,action,exact
incident-0034,poia,scope,exact
incident-0034,poia,time,exact
incident-0034,poia,context,exact
incident-0034,poia,proof,exact
incident-0034,poia,rationale,exact
incident-0035,baseline,principal,exact
incident-0035,baseline,action,exact
incident-0035,baseline,scope,missing
incident-0035,baseline,time,exact
incident-0035,baseline,context,ambiguous
incident-0035,baseline,proof,missing
incident-0035,baseline,rationale,ambiguous
incident-0035,poia,principal,exact
incident-0035,poia,action,exact
incident-0035,poia,scope,exact
incident-0035,poia,time,exact
incident-0035,poia,context,exact
incident-0035,poia,proof,exact
incident-0035,poia,rationale,exact
incident-0036,baseline,principal,exact
incident-0036,baseline,action,exact
incident-0036,baseline,scope,missing
incident-0036,baseline,time,exact
incident-0036,baseline,context,ambiguous
incident-0036,baseline,proof,missing
incident-0036,baseline,rationale,ambiguous
incident-0036,poia,principal,exact
incident-0036,poia,action,exact
incident-0036,poia,scope,exact
incident-0036,poia,time,exact
incident-0036,poia,context,exact
incident-0036,poia,proof,exact
incident-0036,poia,rationale,exact
incident-0037,baseline,principal,exact
incident-0037,baseline,action,exact
incident-0037,baseline,scope,missing
incident-0037,baseline,time,exact
incident-0037,baseline,context,ambiguous
incident-0037,baseline,proof,missing
incident-0037,baseline,rationale,ambiguous
incident-0037,poia,principal,exact
incident-0037,poia,action,exact
incident-0037,poia,scope,exact
incident-0037,poia,time,exact
incident-0037,poia,context,exact
incident-0037,poia,proof,exact
incident-0037,poia,rationale,exact
incident-0038,baseline,principal,exact
incident-0038,baseline,action,exact
incident-0038,baseline,scope,missing
incident-0038,baseline,time,exact
incident-0038,baseline,context,ambiguous
incident-0038,baseline,proof,missing
incident-0038,baseline,rationale,ambiguous
incident-0038,poia,principal,exact
incident-0038,poia,action,exact
incident-0038,poia,scope,exact
incident-0038,poia,time,exact
incident-0038,poia,context,exact
incident-0038,poia,proof,exact
incident-0038,poia,rationale,exact
incident-0039,baseline,principal,exact
incident-0039,baseline,action,exact
incident-0039,baseline,scope,missing
incident-0039,baseline,time,exact
incident-0039,baseline,context,ambiguous
incident-0039,baseline,proof,missing
incident-0039,baseline,rationale,ambiguous
incident-0039,poia,principal,exact
incident-0039,poia,action,exact
incident-0039,poia,scope,exact
incident-0039,poia,time,exact
incident-0039,poia,context,exact
incident-0039,poia,proof,exact
incident-0039,poia,rationale,exact
incident-0040,baseline,principal,exact
incident-0040,baseline,action,exact
incident-0040,baseline,scope,missing
incident-0040,baseline,time,exact
incident-0040,baseline,context,ambiguous
incident-0040,baseline,proof,missing
incident-0040,baseline,rationale,ambiguous
incident-0040,poia,principal,exact
incident-0040,poia,action,exact
incident-0040,poia,scope,exact
incident-0040,poia,time,exact
incident-0040,poia,context,exact
incident-0040,poia,proof,exact
incident-0040,poia,rationale,exact
incident-0041,baseline,principal,exact
incident-0041,baseline,action,exact
incident-0041,baseline,scope,missing
incident-0041,baseline,time,exact
incident-0041,baseline,context,ambiguous
incident-0041,baseline,proof,missing
incident-0041,baseline,rationale,ambiguous
incident-0041,poia,principal,exact
incident-0041,poia,action,exact
incident-0041,poia,scope,exact
incident-0041,poia,time,exact
incident-0041,poia,context,exact
incident-0041,poia,proof,exact
incident-0041,poia,rationale,exact
incident-0042,baseline,principal,exact
incident-0042,baseline,action,exact
incident-0042,baseline,scope,missing
incident-0042,baseline,time,exact
incident-0042,baseline,context,ambiguous
incident-0042,baseline,proof,missing
incident-0042,baseline,rationale,ambiguous
incident-0042,poia,principal,exact
incident-0042,poia,action,exact
incident-0042,poia,scope,exact
incident-0042,poia,time,exact
incident-0042,poia,context,exact
incident-0042,poia,proof,exact
incident-0042,poia,rationale,exact
incident-0043,baseline,principal,exact
incident-0043,baseline,action,exact
incident-0043,baseline,scope,missing
incident-0043,baseline,time,exact
incident-0043,baseline,context,ambiguous
incident-0043,baseline,proof,missing
incident-0043,baseline,rationale,ambiguous
incident-0043,poia,principal,exact
incident-0043,poia,action,exact
incident-0043,poia,scope,exact
incident-0043,poia,time,exact
incident-0043,poia,context,exact
incident-0043,poia,proof,exact
incident-0043,poia,rationale,exact
incident-0044,baseline,principal,exact
incident-0044,baseline,action,exact
incident-0044,baseline,scope,missing
incident-0044,baseline,time,exact
incident-0044,baseline,context,ambiguous
incident-0044,baseline,proof,missing
incident-0044,baseline,rationale,ambiguous
incident-0044,poia,principal,exact
incident-0044,poia,action,exact
incident-0044,poia,scope,exact
incident-0044,poia,time,exact
incident-0044,poia,context,exact
incident-0044,poia,proof,exact
incident-0044,poia,rationale,exact
incident-0045,baseline,principal,exact
incident-0045,baseline,action,exact
incident-0045,baseline,scope,missing
incident-0045,baseline,time,exact
incident-0045,baseline,context,ambiguous
incident-0045,baseline,proof,missing
incident-0045,baseline,rationale,ambiguous
incident-0045,poia,principal,exact
incident-0045,poia,action,exact
incident-0045,poia,scope,exact
incident-0045,poia,time,exact
incident-0045,poia,context,exact
incident-0045,poia,proof,exact
incident-0045,poia,rationale,exact
incident-0046,baseline,principal,exact
incident-0046,baseline,action,exact
incident-0046,baseline,scope,missing
incident-0046,baseline,time,exact
incident-0046,baseline,context,ambiguous
incident-0046,baseline,proof,missing
incident-0046,baseline,rationale,ambiguous
incident-0046,poia,principal,exact
incident-0046,poia,action,exact
incident-0046,poia,scope,exact
incident-0046,poia,time,exact
incident-0046,poia,context,exact
incident-0046,poia,proof,exact
incident-0046,poia,rationale,exact
incident-0047,baseline,principal,exact
incident-0047,baseline,action,exact
incident-0047,baseline,scope,missing
incident-0047,baseline,time,exact
incident-0047,baseline,context,ambiguous
incident-0047,baseline,proof,missing
incident-0047,baseline,rationale,ambiguous
incident-0047,poia,principal,exact
incident-0047,poia,action,exact
incident-0047,poia,scope,exact
incident-0047,poia,time,exact
incident-0047,poia,context,exact
incident-0047,poia,proof,exact
incident-0047,poia,rationale,exact
incident-0048,baseline,principal,exact
incident-0048,baseline,action,exact
incident-0048,baseline,scope,missing
incident-0048,baseline,time,exact
incident-0048,baseline,context,ambiguous
incident-0048,baseline,proof,missing
incident-0048,baseline,rationale,ambiguous
incident-0048,poia,principal,exact
incident-0048,poia,action,exact
incident-0048,poia,scope,exact
incident-0048,poia,time,exact
incident-0048,poia,context,exact
incident-0048,poia,proof,exact
incident-0048,poia,rationale,exact
incident-0049,baseline,principal,exact
incident-0049,baseline,action,exact
incident-0049,baseline,scope,missing
incident-0049,baseline,time,exact
incident-0049,baseline,context,ambiguous
incident-0049,baseline,proof,missing
incident-0049,baseline,rationale,ambiguous
incident-0049,poia,principal,exact
incident-0049,poia,action,exact
incident-0049,poia,scope,exact
incident-0049,poia,time,exact
incident-0049,poia,context,exact
incident-0049,poia,proof,exact
incident-0049,poia,rationale,exact
incident-0050,baseline,principal,exact
incident-0050,baseline,action,exact
incident-0050,baseline,scope,missing
incident-0050,baseline,time,exact
incident-0050,baseline,context,ambiguous
incident-0050,baseline,proof,missing
incident-0050,baseline,rationale,ambiguous
incident-0050,poia,principal,exact
incident-0050,poia,action,exact
incident-0050,poia,scope,exact
incident-0050,poia,time,exact
incident-0050,poia,context,exact
incident-0050,poia,proof,exact
incident-0050,poia,rationale,exact
incident-0051,baseline,principal,exact
incident-0051,baseline,action,exact
incident-0051,baseline,scope,missing
incident-0051,baseline,time,exact
incident-0051,baseline,context,ambiguous
incident-0051,baseline,proof,missing
incident-0051,baseline,rationale,ambiguous
incident-0051,poia,principal,exact
incident-0051,poia,action,exact
incident-0051,poia,scope,exact
incident-0051,poia,time,exact
incident-0051,poia,context,exact
incident-0051,poia,proof,exact
incident-0051,poia,rationale,exact
incident-0052,baseline,principal,exact
incident-0052,baseline,action,exact
incident-0052,baseline,scope,missing
incident-0052,baseline,time,exact
incident-0052,baseline,context,ambiguous
incident-0052,baseline,proof,missing
incident-0052,baseline,rationale,ambiguous
incident-0052,poia,principal,exact
incident-0052,poia,action,exact
incident-0052,poia,scope,exact
incident-0052,poia,time,exact
incident-0052,poia,context,exact
incident-0052,poia,proof,exact
incident-0052,poia,rationale,exact
incident-0053,baseline,principal,exact
incident-0053,baseline,action,exact
incident-0053,baseline,scope,missing
incident-0053,baseline,time,exact
incident-0053,baseline,context,ambiguous
incident-0053,baseline,proof,missing
incident-0053,baseline,rationale,ambiguous
incident-0053,poia,principal,exact
incident-0053,poia,action,exact
incident-0053,poia,scope,exact
incident-0053,poia,time,exact
incident-0053,poia,context,exact
incident-0053,poia,proof,exact
incident-0053,poia,rationale,exact
incident-0054,baseline,principal,exact
incident-0054,baseline,action,exact
incident-0054,baseline,scope,missing
incident-0054,baseline,time,exact
incident-0054,baseline,context,ambiguous
incident-0054,baseline,proof,missing
incident-0054,baseline,rationale,ambiguous
incident-0054,poia,principal,exact
incident-0054,poia,action,exact
incident-0054,poia,scope,exact
incident-0054,poia,time,exact
incident-0054,poia,context,exact
incident-0054,poia,proof,exact
incident-0054,poia,rationale,exact
incident-0055,baseline,principal,exact
incident-0055,baseline,action,exact
incident-0055,baseline,scope,missing
incident-0055,baseline,time,exact
incident-0055,baseline,context,ambiguous
incident-0055,baseline,proof,missing
incident-0055,baseline,rationale,ambiguous
incident-0055,poia,principal,exact
incident-0055,poia,action,exact
incident-0055,poia,scope,exact
incident-0055,poia,time,exact
incident-0055,poia,context,exact
incident-0055,poia,proof,exact
incident-0055,poia,rationale,exact
incident-0056,baseline,principal,exact
incident-0056,baseline,action,exact
incident-0056,baseline,scope,missing
incident-0056,baseline,time,exact
incident-0056,baseline,context,ambiguous
incident-0056,baseline,proof,missing
incident-0056,baseline,rationale,ambiguous
incident-0056,poia,principal,exact
incident-0056,poia,action,exact
incident-0056,poia,scope,exact
incident-0056,poia,time,exact
incident-0056,poia,context,exact
incident-0056,poia,proof,exact
incident-0056,poia,rationale,exact
incident-0057,baseline,principal,exact
incident-0057,baseline,action,exact
incident-0057,baseline,scope,missing
incident-0057,baseline,time,exact
incident-0057,baseline,context,ambiguous
incident-0057,baseline,proof,missing
incident-0057,baseline,rationale,ambiguous
incident-0057,poia,principal,exact
incident-0057,poia,action,exact
incident-0057,poia,scope,exact
incident-0057,poia,time,exact
incident-0057,poia,context,exact
incident-0057,poia,proof,exact
incident-0057,poia,rationale,exact
incident-0058,baseline,principal,exact
incident-0058,baseline,action,exact
incident-0058,baseline,scope,missing
incident-0058,baseline,time,exact
incident-0058,baseline,context,ambiguous
incident-0058,baseline,proof,missing
incident-0058,baseline,rationale,ambiguous
incident-0058,poia,principal,exact
incident-0058,poia,action,exact
incident-0058,poia,scope,exact
incident-0058,poia,time,exact
incident-0058,poia,context,exact
incident-0058,poia,proof,exact
incident-0058,poia,rationale,exact
incident-0059,baseline,principal,exact
incident-0059,baseline,action,exact
incident-0059,baseline,scope,missing
incident-0059,baseline,time,exact
incident-0059,baseline,context,ambiguous
incident-0059,baseline,proof,missing
incident-0059,baseline,rationale,ambiguous
incident-0059,poia,principal,exact
incident-0059,poia,action,exact
incident-0059,poia,scope,exact
incident-0059,poia,time,exact
incident-0059,poia,context,exact
incident-0059,poia,proof,exact
incident-0059,poia,rationale,exact
incident-0060,baseline,principal,exact
incident-0060,baseline,action,exact
incident-0060,baseline,scope,missing
incident-0060,baseline,time,exact
incident-0060,baseline,context,ambiguous
incident-0060,baseline,proof,missing
incident-0060,baseline,rationale,ambiguous
incident-0060,poia,principal,exact
incident-0060,poia,action,exact
incident-0060,poia,scope,exact
incident-0060,poia,time,exact
incident-0060,poia,context,exact
incident-0060,poia,proof,exact
incident-0060,poia,rationale,exact
incident-0061,baseline,principal,exact
incident-0061,baseline,action,exact
incident-0061,baseline,scope,missing
incident-0061,baseline,time,exact
incident-0061,baseline,context,ambiguous
incident-0061,baseline,proof,missing
incident-0061,baseline,rationale,ambiguous
incident-0061,poia,principal,exact
incident-0061,poia,action,exact
incident-0061,poia,scope,exact
incident-0061,poia,time,exact
incident-0061,poia,context,exact
incident-0061,poia,proof,exact
incident-0061,poia,rationale,exact
incident-0062,baseline,principal,exact
incident-0062,baseline,action,exact
incident-0062,baseline,scope,missing
incident-0062,baseline,time,exact
incident-0062,baseline,context,ambiguous
incident-0062,baseline,proof,missing
incident-0062,baseline,rationale,ambiguous
incident-0062,poia,principal,exact
incident-0062,poia,action,exact
incident-0062,poia,scope,exact
incident-0062,poia,time,exact
incident-0062,poia,context,exact
incident-0062,poia,proof,exact
incident-0062,poia,rationale,exact
incident-0063,baseline,principal,exact
incident-0063,baseline,action,exact
incident-0063,baseline,scope,missing
incident-0063,baseline,time,exact
incident-0063,baseline,context,ambiguous
incident-0063,baseline,proof,missing
incident-0063,baseline,rationale,ambiguous
incident-0063,poia,principal,exact
incident-0063,poia,action,exact
incident-0063,poia,scope,exact
incident-0063,poia,time,exact
incident-0063,poia,context,exact
incident-0063,poia,proof,exact
incident-0063,poia,rationale,exact
incident-0064,baseline,principal,exact
incident-0064,baseline,action,exact
incident-0064,baseline,scope,missing
incident-0064,baseline,time,exact
incident-0064,baseline,context,ambiguous
incident-0064,baseline,proof,missing
incident-0064,baseline,rationale,ambiguous
incident-0064,poia,principal,exact
incident-0064,poia,action,exact
incident-0064,poia,scope,exact
incident-0064,poia,time,exact
incident-0064,poia,context,exact
incident-0064,poia,proof,exact
incident-0064,poia,rationale,exact
incident-0065,baseline,principal,exact
incident-0065,baseline,action,exact
incident-0065,baseline,scope,missing
incident-0065,baseline,time,exact
incident-0065,baseline,context,ambiguous
incident-0065,baseline,proof,missing
incident-0065,baseline,rationale,ambiguous
incident-0065,poia,principal,exact
incident-0065,poia,action,exact
incident-0065,poia,scope,exact
incident-0065,poia,time,exact
incident-0065,poia,context,exact
incident-0065,poia,proof,exact
incident-0065,poia,rationale,exact
incident-0066,baseline,principal,exact
incident-0066,baseline,action,exact
incident-0066,baseline,scope,missing
incident-0066,baseline,time,exact
incident-0066,baseline,context,ambiguous
incident-0066,baseline,proof,missing
incident-0066,baseline,rationale,ambiguous
incident-0066,poia,principal,exact
incident-0066,poia,action,exact
incident-0066,poia,scope,exact
incident-0066,poia,time,exact
incident-0066,poia,context,exact
incident-0066,poia,proof,exact
incident-0066,poia,rationale,exact
incident-0067,baseline,principal,exact
incident-0067,baseline,action,exact
incident-0067,baseline,scope,missing
incident-0067,baseline,time,exact
incident-0067,baseline,context,ambiguous
incident-0067,baseline,proof,missing
incident-0067,baseline,rationale,ambiguous
incident-0067,poia,principal,exact
incident-0067,poia,action,exact
incident-0067,poia,scope,exact
incident-0067,poia,time,exact
incident-0067,poia,context,exact
incident-0067,poia,proof,exact
incident-0067,poia,rationale,exact
incident-0068,baseline,principal,exact
incident-0068,baseline,action,exact
incident-0068,baseline,scope,missing
incident-0068,baseline,time,exact
incident-0068,baseline,context,ambiguous
incident-0068,baseline,proof,missing
incident-0068,baseline,rationale,ambiguous
incident-0068,poia,principal,exact
incident-0068,poia,action,exact
incident-0068,poia,scope,exact
incident-0068,poia,time,exact
incident-0068,poia,context,exact
incident-0068,poia,proof,exact
incident-0068,poia,rationale,exact
incident-0069,baseline,principal,exact
incident-0069,baseline,action,exact
incident-0069,baseline,scope,missing
incident-0069,baseline,time,exact
incident-0069,baseline,context,ambiguous
incident-0069,baseline,proof,missing
incident-0069,baseline,rationale,ambiguous
incident-0069,poia,principal,exact
incident-0069,poia,action,exact
incident-0069,poia,scope,exact
incident-0069,poia,time,exact
incident-0069,poia,context,exact
incident-0069,poia,proof,exact
incident-0069,poia,rationale,exact
incident-0070,baseline,principal,exact
incident-0070,baseline,action,exact
incident-0070,baseline,scope,missing
incident-0070,baseline,time,exact
incident-0070,baseline,context,ambiguous
incident-0070,baseline,proof,missing
incident-0070,baseline,rationale,ambiguous
incident-0070,poia,principal,exact
incident-0070,poia,action,exact
incident-0070,poia,scope,exact
incident-0070,poia,time,exact
incident-0070,poia,context,exact
incident-0070,poia,proof,exact
incident-0070,poia,rationale,exact
incident-0071,baseline,principal,exact
incident-0071,baseline,action,exact
incident-0071,baseline,scope,missing
incident-0071,baseline,time,exact
incident-0071,baseline,context,ambiguous
incident-0071,baseline,proof,missing
incident-0071,baseline,rationale,ambiguous
incident-0071,poia,principal,exact
incident-0071,poia,action,exact
incident-0071,poia,scope,exact
incident-0071,poia,time,exact
incident-0071,poia,context,exact
incident-0071,poia,proof,exact
incident-0071,poia,rationale,exact
incident-0072,baseline,principal,exact
incident-0072,baseline,action,exact
incident-0072,baseline,scope,missing
incident-0072,baseline,time,exact
incident-0072,baseline,context,ambiguous
incident-0072,baseline,proof,missing
incident-0072,baseline,rationale,ambiguous
incident-0072,poia,principal,exact
incident-0072,poia,action,exact
incident-0072,poia,scope,exact
incident-0072,poia,time,exact
incident-0072,poia,context,exact
incident-0072,poia,proof,exact
incident-0072,poia,rationale,exact
incident-0073,baseline,principal,exact
incident-0073,baseline,action,exact
incident-0073,baseline,scope,missing
incident-0073,baseline,time,exact
incident-0073,baseline,context,ambiguous
incident-0073,baseline,proof,missing
incident-0073,baseline,rationale,ambiguous
incident-0073,poia,principal,exact
incident-0073,poia,action,exact
incident-0073,poia,scope,exact
incident-0073,poia,time,exact
incident-0073,poia,context,exact
incident-0073,poia,proof,exact
incident-0073,poia,rationale,exact
incident-0074,baseline,principal,exact
incident-0074,baseline,action,exact
incident-0074,baseline,scope,missing
incident-0074,baseline,time,exact
incident-0074,baseline,context,ambiguous
incident-0074,baseline,proof,missing
incident-0074,baseline,rationale,ambiguous
incident-0074,poia,principal,exact
incident-0074,poia,action,exact
incident-0074,poia,scope,exact
incident-0074,poia,time,exact
incident-0074,poia,context,exact
incident-0074,poia,proof,exact
incident-0074,poia,rationale,exact
incident-0075,baseline,principal,exact
incident-0075,baseline,action,exact
incident-0075,baseline,scope,missing
incident-0075,baseline,time,exact
incident-0075,baseline,context,ambiguous
incident-0075,baseline,proof,missing
incident-0075,baseline,rationale,ambiguous
incident-0075,poia,principal,exact
incident-0075,poia,action,exact
incident-0075,poia,scope,exact
incident-0075,poia,time,exact
incident-0075,poia,context,exact
incident-0075,poia,proof,exact
incident-0075,poia,rationale,exact
incident-0076,baseline,principal,exact
incident-0076,baseline,action,exact
incident-0076,baseline,scope,missing
incident-0076,baseline,time,exact
incident-0076,baseline,context,ambiguous
incident-0076,baseline,proof,missing
incident-0076,baseline,rationale,ambiguous
incident-0076,poia,principal,exact
incident-0076,poia,action,exact
incident-0076,poia,scope,exact
incident-0076,poia,time,exact
incident-0076,poia,context,exact
incident-0076,poia,proof,exact
incident-0076,poia,rationale,exact
incident-0077,baseline,principal,exact
incident-0077,baseline,action,exact
incident-0077,baseline,scope,missing
incident-0077,baseline,time,exact
incident-0077,baseline,context,ambiguous
incident-0077,baseline,proof,missing
incident-0077,baseline,rationale,ambiguous
incident-0077,poia,principal,exact
incident-0077,poia,action,exact
incident-0077,poia,scope,exact
incident-0077,poia,time,exact
incident-0077,poia,context,exact
incident-0077,poia,proof,exact
incident-0077,poia,rationale,exact
incident-0078,baseline,principal,exact
incident-0078,baseline,action,exact
incident-0078,baseline,scope,missing
incident-0078,baseline,time,exact
incident-0078,baseline,context,ambiguous
incident-0078,baseline,proof,missing
incident-0078,baseline,rationale,ambiguous
incident-0078,poia,principal,exact
incident-0078,poia,action,exact
incident-0078,poia,scope,exact
incident-0078,poia,time,exact
incident-0078,poia,context,exact
incident-0078,poia,proof,exact
incident-0078,poia,rationale,exact
incident-0079,baseline,principal,exact
incident-0079,baseline,action,exact
incident-0079,baseline,scope,missing
incident-0079,baseline,time,exact
incident-0079,baseline,context,ambiguous
incident-0079,baseline,proof,missing
incident-0079,baseline,rationale,ambiguous
incident-0079,poia,principal,exact
incident-0079,poia,action,exact
incident-0079,poia,scope,exact
incident-0079,poia,time,exact
incident-0079,poia,context,exact
incident-0079,poia,proof,exact
incident-0079,poia,rationale,exact
incident-0080,baseline,principal,exact
incident-0080,baseline,action,exact
incident-0080,baseline,scope,missing
incident-0080,baseline,time,exact
incident-0080,baseline,context,ambiguous
incident-0080,baseline,proof,missing
incident-0080,baseline,rationale,ambiguous
incident-0080,poia,principal,exact
incident-0080,poia,action,exact
incident-0080,poia,scope,exact
incident-0080,poia,time,exact
incident-0080,poia,context,exact
incident-0080,poia,proof,exact
incident-0080,poia,rationale,exact
incident-0081,baseline,principal,exact
incident-0081,baseline,action,exact
incident-0081,baseline,scope,missing
incident-0081,baseline,time,exact
incident-0081,baseline,context,ambiguous
incident-0081,baseline,proof,missing
incident-0081,baseline,rationale,ambiguous
incident-0081,poia,principal,exact
incident-0081,poia,action,exact
incident-0081,poia,scope,exact
incident-0081,poia,time,exact
incident-0081,poia,context,exact
incident-0081,poia,proof,exact
incident-0081,poia,rationale,exact
incident-0082,baseline,principal,exact
incident-0082,baseline,action,exact
incident-0082,baseline,scope,missing
incident-0082,baseline,time,exact
incident-0082,baseline,context,ambiguous
incident-0082,baseline,proof,missing
incident-0082,baseline,rationale,ambiguous
incident-0082,poia,principal,exact
incident-0082,poia,action,exact
incident-0082,poia,scope,exact
incident-0082,poia,time,exact
incident-0082,poia,context,exact
incident-0082,poia,proof,exact
incident-0082,poia,rationale,exact
incident-0083,baseline,principal,exact
incident-0083,baseline,action,exact
incident-0083,baseline,scope,missing
incident-0083,baseline,time,exact
incident-0083,baseline,context,ambiguous
incident-0083,baseline,proof,missing
incident-0083,baseline,rationale,ambiguous
incident-0083,poia,principal,exact
incident-0083,poia,action,exact
incident-0083,poia,scope,exact
incident-0083,poia,time,exact
incident-0083,poia,context,exact
incident-0083,poia,proof,exact
incident-0083,poia,rationale,exact
incident-0084,baseline,principal,exact
incident-0084,baseline,action,exact
incident-0084,baseline,scope,missing
incident-0084,baseline,time,exact
incident-0084,baseline,context,ambiguous
incident-0084,baseline,proof,missing
incident-0084,baseline,rationale,ambiguous
incident-0084,poia,principal,exact
incident-0084,poia,action,exact
incident-0084,poia,scope,exact
incident-0084,poia,time,exact
incident-0084,poia,context,exact
incident-0084,poia,proof,exact
incident-0084,poia,rationale,exact
incident-0085,baseline,principal,exact
incident-0085,baseline,action,exact
incident-0085,baseline,scope,missing
incident-0085,baseline,time,exact
incident-0085,baseline,context,ambiguous
incident-0085,baseline,proof,missing
incident-0085,baseline,rationale,ambiguous
incident-0085,poia,principal,exact
incident-0085,poia,action,exact
incident-0085,poia,scope,exact
incident-0085,poia,time,exact
incident-0085,poia,context,exact
incident-0085,poia,proof,exact
incident-0085,poia,rationale,exact
incident-0086,baseline,principal,exact
incident-0086,baseline,action,exact
incident-0086,baseline,scope,missing
incident-0086,baseline,time,exact
incident-0086,baseline,context,ambiguous
incident-0086,baseline,proof,missing
incident-0086,baseline,rationale,ambiguous
incident-0086,poia,principal,exact
incident-0086,poia,action,exact
incident-0086,poia,scope,exact
incident-0086,poia,time,exact
incident-0086,poia,context,exact
incident-0086,poia,proof,exact
incident-0086,poia,rationale,exact
incident-0087,baseline,principal,exact
incident-0087,baseline,action,exact
incident-0087,baseline,scope,missing
incident-0087,baseline,time,exact
incident-0087,baseline,context,ambiguous
incident-0087,baseline,proof,missing
incident-0087,baseline,rationale,ambiguous
incident-0087,poia,principal,exact
incident-0087,poia,action,exact
incident-0087,poia,scope,exact
incident-0087,poia,time,exact
incident-0087,poia,context,exact
incident-0087,poia,proof,exact
incident-0087,poia,rationale,exact
incident-0088,baseline,principal,exact
incident-0088,baseline,action,exact
incident-0088,baseline,scope,missing
incident-0088,baseline,time,exact
incident-0088,baseline,context,ambiguous
incident-0088,baseline,proof,missing
incident-0088,baseline,rationale,ambiguous
incident-0088,poia,principal,exact
incident-0088,poia,action,exact
incident-0088,poia,scope,exact
incident-0088,poia,time,exact
incident-0088,poia,context,exact
incident-0088,poia,proof,exact
incident-0088,poia,rationale,exact
incident-0089,baseline,principal,exact
incident-0089,baseline,action,exact
incident-0089,baseline,scope,missing
incident-0089,baseline,time,exact
incident-0089,baseline,context,ambiguous
incident-0089,baseline,proof,missing
incident-0089,baseline,rationale,ambiguous
incident-0089,poia,principal,exact
incident-0089,poia,action,exact
incident-0089,poia,scope,exact
incident-0089,poia,time,exact
incident-0089,poia,context,exact
incident-0089,poia,proof,exact
incident-0089,poia,rationale,exact
incident-0090,baseline,principal,exact
incident-0090,baseline,action,exact
incident-0090,baseline,scope,missing
incident-0090,baseline,time,exact
incident-0090,baseline,context,ambiguous
incident-0090,baseline,proof,missing
incident-0090,baseline,rationale,ambiguous
incident-0090,poia,principal,exact
incident-0090,poia,action,exact
incident-0090,poia,scope,exact
incident-0090,poia,time,exact
incident-0090,poia,context,exact
incident-0090,poia,proof,exact
incident-0090,poia,rationale,exact
incident-0091,baseline,principal,exact
incident-0091,baseline,action,exact
incident-0091,baseline,scope,missing
incident-0091,baseline,time,exact
incident-0091,baseline,context,ambiguous
incident-0091,baseline,proof,missing
incident-0091,baseline,rationale,ambiguous
incident-0091,poia,principal,exact
incident-0091,poia,action,exact
incident-0091,poia,scope,exact
incident-0091,poia,time,exact
incident-0091,poia,context,exact
incident-0091,poia,proof,exact
incident-0091,poia,rationale,exact
incident-0092,baseline,principal,exact
incident-0092,baseline,action,exact
incident-0092,baseline,scope,missing
incident-0092,baseline,time,exact
incident-0092,baseline,context,ambiguous
incident-0092,baseline,proof,missing
incident-0092,baseline,rationale,ambiguous
incident-0092,poia,principal,exact
incident-0092,poia,action,exact
incident-0092,poia,scope,exact
incident-0092,poia,time,exact
incident-0092,poia,context,exact
incident-0092,poia,proof,exact
incident-0092,poia,rationale,exact
incident-0093,baseline,principal,exact
incident-0093,baseline,action,exact
incident-0093,baseline,scope,missing
incident-0093,baseline,time,exact
incident-0093,baseline,context,ambiguous
incident-0093,baseline,proof,missing
incident-0093,baseline,rationale,ambiguous
incident-0093,poia,principal,exact
incident-0093,poia,action,exact
incident-0093,poia,scope,exact
incident-0093,poia,time,exact
incident-0093,poia,context,exact
incident-0093,poia,proof,exact
incident-0093,poia,rationale,exact
incident-0094,baseline,principal,exact
incident-0094,baseline,action,exact
incident-0094,baseline,scope,missing
incident-0094,baseline,time,exact
incident-0094,baseline,context,ambiguous
incident-0094,baseline,proof,missing
incident-0094,baseline,rationale,ambiguous
incident-0094,poia,principal,exact
incident-0094,poia,action,exact
incident-0094,poia,scope,exact
incident-0094,poia,time,exact
incident-0094,poia,context,exact
incident-0094,poia,proof,exact
incident-0094,poia,rationale,exact
incident-0095,baseline,principal,exact
incident-0095,baseline,action,exact
incident-0095,baseline,scope,missing
incident-0095,baseline,time,exact
incident-0095,baseline,context,ambiguous
incident-0095,baseline,proof,missing
incident-0095,baseline,rationale,ambiguous
incident-0095,poia,principal,exact
incident-0095,poia,action,exact
incident-0095,poia,scope,exact
incident-0095,poia,time,exact
incident-0095,poia,context,exact
incident-0095,poia,proof,exact
incident-0095,poia,rationale,exact
incident-0096,baseline,principal,exact
incident-0096,baseline,action,exact
incident-0096,baseline,scope,missing
incident-0096,baseline,time,exact
incident-0096,baseline,context,ambiguous
incident-0096,baseline,proof,missing
incident-0096,baseline,rationale,ambiguous
incident-0096,poia,principal,exact
incident-0096,poia,action,exact
incident-0096,poia,scope,exact
incident-0096,poia,time,exact
incident-0096,poia,context,exact
incident-0096,poia,proof,exact
incident-0096,poia,rationale,exact
incident-0097,baseline,principal,exact
incident-0097,baseline,action,exact
incident-0097,baseline,scope,missing
incident-0097,baseline,time,exact
incident-0097,baseline,context,ambiguous
incident-0097,baseline,proof,missing
incident-0097,baseline,rationale,ambiguous
incident-0097,poia,principal,exact
incident-0097,poia,action,exact
incident-0097,poia,scope,exact
incident-0097,poia,time,exact
incident-0097,poia,context,exact
incident-0097,poia,proof,exact
incident-0097,poia,rationale,exact
incident-0098,baseline,principal,exact
incident-0098,baseline,action,exact
incident-0098,baseline,scope,missing
incident-0098,baseline,time,exact
incident-0098,baseline,context,ambiguous
incident-0098,baseline,proof,missing
incident-0098,baseline,rationale,ambiguous
incident-0098,poia,principal,exact
incident-0098,poia,action,exact
incident-0098,poia,scope,exact
incident-0098,poia,time,exact
incident-0098,poia,context,exact
incident-0098,poia,proof,exact
incident-0098,poia,rationale,exact
incident-0099,baseline,principal,exact
incident-0099,baseline,action,exact
incident-0099,baseline,scope,missing
incident-0099,baseline,time,exact
incident-0099,baseline,context,ambiguous
incident-0099,baseline,proof,missing
incident-0099,baseline,rationale,ambiguous
incident-0099,poia,principal,exact
incident-0099,poia,action,exact
incident-0099,poia,scope,exact
incident-0099,poia,time,exact
incident-0099,poia,context,exact
incident-0099,poia,proof,exact
incident-0099,poia,rationale,exact
incident-0100,baseline,principal,exact
incident-0100,baseline,action,exact
incident-0100,baseline,scope,missing
incident-0100,baseline,time,exact
incident-0100,baseline,context,ambiguous
incident-0100,baseline,proof,missing
incident-0100,baseline,rationale,ambiguous
incident-0100,poia,principal,exact
incident-0100,poia,action,exact
incident-0100,poia,scope,exact
incident-0100,poia,time,exact
incident-0100,poia,context,exact
incident-0100,poia,proof,exact
incident-0100,poia,rationale,exact
incident-0101,baseline,principal,exact
incident-0101,baseline,action,exact
incident-0101,baseline,scope,missing
incident-0101,baseline,time,exact
incident-0101,baseline,context,ambiguous
incident-0101,baseline,proof,missing
incident-0101,baseline,rationale,ambiguous
incident-0101,poia,principal,exact
incident-0101,poia,action,exact
incident-0101,poia,scope,exact
incident-0101,poia,time,exact
incident-0101,poia,context,exact
incident-0101,poia,proof,exact
incident-0101,poia,rationale,exact
incident-0102,baseline,principal,exact
incident-0102,baseline,action,exact
incident-0102,baseline,scope,missing
incident-0102,baseline,time,exact
incident-0102,baseline,context,ambiguous
incident-0102,baseline,proof,missing
incident-0102,baseline,rationale,ambiguous
incident-0102,poia,principal,exact
incident-0102,poia,action,exact
incident-0102,poia,scope,exact
incident-0102,poia,time,exact
incident-0102,poia,context,exact
incident-0102,poia,proof,exact
incident-0102,poia,rationale,exact
incident-0103,baseline,principal,exact
incident-0103,baseline,action,exact
incident-0103,baseline,scope,missing
incident-0103,baseline,time,exact
incident-0103,baseline,context,ambiguous
incident-0103,baseline,proof,missing
incident-0103,baseline,rationale,ambiguous
incident-0103,poia,principal,exact
incident-0103,poia,action,exact
incident-0103,poia,scope,exact
incident-0103,poia,time,exact
incident-0103,poia,context,exact
incident-0103,poia,proof,exact
incident-0103,poia,rationale,exact
incident-0104,baseline,principal,exact
incident-0104,baseline,action,exact
incident-0104,baseline,scope,missing
incident-0104,baseline,time,exact
incident-0104,baseline,context,ambiguous
incident-0104,baseline,proof,missing
incident-0104,baseline,rationale,ambiguous
incident-0104,poia,principal,exact
incident-0104,poia,action,exact
incident-0104,poia,scope,exact
incident-0104,poia,time,exact
incident-0104,poia,context,exact
incident-0104,poia,proof,exact
incident-0104,poia,rationale,exact
incident-0105,baseline,principal,exact
incident-0105,baseline,action,exact
incident-0105,baseline,scope,missing
incident-0105,baseline,time,exact
incident-0105,baseline,context,ambiguous
incident-0105,baseline,proof,missing
incident-0105,baseline,rationale,ambiguous
incident-0105,poia,principal,exact
incident-0105,poia,action,exact
incident-0105,poia,scope,exact
incident-0105,poia,time,exact
incident-0105,poia,context,exact
incident-0105,poia,proof,exact
incident-0105,poia,rationale,exact
incident-0106,baseline,principal,exact
incident-0106,baseline,action,exact
incident-0106,baseline,scope,missing
incident-0106,baseline,time,exact
incident-0106,baseline,context,ambiguous
incident-0106,baseline,proof,missing
incident-0106,baseline,rationale,ambiguous
incident-0106,poia,principal,exact
incident-0106,poia,action,exact
incident-0106,poia,scope,exact
incident-0106,poia,time,exact
incident-0106,poia,context,exact
incident-0106,poia,proof,exact
incident-0106,poia,rationale,exact
incident-0107,baseline,principal,exact
incident-0107,baseline,action,exact
incident-0107,baseline,scope,missing
incident-0107,baseline,time,exact
incident-0107,baseline,context,ambiguous
incident-0107,baseline,proof,missing
incident-0107,baseline,rationale,ambiguous
incident-0107,poia,principal,exact
incident-0107,poia,action,exact
incident-0107,poia,scope,exact
incident-0107,poia,time,exact
incident-0107,poia,context,exact
incident-0107,poia,proof,exact
incident-0107,poia,rationale,exact
incident-0108,baseline,principal,exact
incident-0108,baseline,action,exact
incident-0108,baseline,scope,missing
incident-0108,baseline,time,exact
incident-0108,baseline,context,ambiguous
incident-0108,baseline,proof,missing
incident-0108,baseline,rationale,ambiguous
incident-0108,poia,principal,exact
incident-0108,poia,action,exact
incident-0108,poia,scope,exact
incident-0108,poia,time,exact
incident-0108,poia,context,exact
incident-0108,poia,proof,exact
incident-0108,poia,rationale,exact
incident-0109,baseline,principal,exact
incident-0109,baseline,action,exact
incident-0109,baseline,scope,missing
incident-0109,baseline,time,exact
incident-0109,baseline,context,ambiguous
incident-0109,baseline,proof,missing
incident-0109,baseline,rationale,ambiguous
incident-0109,poia,principal,exact
incident-0109,poia,action,exact
incident-0109,poia,scope,exact
incident-0109,poia,time,exact
incident-0109,poia,context,exact
incident-0109,poia,proof,exact
incident-0109,poia,rationale,exact
incident-0110,baseline,principal,exact
incident-0110,baseline,action,exact
incident-0110,baseline,scope,missing
incident-0110,baseline,time,exact
incident-0110,baseline,context,ambiguous
incident-0110,baseline,proof,missing
incident-0110,baseline,rationale,ambiguous
incident-0110,poia,principal,exact
incident-0110,poia,action,exact
incident-0110,poia,scope,exact
incident-0110,poia,time,exact
incident-0110,poia,context,exact
incident-0110,poia,proof,exact
incident-0110,poia,rationale,exact
incident-0111,baseline,principal,exact
incident-0111,baseline,action,exact
incident-0111,baseline,scope,missing
incident-0111,baseline,time,exact
incident-0111,baseline,context,ambiguous
incident-0111,baseline,proof,missing
incident-0111,baseline,rationale,ambiguous
incident-0111,poia,principal,exact
incident-0111,poia,action,exact
incident-0111,poia,scope,exact
incident-0111,poia,time,exact
incident-0111,poia,context,exact
incident-0111,poia,proof,exact
incident-0111,poia,rationale,exact
incident-0112,baseline,principal,exact
incident-0112,baseline,action,exact
incident-0112,baseline,scope,missing
incident-0112,baseline,time,exact
incident-0112,baseline,context,ambiguous
incident-0112,baseline,proof,missing
incident-0112,baseline,rationale,ambiguous
incident-0112,poia,principal,exact
incident-0112,poia,action,exact
incident-0112,poia,scope,exact
incident-0112,poia,time,exact
incident-0112,poia,context,exact
incident-0112,poia,proof,exact
incident-0112,poia,rationale,exact
incident-0113,baseline,principal,exact
incident-0113,baseline,action,exact
incident-0113,baseline,scope,missing
incident-0113,baseline,time,exact
incident-0113,baseline,context,ambiguous
incident-0113,baseline,proof,missing
incident-0113,baseline,rationale,ambiguous
incident-0113,poia,principal,exact
incident-0113,poia,action,exact
incident-0113,poia,scope,exact
incident-0113,poia,time,exact
incident-0113,poia,context,exact
incident-0113,poia,proof,exact
incident-0113,poia,rationale,exact
incident-0114,baseline,principal,exact
incident-0114,baseline,action,exact
incident-0114,baseline,scope,missing
incident-0114,baseline,time,exact
incident-0114,baseline,context,ambiguous
incident-0114,baseline,proof,missing
incident-0114,baseline,rationale,ambiguous
incident-0114,poia,principal,exact
incident-0114,poia,action,exact
incident-0114,poia,scope,exact
incident-0114,poia,time,exact
incident-0114,poia,context,exact
incident-0114,poia,proof,exact
incident-0114,poia,rationale,exact
incident-0115,baseline,principal,exact
incident-0115,baseline,action,exact
incident-0115,baseline,scope,missing
incident-0115,baseline,time,exact
incident-0115,baseline,context,ambiguous
incident-0115,baseline,proof,missing
incident-0115,baseline,rationale,ambiguous
incident-0115,poia,principal,exact
incident-0115,poia,action,exact
incident-0115,poia,scope,exact
incident-0115,poia,time,exact
incident-0115,poia,context,exact
incident-0115,poia,proof,exact
incident-0115,poia,rationale,exact
incident-0116,baseline,principal,exact
incident-0116,baseline,action,exact
incident-0116,baseline,scope,missing
incident-0116,baseline,time,exact
incident-0116,baseline,context,ambiguous
incident-0116,baseline,proof,missing
incident-0116,baseline,rationale,ambiguous
incident-0116,poia,principal,exact
incident-0116,poia,action,exact
incident-0116,poia,scope,exact
incident-0116,poia,time,exact
incident-0116,poia,context,exact
incident-0116,poia,proof,exact
incident-0116,poia,rationale,exact
incident-0117,baseline,principal,exact
incident-0117,baseline,action,exact
incident-0117,baseline,scope,missing
incident-0117,baseline,time,exact
incident-0117,baseline,context,ambiguous
incident-0117,baseline,proof,missing
incident-0117,baseline,rationale,ambiguous
incident-0117,poia,principal,exact
incident-0117,poia,action,exact
incident-0117,poia,scope,exact
incident-0117,poia,time,exact
incident-0117,poia,context,exact
incident-0117,poia,proof,exact
incident-0117,poia,rationale,exact
incident-0118,baseline,principal,exact
incident-0118,baseline,action,exact
incident-0118,baseline,scope,missing
incident-0118,baseline,time,exact
incident-0118,baseline,context,ambiguous
incident-0118,baseline,proof,missing
incident-0118,baseline,rationale,ambiguous
incident-0118,poia,principal,exact
incident-0118,poia,action,exact
incident-0118,poia,scope,exact
incident-0118,poia,time,exact
incident-0118,poia,context,exact
incident-0118,poia,proof,exact
incident-0118,poia,rationale,exact
incident-0119,baseline,principal,exact
incident-0119,baseline,action,exact
incident-0119,baseline,scope,missing
incident-0119,baseline,time,exact
incident-0119,baseline,context,ambiguous
incident-0119,baseline,proof,missing
incident-0119,baseline,rationale,ambiguous
incident-0119,poia,principal,exact
incident-0119,poia,action,exact
incident-0119,poia,scope,exact
incident-0119,poia,time,exact
incident-0119,poia,context,exact
incident-0119,poia,proof,exact
incident-0119,poia,rationale,exact
incident-0120,baseline,principal,exact
incident-0120,baseline,action,exact
incident-0120,baseline,scope,missing
incident-0120,baseline,time,exact
incident-0120,baseline,context,ambiguous
incident-0120,baseline,proof,missing
incident-0120,baseline,rationale,ambiguous
incident-0120,poia,principal,exact
incident-0120,poia,action,exact
incident-0120,poia,scope,exact
incident-0120,poia,time,exact
incident-0120,poia,context,exact
incident-0120,poia,proof,exact
incident-0120,poia,rationale,exact
incident-0121,baseline,principal,exact
incident-0121,baseline,action,exact
incident-0121,baseline,scope,missing
incident-0121,baseline,time,exact
incident-0121,baseline,context,ambiguous
incident-0121,baseline,proof,missing
incident-0121,baseline,rationale,ambiguous
incident-0121,poia,principal,exact
incident-0121,poia,action,exact
incident-0121,poia,scope,exact
incident-0121,poia,time,exact
incident-0121,poia,context,exact
incident-0121,poia,proof,exact
incident-0121,poia,rationale,exact
incident-0122,baseline,principal,exact
incident-0122,baseline,action,exact
incident-0122,baseline,scope,missing
incident-0122,baseline,time,exact
incident-0122,baseline,context,ambiguous
incident-0122,baseline,proof,missing
incident-0122,baseline,rationale,ambiguous
incident-0122,poia,principal,exact
incident-0122,poia,action,exact
incident-0122,poia,scope,exact
incident-0122,poia,time,exact
incident-0122,poia,context,exact
incident-0122,poia,proof,exact
incident-0122,poia,rationale,exact
incident-0123,baseline,principal,exact
incident-0123,baseline,action,exact
incident-0123,baseline,scope,missing
incident-0123,baseline,time,exact
incident-0123,baseline,context,ambiguous
incident-0123,baseline,proof,missing
incident-0123,baseline,rationale,ambiguous
incident-0123,poia,principal,exact
incident-0123,poia,action,exact
incident-0123,poia,scope,exact
incident-0123,poia,time,exact
incident-0123,poia,context,exact
incident-0123,poia,proof,exact
incident-0123,poia,rationale,exact
incident-0124,baseline,principal,exact
incident-0124,baseline,action,exact
incident-0124,baseline,scope,missing
incident-0124,baseline,time,exact
incident-0124,baseline,context,ambiguous
incident-0124,baseline,proof,missing
incident-0124,baseline,rationale,ambiguous
incident-0124,poia,principal,exact
incident-0124,poia,action,exact
incident-0124,poia,scope,exact
incident-0124,poia,time,exact
incident-0124,poia,context,exact
incident-0124,poia,proof,exact
incident-0124,poia,rationale,exact
incident-0125,baseline,principal,exact
incident-0125,baseline,action,exact
incident-0125,baseline,scope,missing
incident-0125,baseline,time,exact
incident-0125,baseline,context,ambiguous
incident-0125,baseline,proof,missing
incident-0125,baseline,rationale,ambiguous
incident-0125,poia,principal,exact
incident-0125,poia,action,exact
incident-0125,poia,scope,exact
incident-0125,poia,time,exact
incident-0125,poia,context,exact
incident-0125,poia,proof,exact
incident-0125,poia,rationale,exact
incident-0126,baseline,principal,exact
incident-0126,baseline,action,exact
incident-0126,baseline,scope,missing
incident-0126,baseline,time,exact
incident-0126,baseline,context,ambiguous
incident-0126,baseline,proof,missing
incident-0126,baseline,rationale,ambiguous
incident-0126,poia,principal,exact
incident-0126,poia,action,exact
incident-0126,poia,scope,exact
incident-0126,poia,time,exact
incident-0126,poia,context,exact
incident-0126,poia,proof,exact
incident-0126,poia,rationale,exact
incident-0127,baseline,principal,exact
incident-0127,baseline,action,exact
incident-0127,baseline,scope,missing
incident-0127,baseline,time,exact
incident-0127,baseline,context,ambiguous
incident-0127,baseline,proof,missing
incident-0127,baseline,rationale,ambiguous
incident-0127,poia,principal,exact
incident-0127,poia,action,exact
incident-0127,poia,scope,exact
incident-0127,poia,time,exact
incident-0127,poia,context,exact
incident-0127,poia,proof,exact
incident-0127,poia,rationale,exact
incident-0128,baseline,principal,exact
incident-0128,baseline,action,exact
incident-0128,baseline,scope,missing
incident-0128,baseline,time,exact
incident-0128,baseline,context,ambiguous
incident-0128,baseline,proof,missing
incident-0128,baseline,rationale,ambiguous
incident-0128,poia,principal,exact
incident-0128,poia,action,exact
incident-0128,poia,scope,exact
incident-0128,poia,time,exact
incident-0128,poia,context,exact
incident-0128,poia,proof,exact
incident-0128,poia,rationale,exact
incident-0129,baseline,principal,exact
incident-0129,baseline,action,exact
incident-0129,baseline,scope,missing
incident-0129,baseline,time,exact
incident-0129,baseline,context,ambiguous
incident-0129,baseline,proof,missing
incident-0129,baseline,rationale,ambiguous
incident-0129,poia,principal,exact
incident-0129,poia,action,exact
incident-0129,poia,scope,exact
incident-0129,poia,time,exact
incident-0129,poia,context,exact
incident-0129,poia,proof,exact
incident-0129,poia,rationale,exact
incident-0130,baseline,principal,exact
incident-0130,baseline,action,exact
incident-0130,baseline,scope,missing
incident-0130,baseline,time,exact
incident-0130,baseline,context,ambiguous
incident-0130,baseline,proof,missing
incident-0130,baseline,rationale,ambiguous
incident-0130,poia,principal,exact
incident-0130,poia,action,exact
incident-0130,poia,scope,exact
incident-0130,poia,time,exact
incident-0130,poia,context,exact
incident-0130,poia,proof,exact
incident-0130,poia,rationale,exact
incident-0131,baseline,principal,exact
incident-0131,baseline,action,exact
incident-0131,baseline,scope,missing
incident-0131,baseline,time,exact
incident-0131,baseline,context,ambiguous
incident-0131,baseline,proof,missing
incident-0131,baseline,rationale,ambiguous
incident-0131,poia,principal,exact
incident-0131,poia,action,exact
incident-0131,poia,scope,exact
incident-0131,poia,time,exact
incident-0131,poia,context,exact
incident-0131,poia,proof,exact
incident-0131,poia,rationale,exact
incident-0132,baseline,principal,exact
incident-0132,baseline,action,exact
incident-0132,baseline,scope,missing
incident-0132,baseline,time,exact
incident-0132,baseline,context,ambiguous
incident-0132,baseline,proof,missing
incident-0132,baseline,rationale,ambiguous
incident-0132,poia,principal,exact
incident-0132,poia,action,exact
incident-0132,poia,scope,exact
incident-0132,poia,time,exact
incident-0132,poia,context,exact
incident-0132,poia,proof,exact
incident-0132,poia,rationale,exact
incident-0133,baseline,principal,exact
incident-0133,baseline,action,exact
incident-0133,baseline,scope,missing
incident-0133,baseline,time,exact
incident-0133,baseline,context,ambiguous
incident-0133,baseline,proof,missing
incident-0133,baseline,rationale,ambiguous
incident-0133,poia,principal,exact
incident-0133,poia,action,exact
incident-0133,poia,scope,exact
incident-0133,poia,time,exact
incident-0133,poia,context,exact
incident-0133,poia,proof,exact
incident-0133,poia,rationale,exact
incident-0134,baseline,principal,exact
incident-0134,baseline,action,exact
incident-0134,baseline,scope,missing
incident-0134,baseline,time,exact
incident-0134,baseline,context,ambiguous
incident-0134,baseline,proof,missing
incident-0134,baseline,rationale,ambiguous
incident-0134,poia,principal,exact
incident-0134,poia,action,exact
incident-0134,poia,scope,exact
incident-0134,poia,time,exact
incident-0134,poia,context,exact
incident-0134,poia,proof,exact
incident-0134,poia,rationale,exact
incident-0135,baseline,principal,exact
incident-0135,baseline,action,exact
incident-0135,baseline,scope,missing
incident-0135,baseline,time,exact
incident-0135,baseline,context,ambiguous
incident-0135,baseline,proof,missing
incident-0135,baseline,rationale,ambiguous
incident-0135,poia,principal,exact
incident-0135,poia,action,exact
incident-0135,poia,scope,exact
incident-0135,poia,time,exact
incident-0135,poia,context,exact
incident-0135,poia,proof,exact
incident-0135,poia,rationale,exact
incident-0136,baseline,principal,exact
incident-0136,baseline,action,exact
incident-0136,baseline,scope,missing
incident-0136,baseline,time,exact
incident-0136,baseline,context,ambiguous
incident-0136,baseline,proof,missing
incident-0136,baseline,rationale,ambiguous
incident-0136,poia,principal,exact
incident-0136,poia,action,exact
incident-0136,poia,scope,exact
incident-0136,poia,time,exact
incident-0136,poia,context,exact
incident-0136,poia,proof,exact
incident-0136,poia,rationale,exact
incident-0137,baseline,principal,exact
incident-0137,baseline,action,exact
incident-0137,baseline,scope,missing
incident-0137,baseline,time,exact
incident-0137,baseline,context,ambiguous
incident-0137,baseline,proof,missing
incident-0137,baseline,rationale,ambiguous
incident-0137,poia,principal,exact
incident-0137,poia,action,exact
incident-0137,poia,scope,exact
incident-0137,poia,time,exact
incident-0137,poia,context,exact
incident-0137,poia,proof,exact
incident-0137,poia,rationale,exact
incident-0138,baseline,principal,exact
incident-0138,baseline,action,exact
incident-0138,baseline,scope,missing
incident-0138,baseline,time,exact
incident-0138,baseline,context,ambiguous
incident-0138,baseline,proof,missing
incident-0138,baseline,rationale,ambiguous
incident-0138,poia,principal,exact
incident-0138,poia,action,exact
incident-0138,poia,scope,exact
incident-0138,poia,time,exact
incident-0138,poia,context,exact
incident-0138,poia,proof,exact
incident-0138,poia,rationale,exact
incident-0139,baseline,principal,exact
incident-0139,baseline,action,exact
incident-0139,baseline,scope,missing
incident-0139,baseline,time,exact
incident-0139,baseline,context,ambiguous
incident-0139,baseline,proof,missing
incident-0139,baseline,rationale,ambiguous
incident-0139,poia,principal,exact
incident-0139,poia,action,exact
incident-0139,poia,scope,exact
incident-0139,poia,time,exact
incident-0139,poia,context,exact
incident-0139,poia,proof,exact
incident-0139,poia,rationale,exact
incident-0140,baseline,principal,exact
incident-0140,baseline,action,exact
incident-0140,baseline,scope,missing
incident-0140,baseline,time,exact
incident-0140,baseline,context,ambiguous
incident-0140,baseline,proof,missing
incident-0140,baseline,rationale,ambiguous
incident-0140,poia,principal,exact
incident-0140,poia,action,exact
incident-0140,poia,scope,exact
incident-0140,poia,time,exact
incident-0140,poia,context,exact
incident-0140,poia,proof,exact
incident-0140,poia,rationale,exact
incident-0141,baseline,principal,exact
incident-0141,baseline,action,exact
incident-0141,baseline,scope,missing
incident-0141,baseline,time,exact
incident-0141,baseline,context,ambiguous
incident-0141,baseline,proof,missing
incident-0141,baseline,rationale,ambiguous
incident-0141,poia,principal,exact
incident-0141,poia,action,exact
incident-0141,poia,scope,exact
incident-0141,poia,time,exact
incident-0141,poia,context,exact
incident-0141,poia,proof,exact
incident-0141,poia,rationale,exact
incident-0142,baseline,principal,exact
incident-0142,baseline,action,exact
incident-0142,baseline,scope,missing
incident-0142,baseline,time,exact
incident-0142,baseline,context,ambiguous
incident-0142,baseline,proof,missing
incident-0142,baseline,rationale,ambiguous
incident-0142,poia,principal,exact
incident-0142,poia,action,exact
incident-0142,poia,scope,exact
incident-0142,poia,time,exact
incident-0142,poia,context,exact
incident-0142,poia,proof,exact
incident-0142,poia,rationale,exact
incident-0143,baseline,principal,exact
incident-0143,baseline,action,exact
incident-0143,baseline,scope,missing
incident-0143,baseline,time,exact
incident-0143,baseline,context,ambiguous
incident-0143,baseline,proof,missing
incident-0143,baseline,rationale,ambiguous
incident-0143,poia,principal,exact
incident-0143,poia,action,exact
incident-0143,poia,scope,exact
incident-0143,poia,time,exact
incident-0143,poia,context,exact
incident-0143,poia,proof,exact
incident-0143,poia,rationale,exact
incident-0144,baseline,principal,exact
incident-0144,baseline,action,exact
incident-0144,baseline,scope,missing
incident-0144,baseline,time,exact
incident-0144,baseline,context,ambiguous
incident-0144,baseline,proof,missing
incident-0144,baseline,rationale,ambiguous
incident-0144,poia,principal,exact
incident-0144,poia,action,exact
incident-0144,poia,scope,exact
incident-0144,poia,time,exact
incident-0144,poia,context,exact
incident-0144,poia,proof,exact
incident-0144,poia,rationale,exact
incident-0145,baseline,principal,exact
incident-0145,baseline,action,exact
incident-0145,baseline,scope,missing
incident-0145,baseline,time,exact
incident-0145,baseline,context,ambiguous
incident-0145,baseline,proof,missing
incident-0145,baseline,rationale,ambiguous
incident-0145,poia,principal,exact
incident-0145,poia,action,exact
incident-0145,poia,scope,exact
incident-0145,poia,time,exact
incident-0145,poia,context,exact
incident-0145,poia,proof,exact
incident-0145,poia,rationale,exact
incident-0146,baseline,principal,exact
incident-0146,baseline,action,exact
incident-0146,baseline,scope,missing
incident-0146,baseline,time,exact
incident-0146,baseline,context,ambiguous
incident-0146,baseline,proof,missing
incident-0146,baseline,rationale,ambiguous
incident-0146,poia,principal,exact
incident-0146,poia,action,exact
incident-0146,poia,scope,exact
incident-0146,poia,time,exact
incident-0146,poia,context,exact
incident-0146,poia,proof,exact
incident-0146,poia,rationale,exact
incident-0147,baseline,principal,exact
incident-0147,baseline,action,exact
incident-0147,baseline,scope,missing
incident-0147,baseline,time,exact
incident-0147,baseline,context,ambiguous
incident-0147,baseline,proof,missing
incident-0147,baseline,rationale,ambiguous
incident-0147,poia,principal,exact
incident-0147,poia,action,exact
incident-0147,poia,scope,exact
incident-0147,poia,time,exact
incident-0147,poia,context,exact
incident-0147,poia,proof,exact
incident-0147,poia,rationale,exact
incident-0148,baseline,principal,exact
incident-0148,baseline,action,exact
incident-0148,baseline,scope,missing
incident-0148,baseline,time,exact
incident-0148,baseline,context,ambiguous
incident-0148,baseline,proof,missing
incident-0148,baseline,rationale,ambiguous
incident-0148,poia,principal,exact
incident-0148,poia,action,exact
incident-0148,poia,scope,exact
incident-0148,poia,time,exact
incident-0148,poia,context,exact
incident-0148,poia,proof,exact
incident-0148,poia,rationale,exact
incident-0149,baseline,principal,exact
incident-0149,baseline,action,exact
incident-0149,baseline,scope,missing
incident-0149,baseline,time,exact
incident-0149,baseline,context,ambiguous
incident-0149,baseline,proof,missing
incident-0149,baseline,rationale,ambiguous
incident-0149,poia,principal,exact
incident-0149,poia,action,exact
incident-0149,poia,scope,exact
incident-0149,poia,time,exact
incident-0149,poia,context,exact
incident-0149,poia,proof,exact
incident-0149,poia,rationale,exact
incident-0150,baseline,principal,exact
incident-0150,baseline,action,exact
incident-0150,baseline,scope,missing
incident-0150,baseline,time,exact
incident-0150,baseline,context,ambiguous
incident-0150,baseline,proof,missing
incident-0150,baseline,rationale,ambiguous
incident-0150,poia,principal,exact
incident-0150,poia,action,exact
incident-0150,poia,scope,exact
incident-0150,poia,time,exact
incident-0150,poia,context,exact
incident-0150,poia,proof,exact
incident-0150,poia,rationale,exact
incident-0151,baseline,principal,exact
incident-0151,baseline,action,exact
incident-0151,baseline,scope,missing
incident-0151,baseline,time,exact
incident-0151,baseline,context,ambiguous
incident-0151,baseline,proof,missing
incident-0151,baseline,rationale,ambiguous
incident-0151,poia,principal,exact
incident-0151,poia,action,exact
incident-0151,poia,scope,exact
incident-0151,poia,time,exact
incident-0151,poia,context,exact
incident-0151,poia,proof,exact
incident-0151,poia,rationale,exact
incident-0152,baseline,principal,exact
incident-0152,baseline,action,exact
incident-0152,baseline,scope,missing
incident-0152,baseline,time,exact
incident-0152,baseline,context,ambiguous
incident-0152,baseline,proof,missing
incident-0152,baseline,rationale,ambiguous
incident-0152,poia,principal,exact
incident-0152,poia,action,exact
incident-0152,poia,scope,exact
incident-0152,poia,time,exact
incident-0152,poia,context,exact
incident-0152,poia,proof,exact
incident-0152,poia,rationale,exact
incident-0153,baseline,principal,exact
incident-0153,baseline,action,exact
incident-0153,baseline,scope,missing
incident-0153,baseline,time,exact
incident-0153,baseline,context,ambiguous
incident-0153,baseline,proof,missing
incident-0153,baseline,rationale,ambiguous
incident-0153,poia,principal,exact
incident-0153,poia,action,exact
incident-0153,poia,scope,exact
incident-0153,poia,time,exact
incident-0153,poia,context,exact
incident-0153,poia,proof,exact
incident-0153,poia,rationale,exact
incident-0154,baseline,principal,exact
incident-0154,baseline,action,exact
incident-0154,baseline,scope,missing
incident-0154,baseline,time,exact
incident-0154,baseline,context,ambiguous
incident-0154,baseline,proof,missing
incident-0154,baseline,rationale,ambiguous
incident-0154,poia,principal,exact
incident-0154,poia,action,exact
incident-0154,poia,scope,exact
incident-0154,poia,time,exact
incident-0154,poia,context,exact
incident-0154,poia,proof,exact
incident-0154,poia,rationale,exact
incident-0155,baseline,principal,exact
incident-0155,baseline,action,exact
incident-0155,baseline,scope,missing
incident-0155,baseline,time,exact
incident-0155,baseline,context,ambiguous
incident-0155,baseline,proof,missing
incident-0155,baseline,rationale,ambiguous
incident-0155,poia,principal,exact
incident-0155,poia,action,exact
incident-0155,poia,scope,exact
incident-0155,poia,time,exact
incident-0155,poia,context,exact
incident-0155,poia,proof,exact
incident-0155,poia,rationale,exact
incident-0156,baseline,principal,exact
incident-0156,baseline,action,exact
incident-0156,baseline,scope,missing
incident-0156,baseline,time,exact
incident-0156,baseline,context,ambiguous
incident-0156,baseline,proof,missing
incident-0156,baseline,rationale,ambiguous
incident-0156,poia,principal,exact
incident-0156,poia,action,exact
incident-0156,poia,scope,exact
incident-0156,poia,time,exact
incident-0156,poia,context,exact
incident-0156,poia,proof,exact
incident-0156,poia,rationale,exact
incident-0157,baseline,principal,exact
incident-0157,baseline,action,exact
incident-0157,baseline,scope,missing
incident-0157,baseline,time,exact
incident-0157,baseline,context,ambiguous
incident-0157,baseline,proof,missing
incident-0157,baseline,rationale,ambiguous
incident-0157,poia,principal,exact
incident-0157,poia,action,exact
incident-0157,poia,scope,exact
incident-0157,poia,time,exact
incident-0157,poia,context,exact
incident-0157,poia,proof,exact
incident-0157,poia,rationale,exact
incident-0158,baseline,principal,exact
incident-0158,baseline,action,exact
incident-0158,baseline,scope,missing
incident-0158,baseline,time,exact
incident-0158,baseline,context,ambiguous
incident-0158,baseline,proof,missing
incident-0158,baseline,rationale,ambiguous
incident-0158,poia,principal,exact
incident-0158,poia,action,exact
incident-0158,poia,scope,exact
incident-0158,poia,time,exact
incident-0158,poia,context,exact
incident-0158,poia,proof,exact
incident-0158,poia,rationale,exact
incident-0159,baseline,principal,exact
incident-0159,baseline,action,exact
incident-0159,baseline,scope,missing
incident-0159,baseline,time,exact
incident-0159,baseline,context,ambiguous
incident-0159,baseline,proof,missing
incident-0159,baseline,rationale,ambiguous
incident-0159,poia,principal,exact
incident-0159,poia,action,exact
incident-0159,poia,scope,exact
incident-0159,poia,time,exact
incident-0159,poia,context,exact
incident-0159,poia,proof,exact
incident-0159,poia,rationale,exact
incident-0160,baseline,principal,exact
incident-0160,baseline,action,exact
incident-0160,baseline,scope,missing
incident-0160,baseline,time,exact
incident-0160,baseline,context,ambiguous
incident-0160,baseline,proof,missing
incident-0160,baseline,rationale,ambiguous
incident-0160,poia,principal,exact
incident-0160,poia,action,exact
incident-0160,poia,scope,exact
incident-0160,poia,time,exact
incident-0160,poia,context,exact
incident-0160,poia,proof,exact
incident-0160,poia,rationale,exact
incident-0161,baseline,principal,exact
incident-0161,baseline,action,exact
incident-0161,baseline,scope,missing
incident-0161,baseline,time,exact
incident-0161,baseline,context,ambiguous
incident-0161,baseline,proof,missing
incident-0161,baseline,rationale,ambiguous
incident-0161,poia,principal,exact
incident-0161,poia,action,exact
incident-0161,poia,scope,exact
incident-0161,poia,time,exact
incident-0161,poia,context,exact
incident-0161,poia,proof,exact
incident-0161,poia,rationale,exact
incident-0162,baseline,principal,exact
incident-0162,baseline,action,exact
incident-0162,baseline,scope,missing
incident-0162,baseline,time,exact
incident-0162,baseline,context,ambiguous
incident-0162,baseline,proof,missing
incident-0162,baseline,rationale,ambiguous
incident-0162,poia,principal,exact
incident-0162,poia,action,exact
incident-0162,poia,scope,exact
incident-0162,poia,time,exact
incident-0162,poia,context,exact
incident-0162,poia,proof,exact
incident-0162,poia,rationale,exact
incident-0163,baseline,principal,exact
incident-0163,baseline,action,exact
incident-0163,baseline,scope,missing
incident-0163,baseline,time,exact
incident-0163,baseline,context,ambiguous
incident-0163,baseline,proof,missing
incident-0163,baseline,rationale,ambiguous
incident-0163,poia,principal,exact
incident-0163,poia,action,exact
incident-0163,poia,scope,exact
incident-0163,poia,time,exact
incident-0163,poia,context,exact
incident-0163,poia,proof,exact
incident-0163,poia,rationale,exact
incident-0164,baseline,principal,exact
incident-0164,baseline,action,exact
incident-0164,baseline,scope,missing
incident-0164,baseline,time,exact
incident-0164,baseline,context,ambiguous
incident-0164,baseline,proof,missing
incident-0164,baseline,rationale,ambiguous
incident-0164,poia,principal,exact
incident-0164,poia,action,exact
incident-0164,poia,scope,exact
incident-0164,poia,time,exact
incident-0164,poia,context,exact
incident-0164,poia,proof,exact
incident-0164,poia,rationale,exact
incident-0165,baseline,principal,exact
incident-0165,baseline,action,exact
incident-0165,baseline,scope,missing
incident-0165,baseline,time,exact
incident-0165,baseline,context,ambiguous
incident-0165,baseline,proof,missing
incident-0165,baseline,rationale,ambiguous
incident-0165,poia,principal,exact
incident-0165,poia,action,exact
incident-0165,poia,scope,exact
incident-0165,poia,time,exact
incident-0165,poia,context,exact
incident-0165,poia,proof,exact
incident-0165,poia,rationale,exact
incident-0166,baseline,principal,exact
incident-0166,baseline,action,exact
incident-0166,baseline,scope,missing
incident-0166,baseline,time,exact
incident-0166,baseline,context,ambiguous
incident-0166,baseline,proof,missing
incident-0166,baseline,rationale,ambiguous
incident-0166,poia,principal,exact
incident-0166,poia,action,exact
incident-0166,poia,scope,exact
incident-0166,poia,time,exact
incident-0166,poia,context,exact
incident-0166,poia,proof,exact
incident-0166,poia,rationale,exact
incident-0167,baseline,principal,exact
incident-0167,baseline,action,exact
incident-0167,baseline,scope,missing
incident-0167,baseline,time,exact
incident-0167,baseline,context,ambiguous
incident-0167,baseline,proof,missing
incident-0167,baseline,rationale,ambiguous
incident-0167,poia,principal,exact
incident-0167,poia,action,exact
incident-0167,poia,scope,exact
incident-0167,poia,time,exact
incident-0167,poia,context,exact
incident-0167,poia,proof,exact
incident-0167,poia,rationale,exact
incident-0168,baseline,principal,exact
incident-0168,baseline,action,exact
incident-0168,baseline,scope,missing
incident-0168,baseline,time,exact
incident-0168,baseline,context,ambiguous
incident-0168,baseline,proof,missing
incident-0168,baseline,rationale,ambiguous
incident-0168,poia,principal,exact
incident-0168,poia,action,exact
incident-0168,poia,scope,exact
incident-0168,poia,time,exact
incident-0168,poia,context,exact
incident-0168,poia,proof,exact
incident-0168,poia,rationale,exact
incident-0169,baseline,principal,exact
incident-0169,baseline,action,exact
incident-0169,baseline,scope,missing
incident-0169,baseline,time,exact
incident-0169,baseline,context,ambiguous
incident-0169,baseline,proof,missing
incident-0169,baseline,rationale,ambiguous
incident-0169,poia,principal,exact
incident-0169,poia,action,exact
incident-0169,poia,scope,exact
incident-0169,poia,time,exact
incident-0169,poia,context,exact
incident-0169,poia,proof,exact
incident-0169,poia,rationale,exact
incident-0170,baseline,principal,exact
incident-0170,baseline,action,exact
incident-0170,baseline,scope,missing
incident-0170,baseline,time,exact
incident-0170,baseline,context,ambiguous
incident-0170,baseline,proof,missing
incident-0170,baseline,rationale,ambiguous
incident-0170,poia,principal,exact
incident-0170,poia,action,exact
incident-0170,poia,scope,exact
incident-0170,poia,time,exact
incident-0170,poia,context,exact
incident-0170,poia,proof,exact
incident-0170,poia,rationale,exact
incident-0171,baseline,principal,exact
incident-0171,baseline,action,exact
incident-0171,baseline,scope,missing
incident-0171,baseline,time,exact
incident-0171,baseline,context,ambiguous
incident-0171,baseline,proof,missing
incident-0171,baseline,rationale,ambiguous
incident-0171,poia,principal,exact
incident-0171,poia,action,exact
incident-0171,poia,scope,exact
incident-0171,poia,time,exact
incident-0171,poia,context,exact
incident-0171,poia,proof,exact
incident-0171,poia,rationale,exact
incident-0172,baseline,principal,exact
incident-0172,baseline,action,exact
incident-0172,baseline,scope,missing
incident-0172,baseline,time,exact
incident-0172,baseline,context,ambiguous
incident-0172,baseline,proof,missing
incident-0172,baseline,rationale,ambiguous
incident-0172,poia,principal,exact
incident-0172,poia,action,exact
incident-0172,poia,scope,exact
incident-0172,poia,time,exact
incident-0172,poia,context,exact
incident-0172,poia,proof,exact
incident-0172,poia,rationale,exact
incident-0173,baseline,principal,exact
incident-0173,baseline,action,exact
incident-0173,baseline,scope,missing
incident-0173,baseline,time,exact
incident-0173,baseline,context,ambiguous
incident-0173,baseline,proof,missing
incident-0173,baseline,rationale,ambiguous
incident-0173,poia,principal,exact
incident-0173,poia,action,exact
incident-0173,poia,scope,exact
incident-0173,poia,time,exact
incident-0173,poia,context,exact
incident-0173,poia,proof,exact
incident-0173,poia,rationale,exact
incident-0174,baseline,principal,exact
incident-0174,baseline,action,exact
incident-0174,baseline,scope,missing
incident-0174,baseline,time,exact
incident-0174,baseline,context,ambiguous
incident-0174,baseline,proof,missing
incident-0174,baseline,rationale,ambiguous
incident-0174,poia,principal,exact
incident-0174,poia,action,exact
incident-0174,poia,scope,exact
incident-0174,poia,time,exact
incident-0174,poia,context,exact
incident-0174,poia,proof,exact
incident-0174,poia,rationale,exact
incident-0175,baseline,principal,exact
incident-0175,baseline,action,exact
incident-0175,baseline,scope,missing
incident-0175,baseline,time,exact
incident-0175,baseline,context,ambiguous
incident-0175,baseline,proof,missing
incident-0175,baseline,rationale,ambiguous
incident-0175,poia,principal,exact
incident-0175,poia,action,exact
incident-0175,poia,scope,exact
incident-0175,poia,time,exact
incident-0175,poia,context,exact
incident-0175,poia,proof,exact
incident-0175,poia,rationale,exact
incident-0176,baseline,principal,exact
incident-0176,baseline,action,exact
incident-0176,baseline,scope,missing
incident-0176,baseline,time,exact
incident-0176,baseline,context,ambiguous
incident-0176,baseline,proof,missing
incident-0176,baseline,rationale,ambiguous
incident-0176,poia,principal,exact
incident-0176,poia,action,exact
incident-0176,poia,scope,exact
incident-0176,poia,time,exact
incident-0176,poia,context,exact
incident-0176,poia,proof,exact
incident-0176,poia,rationale,exact
incident-0177,baseline,principal,exact
incident-0177,baseline,action,exact
incident-0177,baseline,scope,missing
incident-0177,baseline,time,exact
incident-0177,baseline,context,ambiguous
incident-0177,baseline,proof,missing
incident-0177,baseline,rationale,ambiguous
incident-0177,poia,principal,exact
incident-0177,poia,action,exact
incident-0177,poia,scope,exact
incident-0177,poia,time,exact
incident-0177,poia,context,exact
incident-0177,poia,proof,exact
incident-0177,poia,rationale,exact
incident-0178,baseline,principal,exact
incident-0178,baseline,action,exact
incident-0178,baseline,scope,missing
incident-0178,baseline,time,exact
incident-0178,baseline,context,ambiguous
incident-0178,baseline,proof,missing
incident-0178,baseline,rationale,ambiguous
incident-0178,poia,principal,exact
incident-0178,poia,action,exact
incident-0178,poia,scope,exact
incident-0178,poia,time,exact
incident-0178,poia,context,exact
incident-0178,poia,proof,exact
incident-0178,poia,rationale,exact
incident-0179,baseline,principal,exact
incident-0179,baseline,action,exact
incident-0179,baseline,scope,missing
incident-0179,baseline,time,exact
incident-0179,baseline,context,ambiguous
incident-0179,baseline,proof,missing
incident-0179,baseline,rationale,ambiguous
incident-0179,poia,principal,exact
incident-0179,poia,action,exact
incident-0179,poia,scope,exact
incident-0179,poia,time,exact
incident-0179,poia,context,exact
incident-0179,poia,proof,exact
incident-0179,poia,rationale,exact
incident-0180,baseline,principal,exact
incident-0180,baseline,action,exact
incident-0180,baseline,scope,missing
incident-0180,baseline,time,exact
incident-0180,baseline,context,ambiguous
incident-0180,baseline,proof,missing
incident-0180,baseline,rationale,ambiguous
incident-0180,poia,principal,exact
incident-0180,poia,action,exact
incident-0180,poia,scope,exact
incident-0180,poia,time,exact
incident-0180,poia,context,exact
incident-0180,poia,proof,exact
incident-0180,poia,rationale,exact
incident-0181,baseline,principal,exact
incident-0181,baseline,action,exact
incident-0181,baseline,scope,missing
incident-0181,baseline,time,exact
incident-0181,baseline,context,ambiguous
incident-0181,baseline,proof,missing
incident-0181,baseline,rationale,ambiguous
incident-0181,poia,principal,exact
incident-0181,poia,action,exact
incident-0181,poia,scope,exact
incident-0181,poia,time,exact
incident-0181,poia,context,exact
incident-0181,poia,proof,exact
incident-0181,poia,rationale,exact
incident-0182,baseline,principal,exact
incident-0182,baseline,action,exact
incident-0182,baseline,scope,missing
incident-0182,baseline,time,exact
incident-0182,baseline,context,ambiguous
incident-0182,baseline,proof,missing
incident-0182,baseline,rationale,ambiguous
incident-0182,poia,principal,exact
incident-0182,poia,action,exact
incident-0182,poia,scope,exact
incident-0182,poia,time,exact
incident-0182,poia,context,exact
incident-0182,poia,proof,exact
incident-0182,poia,rationale,exact
incident-0183,baseline,principal,exact
incident-0183,baseline,action,exact
incident-0183,baseline,scope,missing
incident-0183,baseline,time,exact
incident-0183,baseline,context,ambiguous
incident-0183,baseline,proof,missing
incident-0183,baseline,rationale,ambiguous
incident-0183,poia,principal,exact
incident-0183,poia,action,exact
incident-0183,poia,scope,exact
incident-0183,poia,time,exact
incident-0183,poia,context,exact
incident-0183,poia,proof,exact
incident-0183,poia,rationale,exact
incident-0184,baseline,principal,exact
incident-0184,baseline,action,exact
incident-0184,baseline,scope,missing
incident-0184,baseline,time,exact
incident-0184,baseline,context,ambiguous
incident-0184,baseline,proof,missing
incident-0184,baseline,rationale,ambiguous
incident-0184,poia,principal,exact
incident-0184,poia,action,exact
incident-0184,poia,scope,exact
incident-0184,poia,time,exact
incident-0184,poia,context,exact
incident-0184,poia,proof,exact
incident-0184,poia,rationale,exact
incident-0185,baseline,principal,exact
incident-0185,baseline,action,exact
incident-0185,baseline,scope,missing
incident-0185,baseline,time,exact
incident-0185,baseline,context,ambiguous
incident-0185,baseline,proof,missing
incident-0185,baseline,rationale,ambiguous
incident-0185,poia,principal,exact
incident-0185,poia,action,exact
incident-0185,poia,scope,exact
incident-0185,poia,time,exact
incident-0185,poia,context,exact
incident-0185,poia,proof,exact
incident-0185,poia,rationale,exact
incident-0186,baseline,principal,exact
incident-0186,baseline,action,exact
incident-0186,baseline,scope,missing
incident-0186,baseline,time,exact
incident-0186,baseline,context,ambiguous
incident-0186,baseline,proof,missing
incident-0186,baseline,rationale,ambiguous
incident-0186,poia,principal,exact
incident-0186,poia,action,exact
incident-0186,poia,scope,exact
incident-0186,poia,time,exact
incident-0186,poia,context,exact
incident-0186,poia,proof,exact
incident-0186,poia,rationale,exact
incident-0187,baseline,principal,exact
incident-0187,baseline,action,exact
incident-0187,baseline,scope,missing
incident-0187,baseline,time,exact
incident-0187,baseline,context,ambiguous
incident-0187,baseline,proof,missing
incident-0187,baseline,rationale,ambiguous
incident-0187,poia,principal,exact
incident-0187,poia,action,exact
incident-0187,poia,scope,exact
incident-0187,poia,time,exact
incident-0187,poia,context,exact
incident-0187,poia,proof,exact
incident-0187,poia,rationale,exact
incident-0188,baseline,principal,exact
incident-0188,baseline,action,exact
incident-0188,baseline,scope,missing
incident-0188,baseline,time,exact
incident-0188,baseline,context,ambiguous
incident-0188,baseline,proof,missing
incident-0188,baseline,rationale,ambiguous
incident-0188,poia,principal,exact
incident-0188,poia,action,exact
incident-0188,poia,scope,exact
incident-0188,poia,time,exact
incident-0188,poia,context,exact
incident-0188,poia,proof,exact
incident-0188,poia,rationale,exact
incident-0189,baseline,principal,exact
incident-0189,baseline,action,exact
incident-0189,baseline,scope,missing
incident-0189,baseline,time,exact
incident-0189,baseline,context,ambiguous
incident-0189,baseline,proof,missing
incident-0189,baseline,rationale,ambiguous
incident-0189,poia,principal,exact
incident-0189,poia,action,exact
incident-0189,poia,scope,exact
incident-0189,poia,time,exact
incident-0189,poia,context,exact
incident-0189,poia,proof,exact
incident-0189,poia,rationale,exact
incident-0190,baseline,principal,exact
incident-0190,baseline,action,exact
incident-0190,baseline,scope,missing
incident-0190,baseline,time,exact
incident-0190,baseline,context,ambiguous
incident-0190,baseline,proof,missing
incident-0190,baseline,rationale,ambiguous
incident-0190,poia,principal,exact
incident-0190,poia,action,exact
incident-0190,poia,scope,exact
incident-0190,poia,time,exact
incident-0190,poia,context,exact
incident-0190,poia,proof,exact
incident-0190,poia,rationale,exact
incident-0191,baseline,principal,exact
incident-0191,baseline,action,exact
incident-0191,baseline,scope,missing
incident-0191,baseline,time,exact
incident-0191,baseline,context,ambiguous
incident-0191,baseline,proof,missing
incident-0191,baseline,rationale,ambiguous
incident-0191,poia,principal,exact
incident-0191,poia,action,exact
incident-0191,poia,scope,exact
incident-0191,poia,time,exact
incident-0191,poia,context,exact
incident-0191,poia,proof,exact
incident-0191,poia,rationale,exact
incident-0192,baseline,principal,exact
incident-0192,baseline,action,exact
incident-0192,baseline,scope,missing
incident-0192,baseline,time,exact
incident-0192,baseline,context,ambiguous
incident-0192,baseline,proof,missing
incident-0192,baseline,rationale,ambiguous
incident-0192,poia,principal,exact
incident-0192,poia,action,exact
incident-0192,poia,scope,exact
incident-0192,poia,time,exact
incident-0192,poia,context,exact
incident-0192,poia,proof,exact
incident-0192,poia,rationale,exact
incident-0193,baseline,principal,exact
incident-0193,baseline,action,exact
incident-0193,baseline,scope,missing
incident-0193,baseline,time,exact
incident-0193,baseline,context,ambiguous
incident-0193,baseline,proof,missing
incident-0193,baseline,rationale,ambiguous
incident-0193,poia,principal,exact
incident-0193,poia,action,exact
incident-0193,poia,scope,exact
incident-0193,poia,time,exact
incident-0193,poia,context,exact
incident-0193,poia,proof,exact
incident-0193,poia,rationale,exact
incident-0194,baseline,principal,exact
incident-0194,baseline,action,exact
incident-0194,baseline,scope,missing
incident-0194,baseline,time,exact
incident-0194,baseline,context,ambiguous
incident-0194,baseline,proof,missing
incident-0194,baseline,rationale,ambiguous
incident-0194,poia,principal,exact
incident-0194,poia,action,exact
incident-0194,poia,scope,exact
incident-0194,poia,time,exact
incident-0194,poia,context,exact
incident-0194,poia,proof,exact
incident-0194,poia,rationale,exact
incident-0195,baseline,principal,exact
incident-0195,baseline,action,exact
incident-0195,baseline,scope,missing
incident-0195,baseline,time,exact
incident-0195,baseline,context,ambiguous
incident-0195,baseline,proof,missing
incident-0195,baseline,rationale,ambiguous
incident-0195,poia,principal,exact
incident-0195,poia,action,exact
incident-0195,poia,scope,exact
incident-0195,poia,time,exact
incident-0195,poia,context,exact
incident-0195,poia,proof,exact
incident-0195,poia,rationale,exact
incident-0196,baseline,principal,exact
incident-0196,baseline,action,exact
incident-0196,baseline,scope,missing
incident-0196,baseline,time,exact
incident-0196,baseline,context,ambiguous
incident-0196,baseline,proof,missing
incident-0196,baseline,rationale,ambiguous
incident-0196,poia,principal,exact
incident-0196,poia,action,exact
incident-0196,poia,scope,exact
incident-0196,poia,time,exact
incident-0196,poia,context,exact
incident-0196,poia,proof,exact
incident-0196,poia,rationale,exact
incident-0197,baseline,principal,exact
incident-0197,baseline,action,exact
incident-0197,baseline,scope,missing
incident-0197,baseline,time,exact
incident-0197,baseline,context,ambiguous
incident-0197,baseline,proof,missing
incident-0197,baseline,rationale,ambiguous
incident-0197,poia,principal,exact
incident-0197,poia,action,exact
incident-0197,poia,scope,exact
incident-0197,poia,time,exact
incident-0197,poia,context,exact
incident-0197,poia,proof,exact
incident-0197,poia,rationale,exact
incident-0198,baseline,principal,exact
incident-0198,baseline,action,exact
incident-0198,baseline,scope,missing
incident-0198,baseline,time,exact
incident-0198,baseline,context,ambiguous
incident-0198,baseline,proof,missing
incident-0198,baseline,rationale,ambiguous
incident-0198,poia,principal,exact
incident-0198,poia,action,exact
incident-0198,poia,scope,exact
incident-0198,poia,time,exact
incident-0198,poia,context,exact
incident-0198,poia,proof,exact
incident-0198,poia,rationale,exact
incident-0199,baseline,principal,exact
incident-0199,baseline,action,exact
incident-0199,baseline,scope,missing
incident-0199,baseline,time,exact
incident-0199,baseline,context,ambiguous
incident-0199,baseline,proof,missing
incident-0199,baseline,rationale,ambiguous
incident-0199,poia,principal,exact
incident-0199,poia,action,exact
incident-0199,poia,scope,exact
incident-0199,poia,time,exact
incident-0199,poia,context,exact
incident-0199,poia,proof,exact
incident-0199,poia,rationale,exact
