mode,configuration,users,sample,intent_construction_ms,canonicalization_ms,signature_generation_ms,verification_ms,server_side_latency_ms,end_to_end_latency_ms
baseline,Baseline session authorization,10,1,0.000333,0.004042,0.0,0.005833,0.011042,0.011042
baseline,Baseline session authorization,10,2,0.001042,0.00775,0.0,0.008916,0.019084,0.019084
baseline,Baseline session authorization,10,3,0.000292,0.004,0.0,0.005875,0.011,0.011
baseline,Baseline session authorization,10,4,0.000958,0.007417,0.0,0.008833,0.0185,0.0185
baseline,Baseline session authorization,10,5,0.000334,0.004,0.0,0.00575,0.010916,0.010916
baseline,Baseline session authorization,10,6,0.000959,0.007708,0.0,0.008875,0.018875,0.018875
baseline,Baseline session authorization,10,7,0.000292,0.004167,0.0,0.005792,0.011083,0.011083
baseline,Baseline session authorization,10,8,0.000292,0.004042,0.0,0.005833,0.011,0.011
baseline,Baseline session authorization,10,9,0.000917,0.007625,0.0,0.00875,0.018667,0.018667
baseline,Baseline session authorization,10,10,0.000292,0.004208,0.0,0.005792,0.011125,0.011125
baseline,Baseline session authorization,10,11,0.001083,0.008,0.0,0.009625,0.020083,0.020083
baseline,Baseline session authorization,10,12,0.000375,0.004042,0.0,0.005833,0.011042,0.011042
baseline,Baseline session authorization,10,13,0.001,0.007875,0.0,0.009042,0.019417,0.019417
baseline,Baseline session authorization,10,14,0.000375,0.004125,0.0,0.006,0.011333,0.011333
baseline,Baseline session authorization,10,15,0.000333,0.004209,0.0,0.005875,0.01125,0.01125
baseline,Baseline session authorization,10,16,0.001,0.007875,0.0,0.009083,0.019375,0.019375
baseline,Baseline session authorization,10,17,0.000292,0.004083,0.0,0.005916,0.011084,0.011084
baseline,Baseline session authorization,10,18,0.000333,0.004209,0.0,0.005916,0.01125,0.01125
baseline,Baseline session authorization,10,19,0.000959,0.0075,0.0,0.008875,0.018708,0.018708
baseline,Baseline session authorization,10,20,0.000334,0.004125,0.0,0.005875,0.011167,0.011167
baseline,Baseline session authorization,10,21,0.000292,0.005833,0.0,0.005916,0.013,0.013
baseline,Baseline session authorization,10,22,0.001042,0.010958,0.0,0.009042,0.022459,0.022459
baseline,Baseline session authorization,10,23,0.000334,0.004208,0.0,0.005834,0.011208,0.011208
baseline,Baseline session authorization,10,24,0.000917,0.007375,0.0,0.008709,0.018292,0.018292
baseline,Baseline session authorization,10,25,0.000333,0.004333,0.0,0.005875,0.011375,0.011375
baseline,Baseline session authorization,10,26,0.001,0.0075,0.0,0.008875,0.01875,0.01875
baseline,Baseline session authorization,10,27,0.000333,0.004084,0.0,0.005791,0.011,0.011
baseline,Baseline session authorization,10,28,0.000292,0.004208,0.0,0.005792,0.011125,0.011125
baseline,Baseline session authorization,10,29,0.000958,0.007542,0.0,0.008791,0.018708,0.018708
baseline,Baseline session authorization,10,30,0.000375,0.004375,0.0,0.005917,0.0115,0.0115
baseline,Baseline session authorization,10,31,0.000959,0.0105,0.0,0.008958,0.021833,0.021833
baseline,Baseline session authorization,10,32,0.000333,0.013,0.0,0.006459,0.020667,0.020667
baseline,Baseline session authorization,10,33,0.000958,0.007625,0.0,0.008916,0.018958,0.018958
baseline,Baseline session authorization,10,34,0.000333,0.004084,0.0,0.005833,0.011042,0.011042
baseline,Baseline session authorization,10,35,0.000375,0.004125,0.0,0.005916,0.011209,0.011209
baseline,Baseline session authorization,10,36,0.001,0.007667,0.0,0.009,0.019042,0.019042
baseline,Baseline session authorization,10,37,0.000375,0.004041,0.0,0.005875,0.011084,0.011084
baseline,Baseline session authorization,10,38,0.001,0.007584,0.0,0.009084,0.019084,0.019084
baseline,Baseline session authorization,10,39,0.000333,0.004208,0.0,0.005875,0.011209,0.011209
baseline,Baseline session authorization,10,40,0.000917,0.011583,0.0,0.009083,0.023083,0.023083
baseline,Baseline session authorization,10,41,0.000333,0.004083,0.0,0.005833,0.011084,0.011084
baseline,Baseline session authorization,10,42,0.000334,0.004167,0.0,0.005833,0.011084,0.011084
baseline,Baseline session authorization,10,43,0.000959,0.010709,0.0,0.008834,0.021833,0.021833
baseline,Baseline session authorization,10,44,0.000292,0.004083,0.0,0.005708,0.010959,0.010959
baseline,Baseline session authorization,10,45,0.000333,0.005208,0.0,0.006042,0.012417,0.012417
baseline,Baseline session authorization,10,46,0.000875,0.007625,0.0,0.008958,0.018917,0.018917
baseline,Baseline session authorization,10,47,0.000333,0.004083,0.0,0.005792,0.010959,0.010959
baseline,Baseline session authorization,10,48,0.000292,0.00425,0.0,0.005792,0.011166,0.011166
baseline,Baseline session authorization,10,49,0.000917,0.007958,0.0,0.009,0.019292,0.019292
baseline,Baseline session authorization,10,50,0.000291,0.004083,0.0,0.00575,0.010958,0.010958
baseline,Baseline session authorization,10,51,0.001,0.008083,0.0,0.009208,0.019792,0.019792
baseline,Baseline session authorization,10,52,0.000333,0.004,0.0,0.005791,0.010833,0.010833
baseline,Baseline session authorization,10,53,0.001,0.007583,0.0,0.008958,0.019,0.019
baseline,Baseline session authorization,10,54,0.000375,0.004125,0.0,0.00575,0.011042,0.011042
baseline,Baseline session authorization,10,55,0.000333,0.004209,0.0,0.005833,0.011208,0.011208
baseline,Baseline session authorization,10,56,0.000958,0.007791,0.0,0.008958,0.019167,0.019167
baseline,Baseline session authorization,10,57,0.000334,0.004125,0.0,0.00575,0.011041,0.011041
baseline,Baseline session authorization,10,58,0.001042,0.007459,0.0,0.008875,0.018708,0.018708
baseline,Baseline session authorization,10,59,0.000292,0.004,0.0,0.00575,0.010875,0.010875
baseline,Baseline session authorization,10,60,0.001,0.007708,0.0,0.008958,0.019084,0.019084
baseline,Baseline session authorization,10,61,0.000333,0.004041,0.0,0.005791,0.010959,0.010959
baseline,Baseline session authorization,10,62,0.000334,0.004042,0.0,0.005833,0.011041,0.011041
baseline,Baseline session authorization,10,63,0.001083,0.008125,0.0,0.009708,0.020375,0.020375
baseline,Baseline session authorization,10,64,0.000333,0.004042,0.0,0.005833,0.010958,0.010958
baseline,Baseline session authorization,10,65,0.000958,0.007375,0.0,0.009,0.018708,0.018708
baseline,Baseline session authorization,10,66,0.000292,0.004167,0.0,0.005875,0.011125,0.011125
baseline,Baseline session authorization,10,67,0.001083,0.008,0.0,0.009083,0.019667,0.019667
baseline,Baseline session authorization,10,68,0.000292,0.00525,0.0,0.006041,0.012459,0.012459
baseline,Baseline session authorization,10,69,0.000334,0.004042,0.0,0.005833,0.011041,0.011041
baseline,Baseline session authorization,10,70,0.001,0.0075,0.0,0.008792,0.018625,0.018625
baseline,Baseline session authorization,10,71,0.000333,0.004167,0.0,0.005834,0.011125,0.011125
baseline,Baseline session authorization,10,72,0.000334,0.005292,0.0,0.006041,0.012459,0.012459
baseline,Baseline session authorization,10,73,0.001042,0.007958,0.0,0.009042,0.0195,0.0195
baseline,Baseline session authorization,10,74,0.000375,0.004125,0.0,0.005792,0.011083,0.011083
baseline,Baseline session authorization,10,75,0.000334,0.004,0.0,0.005875,0.011,0.011
baseline,Baseline session authorization,10,76,0.001,0.007542,0.0,0.008875,0.018958,0.018958
baseline,Baseline session authorization,10,77,0.000333,0.004,0.0,0.005875,0.011,0.011
baseline,Baseline session authorization,10,78,0.001,0.007583,0.0,0.008875,0.018875,0.018875
baseline,Baseline session authorization,10,79,0.000333,0.004125,0.0,0.005792,0.011083,0.011083
baseline,Baseline session authorization,10,80,0.001042,0.0105,0.0,0.008958,0.021917,0.021917
baseline,Baseline session authorization,10,81,0.000334,0.00425,0.0,0.005792,0.01125,0.01125
baseline,Baseline session authorization,10,82,0.000333,0.004125,0.0,0.005875,0.011084,0.011084
baseline,Baseline session authorization,10,83,0.001041,0.007375,0.0,0.008833,0.018625,0.018625
baseline,Baseline session authorization,10,84,0.000333,0.004167,0.0,0.005834,0.011083,0.011083
baseline,Baseline session authorization,10,85,0.001,0.0075,0.0,0.008917,0.018708,0.018708
baseline,Baseline session authorization,10,86,0.000333,0.004125,0.0,0.005875,0.011125,0.011125
baseline,Baseline session authorization,10,87,0.001125,0.007792,0.0,0.008917,0.019208,0.019208
baseline,Baseline session authorization,10,88,0.000333,0.00425,0.0,0.005834,0.011292,0.011292
baseline,Baseline session authorization,10,89,0.000333,0.005459,0.0,0.005916,0.012583,0.012583
baseline,Baseline session authorization,10,90,0.001,0.007625,0.0,0.009041,0.019042,0.019042
baseline,Baseline session authorization,10,91,0.000334,0.004125,0.0,0.00575,0.011,0.011
baseline,Baseline session authorization,10,92,0.001,0.0075,0.0,0.009042,0.018875,0.018875
baseline,Baseline session authorization,10,93,0.000333,0.004209,0.0,0.005917,0.011208,0.011208
baseline,Baseline session authorization,10,94,0.001084,0.008042,0.0,0.009,0.019625,0.019625
baseline,Baseline session authorization,10,95,0.000291,0.004291,0.0,0.005875,0.011292,0.011292
baseline,Baseline session authorization,10,96,0.000334,0.004084,0.0,0.005833,0.010959,0.010959
baseline,Baseline session authorization,10,97,0.001,0.007417,0.0,0.008792,0.018667,0.018667
baseline,Baseline session authorization,10,98,0.000333,0.004,0.0,0.005792,0.010958,0.010958
baseline,Baseline session authorization,10,99,0.000334,0.003958,0.0,0.005875,0.010959,0.010959
baseline,Baseline session authorization,10,100,0.001,0.007625,0.0,0.009,0.019125,0.019125
baseline,Baseline session authorization,10,101,0.000334,0.004208,0.0,0.005791,0.011084,0.011084
baseline,Baseline session authorization,10,102,0.000291,0.004166,0.0,0.005875,0.011125,0.011125
baseline,Baseline session authorization,10,103,0.000958,0.007583,0.0,0.008834,0.018792,0.018792
baseline,Baseline session authorization,10,104,0.000333,0.00425,0.0,0.005875,0.011208,0.011208
baseline,Baseline session authorization,10,105,0.000333,0.004125,0.0,0.005833,0.011083,0.011083
baseline,Baseline session authorization,10,106,0.001042,0.007625,0.0,0.009,0.019166,0.019166
baseline,Baseline session authorization,10,107,0.000333,0.004209,0.0,0.005834,0.011208,0.011208
baseline,Baseline session authorization,10,108,0.000334,0.004083,0.0,0.005834,0.011041,0.011041
baseline,Baseline session authorization,10,109,0.000916,0.007417,0.0,0.008791,0.018542,0.018542
baseline,Baseline session authorization,10,110,0.000333,0.005375,0.0,0.006083,0.012584,0.012584
baseline,Baseline session authorization,10,111,0.001041,0.007458,0.0,0.008875,0.018792,0.018792
baseline,Baseline session authorization,10,112,0.000375,0.004292,0.0,0.006,0.011375,0.011375
baseline,Baseline session authorization,10,113,0.000958,0.010709,0.0,0.008834,0.021959,0.021959
baseline,Baseline session authorization,10,114,0.000333,0.004042,0.0,0.005875,0.011,0.011
baseline,Baseline session authorization,10,115,0.000417,0.004125,0.0,0.005875,0.011209,0.011209
baseline,Baseline session authorization,10,116,0.000958,0.007333,0.0,0.008917,0.018584,0.018584
baseline,Baseline session authorization,10,117,0.000333,0.004042,0.0,0.005833,0.011,0.011
baseline,Baseline session authorization,10,118,0.000958,0.0075,0.0,0.009,0.018875,0.018875
baseline,Baseline session authorization,10,119,0.000333,0.004041,0.0,0.00575,0.010917,0.010917
baseline,Baseline session authorization,10,120,0.001084,0.009,0.0,0.00925,0.020917,0.020917
baseline,Baseline session authorization,10,121,0.000375,0.004,0.0,0.005959,0.011167,0.011167
baseline,Baseline session authorization,10,122,0.000375,0.003958,0.0,0.005833,0.011,0.011
baseline,Baseline session authorization,10,123,0.001083,0.008792,0.0,0.00925,0.020667,0.020667
baseline,Baseline session authorization,10,124,0.000334,0.004084,0.0,0.00575,0.010958,0.010958
baseline,Baseline session authorization,10,125,0.000334,0.004042,0.0,0.005833,0.011,0.011
baseline,Baseline session authorization,10,126,0.001,0.007833,0.0,0.009208,0.0195,0.0195
baseline,Baseline session authorization,10,127,0.000333,0.00425,0.0,0.006042,0.011375,0.011375
baseline,Baseline session authorization,10,128,0.000292,0.004042,0.0,0.009458,0.014708,0.014708
baseline,Baseline session authorization,10,129,0.000958,0.007709,0.0,0.008916,0.018959,0.018959
baseline,Baseline session authorization,10,130,0.000375,0.004042,0.0,0.006167,0.011292,0.011292
baseline,Baseline session authorization,10,131,0.000334,0.004083,0.0,0.006167,0.011375,0.011375
baseline,Baseline session authorization,10,132,0.000958,0.007791,0.0,0.009,0.019125,0.019125
baseline,Baseline session authorization,10,133,0.000334,0.005833,0.0,0.006417,0.013417,0.013417
baseline,Baseline session authorization,10,134,0.001042,0.010917,0.0,0.020625,0.034042,0.034042
baseline,Baseline session authorization,10,135,0.0005,0.004708,0.0,0.006792,0.012916,0.012916
baseline,Baseline session authorization,10,136,0.001,0.007792,0.0,0.008875,0.019125,0.019125
baseline,Baseline session authorization,10,137,0.000333,0.004083,0.0,0.006333,0.0115,0.0115
baseline,Baseline session authorization,10,138,0.000291,0.004125,0.0,0.006083,0.011292,0.011292
baseline,Baseline session authorization,10,139,0.000958,0.007625,0.0,0.008958,0.019,0.019
baseline,Baseline session authorization,10,140,0.000292,0.004167,0.0,0.006083,0.011416,0.011416
baseline,Baseline session authorization,10,141,0.000875,0.007292,0.0,0.008833,0.018334,0.018334
baseline,Baseline session authorization,10,142,0.000292,0.005084,0.0,0.00625,0.012417,0.012417
baseline,Baseline session authorization,10,143,0.000916,0.007459,0.0,0.009,0.018792,0.018792
baseline,Baseline session authorization,10,144,0.001,0.007542,0.0,0.008875,0.018708,0.018708
baseline,Baseline session authorization,10,145,0.000333,0.004041,0.0,0.006166,0.011334,0.011334
baseline,Baseline session authorization,10,146,0.000334,0.004083,0.0,0.006125,0.011375,0.011375
baseline,Baseline session authorization,10,147,0.001,0.007542,0.0,0.009041,0.018958,0.018958
baseline,Baseline session authorization,10,148,0.000334,0.004,0.0,0.006041,0.01125,0.01125
baseline,Baseline session authorization,10,149,0.000333,0.004,0.0,0.006083,0.011167,0.011167
baseline,Baseline session authorization,10,150,0.001041,0.0075,0.0,0.008958,0.018917,0.018917
baseline,Baseline session authorization,10,151,0.000333,0.003959,0.0,0.006,0.011125,0.011125
baseline,Baseline session authorization,10,152,0.000333,0.004,0.0,0.006125,0.011292,0.011292
baseline,Baseline session authorization,10,153,0.001042,0.007583,0.0,0.008917,0.018917,0.018917
baseline,Baseline session authorization,10,154,0.000333,0.005292,0.0,0.006291,0.012792,0.012792
baseline,Baseline session authorization,10,155,0.001,0.007458,0.0,0.008792,0.018708,0.018708
baseline,Baseline session authorization,10,156,0.000333,0.004084,0.0,0.006083,0.011333,0.011333
baseline,Baseline session authorization,10,157,0.001,0.007375,0.0,0.008958,0.018791,0.018791
baseline,Baseline session authorization,10,158,0.000333,0.004041,0.0,0.006084,0.011292,0.011292
baseline,Baseline session authorization,10,159,0.000334,0.004042,0.0,0.006209,0.011458,0.011458
baseline,Baseline session authorization,10,160,0.001,0.0075,0.0,0.009,0.018875,0.018875
baseline,Baseline session authorization,10,161,0.000958,0.007416,0.0,0.008917,0.018792,0.018792
baseline,Baseline session authorization,10,162,0.000333,0.004042,0.0,0.006083,0.011333,0.011333
baseline,Baseline session authorization,10,163,0.000334,0.004083,0.0,0.006084,0.011333,0.011333
baseline,Baseline session authorization,10,164,0.000959,0.007583,0.0,0.009083,0.019042,0.019042
baseline,Baseline session authorization,10,165,0.000334,0.004083,0.0,0.006125,0.011375,0.011375
baseline,Baseline session authorization,10,166,0.001042,0.007583,0.0,0.009,0.018958,0.018958
baseline,Baseline session authorization,10,167,0.000333,0.004083,0.0,0.00625,0.011542,0.011542
baseline,Baseline session authorization,10,168,0.001042,0.008125,0.0,0.009292,0.02,0.02
baseline,Baseline session authorization,10,169,0.000292,0.004,0.0,0.006208,0.011375,0.011375
baseline,Baseline session authorization,10,170,0.000375,0.00425,0.0,0.006208,0.011625,0.011625
baseline,Baseline session authorization,10,171,0.001,0.007625,0.0,0.008917,0.019042,0.019042
baseline,Baseline session authorization,10,172,0.000334,0.005208,0.0,0.006334,0.01275,0.01275
baseline,Baseline session authorization,10,173,0.000334,0.004,0.0,0.006208,0.011417,0.011417
baseline,Baseline session authorization,10,174,0.001,0.007375,0.0,0.008875,0.018625,0.018625
baseline,Baseline session authorization,10,175,0.001042,0.007542,0.0,0.008916,0.018959,0.018959
baseline,Baseline session authorization,10,176,0.001042,0.007292,0.0,0.008959,0.01875,0.01875
baseline,Baseline session authorization,10,177,0.000917,0.007334,0.0,0.008834,0.018417,0.018417
baseline,Baseline session authorization,10,178,0.001208,0.01475,0.0,0.019875,0.037667,0.037667
baseline,Baseline session authorization,10,179,0.000333,0.004,0.0,0.006125,0.011291,0.011291
baseline,Baseline session authorization,10,180,0.001083,0.007292,0.0,0.008708,0.018416,0.018416
baseline,Baseline session authorization,10,181,0.001,0.007458,0.0,0.008917,0.018834,0.018834
baseline,Baseline session authorization,10,182,0.000333,0.004,0.0,0.006166,0.011334,0.011334
baseline,Baseline session authorization,10,183,0.0005,0.005291,0.0,0.006334,0.013042,0.013042
baseline,Baseline session authorization,10,184,0.001,0.008042,0.0,0.009084,0.019542,0.019542
baseline,Baseline session authorization,10,185,0.000291,0.004125,0.0,0.006167,0.011417,0.011417
baseline,Baseline session authorization,10,186,0.001,0.011166,0.0,0.009167,0.02275,0.02275
baseline,Baseline session authorization,10,187,0.000334,0.004042,0.0,0.006208,0.011416,0.011416
baseline,Baseline session authorization,10,188,0.000334,0.004291,0.0,0.006167,0.011666,0.011666
baseline,Baseline session authorization,10,189,0.001041,0.007542,0.0,0.008792,0.018791,0.018791
baseline,Baseline session authorization,10,190,0.000333,0.004125,0.0,0.006125,0.011375,0.011375
baseline,Baseline session authorization,10,191,0.000958,0.007416,0.0,0.008958,0.018792,0.018792
baseline,Baseline session authorization,10,192,0.001,0.007458,0.0,0.008916,0.018792,0.018792
baseline,Baseline session authorization,10,193,0.001042,0.007792,0.0,0.008916,0.019208,0.019208
baseline,Baseline session authorization,10,194,0.000958,0.007458,0.0,0.009,0.018833,0.018833
baseline,Baseline session authorization,10,195,0.001,0.007708,0.0,0.009,0.019125,0.019125
baseline,Baseline session authorization,10,196,0.017833,0.01175,0.0,0.010666,0.04225,0.04225
baseline,Baseline session authorization,10,197,0.000292,0.004125,0.0,0.006125,0.011417,0.011417
baseline,Baseline session authorization,10,198,0.001042,0.007917,0.0,0.009041,0.019417,0.019417
baseline,Baseline session authorization,10,199,0.001,0.0075,0.0,0.008958,0.018959,0.018959
baseline,Baseline session authorization,10,200,0.000333,0.004125,0.0,0.006042,0.011375,0.011375
baseline,Baseline session authorization,10,201,0.001125,0.009042,0.0,0.009458,0.02125,0.02125
baseline,Baseline session authorization,10,202,0.000458,0.004792,0.0,0.00625,0.012333,0.012333
baseline,Baseline session authorization,10,203,0.000333,0.00825,0.0,0.00625,0.01575,0.01575
baseline,Baseline session authorization,10,204,0.001042,0.00775,0.0,0.008958,0.019333,0.019333
baseline,Baseline session authorization,10,205,0.000333,0.004083,0.0,0.00625,0.011542,0.011542
baseline,Baseline session authorization,10,206,0.000333,0.004458,0.0,0.006083,0.011709,0.011709
baseline,Baseline session authorization,10,207,0.000917,0.007292,0.0,0.008875,0.018542,0.018542
baseline,Baseline session authorization,10,208,0.000333,0.004125,0.0,0.006167,0.0115,0.0115
baseline,Baseline session authorization,10,209,0.000334,0.00425,0.0,0.006125,0.011541,0.011541
baseline,Baseline session authorization,10,210,0.000458,0.01825,0.0,0.00675,0.026417,0.026417
baseline,Baseline session authorization,10,211,0.001042,0.007417,0.0,0.009,0.018875,0.018875
baseline,Baseline session authorization,10,212,0.000958,0.007875,0.0,0.008959,0.019417,0.019417
baseline,Baseline session authorization,10,213,0.001042,0.011208,0.0,0.009125,0.022792,0.022792
baseline,Baseline session authorization,10,214,0.00125,0.009917,0.0,0.013166,0.0265,0.0265
baseline,Baseline session authorization,10,215,0.000334,0.004125,0.0,0.006375,0.011708,0.011708
baseline,Baseline session authorization,10,216,0.000333,0.004,0.0,0.006084,0.01125,0.01125
baseline,Baseline session authorization,10,217,0.000917,0.007375,0.0,0.008875,0.018417,0.018417
baseline,Baseline session authorization,10,218,0.000291,0.004292,0.0,0.006292,0.011792,0.011792
baseline,Baseline session authorization,10,219,0.000542,0.005917,0.0,0.00625,0.013542,0.013542
baseline,Baseline session authorization,10,220,0.001,0.007708,0.0,0.008959,0.019042,0.019042
baseline,Baseline session authorization,10,221,0.000375,0.00425,0.0,0.006209,0.011709,0.011709
baseline,Baseline session authorization,10,222,0.000333,0.005708,0.0,0.006416,0.013334,0.013334
baseline,Baseline session authorization,10,223,0.001125,0.007916,0.0,0.0095,0.019958,0.019958
baseline,Baseline session authorization,10,224,0.000333,0.00425,0.0,0.006208,0.011667,0.011667
baseline,Baseline session authorization,10,225,0.000333,0.004166,0.0,0.006125,0.011417,0.011417
baseline,Baseline session authorization,10,226,0.001083,0.007542,0.0,0.008958,0.019,0.019
baseline,Baseline session authorization,10,227,0.001042,0.007292,0.0,0.008916,0.018583,0.018583
baseline,Baseline session authorization,10,228,0.001,0.007209,0.0,0.00875,0.018292,0.018292
baseline,Baseline session authorization,10,229,0.001042,0.012875,0.0,0.009,0.024334,0.024334
baseline,Baseline session authorization,10,230,0.000375,0.004208,0.0,0.006209,0.011583,0.011583
baseline,Baseline session authorization,10,231,0.001,0.00775,0.0,0.009042,0.019208,0.019208
baseline,Baseline session authorization,10,232,0.000375,0.004125,0.0,0.006125,0.011458,0.011458
baseline,Baseline session authorization,10,233,0.000334,0.004208,0.0,0.006416,0.011792,0.011792
baseline,Baseline session authorization,10,234,0.001,0.007416,0.0,0.008792,0.018542,0.018542
baseline,Baseline session authorization,10,235,0.001042,0.007958,0.0,0.009042,0.0195,0.0195
baseline,Baseline session authorization,10,236,0.000917,0.007458,0.0,0.008833,0.018625,0.018625
baseline,Baseline session authorization,10,237,0.001667,0.015709,0.0,0.014167,0.033541,0.033541
baseline,Baseline session authorization,10,238,0.001042,0.007708,0.0,0.009041,0.019209,0.019209
baseline,Baseline session authorization,10,239,0.000333,0.00425,0.0,0.006125,0.011542,0.011542
baseline,Baseline session authorization,10,240,0.000375,0.00425,0.0,0.00625,0.01175,0.01175
baseline,Baseline session authorization,10,241,0.001,0.007209,0.0,0.008792,0.018333,0.018333
baseline,Baseline session authorization,10,242,0.000333,0.004125,0.0,0.006084,0.011375,0.011375
baseline,Baseline session authorization,10,243,0.000542,0.006916,0.0,0.006917,0.015375,0.015375
baseline,Baseline session authorization,10,244,0.001042,0.007583,0.0,0.008958,0.019042,0.019042
baseline,Baseline session authorization,10,245,0.000333,0.004125,0.0,0.006083,0.011417,0.011417
baseline,Baseline session authorization,10,246,0.000334,0.004041,0.0,0.006209,0.011458,0.011458
baseline,Baseline session authorization,10,247,0.001,0.007417,0.0,0.008916,0.018625,0.018625
baseline,Baseline session authorization,10,248,0.001042,0.007583,0.0,0.009041,0.019,0.019
baseline,Baseline session authorization,10,249,0.001,0.011042,0.0,0.009,0.0225,0.0225
baseline,Baseline session authorization,10,250,0.001,0.007875,0.0,0.009041,0.019292,0.019292
baseline,Baseline session authorization,10,251,0.001334,0.014625,0.0,0.011625,0.029708,0.029708
baseline,Baseline session authorization,10,252,0.0005,0.007958,0.0,0.006458,0.015791,0.015791
baseline,Baseline session authorization,10,253,0.001125,0.009459,0.0,0.009834,0.021959,0.021959
baseline,Baseline session authorization,10,254,0.000334,0.004458,0.0,0.006334,0.011958,0.011958
baseline,Baseline session authorization,10,255,0.000333,0.004208,0.0,0.006083,0.011417,0.011417
baseline,Baseline session authorization,10,256,0.000458,0.004833,0.0,0.006375,0.012542,0.012542
baseline,Baseline session authorization,10,257,0.001,0.007917,0.0,0.009,0.019334,0.019334
baseline,Baseline session authorization,10,258,0.000333,0.004334,0.0,0.00625,0.011792,0.011792
baseline,Baseline session authorization,10,259,0.001,0.007333,0.0,0.008834,0.018417,0.018417
baseline,Baseline session authorization,10,260,0.000959,0.007459,0.0,0.00875,0.018542,0.018542
baseline,Baseline session authorization,10,261,0.000916,0.007292,0.0,0.008709,0.018209,0.018209
baseline,Baseline session authorization,10,262,0.001375,0.01025,0.0,0.010541,0.023958,0.023958
baseline,Baseline session authorization,10,263,0.001,0.007583,0.0,0.009,0.019,0.019
baseline,Baseline session authorization,10,264,0.000333,0.00425,0.0,0.006208,0.011584,0.011584
baseline,Baseline session authorization,10,265,0.000375,0.004084,0.0,0.006125,0.011459,0.011459
baseline,Baseline session authorization,10,266,0.001,0.007334,0.0,0.008875,0.0185,0.0185
baseline,Baseline session authorization,10,267,0.000333,0.0045,0.0,0.006167,0.011875,0.011875
baseline,Baseline session authorization,10,268,0.000375,0.005083,0.0,0.006458,0.012875,0.012875
baseline,Baseline session authorization,10,269,0.001125,0.007709,0.0,0.009084,0.019333,0.019333
baseline,Baseline session authorization,10,270,0.001,0.007667,0.0,0.00875,0.018667,0.018667
baseline,Baseline session authorization,10,271,0.001125,0.011416,0.0,0.009333,0.023333,0.023333
baseline,Baseline session authorization,10,272,0.001041,0.008583,0.0,0.009125,0.020125,0.020125
baseline,Baseline session authorization,10,273,0.001292,0.016958,0.0,0.014708,0.034667,0.034667
baseline,Baseline session authorization,10,274,0.000333,0.004292,0.0,0.006167,0.011583,0.011583
baseline,Baseline session authorization,10,275,0.000375,0.004542,0.0,0.00625,0.012041,0.012041
baseline,Baseline session authorization,10,276,0.001125,0.007916,0.0,0.009333,0.019791,0.019791
baseline,Baseline session authorization,10,277,0.000417,0.004875,0.0,0.006417,0.012583,0.012583
baseline,Baseline session authorization,10,278,0.001,0.007916,0.0,0.009125,0.019416,0.019416
baseline,Baseline session authorization,10,279,0.001,0.008333,0.0,0.009208,0.020042,0.020042
baseline,Baseline session authorization,10,280,0.00125,0.010292,0.0,0.0105,0.023667,0.023667
baseline,Baseline session authorization,10,281,0.001417,0.010916,0.0,0.009916,0.024041,0.024041
baseline,Baseline session authorization,10,282,0.001042,0.007708,0.0,0.009,0.019042,0.019042
baseline,Baseline session authorization,10,283,0.000541,0.007292,0.0,0.006917,0.015667,0.015667
baseline,Baseline session authorization,10,284,0.000458,0.006167,0.0,0.00675,0.014459,0.014459
baseline,Baseline session authorization,10,285,0.001208,0.019834,0.0,0.00975,0.032208,0.032208
baseline,Baseline session authorization,10,286,0.000334,0.004041,0.0,0.006208,0.011416,0.011416
baseline,Baseline session authorization,10,287,0.001,0.007792,0.0,0.008958,0.019,0.019
baseline,Baseline session authorization,10,288,0.000417,0.005,0.0,0.006417,0.012666,0.012666
baseline,Baseline session authorization,10,289,0.001,0.011917,0.0,0.009084,0.023459,0.023459
baseline,Baseline session authorization,10,290,0.001542,0.0165,0.0,0.014083,0.034333,0.034333
baseline,Baseline session authorization,10,291,0.001125,0.01125,0.0,0.009125,0.022958,0.022958
baseline,Baseline session authorization,10,292,0.000334,0.004125,0.0,0.006125,0.011375,0.011375
baseline,Baseline session authorization,10,293,0.001042,0.00725,0.0,0.008667,0.018292,0.018292
baseline,Baseline session authorization,10,294,0.000958,0.007667,0.0,0.008917,0.018834,0.018834
baseline,Baseline session authorization,10,295,0.001375,0.023833,0.0,0.0325,0.060084,0.060084
baseline,Baseline session authorization,10,296,0.001041,0.007667,0.0,0.009083,0.019125,0.019125
baseline,Baseline session authorization,10,297,0.001083,0.007709,0.0,0.009083,0.019333,0.019333
baseline,Baseline session authorization,10,298,0.001042,0.007375,0.0,0.008959,0.018667,0.018667
baseline,Baseline session authorization,10,299,0.0005,0.004417,0.0,0.0065,0.01225,0.01225
baseline,Baseline session authorization,10,300,0.001083,0.007958,0.0,0.009542,0.019958,0.019958
baseline,Baseline session authorization,10,301,0.001208,0.008041,0.0,0.009083,0.01975,0.01975
baseline,Baseline session authorization,10,302,0.001,0.007791,0.0,0.009042,0.01925,0.01925
baseline,Baseline session authorization,10,303,0.001,0.007542,0.0,0.008916,0.018791,0.018791
baseline,Baseline session authorization,10,304,0.000958,0.007292,0.0,0.008625,0.018292,0.018292
baseline,Baseline session authorization,10,305,0.000916,0.007209,0.0,0.008875,0.018333,0.018333
baseline,Baseline session authorization,10,306,0.001083,0.008083,0.0,0.184709,0.196292,0.196292
baseline,Baseline session authorization,10,307,0.001,0.007583,0.0,0.008917,0.018875,0.018875
baseline,Baseline session authorization,10,308,0.000292,0.004084,0.0,0.006208,0.011375,0.011375
baseline,Baseline session authorization,10,309,0.000458,0.004458,0.0,0.006458,0.012375,0.012375
baseline,Baseline session authorization,10,310,0.001,0.011333,0.0,0.008833,0.022459,0.022459
baseline,Baseline session authorization,10,311,0.001084,0.011,0.0,0.008959,0.0225,0.0225
baseline,Baseline session authorization,10,312,0.001083,0.009625,0.0,0.009458,0.021708,0.021708
baseline,Baseline session authorization,10,313,0.000959,0.007458,0.0,0.008833,0.018625,0.018625
baseline,Baseline session authorization,10,314,0.001084,0.007708,0.0,0.009,0.019083,0.019083
baseline,Baseline session authorization,10,315,0.001,0.007584,0.0,0.008875,0.018833,0.018833
baseline,Baseline session authorization,10,316,0.000333,0.004042,0.0,0.006209,0.011375,0.011375
baseline,Baseline session authorization,10,317,0.001042,0.007875,0.0,0.009458,0.019667,0.019667
baseline,Baseline session authorization,10,318,0.001083,0.007833,0.0,0.009708,0.020042,0.020042
baseline,Baseline session authorization,10,319,0.001167,0.011875,0.0,0.009042,0.023625,0.023625
baseline,Baseline session authorization,10,320,0.000959,0.010584,0.0,0.008791,0.021542,0.021542
baseline,Baseline session authorization,10,321,0.001084,0.007625,0.0,0.008959,0.019,0.019
baseline,Baseline session authorization,10,322,0.001,0.0075,0.0,0.008875,0.018708,0.018708
baseline,Baseline session authorization,10,323,0.000333,0.004084,0.0,0.006208,0.011416,0.011416
baseline,Baseline session authorization,10,324,0.001083,0.008166,0.0,0.009375,0.020041,0.020041
baseline,Baseline session authorization,10,325,0.001,0.007583,0.0,0.009,0.019,0.019
baseline,Baseline session authorization,10,326,0.001042,0.007667,0.0,0.008917,0.019042,0.019042
baseline,Baseline session authorization,10,327,0.000958,0.007959,0.0,0.009125,0.019458,0.019458
baseline,Baseline session authorization,10,328,0.001,0.007959,0.0,0.008959,0.019334,0.019334
baseline,Baseline session authorization,10,329,0.001083,0.007708,0.0,0.009041,0.019209,0.019209
baseline,Baseline session authorization,10,330,0.000958,0.0075,0.0,0.008959,0.018708,0.018708
baseline,Baseline session authorization,10,331,0.001125,0.008125,0.0,0.009417,0.020291,0.020291
baseline,Baseline session authorization,10,332,0.001041,0.007958,0.0,0.009125,0.0195,0.0195
baseline,Baseline session authorization,10,333,0.000333,0.004208,0.0,0.006417,0.011708,0.011708
baseline,Baseline session authorization,10,334,0.001084,0.007834,0.0,0.009084,0.019459,0.019459
baseline,Baseline session authorization,10,335,0.001042,0.0075,0.0,0.008791,0.018708,0.018708
baseline,Baseline session authorization,10,336,0.000958,0.007375,0.0,0.008875,0.018583,0.018583
baseline,Baseline session authorization,10,337,0.000833,0.007209,0.0,0.008791,0.018125,0.018125
baseline,Baseline session authorization,10,338,0.001041,0.007583,0.0,0.009,0.018958,0.018958
baseline,Baseline session authorization,10,339,0.000375,0.004083,0.0,0.00625,0.0115,0.0115
baseline,Baseline session authorization,10,340,0.001,0.007666,0.0,0.009,0.018959,0.018959
baseline,Baseline session authorization,10,341,0.001125,0.007917,0.0,0.009083,0.019542,0.019542
baseline,Baseline session authorization,10,342,0.001125,0.011125,0.0,0.009209,0.022875,0.022875
baseline,Baseline session authorization,10,343,0.000917,0.007708,0.0,0.008958,0.019,0.019
baseline,Baseline session authorization,10,344,0.001042,0.039292,0.0,0.0785,0.121083,0.121083
baseline,Baseline session authorization,10,345,0.001,0.007625,0.0,0.008875,0.018917,0.018917
baseline,Baseline session authorization,10,346,0.001084,0.00775,0.0,0.009166,0.019375,0.019375
baseline,Baseline session authorization,10,347,0.000375,0.004375,0.0,0.006291,0.011875,0.011875
baseline,Baseline session authorization,10,348,0.001042,0.037041,0.0,0.009833,0.049959,0.049959
baseline,Baseline session authorization,10,349,0.001,0.007375,0.0,0.008958,0.018709,0.018709
baseline,Baseline session authorization,10,350,0.001041,0.007542,0.0,0.009,0.018958,0.018958
baseline,Baseline session authorization,10,351,0.001125,0.008167,0.0,0.009292,0.020042,0.020042
baseline,Baseline session authorization,10,352,0.003084,0.007625,0.0,0.06225,0.074542,0.074542
baseline,Baseline session authorization,10,353,0.000958,0.007542,0.0,0.008833,0.018625,0.018625
baseline,Baseline session authorization,10,354,0.000375,0.004834,0.0,0.006416,0.012541,0.012541
baseline,Baseline session authorization,10,355,0.001083,0.007709,0.0,0.009,0.019208,0.019208
baseline,Baseline session authorization,10,356,0.001041,0.007459,0.0,0.008959,0.018875,0.018875
baseline,Baseline session authorization,10,357,0.001042,0.0075,0.0,0.008958,0.018833,0.018833
baseline,Baseline session authorization,10,358,0.001,0.007417,0.0,0.009041,0.018833,0.018833
baseline,Baseline session authorization,10,359,0.000958,0.007375,0.0,0.008792,0.018417,0.018417
baseline,Baseline session authorization,10,360,0.001042,0.007542,0.0,0.008959,0.018917,0.018917
baseline,Baseline session authorization,10,361,0.001166,0.009917,0.0,0.010375,0.023208,0.023208
baseline,Baseline session authorization,10,362,0.001041,0.007833,0.0,0.008916,0.019209,0.019209
baseline,Baseline session authorization,10,363,0.001083,0.007833,0.0,0.008958,0.019292,0.019292
baseline,Baseline session authorization,10,364,0.001042,0.007459,0.0,0.008916,0.018791,0.018791
baseline,Baseline session authorization,10,365,0.001041,0.007417,0.0,0.009041,0.018834,0.018834
baseline,Baseline session authorization,10,366,0.000917,0.007583,0.0,0.009042,0.018958,0.018958
baseline,Baseline session authorization,10,367,0.000917,0.007375,0.0,0.008708,0.018334,0.018334
baseline,Baseline session authorization,10,368,0.001125,0.007917,0.0,0.009166,0.019584,0.019584
baseline,Baseline session authorization,10,369,0.000333,0.004083,0.0,5.326875,5.333125,5.333125
baseline,Baseline session authorization,10,370,0.001042,0.007625,0.0,0.009041,0.019125,0.019125
baseline,Baseline session authorization,10,371,0.001,0.007458,0.0,0.008917,0.018708,0.018708
baseline,Baseline session authorization,10,372,0.001,0.007625,0.0,0.009,0.019,0.019
baseline,Baseline session authorization,10,373,0.001042,0.007542,0.0,0.023042,0.033208,0.033208
baseline,Baseline session authorization,10,374,0.001,0.007625,0.0,0.008917,0.018875,0.018875
baseline,Baseline session authorization,10,375,0.001,0.00775,0.0,0.009291,0.019708,0.019708
baseline,Baseline session authorization,10,376,0.000333,0.004083,0.0,0.006208,0.011459,0.011459
baseline,Baseline session authorization,10,377,0.001084,0.0075,0.0,0.008917,0.018917,0.018917
baseline,Baseline session authorization,10,378,0.001083,0.007542,0.0,0.008958,0.019,0.019
baseline,Baseline session authorization,10,379,0.001,0.007333,0.0,0.008833,0.0185,0.0185
baseline,Baseline session authorization,10,380,0.001042,0.010666,0.0,0.009,0.022125,0.022125
baseline,Baseline session authorization,10,381,0.001041,0.008125,0.0,0.00925,0.019916,0.019916
baseline,Baseline session authorization,10,382,0.001042,0.0075,0.0,0.009,0.018958,0.018958
baseline,Baseline session authorization,10,383,0.000958,0.007417,0.0,0.009042,0.018917,0.018917
baseline,Baseline session authorization,10,384,0.000958,0.00725,0.0,0.008708,0.018291,0.018291
baseline,Baseline session authorization,10,385,0.000334,0.006125,0.0,0.006375,0.013625,0.013625
baseline,Baseline session authorization,10,386,0.000917,0.007208,0.0,0.008709,0.018125,0.018125
baseline,Baseline session authorization,10,387,0.001083,0.007708,0.0,0.009042,0.019208,0.019208
baseline,Baseline session authorization,10,388,0.001,0.007209,0.0,0.008875,0.018375,0.018375
baseline,Baseline session authorization,10,389,0.001,0.011084,0.0,0.009042,0.022583,0.022583
baseline,Baseline session authorization,10,390,0.001,0.007584,0.0,0.008917,0.018833,0.018833
baseline,Baseline session authorization,10,391,0.001125,0.007667,0.0,0.008958,0.019167,0.019167
baseline,Baseline session authorization,10,392,0.000333,0.004416,0.0,0.00625,0.011834,0.011834
baseline,Baseline session authorization,10,393,0.001125,0.007625,0.0,0.008958,0.019125,0.019125
baseline,Baseline session authorization,10,394,0.001,0.010458,0.0,0.008791,0.021625,0.021625
baseline,Baseline session authorization,10,395,0.000958,0.007459,0.0,0.008875,0.018625,0.018625
baseline,Baseline session authorization,10,396,0.001,0.007416,0.0,0.008875,0.018667,0.018667
baseline,Baseline session authorization,10,397,0.001042,0.007625,0.0,0.025959,0.036792,0.036792
baseline,Baseline session authorization,10,398,0.001083,0.007875,0.0,0.009084,0.0195,0.0195
baseline,Baseline session authorization,10,399,0.000958,0.007791,0.0,0.022042,0.032333,0.032333
baseline,Baseline session authorization,10,400,0.000333,0.003959,0.0,0.006208,0.011333,0.011333
baseline,Baseline session authorization,10,401,0.001042,0.007417,0.0,0.008958,0.018792,0.018792
baseline,Baseline session authorization,10,402,0.001167,0.007875,0.0,0.008917,0.019375,0.019375
baseline,Baseline session authorization,10,403,0.000917,0.007959,0.0,0.008916,0.019209,0.019209
baseline,Baseline session authorization,10,404,0.001041,0.007791,0.0,0.009,0.019291,0.019291
baseline,Baseline session authorization,10,405,0.001084,0.007458,0.0,0.008917,0.018833,0.018833
baseline,Baseline session authorization,10,406,0.001083,0.007667,0.0,0.008917,0.018959,0.018959
baseline,Baseline session authorization,10,407,0.000333,0.004041,0.0,0.006125,0.011375,0.011375
baseline,Baseline session authorization,10,408,0.001042,0.007416,0.0,0.008875,0.018708,0.018708
baseline,Baseline session authorization,10,409,0.001,0.007333,0.0,0.008875,0.018542,0.018542
baseline,Baseline session authorization,10,410,0.001041,0.007583,0.0,0.009042,0.019083,0.019083
baseline,Baseline session authorization,10,411,0.001041,0.007583,0.0,0.009208,0.019292,0.019292
baseline,Baseline session authorization,10,412,0.001084,0.007542,0.0,0.009,0.019,0.019
baseline,Baseline session authorization,10,413,0.001083,0.008166,0.0,0.009167,0.019791,0.019791
baseline,Baseline session authorization,10,414,0.001041,0.008,0.0,0.009083,0.019625,0.019625
baseline,Baseline session authorization,10,415,0.000333,0.004125,0.0,0.006209,0.011542,0.011542
baseline,Baseline session authorization,10,416,0.001042,0.007584,0.0,0.009,0.019041,0.019041
baseline,Baseline session authorization,10,417,0.001,0.008,0.0,0.009125,0.019541,0.019541
baseline,Baseline session authorization,10,418,0.001,0.007417,0.0,0.008916,0.01875,0.01875
baseline,Baseline session authorization,10,419,0.001041,0.007583,0.0,0.009,0.019042,0.019042
baseline,Baseline session authorization,10,420,0.001084,0.007542,0.0,0.008959,0.018875,0.018875
baseline,Baseline session authorization,10,421,0.001041,0.007458,0.0,0.008792,0.018667,0.018667
baseline,Baseline session authorization,10,422,0.000875,0.0075,0.0,0.008875,0.018542,0.018542
baseline,Baseline session authorization,10,423,0.000334,0.004167,0.0,0.006208,0.011541,0.011541
baseline,Baseline session authorization,10,424,0.001084,0.007542,0.0,0.009,0.019042,0.019042
baseline,Baseline session authorization,10,425,0.001,0.007458,0.0,0.008833,0.018667,0.018667
baseline,Baseline session authorization,10,426,0.001084,0.007583,0.0,0.009,0.019042,0.019042
baseline,Baseline session authorization,10,427,0.001083,0.007416,0.0,0.008875,0.018709,0.018709
baseline,Baseline session authorization,10,428,0.000542,0.005042,0.0,0.006625,0.013209,0.013209
baseline,Baseline session authorization,10,429,0.001042,0.007667,0.0,0.009125,0.019292,0.019292
baseline,Baseline session authorization,10,430,0.001083,0.011291,0.0,0.008958,0.022709,0.022709
baseline,Baseline session authorization,10,431,0.000292,0.004167,0.0,0.006167,0.011542,0.011542
baseline,Baseline session authorization,10,432,0.001042,0.007458,0.0,0.008917,0.01875,0.01875
baseline,Baseline session authorization,10,433,0.000959,0.007208,0.0,0.008791,0.018375,0.018375
baseline,Baseline session authorization,10,434,0.001,0.007458,0.0,0.008917,0.018708,0.018708
baseline,Baseline session authorization,10,435,0.001125,0.008042,0.0,0.008959,0.019458,0.019458
baseline,Baseline session authorization,10,436,0.001041,0.007375,0.0,0.008958,0.018709,0.018709
baseline,Baseline session authorization,10,437,0.001,0.007333,0.0,0.009084,0.01875,0.01875
baseline,Baseline session authorization,10,438,0.000375,0.004208,0.0,0.006209,0.011542,0.011542
baseline,Baseline session authorization,10,439,0.001042,0.011042,0.0,0.009083,0.022583,0.022583
baseline,Baseline session authorization,10,440,0.000958,0.007542,0.0,0.009,0.019,0.019
baseline,Baseline session authorization,10,441,0.001041,0.007459,0.0,0.008875,0.018708,0.018708
baseline,Baseline session authorization,10,442,0.001083,0.007625,0.0,0.009084,0.019167,0.019167
baseline,Baseline session authorization,10,443,0.001,0.0075,0.0,0.009,0.018833,0.018833
baseline,Baseline session authorization,10,444,0.000958,0.007416,0.0,0.008959,0.018667,0.018667
baseline,Baseline session authorization,10,445,0.001042,0.00775,0.0,0.008958,0.019125,0.019125
baseline,Baseline session authorization,10,446,0.001083,0.007625,0.0,0.008917,0.018917,0.018917
baseline,Baseline session authorization,10,447,0.000375,0.004333,0.0,0.006125,0.011583,0.011583
baseline,Baseline session authorization,10,448,0.000916,0.007334,0.0,0.008625,0.018209,0.018209
baseline,Baseline session authorization,10,449,0.001084,0.007791,0.0,0.009208,0.0195,0.0195
baseline,Baseline session authorization,10,450,0.001042,0.011,0.0,0.009917,0.0235,0.0235
baseline,Baseline session authorization,10,451,0.001083,0.00825,0.0,0.008917,0.01975,0.01975
baseline,Baseline session authorization,10,452,0.001166,0.011583,0.0,0.009667,0.024042,0.024042
baseline,Baseline session authorization,10,453,0.001167,0.008958,0.0,0.009083,0.020625,0.020625
baseline,Baseline session authorization,10,454,0.001084,0.007458,0.0,0.008833,0.01875,0.01875
baseline,Baseline session authorization,10,455,0.001042,0.0075,0.0,0.008917,0.018917,0.018917
baseline,Baseline session authorization,10,456,0.001084,0.007709,0.0,0.008875,0.019042,0.019042
baseline,Baseline session authorization,10,457,0.000375,0.00425,0.0,0.006208,0.011625,0.011625
baseline,Baseline session authorization,10,458,0.001042,0.007583,0.0,0.009042,0.019125,0.019125
baseline,Baseline session authorization,10,459,0.000959,0.007292,0.0,0.01975,0.029292,0.029292
baseline,Baseline session authorization,10,460,0.001042,0.020041,0.0,0.009,0.031375,0.031375
baseline,Baseline session authorization,10,461,0.001041,0.007917,0.0,0.009125,0.019584,0.019584
baseline,Baseline session authorization,10,462,0.001042,0.007584,0.0,0.008916,0.018875,0.018875
baseline,Baseline session authorization,10,463,0.000959,0.007291,0.0,0.008792,0.018459,0.018459
baseline,Baseline session authorization,10,464,0.000375,0.004375,0.0,0.006208,0.01175,0.01175
baseline,Baseline session authorization,10,465,0.001083,0.007417,0.0,0.008917,0.018917,0.018917
baseline,Baseline session authorization,10,466,0.001083,0.010875,0.0,0.008959,0.022333,0.022333
baseline,Baseline session authorization,10,467,0.001042,0.011333,0.0,0.008875,0.022625,0.022625
baseline,Baseline session authorization,10,468,0.001083,0.007625,0.0,0.008875,0.018875,0.018875
baseline,Baseline session authorization,10,469,0.001,0.007417,0.0,0.008916,0.01875,0.01875
baseline,Baseline session authorization,10,470,0.000417,0.004459,0.0,0.006208,0.011916,0.011916
baseline,Baseline session authorization,10,471,0.001042,0.007583,0.0,0.008959,0.018917,0.018917
baseline,Baseline session authorization,10,472,0.000958,0.007417,0.0,0.008917,0.018708,0.018708
baseline,Baseline session authorization,10,473,0.001209,0.009334,0.0,0.00975,0.021875,0.021875
baseline,Baseline session authorization,10,474,0.000458,0.004583,0.0,0.0065,0.0125,0.0125
baseline,Baseline session authorization,10,475,0.001334,0.009792,0.0,0.009792,0.0225,0.0225
baseline,Baseline session authorization,10,476,0.001042,0.007416,0.0,0.008958,0.018833,0.018833
baseline,Baseline session authorization,10,477,0.001125,0.0075,0.0,0.008916,0.018834,0.018834
baseline,Baseline session authorization,10,478,0.000458,0.004334,0.0,0.006208,0.011791,0.011791
baseline,Baseline session authorization,10,479,0.001,0.011042,0.0,0.009166,0.022625,0.022625
baseline,Baseline session authorization,10,480,0.001041,0.007458,0.0,0.008959,0.018833,0.018833
baseline,Baseline session authorization,10,481,0.001083,0.007667,0.0,0.009083,0.019166,0.019166
baseline,Baseline session authorization,10,482,0.001042,0.010792,0.0,0.009083,0.02225,0.02225
baseline,Baseline session authorization,10,483,0.001083,0.007917,0.0,0.009125,0.019542,0.019542
baseline,Baseline session authorization,10,484,0.000959,0.007416,0.0,0.008708,0.018458,0.018458
baseline,Baseline session authorization,10,485,0.000458,0.01825,0.0,0.006959,0.026667,0.026667
baseline,Baseline session authorization,10,486,0.001042,0.007542,0.0,0.008958,0.018917,0.018917
baseline,Baseline session authorization,10,487,0.000958,0.007417,0.0,0.008917,0.018708,0.018708
baseline,Baseline session authorization,10,488,0.001042,0.0075,0.0,0.009083,0.019083,0.019083
baseline,Baseline session authorization,10,489,0.000917,0.007459,0.0,0.008958,0.018666,0.018666
baseline,Baseline session authorization,10,490,0.001,0.007833,0.0,0.009,0.019417,0.019417
baseline,Baseline session authorization,10,491,0.000792,0.007375,0.0,0.008666,0.018167,0.018167
baseline,Baseline session authorization,10,492,0.000958,0.007416,0.0,0.008959,0.018792,0.018792
baseline,Baseline session authorization,10,493,0.000375,0.004209,0.0,0.006208,0.011583,0.011583
baseline,Baseline session authorization,10,494,0.001083,0.0075,0.0,0.008958,0.018916,0.018916
baseline,Baseline session authorization,10,495,0.000917,0.007333,0.0,0.008833,0.018459,0.018459
baseline,Baseline session authorization,10,496,0.001042,0.007708,0.0,0.009,0.019125,0.019125
baseline,Baseline session authorization,10,497,0.001,0.007334,0.0,0.008916,0.01875,0.01875
baseline,Baseline session authorization,10,498,0.001041,0.007541,0.0,0.008833,0.018875,0.018875
baseline,Baseline session authorization,10,499,0.001084,0.007708,0.0,0.009209,0.019375,0.019375
baseline,Baseline session authorization,10,500,0.000333,0.004375,0.0,0.006291,0.011834,0.011834
baseline,Baseline session authorization,10,501,0.001041,0.0075,0.0,0.008875,0.018833,0.018833
baseline,Baseline session authorization,10,502,0.001042,0.007417,0.0,0.008958,0.018875,0.018875
baseline,Baseline session authorization,10,503,0.001084,0.007666,0.0,0.009125,0.019375,0.019375
baseline,Baseline session authorization,10,504,0.001084,0.007875,0.0,0.009042,0.019416,0.019416
baseline,Baseline session authorization,10,505,0.001167,0.008667,0.0,0.009083,0.020375,0.020375
baseline,Baseline session authorization,10,506,0.000875,0.007209,0.0,0.008834,0.018292,0.018292
baseline,Baseline session authorization,10,507,0.001042,0.008125,0.0,0.00925,0.019875,0.019875
baseline,Baseline session authorization,10,508,0.000833,0.006958,0.0,0.006417,0.015083,0.015083
baseline,Baseline session authorization,10,509,0.001,0.007791,0.0,0.008833,0.019042,0.019042
baseline,Baseline session authorization,10,510,0.000958,0.0075,0.0,0.008792,0.018541,0.018541
baseline,Baseline session authorization,10,511,0.001042,0.007459,0.0,0.009041,0.018917,0.018917
baseline,Baseline session authorization,10,512,0.001125,0.007584,0.0,0.009042,0.019166,0.019166
baseline,Baseline session authorization,10,513,0.000917,0.010291,0.0,0.008833,0.021416,0.021416
baseline,Baseline session authorization,10,514,0.001,0.007667,0.0,0.008958,0.018958,0.018958
baseline,Baseline session authorization,10,515,0.00375,0.055792,0.0,0.011708,0.076542,0.076542
baseline,Baseline session authorization,10,516,0.001083,0.008042,0.0,0.024667,0.035375,0.035375
baseline,Baseline session authorization,10,517,0.000333,0.107416,0.0,0.012791,0.122625,0.122625
baseline,Baseline session authorization,10,518,0.001,0.011375,0.0,0.008792,0.022542,0.022542
baseline,Baseline session authorization,10,519,0.001,0.007417,0.0,0.008958,0.018833,0.018833
baseline,Baseline session authorization,10,520,0.001,0.0075,0.0,0.009125,0.018916,0.018916
baseline,Baseline session authorization,10,521,0.000958,0.007584,0.0,0.008875,0.01875,0.01875
baseline,Baseline session authorization,10,522,0.00125,0.008708,0.0,0.009667,0.021,0.021
baseline,Baseline session authorization,10,523,0.001042,0.0075,0.0,0.008875,0.018667,0.018667
baseline,Baseline session authorization,10,524,0.000917,0.007333,0.0,0.008792,0.018333,0.018333
baseline,Baseline session authorization,10,525,0.000334,0.004042,0.0,0.006083,0.01125,0.01125
baseline,Baseline session authorization,10,526,0.001042,0.007583,0.0,0.008917,0.018917,0.018917
baseline,Baseline session authorization,10,527,0.000958,0.00725,0.0,0.008708,0.018208,0.018208
baseline,Baseline session authorization,10,528,0.001041,0.0085,0.0,0.009542,0.020583,0.020583
baseline,Baseline session authorization,10,529,0.001125,0.008167,0.0,0.009208,0.020125,0.020125
baseline,Baseline session authorization,10,530,0.001041,0.007625,0.0,0.008916,0.018959,0.018959
baseline,Baseline session authorization,10,531,0.001,0.007708,0.0,0.00925,0.019375,0.019375
baseline,Baseline session authorization,10,532,0.000917,0.007458,0.0,0.008875,0.018583,0.018583
baseline,Baseline session authorization,10,533,0.000334,0.004042,0.0,0.006208,0.011375,0.011375
baseline,Baseline session authorization,10,534,0.000958,0.007292,0.0,0.008792,0.018458,0.018458
baseline,Baseline session authorization,10,535,0.001083,0.007458,0.0,0.009125,0.019042,0.019042
baseline,Baseline session authorization,10,536,0.001208,0.03675,0.0,0.009708,0.06725,0.06725
baseline,Baseline session authorization,10,537,0.001084,0.007458,0.0,0.008833,0.018833,0.018833
baseline,Baseline session authorization,10,538,0.001,0.007583,0.0,0.008916,0.018875,0.018875
baseline,Baseline session authorization,10,539,0.001084,0.008083,0.0,0.009458,0.020208,0.020208
baseline,Baseline session authorization,10,540,0.000333,0.004083,0.0,0.006042,0.01125,0.01125
baseline,Baseline session authorization,10,541,0.001042,0.007417,0.0,0.009083,0.018917,0.018917
baseline,Baseline session authorization,10,542,0.001,0.007958,0.0,0.008958,0.019416,0.019416
baseline,Baseline session authorization,10,543,0.001084,0.007792,0.0,0.009,0.019375,0.019375
baseline,Baseline session authorization,10,544,0.000417,0.004417,0.0,0.006292,0.012042,0.012042
baseline,Baseline session authorization,10,545,0.000958,0.007625,0.0,0.008917,0.018791,0.018791
baseline,Baseline session authorization,10,546,0.000958,0.00775,0.0,0.009,0.019125,0.019125
baseline,Baseline session authorization,10,547,0.001041,0.007667,0.0,0.008875,0.018917,0.018917
baseline,Baseline session authorization,10,548,0.000625,0.00475,0.0,0.006167,0.012333,0.012333
baseline,Baseline session authorization,10,549,0.001042,0.007416,0.0,0.008917,0.01875,0.01875
baseline,Baseline session authorization,10,550,0.000958,0.0075,0.0,0.008834,0.018625,0.018625
baseline,Baseline session authorization,10,551,0.0005,0.00825,0.0,0.006416,0.016125,0.016125
baseline,Baseline session authorization,10,552,0.001041,0.010584,0.0,0.008834,0.021875,0.021875
baseline,Baseline session authorization,10,553,0.001208,0.008166,0.0,0.009542,0.020417,0.020417
baseline,Baseline session authorization,10,554,0.000958,0.007167,0.0,0.008834,0.018292,0.018292
baseline,Baseline session authorization,10,555,0.000375,0.004042,0.0,0.021625,0.027292,0.027292
baseline,Baseline session authorization,10,556,0.001,0.0075,0.0,0.009041,0.018834,0.018834
baseline,Baseline session authorization,10,557,0.001042,0.007375,0.0,0.008959,0.018667,0.018667
baseline,Baseline session authorization,10,558,0.001083,0.007791,0.0,0.009042,0.019166,0.019166
baseline,Baseline session authorization,10,559,0.000875,0.0075,0.0,0.008792,0.018625,0.018625
baseline,Baseline session authorization,10,560,0.001,0.007667,0.0,0.008875,0.018917,0.018917
baseline,Baseline session authorization,10,561,0.001042,0.007542,0.0,0.008917,0.018917,0.018917
baseline,Baseline session authorization,10,562,0.000334,0.004083,0.0,0.005791,0.010959,0.010959
baseline,Baseline session authorization,10,563,0.001042,0.007541,0.0,0.009042,0.019041,0.019041
baseline,Baseline session authorization,10,564,0.001,0.0075,0.0,0.008958,0.018833,0.018833
baseline,Baseline session authorization,10,565,0.001041,0.007917,0.0,0.025875,0.036791,0.036791
baseline,Baseline session authorization,10,566,0.000959,0.007208,0.0,0.017875,0.027583,0.027583
baseline,Baseline session authorization,10,567,0.001041,0.007542,0.0,0.008875,0.018834,0.018834
baseline,Baseline session authorization,10,568,0.001,0.007292,0.0,0.008875,0.018458,0.018458
baseline,Baseline session authorization,10,569,0.000375,0.004,0.0,0.006209,0.011417,0.011417
baseline,Baseline session authorization,10,570,0.000958,0.007583,0.0,0.009,0.018875,0.018875
baseline,Baseline session authorization,10,571,0.001041,0.007583,0.0,0.008917,0.019,0.019
baseline,Baseline session authorization,10,572,0.001083,0.0075,0.0,0.008958,0.018875,0.018875
baseline,Baseline session authorization,10,573,0.001125,0.022709,0.0,0.009791,0.035208,0.035208
baseline,Baseline session authorization,10,574,0.000958,0.007667,0.0,0.009,0.018916,0.018916
baseline,Baseline session authorization,10,575,0.000916,0.010834,0.0,0.008959,0.022084,0.022084
baseline,Baseline session authorization,10,576,0.000875,0.007458,0.0,0.008875,0.018541,0.018541
baseline,Baseline session authorization,10,577,0.001042,0.013416,0.0,0.009875,0.025834,0.025834
baseline,Baseline session authorization,10,578,0.000334,0.004042,0.0,0.006125,0.01125,0.01125
baseline,Baseline session authorization,10,579,0.001083,0.007834,0.0,0.009208,0.0195,0.0195
baseline,Baseline session authorization,10,580,0.001042,0.007834,0.0,0.009083,0.019333,0.019333
baseline,Baseline session authorization,10,581,0.001042,0.007625,0.0,0.009083,0.019208,0.019208
baseline,Baseline session authorization,10,582,0.001,0.00875,0.0,0.009333,0.020666,0.020666
baseline,Baseline session authorization,10,583,0.000959,0.007583,0.0,0.008916,0.018792,0.018792
baseline,Baseline session authorization,10,584,0.000917,0.010542,0.0,0.008791,0.0215,0.0215
baseline,Baseline session authorization,10,585,0.000334,0.004083,0.0,0.006084,0.011292,0.011292
baseline,Baseline session authorization,10,586,0.000917,0.007375,0.0,0.023583,0.033375,0.033375
baseline,Baseline session authorization,10,587,0.001,0.021,0.0,0.009541,0.033042,0.033042
baseline,Baseline session authorization,10,588,0.001,0.00775,0.0,0.008959,0.019167,0.019167
baseline,Baseline session authorization,10,589,0.001084,0.00775,0.0,0.008958,0.019167,0.019167
baseline,Baseline session authorization,10,590,0.001042,0.022,0.0,0.01,0.034583,0.034583
baseline,Baseline session authorization,10,591,0.001083,0.031291,0.0,0.078042,0.112833,0.112833
baseline,Baseline session authorization,10,592,0.000958,0.007875,0.0,0.008875,0.019041,0.019041
baseline,Baseline session authorization,10,593,0.000291,0.005375,0.0,0.006292,0.012833,0.012833
baseline,Baseline session authorization,10,594,0.000959,0.0105,0.0,0.008792,0.021583,0.021583
baseline,Baseline session authorization,10,595,0.001083,0.007542,0.0,0.008875,0.018958,0.018958
baseline,Baseline session authorization,10,596,0.001083,0.007959,0.0,0.009167,0.01975,0.01975
baseline,Baseline session authorization,10,597,0.001041,0.007709,0.0,0.008875,0.018958,0.018958
baseline,Baseline session authorization,10,598,0.001,0.00775,0.0,0.008875,0.019042,0.019042
baseline,Baseline session authorization,10,599,0.000375,0.00425,0.0,0.006125,0.011584,0.011584
baseline,Baseline session authorization,10,600,0.001,0.00775,0.0,0.008916,0.019084,0.019084
baseline,Baseline session authorization,10,601,0.001042,0.007916,0.0,0.009083,0.019459,0.019459
baseline,Baseline session authorization,10,602,0.001,0.007958,0.0,0.008917,0.019208,0.019208
baseline,Baseline session authorization,10,603,0.000958,0.007167,0.0,0.008916,0.018375,0.018375
baseline,Baseline session authorization,10,604,0.001125,0.007666,0.0,0.008833,0.018959,0.018959
baseline,Baseline session authorization,10,605,0.001083,0.007875,0.0,0.009084,0.019333,0.019333
baseline,Baseline session authorization,10,606,0.000416,0.00425,0.0,0.006125,0.011709,0.011709
baseline,Baseline session authorization,10,607,0.001,0.007459,0.0,0.008958,0.01875,0.01875
baseline,Baseline session authorization,10,608,0.001042,0.007542,0.0,0.008916,0.018834,0.018834
baseline,Baseline session authorization,10,609,0.001,0.007458,0.0,0.008875,0.018666,0.018666
baseline,Baseline session authorization,10,610,0.001042,0.007542,0.0,0.008916,0.018834,0.018834
baseline,Baseline session authorization,10,611,0.001208,0.008584,0.0,0.009791,0.021167,0.021167
baseline,Baseline session authorization,10,612,0.001,0.00775,0.0,0.009167,0.019208,0.019208
baseline,Baseline session authorization,10,613,0.000334,0.007583,0.0,0.006292,0.015209,0.015209
baseline,Baseline session authorization,10,614,0.001041,0.0075,0.0,0.008958,0.018875,0.018875
baseline,Baseline session authorization,10,615,0.001,0.007375,0.0,0.008917,0.018708,0.018708
baseline,Baseline session authorization,10,616,0.001041,0.011042,0.0,0.009209,0.02275,0.02275
baseline,Baseline session authorization,10,617,0.001042,0.018666,0.0,0.009791,0.030875,0.030875
baseline,Baseline session authorization,10,618,0.001042,0.00725,0.0,0.008834,0.018458,0.018458
baseline,Baseline session authorization,10,619,0.001083,0.0075,0.0,0.009042,0.018958,0.018958
baseline,Baseline session authorization,10,620,0.000334,0.003958,0.0,0.006125,0.01125,0.01125
baseline,Baseline session authorization,10,621,0.001041,0.007375,0.0,0.008792,0.018625,0.018625
baseline,Baseline session authorization,10,622,0.001,0.007333,0.0,0.009,0.018708,0.018708
baseline,Baseline session authorization,10,623,0.001084,0.008625,0.0,0.00925,0.020292,0.020292
baseline,Baseline session authorization,10,624,0.001,0.007416,0.0,0.008834,0.018583,0.018583
baseline,Baseline session authorization,10,625,0.001,0.007666,0.0,0.008834,0.018833,0.018833
baseline,Baseline session authorization,10,626,0.001,0.007666,0.0,0.008958,0.019,0.019
baseline,Baseline session authorization,10,627,0.001125,0.008708,0.0,0.009417,0.020834,0.020834
baseline,Baseline session authorization,10,628,0.000334,0.004167,0.0,0.006083,0.011375,0.011375
baseline,Baseline session authorization,10,629,0.000917,0.007541,0.0,0.008917,0.018708,0.018708
baseline,Baseline session authorization,10,630,0.001084,0.007459,0.0,0.008917,0.018875,0.018875
baseline,Baseline session authorization,10,631,0.001083,0.007417,0.0,0.008875,0.018792,0.018792
baseline,Baseline session authorization,10,632,0.001042,0.064542,0.0,0.009667,0.077209,0.077209
baseline,Baseline session authorization,10,633,0.001,0.008208,0.0,0.009208,0.019958,0.019958
baseline,Baseline session authorization,10,634,0.001,0.0075,0.0,0.009,0.018875,0.018875
baseline,Baseline session authorization,10,635,0.001,0.0075,0.0,0.008875,0.01875,0.01875
baseline,Baseline session authorization,10,636,0.000333,0.004042,0.0,0.006125,0.011292,0.011292
baseline,Baseline session authorization,10,637,0.001084,0.007375,0.0,0.008833,0.01875,0.01875
baseline,Baseline session authorization,10,638,0.000958,0.007375,0.0,0.008875,0.018541,0.018541
baseline,Baseline session authorization,10,639,0.001041,0.007833,0.0,0.009083,0.019458,0.019458
baseline,Baseline session authorization,10,640,0.001042,0.007625,0.0,0.009084,0.019042,0.019042
baseline,Baseline session authorization,10,641,0.001042,0.007583,0.0,0.008833,0.01875,0.01875
baseline,Baseline session authorization,10,642,0.0005,0.004583,0.0,0.006375,0.012375,0.012375
baseline,Baseline session authorization,10,643,0.000416,0.019333,0.0,0.006958,0.027708,0.027708
baseline,Baseline session authorization,10,644,0.000333,0.004125,0.0,0.006166,0.011459,0.011459
baseline,Baseline session authorization,10,645,0.000958,0.007292,0.0,0.008708,0.01825,0.01825
baseline,Baseline session authorization,10,646,0.001084,0.007417,0.0,0.008916,0.018834,0.018834
baseline,Baseline session authorization,10,647,0.001083,0.00775,0.0,0.009,0.019292,0.019292
baseline,Baseline session authorization,10,648,0.000917,0.007666,0.0,0.008875,0.018833,0.018833
baseline,Baseline session authorization,10,649,0.001,0.007458,0.0,0.008875,0.018625,0.018625
baseline,Baseline session authorization,10,650,0.001,0.008167,0.0,0.009333,0.019958,0.019958
baseline,Baseline session authorization,10,651,0.001042,0.007541,0.0,0.00875,0.018666,0.018666
baseline,Baseline session authorization,10,652,0.001,0.007375,0.0,0.008791,0.018375,0.018375
baseline,Baseline session authorization,10,653,0.000334,0.004125,0.0,0.006209,0.011417,0.011417
baseline,Baseline session authorization,10,654,0.001083,0.007458,0.0,0.009083,0.019041,0.019041
baseline,Baseline session authorization,10,655,0.000917,0.007333,0.0,0.00875,0.018375,0.018375
baseline,Baseline session authorization,10,656,0.001,0.007792,0.0,0.008917,0.019125,0.019125
baseline,Baseline session authorization,10,657,0.001042,0.007542,0.0,0.008959,0.019,0.019
baseline,Baseline session authorization,10,658,0.001042,0.007792,0.0,0.008833,0.019042,0.019042
baseline,Baseline session authorization,10,659,0.001042,0.007958,0.0,0.008917,0.019333,0.019333
baseline,Baseline session authorization,10,660,0.000292,0.004042,0.0,0.006125,0.011333,0.011333
baseline,Baseline session authorization,10,661,0.001,0.00725,0.0,0.008625,0.018292,0.018292
baseline,Baseline session authorization,10,662,0.001041,0.007667,0.0,0.008958,0.019041,0.019041
baseline,Baseline session authorization,10,663,0.001,0.007833,0.0,0.008833,0.019166,0.019166
baseline,Baseline session authorization,10,664,0.001084,0.008042,0.0,0.00925,0.01975,0.01975
baseline,Baseline session authorization,10,665,0.001042,0.024375,0.0,0.009584,0.036584,0.036584
baseline,Baseline session authorization,10,666,0.001,0.007375,0.0,0.008917,0.018625,0.018625
baseline,Baseline session authorization,10,667,0.000292,0.004125,0.0,0.006125,0.011375,0.011375
baseline,Baseline session authorization,10,668,0.001083,0.011416,0.0,0.009042,0.023,0.023
baseline,Baseline session authorization,10,669,0.001041,0.007417,0.0,0.008875,0.018708,0.018708
baseline,Baseline session authorization,10,670,0.001,0.00775,0.0,0.009,0.019042,0.019042
baseline,Baseline session authorization,10,671,0.000958,0.007292,0.0,0.008791,0.018417,0.018417
baseline,Baseline session authorization,10,672,0.001125,0.00775,0.0,0.008958,0.01925,0.01925
baseline,Baseline session authorization,10,673,0.001042,0.007459,0.0,0.009041,0.018833,0.018833
baseline,Baseline session authorization,10,674,0.000959,0.007333,0.0,0.008833,0.018583,0.018583
baseline,Baseline session authorization,10,675,0.000291,0.004083,0.0,0.006125,0.011333,0.011333
baseline,Baseline session authorization,10,676,0.001041,0.007458,0.0,0.008917,0.018791,0.018791
baseline,Baseline session authorization,10,677,0.001,0.007208,0.0,0.008834,0.018375,0.018375
baseline,Baseline session authorization,10,678,0.001042,0.008375,0.0,0.009458,0.021583,0.021583
baseline,Baseline session authorization,10,679,0.001,0.0075,0.0,0.008875,0.01875,0.01875
baseline,Baseline session authorization,10,680,0.000917,0.007458,0.0,0.008916,0.018625,0.018625
baseline,Baseline session authorization,10,681,0.001084,0.010875,0.0,0.008833,0.022083,0.022083
baseline,Baseline session authorization,10,682,0.000333,0.004125,0.0,0.006166,0.011459,0.011459
baseline,Baseline session authorization,10,683,0.000958,0.007417,0.0,0.008958,0.018625,0.018625
baseline,Baseline session authorization,10,684,0.001,0.011542,0.0,0.008958,0.022792,0.022792
baseline,Baseline session authorization,10,685,0.001042,0.007667,0.0,0.020875,0.031125,0.031125
baseline,Baseline session authorization,10,686,0.000916,0.00725,0.0,0.008875,0.018417,0.018417
baseline,Baseline session authorization,10,687,0.000791,0.0075,0.0,0.009,0.018583,0.018583
baseline,Baseline session authorization,10,688,0.001042,0.007625,0.0,0.008875,0.018917,0.018917
baseline,Baseline session authorization,10,689,0.001,0.007792,0.0,0.009084,0.019417,0.019417
baseline,Baseline session authorization,10,690,0.000333,0.0055,0.0,0.00625,0.012917,0.012917
baseline,Baseline session authorization,10,691,0.001,0.008166,0.0,0.008833,0.019417,0.019417
baseline,Baseline session authorization,10,692,0.001041,0.007542,0.0,0.008875,0.018791,0.018791
baseline,Baseline session authorization,10,693,0.001084,0.007459,0.0,0.009084,0.019084,0.019084
baseline,Baseline session authorization,10,694,0.001041,0.007542,0.0,0.008958,0.018875,0.018875
baseline,Baseline session authorization,10,695,0.001083,0.007583,0.0,0.008875,0.018875,0.018875
baseline,Baseline session authorization,10,696,0.000958,0.01075,0.0,0.009125,0.02225,0.02225
baseline,Baseline session authorization,10,697,0.001167,0.012875,0.0,0.009792,0.025458,0.025458
baseline,Baseline session authorization,10,698,0.000292,0.004167,0.0,0.006083,0.011334,0.011334
baseline,Baseline session authorization,10,699,0.000959,0.00725,0.0,0.00875,0.018334,0.018334
baseline,Baseline session authorization,10,700,0.001083,0.007458,0.0,0.008875,0.018791,0.018791
baseline,Baseline session authorization,10,701,0.001,0.007334,0.0,0.008833,0.018542,0.018542
baseline,Baseline session authorization,10,702,0.001042,0.011291,0.0,0.009042,0.022917,0.022917
baseline,Baseline session authorization,10,703,0.001,0.0075,0.0,0.008666,0.0185,0.0185
baseline,Baseline session authorization,10,704,0.001,0.0075,0.0,0.008958,0.018875,0.018875
baseline,Baseline session authorization,10,705,0.000958,0.007625,0.0,0.009042,0.019,0.019
baseline,Baseline session authorization,10,706,0.000333,0.004208,0.0,0.006042,0.011375,0.011375
baseline,Baseline session authorization,10,707,0.000958,0.007417,0.0,0.008916,0.018667,0.018667
baseline,Baseline session authorization,10,708,0.000958,0.007292,0.0,0.008792,0.0185,0.0185
baseline,Baseline session authorization,10,709,0.001042,0.010625,0.0,0.009042,0.022167,0.022167
baseline,Baseline session authorization,10,710,0.000958,0.007375,0.0,0.008792,0.018375,0.018375
baseline,Baseline session authorization,10,711,0.001125,0.008375,0.0,0.009292,0.020291,0.020291
baseline,Baseline session authorization,10,712,0.001167,0.009458,0.0,0.008875,0.020833,0.020833
baseline,Baseline session authorization,10,713,0.001,0.007875,0.0,0.008875,0.019125,0.019125
baseline,Baseline session authorization,10,714,0.000333,0.004125,0.0,0.006,0.01125,0.01125
baseline,Baseline session authorization,10,715,0.001041,0.007666,0.0,0.019,0.029167,0.029167
baseline,Baseline session authorization,10,716,0.001125,0.007709,0.0,0.00975,0.019958,0.019958
baseline,Baseline session authorization,10,717,0.001,0.007209,0.0,0.008792,0.018333,0.018333
baseline,Baseline session authorization,10,718,0.001042,0.007833,0.0,0.008875,0.019166,0.019166
baseline,Baseline session authorization,10,719,0.000958,0.007625,0.0,0.008959,0.019,0.019
baseline,Baseline session authorization,10,720,0.001083,0.011375,0.0,0.00925,0.02325,0.02325
baseline,Baseline session authorization,10,721,0.001041,0.008083,0.0,0.009125,0.019583,0.019583
baseline,Baseline session authorization,10,722,0.000333,0.004209,0.0,0.006042,0.011375,0.011375
baseline,Baseline session authorization,10,723,0.001083,0.007583,0.0,0.00925,0.019333,0.019333
baseline,Baseline session authorization,10,724,0.001042,0.007416,0.0,0.00875,0.018625,0.018625
baseline,Baseline session authorization,10,725,0.000959,0.007959,0.0,0.008875,0.019208,0.019208
baseline,Baseline session authorization,10,726,0.001041,0.011125,0.0,0.009,0.022583,0.022583
baseline,Baseline session authorization,10,727,0.001,0.012417,0.0,0.009084,0.023917,0.023917
baseline,Baseline session authorization,10,728,0.001166,0.0095,0.0,0.009959,0.022459,0.022459
baseline,Baseline session authorization,10,729,0.001042,0.007541,0.0,0.008875,0.01875,0.01875
baseline,Baseline session authorization,10,730,0.000334,0.004125,0.0,0.006083,0.011375,0.011375
baseline,Baseline session authorization,10,731,0.001,0.007458,0.0,0.00875,0.018583,0.018583
baseline,Baseline session authorization,10,732,0.001,0.008041,0.0,0.009,0.0195,0.0195
baseline,Baseline session authorization,10,733,0.001042,0.007875,0.0,0.008916,0.01925,0.01925
baseline,Baseline session authorization,10,734,0.001,0.007458,0.0,0.008917,0.018792,0.018792
baseline,Baseline session authorization,10,735,0.001042,0.007458,0.0,0.008917,0.018917,0.018917
baseline,Baseline session authorization,10,736,0.001166,0.008125,0.0,0.008875,0.019583,0.019583
baseline,Baseline session authorization,10,737,0.000958,0.007541,0.0,0.009042,0.018875,0.018875
baseline,Baseline session authorization,10,738,0.000333,0.004,0.0,0.006041,0.011167,0.011167
baseline,Baseline session authorization,10,739,0.001042,0.011083,0.0,0.009083,0.022583,0.022583
baseline,Baseline session authorization,10,740,0.001,0.010542,0.0,0.008917,0.021791,0.021791
baseline,Baseline session authorization,10,741,0.001042,0.007458,0.0,0.008917,0.018834,0.018834
baseline,Baseline session authorization,10,742,0.000958,0.007542,0.0,0.009,0.018833,0.018833
baseline,Baseline session authorization,10,743,0.001,0.007542,0.0,0.008917,0.018916,0.018916
baseline,Baseline session authorization,10,744,0.001,0.007625,0.0,0.008958,0.019041,0.019041
baseline,Baseline session authorization,10,745,0.000292,0.004084,0.0,0.006125,0.01125,0.01125
baseline,Baseline session authorization,10,746,0.001,0.0075,0.0,0.008875,0.018875,0.018875
baseline,Baseline session authorization,10,747,0.001042,0.007416,0.0,0.008875,0.018709,0.018709
baseline,Baseline session authorization,10,748,0.001042,0.007791,0.0,0.009,0.019167,0.019167
baseline,Baseline session authorization,10,749,0.001042,0.007583,0.0,0.008958,0.018959,0.018959
baseline,Baseline session authorization,10,750,0.001042,0.007459,0.0,0.008958,0.018833,0.018833
baseline,Baseline session authorization,10,751,0.000958,0.007583,0.0,0.008875,0.018917,0.018917
baseline,Baseline session authorization,10,752,0.001041,0.007458,0.0,0.008875,0.01875,0.01875
baseline,Baseline session authorization,10,753,0.000333,0.004167,0.0,0.006084,0.011333,0.011333
baseline,Baseline session authorization,10,754,0.000917,0.007292,0.0,0.008833,0.018334,0.018334
baseline,Baseline session authorization,10,755,0.001083,0.007542,0.0,0.008958,0.018958,0.018958
baseline,Baseline session authorization,10,756,0.001125,0.007458,0.0,0.008958,0.018916,0.018916
baseline,Baseline session authorization,10,757,0.001042,0.0075,0.0,0.008959,0.018917,0.018917
baseline,Baseline session authorization,10,758,0.001083,0.012417,0.0,0.009042,0.024,0.024
baseline,Baseline session authorization,10,759,0.001,0.007417,0.0,0.009,0.018834,0.018834
baseline,Baseline session authorization,10,760,0.000416,0.004458,0.0,0.006541,0.012292,0.012292
baseline,Baseline session authorization,10,761,0.000333,0.004125,0.0,0.006125,0.011291,0.011291
baseline,Baseline session authorization,10,762,0.001041,0.007458,0.0,0.008792,0.018667,0.018667
baseline,Baseline session authorization,10,763,0.001,0.007333,0.0,0.008833,0.018583,0.018583
baseline,Baseline session authorization,10,764,0.001,0.007459,0.0,0.008916,0.018708,0.018708
baseline,Baseline session authorization,10,765,0.000958,0.007291,0.0,0.008792,0.018375,0.018375
baseline,Baseline session authorization,10,766,0.001042,0.011583,0.0,0.009125,0.023125,0.023125
baseline,Baseline session authorization,10,767,0.001042,0.007625,0.0,0.008916,0.018958,0.018958
baseline,Baseline session authorization,10,768,0.000333,0.004167,0.0,0.006166,0.0115,0.0115
baseline,Baseline session authorization,10,769,0.000959,0.007417,0.0,0.009041,0.018834,0.018834
baseline,Baseline session authorization,10,770,0.001042,0.010708,0.0,0.008916,0.022166,0.022166
baseline,Baseline session authorization,10,771,0.001041,0.007791,0.0,0.009,0.01925,0.01925
baseline,Baseline session authorization,10,772,0.001042,0.010625,0.0,0.009042,0.02225,0.02225
baseline,Baseline session authorization,10,773,0.000333,0.004125,0.0,0.006125,0.011417,0.011417
baseline,Baseline session authorization,10,774,0.001041,0.007375,0.0,0.008958,0.01875,0.01875
baseline,Baseline session authorization,10,775,0.001083,0.007583,0.0,0.009042,0.019083,0.019083
baseline,Baseline session authorization,10,776,0.001083,0.0075,0.0,0.00875,0.018625,0.018625
baseline,Baseline session authorization,10,777,0.001083,0.011292,0.0,0.009042,0.022875,0.022875
baseline,Baseline session authorization,10,778,0.001042,0.012542,0.0,0.00925,0.024292,0.024292
baseline,Baseline session authorization,10,779,0.001083,0.007709,0.0,0.009084,0.019333,0.019333
baseline,Baseline session authorization,10,780,0.001,0.0075,0.0,0.009,0.018875,0.018875
baseline,Baseline session authorization,10,781,0.000375,0.00425,0.0,0.006083,0.011458,0.011458
baseline,Baseline session authorization,10,782,0.000959,0.0105,0.0,0.008958,0.021875,0.021875
baseline,Baseline session authorization,10,783,0.001,0.007542,0.0,0.008916,0.018875,0.018875
baseline,Baseline session authorization,10,784,0.001,0.007334,0.0,0.008792,0.018416,0.018416
baseline,Baseline session authorization,10,785,0.001083,0.012125,0.0,0.008958,0.023583,0.023583
baseline,Baseline session authorization,10,786,0.001,0.007958,0.0,0.008916,0.019209,0.019209
baseline,Baseline session authorization,10,787,0.0005,0.004541,0.0,0.0085,0.014459,0.014459
baseline,Baseline session authorization,10,788,0.000959,0.007084,0.0,0.008833,0.01825,0.01825
baseline,Baseline session authorization,10,789,0.001,0.007583,0.0,0.009042,0.019,0.019
baseline,Baseline session authorization,10,790,0.000375,0.012208,0.0,0.006667,0.020083,0.020083
baseline,Baseline session authorization,10,791,0.001042,0.007875,0.0,0.009041,0.019292,0.019292
baseline,Baseline session authorization,10,792,0.001,0.007833,0.0,0.008917,0.019125,0.019125
baseline,Baseline session authorization,10,793,0.001041,0.007417,0.0,0.008959,0.018875,0.018875
baseline,Baseline session authorization,10,794,0.000916,0.007375,0.0,0.008833,0.018542,0.018542
baseline,Baseline session authorization,10,795,0.001125,0.007917,0.0,0.009333,0.01975,0.01975
baseline,Baseline session authorization,10,796,0.000959,0.007541,0.0,0.008834,0.018625,0.018625
baseline,Baseline session authorization,10,797,0.001,0.01075,0.0,0.008958,0.022166,0.022166
baseline,Baseline session authorization,10,798,0.001041,0.00775,0.0,0.009,0.019292,0.019292
baseline,Baseline session authorization,10,799,0.000333,0.004042,0.0,0.006042,0.01125,0.01125
baseline,Baseline session authorization,10,800,0.001042,0.011375,0.0,0.009167,0.023042,0.023042
baseline,Baseline session authorization,10,801,0.001042,0.007584,0.0,0.008834,0.018917,0.018917
baseline,Baseline session authorization,10,802,0.001083,0.0075,0.0,0.008917,0.018833,0.018833
baseline,Baseline session authorization,10,803,0.001084,0.008375,0.0,0.00925,0.020208,0.020208
baseline,Baseline session authorization,10,804,0.001041,0.008292,0.0,0.008958,0.019667,0.019667
baseline,Baseline session authorization,10,805,0.001,0.007417,0.0,0.008875,0.018625,0.018625
baseline,Baseline session authorization,10,806,0.000292,0.004125,0.0,0.006084,0.011292,0.011292
baseline,Baseline session authorization,10,807,0.001,0.010875,0.0,0.008875,0.022125,0.022125
baseline,Baseline session authorization,10,808,0.001042,0.0075,0.0,0.009042,0.018958,0.018958
baseline,Baseline session authorization,10,809,0.001042,0.007584,0.0,0.009041,0.019042,0.019042
baseline,Baseline session authorization,10,810,0.001083,0.007875,0.0,0.019958,0.030417,0.030417
baseline,Baseline session authorization,10,811,0.000875,0.007792,0.0,0.008833,0.01875,0.01875
baseline,Baseline session authorization,10,812,0.001041,0.007625,0.0,0.00925,0.019333,0.019333
baseline,Baseline session authorization,10,813,0.000958,0.007417,0.0,0.008708,0.018416,0.018416
baseline,Baseline session authorization,10,814,0.001,0.007916,0.0,0.009542,0.020125,0.020125
baseline,Baseline session authorization,10,815,0.000375,0.004208,0.0,0.006167,0.0115,0.0115
baseline,Baseline session authorization,10,816,0.001041,0.007375,0.0,0.008875,0.018625,0.018625
baseline,Baseline session authorization,10,817,0.001,0.0075,0.0,0.008791,0.018666,0.018666
baseline,Baseline session authorization,10,818,0.001083,0.00775,0.0,0.009,0.019166,0.019166
baseline,Baseline session authorization,10,819,0.001042,0.00775,0.0,0.008917,0.019042,0.019042
baseline,Baseline session authorization,10,820,0.001,0.0075,0.0,0.008917,0.018791,0.018791
baseline,Baseline session authorization,10,821,0.001,0.0075,0.0,0.008833,0.018709,0.018709
baseline,Baseline session authorization,10,822,0.001083,0.007625,0.0,0.009,0.019084,0.019084
baseline,Baseline session authorization,10,823,0.000375,0.004166,0.0,0.006041,0.011334,0.011334
baseline,Baseline session authorization,10,824,0.001041,0.007541,0.0,0.008959,0.019,0.019
baseline,Baseline session authorization,10,825,0.001125,0.007792,0.0,0.009,0.019292,0.019292
baseline,Baseline session authorization,10,826,0.001083,0.00775,0.0,0.017875,0.028167,0.028167
baseline,Baseline session authorization,10,827,0.001042,0.008042,0.0,0.009166,0.019667,0.019667
baseline,Baseline session authorization,10,828,0.001084,0.007459,0.0,0.008875,0.018833,0.018833
baseline,Baseline session authorization,10,829,0.001083,0.007541,0.0,0.009,0.019042,0.019042
baseline,Baseline session authorization,10,830,0.000333,0.004166,0.0,0.006,0.011375,0.011375
baseline,Baseline session authorization,10,831,0.001042,0.007292,0.0,0.008791,0.018459,0.018459
baseline,Baseline session authorization,10,832,0.001,0.007917,0.0,0.008958,0.019209,0.019209
baseline,Baseline session authorization,10,833,0.001042,0.007541,0.0,0.008959,0.018917,0.018917
baseline,Baseline session authorization,10,834,0.001041,0.007542,0.0,0.009041,0.019,0.019
baseline,Baseline session authorization,10,835,0.000959,0.00775,0.0,0.008958,0.018958,0.018958
baseline,Baseline session authorization,10,836,0.001,0.007417,0.0,0.009,0.018834,0.018834
baseline,Baseline session authorization,10,837,0.001041,0.007583,0.0,0.009042,0.019041,0.019041
baseline,Baseline session authorization,10,838,0.000333,0.00425,0.0,0.006041,0.011417,0.011417
baseline,Baseline session authorization,10,839,0.010917,0.008,0.0,0.009333,0.029709,0.029709
baseline,Baseline session authorization,10,840,0.000916,0.011791,0.0,0.009042,0.023083,0.023083
baseline,Baseline session authorization,10,841,0.001,0.007416,0.0,0.008959,0.018708,0.018708
baseline,Baseline session authorization,10,842,0.000958,0.007542,0.0,0.008834,0.018833,0.018833
baseline,Baseline session authorization,10,843,0.001042,0.007584,0.0,0.008834,0.018833,0.018833
baseline,Baseline session authorization,10,844,0.001084,0.011875,0.0,0.009583,0.024208,0.024208
baseline,Baseline session authorization,10,845,0.000334,0.004167,0.0,0.006125,0.011458,0.011458
baseline,Baseline session authorization,10,846,0.001,0.00725,0.0,0.008875,0.018459,0.018459
baseline,Baseline session authorization,10,847,0.001042,0.008459,0.0,0.009542,0.0205,0.0205
baseline,Baseline session authorization,10,848,0.001083,0.00775,0.0,0.009042,0.019292,0.019292
baseline,Baseline session authorization,10,849,0.0005,0.004833,0.0,0.006417,0.012666,0.012666
baseline,Baseline session authorization,10,850,0.001,0.007625,0.0,0.009042,0.019,0.019
baseline,Baseline session authorization,10,851,0.001208,0.008708,0.0,0.009542,0.02125,0.02125
baseline,Baseline session authorization,10,852,0.000959,0.007375,0.0,0.00875,0.018417,0.018417
baseline,Baseline session authorization,10,853,0.000334,0.004292,0.0,0.006041,0.0115,0.0115
baseline,Baseline session authorization,10,854,0.001041,0.0075,0.0,0.009042,0.019,0.019
baseline,Baseline session authorization,10,855,0.001083,0.011917,0.0,0.009125,0.023583,0.023583
baseline,Baseline session authorization,10,856,0.001042,0.007541,0.0,0.008917,0.018875,0.018875
baseline,Baseline session authorization,10,857,0.001,0.007375,0.0,0.008875,0.018708,0.018708
baseline,Baseline session authorization,10,858,0.001084,0.008042,0.0,0.009041,0.019542,0.019542
baseline,Baseline session authorization,10,859,0.001084,0.008166,0.0,0.009208,0.019833,0.019833
baseline,Baseline session authorization,10,860,0.001,0.007666,0.0,0.008792,0.018875,0.018875
baseline,Baseline session authorization,10,861,0.000334,0.004125,0.0,0.006042,0.011333,0.011333
baseline,Baseline session authorization,10,862,0.001083,0.007625,0.0,0.008917,0.019,0.019
baseline,Baseline session authorization,10,863,0.001,0.007542,0.0,0.008917,0.018875,0.018875
baseline,Baseline session authorization,10,864,0.001041,0.007584,0.0,0.008917,0.018916,0.018916
baseline,Baseline session authorization,10,865,0.001042,0.007625,0.0,0.008916,0.018875,0.018875
baseline,Baseline session authorization,10,866,0.001,0.00775,0.0,0.008959,0.019042,0.019042
baseline,Baseline session authorization,10,867,0.001042,0.007584,0.0,0.008833,0.018833,0.018833
baseline,Baseline session authorization,10,868,0.000375,0.004125,0.0,0.006083,0.011417,0.011417
baseline,Baseline session authorization,10,869,0.000958,0.007834,0.0,0.008959,0.019208,0.019208
baseline,Baseline session authorization,10,870,0.001042,0.007291,0.0,0.009,0.018792,0.018792
baseline,Baseline session authorization,10,871,0.001042,0.007375,0.0,0.009125,0.018917,0.018917
baseline,Baseline session authorization,10,872,0.001042,0.007542,0.0,0.008834,0.018833,0.018833
baseline,Baseline session authorization,10,873,0.001,0.0075,0.0,0.008958,0.018791,0.018791
baseline,Baseline session authorization,10,874,0.001083,0.010666,0.0,0.009,0.022125,0.022125
baseline,Baseline session authorization,10,875,0.001042,0.00725,0.0,0.009,0.018625,0.018625
baseline,Baseline session authorization,10,876,0.000375,0.004125,0.0,0.006041,0.011292,0.011292
baseline,Baseline session authorization,10,877,0.000959,0.007291,0.0,0.008917,0.018542,0.018542
baseline,Baseline session authorization,10,878,0.001042,0.007792,0.0,0.009083,0.01925,0.01925
baseline,Baseline session authorization,10,879,0.001042,0.0075,0.0,0.008916,0.018792,0.018792
baseline,Baseline session authorization,10,880,0.000959,0.007583,0.0,0.008875,0.01875,0.01875
baseline,Baseline session authorization,10,881,0.000958,0.007583,0.0,0.008833,0.018791,0.018791
baseline,Baseline session authorization,10,882,0.001334,0.011333,0.0,0.011375,0.025709,0.025709
baseline,Baseline session authorization,10,883,0.000333,0.004209,0.0,0.006125,0.011541,0.011541
baseline,Baseline session authorization,10,884,0.001084,0.032542,0.0,0.009,0.044125,0.044125
baseline,Baseline session authorization,10,885,0.001,0.007292,0.0,0.00875,0.018417,0.018417
baseline,Baseline session authorization,10,886,0.001042,0.007583,0.0,0.009042,0.019,0.019
baseline,Baseline session authorization,10,887,0.000958,0.007417,0.0,0.008875,0.018625,0.018625
baseline,Baseline session authorization,10,888,0.000958,0.00775,0.0,0.009125,0.019416,0.019416
baseline,Baseline session authorization,10,889,0.001,0.007583,0.0,0.008917,0.018917,0.018917
baseline,Baseline session authorization,10,890,0.000958,0.007208,0.0,0.008709,0.018208,0.018208
baseline,Baseline session authorization,10,891,0.000375,0.005375,0.0,0.00625,0.012875,0.012875
baseline,Baseline session authorization,10,892,0.001,0.007417,0.0,0.008791,0.018583,0.018583
baseline,Baseline session authorization,10,893,0.000959,0.007375,0.0,0.008917,0.018667,0.018667
baseline,Baseline session authorization,10,894,0.001041,0.0075,0.0,0.008958,0.018916,0.018916
baseline,Baseline session authorization,10,895,0.000959,0.0075,0.0,0.008959,0.018792,0.018792
baseline,Baseline session authorization,10,896,0.001041,0.007667,0.0,0.008916,0.018959,0.018959
baseline,Baseline session authorization,10,897,0.000417,0.004125,0.0,0.006125,0.011625,0.011625
baseline,Baseline session authorization,10,898,0.001041,0.007417,0.0,0.008958,0.01875,0.01875
baseline,Baseline session authorization,10,899,0.001041,0.007542,0.0,0.008875,0.018875,0.018875
baseline,Baseline session authorization,10,900,0.000958,0.007542,0.0,0.008833,0.018708,0.018708
baseline,Baseline session authorization,10,901,0.001083,0.007542,0.0,0.009,0.019042,0.019042
baseline,Baseline session authorization,10,902,0.001084,0.00775,0.0,0.009041,0.019333,0.019333
baseline,Baseline session authorization,10,903,0.001083,0.007667,0.0,0.008959,0.019083,0.019083
baseline,Baseline session authorization,10,904,0.000375,0.004125,0.0,0.006167,0.011834,0.011834
baseline,Baseline session authorization,10,905,0.001042,0.007583,0.0,0.009042,0.019,0.019
baseline,Baseline session authorization,10,906,0.001,0.007333,0.0,0.008959,0.018667,0.018667
baseline,Baseline session authorization,10,907,0.001042,0.007458,0.0,0.008917,0.01875,0.01875
baseline,Baseline session authorization,10,908,0.001,0.010834,0.0,0.009,0.02225,0.02225
baseline,Baseline session authorization,10,909,0.000459,0.0045,0.0,0.006292,0.012208,0.012208
baseline,Baseline session authorization,10,910,0.001041,0.011083,0.0,0.009042,0.022542,0.022542
baseline,Baseline session authorization,10,911,0.001,0.007708,0.0,0.009,0.019,0.019
baseline,Baseline session authorization,10,912,0.000333,0.00425,0.0,0.006166,0.011584,0.011584
baseline,Baseline session authorization,10,913,0.001125,0.007416,0.0,0.008916,0.018791,0.018791
baseline,Baseline session authorization,10,914,0.000958,0.007375,0.0,0.008792,0.018459,0.018459
baseline,Baseline session authorization,10,915,0.000959,0.007416,0.0,0.008792,0.018542,0.018542
baseline,Baseline session authorization,10,916,0.001,0.007333,0.0,0.008791,0.018542,0.018542
baseline,Baseline session authorization,10,917,0.001083,0.008125,0.0,0.00925,0.019917,0.019917
baseline,Baseline session authorization,10,918,0.001041,0.008208,0.0,0.009083,0.01975,0.01975
baseline,Baseline session authorization,10,919,0.001167,0.009375,0.0,0.009834,0.022042,0.022042
baseline,Baseline session authorization,10,920,0.000959,0.007542,0.0,0.009,0.018875,0.018875
baseline,Baseline session authorization,10,921,0.000333,0.00425,0.0,0.006209,0.011667,0.011667
baseline,Baseline session authorization,10,922,0.001041,0.007417,0.0,0.008708,0.0185,0.0185
baseline,Baseline session authorization,10,923,0.000875,0.010625,0.0,0.008916,0.021875,0.021875
baseline,Baseline session authorization,10,924,0.001041,0.011292,0.0,0.009,0.02275,0.02275
baseline,Baseline session authorization,10,925,0.001083,0.008375,0.0,0.00925,0.020417,0.020417
baseline,Baseline session authorization,10,926,0.000916,0.007625,0.0,0.008959,0.018792,0.018792
baseline,Baseline session authorization,10,927,0.001125,0.007916,0.0,0.009292,0.019666,0.019666
baseline,Baseline session authorization,10,928,0.000375,0.005375,0.0,0.006292,0.012875,0.012875
baseline,Baseline session authorization,10,929,0.001042,0.007958,0.0,0.008875,0.01925,0.01925
baseline,Baseline session authorization,10,930,0.000958,0.007875,0.0,0.009083,0.019333,0.019333
baseline,Baseline session authorization,10,931,0.001,0.007541,0.0,0.008917,0.018833,0.018833
baseline,Baseline session authorization,10,932,0.001041,0.007459,0.0,0.008875,0.018791,0.018791
baseline,Baseline session authorization,10,933,0.001084,0.008583,0.0,0.009375,0.020584,0.020584
baseline,Baseline session authorization,10,934,0.001084,0.007875,0.0,0.010583,0.020792,0.020792
baseline,Baseline session authorization,10,935,0.000958,0.010541,0.0,0.008834,0.02175,0.02175
baseline,Baseline session authorization,10,936,0.000334,0.004083,0.0,0.006125,0.011334,0.011334
baseline,Baseline session authorization,10,937,0.001,0.007542,0.0,0.009042,0.019,0.019
baseline,Baseline session authorization,10,938,0.001,0.007375,0.0,0.008917,0.018625,0.018625
baseline,Baseline session authorization,10,939,0.001083,0.0075,0.0,0.009042,0.018916,0.018916
baseline,Baseline session authorization,10,940,0.001042,0.007375,0.0,0.008917,0.01875,0.01875
baseline,Baseline session authorization,10,941,0.001041,0.007458,0.0,0.008916,0.018709,0.018709
baseline,Baseline session authorization,10,942,0.001083,0.007542,0.0,0.009,0.019042,0.019042
baseline,Baseline session authorization,10,943,0.001083,0.010834,0.0,0.008833,0.022083,0.022083
baseline,Baseline session authorization,10,944,0.000291,0.004083,0.0,0.006084,0.011292,0.011292
baseline,Baseline session authorization,10,945,0.001084,0.007459,0.0,0.008917,0.018834,0.018834
baseline,Baseline session authorization,10,946,0.001042,0.007583,0.0,0.008875,0.018959,0.018959
baseline,Baseline session authorization,10,947,0.000959,0.007458,0.0,0.008875,0.018583,0.018583
baseline,Baseline session authorization,10,948,0.000917,0.007666,0.0,0.008958,0.019084,0.019084
baseline,Baseline session authorization,10,949,0.001083,0.008083,0.0,0.009167,0.019666,0.019666
baseline,Baseline session authorization,10,950,0.000958,0.007333,0.0,0.008708,0.018334,0.018334
baseline,Baseline session authorization,10,951,0.000916,0.00725,0.0,0.00875,0.01825,0.01825
baseline,Baseline session authorization,10,952,0.000292,0.004125,0.0,0.006084,0.011333,0.011333
baseline,Baseline session authorization,10,953,0.001083,0.007291,0.0,0.009042,0.01875,0.01875
baseline,Baseline session authorization,10,954,0.001,0.007542,0.0,0.008916,0.018875,0.018875
baseline,Baseline session authorization,10,955,0.001041,0.007792,0.0,0.008875,0.019125,0.019125
baseline,Baseline session authorization,10,956,0.000959,0.007334,0.0,0.008833,0.018375,0.018375
baseline,Baseline session authorization,10,957,0.001042,0.008,0.0,0.009,0.019458,0.019458
baseline,Baseline session authorization,10,958,0.001,0.007459,0.0,0.008875,0.018791,0.018791
baseline,Baseline session authorization,10,959,0.000959,0.007417,0.0,0.008875,0.018709,0.018709
baseline,Baseline session authorization,10,960,0.001,0.007375,0.0,0.00875,0.018375,0.018375
baseline,Baseline session authorization,10,961,0.001041,0.019208,0.0,0.009375,0.031208,0.031208
baseline,Baseline session authorization,10,962,0.001042,0.007625,0.0,0.008958,0.018958,0.018958
baseline,Baseline session authorization,10,963,0.000458,0.004542,0.0,0.006542,0.012541,0.012541
baseline,Baseline session authorization,10,964,0.011833,0.008333,0.0,0.009166,0.030834,0.030834
baseline,Baseline session authorization,10,965,0.001042,0.007542,0.0,0.008959,0.018875,0.018875
baseline,Baseline session authorization,10,966,0.001041,0.007542,0.0,0.009,0.019041,0.019041
baseline,Baseline session authorization,10,967,0.001041,0.00725,0.0,0.008917,0.0185,0.0185
baseline,Baseline session authorization,10,968,0.001042,0.0075,0.0,0.008917,0.018791,0.018791
baseline,Baseline session authorization,10,969,0.001125,0.011541,0.0,0.009166,0.023291,0.023291
baseline,Baseline session authorization,10,970,0.001041,0.007375,0.0,0.008875,0.018625,0.018625
baseline,Baseline session authorization,10,971,0.001042,0.007625,0.0,0.008875,0.018875,0.018875
baseline,Baseline session authorization,10,972,0.001,0.0075,0.0,0.008834,0.01875,0.01875
baseline,Baseline session authorization,10,973,0.001042,0.007542,0.0,0.008875,0.018833,0.018833
baseline,Baseline session authorization,10,974,0.001,0.007667,0.0,0.008875,0.018959,0.018959
baseline,Baseline session authorization,10,975,0.000917,0.007417,0.0,0.008917,0.018667,0.018667
baseline,Baseline session authorization,10,976,0.001,0.007375,0.0,0.009042,0.018875,0.018875
baseline,Baseline session authorization,10,977,0.000959,0.007584,0.0,0.008792,0.018708,0.018708
baseline,Baseline session authorization,10,978,0.001125,0.007791,0.0,0.008917,0.019292,0.019292
baseline,Baseline session authorization,10,979,0.001042,0.007417,0.0,0.008875,0.01875,0.01875
baseline,Baseline session authorization,10,980,0.000958,0.007417,0.0,0.008834,0.018583,0.018583
baseline,Baseline session authorization,10,981,0.001,0.007334,0.0,0.008792,0.018416,0.018416
baseline,Baseline session authorization,10,982,0.001084,0.007333,0.0,0.008792,0.018458,0.018458
baseline,Baseline session authorization,10,983,0.001041,0.007542,0.0,0.008833,0.01875,0.01875
baseline,Baseline session authorization,10,984,0.000917,0.010875,0.0,0.009,0.022208,0.022208
baseline,Baseline session authorization,10,985,0.001083,0.007875,0.0,0.009,0.019292,0.019292
baseline,Baseline session authorization,10,986,0.001083,0.0075,0.0,0.008875,0.018875,0.018875
baseline,Baseline session authorization,10,987,0.001041,0.007584,0.0,0.008833,0.018833,0.018833
baseline,Baseline session authorization,10,988,0.000958,0.011,0.0,0.008958,0.022375,0.022375
baseline,Baseline session authorization,10,989,0.000917,0.007542,0.0,0.008833,0.018666,0.018666
baseline,Baseline session authorization,10,990,0.000959,0.007458,0.0,0.008833,0.018584,0.018584
baseline,Baseline session authorization,10,991,0.001083,0.007833,0.0,0.009083,0.019334,0.019334
baseline,Baseline session authorization,10,992,0.001041,0.007792,0.0,0.008875,0.019,0.019
baseline,Baseline session authorization,10,993,0.001042,0.0075,0.0,0.008958,0.018875,0.018875
baseline,Baseline session authorization,10,994,0.001042,0.010833,0.0,0.009042,0.022333,0.022333
baseline,Baseline session authorization,10,995,0.001,0.007417,0.0,0.008875,0.018667,0.018667
baseline,Baseline session authorization,10,996,0.001083,0.00775,0.0,0.008917,0.019208,0.019208
baseline,Baseline session authorization,10,997,0.001042,0.0075,0.0,0.008875,0.01875,0.01875
baseline,Baseline session authorization,10,998,0.001042,0.0075,0.0,0.008875,0.01875,0.01875
baseline,Baseline session authorization,10,999,0.001041,0.007459,0.0,0.009,0.018833,0.018833
baseline,Baseline session authorization,10,1000,0.000959,0.007417,0.0,0.00875,0.018375,0.018375
baseline,Baseline session authorization,10,1001,0.001042,0.007917,0.0,0.00925,0.019667,0.019667
baseline,Baseline session authorization,10,1002,0.001042,0.007458,0.0,0.008958,0.018792,0.018792
baseline,Baseline session authorization,10,1003,0.001042,0.007625,0.0,0.008958,0.018916,0.018916
baseline,Baseline session authorization,10,1004,0.001084,0.01125,0.0,0.00925,0.023042,0.023042
baseline,Baseline session authorization,10,1005,0.001041,0.007417,0.0,0.009042,0.018916,0.018916
baseline,Baseline session authorization,10,1006,0.001,0.0075,0.0,0.008792,0.018709,0.018709
baseline,Baseline session authorization,10,1007,0.000958,0.007291,0.0,0.008875,0.018583,0.018583
baseline,Baseline session authorization,10,1008,0.001041,0.020584,0.0,0.009417,0.032458,0.032458
baseline,Baseline session authorization,10,1009,0.001,0.007416,0.0,0.009,0.018792,0.018792
baseline,Baseline session authorization,10,1010,0.001042,0.007625,0.0,0.008875,0.018917,0.018917
baseline,Baseline session authorization,10,1011,0.000917,0.007917,0.0,0.009,0.019209,0.019209
baseline,Baseline session authorization,10,1012,0.001042,0.007459,0.0,0.008875,0.018792,0.018792
baseline,Baseline session authorization,10,1013,0.001042,0.007458,0.0,0.008916,0.018875,0.018875
baseline,Baseline session authorization,10,1014,0.001042,0.010583,0.0,0.009208,0.02225,0.02225
baseline,Baseline session authorization,10,1015,0.001,0.007625,0.0,0.009083,0.019084,0.019084
baseline,Baseline session authorization,10,1016,0.000875,0.010708,0.0,0.008959,0.021875,0.021875
baseline,Baseline session authorization,10,1017,0.001042,0.0075,0.0,0.008917,0.018875,0.018875
baseline,Baseline session authorization,10,1018,0.001042,0.007416,0.0,0.009042,0.018875,0.018875
baseline,Baseline session authorization,10,1019,0.001042,0.007667,0.0,0.009,0.019083,0.019083
baseline,Baseline session authorization,10,1020,0.001125,0.007916,0.0,0.008959,0.019292,0.019292
baseline,Baseline session authorization,10,1021,0.001083,0.007833,0.0,0.009292,0.019583,0.019583
baseline,Baseline session authorization,10,1022,0.001167,0.022584,0.0,0.009292,0.034584,0.034584
baseline,Baseline session authorization,10,1023,0.001,0.007791,0.0,0.008958,0.019084,0.019084
baseline,Baseline session authorization,10,1024,0.001042,0.007875,0.0,0.023917,0.034375,0.034375
baseline,Baseline session authorization,10,1025,0.001,0.00775,0.0,0.009041,0.019209,0.019209
baseline,Baseline session authorization,10,1026,0.001042,0.007375,0.0,0.008958,0.018792,0.018792
baseline,Baseline session authorization,10,1027,0.001,0.0075,0.0,0.008875,0.018625,0.018625
baseline,Baseline session authorization,10,1028,0.001042,0.007541,0.0,0.008875,0.018916,0.018916
baseline,Baseline session authorization,10,1029,0.001083,0.007542,0.0,0.008833,0.018792,0.018792
baseline,Baseline session authorization,10,1030,0.001,0.007417,0.0,0.008833,0.018583,0.018583
baseline,Baseline session authorization,10,1031,0.001042,0.007583,0.0,0.008958,0.019,0.019
baseline,Baseline session authorization,10,1032,0.000708,0.005208,0.0,0.007042,0.014083,0.014083
baseline,Baseline session authorization,10,1033,0.001083,0.007458,0.0,0.009,0.018916,0.018916
baseline,Baseline session authorization,10,1034,0.000958,0.007375,0.0,0.008792,0.018417,0.018417
baseline,Baseline session authorization,10,1035,0.001125,0.0085,0.0,0.009291,0.020583,0.020583
baseline,Baseline session authorization,10,1036,0.001,0.007375,0.0,0.008792,0.018458,0.018458
baseline,Baseline session authorization,10,1037,0.001042,0.010792,0.0,0.009,0.022208,0.022208
baseline,Baseline session authorization,10,1038,0.000958,0.007833,0.0,0.009041,0.019209,0.019209
baseline,Baseline session authorization,10,1039,0.000416,0.007916,0.0,0.006334,0.015625,0.015625
baseline,Baseline session authorization,10,1040,0.001042,0.007875,0.0,0.008917,0.019125,0.019125
baseline,Baseline session authorization,10,1041,0.000958,0.0075,0.0,0.008834,0.018583,0.018583
baseline,Baseline session authorization,10,1042,0.001083,0.0075,0.0,0.008834,0.019,0.019
baseline,Baseline session authorization,10,1043,0.001042,0.00775,0.0,0.018875,0.029125,0.029125
baseline,Baseline session authorization,10,1044,0.001,0.0075,0.0,0.009042,0.018917,0.018917
baseline,Baseline session authorization,10,1045,0.000958,0.007667,0.0,0.008875,0.018916,0.018916
baseline,Baseline session authorization,10,1046,0.001125,0.007625,0.0,0.009,0.019125,0.019125
baseline,Baseline session authorization,10,1047,0.001167,0.01225,0.0,0.009542,0.024583,0.024583
baseline,Baseline session authorization,10,1048,0.001042,0.00725,0.0,0.00875,0.018375,0.018375
baseline,Baseline session authorization,10,1049,0.001042,0.007458,0.0,0.008917,0.01875,0.01875
baseline,Baseline session authorization,10,1050,0.000959,0.007333,0.0,0.00875,0.018333,0.018333
baseline,Baseline session authorization,10,1051,0.001042,0.010833,0.0,0.009,0.022166,0.022166
baseline,Baseline session authorization,10,1052,0.001,0.007666,0.0,0.008958,0.018959,0.018959
baseline,Baseline session authorization,10,1053,0.001041,0.007792,0.0,0.008959,0.019208,0.019208
baseline,Baseline session authorization,10,1054,0.000875,0.007375,0.0,0.008791,0.018375,0.018375
baseline,Baseline session authorization,10,1055,0.001041,0.007459,0.0,0.008875,0.01875,0.01875
baseline,Baseline session authorization,10,1056,0.001083,0.012375,0.0,0.009208,0.024083,0.024083
baseline,Baseline session authorization,10,1057,0.000875,0.007167,0.0,0.008625,0.018,0.018
baseline,Baseline session authorization,10,1058,0.001041,0.007458,0.0,0.008917,0.01875,0.01875
baseline,Baseline session authorization,10,1059,0.001,0.007292,0.0,0.008917,0.018625,0.018625
baseline,Baseline session authorization,10,1060,0.001,0.010583,0.0,0.009,0.021958,0.021958
baseline,Baseline session authorization,10,1061,0.001,0.007583,0.0,0.008917,0.018916,0.018916
baseline,Baseline session authorization,10,1062,0.001084,0.0075,0.0,0.008875,0.018792,0.018792
baseline,Baseline session authorization,10,1063,0.001,0.007416,0.0,0.008917,0.01875,0.01875
baseline,Baseline session authorization,10,1064,0.001042,0.00775,0.0,0.009083,0.019166,0.019166
baseline,Baseline session authorization,10,1065,0.000958,0.007666,0.0,0.008875,0.018833,0.018833
baseline,Baseline session authorization,10,1066,0.001,0.007542,0.0,0.008875,0.018834,0.018834
baseline,Baseline session authorization,10,1067,0.001042,0.007458,0.0,0.008917,0.01875,0.01875
baseline,Baseline session authorization,10,1068,0.001,0.007333,0.0,0.008917,0.018667,0.018667
baseline,Baseline session authorization,10,1069,0.000916,0.007541,0.0,0.008958,0.018917,0.018917
baseline,Baseline session authorization,10,1070,0.001041,0.008042,0.0,0.009125,0.019625,0.019625
baseline,Baseline session authorization,10,1071,0.000959,0.007459,0.0,0.008959,0.018834,0.018834
baseline,Baseline session authorization,10,1072,0.000958,0.007375,0.0,0.008958,0.018666,0.018666
baseline,Baseline session authorization,10,1073,0.000959,0.00725,0.0,0.008875,0.018417,0.018417
baseline,Baseline session authorization,10,1074,0.001042,0.007458,0.0,0.008875,0.01875,0.01875
baseline,Baseline session authorization,10,1075,0.001084,0.007458,0.0,0.009,0.018917,0.018917
baseline,Baseline session authorization,10,1076,0.001,0.007583,0.0,0.008917,0.018916,0.018916
baseline,Baseline session authorization,10,1077,0.001042,0.007459,0.0,0.008959,0.018917,0.018917
baseline,Baseline session authorization,10,1078,0.001041,0.007667,0.0,0.008958,0.019042,0.019042
baseline,Baseline session authorization,10,1079,0.001042,0.007583,0.0,0.008875,0.018875,0.018875
baseline,Baseline session authorization,10,1080,0.001041,0.007375,0.0,0.009,0.018709,0.018709
baseline,Baseline session authorization,10,1081,0.001042,0.0075,0.0,0.009,0.018875,0.018875
baseline,Baseline session authorization,10,1082,0.001041,0.007583,0.0,0.008792,0.018791,0.018791
baseline,Baseline session authorization,10,1083,0.000959,0.007291,0.0,0.008708,0.018292,0.018292
baseline,Baseline session authorization,10,1084,0.000958,0.007375,0.0,0.00875,0.018416,0.018416
baseline,Baseline session authorization,10,1085,0.001,0.007916,0.0,0.0105,0.020834,0.020834
baseline,Baseline session authorization,10,1086,0.001,0.007333,0.0,0.009041,0.01875,0.01875
baseline,Baseline session authorization,10,1087,0.001083,0.008042,0.0,0.00925,0.019666,0.019666
baseline,Baseline session authorization,10,1088,0.001,0.010625,0.0,0.008875,0.021916,0.021916
baseline,Baseline session authorization,10,1089,0.001,0.007458,0.0,0.008917,0.01875,0.01875
baseline,Baseline session authorization,10,1090,0.001041,0.007625,0.0,0.008875,0.018959,0.018959
baseline,Baseline session authorization,10,1091,0.001041,0.007875,0.0,0.021,0.031416,0.031416
baseline,Baseline session authorization,10,1092,0.000958,0.007292,0.0,0.008791,0.018375,0.018375
baseline,Baseline session authorization,10,1093,0.001042,0.007833,0.0,0.009083,0.019291,0.019291
baseline,Baseline session authorization,10,1094,0.001084,0.007416,0.0,0.008958,0.018834,0.018834
baseline,Baseline session authorization,10,1095,0.001209,0.013167,0.0,0.010042,0.026167,0.026167
baseline,Baseline session authorization,10,1096,0.000958,0.007375,0.0,0.008792,0.018417,0.018417
baseline,Baseline session authorization,10,1097,0.001041,0.010583,0.0,0.008958,0.021959,0.021959
baseline,Baseline session authorization,10,1098,0.001083,0.008084,0.0,0.009209,0.019958,0.019958
baseline,Baseline session authorization,10,1099,0.001125,0.007708,0.0,0.009,0.019209,0.019209
baseline,Baseline session authorization,10,1100,0.001,0.007583,0.0,0.009,0.018833,0.018833
baseline,Baseline session authorization,10,1101,0.001,0.007542,0.0,0.008958,0.018916,0.018916
baseline,Baseline session authorization,10,1102,0.001,0.011208,0.0,0.009041,0.022625,0.022625
baseline,Baseline session authorization,10,1103,0.001,0.007458,0.0,0.008958,0.018833,0.018833
baseline,Baseline session authorization,10,1104,0.001042,0.007292,0.0,0.008833,0.018458,0.018458
baseline,Baseline session authorization,10,1105,0.001084,0.008291,0.0,0.009208,0.020084,0.020084
baseline,Baseline session authorization,10,1106,0.001041,0.007542,0.0,0.008958,0.018875,0.018875
baseline,Baseline session authorization,10,1107,0.001083,0.007375,0.0,0.008958,0.01875,0.01875
baseline,Baseline session authorization,10,1108,0.001042,0.007625,0.0,0.009042,0.019042,0.019042
baseline,Baseline session authorization,10,1109,0.000917,0.007417,0.0,0.00875,0.018417,0.018417
baseline,Baseline session authorization,10,1110,0.001,0.007334,0.0,0.008916,0.018625,0.018625
baseline,Baseline session authorization,10,1111,0.000959,0.007291,0.0,0.00875,0.018333,0.018333
baseline,Baseline session authorization,10,1112,0.001083,0.007459,0.0,0.009,0.018959,0.018959
baseline,Baseline session authorization,10,1113,0.001,0.007167,0.0,0.008917,0.018416,0.018416
baseline,Baseline session authorization,10,1114,0.001,0.0075,0.0,0.009,0.018791,0.018791
baseline,Baseline session authorization,10,1115,0.001042,0.007458,0.0,0.009041,0.018959,0.018959
baseline,Baseline session authorization,10,1116,0.001,0.007959,0.0,0.008958,0.019291,0.019291
baseline,Baseline session authorization,10,1117,0.001,0.010375,0.0,0.009041,0.021833,0.021833
baseline,Baseline session authorization,10,1118,0.001,0.007333,0.0,0.008959,0.018667,0.018667
baseline,Baseline session authorization,10,1119,0.001042,0.0075,0.0,0.009,0.018917,0.018917
baseline,Baseline session authorization,10,1120,0.001,0.0075,0.0,0.008958,0.018792,0.018792
baseline,Baseline session authorization,10,1121,0.001,0.007583,0.0,0.008917,0.018917,0.018917
baseline,Baseline session authorization,10,1122,0.001,0.007625,0.0,0.009,0.018875,0.018875
baseline,Baseline session authorization,10,1123,0.001042,0.0075,0.0,0.008917,0.018792,0.018792
baseline,Baseline session authorization,10,1124,0.001167,0.008459,0.0,0.009084,0.020167,0.020167
baseline,Baseline session authorization,10,1125,0.001,0.0105,0.0,0.009041,0.021959,0.021959
baseline,Baseline session authorization,10,1126,0.001,0.007667,0.0,0.00875,0.018792,0.018792
baseline,Baseline session authorization,10,1127,0.001083,0.00775,0.0,0.008791,0.019,0.019
baseline,Baseline session authorization,10,1128,0.000958,0.0075,0.0,0.008917,0.01875,0.01875
baseline,Baseline session authorization,10,1129,0.001084,0.012583,0.0,0.009166,0.02425,0.02425
baseline,Baseline session authorization,10,1130,0.001,0.007542,0.0,0.008875,0.01875,0.01875
baseline,Baseline session authorization,10,1131,0.000958,0.007333,0.0,0.008833,0.018375,0.018375
baseline,Baseline session authorization,10,1132,0.000958,0.0075,0.0,0.008958,0.018792,0.018792
baseline,Baseline session authorization,10,1133,0.000958,0.011,0.0,0.008833,0.022125,0.022125
baseline,Baseline session authorization,10,1134,0.001,0.010709,0.0,0.008875,0.021958,0.021958
baseline,Baseline session authorization,10,1135,0.001042,0.008084,0.0,0.009084,0.019625,0.019625
baseline,Baseline session authorization,10,1136,0.001,0.007667,0.0,0.008958,0.019,0.019
baseline,Baseline session authorization,10,1137,0.001083,0.007375,0.0,0.008875,0.018708,0.018708
baseline,Baseline session authorization,10,1138,0.001083,0.007583,0.0,0.009083,0.019166,0.019166
baseline,Baseline session authorization,10,1139,0.001042,0.007334,0.0,0.008834,0.018625,0.018625
baseline,Baseline session authorization,10,1140,0.001041,0.0075,0.0,0.009,0.018792,0.018792
baseline,Baseline session authorization,10,1141,0.001,0.007583,0.0,0.008917,0.018875,0.018875
baseline,Baseline session authorization,10,1142,0.001209,0.008334,0.0,0.009375,0.020541,0.020541
baseline,Baseline session authorization,10,1143,0.001042,0.007375,0.0,0.008958,0.018792,0.018792
baseline,Baseline session authorization,10,1144,0.001042,0.007917,0.0,0.009,0.019292,0.019292
baseline,Baseline session authorization,10,1145,0.000875,0.007458,0.0,0.008959,0.018625,0.018625
baseline,Baseline session authorization,10,1146,0.001083,0.007541,0.0,0.008875,0.018916,0.018916
baseline,Baseline session authorization,10,1147,0.001042,0.0075,0.0,0.008917,0.018791,0.018791
baseline,Baseline session authorization,10,1148,0.000958,0.007417,0.0,0.008917,0.018667,0.018667
baseline,Baseline session authorization,10,1149,0.001,0.007416,0.0,0.00875,0.0185,0.0185
baseline,Baseline session authorization,10,1150,0.001,0.007417,0.0,0.00875,0.018542,0.018542
baseline,Baseline session authorization,10,1151,0.001125,0.007708,0.0,0.018583,0.028875,0.028875
baseline,Baseline session authorization,10,1152,0.000958,0.007666,0.0,0.008875,0.018916,0.018916
baseline,Baseline session authorization,10,1153,0.001041,0.0075,0.0,0.009,0.018833,0.018833
baseline,Baseline session authorization,10,1154,0.001167,0.008,0.0,0.008917,0.0195,0.0195
baseline,Baseline session authorization,10,1155,0.001,0.0075,0.0,0.009042,0.018917,0.018917
baseline,Baseline session authorization,10,1156,0.001083,0.007584,0.0,0.009041,0.019084,0.019084
baseline,Baseline session authorization,10,1157,0.000958,0.007625,0.0,0.008792,0.01875,0.01875
baseline,Baseline session authorization,10,1158,0.001042,0.007417,0.0,0.008916,0.018709,0.018709
baseline,Baseline session authorization,10,1159,0.000958,0.010375,0.0,0.008917,0.021541,0.021541
baseline,Baseline session authorization,10,1160,0.000875,0.00725,0.0,0.008833,0.018334,0.018334
baseline,Baseline session authorization,10,1161,0.001084,0.010917,0.0,0.009041,0.022417,0.022417
baseline,Baseline session authorization,10,1162,0.001042,0.007875,0.0,0.009083,0.019375,0.019375
baseline,Baseline session authorization,10,1163,0.001,0.007542,0.0,0.008917,0.018833,0.018833
baseline,Baseline session authorization,10,1164,0.001,0.007167,0.0,0.008833,0.018333,0.018333
baseline,Baseline session authorization,10,1165,0.001,0.0075,0.0,0.008917,0.018791,0.018791
baseline,Baseline session authorization,10,1166,0.000959,0.007125,0.0,0.00875,0.01825,0.01825
baseline,Baseline session authorization,10,1167,0.001125,0.008542,0.0,0.0095,0.020875,0.020875
baseline,Baseline session authorization,10,1168,0.000959,0.0075,0.0,0.008959,0.018792,0.018792
baseline,Baseline session authorization,10,1169,0.001125,0.007791,0.0,0.009125,0.019417,0.019417
baseline,Baseline session authorization,10,1170,0.001,0.0105,0.0,0.008833,0.02175,0.02175
baseline,Baseline session authorization,10,1171,0.001,0.0075,0.0,0.008833,0.018625,0.018625
baseline,Baseline session authorization,10,1172,0.001208,0.011708,0.0,0.008959,0.023334,0.023334
baseline,Baseline session authorization,10,1173,0.001,0.007291,0.0,0.008875,0.018541,0.018541
baseline,Baseline session authorization,10,1174,0.001042,0.007875,0.0,0.009375,0.01975,0.01975
baseline,Baseline session authorization,10,1175,0.001,0.010916,0.0,0.009041,0.022375,0.022375
baseline,Baseline session authorization,10,1176,0.001083,0.007917,0.0,0.009209,0.019625,0.019625
baseline,Baseline session authorization,10,1177,0.001,0.007458,0.0,0.008916,0.018791,0.018791
baseline,Baseline session authorization,10,1178,0.000916,0.019959,0.0,0.009125,0.031458,0.031458
baseline,Baseline session authorization,10,1179,0.001041,0.007625,0.0,0.009083,0.019125,0.019125
baseline,Baseline session authorization,10,1180,0.001042,0.007416,0.0,0.009,0.018875,0.018875
baseline,Baseline session authorization,10,1181,0.001041,0.007417,0.0,0.008916,0.018791,0.018791
baseline,Baseline session authorization,10,1182,0.000916,0.007459,0.0,0.00875,0.0185,0.0185
baseline,Baseline session authorization,10,1183,0.001083,0.008042,0.0,0.009125,0.01975,0.01975
baseline,Baseline session authorization,10,1184,0.001041,0.011625,0.0,0.009125,0.023208,0.023208
baseline,Baseline session authorization,10,1185,0.001,0.007333,0.0,0.008791,0.018541,0.018541
baseline,Baseline session authorization,10,1186,0.001,0.0075,0.0,0.008875,0.018709,0.018709
baseline,Baseline session authorization,10,1187,0.001041,0.007667,0.0,0.009,0.019083,0.019083
baseline,Baseline session authorization,10,1188,0.001,0.007375,0.0,0.008959,0.018709,0.018709
baseline,Baseline session authorization,10,1189,0.000959,0.007416,0.0,0.009084,0.018958,0.018958
baseline,Baseline session authorization,10,1190,0.001042,0.007458,0.0,0.008875,0.018666,0.018666
baseline,Baseline session authorization,10,1191,0.001,0.007542,0.0,0.008792,0.018666,0.018666
baseline,Baseline session authorization,10,1192,0.001083,0.008667,0.0,0.00975,0.021,0.021
baseline,Baseline session authorization,10,1193,0.001,0.007292,0.0,0.008917,0.018708,0.018708
baseline,Baseline session authorization,10,1194,0.001167,0.01075,0.0,0.009,0.02225,0.02225
baseline,Baseline session authorization,10,1195,0.001,0.0075,0.0,0.008875,0.018708,0.018708
baseline,Baseline session authorization,10,1196,0.001,0.007542,0.0,0.008833,0.018792,0.018792
baseline,Baseline session authorization,10,1197,0.000917,0.007375,0.0,0.008875,0.0185,0.0185
baseline,Baseline session authorization,10,1198,0.001,0.007583,0.0,0.009,0.019,0.019
baseline,Baseline session authorization,10,1199,0.001042,0.007417,0.0,0.008833,0.018625,0.018625
baseline,Baseline session authorization,10,1200,0.001042,0.007292,0.0,0.008791,0.018458,0.018458
baseline,Baseline session authorization,10,1201,0.001,0.007875,0.0,0.009166,0.019459,0.019459
baseline,Baseline session authorization,10,1202,0.001042,0.007583,0.0,0.008916,0.018917,0.018917
baseline,Baseline session authorization,10,1203,0.001042,0.0075,0.0,0.008791,0.018625,0.018625
baseline,Baseline session authorization,10,1204,0.000917,0.015625,0.0,0.009208,0.027125,0.027125
baseline,Baseline session authorization,10,1205,0.001,0.007375,0.0,0.008792,0.0185,0.0185
baseline,Baseline session authorization,10,1206,0.000958,0.010833,0.0,0.009,0.022333,0.022333
baseline,Baseline session authorization,10,1207,0.001125,0.007583,0.0,0.008959,0.019,0.019
baseline,Baseline session authorization,10,1208,0.000958,0.007417,0.0,0.008916,0.018625,0.018625
baseline,Baseline session authorization,10,1209,0.001,0.00775,0.0,0.008958,0.019125,0.019125
baseline,Baseline session authorization,10,1210,0.000959,0.00725,0.0,0.008833,0.018459,0.018459
baseline,Baseline session authorization,10,1211,0.000958,0.010584,0.0,0.008833,0.021667,0.021667
baseline,Baseline session authorization,10,1212,0.001041,0.007541,0.0,0.008959,0.018959,0.018959
baseline,Baseline session authorization,10,1213,0.001084,0.007541,0.0,0.008875,0.018834,0.018834
baseline,Baseline session authorization,10,1214,0.001084,0.007708,0.0,0.0095,0.019667,0.019667
baseline,Baseline session authorization,10,1215,0.001084,0.00825,0.0,0.008958,0.019709,0.019709
baseline,Baseline session authorization,10,1216,0.001,0.007584,0.0,0.008833,0.018708,0.018708
baseline,Baseline session authorization,10,1217,0.001041,0.0075,0.0,0.008875,0.018792,0.018792
baseline,Baseline session authorization,10,1218,0.001167,0.008125,0.0,0.009042,0.019708,0.019708
baseline,Baseline session authorization,10,1219,0.001041,0.007958,0.0,0.00925,0.019708,0.019708
baseline,Baseline session authorization,10,1220,0.001166,0.00825,0.0,0.009166,0.02,0.02
baseline,Baseline session authorization,10,1221,0.001042,0.007541,0.0,0.009042,0.019,0.019
baseline,Baseline session authorization,10,1222,0.001125,0.007917,0.0,0.008875,0.019292,0.019292
baseline,Baseline session authorization,10,1223,0.001,0.007458,0.0,0.008917,0.01875,0.01875
baseline,Baseline session authorization,10,1224,0.001,0.007416,0.0,0.008875,0.018584,0.018584
baseline,Baseline session authorization,10,1225,0.001,0.007417,0.0,0.009125,0.018875,0.018875
baseline,Baseline session authorization,10,1226,0.001,0.007666,0.0,0.008958,0.019,0.019
baseline,Baseline session authorization,10,1227,0.001,0.010708,0.0,0.009125,0.022208,0.022208
baseline,Baseline session authorization,10,1228,0.001042,0.007458,0.0,0.009042,0.018875,0.018875
baseline,Baseline session authorization,10,1229,0.001,0.0075,0.0,0.008833,0.018708,0.018708
baseline,Baseline session authorization,10,1230,0.001,0.007584,0.0,0.00875,0.0185,0.0185
baseline,Baseline session authorization,10,1231,0.001083,0.007625,0.0,0.008917,0.019042,0.019042
baseline,Baseline session authorization,10,1232,0.000917,0.007625,0.0,0.008833,0.018709,0.018709
baseline,Baseline session authorization,10,1233,0.001125,0.008041,0.0,0.00925,0.019833,0.019833
baseline,Baseline session authorization,10,1234,0.000916,0.007291,0.0,0.008834,0.018333,0.018333
baseline,Baseline session authorization,10,1235,0.001125,0.007958,0.0,0.009167,0.019667,0.019667
baseline,Baseline session authorization,10,1236,0.001,0.008084,0.0,0.009042,0.019583,0.019583
baseline,Baseline session authorization,10,1237,0.001042,0.007291,0.0,0.008917,0.018625,0.018625
baseline,Baseline session authorization,10,1238,0.001,0.0075,0.0,0.009,0.018833,0.018833
baseline,Baseline session authorization,10,1239,0.000917,0.010833,0.0,0.008791,0.021875,0.021875
baseline,Baseline session authorization,10,1240,0.000959,0.007625,0.0,0.009167,0.019167,0.019167
baseline,Baseline session authorization,10,1241,0.001,0.007459,0.0,0.008791,0.018542,0.018542
baseline,Baseline session authorization,10,1242,0.001,0.007375,0.0,0.008917,0.018667,0.018667
baseline,Baseline session authorization,10,1243,0.001,0.007708,0.0,0.008792,0.018875,0.018875
baseline,Baseline session authorization,10,1244,0.000958,0.007708,0.0,0.008875,0.01875,0.01875
baseline,Baseline session authorization,10,1245,0.001,0.007375,0.0,0.008917,0.018708,0.018708
baseline,Baseline session authorization,10,1246,0.001083,0.052792,0.0,0.009417,0.06525,0.06525
baseline,Baseline session authorization,10,1247,0.001042,0.00775,0.0,0.009125,0.019292,0.019292
baseline,Baseline session authorization,10,1248,0.001,0.007583,0.0,0.009,0.018875,0.018875
baseline,Baseline session authorization,10,1249,0.001,0.007917,0.0,0.008959,0.019208,0.019208
baseline,Baseline session authorization,10,1250,0.001,0.007458,0.0,0.008833,0.018666,0.018666
baseline,Baseline session authorization,10,1251,0.000958,0.010583,0.0,0.008958,0.021833,0.021833
baseline,Baseline session authorization,10,1252,0.001042,0.008208,0.0,0.009042,0.019667,0.019667
baseline,Baseline session authorization,10,1253,0.001125,0.008292,0.0,0.00925,0.02,0.02
baseline,Baseline session authorization,10,1254,0.000958,0.007542,0.0,0.008958,0.018833,0.018833
baseline,Baseline session authorization,10,1255,0.001041,0.007584,0.0,0.008958,0.018916,0.018916
baseline,Baseline session authorization,10,1256,0.001,0.007417,0.0,0.009,0.018792,0.018792
baseline,Baseline session authorization,10,1257,0.001042,0.0075,0.0,0.008958,0.018875,0.018875
baseline,Baseline session authorization,10,1258,0.001042,0.008333,0.0,0.009666,0.020542,0.020542
baseline,Baseline session authorization,10,1259,0.001,0.007542,0.0,0.008959,0.018833,0.018833
baseline,Baseline session authorization,10,1260,0.001042,0.007667,0.0,0.008875,0.019041,0.019041
baseline,Baseline session authorization,10,1261,0.001,0.007542,0.0,0.008833,0.018709,0.018709
baseline,Baseline session authorization,10,1262,0.000917,0.007416,0.0,0.008917,0.018625,0.018625
baseline,Baseline session authorization,10,1263,0.001,0.007375,0.0,0.008916,0.018625,0.018625
baseline,Baseline session authorization,10,1264,0.001,0.007333,0.0,0.008833,0.018375,0.018375
baseline,Baseline session authorization,10,1265,0.001,0.007584,0.0,0.009,0.018959,0.018959
baseline,Baseline session authorization,10,1266,0.001,0.007459,0.0,0.009,0.018708,0.018708
baseline,Baseline session authorization,10,1267,0.001041,0.007792,0.0,0.009333,0.019666,0.019666
baseline,Baseline session authorization,10,1268,0.000958,0.00775,0.0,0.008917,0.018958,0.018958
baseline,Baseline session authorization,10,1269,0.001125,0.015459,0.0,0.009458,0.027625,0.027625
baseline,Baseline session authorization,10,1270,0.000334,0.004125,0.0,0.006166,0.0115,0.0115
baseline,Baseline session authorization,10,1271,0.000333,0.004167,0.0,0.006,0.011417,0.011417
baseline,Baseline session authorization,10,1272,0.001125,0.007709,0.0,0.009584,0.019833,0.019833
baseline,Baseline session authorization,10,1273,0.001083,0.007458,0.0,0.008958,0.018833,0.018833
baseline,Baseline session authorization,10,1274,0.000292,0.004083,0.0,0.006125,0.011375,0.011375
baseline,Baseline session authorization,10,1275,0.001083,0.007417,0.0,0.008916,0.018792,0.018792
baseline,Baseline session authorization,10,1276,0.000958,0.007542,0.0,0.008833,0.01875,0.01875
baseline,Baseline session authorization,10,1277,0.001084,0.008042,0.0,0.008875,0.019542,0.019542
baseline,Baseline session authorization,10,1278,0.001083,0.007667,0.0,0.008875,0.019042,0.019042
baseline,Baseline session authorization,10,1279,0.000958,0.007667,0.0,0.008833,0.018875,0.018875
baseline,Baseline session authorization,10,1280,0.000334,0.005375,0.0,0.006292,0.012792,0.012792
baseline,Baseline session authorization,10,1281,0.000375,0.004125,0.0,0.006042,0.011375,0.011375
baseline,Baseline session authorization,10,1282,0.000291,0.004083,0.0,0.006167,0.011417,0.011417
baseline,Baseline session authorization,10,1283,0.001084,0.00775,0.0,0.009042,0.019292,0.019292
baseline,Baseline session authorization,10,1284,0.000958,0.007292,0.0,0.008833,0.018416,0.018416
baseline,Baseline session authorization,10,1285,0.001,0.007625,0.0,0.009042,0.019042,0.019042
baseline,Baseline session authorization,10,1286,0.000291,0.004166,0.0,0.006042,0.011333,0.011333
baseline,Baseline session authorization,10,1287,0.000375,0.004125,0.0,0.006083,0.011459,0.011459
baseline,Baseline session authorization,10,1288,0.000917,0.00725,0.0,0.008875,0.018417,0.018417
baseline,Baseline session authorization,10,1289,0.000958,0.0105,0.0,0.008917,0.02175,0.02175
baseline,Baseline session authorization,10,1290,0.000333,0.004125,0.0,0.006167,0.011417,0.011417
baseline,Baseline session authorization,10,1291,0.001042,0.007416,0.0,0.008917,0.01875,0.01875
baseline,Baseline session authorization,10,1292,0.001041,0.011042,0.0,0.009042,0.022583,0.022583
baseline,Baseline session authorization,10,1293,0.000958,0.007708,0.0,0.008875,0.019041,0.019041
baseline,Baseline session authorization,10,1294,0.001,0.007417,0.0,0.008917,0.018833,0.018833
baseline,Baseline session authorization,10,1295,0.001042,0.008083,0.0,0.009084,0.019583,0.019583
baseline,Baseline session authorization,10,1296,0.000333,0.004208,0.0,0.006125,0.011458,0.011458
baseline,Baseline session authorization,10,1297,0.000333,0.004125,0.0,0.006041,0.011333,0.011333
baseline,Baseline session authorization,10,1298,0.000375,0.004209,0.0,0.006166,0.011666,0.011666
baseline,Baseline session authorization,10,1299,0.001042,0.00775,0.0,0.008875,0.019,0.019
baseline,Baseline session authorization,10,1300,0.001084,0.007709,0.0,0.008959,0.019125,0.019125
baseline,Baseline session authorization,10,1301,0.001083,0.007625,0.0,0.009042,0.019041,0.019041
baseline,Baseline session authorization,10,1302,0.001167,0.008,0.0,0.009,0.0195,0.0195
baseline,Baseline session authorization,10,1303,0.001,0.010584,0.0,0.009,0.022,0.022
baseline,Baseline session authorization,10,1304,0.000334,0.004208,0.0,0.006166,0.011459,0.011459
baseline,Baseline session authorization,10,1305,0.000333,0.004166,0.0,0.006042,0.011417,0.011417
baseline,Baseline session authorization,10,1306,0.001,0.011334,0.0,0.009,0.022833,0.022833
baseline,Baseline session authorization,10,1307,0.001125,0.01825,0.0,0.009583,0.030333,0.030333
baseline,Baseline session authorization,10,1308,0.0005,0.00475,0.0,0.006334,0.012458,0.012458
baseline,Baseline session authorization,10,1309,0.001,0.007708,0.0,0.008833,0.018959,0.018959
baseline,Baseline session authorization,10,1310,0.001,0.007583,0.0,0.008917,0.018875,0.018875
baseline,Baseline session authorization,10,1311,0.001,0.007708,0.0,0.009041,0.019209,0.019209
baseline,Baseline session authorization,10,1312,0.001083,0.0075,0.0,0.009041,0.019084,0.019084
baseline,Baseline session authorization,10,1313,0.001,0.007917,0.0,0.009125,0.0195,0.0195
baseline,Baseline session authorization,10,1314,0.000333,0.004208,0.0,0.006084,0.011417,0.011417
baseline,Baseline session authorization,10,1315,0.000333,0.006417,0.0,0.006458,0.014125,0.014125
baseline,Baseline session authorization,10,1316,0.000375,0.020125,0.0,0.007375,0.029,0.029
baseline,Baseline session authorization,10,1317,0.001,0.007458,0.0,0.009,0.018791,0.018791
baseline,Baseline session authorization,10,1318,0.001,0.007292,0.0,0.008959,0.018667,0.018667
baseline,Baseline session authorization,10,1319,0.001042,0.0115,0.0,0.009,0.022958,0.022958
baseline,Baseline session authorization,10,1320,0.001042,0.007625,0.0,0.008958,0.018958,0.018958
baseline,Baseline session authorization,10,1321,0.000917,0.007375,0.0,0.020167,0.029916,0.029916
baseline,Baseline session authorization,10,1322,0.001,0.00775,0.0,0.008916,0.018959,0.018959
baseline,Baseline session authorization,10,1323,0.000334,0.004292,0.0,0.006125,0.011541,0.011541
baseline,Baseline session authorization,10,1324,0.000667,0.00525,0.0,0.00725,0.01425,0.01425
baseline,Baseline session authorization,10,1325,0.001042,0.007375,0.0,0.009,0.01875,0.01875
baseline,Baseline session authorization,10,1326,0.001,0.007333,0.0,0.008917,0.018667,0.018667
baseline,Baseline session authorization,10,1327,0.000375,0.004375,0.0,0.00625,0.011875,0.011875
baseline,Baseline session authorization,10,1328,0.001,0.007542,0.0,0.008959,0.018959,0.018959
baseline,Baseline session authorization,10,1329,0.001,0.007542,0.0,0.008791,0.018709,0.018709
baseline,Baseline session authorization,10,1330,0.000958,0.007459,0.0,0.008834,0.018708,0.018708
baseline,Baseline session authorization,10,1331,0.001083,0.008292,0.0,0.009041,0.01975,0.01975
baseline,Baseline session authorization,10,1332,0.000917,0.0075,0.0,0.008917,0.018708,0.018708
baseline,Baseline session authorization,10,1333,0.000375,0.004125,0.0,0.006083,0.011375,0.011375
baseline,Baseline session authorization,10,1334,0.000291,0.004125,0.0,0.006125,0.011417,0.011417
baseline,Baseline session authorization,10,1335,0.001,0.007417,0.0,0.009,0.018666,0.018666
baseline,Baseline session authorization,10,1336,0.001042,0.011083,0.0,0.008958,0.022375,0.022375
baseline,Baseline session authorization,10,1337,0.000625,0.006917,0.0,0.006416,0.014916,0.014916
baseline,Baseline session authorization,10,1338,0.001042,0.007542,0.0,0.009041,0.018959,0.018959
baseline,Baseline session authorization,10,1339,0.001,0.0075,0.0,0.008959,0.018792,0.018792
baseline,Baseline session authorization,10,1340,0.000958,0.007625,0.0,0.008958,0.018917,0.018917
baseline,Baseline session authorization,10,1341,0.001083,0.007542,0.0,0.008875,0.018916,0.018916
baseline,Baseline session authorization,10,1342,0.001125,0.00775,0.0,0.009166,0.019334,0.019334
baseline,Baseline session authorization,10,1343,0.000375,0.00425,0.0,0.006125,0.0115,0.0115
baseline,Baseline session authorization,10,1344,0.000333,0.004084,0.0,0.006125,0.011417,0.011417
baseline,Baseline session authorization,10,1345,0.001042,0.007417,0.0,0.008875,0.01875,0.01875
baseline,Baseline session authorization,10,1346,0.001041,0.007458,0.0,0.008917,0.01875,0.01875
baseline,Baseline session authorization,10,1347,0.000333,0.066083,0.0,0.011583,0.079666,0.079666
baseline,Baseline session authorization,10,1348,0.001042,0.0075,0.0,0.009,0.019,0.019
baseline,Baseline session authorization,10,1349,0.001083,0.007542,0.0,0.009083,0.019125,0.019125
baseline,Baseline session authorization,10,1350,0.001083,0.007792,0.0,0.009209,0.019584,0.019584
baseline,Baseline session authorization,10,1351,0.001,0.007458,0.0,0.008958,0.018833,0.018833
baseline,Baseline session authorization,10,1352,0.000375,0.004208,0.0,0.006125,0.0115,0.0115
baseline,Baseline session authorization,10,1353,0.000416,0.004083,0.0,0.006083,0.011417,0.011417
baseline,Baseline session authorization,10,1354,0.000375,0.004792,0.0,0.006333,0.0125,0.0125
baseline,Baseline session authorization,10,1355,0.001042,0.007459,0.0,0.008958,0.018791,0.018791
baseline,Baseline session authorization,10,1356,0.000959,0.007417,0.0,0.008792,0.018417,0.018417
baseline,Baseline session authorization,10,1357,0.001042,0.007542,0.0,0.008958,0.018958,0.018958
baseline,Baseline session authorization,10,1358,0.001,0.007459,0.0,0.008959,0.018792,0.018792
baseline,Baseline session authorization,10,1359,0.000333,0.004209,0.0,0.006041,0.011375,0.011375
baseline,Baseline session authorization,10,1360,0.000375,0.004083,0.0,0.006084,0.011292,0.011292
baseline,Baseline session authorization,10,1361,0.000917,0.007208,0.0,0.008917,0.018375,0.018375
baseline,Baseline session authorization,10,1362,0.001042,0.00775,0.0,0.008958,0.021875,0.021875
baseline,Baseline session authorization,10,1363,0.000708,0.007083,0.0,0.006542,0.015292,0.015292
baseline,Baseline session authorization,10,1364,0.001042,0.007459,0.0,0.008917,0.018875,0.018875
baseline,Baseline session authorization,10,1365,0.000958,0.007625,0.0,0.008959,0.018917,0.018917
baseline,Baseline session authorization,10,1366,0.001,0.007167,0.0,0.008792,0.018292,0.018292
baseline,Baseline session authorization,10,1367,0.001084,0.0075,0.0,0.008958,0.018916,0.018916
baseline,Baseline session authorization,10,1368,0.000375,0.00425,0.0,0.006042,0.011417,0.011417
baseline,Baseline session authorization,10,1369,0.000333,0.004083,0.0,0.006083,0.011334,0.011334
baseline,Baseline session authorization,10,1370,0.000958,0.0075,0.0,0.008916,0.01875,0.01875
baseline,Baseline session authorization,10,1371,0.001,0.00775,0.0,0.009208,0.019333,0.019333
baseline,Baseline session authorization,10,1372,0.002875,0.057875,0.0,0.013625,0.076541,0.076541
baseline,Baseline session authorization,10,1373,0.001125,0.007792,0.0,0.008959,0.019333,0.019333
baseline,Baseline session authorization,10,1374,0.001041,0.007625,0.0,0.008917,0.018916,0.018916
baseline,Baseline session authorization,10,1375,0.001041,0.007333,0.0,0.00875,0.0185,0.0185
baseline,Baseline session authorization,10,1376,0.001,0.007666,0.0,0.009,0.019041,0.019041
baseline,Baseline session authorization,10,1377,0.001,0.007291,0.0,0.008959,0.018584,0.018584
baseline,Baseline session authorization,10,1378,0.000375,0.00425,0.0,0.006125,0.011541,0.011541
baseline,Baseline session authorization,10,1379,0.000333,0.004167,0.0,0.006167,0.0115,0.0115
baseline,Baseline session authorization,10,1380,0.001,0.007459,0.0,0.009,0.018833,0.018833
baseline,Baseline session authorization,10,1381,0.001084,0.007334,0.0,0.008958,0.018667,0.018667
baseline,Baseline session authorization,10,1382,0.000416,0.004291,0.0,0.104584,0.113291,0.113291
baseline,Baseline session authorization,10,1383,0.001125,0.018333,0.0,0.009166,0.030125,0.030125
baseline,Baseline session authorization,10,1384,0.001084,0.007625,0.0,0.009,0.019083,0.019083
baseline,Baseline session authorization,10,1385,0.000958,0.00775,0.0,0.009,0.01925,0.01925
baseline,Baseline session authorization,10,1386,0.001041,0.0075,0.0,0.009042,0.018958,0.018958
baseline,Baseline session authorization,10,1387,0.000917,0.007375,0.0,0.009,0.018625,0.018625
baseline,Baseline session authorization,10,1388,0.000958,0.0075,0.0,0.009,0.018875,0.018875
baseline,Baseline session authorization,10,1389,0.000375,0.004292,0.0,0.006125,0.011625,0.011625
baseline,Baseline session authorization,10,1390,0.000292,0.004125,0.0,0.006125,0.011416,0.011416
baseline,Baseline session authorization,10,1391,0.000708,0.006041,0.0,0.007,0.014542,0.014542
baseline,Baseline session authorization,10,1392,0.001042,0.007459,0.0,0.009,0.018875,0.018875
baseline,Baseline session authorization,10,1393,0.001,0.007542,0.0,0.008875,0.018792,0.018792
baseline,Baseline session authorization,10,1394,0.001042,0.010792,0.0,0.008959,0.022209,0.022209
baseline,Baseline session authorization,10,1395,0.000958,0.011,0.0,0.008792,0.022167,0.022167
baseline,Baseline session authorization,10,1396,0.001125,0.007417,0.0,0.008833,0.01875,0.01875
baseline,Baseline session authorization,10,1397,0.001083,0.0075,0.0,0.008875,0.018834,0.018834
baseline,Baseline session authorization,10,1398,0.000291,0.004166,0.0,0.006084,0.011375,0.011375
baseline,Baseline session authorization,10,1399,0.000333,0.004084,0.0,0.006041,0.011292,0.011292
baseline,Baseline session authorization,10,1400,0.000958,0.007333,0.0,0.008792,0.0185,0.0185
baseline,Baseline session authorization,10,1401,0.001041,0.007375,0.0,0.008958,0.018625,0.018625
baseline,Baseline session authorization,10,1402,0.000375,0.004125,0.0,0.059667,0.0655,0.0655
baseline,Baseline session authorization,10,1403,0.000959,0.007416,0.0,0.008833,0.018708,0.018708
baseline,Baseline session authorization,10,1404,0.001042,0.007666,0.0,0.009417,0.019542,0.019542
baseline,Baseline session authorization,10,1405,0.001,0.010916,0.0,0.00925,0.022666,0.022666
baseline,Baseline session authorization,10,1406,0.001042,0.00775,0.0,0.020416,0.030708,0.030708
baseline,Baseline session authorization,10,1407,0.001042,0.010875,0.0,0.009083,0.022416,0.022416
baseline,Baseline session authorization,10,1408,0.000375,0.005417,0.0,0.00625,0.01275,0.01275
baseline,Baseline session authorization,10,1409,0.000291,0.004084,0.0,0.006166,0.011417,0.011417
baseline,Baseline session authorization,10,1410,0.001042,0.007958,0.0,0.009125,0.019541,0.019541
baseline,Baseline session authorization,10,1411,0.001084,0.007834,0.0,0.023333,0.03375,0.03375
baseline,Baseline session authorization,10,1412,0.000333,0.004167,0.0,0.006333,0.01175,0.01175
baseline,Baseline session authorization,10,1413,0.001,0.010542,0.0,0.009,0.021958,0.021958
baseline,Baseline session authorization,10,1414,0.000917,0.007417,0.0,0.008792,0.018375,0.018375
baseline,Baseline session authorization,10,1415,0.001,0.0075,0.0,0.008958,0.018875,0.018875
baseline,Baseline session authorization,10,1416,0.000916,0.00725,0.0,0.008834,0.018333,0.018333
baseline,Baseline session authorization,10,1417,0.000875,0.007292,0.0,0.00875,0.018208,0.018208
baseline,Baseline session authorization,10,1418,0.000375,0.004,0.0,0.006084,0.011292,0.011292
baseline,Baseline session authorization,10,1419,0.000375,0.004084,0.0,0.006208,0.0115,0.0115
baseline,Baseline session authorization,10,1420,0.001041,0.007375,0.0,0.009,0.018709,0.018709
baseline,Baseline session authorization,10,1421,0.001041,0.007833,0.0,0.009,0.019208,0.019208
baseline,Baseline session authorization,10,1422,0.000417,0.004458,0.0,0.006209,0.011959,0.011959
baseline,Baseline session authorization,10,1423,0.000958,0.007458,0.0,0.008792,0.018625,0.018625
baseline,Baseline session authorization,10,1424,0.001,0.008041,0.0,0.009042,0.019625,0.019625
baseline,Baseline session authorization,10,1425,0.001125,0.01175,0.0,0.009375,0.023834,0.023834
baseline,Baseline session authorization,10,1426,0.000959,0.007333,0.0,0.00875,0.018333,0.018333
baseline,Baseline session authorization,10,1427,0.003375,0.007875,0.0,0.009292,0.022,0.022
baseline,Baseline session authorization,10,1428,0.001,0.007375,0.0,0.00875,0.018458,0.018458
baseline,Baseline session authorization,10,1429,0.000334,0.004083,0.0,0.00625,0.011458,0.011458
baseline,Baseline session authorization,10,1430,0.000417,0.004334,0.0,0.006291,0.011875,0.011875
baseline,Baseline session authorization,10,1431,0.000292,0.01825,0.0,0.00725,0.026792,0.026792
baseline,Baseline session authorization,10,1432,0.001042,0.007625,0.0,0.008917,0.018958,0.018958
baseline,Baseline session authorization,10,1433,0.001,0.007541,0.0,0.009125,0.019042,0.019042
baseline,Baseline session authorization,10,1434,0.001083,0.0075,0.0,0.009,0.019,0.019
baseline,Baseline session authorization,10,1435,0.001,0.007417,0.0,0.008875,0.01875,0.01875
baseline,Baseline session authorization,10,1436,0.000334,0.004083,0.0,0.006166,0.011292,0.011292
baseline,Baseline session authorization,10,1437,0.000334,0.004125,0.0,0.006042,0.011375,0.011375
baseline,Baseline session authorization,10,1438,0.000333,0.004333,0.0,0.006208,0.011792,0.011792
baseline,Baseline session authorization,10,1439,0.000959,0.007792,0.0,0.009,0.019042,0.019042
baseline,Baseline session authorization,10,1440,0.001,0.007708,0.0,0.009083,0.019125,0.019125
baseline,Baseline session authorization,10,1441,0.001041,0.007875,0.0,0.009125,0.019459,0.019459
baseline,Baseline session authorization,10,1442,0.001042,0.0075,0.0,0.009084,0.019042,0.019042
baseline,Baseline session authorization,10,1443,0.000292,0.004083,0.0,0.005834,0.011042,0.011042
baseline,Baseline session authorization,10,1444,0.000333,0.004,0.0,0.006125,0.01125,0.01125
baseline,Baseline session authorization,10,1445,0.000334,0.004083,0.0,0.006084,0.011333,0.011333
baseline,Baseline session authorization,10,1446,0.000334,0.004833,0.0,0.006209,0.012292,0.012292
baseline,Baseline session authorization,10,1447,0.001042,0.007708,0.0,0.008958,0.019125,0.019125
baseline,Baseline session authorization,10,1448,0.001,0.007458,0.0,0.008917,0.018708,0.018708
baseline,Baseline session authorization,10,1449,0.001167,0.008,0.0,0.00925,0.019792,0.019792
baseline,Baseline session authorization,10,1450,0.001084,0.008292,0.0,0.009,0.019833,0.019833
baseline,Baseline session authorization,10,1451,0.001,0.007291,0.0,0.008709,0.018292,0.018292
baseline,Baseline session authorization,10,1452,0.001041,0.007459,0.0,0.009083,0.018958,0.018958
baseline,Baseline session authorization,10,1453,0.000875,0.007417,0.0,0.008958,0.018667,0.018667
baseline,Baseline session authorization,10,1454,0.000292,0.004083,0.0,0.005834,0.011083,0.011083
baseline,Baseline session authorization,10,1455,0.000333,0.004084,0.0,0.006083,0.01125,0.01125
baseline,Baseline session authorization,10,1456,0.000333,0.004166,0.0,0.006083,0.011333,0.011333
baseline,Baseline session authorization,10,1457,0.000417,0.005792,0.0,0.007083,0.014208,0.014208
baseline,Baseline session authorization,10,1458,0.001,0.007333,0.0,0.008958,0.018667,0.018667
baseline,Baseline session authorization,10,1459,0.000958,0.00725,0.0,0.008958,0.0185,0.0185
baseline,Baseline session authorization,10,1460,0.000917,0.007625,0.0,0.009,0.019,0.019
baseline,Baseline session authorization,10,1461,0.000959,0.007333,0.0,0.00875,0.018416,0.018416
baseline,Baseline session authorization,10,1462,0.000334,0.004042,0.0,0.005833,0.011041,0.011041
baseline,Baseline session authorization,10,1463,0.000334,0.004083,0.0,0.006084,0.011291,0.011291
baseline,Baseline session authorization,10,1464,0.000292,0.004042,0.0,0.006041,0.011334,0.011334
baseline,Baseline session authorization,10,1465,0.001458,0.014584,0.0,0.014875,0.033042,0.033042
baseline,Baseline session authorization,10,1466,0.001,0.007459,0.0,0.009,0.018916,0.018916
baseline,Baseline session authorization,10,1467,0.001083,0.007458,0.0,0.009,0.018917,0.018917
baseline,Baseline session authorization,10,1468,0.001042,0.007708,0.0,0.00925,0.019459,0.019459
baseline,Baseline session authorization,10,1469,0.001,0.007333,0.0,0.008958,0.01875,0.01875
baseline,Baseline session authorization,10,1470,0.000958,0.007875,0.0,0.009,0.01925,0.01925
baseline,Baseline session authorization,10,1471,0.001042,0.007333,0.0,0.008833,0.018666,0.018666
baseline,Baseline session authorization,10,1472,0.000334,0.004083,0.0,0.00575,0.011,0.011
baseline,Baseline session authorization,10,1473,0.000334,0.004042,0.0,0.006125,0.011292,0.011292
baseline,Baseline session authorization,10,1474,0.000292,0.004208,0.0,0.006042,0.011458,0.011458
baseline,Baseline session authorization,10,1475,0.000333,0.004,0.0,0.006084,0.01125,0.01125
baseline,Baseline session authorization,10,1476,0.001,0.007416,0.0,0.008875,0.018792,0.018792
baseline,Baseline session authorization,10,1477,0.001,0.007208,0.0,0.008708,0.01825,0.01825
baseline,Baseline session authorization,10,1478,0.000959,0.007625,0.0,0.009,0.019125,0.019125
baseline,Baseline session authorization,10,1479,0.001042,0.008375,0.0,0.009208,0.020125,0.020125
baseline,Baseline session authorization,10,1480,0.001042,0.007709,0.0,0.008959,0.019084,0.019084
baseline,Baseline session authorization,10,1481,0.001,0.007542,0.0,0.008875,0.018833,0.018833
baseline,Baseline session authorization,10,1482,0.000333,0.00425,0.0,0.005833,0.011209,0.011209
baseline,Baseline session authorization,10,1483,0.000334,0.004209,0.0,0.006125,0.011417,0.011417
baseline,Baseline session authorization,10,1484,0.001,0.0075,0.0,0.008917,0.018917,0.018917
baseline,Baseline session authorization,10,1485,0.000334,0.004083,0.0,0.00625,0.0115,0.0115
baseline,Baseline session authorization,10,1486,0.000333,0.004125,0.0,0.006084,0.011417,0.011417
baseline,Baseline session authorization,10,1487,0.001,0.007625,0.0,0.009,0.018917,0.018917
baseline,Baseline session authorization,10,1488,0.001042,0.007458,0.0,0.009083,0.019,0.019
baseline,Baseline session authorization,10,1489,0.001,0.00725,0.0,0.008833,0.018375,0.018375
baseline,Baseline session authorization,10,1490,0.001,0.007417,0.0,0.008875,0.018791,0.018791
baseline,Baseline session authorization,10,1491,0.001,0.007417,0.0,0.008791,0.0185,0.0185
baseline,Baseline session authorization,10,1492,0.001,0.019625,0.0,0.009583,0.03175,0.03175
baseline,Baseline session authorization,10,1493,0.000375,0.004209,0.0,0.005875,0.011208,0.011208
baseline,Baseline session authorization,10,1494,0.000333,0.004125,0.0,0.006167,0.011416,0.011416
baseline,Baseline session authorization,10,1495,0.000333,0.004042,0.0,0.006,0.01125,0.01125
baseline,Baseline session authorization,10,1496,0.000333,0.004084,0.0,0.006125,0.011416,0.011416
baseline,Baseline session authorization,10,1497,0.001,0.007334,0.0,0.008791,0.018417,0.018417
baseline,Baseline session authorization,10,1498,0.001041,0.011416,0.0,0.009125,0.022916,0.022916
baseline,Baseline session authorization,10,1499,0.000959,0.007708,0.0,0.009,0.019125,0.019125
baseline,Baseline session authorization,10,1500,0.001,0.007458,0.0,0.008917,0.018834,0.018834
baseline,Baseline session authorization,10,1501,0.000292,0.004125,0.0,0.00575,0.010959,0.010959
baseline,Baseline session authorization,10,1502,0.000333,0.004083,0.0,0.00625,0.011417,0.011417
baseline,Baseline session authorization,10,1503,0.001042,0.0075,0.0,0.008917,0.018875,0.018875
baseline,Baseline session authorization,10,1504,0.000333,0.004084,0.0,0.0065,0.011792,0.011792
baseline,Baseline session authorization,10,1505,0.000333,0.005416,0.0,0.006334,0.012958,0.012958
baseline,Baseline session authorization,10,1506,0.001083,0.01075,0.0,0.008958,0.022125,0.022125
baseline,Baseline session authorization,10,1507,0.001084,0.0075,0.0,0.008916,0.018834,0.018834
baseline,Baseline session authorization,10,1508,0.001042,0.007541,0.0,0.008833,0.018834,0.018834
baseline,Baseline session authorization,10,1509,0.001,0.007458,0.0,0.008958,0.018709,0.018709
baseline,Baseline session authorization,10,1510,0.000334,0.004041,0.0,0.005709,0.010958,0.010958
baseline,Baseline session authorization,10,1511,0.000292,0.004166,0.0,0.006125,0.011417,0.011417
baseline,Baseline session authorization,10,1512,0.000959,0.007167,0.0,0.008834,0.018292,0.018292
baseline,Baseline session authorization,10,1513,0.000333,0.00425,0.0,0.006125,0.011583,0.011583
baseline,Baseline session authorization,10,1514,0.000333,0.004208,0.0,0.006125,0.0115,0.0115
baseline,Baseline session authorization,10,1515,0.000958,0.007417,0.0,0.008875,0.018583,0.018583
baseline,Baseline session authorization,10,1516,0.001,0.007292,0.0,0.008792,0.018416,0.018416
baseline,Baseline session authorization,10,1517,0.000958,0.007583,0.0,0.008958,0.018959,0.018959
baseline,Baseline session authorization,10,1518,0.000916,0.007333,0.0,0.008791,0.018459,0.018459
baseline,Baseline session authorization,10,1519,0.001,0.00775,0.0,0.008917,0.019,0.019
baseline,Baseline session authorization,10,1520,0.000333,0.004083,0.0,0.005792,0.010958,0.010958
baseline,Baseline session authorization,10,1521,0.000292,0.004083,0.0,0.006042,0.011291,0.011291
baseline,Baseline session authorization,10,1522,0.001083,0.010959,0.0,0.009,0.022541,0.022541
baseline,Baseline session authorization,10,1523,0.000333,0.005333,0.0,0.00625,0.012834,0.012834
baseline,Baseline session authorization,10,1524,0.000334,0.004125,0.0,0.006083,0.011375,0.011375
baseline,Baseline session authorization,10,1525,0.000875,0.007375,0.0,0.008708,0.01825,0.01825
baseline,Baseline session authorization,10,1526,0.001,0.018375,0.0,0.009084,0.029917,0.029917
baseline,Baseline session authorization,10,1527,0.001042,0.011083,0.0,0.009208,0.022708,0.022708
baseline,Baseline session authorization,10,1528,0.001,0.007416,0.0,0.008958,0.018833,0.018833
baseline,Baseline session authorization,10,1529,0.001042,0.0075,0.0,0.009,0.019041,0.019041
baseline,Baseline session authorization,10,1530,0.001042,0.007542,0.0,0.008875,0.018834,0.018834
baseline,Baseline session authorization,10,1531,0.000333,0.004,0.0,0.005792,0.010958,0.010958
baseline,Baseline session authorization,10,1532,0.000334,0.00625,0.0,0.006208,0.013584,0.013584
baseline,Baseline session authorization,10,1533,0.000291,0.004208,0.0,0.006125,0.011458,0.011458
baseline,Baseline session authorization,10,1534,0.000375,0.004083,0.0,0.006042,0.011375,0.011375
baseline,Baseline session authorization,10,1535,0.001042,0.007375,0.0,0.009042,0.018792,0.018792
baseline,Baseline session authorization,10,1536,0.000917,0.007375,0.0,0.009,0.018625,0.018625
baseline,Baseline session authorization,10,1537,0.000958,0.007625,0.0,0.023542,0.033583,0.033583
baseline,Baseline session authorization,10,1538,0.000959,0.0075,0.0,0.008875,0.01875,0.01875
baseline,Baseline session authorization,10,1539,0.001042,0.007292,0.0,0.008959,0.018792,0.018792
baseline,Baseline session authorization,10,1540,0.000333,0.005916,0.0,0.005917,0.012916,0.012916
baseline,Baseline session authorization,10,1541,0.000333,0.004167,0.0,0.006167,0.011458,0.011458
baseline,Baseline session authorization,10,1542,0.000958,0.007541,0.0,0.008792,0.018792,0.018792
baseline,Baseline session authorization,10,1543,0.000292,0.004083,0.0,0.006125,0.011375,0.011375
baseline,Baseline session authorization,10,1544,0.000375,0.004167,0.0,0.006125,0.0115,0.0115
baseline,Baseline session authorization,10,1545,0.001042,0.011291,0.0,0.009125,0.022792,0.022792
baseline,Baseline session authorization,10,1546,0.001,0.0075,0.0,0.009042,0.018917,0.018917
baseline,Baseline session authorization,10,1547,0.001042,0.011459,0.0,0.009,0.022875,0.022875
baseline,Baseline session authorization,10,1548,0.001,0.0075,0.0,0.009,0.01875,0.01875
baseline,Baseline session authorization,10,1549,0.000958,0.007667,0.0,0.008916,0.019,0.019
baseline,Baseline session authorization,10,1550,0.001083,0.007542,0.0,0.009041,0.019084,0.019084
baseline,Baseline session authorization,10,1551,0.000333,0.004083,0.0,0.005833,0.011084,0.011084
baseline,Baseline session authorization,10,1552,0.000375,0.004125,0.0,0.006125,0.011334,0.011334
baseline,Baseline session authorization,10,1553,0.000375,0.005583,0.0,0.006333,0.013084,0.013084
baseline,Baseline session authorization,10,1554,0.000459,0.004125,0.0,0.006042,0.011458,0.011458
baseline,Baseline session authorization,10,1555,0.001,0.007375,0.0,0.008916,0.018625,0.018625
baseline,Baseline session authorization,10,1556,0.001,0.0075,0.0,0.008958,0.01875,0.01875
baseline,Baseline session authorization,10,1557,0.001,0.007833,0.0,0.009125,0.019416,0.019416
baseline,Baseline session authorization,10,1558,0.001083,0.007458,0.0,0.009,0.018875,0.018875
baseline,Baseline session authorization,10,1559,0.001042,0.008208,0.0,0.009167,0.020125,0.020125
baseline,Baseline session authorization,10,1560,0.000333,0.004084,0.0,0.00575,0.010916,0.010916
baseline,Baseline session authorization,10,1561,0.000334,0.004167,0.0,0.006166,0.011459,0.011459
baseline,Baseline session authorization,10,1562,0.001,0.011,0.0,0.009,0.022541,0.022541
baseline,Baseline session authorization,10,1563,0.000291,0.004125,0.0,0.006167,0.011458,0.011458
baseline,Baseline session authorization,10,1564,0.000416,0.004209,0.0,0.006125,0.011583,0.011583
baseline,Baseline session authorization,10,1565,0.001041,0.007417,0.0,0.00875,0.018542,0.018542
baseline,Baseline session authorization,10,1566,0.001042,0.007333,0.0,0.009,0.018834,0.018834
baseline,Baseline session authorization,10,1567,0.001,0.007458,0.0,0.009,0.018917,0.018917
baseline,Baseline session authorization,10,1568,0.000958,0.0105,0.0,0.008875,0.021708,0.021708
baseline,Baseline session authorization,10,1569,0.001042,0.007458,0.0,0.008875,0.018708,0.018708
baseline,Baseline session authorization,10,1570,0.001,0.00775,0.0,0.008916,0.019209,0.019209
baseline,Baseline session authorization,10,1571,0.000334,0.004083,0.0,0.005791,0.010917,0.010917
baseline,Baseline session authorization,10,1572,0.000458,0.004917,0.0,0.006417,0.012625,0.012625
baseline,Baseline session authorization,10,1573,0.000375,0.004167,0.0,0.006125,0.011542,0.011542
baseline,Baseline session authorization,10,1574,0.000334,0.004125,0.0,0.006042,0.011291,0.011291
baseline,Baseline session authorization,10,1575,0.001042,0.007458,0.0,0.008917,0.01875,0.01875
baseline,Baseline session authorization,10,1576,0.001041,0.007416,0.0,0.009,0.018833,0.018833
baseline,Baseline session authorization,10,1577,0.001,0.01125,0.0,0.009208,0.023,0.023
baseline,Baseline session authorization,10,1578,0.001084,0.0075,0.0,0.00875,0.018792,0.018792
baseline,Baseline session authorization,10,1579,0.000333,0.004,0.0,0.005833,0.010917,0.010917
baseline,Baseline session authorization,10,1580,0.000334,0.004167,0.0,0.025,0.0305,0.0305
baseline,Baseline session authorization,10,1581,0.001042,0.00725,0.0,0.008792,0.018416,0.018416
baseline,Baseline session authorization,10,1582,0.000375,0.004083,0.0,0.006084,0.011333,0.011333
baseline,Baseline session authorization,10,1583,0.000333,0.004,0.0,0.006084,0.01125,0.01125
baseline,Baseline session authorization,10,1584,0.001042,0.007625,0.0,0.009042,0.019125,0.019125
baseline,Baseline session authorization,10,1585,0.001084,0.007417,0.0,0.008959,0.018833,0.018833
baseline,Baseline session authorization,10,1586,0.000958,0.007541,0.0,0.008834,0.018667,0.018667
baseline,Baseline session authorization,10,1587,0.000333,0.004042,0.0,0.005792,0.011,0.011
baseline,Baseline session authorization,10,1588,0.000333,0.004125,0.0,0.006042,0.011333,0.011333
baseline,Baseline session authorization,10,1589,0.000292,0.004084,0.0,0.006167,0.011333,0.011333
baseline,Baseline session authorization,10,1590,0.000333,0.004042,0.0,0.006083,0.011334,0.011334
baseline,Baseline session authorization,10,1591,0.000959,0.007333,0.0,0.008708,0.018334,0.018334
baseline,Baseline session authorization,10,1592,0.001042,0.007667,0.0,0.008917,0.018959,0.018959
baseline,Baseline session authorization,10,1593,0.000959,0.007583,0.0,0.008875,0.018792,0.018792
baseline,Baseline session authorization,10,1594,0.001042,0.007625,0.0,0.009,0.018959,0.018959
baseline,Baseline session authorization,10,1595,0.001,0.007792,0.0,0.008834,0.018917,0.018917
baseline,Baseline session authorization,10,1596,0.000375,0.004667,0.0,0.005875,0.01175,0.01175
baseline,Baseline session authorization,10,1597,0.000334,0.004125,0.0,0.006167,0.011416,0.011416
baseline,Baseline session authorization,10,1598,0.001,0.007584,0.0,0.009,0.019,0.019
baseline,Baseline session authorization,10,1599,0.000292,0.004125,0.0,0.006042,0.011292,0.011292
baseline,Baseline session authorization,10,1600,0.000333,0.004,0.0,0.006125,0.01125,0.01125
baseline,Baseline session authorization,10,1601,0.000959,0.007667,0.0,0.008917,0.018875,0.018875
baseline,Baseline session authorization,10,1602,0.001,0.010542,0.0,0.00875,0.021584,0.021584
baseline,Baseline session authorization,10,1603,0.001041,0.007292,0.0,0.008834,0.0185,0.0185
baseline,Baseline session authorization,10,1604,0.001041,0.007458,0.0,0.009,0.019,0.019
baseline,Baseline session authorization,10,1605,0.000333,0.004125,0.0,0.016,0.021375,0.021375
baseline,Baseline session authorization,10,1606,0.000292,0.004166,0.0,0.006291,0.011584,0.011584
baseline,Baseline session authorization,10,1607,0.000958,0.00775,0.0,0.008958,0.019083,0.019083
baseline,Baseline session authorization,10,1608,0.000292,0.004,0.0,0.006042,0.011208,0.011208
baseline,Baseline session authorization,10,1609,0.000334,0.004166,0.0,0.006125,0.011458,0.011458
baseline,Baseline session authorization,10,1610,0.001,0.007875,0.0,0.008875,0.019167,0.019167
baseline,Baseline session authorization,10,1611,0.001042,0.007458,0.0,0.008875,0.018708,0.018708
baseline,Baseline session authorization,10,1612,0.001,0.00775,0.0,0.009,0.01925,0.01925
baseline,Baseline session authorization,10,1613,0.000958,0.00725,0.0,0.008791,0.018292,0.018292
baseline,Baseline session authorization,10,1614,0.000958,0.010708,0.0,0.008875,0.021875,0.021875
baseline,Baseline session authorization,10,1615,0.001,0.007417,0.0,0.008916,0.018625,0.018625
baseline,Baseline session authorization,10,1616,0.000333,0.004084,0.0,0.005791,0.011,0.011
baseline,Baseline session authorization,10,1617,0.000333,0.004041,0.0,0.006167,0.011417,0.011417
baseline,Baseline session authorization,10,1618,0.001,0.007459,0.0,0.009,0.018792,0.018792
baseline,Baseline session authorization,10,1619,0.000333,0.004,0.0,0.006042,0.011208,0.011208
baseline,Baseline session authorization,10,1620,0.000375,0.005417,0.0,0.006458,0.013042,0.013042
baseline,Baseline session authorization,10,1621,0.001,0.007375,0.0,0.008917,0.018666,0.018666
baseline,Baseline session authorization,10,1622,0.001,0.007209,0.0,0.008709,0.018334,0.018334
baseline,Baseline session authorization,10,1623,0.001042,0.007458,0.0,0.008917,0.018833,0.018833
baseline,Baseline session authorization,10,1624,0.000958,0.007334,0.0,0.00875,0.018334,0.018334
baseline,Baseline session authorization,10,1625,0.000333,0.004125,0.0,0.005834,0.011125,0.011125
baseline,Baseline session authorization,10,1626,0.000292,0.004083,0.0,0.006084,0.011292,0.011292
baseline,Baseline session authorization,10,1627,0.000333,0.004125,0.0,0.006084,0.011375,0.011375
baseline,Baseline session authorization,10,1628,0.000333,0.01725,0.0,0.006916,0.025416,0.025416
baseline,Baseline session authorization,10,1629,0.001042,0.007542,0.0,0.008916,0.018917,0.018917
baseline,Baseline session authorization,10,1630,0.000958,0.007417,0.0,0.008833,0.018459,0.018459
baseline,Baseline session authorization,10,1631,0.000959,0.007333,0.0,0.008958,0.01875,0.01875
baseline,Baseline session authorization,10,1632,0.001042,0.0075,0.0,0.008833,0.018708,0.018708
baseline,Baseline session authorization,10,1633,0.001,0.01075,0.0,0.009,0.022125,0.022125
baseline,Baseline session authorization,10,1634,0.000959,0.007375,0.0,0.008833,0.018583,0.018583
baseline,Baseline session authorization,10,1635,0.001041,0.007458,0.0,0.008917,0.018792,0.018792
baseline,Baseline session authorization,10,1636,0.000292,0.004125,0.0,0.005875,0.011167,0.011167
baseline,Baseline session authorization,10,1637,0.000292,0.004125,0.0,0.006083,0.011334,0.011334
baseline,Baseline session authorization,10,1638,0.001042,0.0075,0.0,0.008917,0.018875,0.018875
baseline,Baseline session authorization,10,1639,0.000334,0.004167,0.0,0.006125,0.011458,0.011458
baseline,Baseline session authorization,10,1640,0.000334,0.004,0.0,0.006,0.011166,0.011166
baseline,Baseline session authorization,10,1641,0.001,0.011625,0.0,0.009291,0.023334,0.023334
baseline,Baseline session authorization,10,1642,0.001,0.007542,0.0,0.008875,0.018834,0.018834
baseline,Baseline session authorization,10,1643,0.001,0.010833,0.0,0.009791,0.031416,0.031416
baseline,Baseline session authorization,10,1644,0.001042,0.007541,0.0,0.008958,0.018958,0.018958
baseline,Baseline session authorization,10,1645,0.000334,0.004416,0.0,0.006041,0.011625,0.011625
baseline,Baseline session authorization,10,1646,0.000333,0.004209,0.0,0.006125,0.0115,0.0115
baseline,Baseline session authorization,10,1647,0.001,0.007541,0.0,0.008958,0.018834,0.018834
baseline,Baseline session authorization,10,1648,0.000334,0.004125,0.0,0.006042,0.011333,0.011333
baseline,Baseline session authorization,10,1649,0.000292,0.004041,0.0,0.006041,0.01125,0.01125
baseline,Baseline session authorization,10,1650,0.001083,0.0075,0.0,0.009,0.018834,0.018834
baseline,Baseline session authorization,10,1651,0.001042,0.007625,0.0,0.009,0.018958,0.018958
baseline,Baseline session authorization,10,1652,0.000958,0.007708,0.0,0.009125,0.019166,0.019166
baseline,Baseline session authorization,10,1653,0.000916,0.007459,0.0,0.008875,0.018542,0.018542
baseline,Baseline session authorization,10,1654,0.000917,0.007375,0.0,0.008833,0.018458,0.018458
baseline,Baseline session authorization,10,1655,0.000333,0.01275,0.0,0.006584,0.020833,0.020833
baseline,Baseline session authorization,10,1656,0.000333,0.006542,0.0,0.006333,0.014083,0.014083
baseline,Baseline session authorization,10,1657,0.001,0.007459,0.0,0.009042,0.018958,0.018958
baseline,Baseline session authorization,10,1658,0.000291,0.004166,0.0,0.006125,0.011417,0.011417
baseline,Baseline session authorization,10,1659,0.000333,0.004,0.0,0.006041,0.01125,0.01125
baseline,Baseline session authorization,10,1660,0.001042,0.007417,0.0,0.008875,0.018583,0.018583
baseline,Baseline session authorization,10,1661,0.000958,0.007291,0.0,0.008916,0.018417,0.018417
baseline,Baseline session authorization,10,1662,0.001083,0.0075,0.0,0.008875,0.018833,0.018833
baseline,Baseline session authorization,10,1663,0.000333,0.005709,0.0,0.005959,0.012833,0.012833
baseline,Baseline session authorization,10,1664,0.000333,0.004084,0.0,0.006041,0.011333,0.011333
baseline,Baseline session authorization,10,1665,0.000875,0.007375,0.0,0.008833,0.018458,0.018458
baseline,Baseline session authorization,10,1666,0.000334,0.004,0.0,0.006042,0.011208,0.011208
baseline,Baseline session authorization,10,1667,0.000292,0.004084,0.0,0.006208,0.011375,0.011375
baseline,Baseline session authorization,10,1668,0.001042,0.00725,0.0,0.008833,0.018416,0.018416
baseline,Baseline session authorization,10,1669,0.001083,0.007667,0.0,0.008958,0.019041,0.019041
baseline,Baseline session authorization,10,1670,0.000959,0.007417,0.0,0.008792,0.018625,0.018625
baseline,Baseline session authorization,10,1671,0.001042,0.007459,0.0,0.009083,0.018958,0.018958
baseline,Baseline session authorization,10,1672,0.000958,0.007417,0.0,0.008916,0.018791,0.018791
baseline,Baseline session authorization,10,1673,0.000334,0.004167,0.0,0.005833,0.011125,0.011125
baseline,Baseline session authorization,10,1674,0.000334,0.004125,0.0,0.006167,0.011416,0.011416
baseline,Baseline session authorization,10,1675,0.001083,0.007959,0.0,0.009125,0.019625,0.019625
baseline,Baseline session authorization,10,1676,0.000334,0.005541,0.0,0.006375,0.013125,0.013125
baseline,Baseline session authorization,10,1677,0.000333,0.004,0.0,0.006042,0.01125,0.01125
baseline,Baseline session authorization,10,1678,0.000958,0.0075,0.0,0.019125,0.029083,0.029083
baseline,Baseline session authorization,10,1679,0.001125,0.011,0.0,0.008959,0.022333,0.022333
baseline,Baseline session authorization,10,1680,0.001,0.007458,0.0,0.008917,0.018792,0.018792
baseline,Baseline session authorization,10,1681,0.001042,0.012041,0.0,0.009042,0.023542,0.023542
baseline,Baseline session authorization,10,1682,0.000333,0.004,0.0,0.005792,0.010917,0.010917
baseline,Baseline session authorization,10,1683,0.000375,0.00425,0.0,0.006125,0.0115,0.0115
baseline,Baseline session authorization,10,1684,0.000917,0.007333,0.0,0.008792,0.018333,0.018333
baseline,Baseline session authorization,10,1685,0.000333,0.004167,0.0,0.006167,0.0115,0.0115
baseline,Baseline session authorization,10,1686,0.000333,0.004084,0.0,0.006083,0.011375,0.011375
baseline,Baseline session authorization,10,1687,0.001083,0.007834,0.0,0.008958,0.01925,0.01925
baseline,Baseline session authorization,10,1688,0.001042,0.007542,0.0,0.008875,0.018792,0.018792
baseline,Baseline session authorization,10,1689,0.001042,0.0075,0.0,0.009167,0.019125,0.019125
baseline,Baseline session authorization,10,1690,0.000959,0.007542,0.0,0.008916,0.018792,0.018792
baseline,Baseline session authorization,10,1691,0.001042,0.011375,0.0,0.008958,0.022833,0.022833
baseline,Baseline session authorization,10,1692,0.001042,0.0075,0.0,0.009083,0.018958,0.018958
baseline,Baseline session authorization,10,1693,0.000333,0.004,0.0,0.005833,0.011,0.011
baseline,Baseline session authorization,10,1694,0.000375,0.004291,0.0,0.006167,0.011666,0.011666
baseline,Baseline session authorization,10,1695,0.000958,0.007542,0.0,0.008917,0.018875,0.018875
baseline,Baseline session authorization,10,1696,0.000333,0.004,0.0,0.006125,0.01125,0.01125
baseline,Baseline session authorization,10,1697,0.000334,0.004041,0.0,0.006,0.011208,0.011208
baseline,Baseline session authorization,10,1698,0.001,0.007542,0.0,0.009,0.018958,0.018958
baseline,Baseline session authorization,10,1699,0.001,0.007375,0.0,0.008917,0.018625,0.018625
baseline,Baseline session authorization,10,1700,0.000958,0.007416,0.0,0.00875,0.018458,0.018458
baseline,Baseline session authorization,10,1701,0.000334,0.004125,0.0,0.005792,0.011041,0.011041
baseline,Baseline session authorization,10,1702,0.000291,0.004125,0.0,0.006125,0.011375,0.011375
baseline,Baseline session authorization,10,1703,0.000917,0.007333,0.0,0.008834,0.018417,0.018417
baseline,Baseline session authorization,10,1704,0.000334,0.004125,0.0,0.006167,0.011458,0.011458
baseline,Baseline session authorization,10,1705,0.000333,0.004042,0.0,0.006125,0.011375,0.011375
baseline,Baseline session authorization,10,1706,0.001041,0.007459,0.0,0.008958,0.018833,0.018833
baseline,Baseline session authorization,10,1707,0.001,0.0075,0.0,0.008917,0.01875,0.01875
baseline,Baseline session authorization,10,1708,0.000958,0.007458,0.0,0.008917,0.018667,0.018667
baseline,Baseline session authorization,10,1709,0.000875,0.007334,0.0,0.008792,0.018375,0.018375
baseline,Baseline session authorization,10,1710,0.001084,0.011292,0.0,0.00925,0.023084,0.023084
baseline,Baseline session authorization,10,1711,0.000959,0.007959,0.0,0.009125,0.019667,0.019667
baseline,Baseline session authorization,10,1712,0.000959,0.007458,0.0,0.008875,0.018583,0.018583
baseline,Baseline session authorization,10,1713,0.000333,0.004084,0.0,0.005791,0.011084,0.011084
baseline,Baseline session authorization,10,1714,0.000333,0.004166,0.0,0.006125,0.011417,0.011417
baseline,Baseline session authorization,10,1715,0.001041,0.007542,0.0,0.008875,0.018875,0.018875
baseline,Baseline session authorization,10,1716,0.000334,0.003958,0.0,0.00625,0.011375,0.011375
baseline,Baseline session authorization,10,1717,0.000292,0.004208,0.0,0.006,0.011417,0.011417
baseline,Baseline session authorization,10,1718,0.001,0.007417,0.0,0.008917,0.018667,0.018667
baseline,Baseline session authorization,10,1719,0.001,0.007416,0.0,0.008958,0.018709,0.018709
baseline,Baseline session authorization,10,1720,0.001042,0.007625,0.0,0.008917,0.019,0.019
baseline,Baseline session authorization,10,1721,0.001,0.011375,0.0,0.009042,0.022875,0.022875
baseline,Baseline session authorization,10,1722,0.001,0.010709,0.0,0.008959,0.022083,0.022083
baseline,Baseline session authorization,10,1723,0.000334,0.004083,0.0,0.005833,0.011041,0.011041
baseline,Baseline session authorization,10,1724,0.000333,0.004083,0.0,0.006084,0.01125,0.01125
baseline,Baseline session authorization,10,1725,0.000333,0.004,0.0,0.006125,0.011292,0.011292
baseline,Baseline session authorization,10,1726,0.000333,0.003958,0.0,0.006042,0.011166,0.011166
baseline,Baseline session authorization,10,1727,0.001042,0.007459,0.0,0.009,0.018917,0.018917
baseline,Baseline session authorization,10,1728,0.001,0.007417,0.0,0.00875,0.018417,0.018417
baseline,Baseline session authorization,10,1729,0.001,0.007709,0.0,0.009167,0.019375,0.019375
baseline,Baseline session authorization,10,1730,0.001042,0.011375,0.0,0.018375,0.03225,0.03225
baseline,Baseline session authorization,10,1731,0.001167,0.020166,0.0,0.0095,0.032333,0.032333
baseline,Baseline session authorization,10,1732,0.000334,0.004125,0.0,0.00575,0.011041,0.011041
baseline,Baseline session authorization,10,1733,0.000333,0.004083,0.0,0.006125,0.011375,0.011375
baseline,Baseline session authorization,10,1734,0.000333,0.004042,0.0,0.006125,0.011292,0.011292
baseline,Baseline session authorization,10,1735,0.000333,0.004166,0.0,0.006125,0.011417,0.011417
baseline,Baseline session authorization,10,1736,0.001042,0.011792,0.0,0.009125,0.023417,0.023417
baseline,Baseline session authorization,10,1737,0.000959,0.007375,0.0,0.008917,0.018667,0.018667
baseline,Baseline session authorization,10,1738,0.000958,0.010708,0.0,0.008833,0.021875,0.021875
baseline,Baseline session authorization,10,1739,0.001,0.007334,0.0,0.008916,0.018542,0.018542
baseline,Baseline session authorization,10,1740,0.000333,0.004166,0.0,0.005791,0.011042,0.011042
baseline,Baseline session authorization,10,1741,0.000292,0.004167,0.0,0.006125,0.011375,0.011375
baseline,Baseline session authorization,10,1742,0.000291,0.004041,0.0,0.006084,0.011292,0.011292
baseline,Baseline session authorization,10,1743,0.000333,0.004041,0.0,0.006084,0.011292,0.011292
baseline,Baseline session authorization,10,1744,0.001,0.0075,0.0,0.008917,0.018834,0.018834
baseline,Baseline session authorization,10,1745,0.001084,0.007833,0.0,0.008875,0.019167,0.019167
baseline,Baseline session authorization,10,1746,0.000959,0.007458,0.0,0.008959,0.018667,0.018667
baseline,Baseline session authorization,10,1747,0.001,0.007625,0.0,0.009083,0.019041,0.019041
baseline,Baseline session authorization,10,1748,0.001,0.007459,0.0,0.009083,0.018917,0.018917
baseline,Baseline session authorization,10,1749,0.000333,0.004083,0.0,0.005792,0.011,0.011
baseline,Baseline session authorization,10,1750,0.000333,0.004083,0.0,0.006167,0.011417,0.011417
baseline,Baseline session authorization,10,1751,0.000333,0.004,0.0,0.006125,0.011375,0.011375
baseline,Baseline session authorization,10,1752,0.00025,0.005334,0.0,0.006375,0.013,0.013
baseline,Baseline session authorization,10,1753,0.001,0.007417,0.0,0.008917,0.018791,0.018791
baseline,Baseline session authorization,10,1754,0.001,0.007375,0.0,0.009083,0.018833,0.018833
baseline,Baseline session authorization,10,1755,0.001083,0.007834,0.0,0.009083,0.019375,0.019375
baseline,Baseline session authorization,10,1756,0.001,0.007292,0.0,0.00875,0.018375,0.018375
baseline,Baseline session authorization,10,1757,0.001042,0.012041,0.0,0.009083,0.023708,0.023708
baseline,Baseline session authorization,10,1758,0.000375,0.004084,0.0,0.005791,0.011042,0.011042
baseline,Baseline session authorization,10,1759,0.000333,0.004167,0.0,0.006167,0.011458,0.011458
baseline,Baseline session authorization,10,1760,0.000333,0.004083,0.0,0.006167,0.0115,0.0115
baseline,Baseline session authorization,10,1761,0.000292,0.004041,0.0,0.006209,0.011417,0.011417
baseline,Baseline session authorization,10,1762,0.001042,0.008958,0.0,0.009291,0.020917,0.020917
baseline,Baseline session authorization,10,1763,0.001041,0.007458,0.0,0.008958,0.018833,0.018833
baseline,Baseline session authorization,10,1764,0.000958,0.011,0.0,0.008959,0.022458,0.022458
baseline,Baseline session authorization,10,1765,0.000917,0.007333,0.0,0.008875,0.018458,0.018458
baseline,Baseline session authorization,10,1766,0.000959,0.007209,0.0,0.008917,0.018583,0.018583
baseline,Baseline session authorization,10,1767,0.001042,0.007542,0.0,0.008917,0.018875,0.018875
baseline,Baseline session authorization,10,1768,0.000292,0.004042,0.0,0.005792,0.010958,0.010958
baseline,Baseline session authorization,10,1769,0.000333,0.004125,0.0,0.006166,0.011375,0.011375
baseline,Baseline session authorization,10,1770,0.001125,0.007625,0.0,0.009041,0.01925,0.01925
baseline,Baseline session authorization,10,1771,0.000334,0.004083,0.0,0.006166,0.011375,0.011375
baseline,Baseline session authorization,10,1772,0.000291,0.004042,0.0,0.006167,0.011417,0.011417
baseline,Baseline session authorization,10,1773,0.001,0.007666,0.0,0.008959,0.018958,0.018958
baseline,Baseline session authorization,10,1774,0.000958,0.007334,0.0,0.008917,0.018583,0.018583
baseline,Baseline session authorization,10,1775,0.001,0.007583,0.0,0.008875,0.018875,0.018875
baseline,Baseline session authorization,10,1776,0.001042,0.007375,0.0,0.008833,0.018708,0.018708
baseline,Baseline session authorization,10,1777,0.001042,0.007459,0.0,0.008916,0.01875,0.01875
baseline,Baseline session authorization,10,1778,0.000375,0.004167,0.0,0.005833,0.011166,0.011166
baseline,Baseline session authorization,10,1779,0.000333,0.011417,0.0,0.006417,0.019,0.019
baseline,Baseline session authorization,10,1780,0.000333,0.004084,0.0,0.00625,0.0115,0.0115
baseline,Baseline session authorization,10,1781,0.000333,0.004,0.0,0.006208,0.011333,0.011333
baseline,Baseline session authorization,10,1782,0.001083,0.007375,0.0,0.008875,0.018666,0.018666
baseline,Baseline session authorization,10,1783,0.001,0.0105,0.0,0.008959,0.021875,0.021875
baseline,Baseline session authorization,10,1784,0.000917,0.007542,0.0,0.008958,0.018916,0.018916
baseline,Baseline session authorization,10,1785,0.001167,0.007792,0.0,0.008917,0.019291,0.019291
baseline,Baseline session authorization,10,1786,0.001,0.0075,0.0,0.008875,0.018792,0.018792
baseline,Baseline session authorization,10,1787,0.001083,0.010791,0.0,0.009166,0.022625,0.022625
baseline,Baseline session authorization,10,1788,0.000333,0.005333,0.0,0.006042,0.0125,0.0125
baseline,Baseline session authorization,10,1789,0.000334,0.004333,0.0,0.006125,0.011583,0.011583
baseline,Baseline session authorization,10,1790,0.001,0.0075,0.0,0.009041,0.018959,0.018959
baseline,Baseline session authorization,10,1791,0.000375,0.004125,0.0,0.006125,0.011417,0.011417
baseline,Baseline session authorization,10,1792,0.000292,0.004041,0.0,0.006125,0.011292,0.011292
baseline,Baseline session authorization,10,1793,0.000958,0.007375,0.0,0.008958,0.018666,0.018666
baseline,Baseline session authorization,10,1794,0.001042,0.007666,0.0,0.009083,0.01925,0.01925
baseline,Baseline session authorization,10,1795,0.001042,0.007709,0.0,0.009042,0.019292,0.019292
baseline,Baseline session authorization,10,1796,0.000292,0.004042,0.0,0.005791,0.010959,0.010959
baseline,Baseline session authorization,10,1797,0.000334,0.004458,0.0,0.006375,0.012083,0.012083
baseline,Baseline session authorization,10,1798,0.000375,0.004209,0.0,0.006125,0.011625,0.011625
baseline,Baseline session authorization,10,1799,0.000334,0.004083,0.0,0.006209,0.011458,0.011458
baseline,Baseline session authorization,10,1800,0.001167,0.008375,0.0,0.009,0.020334,0.020334
baseline,Baseline session authorization,10,1801,0.001,0.0075,0.0,0.008917,0.01875,0.01875
baseline,Baseline session authorization,10,1802,0.001042,0.01,0.0,0.009417,0.022042,0.022042
baseline,Baseline session authorization,10,1803,0.000958,0.007333,0.0,0.008667,0.018375,0.018375
baseline,Baseline session authorization,10,1804,0.001,0.007541,0.0,0.008834,0.01875,0.01875
baseline,Baseline session authorization,10,1805,0.001,0.011417,0.0,0.00925,0.023083,0.023083
baseline,Baseline session authorization,10,1806,0.000375,0.004125,0.0,0.005792,0.011083,0.011083
baseline,Baseline session authorization,10,1807,0.001042,0.009,0.0,0.010292,0.022,0.022
baseline,Baseline session authorization,10,1808,0.001,0.007666,0.0,0.008917,0.019042,0.019042
baseline,Baseline session authorization,10,1809,0.000334,0.016375,0.0,0.006792,0.024458,0.024458
baseline,Baseline session authorization,10,1810,0.000334,0.004125,0.0,0.006083,0.011416,0.011416
baseline,Baseline session authorization,10,1811,0.001,0.007666,0.0,0.009,0.019,0.019
baseline,Baseline session authorization,10,1812,0.001042,0.007292,0.0,0.009084,0.018792,0.018792
baseline,Baseline session authorization,10,1813,0.001,0.0075,0.0,0.00875,0.018625,0.018625
baseline,Baseline session authorization,10,1814,0.000959,0.007375,0.0,0.008917,0.018625,0.018625
baseline,Baseline session authorization,10,1815,0.000291,0.004083,0.0,0.005792,0.010958,0.010958
baseline,Baseline session authorization,10,1816,0.000709,0.006542,0.0,0.006333,0.014458,0.014458
baseline,Baseline session authorization,10,1817,0.001,0.007709,0.0,0.009917,0.02,0.02
baseline,Baseline session authorization,10,1818,0.000333,0.004208,0.0,0.006125,0.011542,0.011542
baseline,Baseline session authorization,10,1819,0.000333,0.004,0.0,0.006083,0.01125,0.01125
baseline,Baseline session authorization,10,1820,0.001041,0.007542,0.0,0.008834,0.018875,0.018875
baseline,Baseline session authorization,10,1821,0.001125,0.011042,0.0,0.008917,0.0225,0.0225
baseline,Baseline session authorization,10,1822,0.000917,0.00825,0.0,0.009042,0.019625,0.019625
baseline,Baseline session authorization,10,1823,0.001,0.007459,0.0,0.009,0.018875,0.018875
baseline,Baseline session authorization,10,1824,0.001,0.00825,0.0,0.008958,0.022375,0.022375
baseline,Baseline session authorization,10,1825,0.000333,0.004125,0.0,0.005875,0.011125,0.011125
baseline,Baseline session authorization,10,1826,0.000375,0.1005,0.0,0.009208,0.111333,0.111333
baseline,Baseline session authorization,10,1827,0.001,0.007416,0.0,0.009167,0.019042,0.019042
baseline,Baseline session authorization,10,1828,0.000334,0.005875,0.0,0.006417,0.0135,0.0135
baseline,Baseline session authorization,10,1829,0.000334,0.003917,0.0,0.006083,0.011166,0.011166
baseline,Baseline session authorization,10,1830,0.001041,0.007541,0.0,0.008917,0.018959,0.018959
baseline,Baseline session authorization,10,1831,0.000958,0.007625,0.0,0.008791,0.01875,0.01875
baseline,Baseline session authorization,10,1832,0.001042,0.0075,0.0,0.009125,0.019084,0.019084
baseline,Baseline session authorization,10,1833,0.000333,0.004041,0.0,0.005834,0.011042,0.011042
baseline,Baseline session authorization,10,1834,0.000625,0.005584,0.0,0.006458,0.013458,0.013458
baseline,Baseline session authorization,10,1835,0.000959,0.007417,0.0,0.009,0.018792,0.018792
baseline,Baseline session authorization,10,1836,0.000333,0.004125,0.0,0.006125,0.011417,0.011417
baseline,Baseline session authorization,10,1837,0.000333,0.004208,0.0,0.006167,0.011542,0.011542
baseline,Baseline session authorization,10,1838,0.001042,0.0075,0.0,0.009041,0.018917,0.018917
baseline,Baseline session authorization,10,1839,0.001041,0.007875,0.0,0.009083,0.019375,0.019375
baseline,Baseline session authorization,10,1840,0.000958,0.007375,0.0,0.008708,0.018416,0.018416
baseline,Baseline session authorization,10,1841,0.001125,0.008083,0.0,0.00925,0.02,0.02
baseline,Baseline session authorization,10,1842,0.001,0.010625,0.0,0.008834,0.021834,0.021834
baseline,Baseline session authorization,10,1843,0.001,0.0075,0.0,0.009084,0.019,0.019
baseline,Baseline session authorization,10,1844,0.001,0.007416,0.0,0.008959,0.018667,0.018667
baseline,Baseline session authorization,10,1845,0.000333,0.004,0.0,0.005833,0.011,0.011
baseline,Baseline session authorization,10,1846,0.00125,0.01075,0.0,0.057541,0.071625,0.071625
baseline,Baseline session authorization,10,1847,0.000958,0.007292,0.0,0.008708,0.018291,0.018291
baseline,Baseline session authorization,10,1848,0.000333,0.004166,0.0,0.006125,0.011458,0.011458
baseline,Baseline session authorization,10,1849,0.000375,0.004125,0.0,0.006333,0.011666,0.011666
baseline,Baseline session authorization,10,1850,0.000958,0.007458,0.0,0.008917,0.018625,0.018625
baseline,Baseline session authorization,10,1851,0.000958,0.007292,0.0,0.008917,0.018625,0.018625
baseline,Baseline session authorization,10,1852,0.000958,0.0075,0.0,0.008708,0.018458,0.018458
baseline,Baseline session authorization,10,1853,0.001,0.007625,0.0,0.009083,0.019042,0.019042
baseline,Baseline session authorization,10,1854,0.001,0.0105,0.0,0.008959,0.021875,0.021875
baseline,Baseline session authorization,10,1855,0.000334,0.004,0.0,0.005792,0.010917,0.010917
baseline,Baseline session authorization,10,1856,0.000375,0.022375,0.0,0.012667,0.037458,0.037458
baseline,Baseline session authorization,10,1857,0.000291,0.004167,0.0,0.006208,0.011584,0.011584
baseline,Baseline session authorization,10,1858,0.000333,0.004042,0.0,0.00625,0.011417,0.011417
baseline,Baseline session authorization,10,1859,0.001084,0.011083,0.0,0.009,0.022542,0.022542
baseline,Baseline session authorization,10,1860,0.001042,0.007542,0.0,0.009,0.019,0.019
baseline,Baseline session authorization,10,1861,0.001042,0.009083,0.0,0.009458,0.021041,0.021041
baseline,Baseline session authorization,10,1862,0.001,0.007667,0.0,0.009,0.019125,0.019125
baseline,Baseline session authorization,10,1863,0.000959,0.007333,0.0,0.008666,0.018292,0.018292
baseline,Baseline session authorization,10,1864,0.000917,0.007625,0.0,0.008959,0.018917,0.018917
baseline,Baseline session authorization,10,1865,0.000291,0.004125,0.0,0.005916,0.011167,0.011167
baseline,Baseline session authorization,10,1866,0.000333,0.004291,0.0,0.006334,0.013208,0.013208
baseline,Baseline session authorization,10,1867,0.000916,0.007584,0.0,0.008916,0.018875,0.018875
baseline,Baseline session authorization,10,1868,0.000334,0.004333,0.0,0.006209,0.01175,0.01175
baseline,Baseline session authorization,10,1869,0.000333,0.004084,0.0,0.00625,0.011458,0.011458
baseline,Baseline session authorization,10,1870,0.000917,0.007333,0.0,0.008875,0.0185,0.0185
baseline,Baseline session authorization,10,1871,0.001,0.007375,0.0,0.009,0.018792,0.018792
baseline,Baseline session authorization,10,1872,0.000958,0.007375,0.0,0.008958,0.018667,0.018667
baseline,Baseline session authorization,10,1873,0.000333,0.004042,0.0,0.005875,0.011083,0.011083
baseline,Baseline session authorization,10,1874,0.001042,0.007583,0.0,0.009042,0.019042,0.019042
baseline,Baseline session authorization,10,1875,0.000333,0.004125,0.0,0.006084,0.011375,0.011375
baseline,Baseline session authorization,10,1876,0.000542,0.004875,0.0,0.006875,0.013375,0.013375
baseline,Baseline session authorization,10,1877,0.000333,0.005291,0.0,0.006292,0.01275,0.01275
baseline,Baseline session authorization,10,1878,0.001,0.007459,0.0,0.009,0.018834,0.018834
baseline,Baseline session authorization,10,1879,0.001041,0.0105,0.0,0.009083,0.021959,0.021959
baseline,Baseline session authorization,10,1880,0.000959,0.007416,0.0,0.009,0.018667,0.018667
baseline,Baseline session authorization,10,1881,0.000917,0.0075,0.0,0.008875,0.01875,0.01875
baseline,Baseline session authorization,10,1882,0.001083,0.007667,0.0,0.009,0.019125,0.019125
baseline,Baseline session authorization,10,1883,0.00125,0.010292,0.0,0.010584,0.023792,0.023792
baseline,Baseline session authorization,10,1884,0.001,0.007209,0.0,0.008875,0.018459,0.018459
baseline,Baseline session authorization,10,1885,0.000333,0.004,0.0,0.00575,0.010833,0.010833
baseline,Baseline session authorization,10,1886,0.000334,0.004167,0.0,0.00625,0.011541,0.011541
baseline,Baseline session authorization,10,1887,0.001,0.00725,0.0,0.008916,0.018458,0.018458
baseline,Baseline session authorization,10,1888,0.000416,0.004291,0.0,0.006042,0.011583,0.011583
baseline,Baseline session authorization,10,1889,0.000375,0.004125,0.0,0.006,0.011292,0.011292
baseline,Baseline session authorization,10,1890,0.001042,0.007416,0.0,0.009042,0.018833,0.018833
baseline,Baseline session authorization,10,1891,0.000959,0.007542,0.0,0.008875,0.018792,0.018792
baseline,Baseline session authorization,10,1892,0.001042,0.007917,0.0,0.008916,0.019292,0.019292
baseline,Baseline session authorization,10,1893,0.000334,0.004167,0.0,0.00575,0.011125,0.011125
baseline,Baseline session authorization,10,1894,0.000375,0.004292,0.0,0.006125,0.011542,0.011542
baseline,Baseline session authorization,10,1895,0.000292,0.004083,0.0,0.006125,0.011334,0.011334
baseline,Baseline session authorization,10,1896,0.000334,0.00425,0.0,0.006125,0.011541,0.011541
baseline,Baseline session authorization,10,1897,0.001042,0.007416,0.0,0.008917,0.018833,0.018833
baseline,Baseline session authorization,10,1898,0.001,0.007875,0.0,0.009,0.019292,0.019292
baseline,Baseline session authorization,10,1899,0.001084,0.00775,0.0,0.009125,0.019333,0.019333
baseline,Baseline session authorization,10,1900,0.001125,0.00825,0.0,0.009167,0.019833,0.019833
baseline,Baseline session authorization,10,1901,0.000958,0.00725,0.0,0.008708,0.018291,0.018291
baseline,Baseline session authorization,10,1902,0.000375,0.004083,0.0,0.005792,0.011,0.011
baseline,Baseline session authorization,10,1903,0.000375,0.004167,0.0,0.006167,0.011458,0.011458
baseline,Baseline session authorization,10,1904,0.001083,0.007584,0.0,0.009041,0.019125,0.019125
baseline,Baseline session authorization,10,1905,0.000292,0.004083,0.0,0.006042,0.011333,0.011333
baseline,Baseline session authorization,10,1906,0.000333,0.004125,0.0,0.006166,0.0115,0.0115
baseline,Baseline session authorization,10,1907,0.001083,0.007458,0.0,0.008959,0.018833,0.018833
baseline,Baseline session authorization,10,1908,0.000958,0.007666,0.0,0.009,0.018917,0.018917
baseline,Baseline session authorization,10,1909,0.000958,0.007417,0.0,0.008792,0.0185,0.0185
baseline,Baseline session authorization,10,1910,0.000333,0.004083,0.0,0.005833,0.011083,0.011083
baseline,Baseline session authorization,10,1911,0.0005,0.006791,0.0,0.006458,0.0145,0.0145
baseline,Baseline session authorization,10,1912,0.000333,0.004,0.0,0.006167,0.011333,0.011333
baseline,Baseline session authorization,10,1913,0.000333,0.004209,0.0,0.006292,0.011708,0.011708
baseline,Baseline session authorization,10,1914,0.001125,0.010958,0.0,0.009,0.0225,0.0225
baseline,Baseline session authorization,10,1915,0.001042,0.007542,0.0,0.008958,0.018833,0.018833
baseline,Baseline session authorization,10,1916,0.000958,0.007333,0.0,0.008792,0.0185,0.0185
baseline,Baseline session authorization,10,1917,0.001041,0.0075,0.0,0.008958,0.018834,0.018834
baseline,Baseline session authorization,10,1918,0.001041,0.007875,0.0,0.008959,0.019292,0.019292
baseline,Baseline session authorization,10,1919,0.001,0.012291,0.0,0.008792,0.023417,0.023417
baseline,Baseline session authorization,10,1920,0.000334,0.005542,0.0,0.005917,0.012583,0.012583
baseline,Baseline session authorization,10,1921,0.000333,0.004209,0.0,0.021,0.026583,0.026583
baseline,Baseline session authorization,10,1922,0.001,0.010584,0.0,0.008917,0.021958,0.021958
baseline,Baseline session authorization,10,1923,0.000334,0.004083,0.0,0.006208,0.011416,0.011416
baseline,Baseline session authorization,10,1924,0.000333,0.007459,0.0,0.006416,0.015042,0.015042
baseline,Baseline session authorization,10,1925,0.000958,0.007417,0.0,0.008959,0.018792,0.018792
baseline,Baseline session authorization,10,1926,0.001,0.007333,0.0,0.009,0.018834,0.018834
baseline,Baseline session authorization,10,1927,0.001,0.007667,0.0,0.009083,0.019125,0.019125
baseline,Baseline session authorization,10,1928,0.001083,0.007541,0.0,0.009167,0.019125,0.019125
baseline,Baseline session authorization,10,1929,0.000292,0.004292,0.0,0.005834,0.011209,0.011209
baseline,Baseline session authorization,10,1930,0.000334,0.004166,0.0,0.006125,0.011459,0.011459
baseline,Baseline session authorization,10,1931,0.000333,0.005541,0.0,0.006292,0.013,0.013
baseline,Baseline session authorization,10,1932,0.000334,0.004083,0.0,0.006209,0.011458,0.011458
baseline,Baseline session authorization,10,1933,0.000958,0.00725,0.0,0.008792,0.018291,0.018291
baseline,Baseline session authorization,10,1934,0.001,0.007458,0.0,0.008959,0.018875,0.018875
baseline,Baseline session authorization,10,1935,0.001042,0.01125,0.0,0.009084,0.022917,0.022917
baseline,Baseline session authorization,10,1936,0.001,0.007667,0.0,0.008875,0.018792,0.018792
baseline,Baseline session authorization,10,1937,0.000916,0.007334,0.0,0.008917,0.018541,0.018541
baseline,Baseline session authorization,10,1938,0.001083,0.007625,0.0,0.009,0.019041,0.019041
baseline,Baseline session authorization,10,1939,0.000333,0.004125,0.0,0.005792,0.011084,0.011084
baseline,Baseline session authorization,10,1940,0.000334,0.004208,0.0,0.006125,0.011417,0.011417
baseline,Baseline session authorization,10,1941,0.000917,0.007334,0.0,0.008875,0.018542,0.018542
baseline,Baseline session authorization,10,1942,0.000334,0.004083,0.0,0.006208,0.011375,0.011375
baseline,Baseline session authorization,10,1943,0.000333,0.004167,0.0,0.006125,0.0115,0.0115
baseline,Baseline session authorization,10,1944,0.001041,0.007666,0.0,0.009208,0.019417,0.019417
baseline,Baseline session authorization,10,1945,0.001042,0.008291,0.0,0.008959,0.019625,0.019625
baseline,Baseline session authorization,10,1946,0.001,0.007333,0.0,0.008959,0.018667,0.018667
baseline,Baseline session authorization,10,1947,0.000333,0.004084,0.0,0.005875,0.011041,0.011041
baseline,Baseline session authorization,10,1948,0.000334,0.004334,0.0,0.006041,0.0115,0.0115
baseline,Baseline session authorization,10,1949,0.000333,0.004041,0.0,0.006209,0.011417,0.011417
baseline,Baseline session authorization,10,1950,0.000583,0.005041,0.0,0.007,0.013625,0.013625
baseline,Baseline session authorization,10,1951,0.001,0.0075,0.0,0.009083,0.018958,0.018958
baseline,Baseline session authorization,10,1952,0.001041,0.009875,0.0,0.010333,0.022708,0.022708
baseline,Baseline session authorization,10,1953,0.000958,0.010458,0.0,0.008875,0.02175,0.02175
baseline,Baseline session authorization,10,1954,0.001084,0.009083,0.0,0.009667,0.021375,0.021375
baseline,Baseline session authorization,10,1955,0.001041,0.007417,0.0,0.009083,0.018958,0.018958
baseline,Baseline session authorization,10,1956,0.000292,0.004042,0.0,0.005833,0.011041,0.011041
baseline,Baseline session authorization,10,1957,0.000333,0.00425,0.0,0.006083,0.011458,0.011458
baseline,Baseline session authorization,10,1958,0.001041,0.0075,0.0,0.008917,0.018833,0.018833
baseline,Baseline session authorization,10,1959,0.000334,0.004083,0.0,0.006209,0.011458,0.011458
baseline,Baseline session authorization,10,1960,0.000375,0.004042,0.0,0.006083,0.011375,0.011375
baseline,Baseline session authorization,10,1961,0.001,0.007459,0.0,0.009083,0.019,0.019
baseline,Baseline session authorization,10,1962,0.000959,0.00725,0.0,0.00875,0.018375,0.018375
baseline,Baseline session authorization,10,1963,0.001,0.007708,0.0,0.009042,0.019,0.019
baseline,Baseline session authorization,10,1964,0.001084,0.007791,0.0,0.009292,0.019625,0.019625
baseline,Baseline session authorization,10,1965,0.001042,0.007542,0.0,0.008875,0.018875,0.018875
baseline,Baseline session authorization,10,1966,0.000333,0.004125,0.0,0.005833,0.011125,0.011125
baseline,Baseline session authorization,10,1967,0.000333,0.004292,0.0,0.006125,0.011541,0.011541
baseline,Baseline session authorization,10,1968,0.000333,0.004083,0.0,0.006,0.01125,0.01125
baseline,Baseline session authorization,10,1969,0.000334,0.003958,0.0,0.006084,0.011208,0.011208
baseline,Baseline session authorization,10,1970,0.001042,0.010625,0.0,0.009,0.022042,0.022042
baseline,Baseline session authorization,10,1971,0.001,0.007917,0.0,0.009042,0.019333,0.019333
baseline,Baseline session authorization,10,1972,0.001,0.007458,0.0,0.008792,0.018667,0.018667
baseline,Baseline session authorization,10,1973,0.001041,0.007542,0.0,0.008958,0.019,0.019
baseline,Baseline session authorization,10,1974,0.001042,0.007667,0.0,0.008917,0.019,0.019
baseline,Baseline session authorization,10,1975,0.000334,0.004,0.0,0.005834,0.010958,0.010958
baseline,Baseline session authorization,10,1976,0.000375,0.00425,0.0,0.006166,0.011584,0.011584
baseline,Baseline session authorization,10,1977,0.001,0.007416,0.0,0.009,0.018917,0.018917
baseline,Baseline session authorization,10,1978,0.000375,0.004,0.0,0.006167,0.011375,0.011375
baseline,Baseline session authorization,10,1979,0.000375,0.004125,0.0,0.006125,0.011458,0.011458
baseline,Baseline session authorization,10,1980,0.001041,0.007417,0.0,0.009,0.018792,0.018792
baseline,Baseline session authorization,10,1981,0.001167,0.008291,0.0,0.009292,0.020167,0.020167
baseline,Baseline session authorization,10,1982,0.001125,0.007459,0.0,0.008833,0.018791,0.018791
baseline,Baseline session authorization,10,1983,0.000959,0.007959,0.0,0.009,0.019334,0.019334
baseline,Baseline session authorization,10,1984,0.000292,0.004042,0.0,0.005834,0.011,0.011
baseline,Baseline session authorization,10,1985,0.000416,0.004166,0.0,0.006084,0.0115,0.0115
baseline,Baseline session authorization,10,1986,0.001,0.007458,0.0,0.008958,0.01875,0.01875
baseline,Baseline session authorization,10,1987,0.000333,0.004125,0.0,0.006125,0.011333,0.011333
baseline,Baseline session authorization,10,1988,0.000333,0.004084,0.0,0.006125,0.011375,0.011375
baseline,Baseline session authorization,10,1989,0.001,0.007833,0.0,0.037792,0.048625,0.048625
baseline,Baseline session authorization,10,1990,0.001,0.007375,0.0,0.008709,0.018375,0.018375
baseline,Baseline session authorization,10,1991,0.000959,0.007708,0.0,0.009041,0.019125,0.019125
baseline,Baseline session authorization,10,1992,0.001042,0.007625,0.0,0.009083,0.019042,0.019042
baseline,Baseline session authorization,10,1993,0.000917,0.010625,0.0,0.009083,0.022041,0.022041
baseline,Baseline session authorization,10,1994,0.001042,0.007833,0.0,0.054042,0.064875,0.064875
baseline,Baseline session authorization,10,1995,0.000333,0.004125,0.0,0.005875,0.011125,0.011125
baseline,Baseline session authorization,10,1996,0.000458,0.004333,0.0,0.006084,0.011709,0.011709
baseline,Baseline session authorization,10,1997,0.000958,0.007667,0.0,0.008917,0.019,0.019
baseline,Baseline session authorization,10,1998,0.000333,0.004125,0.0,0.006208,0.011458,0.011458
baseline,Baseline session authorization,10,1999,0.000334,0.004083,0.0,0.006084,0.011375,0.011375
baseline,Baseline session authorization,10,2000,0.000958,0.007458,0.0,0.008958,0.018833,0.018833
baseline,Baseline session authorization,10,2001,0.001,0.007375,0.0,0.008916,0.018708,0.018708
baseline,Baseline session authorization,10,2002,0.001083,0.011208,0.0,0.00925,0.023,0.023
baseline,Baseline session authorization,10,2003,0.001041,0.007417,0.0,0.008959,0.018792,0.018792
baseline,Baseline session authorization,10,2004,0.001083,0.01675,0.0,0.01075,0.03,0.03
baseline,Baseline session authorization,10,2005,0.000291,0.004083,0.0,0.005834,0.010958,0.010958
baseline,Baseline session authorization,10,2006,0.000292,0.004167,0.0,0.006167,0.0115,0.0115
baseline,Baseline session authorization,10,2007,0.000334,0.004125,0.0,0.006125,0.011416,0.011416
baseline,Baseline session authorization,10,2008,0.000375,0.012792,0.0,0.006667,0.02075,0.02075
baseline,Baseline session authorization,10,2009,0.001042,0.007583,0.0,0.008958,0.018958,0.018958
baseline,Baseline session authorization,10,2010,0.001084,0.007541,0.0,0.009125,0.019125,0.019125
baseline,Baseline session authorization,10,2011,0.001083,0.007625,0.0,0.008917,0.019125,0.019125
baseline,Baseline session authorization,10,2012,0.001041,0.007708,0.0,0.009084,0.01925,0.01925
baseline,Baseline session authorization,10,2013,0.000959,0.007334,0.0,0.008833,0.018458,0.018458
baseline,Baseline session authorization,10,2014,0.000334,0.004084,0.0,0.005833,0.011041,0.011041
baseline,Baseline session authorization,10,2015,0.000292,0.004167,0.0,0.006125,0.011417,0.011417
baseline,Baseline session authorization,10,2016,0.001,0.007375,0.0,0.00875,0.018542,0.018542
baseline,Baseline session authorization,10,2017,0.000291,0.004042,0.0,0.006083,0.011333,0.011333
baseline,Baseline session authorization,10,2018,0.000334,0.004125,0.0,0.006125,0.011375,0.011375
baseline,Baseline session authorization,10,2019,0.001,0.007584,0.0,0.008916,0.018958,0.018958
baseline,Baseline session authorization,10,2020,0.001125,0.007959,0.0,0.00925,0.019833,0.019833
baseline,Baseline session authorization,10,2021,0.001,0.011083,0.0,0.009084,0.0225,0.0225
baseline,Baseline session authorization,10,2022,0.001083,0.007459,0.0,0.009,0.018875,0.018875
baseline,Baseline session authorization,10,2023,0.000333,0.004208,0.0,0.005833,0.011125,0.011125
baseline,Baseline session authorization,10,2024,0.000333,0.004125,0.0,0.006125,0.011375,0.011375
baseline,Baseline session authorization,10,2025,0.000334,0.004042,0.0,0.006083,0.011291,0.011291
baseline,Baseline session authorization,10,2026,0.000333,0.004041,0.0,0.006042,0.01125,0.01125
baseline,Baseline session authorization,10,2027,0.000959,0.007333,0.0,0.008833,0.018417,0.018417
baseline,Baseline session authorization,10,2028,0.001041,0.007625,0.0,0.009,0.019,0.019
baseline,Baseline session authorization,10,2029,0.001042,0.0075,0.0,0.009042,0.019042,0.019042
baseline,Baseline session authorization,10,2030,0.001084,0.008209,0.0,0.009083,0.019792,0.019792
baseline,Baseline session authorization,10,2031,0.000958,0.007667,0.0,0.008875,0.018917,0.018917
baseline,Baseline session authorization,10,2032,0.001125,0.008542,0.0,0.009125,0.020375,0.020375
baseline,Baseline session authorization,10,2033,0.001,0.010417,0.0,0.00875,0.021458,0.021458
baseline,Baseline session authorization,10,2034,0.000333,0.004167,0.0,0.005792,0.011125,0.011125
baseline,Baseline session authorization,10,2035,0.000334,0.005667,0.0,0.006333,0.013166,0.013166
baseline,Baseline session authorization,10,2036,0.001,0.007417,0.0,0.008833,0.018625,0.018625
baseline,Baseline session authorization,10,2037,0.000375,0.004125,0.0,0.006167,0.011417,0.011417
baseline,Baseline session authorization,10,2038,0.000333,0.004,0.0,0.006083,0.01125,0.01125
baseline,Baseline session authorization,10,2039,0.001042,0.011958,0.0,0.009083,0.023458,0.023458
baseline,Baseline session authorization,10,2040,0.000917,0.007834,0.0,0.009,0.019042,0.019042
baseline,Baseline session authorization,10,2041,0.001041,0.008042,0.0,0.009125,0.019708,0.019708
baseline,Baseline session authorization,10,2042,0.000334,0.012125,0.0,0.006291,0.019584,0.019584
baseline,Baseline session authorization,10,2043,0.000334,0.004125,0.0,0.006167,0.011416,0.011416
baseline,Baseline session authorization,10,2044,0.000333,0.004209,0.0,0.006166,0.011583,0.011583
baseline,Baseline session authorization,10,2045,0.000333,0.004084,0.0,0.006167,0.011375,0.011375
baseline,Baseline session authorization,10,2046,0.001042,0.007375,0.0,0.008917,0.018792,0.018792
baseline,Baseline session authorization,10,2047,0.001083,0.00825,0.0,0.00925,0.020083,0.020083
baseline,Baseline session authorization,10,2048,0.001042,0.007542,0.0,0.008916,0.018834,0.018834
baseline,Baseline session authorization,10,2049,0.001042,0.007792,0.0,0.008916,0.01925,0.01925
baseline,Baseline session authorization,10,2050,0.000916,0.007459,0.0,0.008916,0.018584,0.018584
baseline,Baseline session authorization,10,2051,0.000333,0.00425,0.0,0.005833,0.011208,0.011208
baseline,Baseline session authorization,10,2052,0.000333,0.00425,0.0,0.006208,0.011625,0.011625
baseline,Baseline session authorization,10,2053,0.001,0.007541,0.0,0.009,0.019,0.019
baseline,Baseline session authorization,10,2054,0.000291,0.00625,0.0,0.006542,0.013958,0.013958
baseline,Baseline session authorization,10,2055,0.000333,0.004167,0.0,0.006125,0.011542,0.011542
baseline,Baseline session authorization,10,2056,0.000958,0.007375,0.0,0.008833,0.018583,0.018583
baseline,Baseline session authorization,10,2057,0.001041,0.007875,0.0,0.009208,0.0195,0.0195
baseline,Baseline session authorization,10,2058,0.001,0.007667,0.0,0.008875,0.018917,0.018917
baseline,Baseline session authorization,10,2059,0.000333,0.005209,0.0,0.005958,0.012333,0.012333
baseline,Baseline session authorization,10,2060,0.000334,0.007917,0.0,0.006375,0.015459,0.015459
baseline,Baseline session authorization,10,2061,0.001083,0.007417,0.0,0.009,0.018916,0.018916
baseline,Baseline session authorization,10,2062,0.000333,0.004292,0.0,0.006167,0.011583,0.011583
baseline,Baseline session authorization,10,2063,0.000333,0.004041,0.0,0.006084,0.011334,0.011334
baseline,Baseline session authorization,10,2064,0.001083,0.007541,0.0,0.009,0.019,0.019
baseline,Baseline session authorization,10,2065,0.000958,0.0075,0.0,0.009041,0.018917,0.018917
baseline,Baseline session authorization,10,2066,0.000958,0.007708,0.0,0.008958,0.019042,0.019042
baseline,Baseline session authorization,10,2067,0.001041,0.011583,0.0,0.008875,0.022958,0.022958
baseline,Baseline session authorization,10,2068,0.001083,0.007875,0.0,0.009125,0.019375,0.019375
baseline,Baseline session authorization,10,2069,0.001,0.0075,0.0,0.00875,0.018541,0.018541
baseline,Baseline session authorization,10,2070,0.001042,0.007792,0.0,0.009209,0.019542,0.019542
baseline,Baseline session authorization,10,2071,0.001,0.011,0.0,0.009125,0.022791,0.022791
baseline,Baseline session authorization,10,2072,0.001042,0.007333,0.0,0.009042,0.018792,0.018792
baseline,Baseline session authorization,10,2073,0.001,0.007542,0.0,0.008958,0.018834,0.018834
baseline,Baseline session authorization,10,2074,0.001,0.007334,0.0,0.008917,0.018667,0.018667
baseline,Baseline session authorization,10,2075,0.001084,0.007709,0.0,0.009084,0.019292,0.019292
baseline,Baseline session authorization,10,2076,0.001042,0.007375,0.0,0.008667,0.018333,0.018333
baseline,Baseline session authorization,10,2077,0.001,0.007792,0.0,0.008917,0.019083,0.019083
baseline,Baseline session authorization,10,2078,0.001,0.007292,0.0,0.008875,0.018417,0.018417
baseline,Baseline session authorization,10,2079,0.001,0.007417,0.0,0.008875,0.018791,0.018791
baseline,Baseline session authorization,10,2080,0.000959,0.007333,0.0,0.008833,0.0185,0.0185
baseline,Baseline session authorization,10,2081,0.001125,0.00775,0.0,0.008833,0.019125,0.019125
baseline,Baseline session authorization,10,2082,0.001042,0.007625,0.0,0.009166,0.019208,0.019208
baseline,Baseline session authorization,10,2083,0.001,0.007666,0.0,0.008958,0.018959,0.018959
baseline,Baseline session authorization,10,2084,0.001,0.00775,0.0,0.008584,0.018667,0.018667
baseline,Baseline session authorization,10,2085,0.001084,0.007584,0.0,0.009,0.019084,0.019084
baseline,Baseline session authorization,10,2086,0.001,0.010917,0.0,0.008833,0.022083,0.022083
baseline,Baseline session authorization,10,2087,0.000916,0.007334,0.0,0.008791,0.018375,0.018375
baseline,Baseline session authorization,10,2088,0.001083,0.012167,0.0,0.009166,0.02375,0.02375
baseline,Baseline session authorization,10,2089,0.001083,0.007291,0.0,0.009,0.018791,0.018791
baseline,Baseline session authorization,10,2090,0.001042,0.007666,0.0,0.009333,0.019459,0.019459
baseline,Baseline session authorization,10,2091,0.001042,0.007708,0.0,0.009209,0.019333,0.019333
baseline,Baseline session authorization,10,2092,0.001,0.007709,0.0,0.021167,0.031416,0.031416
baseline,Baseline session authorization,10,2093,0.000958,0.0075,0.0,0.00875,0.0185,0.0185
baseline,Baseline session authorization,10,2094,0.001041,0.007291,0.0,0.008667,0.018208,0.018208
baseline,Baseline session authorization,10,2095,0.001083,0.020083,0.0,0.00975,0.0325,0.0325
baseline,Baseline session authorization,10,2096,0.000958,0.0075,0.0,0.008917,0.018667,0.018667
baseline,Baseline session authorization,10,2097,0.001,0.007375,0.0,0.009,0.01875,0.01875
baseline,Baseline session authorization,10,2098,0.000916,0.007334,0.0,0.008708,0.018333,0.018333
baseline,Baseline session authorization,10,2099,0.001083,0.008084,0.0,0.009125,0.019625,0.019625
baseline,Baseline session authorization,10,2100,0.001042,0.007417,0.0,0.009,0.018875,0.018875
baseline,Baseline session authorization,10,2101,0.001041,0.019042,0.0,0.009042,0.030583,0.030583
baseline,Baseline session authorization,10,2102,0.001041,0.007542,0.0,0.008959,0.018958,0.018958
baseline,Baseline session authorization,10,2103,0.001,0.007334,0.0,0.008958,0.018583,0.018583
baseline,Baseline session authorization,10,2104,0.001041,0.007458,0.0,0.00875,0.0185,0.0185
baseline,Baseline session authorization,10,2105,0.001208,0.008708,0.0,0.009542,0.021166,0.021166
baseline,Baseline session authorization,10,2106,0.001209,0.008,0.0,0.009083,0.019667,0.019667
baseline,Baseline session authorization,10,2107,0.001042,0.007416,0.0,0.008875,0.01875,0.01875
baseline,Baseline session authorization,10,2108,0.001042,0.007375,0.0,0.008791,0.018542,0.018542
baseline,Baseline session authorization,10,2109,0.001,0.007541,0.0,0.008792,0.018666,0.018666
baseline,Baseline session authorization,10,2110,0.000958,0.007834,0.0,0.009042,0.019208,0.019208
baseline,Baseline session authorization,10,2111,0.000916,0.007542,0.0,0.008833,0.018584,0.018584
baseline,Baseline session authorization,10,2112,0.001084,0.007541,0.0,0.009,0.019,0.019
baseline,Baseline session authorization,10,2113,0.001,0.007834,0.0,0.009,0.01925,0.01925
baseline,Baseline session authorization,10,2114,0.001083,0.007917,0.0,0.009083,0.019417,0.019417
baseline,Baseline session authorization,10,2115,0.001,0.007583,0.0,0.008958,0.018916,0.018916
baseline,Baseline session authorization,10,2116,0.001,0.007542,0.0,0.008958,0.018875,0.018875
baseline,Baseline session authorization,10,2117,0.000958,0.007625,0.0,0.008917,0.018917,0.018917
baseline,Baseline session authorization,10,2118,0.001083,0.008459,0.0,0.00925,0.02025,0.02025
baseline,Baseline session authorization,10,2119,0.001042,0.007542,0.0,0.008875,0.018875,0.018875
baseline,Baseline session authorization,10,2120,0.001042,0.007458,0.0,0.009,0.018875,0.018875
baseline,Baseline session authorization,10,2121,0.001,0.0075,0.0,0.009,0.018917,0.018917
baseline,Baseline session authorization,10,2122,0.001042,0.007792,0.0,0.009,0.01925,0.01925
baseline,Baseline session authorization,10,2123,0.001125,0.007875,0.0,0.009583,0.02,0.02
baseline,Baseline session authorization,10,2124,0.001125,0.007875,0.0,0.008959,0.019375,0.019375
baseline,Baseline session authorization,10,2125,0.001041,0.007334,0.0,0.009041,0.01875,0.01875
baseline,Baseline session authorization,10,2126,0.001041,0.0075,0.0,0.009,0.018875,0.018875
baseline,Baseline session authorization,10,2127,0.001041,0.007375,0.0,0.008959,0.01875,0.01875
baseline,Baseline session authorization,10,2128,0.001,0.007458,0.0,0.008917,0.018792,0.018792
baseline,Baseline session authorization,10,2129,0.001041,0.007709,0.0,0.008959,0.019083,0.019083
baseline,Baseline session authorization,10,2130,0.001041,0.007708,0.0,0.008958,0.019125,0.019125
baseline,Baseline session authorization,10,2131,0.001041,0.007792,0.0,0.008958,0.019125,0.019125
baseline,Baseline session authorization,10,2132,0.001041,0.007334,0.0,0.008917,0.018708,0.018708
baseline,Baseline session authorization,10,2133,0.001083,0.007583,0.0,0.008833,0.018875,0.018875
baseline,Baseline session authorization,10,2134,0.001083,0.007708,0.0,0.009208,0.019416,0.019416
baseline,Baseline session authorization,10,2135,0.001083,0.007792,0.0,0.008875,0.019125,0.019125
baseline,Baseline session authorization,10,2136,0.001041,0.007708,0.0,0.008958,0.019166,0.019166
baseline,Baseline session authorization,10,2137,0.001083,0.007541,0.0,0.008958,0.019,0.019
baseline,Baseline session authorization,10,2138,0.000958,0.007167,0.0,0.008917,0.018458,0.018458
baseline,Baseline session authorization,10,2139,0.001041,0.007458,0.0,0.009041,0.018916,0.018916
baseline,Baseline session authorization,10,2140,0.001084,0.007541,0.0,0.009,0.019,0.019
baseline,Baseline session authorization,10,2141,0.000917,0.007625,0.0,0.008791,0.018708,0.018708
baseline,Baseline session authorization,10,2142,0.001,0.007584,0.0,0.008834,0.018875,0.018875
baseline,Baseline session authorization,10,2143,0.001,0.00775,0.0,0.008958,0.019125,0.019125
baseline,Baseline session authorization,10,2144,0.001083,0.00775,0.0,0.008958,0.019167,0.019167
baseline,Baseline session authorization,10,2145,0.001,0.011209,0.0,0.009041,0.022542,0.022542
baseline,Baseline session authorization,10,2146,0.001,0.007375,0.0,0.008917,0.018667,0.018667
baseline,Baseline session authorization,10,2147,0.000959,0.007584,0.0,0.008958,0.018834,0.018834
baseline,Baseline session authorization,10,2148,0.000958,0.0075,0.0,0.008708,0.018541,0.018541
baseline,Baseline session authorization,10,2149,0.000958,0.00725,0.0,0.008792,0.01825,0.01825
baseline,Baseline session authorization,10,2150,0.001041,0.007583,0.0,0.009,0.019041,0.019041
baseline,Baseline session authorization,10,2151,0.001,0.012667,0.0,0.009083,0.024083,0.024083
baseline,Baseline session authorization,10,2152,0.001041,0.008083,0.0,0.009167,0.019708,0.019708
baseline,Baseline session authorization,10,2153,0.001041,0.00775,0.0,0.019459,0.029791,0.029791
baseline,Baseline session authorization,10,2154,0.001041,0.011125,0.0,0.008959,0.0225,0.0225
baseline,Baseline session authorization,10,2155,0.001,0.010792,0.0,0.009042,0.022291,0.022291
baseline,Baseline session authorization,10,2156,0.000959,0.007584,0.0,0.008833,0.01875,0.01875
baseline,Baseline session authorization,10,2157,0.005,0.018084,0.0,0.009083,0.033791,0.033791
baseline,Baseline session authorization,10,2158,0.001,0.007666,0.0,0.008917,0.018917,0.018917
baseline,Baseline session authorization,10,2159,0.001042,0.007833,0.0,0.008917,0.019083,0.019083
baseline,Baseline session authorization,10,2160,0.001,0.007959,0.0,0.008834,0.019209,0.019209
baseline,Baseline session authorization,10,2161,0.000958,0.00725,0.0,0.008833,0.018416,0.018416
baseline,Baseline session authorization,10,2162,0.001042,0.008209,0.0,0.009208,0.019875,0.019875
baseline,Baseline session authorization,10,2163,0.001125,0.008,0.0,0.009167,0.019708,0.019708
baseline,Baseline session authorization,10,2164,0.001,0.007542,0.0,0.008958,0.018916,0.018916
baseline,Baseline session authorization,10,2165,0.000416,0.004541,0.0,0.006334,0.01225,0.01225
baseline,Baseline session authorization,10,2166,0.000958,0.007458,0.0,0.009042,0.018833,0.018833
baseline,Baseline session authorization,10,2167,0.001083,0.0115,0.0,0.009083,0.023083,0.023083
baseline,Baseline session authorization,10,2168,0.000958,0.007833,0.0,0.009042,0.019208,0.019208
baseline,Baseline session authorization,10,2169,0.001,0.007333,0.0,0.00875,0.018458,0.018458
baseline,Baseline session authorization,10,2170,0.001042,0.007625,0.0,0.008875,0.018875,0.018875
baseline,Baseline session authorization,10,2171,0.000917,0.007583,0.0,0.009,0.018917,0.018917
baseline,Baseline session authorization,10,2172,0.001042,0.011666,0.0,0.009083,0.023167,0.023167
baseline,Baseline session authorization,10,2173,0.001,0.010541,0.0,0.00875,0.021667,0.021667
baseline,Baseline session authorization,10,2174,0.001083,0.0075,0.0,0.008958,0.018916,0.018916
baseline,Baseline session authorization,10,2175,0.001,0.007417,0.0,0.008958,0.018833,0.018833
baseline,Baseline session authorization,10,2176,0.001,0.010541,0.0,0.008958,0.021917,0.021917
baseline,Baseline session authorization,10,2177,0.001042,0.007959,0.0,0.009208,0.019667,0.019667
baseline,Baseline session authorization,10,2178,0.001,0.007458,0.0,0.008958,0.01875,0.01875
baseline,Baseline session authorization,10,2179,0.001083,0.0075,0.0,0.008916,0.018834,0.018834
baseline,Baseline session authorization,10,2180,0.001084,0.007458,0.0,0.008958,0.018833,0.018833
baseline,Baseline session authorization,10,2181,0.001042,0.007542,0.0,0.008917,0.018875,0.018875
baseline,Baseline session authorization,10,2182,0.001042,0.007541,0.0,0.008917,0.018917,0.018917
baseline,Baseline session authorization,10,2183,0.001,0.007916,0.0,0.008917,0.019166,0.019166
baseline,Baseline session authorization,10,2184,0.000958,0.007583,0.0,0.008917,0.018708,0.018708
baseline,Baseline session authorization,10,2185,0.001042,0.00775,0.0,0.008958,0.019167,0.019167
baseline,Baseline session authorization,10,2186,0.000958,0.007291,0.0,0.008917,0.018542,0.018542
baseline,Baseline session authorization,10,2187,0.000959,0.007625,0.0,0.008916,0.018834,0.018834
baseline,Baseline session authorization,10,2188,0.001,0.007417,0.0,0.008834,0.018625,0.018625
baseline,Baseline session authorization,10,2189,0.001,0.007417,0.0,0.008917,0.018792,0.018792
baseline,Baseline session authorization,10,2190,0.001,0.007583,0.0,0.008958,0.018959,0.018959
baseline,Baseline session authorization,10,2191,0.001,0.007583,0.0,0.008917,0.018959,0.018959
baseline,Baseline session authorization,10,2192,0.001042,0.007583,0.0,0.008958,0.019,0.019
baseline,Baseline session authorization,10,2193,0.001,0.0075,0.0,0.009042,0.018833,0.018833
baseline,Baseline session authorization,10,2194,0.000958,0.007375,0.0,0.008958,0.018625,0.018625
baseline,Baseline session authorization,10,2195,0.001125,0.022,0.0,0.009708,0.034375,0.034375
baseline,Baseline session authorization,10,2196,0.001,0.010791,0.0,0.008875,0.022083,0.022083
baseline,Baseline session authorization,10,2197,0.000959,0.007625,0.0,0.008958,0.018917,0.018917
baseline,Baseline session authorization,10,2198,0.001041,0.007458,0.0,0.009208,0.019042,0.019042
baseline,Baseline session authorization,10,2199,0.001084,0.008333,0.0,0.009667,0.031667,0.031667
baseline,Baseline session authorization,10,2200,0.000958,0.007541,0.0,0.008792,0.018583,0.018583
baseline,Baseline session authorization,10,2201,0.001042,0.008625,0.0,0.009125,0.02025,0.02025
baseline,Baseline session authorization,10,2202,0.001,0.007417,0.0,0.008958,0.018833,0.018833
baseline,Baseline session authorization,10,2203,0.001042,0.007458,0.0,0.008917,0.01875,0.01875
baseline,Baseline session authorization,10,2204,0.000875,0.007375,0.0,0.008666,0.018333,0.018333
baseline,Baseline session authorization,10,2205,0.001041,0.007958,0.0,0.008958,0.019375,0.019375
baseline,Baseline session authorization,10,2206,0.000958,0.007584,0.0,0.008958,0.018791,0.018791
baseline,Baseline session authorization,10,2207,0.000958,0.007541,0.0,0.008875,0.018791,0.018791
baseline,Baseline session authorization,10,2208,0.000875,0.007417,0.0,0.008833,0.0185,0.0185
baseline,Baseline session authorization,10,2209,0.000958,0.007292,0.0,0.008666,0.01825,0.01825
baseline,Baseline session authorization,10,2210,0.001042,0.01125,0.0,0.009041,0.02275,0.02275
baseline,Baseline session authorization,10,2211,0.001,0.007417,0.0,0.009,0.01875,0.01875
baseline,Baseline session authorization,10,2212,0.000917,0.007584,0.0,0.008917,0.018833,0.018833
baseline,Baseline session authorization,10,2213,0.000958,0.007583,0.0,0.008916,0.018916,0.018916
baseline,Baseline session authorization,10,2214,0.001,0.011209,0.0,0.008875,0.022541,0.022541
baseline,Baseline session authorization,10,2215,0.001,0.011,0.0,0.008875,0.022292,0.022292
baseline,Baseline session authorization,10,2216,0.001,0.007459,0.0,0.009041,0.018916,0.018916
baseline,Baseline session authorization,10,2217,0.001042,0.007417,0.0,0.009042,0.018875,0.018875
baseline,Baseline session authorization,10,2218,0.001,0.011333,0.0,0.009166,0.023,0.023
baseline,Baseline session authorization,10,2219,0.001042,0.007583,0.0,0.008959,0.018875,0.018875
baseline,Baseline session authorization,10,2220,0.001084,0.007875,0.0,0.008958,0.019334,0.019334
baseline,Baseline session authorization,10,2221,0.001042,0.007708,0.0,0.008959,0.019,0.019
baseline,Baseline session authorization,10,2222,0.001,0.007458,0.0,0.009,0.018791,0.018791
baseline,Baseline session authorization,10,2223,0.001042,0.007542,0.0,0.009041,0.019042,0.019042
baseline,Baseline session authorization,10,2224,0.001042,0.007459,0.0,0.008917,0.018875,0.018875
baseline,Baseline session authorization,10,2225,0.001083,0.008041,0.0,0.009375,0.019958,0.019958
baseline,Baseline session authorization,10,2226,0.001,0.0075,0.0,0.009,0.018917,0.018917
baseline,Baseline session authorization,10,2227,0.001042,0.0075,0.0,0.009,0.018958,0.018958
baseline,Baseline session authorization,10,2228,0.001,0.007625,0.0,0.008917,0.019,0.019
baseline,Baseline session authorization,10,2229,0.000959,0.007417,0.0,0.008834,0.018542,0.018542
baseline,Baseline session authorization,10,2230,0.001041,0.007459,0.0,0.009041,0.018875,0.018875
baseline,Baseline session authorization,10,2231,0.000958,0.007375,0.0,0.008916,0.018666,0.018666
baseline,Baseline session authorization,10,2232,0.000958,0.0075,0.0,0.009,0.018875,0.018875
baseline,Baseline session authorization,10,2233,0.001041,0.007542,0.0,0.008833,0.018709,0.018709
baseline,Baseline session authorization,10,2234,0.001,0.007542,0.0,0.009,0.018916,0.018916
baseline,Baseline session authorization,10,2235,0.000917,0.007375,0.0,0.008834,0.0185,0.0185
baseline,Baseline session authorization,10,2236,0.001041,0.02475,0.0,0.009167,0.036459,0.036459
baseline,Baseline session authorization,10,2237,0.001,0.007375,0.0,0.009,0.018709,0.018709
baseline,Baseline session authorization,10,2238,0.000958,0.007625,0.0,0.008916,0.018834,0.018834
baseline,Baseline session authorization,10,2239,0.001,0.0075,0.0,0.008917,0.018833,0.018833
baseline,Baseline session authorization,10,2240,0.001042,0.007833,0.0,0.008917,0.019167,0.019167
baseline,Baseline session authorization,10,2241,0.001,0.007375,0.0,0.008917,0.018625,0.018625
baseline,Baseline session authorization,10,2242,0.001,0.007416,0.0,0.008875,0.018625,0.018625
baseline,Baseline session authorization,10,2243,0.001,0.007375,0.0,0.008833,0.018583,0.018583
baseline,Baseline session authorization,10,2244,0.001,0.0075,0.0,0.008833,0.01875,0.01875
baseline,Baseline session authorization,10,2245,0.001,0.007541,0.0,0.008917,0.018833,0.018833
baseline,Baseline session authorization,10,2246,0.000917,0.007542,0.0,0.008875,0.018667,0.018667
baseline,Baseline session authorization,10,2247,0.001083,0.007666,0.0,0.009042,0.019208,0.019208
baseline,Baseline session authorization,10,2248,0.001,0.00725,0.0,0.008875,0.018541,0.018541
baseline,Baseline session authorization,10,2249,0.001,0.007583,0.0,0.00875,0.018833,0.018833
baseline,Baseline session authorization,10,2250,0.001,0.007458,0.0,0.00875,0.018542,0.018542
baseline,Baseline session authorization,10,2251,0.001083,0.008,0.0,0.0095,0.020041,0.020041
baseline,Baseline session authorization,10,2252,0.000958,0.007667,0.0,0.008875,0.018875,0.018875
baseline,Baseline session authorization,10,2253,0.001083,0.007792,0.0,0.008959,0.019209,0.019209
baseline,Baseline session authorization,10,2254,0.000958,0.007375,0.0,0.008792,0.018375,0.018375
baseline,Baseline session authorization,10,2255,0.001042,0.012208,0.0,0.009166,0.023834,0.023834
baseline,Baseline session authorization,10,2256,0.000959,0.007625,0.0,0.008959,0.018917,0.018917
baseline,Baseline session authorization,10,2257,0.001,0.008292,0.0,0.009166,0.019958,0.019958
baseline,Baseline session authorization,10,2258,0.001,0.010542,0.0,0.008875,0.021709,0.021709
baseline,Baseline session authorization,10,2259,0.001,0.007833,0.0,0.009166,0.019375,0.019375
baseline,Baseline session authorization,10,2260,0.001,0.007542,0.0,0.009084,0.019,0.019
baseline,Baseline session authorization,10,2261,0.000958,0.007458,0.0,0.008958,0.01875,0.01875
baseline,Baseline session authorization,10,2262,0.000333,0.02225,0.0,0.007083,0.030625,0.030625
baseline,Baseline session authorization,10,2263,0.001,0.007583,0.0,0.008917,0.018917,0.018917
baseline,Baseline session authorization,10,2264,0.001041,0.013208,0.0,0.009208,0.024916,0.024916
baseline,Baseline session authorization,10,2265,0.000917,0.00775,0.0,0.009,0.019292,0.019292
baseline,Baseline session authorization,10,2266,0.001042,0.007583,0.0,0.008916,0.018959,0.018959
baseline,Baseline session authorization,10,2267,0.001,0.0075,0.0,0.008916,0.018791,0.018791
baseline,Baseline session authorization,10,2268,0.001083,0.007708,0.0,0.021334,0.031583,0.031583
baseline,Baseline session authorization,10,2269,0.001042,0.007583,0.0,0.008875,0.018833,0.018833
baseline,Baseline session authorization,10,2270,0.000958,0.007459,0.0,0.008708,0.018416,0.018416
baseline,Baseline session authorization,10,2271,0.001,0.01125,0.0,0.008875,0.022625,0.022625
baseline,Baseline session authorization,10,2272,0.001083,0.007417,0.0,0.009,0.018792,0.018792
baseline,Baseline session authorization,10,2273,0.001125,0.011333,0.0,0.009292,0.023042,0.023042
baseline,Baseline session authorization,10,2274,0.001042,0.008667,0.0,0.009,0.020125,0.020125
baseline,Baseline session authorization,10,2275,0.001042,0.011875,0.0,0.008916,0.023167,0.023167
baseline,Baseline session authorization,10,2276,0.001084,0.008083,0.0,0.009042,0.019625,0.019625
baseline,Baseline session authorization,10,2277,0.001,0.007458,0.0,0.009042,0.018875,0.018875
baseline,Baseline session authorization,10,2278,0.001042,0.007542,0.0,0.008833,0.018791,0.018791
baseline,Baseline session authorization,10,2279,0.001042,0.0075,0.0,0.009042,0.019042,0.019042
baseline,Baseline session authorization,10,2280,0.001,0.007375,0.0,0.008792,0.018542,0.018542
baseline,Baseline session authorization,10,2281,0.001041,0.010667,0.0,0.008875,0.021959,0.021959
baseline,Baseline session authorization,10,2282,0.001041,0.0075,0.0,0.009,0.018917,0.018917
baseline,Baseline session authorization,10,2283,0.001083,0.007417,0.0,0.009041,0.018875,0.018875
baseline,Baseline session authorization,10,2284,0.001041,0.007458,0.0,0.008958,0.018791,0.018791
baseline,Baseline session authorization,10,2285,0.001041,0.007667,0.0,0.008917,0.018917,0.018917
baseline,Baseline session authorization,10,2286,0.001042,0.007292,0.0,0.008958,0.018625,0.018625
baseline,Baseline session authorization,10,2287,0.000959,0.007541,0.0,0.008875,0.018667,0.018667
baseline,Baseline session authorization,10,2288,0.001083,0.007708,0.0,0.008958,0.019125,0.019125
baseline,Baseline session authorization,10,2289,0.001,0.0075,0.0,0.008959,0.018875,0.018875
baseline,Baseline session authorization,10,2290,0.001,0.007416,0.0,0.009084,0.018833,0.018833
baseline,Baseline session authorization,10,2291,0.001,0.007333,0.0,0.008792,0.018458,0.018458
baseline,Baseline session authorization,10,2292,0.001083,0.007625,0.0,0.008917,0.019,0.019
baseline,Baseline session authorization,10,2293,0.001,0.007541,0.0,0.008917,0.018833,0.018833
baseline,Baseline session authorization,10,2294,0.001042,0.007458,0.0,0.008875,0.01875,0.01875
baseline,Baseline session authorization,10,2295,0.001042,0.007417,0.0,0.008916,0.018709,0.018709
baseline,Baseline session authorization,10,2296,0.001,0.007709,0.0,0.008916,0.019042,0.019042
baseline,Baseline session authorization,10,2297,0.001084,0.010667,0.0,0.008834,0.021875,0.021875
baseline,Baseline session authorization,10,2298,0.001083,0.007334,0.0,0.00875,0.018458,0.018458
baseline,Baseline session authorization,10,2299,0.000959,0.010666,0.0,0.021667,0.034709,0.034709
baseline,Baseline session authorization,10,2300,0.001,0.007667,0.0,0.008958,0.018917,0.018917
baseline,Baseline session authorization,10,2301,0.001084,0.007917,0.0,0.02225,0.032834,0.032834
baseline,Baseline session authorization,10,2302,0.001084,0.007916,0.0,0.018583,0.028959,0.028959
baseline,Baseline session authorization,10,2303,0.001042,0.021375,0.0,0.00925,0.033208,0.033208
baseline,Baseline session authorization,10,2304,0.001,0.007625,0.0,0.009,0.018958,0.018958
baseline,Baseline session authorization,10,2305,0.001084,0.007458,0.0,0.008833,0.018709,0.018709
baseline,Baseline session authorization,10,2306,0.001,0.00775,0.0,0.009,0.019083,0.019083
baseline,Baseline session authorization,10,2307,0.001,0.007708,0.0,0.008833,0.018917,0.018917
baseline,Baseline session authorization,10,2308,0.001083,0.007541,0.0,0.009042,0.019083,0.019083
baseline,Baseline session authorization,10,2309,0.000334,0.00425,0.0,0.006125,0.011583,0.011583
baseline,Baseline session authorization,10,2310,0.001083,0.007667,0.0,0.008875,0.019,0.019
baseline,Baseline session authorization,10,2311,0.001084,0.007416,0.0,0.00875,0.018583,0.018583
baseline,Baseline session authorization,10,2312,0.000875,0.007292,0.0,0.008833,0.018333,0.018333
baseline,Baseline session authorization,10,2313,0.001083,0.007709,0.0,0.008916,0.019166,0.019166
baseline,Baseline session authorization,10,2314,0.001125,0.008459,0.0,0.0095,0.020542,0.020542
baseline,Baseline session authorization,10,2315,0.000959,0.007333,0.0,0.008958,0.018625,0.018625
baseline,Baseline session authorization,10,2316,0.001,0.007375,0.0,0.008875,0.018584,0.018584
baseline,Baseline session authorization,10,2317,0.001,0.007375,0.0,0.008916,0.018666,0.018666
baseline,Baseline session authorization,10,2318,0.001041,0.007583,0.0,0.008917,0.018917,0.018917
baseline,Baseline session authorization,10,2319,0.001042,0.0075,0.0,0.008958,0.018875,0.018875
baseline,Baseline session authorization,10,2320,0.001,0.019,0.0,0.009042,0.0305,0.0305
baseline,Baseline session authorization,10,2321,0.001042,0.007541,0.0,0.008959,0.018917,0.018917
baseline,Baseline session authorization,10,2322,0.001083,0.01075,0.0,0.008958,0.022166,0.022166
baseline,Baseline session authorization,10,2323,0.001083,0.007875,0.0,0.022958,0.033416,0.033416
baseline,Baseline session authorization,10,2324,0.001208,0.008084,0.0,0.009166,0.019875,0.019875
baseline,Baseline session authorization,10,2325,0.000958,0.007875,0.0,0.009041,0.01925,0.01925
baseline,Baseline session authorization,10,2326,0.000958,0.007333,0.0,0.00875,0.018417,0.018417
baseline,Baseline session authorization,10,2327,0.000959,0.007333,0.0,0.008792,0.018459,0.018459
baseline,Baseline session authorization,10,2328,0.001083,0.007417,0.0,0.008958,0.018833,0.018833
baseline,Baseline session authorization,10,2329,0.000959,0.007333,0.0,0.008708,0.018375,0.018375
baseline,Baseline session authorization,10,2330,0.000958,0.007541,0.0,0.008875,0.018791,0.018791
baseline,Baseline session authorization,10,2331,0.001084,0.010833,0.0,0.008958,0.02225,0.02225
baseline,Baseline session authorization,10,2332,0.001084,0.0105,0.0,0.008959,0.021959,0.021959
baseline,Baseline session authorization,10,2333,0.001,0.007375,0.0,0.008917,0.018667,0.018667
baseline,Baseline session authorization,10,2334,0.001042,0.007375,0.0,0.008958,0.018792,0.018792
baseline,Baseline session authorization,10,2335,0.001,0.007667,0.0,0.008958,0.019041,0.019041
baseline,Baseline session authorization,10,2336,0.001041,0.007708,0.0,0.0105,0.020666,0.020666
baseline,Baseline session authorization,10,2337,0.003208,0.033,0.0,0.025417,0.065,0.065
baseline,Baseline session authorization,10,2338,0.001084,0.007583,0.0,0.008958,0.019,0.019
baseline,Baseline session authorization,10,2339,0.001042,0.0075,0.0,0.008958,0.018875,0.018875
baseline,Baseline session authorization,10,2340,0.001,0.007584,0.0,0.008959,0.018875,0.018875
baseline,Baseline session authorization,10,2341,0.001,0.007708,0.0,0.009042,0.019083,0.019083
baseline,Baseline session authorization,10,2342,0.001,0.007292,0.0,0.008708,0.018416,0.018416
baseline,Baseline session authorization,10,2343,0.000959,0.007417,0.0,0.008917,0.018709,0.018709
baseline,Baseline session authorization,10,2344,0.001,0.0075,0.0,0.008959,0.018875,0.018875
baseline,Baseline session authorization,10,2345,0.000959,0.007375,0.0,0.00875,0.018459,0.018459
baseline,Baseline session authorization,10,2346,0.001084,0.007458,0.0,0.008959,0.018834,0.018834
baseline,Baseline session authorization,10,2347,0.001,0.007583,0.0,0.009042,0.019042,0.019042
baseline,Baseline session authorization,10,2348,0.000959,0.007292,0.0,0.008875,0.018459,0.018459
baseline,Baseline session authorization,10,2349,0.001083,0.007666,0.0,0.009125,0.019333,0.019333
baseline,Baseline session authorization,10,2350,0.000958,0.007333,0.0,0.00875,0.018333,0.018333
baseline,Baseline session authorization,10,2351,0.001125,0.007708,0.0,0.008958,0.019125,0.019125
baseline,Baseline session authorization,10,2352,0.001041,0.0075,0.0,0.009,0.018916,0.018916
baseline,Baseline session authorization,10,2353,0.001083,0.00775,0.0,0.009375,0.019583,0.019583
baseline,Baseline session authorization,10,2354,0.001,0.007583,0.0,0.008959,0.018917,0.018917
baseline,Baseline session authorization,10,2355,0.001,0.007459,0.0,0.008792,0.018541,0.018541
baseline,Baseline session authorization,10,2356,0.001042,0.007584,0.0,0.008917,0.018958,0.018958
baseline,Baseline session authorization,10,2357,0.001042,0.0075,0.0,0.008958,0.018833,0.018833
baseline,Baseline session authorization,10,2358,0.001292,0.015417,0.0,0.012208,0.030708,0.030708
baseline,Baseline session authorization,10,2359,0.001042,0.011334,0.0,0.009042,0.022833,0.022833
baseline,Baseline session authorization,10,2360,0.000958,0.007417,0.0,0.009,0.018833,0.018833
baseline,Baseline session authorization,10,2361,0.001,0.007375,0.0,0.008875,0.018666,0.018666
baseline,Baseline session authorization,10,2362,0.000959,0.008,0.0,0.009042,0.019417,0.019417
baseline,Baseline session authorization,10,2363,0.001,0.007375,0.0,0.00875,0.018541,0.018541
baseline,Baseline session authorization,10,2364,0.001,0.007458,0.0,0.008833,0.018584,0.018584
baseline,Baseline session authorization,10,2365,0.000916,0.007917,0.0,0.008916,0.019125,0.019125
baseline,Baseline session authorization,10,2366,0.000958,0.007458,0.0,0.008875,0.018666,0.018666
baseline,Baseline session authorization,10,2367,0.000958,0.007625,0.0,0.009,0.019,0.019
baseline,Baseline session authorization,10,2368,0.000958,0.007875,0.0,0.008916,0.019166,0.019166
baseline,Baseline session authorization,10,2369,0.001,0.007417,0.0,0.008916,0.01875,0.01875
baseline,Baseline session authorization,10,2370,0.001041,0.0075,0.0,0.008875,0.018833,0.018833
baseline,Baseline session authorization,10,2371,0.001,0.007542,0.0,0.008917,0.018875,0.018875
baseline,Baseline session authorization,10,2372,0.001,0.0075,0.0,0.008958,0.018792,0.018792
baseline,Baseline session authorization,10,2373,0.001,0.007541,0.0,0.008833,0.018667,0.018667
baseline,Baseline session authorization,10,2374,0.002208,0.007917,0.0,0.009166,0.020791,0.020791
baseline,Baseline session authorization,10,2375,0.001208,0.007833,0.0,0.009083,0.019458,0.019458
baseline,Baseline session authorization,10,2376,0.001,0.007375,0.0,0.008834,0.018625,0.018625
baseline,Baseline session authorization,10,2377,0.001,0.007334,0.0,0.008667,0.018375,0.018375
baseline,Baseline session authorization,10,2378,0.001042,0.007792,0.0,0.009042,0.019167,0.019167
baseline,Baseline session authorization,10,2379,0.001,0.007375,0.0,0.008833,0.018542,0.018542
baseline,Baseline session authorization,10,2380,0.000458,0.0045,0.0,0.006333,0.01225,0.01225
baseline,Baseline session authorization,10,2381,0.001125,0.012583,0.0,0.00925,0.024625,0.024625
baseline,Baseline session authorization,10,2382,0.001,0.007334,0.0,0.008958,0.018625,0.018625
baseline,Baseline session authorization,10,2383,0.001125,0.010833,0.0,0.009,0.022334,0.022334
baseline,Baseline session authorization,10,2384,0.000958,0.011875,0.0,0.009125,0.023417,0.023417
baseline,Baseline session authorization,10,2385,0.001083,0.007666,0.0,0.008834,0.018875,0.018875
baseline,Baseline session authorization,10,2386,0.000708,0.005708,0.0,0.007291,0.01475,0.01475
baseline,Baseline session authorization,10,2387,0.000959,0.007625,0.0,0.008959,0.018917,0.018917
baseline,Baseline session authorization,10,2388,0.001,0.007542,0.0,0.009,0.018917,0.018917
baseline,Baseline session authorization,10,2389,0.001042,0.007708,0.0,0.009,0.019084,0.019084
baseline,Baseline session authorization,10,2390,0.001042,0.007542,0.0,0.008917,0.018875,0.018875
baseline,Baseline session authorization,10,2391,0.001042,0.007583,0.0,0.008917,0.018833,0.018833
baseline,Baseline session authorization,10,2392,0.001083,0.0075,0.0,0.009,0.018958,0.018958
baseline,Baseline session authorization,10,2393,0.000959,0.007583,0.0,0.009416,0.019375,0.019375
baseline,Baseline session authorization,10,2394,0.000958,0.007292,0.0,0.00875,0.018291,0.018291
baseline,Baseline session authorization,10,2395,0.001083,0.011167,0.0,0.009042,0.022708,0.022708
baseline,Baseline session authorization,10,2396,0.000917,0.007417,0.0,0.008833,0.018459,0.018459
baseline,Baseline session authorization,10,2397,0.001083,0.007583,0.0,0.009,0.019042,0.019042
baseline,Baseline session authorization,10,2398,0.001042,0.007708,0.0,0.009791,0.019958,0.019958
baseline,Baseline session authorization,10,2399,0.001209,0.011292,0.0,0.00925,0.023167,0.023167
baseline,Baseline session authorization,10,2400,0.001041,0.007542,0.0,0.008916,0.018916,0.018916
baseline,Baseline session authorization,10,2401,0.001042,0.010833,0.0,0.008833,0.022084,0.022084
baseline,Baseline session authorization,10,2402,0.001125,0.007459,0.0,0.009042,0.019042,0.019042
baseline,Baseline session authorization,10,2403,0.001,0.007959,0.0,0.009042,0.019416,0.019416
baseline,Baseline session authorization,10,2404,0.001042,0.007458,0.0,0.008834,0.01875,0.01875
baseline,Baseline session authorization,10,2405,0.001,0.00775,0.0,0.008834,0.018917,0.018917
baseline,Baseline session authorization,10,2406,0.001083,0.007667,0.0,0.009,0.019167,0.019167
baseline,Baseline session authorization,10,2407,0.000917,0.010666,0.0,0.008958,0.022,0.022
baseline,Baseline session authorization,10,2408,0.001041,0.007542,0.0,0.009,0.018916,0.018916
baseline,Baseline session authorization,10,2409,0.001042,0.007875,0.0,0.009084,0.019459,0.019459
baseline,Baseline session authorization,10,2410,0.001,0.007417,0.0,0.009,0.01875,0.01875
baseline,Baseline session authorization,10,2411,0.001083,0.007625,0.0,0.008959,0.018875,0.018875
baseline,Baseline session authorization,10,2412,0.001,0.007542,0.0,0.008958,0.018917,0.018917
baseline,Baseline session authorization,10,2413,0.000958,0.007417,0.0,0.009042,0.01875,0.01875
baseline,Baseline session authorization,10,2414,0.000959,0.0075,0.0,0.008875,0.018667,0.018667
baseline,Baseline session authorization,10,2415,0.001042,0.007458,0.0,0.009083,0.018959,0.018959
baseline,Baseline session authorization,10,2416,0.001042,0.007375,0.0,0.008917,0.01875,0.01875
baseline,Baseline session authorization,10,2417,0.001042,0.007333,0.0,0.008917,0.018625,0.018625
baseline,Baseline session authorization,10,2418,0.000916,0.00725,0.0,0.008791,0.01825,0.01825
baseline,Baseline session authorization,10,2419,0.000916,0.007375,0.0,0.008875,0.0185,0.0185
baseline,Baseline session authorization,10,2420,0.001042,0.007625,0.0,0.009,0.019042,0.019042
baseline,Baseline session authorization,10,2421,0.001042,0.007458,0.0,0.009,0.018958,0.018958
baseline,Baseline session authorization,10,2422,0.001,0.007459,0.0,0.008916,0.018791,0.018791
baseline,Baseline session authorization,10,2423,0.000959,0.007292,0.0,0.00875,0.01825,0.01825
baseline,Baseline session authorization,10,2424,0.000958,0.007292,0.0,0.00875,0.018333,0.018333
baseline,Baseline session authorization,10,2425,0.001,0.010541,0.0,0.008958,0.021958,0.021958
baseline,Baseline session authorization,10,2426,0.001,0.007333,0.0,0.009,0.018667,0.018667
baseline,Baseline session authorization,10,2427,0.001,0.007417,0.0,0.009,0.01875,0.01875
baseline,Baseline session authorization,10,2428,0.001,0.0075,0.0,0.008917,0.01875,0.01875
baseline,Baseline session authorization,10,2429,0.001,0.01075,0.0,0.009084,0.02225,0.02225
baseline,Baseline session authorization,10,2430,0.001083,0.007708,0.0,0.008916,0.019084,0.019084
baseline,Baseline session authorization,10,2431,0.001,0.007584,0.0,0.008916,0.018875,0.018875
baseline,Baseline session authorization,10,2432,0.001,0.007583,0.0,0.008916,0.018875,0.018875
baseline,Baseline session authorization,10,2433,0.000958,0.007958,0.0,0.009042,0.019333,0.019333
baseline,Baseline session authorization,10,2434,0.001041,0.007666,0.0,0.009042,0.019167,0.019167
baseline,Baseline session authorization,10,2435,0.001,0.007458,0.0,0.008958,0.018792,0.018792
baseline,Baseline session authorization,10,2436,0.001125,0.007625,0.0,0.009042,0.019167,0.019167
baseline,Baseline session authorization,10,2437,0.001,0.007917,0.0,0.009125,0.019375,0.019375
baseline,Baseline session authorization,10,2438,0.001125,0.018583,0.0,0.009667,0.030833,0.030833
baseline,Baseline session authorization,10,2439,0.000959,0.007375,0.0,0.008667,0.018417,0.018417
baseline,Baseline session authorization,10,2440,0.001042,0.007583,0.0,0.008959,0.018875,0.018875
baseline,Baseline session authorization,10,2441,0.000959,0.007375,0.0,0.008833,0.0185,0.0185
baseline,Baseline session authorization,10,2442,0.001042,0.007459,0.0,0.009041,0.019,0.019
baseline,Baseline session authorization,10,2443,0.001,0.007208,0.0,0.00875,0.01825,0.01825
baseline,Baseline session authorization,10,2444,0.001,0.007208,0.0,0.008833,0.018458,0.018458
baseline,Baseline session authorization,10,2445,0.001042,0.0105,0.0,0.008959,0.021875,0.021875
baseline,Baseline session authorization,10,2446,0.000875,0.007334,0.0,0.008833,0.018375,0.018375
baseline,Baseline session authorization,10,2447,0.001041,0.00775,0.0,0.008958,0.019041,0.019041
baseline,Baseline session authorization,10,2448,0.000959,0.0075,0.0,0.008917,0.01875,0.01875
baseline,Baseline session authorization,10,2449,0.000959,0.0075,0.0,0.009,0.018916,0.018916
baseline,Baseline session authorization,10,2450,0.001041,0.007625,0.0,0.009417,0.0195,0.0195
baseline,Baseline session authorization,10,2451,0.000917,0.007459,0.0,0.008916,0.018625,0.018625
baseline,Baseline session authorization,10,2452,0.001,0.010916,0.0,0.009,0.022417,0.022417
baseline,Baseline session authorization,10,2453,0.001041,0.007459,0.0,0.008959,0.018792,0.018792
baseline,Baseline session authorization,10,2454,0.001042,0.007583,0.0,0.008917,0.018833,0.018833
baseline,Baseline session authorization,10,2455,0.000958,0.007291,0.0,0.008709,0.018292,0.018292
baseline,Baseline session authorization,10,2456,0.001,0.007375,0.0,0.009042,0.01875,0.01875
baseline,Baseline session authorization,10,2457,0.000916,0.007334,0.0,0.008833,0.018375,0.018375
baseline,Baseline session authorization,10,2458,0.001042,0.056416,0.0,0.009125,0.068042,0.068042
baseline,Baseline session authorization,10,2459,0.001042,0.007292,0.0,0.008792,0.018333,0.018333
baseline,Baseline session authorization,10,2460,0.001041,0.007458,0.0,0.009,0.018833,0.018833
baseline,Baseline session authorization,10,2461,0.001042,0.007917,0.0,0.010416,0.020833,0.020833
baseline,Baseline session authorization,10,2462,0.001083,0.008,0.0,0.009167,0.019541,0.019541
baseline,Baseline session authorization,10,2463,0.000875,0.007541,0.0,0.008834,0.018583,0.018583
baseline,Baseline session authorization,10,2464,0.001,0.012041,0.0,0.008917,0.023375,0.023375
baseline,Baseline session authorization,10,2465,0.001,0.0075,0.0,0.009,0.018916,0.018916
baseline,Baseline session authorization,10,2466,0.001,0.010709,0.0,0.008875,0.022042,0.022042
baseline,Baseline session authorization,10,2467,0.000958,0.007375,0.0,0.008875,0.018458,0.018458
baseline,Baseline session authorization,10,2468,0.000959,0.007208,0.0,0.008833,0.01825,0.01825
baseline,Baseline session authorization,10,2469,0.001,0.007417,0.0,0.009042,0.018917,0.018917
baseline,Baseline session authorization,10,2470,0.001,0.007417,0.0,0.008875,0.018625,0.018625
baseline,Baseline session authorization,10,2471,0.001042,0.007459,0.0,0.008958,0.018833,0.018833
baseline,Baseline session authorization,10,2472,0.001041,0.007417,0.0,0.008916,0.018791,0.018791
baseline,Baseline session authorization,10,2473,0.001041,0.007625,0.0,0.009,0.019,0.019
baseline,Baseline session authorization,10,2474,0.001,0.007708,0.0,0.008917,0.018917,0.018917
baseline,Baseline session authorization,10,2475,0.001,0.007541,0.0,0.008792,0.01875,0.01875
baseline,Baseline session authorization,10,2476,0.001042,0.007458,0.0,0.008916,0.018792,0.018792
baseline,Baseline session authorization,10,2477,0.001084,0.007291,0.0,0.009042,0.018708,0.018708
baseline,Baseline session authorization,10,2478,0.000958,0.0075,0.0,0.008875,0.018709,0.018709
baseline,Baseline session authorization,10,2479,0.001,0.007458,0.0,0.008875,0.018708,0.018708
baseline,Baseline session authorization,10,2480,0.001042,0.0075,0.0,0.008875,0.018792,0.018792
baseline,Baseline session authorization,10,2481,0.001,0.007625,0.0,0.008875,0.018833,0.018833
baseline,Baseline session authorization,10,2482,0.001042,0.007584,0.0,0.008875,0.018834,0.018834
baseline,Baseline session authorization,10,2483,0.001,0.0075,0.0,0.008958,0.018833,0.018833
baseline,Baseline session authorization,10,2484,0.001042,0.007333,0.0,0.009042,0.018792,0.018792
baseline,Baseline session authorization,10,2485,0.001042,0.007416,0.0,0.008917,0.018708,0.018708
baseline,Baseline session authorization,10,2486,0.001,0.0075,0.0,0.00875,0.018625,0.018625
baseline,Baseline session authorization,10,2487,0.001083,0.009417,0.0,0.009083,0.024166,0.024166
baseline,Baseline session authorization,10,2488,0.001083,0.007875,0.0,0.009042,0.019542,0.019542
baseline,Baseline session authorization,10,2489,0.001083,0.0075,0.0,0.008875,0.01875,0.01875
baseline,Baseline session authorization,10,2490,0.000959,0.007292,0.0,0.008791,0.018334,0.018334
baseline,Baseline session authorization,10,2491,0.000958,0.007666,0.0,0.009,0.018959,0.018959
baseline,Baseline session authorization,10,2492,0.001042,0.012167,0.0,0.009083,0.02375,0.02375
baseline,Baseline session authorization,10,2493,0.000958,0.0075,0.0,0.008958,0.018833,0.018833
baseline,Baseline session authorization,10,2494,0.001125,0.008583,0.0,0.0095,0.0325,0.0325
baseline,Baseline session authorization,10,2495,0.000958,0.007541,0.0,0.008834,0.018583,0.018583
baseline,Baseline session authorization,10,2496,0.001,0.010584,0.0,0.009,0.022041,0.022041
baseline,Baseline session authorization,10,2497,0.001042,0.007334,0.0,0.008917,0.018708,0.018708
baseline,Baseline session authorization,10,2498,0.000958,0.007625,0.0,0.008916,0.018875,0.018875
baseline,Baseline session authorization,10,2499,0.001,0.010667,0.0,0.009,0.021917,0.021917
baseline,Baseline session authorization,10,2500,0.001,0.007417,0.0,0.008875,0.018583,0.018583
baseline,Baseline session authorization,10,2501,0.001,0.007333,0.0,0.008792,0.018417,0.018417
baseline,Baseline session authorization,10,2502,0.001,0.011166,0.0,0.009,0.022542,0.022542
baseline,Baseline session authorization,10,2503,0.001,0.007583,0.0,0.008917,0.018959,0.018959
baseline,Baseline session authorization,10,2504,0.000959,0.012084,0.0,0.009,0.0235,0.0235
baseline,Baseline session authorization,10,2505,0.001125,0.059042,0.0,0.008959,0.070458,0.070458
baseline,Baseline session authorization,10,2506,0.001042,0.007958,0.0,0.009,0.019459,0.019459
baseline,Baseline session authorization,10,2507,0.001,0.007375,0.0,0.008833,0.018542,0.018542
baseline,Baseline session authorization,10,2508,0.000917,0.007584,0.0,0.009,0.019,0.019
baseline,Baseline session authorization,10,2509,0.001,0.007875,0.0,0.008959,0.019209,0.019209
baseline,Baseline session authorization,10,2510,0.001042,0.007459,0.0,0.008834,0.018792,0.018792
baseline,Baseline session authorization,10,2511,0.001,0.007417,0.0,0.008958,0.018708,0.018708
baseline,Baseline session authorization,10,2512,0.001,0.0075,0.0,0.008959,0.01875,0.01875
baseline,Baseline session authorization,10,2513,0.000958,0.007334,0.0,0.008791,0.018375,0.018375
baseline,Baseline session authorization,10,2514,0.001,0.007542,0.0,0.009333,0.019291,0.019291
baseline,Baseline session authorization,10,2515,0.001042,0.007583,0.0,0.009,0.019042,0.019042
baseline,Baseline session authorization,10,2516,0.001,0.007583,0.0,0.009083,0.019083,0.019083
baseline,Baseline session authorization,10,2517,0.001,0.007375,0.0,0.008792,0.0185,0.0185
baseline,Baseline session authorization,10,2518,0.001042,0.0075,0.0,0.008958,0.018833,0.018833
baseline,Baseline session authorization,10,2519,0.001,0.007542,0.0,0.008833,0.018708,0.018708
baseline,Baseline session authorization,10,2520,0.000959,0.007542,0.0,0.008959,0.018917,0.018917
baseline,Baseline session authorization,10,2521,0.000917,0.007584,0.0,0.008958,0.018792,0.018792
baseline,Baseline session authorization,10,2522,0.001083,0.013125,0.0,0.009125,0.025083,0.025083
baseline,Baseline session authorization,10,2523,0.001042,0.007375,0.0,0.008875,0.0185,0.0185
baseline,Baseline session authorization,10,2524,0.000958,0.007334,0.0,0.00875,0.018417,0.018417
baseline,Baseline session authorization,10,2525,0.001,0.00725,0.0,0.008791,0.018375,0.018375
baseline,Baseline session authorization,10,2526,0.001041,0.007334,0.0,0.009,0.01875,0.01875
baseline,Baseline session authorization,10,2527,0.000958,0.007625,0.0,0.009042,0.018958,0.018958
baseline,Baseline session authorization,10,2528,0.001,0.010541,0.0,0.009083,0.022042,0.022042
baseline,Baseline session authorization,10,2529,0.001,0.007583,0.0,0.009,0.018958,0.018958
baseline,Baseline session authorization,10,2530,0.001,0.010625,0.0,0.008916,0.021916,0.021916
baseline,Baseline session authorization,10,2531,0.001083,0.007458,0.0,0.009,0.018791,0.018791
baseline,Baseline session authorization,10,2532,0.000959,0.007542,0.0,0.008875,0.01875,0.01875
baseline,Baseline session authorization,10,2533,0.001042,0.008,0.0,0.009166,0.019625,0.019625
baseline,Baseline session authorization,10,2534,0.000875,0.007417,0.0,0.008833,0.0185,0.0185
baseline,Baseline session authorization,10,2535,0.001041,0.007917,0.0,0.008958,0.019375,0.019375
baseline,Baseline session authorization,10,2536,0.001,0.007417,0.0,0.009,0.018875,0.018875
baseline,Baseline session authorization,10,2537,0.001,0.0075,0.0,0.008916,0.018833,0.018833
baseline,Baseline session authorization,10,2538,0.001041,0.007459,0.0,0.009041,0.018916,0.018916
baseline,Baseline session authorization,10,2539,0.001042,0.008,0.0,0.009125,0.019542,0.019542
baseline,Baseline session authorization,10,2540,0.001,0.007583,0.0,0.008916,0.018917,0.018917
baseline,Baseline session authorization,10,2541,0.001,0.007667,0.0,0.008917,0.018875,0.018875
baseline,Baseline session authorization,10,2542,0.001,0.0075,0.0,0.009,0.018875,0.018875
baseline,Baseline session authorization,10,2543,0.000958,0.007208,0.0,0.008834,0.018208,0.018208
baseline,Baseline session authorization,10,2544,0.001042,0.007375,0.0,0.008875,0.018667,0.018667
baseline,Baseline session authorization,10,2545,0.000917,0.007542,0.0,0.009,0.018792,0.018792
baseline,Baseline session authorization,10,2546,0.001041,0.007417,0.0,0.008958,0.018916,0.018916
baseline,Baseline session authorization,10,2547,0.001042,0.007458,0.0,0.008709,0.018459,0.018459
baseline,Baseline session authorization,10,2548,0.001041,0.007541,0.0,0.008917,0.018958,0.018958
baseline,Baseline session authorization,10,2549,0.000959,0.007,0.0,0.008792,0.018125,0.018125
baseline,Baseline session authorization,10,2550,0.001,0.007458,0.0,0.008875,0.018666,0.018666
baseline,Baseline session authorization,10,2551,0.001,0.007792,0.0,0.009042,0.01925,0.01925
baseline,Baseline session authorization,10,2552,0.001041,0.007916,0.0,0.008917,0.019208,0.019208
baseline,Baseline session authorization,10,2553,0.001125,0.010917,0.0,0.009084,0.022417,0.022417
baseline,Baseline session authorization,10,2554,0.001042,0.007333,0.0,0.008875,0.0185,0.0185
baseline,Baseline session authorization,10,2555,0.000958,0.007458,0.0,0.008959,0.01875,0.01875
baseline,Baseline session authorization,10,2556,0.000959,0.007667,0.0,0.009042,0.019,0.019
baseline,Baseline session authorization,10,2557,0.001042,0.007667,0.0,0.008916,0.019,0.019
baseline,Baseline session authorization,10,2558,0.000917,0.007333,0.0,0.008792,0.018417,0.018417
baseline,Baseline session authorization,10,2559,0.000958,0.007333,0.0,0.008792,0.018375,0.018375
baseline,Baseline session authorization,10,2560,0.001,0.007291,0.0,0.008959,0.018542,0.018542
baseline,Baseline session authorization,10,2561,0.001,0.007417,0.0,0.008875,0.018667,0.018667
baseline,Baseline session authorization,10,2562,0.001,0.007333,0.0,0.008958,0.01875,0.01875
baseline,Baseline session authorization,10,2563,0.001083,0.007541,0.0,0.009,0.018958,0.018958
baseline,Baseline session authorization,10,2564,0.001041,0.007375,0.0,0.009,0.018875,0.018875
baseline,Baseline session authorization,10,2565,0.001,0.007458,0.0,0.009,0.018792,0.018792
baseline,Baseline session authorization,10,2566,0.000958,0.007292,0.0,0.008875,0.018459,0.018459
baseline,Baseline session authorization,10,2567,0.000958,0.007291,0.0,0.008792,0.018333,0.018333
baseline,Baseline session authorization,10,2568,0.000958,0.011167,0.0,0.008958,0.022458,0.022458
baseline,Baseline session authorization,10,2569,0.001083,0.00775,0.0,0.008916,0.019,0.019
baseline,Baseline session authorization,10,2570,0.000958,0.007458,0.0,0.008917,0.018791,0.018791
baseline,Baseline session authorization,10,2571,0.001042,0.007458,0.0,0.008833,0.018667,0.018667
baseline,Baseline session authorization,10,2572,0.001,0.007584,0.0,0.008917,0.018875,0.018875
baseline,Baseline session authorization,10,2573,0.000958,0.007417,0.0,0.008917,0.018583,0.018583
baseline,Baseline session authorization,10,2574,0.001125,0.008,0.0,0.009,0.019625,0.019625
baseline,Baseline session authorization,10,2575,0.000959,0.007334,0.0,0.008833,0.018583,0.018583
baseline,Baseline session authorization,10,2576,0.000292,0.004084,0.0,0.005708,0.010958,0.010958
baseline,Baseline session authorization,10,2577,0.000291,0.007,0.0,0.006,0.014125,0.014125
baseline,Baseline session authorization,10,2578,0.000333,0.004125,0.0,0.006042,0.011333,0.011333
baseline,Baseline session authorization,10,2579,0.000958,0.007542,0.0,0.008791,0.018708,0.018708
baseline,Baseline session authorization,10,2580,0.000333,0.004167,0.0,0.005709,0.011,0.011
baseline,Baseline session authorization,10,2581,0.000333,0.004,0.0,0.005833,0.010958,0.010958
baseline,Baseline session authorization,10,2582,0.000333,0.004042,0.0,0.006042,0.01125,0.01125
baseline,Baseline session authorization,10,2583,0.000959,0.007709,0.0,0.009042,0.019208,0.019208
baseline,Baseline session authorization,10,2584,0.001375,0.011208,0.0,0.010792,0.025125,0.025125
baseline,Baseline session authorization,10,2585,0.000292,0.004125,0.0,0.00575,0.011041,0.011041
baseline,Baseline session authorization,10,2586,0.000333,0.004041,0.0,0.005833,0.011,0.011
baseline,Baseline session authorization,10,2587,0.000334,0.004125,0.0,0.006042,0.011333,0.011333
baseline,Baseline session authorization,10,2588,0.001,0.0075,0.0,0.008917,0.018792,0.018792
baseline,Baseline session authorization,10,2589,0.001,0.008167,0.0,0.009208,0.019792,0.019792
baseline,Baseline session authorization,10,2590,0.000375,0.004042,0.0,0.005792,0.011,0.011
baseline,Baseline session authorization,10,2591,0.000333,0.004083,0.0,0.005875,0.011042,0.011042
baseline,Baseline session authorization,10,2592,0.000333,0.004,0.0,0.006042,0.011208,0.011208
baseline,Baseline session authorization,10,2593,0.001041,0.007375,0.0,0.009,0.018792,0.018792
baseline,Baseline session authorization,10,2594,0.001083,0.009333,0.0,0.009,0.021041,0.021041
baseline,Baseline session authorization,10,2595,0.001084,0.008417,0.0,0.009125,0.020084,0.020084
baseline,Baseline session authorization,10,2596,0.000333,0.004125,0.0,0.00575,0.011042,0.011042
baseline,Baseline session authorization,10,2597,0.000333,0.004083,0.0,0.005875,0.011125,0.011125
baseline,Baseline session authorization,10,2598,0.000333,0.004083,0.0,0.006209,0.011458,0.011458
baseline,Baseline session authorization,10,2599,0.000917,0.007792,0.0,0.008708,0.018792,0.018792
baseline,Baseline session authorization,10,2600,0.000292,0.004042,0.0,0.00575,0.010917,0.010917
baseline,Baseline session authorization,10,2601,0.000375,0.008917,0.0,0.006083,0.016208,0.016208
baseline,Baseline session authorization,10,2602,0.000333,0.004125,0.0,0.006041,0.011292,0.011292
baseline,Baseline session authorization,10,2603,0.001,0.0075,0.0,0.008875,0.018875,0.018875
baseline,Baseline session authorization,10,2604,0.001375,0.017166,0.0,0.030625,0.05125,0.05125
baseline,Baseline session authorization,10,2605,0.000333,0.004042,0.0,0.005833,0.011042,0.011042
baseline,Baseline session authorization,10,2606,0.000333,0.004042,0.0,0.005833,0.011125,0.011125
baseline,Baseline session authorization,10,2607,0.000292,0.004166,0.0,0.006,0.011292,0.011292
baseline,Baseline session authorization,10,2608,0.000958,0.007333,0.0,0.008959,0.018583,0.018583
baseline,Baseline session authorization,10,2609,0.001,0.00775,0.0,0.008959,0.019167,0.019167
baseline,Baseline session authorization,10,2610,0.000333,0.004125,0.0,0.005833,0.011125,0.011125
baseline,Baseline session authorization,10,2611,0.000333,0.004167,0.0,0.005833,0.011167,0.011167
baseline,Baseline session authorization,10,2612,0.000333,0.005375,0.0,0.00625,0.01275,0.01275
baseline,Baseline session authorization,10,2613,0.001042,0.007541,0.0,0.008917,0.018875,0.018875
baseline,Baseline session authorization,10,2614,0.001083,0.007625,0.0,0.009125,0.019209,0.019209
baseline,Baseline session authorization,10,2615,0.001125,0.008458,0.0,0.009167,0.020208,0.020208
baseline,Baseline session authorization,10,2616,0.000334,0.004083,0.0,0.005916,0.011125,0.011125
baseline,Baseline session authorization,10,2617,0.000375,0.004167,0.0,0.00575,0.011041,0.011041
baseline,Baseline session authorization,10,2618,0.000292,0.004042,0.0,0.006042,0.011167,0.011167
baseline,Baseline session authorization,10,2619,0.001042,0.008333,0.0,0.009167,0.019958,0.019958
baseline,Baseline session authorization,10,2620,0.000291,0.004166,0.0,0.005875,0.011125,0.011125
baseline,Baseline session authorization,10,2621,0.000333,0.004334,0.0,0.005875,0.011375,0.011375
baseline,Baseline session authorization,10,2622,0.000292,0.004125,0.0,0.006125,0.011333,0.011333
baseline,Baseline session authorization,10,2623,0.001,0.0075,0.0,0.009,0.018792,0.018792
baseline,Baseline session authorization,10,2624,0.001083,0.009041,0.0,0.009792,0.021625,0.021625
baseline,Baseline session authorization,10,2625,0.000375,0.005917,0.0,0.005958,0.013042,0.013042
baseline,Baseline session authorization,10,2626,0.000333,0.004333,0.0,0.005875,0.011334,0.011334
baseline,Baseline session authorization,10,2627,0.000333,0.00425,0.0,0.006084,0.0115,0.0115
baseline,Baseline session authorization,10,2628,0.000917,0.00725,0.0,0.008791,0.018334,0.018334
baseline,Baseline session authorization,10,2629,0.000959,0.011041,0.0,0.008875,0.02225,0.02225
baseline,Baseline session authorization,10,2630,0.000334,0.004167,0.0,0.005833,0.011084,0.011084
baseline,Baseline session authorization,10,2631,0.000334,0.00425,0.0,0.005834,0.011167,0.011167
baseline,Baseline session authorization,10,2632,0.000292,0.004042,0.0,0.006083,0.011209,0.011209
baseline,Baseline session authorization,10,2633,0.001042,0.00775,0.0,0.009125,0.019375,0.019375
baseline,Baseline session authorization,10,2634,0.001208,0.013625,0.0,0.013084,0.029625,0.029625
baseline,Baseline session authorization,10,2635,0.000417,0.004875,0.0,0.006459,0.012708,0.012708
baseline,Baseline session authorization,10,2636,0.000375,0.004291,0.0,0.005917,0.011458,0.011458
baseline,Baseline session authorization,10,2637,0.000333,0.004125,0.0,0.006083,0.011375,0.011375
baseline,Baseline session authorization,10,2638,0.001041,0.007542,0.0,0.008916,0.018875,0.018875
baseline,Baseline session authorization,10,2639,0.000959,0.007667,0.0,0.008833,0.01875,0.01875
baseline,Baseline session authorization,10,2640,0.000333,0.004125,0.0,0.005833,0.011125,0.011125
baseline,Baseline session authorization,10,2641,0.000458,0.004333,0.0,0.005958,0.011542,0.011542
baseline,Baseline session authorization,10,2642,0.000333,0.004041,0.0,0.006041,0.011209,0.011209
baseline,Baseline session authorization,10,2643,0.000958,0.007333,0.0,0.008792,0.018375,0.018375
baseline,Baseline session authorization,10,2644,0.001042,0.008333,0.0,0.00925,0.020167,0.020167
baseline,Baseline session authorization,10,2645,0.000334,0.004042,0.0,0.005875,0.011083,0.011083
baseline,Baseline session authorization,10,2646,0.000333,0.004292,0.0,0.005958,0.011458,0.011458
baseline,Baseline session authorization,10,2647,0.000333,0.004041,0.0,0.006042,0.011208,0.011208
baseline,Baseline session authorization,10,2648,0.001083,0.008125,0.0,0.009208,0.01975,0.01975
baseline,Baseline session authorization,10,2649,0.000334,0.004042,0.0,0.005833,0.011041,0.011041
baseline,Baseline session authorization,10,2650,0.000458,0.004792,0.0,0.006,0.012125,0.012125
baseline,Baseline session authorization,10,2651,0.000334,0.00425,0.0,0.006042,0.011416,0.011416
baseline,Baseline session authorization,10,2652,0.001041,0.007916,0.0,0.009125,0.019542,0.019542
baseline,Baseline session authorization,10,2653,0.001041,0.007458,0.0,0.009,0.019,0.019
baseline,Baseline session authorization,10,2654,0.001083,0.012292,0.0,0.017584,0.032541,0.032541
baseline,Baseline session authorization,10,2655,0.000334,0.004,0.0,0.005833,0.011,0.011
baseline,Baseline session authorization,10,2656,0.001,0.010666,0.0,0.006583,0.019209,0.019209
baseline,Baseline session authorization,10,2657,0.000334,0.004042,0.0,0.006041,0.01125,0.01125
baseline,Baseline session authorization,10,2658,0.001042,0.008,0.0,0.009083,0.019584,0.019584
baseline,Baseline session authorization,10,2659,0.001,0.007958,0.0,0.009292,0.019583,0.019583
baseline,Baseline session authorization,10,2660,0.000375,0.004083,0.0,0.005792,0.011,0.011
baseline,Baseline session authorization,10,2661,0.000333,0.004083,0.0,0.028292,0.034625,0.034625
baseline,Baseline session authorization,10,2662,0.000333,0.004041,0.0,0.006084,0.011166,0.011166
baseline,Baseline session authorization,10,2663,0.001125,0.007833,0.0,0.01175,0.022167,0.022167
baseline,Baseline session authorization,10,2664,0.001125,0.007958,0.0,0.009042,0.0195,0.0195
baseline,Baseline session authorization,10,2665,0.000375,0.004125,0.0,0.005917,0.011208,0.011208
baseline,Baseline session authorization,10,2666,0.000333,0.0055,0.0,0.006,0.012709,0.012709
baseline,Baseline session authorization,10,2667,0.000292,0.004208,0.0,0.006042,0.011375,0.011375
baseline,Baseline session authorization,10,2668,0.000875,0.007417,0.0,0.008792,0.018417,0.018417
baseline,Baseline session authorization,10,2669,0.000334,0.004083,0.0,0.005875,0.011083,0.011083
baseline,Baseline session authorization,10,2670,0.000292,0.004042,0.0,0.005875,0.011,0.011
baseline,Baseline session authorization,10,2671,0.000291,0.004125,0.0,0.006041,0.011292,0.011292
baseline,Baseline session authorization,10,2672,0.001,0.011292,0.0,0.009084,0.022833,0.022833
baseline,Baseline session authorization,10,2673,0.001,0.009625,0.0,0.009375,0.021417,0.021417
baseline,Baseline session authorization,10,2674,0.000959,0.010958,0.0,0.009292,0.02275,0.02275
baseline,Baseline session authorization,10,2675,0.000375,0.004042,0.0,0.005875,0.011,0.011
baseline,Baseline session authorization,10,2676,0.000333,0.004041,0.0,0.005834,0.011,0.011
baseline,Baseline session authorization,10,2677,0.000333,0.005458,0.0,0.006208,0.012834,0.012834
baseline,Baseline session authorization,10,2678,0.000958,0.007459,0.0,0.008875,0.018625,0.018625
baseline,Baseline session authorization,10,2679,0.001084,0.007834,0.0,0.010583,0.020875,0.020875
baseline,Baseline session authorization,10,2680,0.00125,0.011125,0.0,0.008916,0.022791,0.022791
baseline,Baseline session authorization,10,2681,0.000333,0.004042,0.0,0.005833,0.010958,0.010958
baseline,Baseline session authorization,10,2682,0.000333,0.003959,0.0,0.005875,0.010916,0.010916
baseline,Baseline session authorization,10,2683,0.000292,0.004167,0.0,0.00625,0.0115,0.0115
baseline,Baseline session authorization,10,2684,0.001084,0.008291,0.0,0.009084,0.019917,0.019917
baseline,Baseline session authorization,10,2685,0.001083,0.007875,0.0,0.008917,0.01925,0.01925
baseline,Baseline session authorization,10,2686,0.000375,0.004167,0.0,0.005875,0.011208,0.011208
baseline,Baseline session authorization,10,2687,0.000334,0.004083,0.0,0.005916,0.011084,0.011084
baseline,Baseline session authorization,10,2688,0.000333,0.00425,0.0,0.006083,0.011375,0.011375
baseline,Baseline session authorization,10,2689,0.000959,0.007417,0.0,0.008833,0.018584,0.018584
baseline,Baseline session authorization,10,2690,0.000333,0.0055,0.0,0.006083,0.01275,0.01275
baseline,Baseline session authorization,10,2691,0.000292,0.004,0.0,0.005834,0.010958,0.010958
baseline,Baseline session authorization,10,2692,0.000292,0.004041,0.0,0.006084,0.01125,0.01125
baseline,Baseline session authorization,10,2693,0.000958,0.007375,0.0,0.008917,0.018667,0.018667
baseline,Baseline session authorization,10,2694,0.001042,0.007834,0.0,0.008916,0.019125,0.019125
baseline,Baseline session authorization,10,2695,0.001083,0.016375,0.0,0.011792,0.030958,0.030958
baseline,Baseline session authorization,10,2696,0.000375,0.004042,0.0,0.005833,0.011,0.011
baseline,Baseline session authorization,10,2697,0.000333,0.003917,0.0,0.005875,0.010916,0.010916
baseline,Baseline session authorization,10,2698,0.000292,0.004083,0.0,0.006041,0.011209,0.011209
baseline,Baseline session authorization,10,2699,0.001042,0.007667,0.0,0.009,0.019042,0.019042
baseline,Baseline session authorization,10,2700,0.001042,0.011333,0.0,0.009209,0.023083,0.023083
baseline,Baseline session authorization,10,2701,0.000333,0.004166,0.0,0.005792,0.011125,0.011125
baseline,Baseline session authorization,10,2702,0.000333,0.004,0.0,0.005875,0.011,0.011
baseline,Baseline session authorization,10,2703,0.000292,0.004167,0.0,0.006083,0.011333,0.011333
baseline,Baseline session authorization,10,2704,0.001,0.007792,0.0,0.008833,0.018916,0.018916
baseline,Baseline session authorization,10,2705,0.001042,0.007875,0.0,0.008875,0.019167,0.019167
baseline,Baseline session authorization,10,2706,0.000291,0.00425,0.0,0.00575,0.011083,0.011083
baseline,Baseline session authorization,10,2707,0.000292,0.00425,0.0,0.005875,0.01125,0.01125
baseline,Baseline session authorization,10,2708,0.000292,0.004125,0.0,0.006542,0.011792,0.011792
baseline,Baseline session authorization,10,2709,0.000958,0.007583,0.0,0.008917,0.018833,0.018833
baseline,Baseline session authorization,10,2710,0.000333,0.004209,0.0,0.005792,0.011083,0.011083
baseline,Baseline session authorization,10,2711,0.000333,0.004125,0.0,0.006,0.011208,0.011208
baseline,Baseline session authorization,10,2712,0.000333,0.004208,0.0,0.006042,0.011375,0.011375
baseline,Baseline session authorization,10,2713,0.001042,0.007625,0.0,0.009042,0.019166,0.019166
baseline,Baseline session authorization,10,2714,0.001,0.007917,0.0,0.009083,0.019417,0.019417
baseline,Baseline session authorization,10,2715,0.000334,0.004125,0.0,0.005875,0.011125,0.011125
baseline,Baseline session authorization,10,2716,0.000333,0.004084,0.0,0.005875,0.011125,0.011125
baseline,Baseline session authorization,10,2717,0.000333,0.004125,0.0,0.006042,0.011375,0.011375
baseline,Baseline session authorization,10,2718,0.000875,0.007291,0.0,0.008625,0.018125,0.018125
baseline,Baseline session authorization,10,2719,0.001,0.012042,0.0,0.009333,0.024,0.024
baseline,Baseline session authorization,10,2720,0.001,0.007833,0.0,0.009084,0.01925,0.01925
baseline,Baseline session authorization,10,2721,0.000333,0.004167,0.0,0.005834,0.011125,0.011125
baseline,Baseline session authorization,10,2722,0.000333,0.004083,0.0,0.005875,0.011042,0.011042
baseline,Baseline session authorization,10,2723,0.000333,0.004166,0.0,0.006125,0.011417,0.011417
baseline,Baseline session authorization,10,2724,0.000916,0.0075,0.0,0.008875,0.018708,0.018708
baseline,Baseline session authorization,10,2725,0.001125,0.021833,0.0,0.009875,0.034792,0.034792
baseline,Baseline session authorization,10,2726,0.000334,0.004083,0.0,0.005834,0.011083,0.011083
baseline,Baseline session authorization,10,2727,0.000417,0.004292,0.0,0.005875,0.011334,0.011334
baseline,Baseline session authorization,10,2728,0.000333,0.004125,0.0,0.006041,0.011292,0.011292
baseline,Baseline session authorization,10,2729,0.000916,0.010917,0.0,0.008958,0.022166,0.022166
baseline,Baseline session authorization,10,2730,0.000334,0.004083,0.0,0.005875,0.011125,0.011125
baseline,Baseline session authorization,10,2731,0.000333,0.019584,0.0,0.006458,0.027333,0.027333
baseline,Baseline session authorization,10,2732,0.000333,0.004166,0.0,0.006042,0.011375,0.011375
baseline,Baseline session authorization,10,2733,0.001,0.007625,0.0,0.008875,0.018958,0.018958
baseline,Baseline session authorization,10,2734,0.001125,0.009083,0.0,0.009459,0.0215,0.0215
baseline,Baseline session authorization,10,2735,0.000334,0.004125,0.0,0.00575,0.011,0.011
baseline,Baseline session authorization,10,2736,0.000333,0.004125,0.0,0.00575,0.010958,0.010958
baseline,Baseline session authorization,10,2737,0.000292,0.004209,0.0,0.006083,0.011334,0.011334
baseline,Baseline session authorization,10,2738,0.001,0.0075,0.0,0.008916,0.018834,0.018834
baseline,Baseline session authorization,10,2739,0.001,0.007541,0.0,0.008875,0.018791,0.018791
baseline,Baseline session authorization,10,2740,0.000334,0.004125,0.0,0.005833,0.011125,0.011125
baseline,Baseline session authorization,10,2741,0.000334,0.004,0.0,0.005833,0.011042,0.011042
baseline,Baseline session authorization,10,2742,0.000333,0.005291,0.0,0.006209,0.012583,0.012583
baseline,Baseline session authorization,10,2743,0.001,0.007584,0.0,0.008959,0.018958,0.018958
baseline,Baseline session authorization,10,2744,0.001,0.008042,0.0,0.009083,0.019666,0.019666
baseline,Baseline session authorization,10,2745,0.000333,0.004125,0.0,0.005791,0.011166,0.011166
baseline,Baseline session authorization,10,2746,0.000334,0.004,0.0,0.005916,0.011084,0.011084
baseline,Baseline session authorization,10,2747,0.000333,0.00425,0.0,0.006083,0.011417,0.011417
baseline,Baseline session authorization,10,2748,0.000958,0.007542,0.0,0.00875,0.01875,0.01875
baseline,Baseline session authorization,10,2749,0.000333,0.004125,0.0,0.005875,0.011041,0.011041
baseline,Baseline session authorization,10,2750,0.000333,0.004041,0.0,0.005834,0.011,0.011
baseline,Baseline session authorization,10,2751,0.000292,0.004083,0.0,0.006125,0.011333,0.011333
baseline,Baseline session authorization,10,2752,0.000958,0.010708,0.0,0.008958,0.022041,0.022041
baseline,Baseline session authorization,10,2753,0.000958,0.007458,0.0,0.008833,0.018667,0.018667
baseline,Baseline session authorization,10,2754,0.000959,0.007833,0.0,0.008916,0.019125,0.019125
baseline,Baseline session authorization,10,2755,0.000333,0.00425,0.0,0.005916,0.01125,0.01125
baseline,Baseline session authorization,10,2756,0.000333,0.004125,0.0,0.005916,0.011209,0.011209
baseline,Baseline session authorization,10,2757,0.000291,0.004125,0.0,0.006083,0.011291,0.011291
baseline,Baseline session authorization,10,2758,0.001,0.007458,0.0,0.009042,0.018875,0.018875
baseline,Baseline session authorization,10,2759,0.000958,0.007417,0.0,0.008875,0.018542,0.018542
baseline,Baseline session authorization,10,2760,0.000875,0.007458,0.0,0.008833,0.018542,0.018542
baseline,Baseline session authorization,10,2761,0.000334,0.014875,0.0,0.006333,0.022416,0.022416
baseline,Baseline session authorization,10,2762,0.000375,0.004125,0.0,0.005875,0.011209,0.011209
baseline,Baseline session authorization,10,2763,0.000333,0.004084,0.0,0.006042,0.011208,0.011208
baseline,Baseline session authorization,10,2764,0.001084,0.011292,0.0,0.009125,0.023,0.023
baseline,Baseline session authorization,10,2765,0.001041,0.008208,0.0,0.009083,0.019791,0.019791
baseline,Baseline session authorization,10,2766,0.000333,0.004125,0.0,0.005792,0.011042,0.011042
baseline,Baseline session authorization,10,2767,0.000333,0.004042,0.0,0.005792,0.011,0.011
baseline,Baseline session authorization,10,2768,0.000334,0.004167,0.0,0.006125,0.011416,0.011416
baseline,Baseline session authorization,10,2769,0.001,0.007875,0.0,0.009084,0.019375,0.019375
baseline,Baseline session authorization,10,2770,0.000333,0.004167,0.0,0.005792,0.011083,0.011083
baseline,Baseline session authorization,10,2771,0.000333,0.004167,0.0,0.005917,0.01125,0.01125
baseline,Baseline session authorization,10,2772,0.000375,0.004209,0.0,0.006125,0.0115,0.0115
baseline,Baseline session authorization,10,2773,0.000958,0.007417,0.0,0.009,0.018667,0.018667
baseline,Baseline session authorization,10,2774,0.001042,0.020708,0.0,0.009042,0.03225,0.03225
baseline,Baseline session authorization,10,2775,0.000917,0.011041,0.0,0.008917,0.022375,0.022375
baseline,Baseline session authorization,10,2776,0.000334,0.004042,0.0,0.005833,0.011,0.011
baseline,Baseline session authorization,10,2777,0.000375,0.004541,0.0,0.005917,0.011667,0.011667
baseline,Baseline session authorization,10,2778,0.000333,0.004584,0.0,0.006375,0.012292,0.012292
baseline,Baseline session authorization,10,2779,0.001,0.007417,0.0,0.008875,0.018666,0.018666
baseline,Baseline session authorization,10,2780,0.001,0.008125,0.0,0.008958,0.019625,0.019625
baseline,Baseline session authorization,10,2781,0.000333,0.00425,0.0,0.005834,0.011208,0.011208
baseline,Baseline session authorization,10,2782,0.000333,0.004458,0.0,0.006083,0.011959,0.011959
baseline,Baseline session authorization,10,2783,0.000292,0.007375,0.0,0.006333,0.014834,0.014834
baseline,Baseline session authorization,10,2784,0.000958,0.007459,0.0,0.008916,0.018625,0.018625
baseline,Baseline session authorization,10,2785,0.000917,0.007625,0.0,0.00875,0.018708,0.018708
baseline,Baseline session authorization,10,2786,0.000333,0.004125,0.0,0.006083,0.01125,0.01125
baseline,Baseline session authorization,10,2787,0.000333,0.005666,0.0,0.006042,0.012917,0.012917
baseline,Baseline session authorization,10,2788,0.000292,0.005292,0.0,0.006,0.012459,0.012459
baseline,Baseline session authorization,10,2789,0.000917,0.007625,0.0,0.008791,0.01875,0.01875
baseline,Baseline session authorization,10,2790,0.000333,0.004042,0.0,0.005792,0.010958,0.010958
baseline,Baseline session authorization,10,2791,0.000334,0.004166,0.0,0.005833,0.011166,0.011166
baseline,Baseline session authorization,10,2792,0.000333,0.004125,0.0,0.006125,0.011375,0.011375
baseline,Baseline session authorization,10,2793,0.001041,0.007833,0.0,0.009042,0.019375,0.019375
baseline,Baseline session authorization,10,2794,0.000958,0.009416,0.0,0.009334,0.021125,0.021125
baseline,Baseline session authorization,10,2795,0.000375,0.004042,0.0,0.005792,0.011,0.011
baseline,Baseline session authorization,10,2796,0.000542,0.008917,0.0,0.006208,0.0165,0.0165
baseline,Baseline session authorization,10,2797,0.000334,0.004167,0.0,0.006083,0.011334,0.011334
baseline,Baseline session authorization,10,2798,0.000917,0.007458,0.0,0.008792,0.0185,0.0185
baseline,Baseline session authorization,10,2799,0.001,0.007584,0.0,0.008875,0.018834,0.018834
baseline,Baseline session authorization,10,2800,0.000959,0.007792,0.0,0.009041,0.019209,0.019209
baseline,Baseline session authorization,10,2801,0.000334,0.004125,0.0,0.005875,0.011084,0.011084
baseline,Baseline session authorization,10,2802,0.000417,0.018542,0.0,0.006875,0.026833,0.026833
baseline,Baseline session authorization,10,2803,0.000292,0.004042,0.0,0.006167,0.011292,0.011292
baseline,Baseline session authorization,10,2804,0.000917,0.007375,0.0,0.008833,0.018458,0.018458
baseline,Baseline session authorization,10,2805,0.001334,0.011958,0.0,0.011375,0.026458,0.026458
baseline,Baseline session authorization,10,2806,0.000334,0.004167,0.0,0.005791,0.011084,0.011084
baseline,Baseline session authorization,10,2807,0.000333,0.004125,0.0,0.005875,0.011125,0.011125
baseline,Baseline session authorization,10,2808,0.000334,0.004208,0.0,0.006167,0.011541,0.011541
baseline,Baseline session authorization,10,2809,0.000916,0.007667,0.0,0.009,0.018917,0.018917
baseline,Baseline session authorization,10,2810,0.000333,0.004042,0.0,0.005875,0.011083,0.011083
baseline,Baseline session authorization,10,2811,0.000375,0.004125,0.0,0.005833,0.011125,0.011125
baseline,Baseline session authorization,10,2812,0.000333,0.006333,0.0,0.00625,0.01375,0.01375
baseline,Baseline session authorization,10,2813,0.001041,0.007583,0.0,0.008958,0.019042,0.019042
baseline,Baseline session authorization,10,2814,0.001042,0.008917,0.0,0.009417,0.020875,0.020875
baseline,Baseline session authorization,10,2815,0.000334,0.004083,0.0,0.005875,0.011084,0.011084
baseline,Baseline session authorization,10,2816,0.000333,0.004041,0.0,0.005916,0.011084,0.011084
baseline,Baseline session authorization,10,2817,0.000334,0.004083,0.0,0.006167,0.011416,0.011416
baseline,Baseline session authorization,10,2818,0.001,0.00725,0.0,0.008875,0.018375,0.018375
baseline,Baseline session authorization,10,2819,0.000958,0.007709,0.0,0.009125,0.019167,0.019167
baseline,Baseline session authorization,10,2820,0.000333,0.004167,0.0,0.005792,0.011083,0.011083
baseline,Baseline session authorization,10,2821,0.000375,0.004167,0.0,0.005958,0.011292,0.011292
baseline,Baseline session authorization,10,2822,0.000375,0.004042,0.0,0.006167,0.011417,0.011417
baseline,Baseline session authorization,10,2823,0.001,0.007375,0.0,0.008917,0.01875,0.01875
baseline,Baseline session authorization,10,2824,0.001166,0.007959,0.0,0.009334,0.019875,0.019875
baseline,Baseline session authorization,10,2825,0.000958,0.008042,0.0,0.009041,0.019417,0.019417
baseline,Baseline session authorization,10,2826,0.000333,0.0055,0.0,0.006083,0.01275,0.01275
baseline,Baseline session authorization,10,2827,0.000417,0.004417,0.0,0.005958,0.011708,0.011708
baseline,Baseline session authorization,10,2828,0.000334,0.004167,0.0,0.006041,0.011334,0.011334
baseline,Baseline session authorization,10,2829,0.001,0.007625,0.0,0.008875,0.018709,0.018709
baseline,Baseline session authorization,10,2830,0.000375,0.004042,0.0,0.005792,0.011,0.011
baseline,Baseline session authorization,10,2831,0.000875,0.008791,0.0,0.006667,0.017416,0.017416
baseline,Baseline session authorization,10,2832,0.000375,0.004125,0.0,0.006125,0.011416,0.011416
baseline,Baseline session authorization,10,2833,0.001,0.007375,0.0,0.009,0.018875,0.018875
baseline,Baseline session authorization,10,2834,0.001084,0.007958,0.0,0.012167,0.022625,0.022625
baseline,Baseline session authorization,10,2835,0.000959,0.007917,0.0,0.009042,0.019291,0.019291
baseline,Baseline session authorization,10,2836,0.000333,0.004167,0.0,0.005834,0.011125,0.011125
baseline,Baseline session authorization,10,2837,0.000333,0.004084,0.0,11.604,11.610625,11.610625
baseline,Baseline session authorization,10,2838,0.000333,0.004041,0.0,0.006125,0.011292,0.011292
baseline,Baseline session authorization,10,2839,0.001042,0.007583,0.0,0.020416,0.030584,0.030584
baseline,Baseline session authorization,10,2840,0.001,0.007375,0.0,0.009,0.01875,0.01875
baseline,Baseline session authorization,10,2841,0.000333,0.004291,0.0,0.005833,0.01125,0.01125
baseline,Baseline session authorization,10,2842,0.000333,0.004084,0.0,0.005791,0.011042,0.011042
baseline,Baseline session authorization,10,2843,0.000333,0.004083,0.0,0.006167,0.011417,0.011417
baseline,Baseline session authorization,10,2844,0.001042,0.008083,0.0,0.009042,0.019625,0.019625
baseline,Baseline session authorization,10,2845,0.000958,0.007458,0.0,0.019666,0.029542,0.029542
baseline,Baseline session authorization,10,2846,0.001041,0.007833,0.0,0.008958,0.019166,0.019166
baseline,Baseline session authorization,10,2847,0.000375,0.004417,0.0,0.005792,0.011333,0.011333
baseline,Baseline session authorization,10,2848,0.000334,0.004042,0.0,0.00575,0.010875,0.010875
baseline,Baseline session authorization,10,2849,0.000291,0.004083,0.0,0.006083,0.011292,0.011292
baseline,Baseline session authorization,10,2850,0.001,0.007417,0.0,0.008916,0.018667,0.018667
baseline,Baseline session authorization,10,2851,0.000375,0.004041,0.0,0.005834,0.011042,0.011042
baseline,Baseline session authorization,10,2852,0.000333,0.004166,0.0,0.00575,0.011084,0.011084
baseline,Baseline session authorization,10,2853,0.000375,0.004166,0.0,0.006125,0.011375,0.011375
baseline,Baseline session authorization,10,2854,0.001,0.007417,0.0,0.008834,0.018708,0.018708
baseline,Baseline session authorization,10,2855,0.000959,0.010625,0.0,0.008833,0.021917,0.021917
baseline,Baseline session authorization,10,2856,0.001,0.007583,0.0,0.008958,0.018792,0.018792
baseline,Baseline session authorization,10,2857,0.000333,0.004125,0.0,0.005834,0.011083,0.011083
baseline,Baseline session authorization,10,2858,0.000333,0.004334,0.0,0.005833,0.011333,0.011333
baseline,Baseline session authorization,10,2859,0.000375,0.004666,0.0,0.006334,0.012208,0.012208
baseline,Baseline session authorization,10,2860,0.001,0.0075,0.0,0.008959,0.01875,0.01875
baseline,Baseline session authorization,10,2861,0.000375,0.004125,0.0,0.005917,0.011208,0.011208
baseline,Baseline session authorization,10,2862,0.000334,0.004167,0.0,0.005875,0.011208,0.011208
baseline,Baseline session authorization,10,2863,0.000334,0.004125,0.0,0.015875,0.021208,0.021208
baseline,Baseline session authorization,10,2864,0.001,0.007625,0.0,0.009,0.019042,0.019042
baseline,Baseline session authorization,10,2865,0.000916,0.007334,0.0,0.008875,0.018458,0.018458
baseline,Baseline session authorization,10,2866,0.000958,0.00775,0.0,0.009,0.019042,0.019042
baseline,Baseline session authorization,10,2867,0.000375,0.00425,0.0,0.005875,0.01125,0.01125
baseline,Baseline session authorization,10,2868,0.000375,0.006333,0.0,0.006125,0.013625,0.013625
baseline,Baseline session authorization,10,2869,0.000375,0.004083,0.0,0.006125,0.011375,0.011375
baseline,Baseline session authorization,10,2870,0.000958,0.007208,0.0,0.008791,0.018334,0.018334
baseline,Baseline session authorization,10,2871,0.000333,0.004208,0.0,0.005792,0.011125,0.011125
baseline,Baseline session authorization,10,2872,0.000333,0.004,0.0,0.005833,0.011,0.011
baseline,Baseline session authorization,10,2873,0.000334,0.004083,0.0,0.006166,0.011375,0.011375
baseline,Baseline session authorization,10,2874,0.001042,0.010958,0.0,0.009125,0.0225,0.0225
baseline,Baseline session authorization,10,2875,0.000959,0.008125,0.0,0.009041,0.019625,0.019625
baseline,Baseline session authorization,10,2876,0.000916,0.007625,0.0,0.008959,0.018833,0.018833
baseline,Baseline session authorization,10,2877,0.000333,0.004375,0.0,0.005875,0.011333,0.011333
baseline,Baseline session authorization,10,2878,0.000375,0.004375,0.0,0.005834,0.011458,0.011458
baseline,Baseline session authorization,10,2879,0.000333,0.005375,0.0,0.006375,0.012875,0.012875
baseline,Baseline session authorization,10,2880,0.000958,0.01125,0.0,0.009083,0.022667,0.022667
baseline,Baseline session authorization,10,2881,0.000958,0.007417,0.0,0.008834,0.0185,0.0185
baseline,Baseline session authorization,10,2882,0.000333,0.004375,0.0,0.005833,0.011291,0.011291
baseline,Baseline session authorization,10,2883,0.000334,0.004,0.0,0.005792,0.010916,0.010916
baseline,Baseline session authorization,10,2884,0.000334,0.004167,0.0,0.006125,0.011416,0.011416
baseline,Baseline session authorization,10,2885,0.000958,0.007375,0.0,0.00875,0.018416,0.018416
baseline,Baseline session authorization,10,2886,0.000959,0.0075,0.0,0.008916,0.018792,0.018792
baseline,Baseline session authorization,10,2887,0.001125,0.008459,0.0,0.009125,0.020292,0.020292
baseline,Baseline session authorization,10,2888,0.000333,0.004166,0.0,0.005833,0.011167,0.011167
baseline,Baseline session authorization,10,2889,0.000333,0.004,0.0,0.005792,0.010875,0.010875
baseline,Baseline session authorization,10,2890,0.000333,0.004166,0.0,0.006125,0.011417,0.011417
baseline,Baseline session authorization,10,2891,0.000333,0.006375,0.0,0.006166,0.013667,0.013667
baseline,Baseline session authorization,10,2892,0.000333,0.004042,0.0,0.005833,0.011042,0.011042
baseline,Baseline session authorization,10,2893,0.000333,0.004334,0.0,0.00625,0.011792,0.011792
baseline,Baseline session authorization,10,2894,0.000917,0.007292,0.0,0.008833,0.018541,0.018541
baseline,Baseline session authorization,10,2895,0.001,0.007959,0.0,0.009125,0.0195,0.0195
baseline,Baseline session authorization,10,2896,0.000875,0.008,0.0,0.009042,0.019375,0.019375
baseline,Baseline session authorization,10,2897,0.000375,0.004291,0.0,0.005833,0.011291,0.011291
baseline,Baseline session authorization,10,2898,0.000333,0.004084,0.0,0.005833,0.011041,0.011041
baseline,Baseline session authorization,10,2899,0.000333,0.004041,0.0,0.006125,0.011292,0.011292
baseline,Baseline session authorization,10,2900,0.001,0.007667,0.0,0.008916,0.018959,0.018959
baseline,Baseline session authorization,10,2901,0.000375,0.004167,0.0,0.00575,0.011125,0.011125
baseline,Baseline session authorization,10,2902,0.000292,0.004042,0.0,0.005792,0.010917,0.010917
baseline,Baseline session authorization,10,2903,0.000375,0.004083,0.0,0.006167,0.011416,0.011416
baseline,Baseline session authorization,10,2904,0.001,0.007375,0.0,0.009042,0.018875,0.018875
baseline,Baseline session authorization,10,2905,0.001,0.007584,0.0,0.009,0.019,0.019
baseline,Baseline session authorization,10,2906,0.000917,0.007583,0.0,0.009,0.018875,0.018875
baseline,Baseline session authorization,10,2907,0.000459,0.004083,0.0,0.005792,0.011125,0.011125
baseline,Baseline session authorization,10,2908,0.000334,0.004042,0.0,0.005833,0.011,0.011
baseline,Baseline session authorization,10,2909,0.000375,0.004125,0.0,0.006083,0.011375,0.011375
baseline,Baseline session authorization,10,2910,0.000958,0.008084,0.0,0.009166,0.019542,0.019542
baseline,Baseline session authorization,10,2911,0.000334,0.004167,0.0,0.005833,0.011125,0.011125
baseline,Baseline session authorization,10,2912,0.000333,0.003959,0.0,0.005833,0.010875,0.010875
baseline,Baseline session authorization,10,2913,0.000333,0.004,0.0,0.006084,0.01125,0.01125
baseline,Baseline session authorization,10,2914,0.001,0.007625,0.0,0.009,0.018959,0.018959
baseline,Baseline session authorization,10,2915,0.001,0.007708,0.0,0.008959,0.019083,0.019083
baseline,Baseline session authorization,10,2916,0.001,0.007792,0.0,0.009083,0.019375,0.019375
baseline,Baseline session authorization,10,2917,0.000333,0.004208,0.0,0.005875,0.011209,0.011209
baseline,Baseline session authorization,10,2918,0.000333,0.004042,0.0,0.005792,0.011,0.011
baseline,Baseline session authorization,10,2919,0.000375,0.004,0.0,0.006083,0.01125,0.01125
baseline,Baseline session authorization,10,2920,0.000958,0.0075,0.0,0.008959,0.018875,0.018875
baseline,Baseline session authorization,10,2921,0.001083,0.011833,0.0,0.009167,0.023458,0.023458
baseline,Baseline session authorization,10,2922,0.000333,0.00425,0.0,0.005875,0.011292,0.011292
baseline,Baseline session authorization,10,2923,0.000333,0.004125,0.0,0.005834,0.011041,0.011041
baseline,Baseline session authorization,10,2924,0.000333,0.004083,0.0,0.005958,0.011167,0.011167
baseline,Baseline session authorization,10,2925,0.001042,0.008041,0.0,0.009042,0.019583,0.019583
baseline,Baseline session authorization,10,2926,0.000916,0.0075,0.0,0.008792,0.018583,0.018583
baseline,Baseline session authorization,10,2927,0.001,0.007666,0.0,0.008917,0.018875,0.018875
baseline,Baseline session authorization,10,2928,0.000333,0.004125,0.0,0.005875,0.011125,0.011125
baseline,Baseline session authorization,10,2929,0.000375,0.004125,0.0,0.005834,0.011125,0.011125
baseline,Baseline session authorization,10,2930,0.000334,0.004083,0.0,0.006042,0.01125,0.01125
baseline,Baseline session authorization,10,2931,0.001125,0.0075,0.0,0.009042,0.019042,0.019042
baseline,Baseline session authorization,10,2932,0.000334,0.004167,0.0,0.005875,0.011125,0.011125
baseline,Baseline session authorization,10,2933,0.000333,0.00525,0.0,0.006,0.012417,0.012417
baseline,Baseline session authorization,10,2934,0.000375,0.004,0.0,0.006042,0.011166,0.011166
baseline,Baseline session authorization,10,2935,0.001041,0.007458,0.0,0.008875,0.018708,0.018708
baseline,Baseline session authorization,10,2936,0.001,0.0075,0.0,0.008959,0.018917,0.018917
baseline,Baseline session authorization,10,2937,0.001,0.0075,0.0,0.020875,0.030834,0.030834
baseline,Baseline session authorization,10,2938,0.000334,0.004125,0.0,0.005875,0.011166,0.011166
baseline,Baseline session authorization,10,2939,0.000375,0.004125,0.0,0.005791,0.011084,0.011084
baseline,Baseline session authorization,10,2940,0.000334,0.004042,0.0,0.006125,0.011292,0.011292
baseline,Baseline session authorization,10,2941,0.000958,0.007833,0.0,0.009125,0.019375,0.019375
baseline,Baseline session authorization,10,2942,0.001,0.007542,0.0,0.008875,0.018792,0.018792
baseline,Baseline session authorization,10,2943,0.000542,0.005,0.0,0.006667,0.01325,0.01325
baseline,Baseline session authorization,10,2944,0.000375,0.005458,0.0,0.006333,0.012875,0.012875
baseline,Baseline session authorization,10,2945,0.001,0.007542,0.0,0.009041,0.019042,0.019042
baseline,Baseline session authorization,10,2946,0.000917,0.007541,0.0,0.008917,0.018708,0.018708
baseline,Baseline session authorization,10,2947,0.001,0.007625,0.0,0.008834,0.018792,0.018792
baseline,Baseline session authorization,10,2948,0.000375,0.004125,0.0,0.006041,0.011334,0.011334
baseline,Baseline session authorization,10,2949,0.000334,0.004208,0.0,0.005875,0.011209,0.011209
baseline,Baseline session authorization,10,2950,0.000375,0.004042,0.0,0.005792,0.010958,0.010958
baseline,Baseline session authorization,10,2951,0.001,0.0075,0.0,0.008958,0.018875,0.018875
baseline,Baseline session authorization,10,2952,0.000375,0.00425,0.0,0.006,0.011458,0.011458
baseline,Baseline session authorization,10,2953,0.000333,0.004042,0.0,0.006125,0.011375,0.011375
baseline,Baseline session authorization,10,2954,0.000291,0.004041,0.0,0.006084,0.01125,0.01125
baseline,Baseline session authorization,10,2955,0.000959,0.0075,0.0,0.008875,0.018667,0.018667
baseline,Baseline session authorization,10,2956,0.001,0.007959,0.0,0.009041,0.019417,0.019417
baseline,Baseline session authorization,10,2957,0.001041,0.007959,0.0,0.009042,0.019416,0.019416
baseline,Baseline session authorization,10,2958,0.000292,0.020167,0.0,0.006625,0.028084,0.028084
baseline,Baseline session authorization,10,2959,0.000333,0.004375,0.0,0.005791,0.011459,0.011459
baseline,Baseline session authorization,10,2960,0.000292,0.003917,0.0,0.006125,0.011167,0.011167
baseline,Baseline session authorization,10,2961,0.001042,0.007417,0.0,0.009,0.018833,0.018833
baseline,Baseline session authorization,10,2962,0.001083,0.011625,0.0,0.0095,0.02375,0.02375
baseline,Baseline session authorization,10,2963,0.000334,0.004083,0.0,0.005834,0.011042,0.011042
baseline,Baseline session authorization,10,2964,0.000375,0.004,0.0,0.005916,0.011042,0.011042
baseline,Baseline session authorization,10,2965,0.000333,0.004084,0.0,0.006083,0.011291,0.011291
baseline,Baseline session authorization,10,2966,0.001,0.007667,0.0,0.009,0.019083,0.019083
baseline,Baseline session authorization,10,2967,0.001,0.007375,0.0,0.008875,0.018625,0.018625
baseline,Baseline session authorization,10,2968,0.001167,0.008875,0.0,0.009208,0.020916,0.020916
baseline,Baseline session authorization,10,2969,0.000292,0.004125,0.0,0.00575,0.011,0.011
baseline,Baseline session authorization,10,2970,0.000375,0.004041,0.0,0.005792,0.011,0.011
baseline,Baseline session authorization,10,2971,0.000333,0.003959,0.0,0.006083,0.011208,0.011208
baseline,Baseline session authorization,10,2972,0.000333,0.004084,0.0,0.005833,0.011042,0.011042
baseline,Baseline session authorization,10,2973,0.000375,0.004,0.0,0.005875,0.011,0.011
baseline,Baseline session authorization,10,2974,0.000375,0.004,0.0,0.006125,0.011292,0.011292
baseline,Baseline session authorization,10,2975,0.000875,0.010667,0.0,0.008834,0.021833,0.021833
baseline,Baseline session authorization,10,2976,0.000917,0.007333,0.0,0.008875,0.0185,0.0185
baseline,Baseline session authorization,10,2977,0.000875,0.007875,0.0,0.008916,0.019042,0.019042
baseline,Baseline session authorization,10,2978,0.000292,0.004125,0.0,0.005833,0.011084,0.011084
baseline,Baseline session authorization,10,2979,0.000333,0.004041,0.0,0.005792,0.011,0.011
baseline,Baseline session authorization,10,2980,0.000291,0.004084,0.0,0.006125,0.011333,0.011333
baseline,Baseline session authorization,10,2981,0.000916,0.007333,0.0,0.008833,0.018417,0.018417
baseline,Baseline session authorization,10,2982,0.000333,0.004167,0.0,0.005916,0.011209,0.011209
baseline,Baseline session authorization,10,2983,0.000375,0.004042,0.0,0.005833,0.011,0.011
baseline,Baseline session authorization,10,2984,0.000375,0.004084,0.0,0.006125,0.011333,0.011333
baseline,Baseline session authorization,10,2985,0.001,0.010875,0.0,0.024459,0.038209,0.038209
baseline,Baseline session authorization,10,2986,0.000917,0.007542,0.0,0.009,0.018834,0.018834
baseline,Baseline session authorization,10,2987,0.001,0.007833,0.0,0.009042,0.019333,0.019333
baseline,Baseline session authorization,10,2988,0.000375,0.004208,0.0,0.006042,0.011458,0.011458
baseline,Baseline session authorization,10,2989,0.000333,0.004209,0.0,0.005833,0.011125,0.011125
baseline,Baseline session authorization,10,2990,0.000334,0.004125,0.0,0.005834,0.011042,0.011042
baseline,Baseline session authorization,10,2991,0.000959,0.007542,0.0,0.008875,0.018792,0.018792
baseline,Baseline session authorization,10,2992,0.000333,0.004208,0.0,0.005875,0.011167,0.011167
baseline,Baseline session authorization,10,2993,0.000334,0.004041,0.0,0.005917,0.011125,0.011125
baseline,Baseline session authorization,10,2994,0.000334,0.005167,0.0,0.006291,0.012625,0.012625
baseline,Baseline session authorization,10,2995,0.001041,0.007708,0.0,0.008916,0.019333,0.019333
baseline,Baseline session authorization,10,2996,0.001042,0.007708,0.0,0.009083,0.019292,0.019292
baseline,Baseline session authorization,10,2997,0.000958,0.0075,0.0,0.008959,0.018917,0.018917
baseline,Baseline session authorization,10,2998,0.000334,0.004208,0.0,0.006042,0.011375,0.011375
baseline,Baseline session authorization,10,2999,0.000375,0.00425,0.0,0.005875,0.011291,0.011291
baseline,Baseline session authorization,10,3000,0.000333,0.006042,0.0,0.006041,0.013292,0.013292
poia_webauthn,PoIA with WebAuthn,10,1,0.004,0.035,0.241792,0.906083,1.192291,5501.192291
poia_webauthn,PoIA with WebAuthn,10,2,0.002333,0.022208,0.214709,0.144166,0.386542,5500.386542
poia_webauthn,PoIA with WebAuthn,10,3,0.002458,0.022167,0.634042,0.221,0.883333,5500.883333
poia_webauthn,PoIA with WebAuthn,10,4,0.002917,0.028708,0.094583,0.175958,0.305542,5500.305542
poia_webauthn,PoIA with WebAuthn,10,5,0.003042,0.026125,0.633417,0.267166,0.933792,5500.933792
poia_webauthn,PoIA with WebAuthn,10,6,0.005542,0.055292,0.206584,0.54875,0.823875,5500.823875
poia_webauthn,PoIA with WebAuthn,10,7,0.002541,0.089083,0.468541,0.183167,0.7475,5500.7475
poia_webauthn,PoIA with WebAuthn,10,8,0.00225,0.022791,0.237666,0.36625,0.632417,5500.632417
poia_webauthn,PoIA with WebAuthn,10,9,0.002959,0.030542,0.2275,0.253,0.517584,5500.517584
poia_webauthn,PoIA with WebAuthn,10,10,0.002708,0.026917,0.268083,0.318833,0.620292,5500.620292
poia_webauthn,PoIA with WebAuthn,10,11,0.008583,0.118834,0.669958,0.301833,1.107167,5501.107167
poia_webauthn,PoIA with WebAuthn,10,12,0.002959,0.027292,0.745291,0.299375,1.078958,5501.078958
poia_webauthn,PoIA with WebAuthn,10,13,0.002375,0.021916,0.19025,0.336375,0.5545,5500.5545
poia_webauthn,PoIA with WebAuthn,10,14,0.002,0.017917,0.146583,0.326708,0.4965,5500.4965
poia_webauthn,PoIA with WebAuthn,10,15,0.00275,0.023917,0.240541,0.319333,0.59025,5500.59025
poia_webauthn,PoIA with WebAuthn,10,16,0.002292,0.021875,0.283958,0.133833,0.445,5500.445
poia_webauthn,PoIA with WebAuthn,10,17,0.002333,0.0225,0.310084,0.349125,0.687292,5500.687292
poia_webauthn,PoIA with WebAuthn,10,18,0.004958,0.044125,0.146209,1.11575,1.315208,5501.315208
poia_webauthn,PoIA with WebAuthn,10,19,0.003083,0.02925,0.771167,0.456084,1.264291,5501.264291
poia_webauthn,PoIA with WebAuthn,10,20,0.002292,0.021708,0.385792,0.286417,0.699791,5500.699791
poia_webauthn,PoIA with WebAuthn,10,21,0.002916,0.024583,0.101125,0.300875,0.433084,5500.433084
poia_webauthn,PoIA with WebAuthn,10,22,0.002542,0.023584,0.069292,0.120625,0.218709,5500.218709
poia_webauthn,PoIA with WebAuthn,10,23,0.004334,0.040917,0.668833,0.250166,0.969583,5500.969583
poia_webauthn,PoIA with WebAuthn,10,24,0.002416,0.021542,0.152917,0.161583,0.341375,5500.341375
poia_webauthn,PoIA with WebAuthn,10,25,0.002625,0.02225,0.215875,0.339375,0.583459,5500.583459
poia_webauthn,PoIA with WebAuthn,10,26,0.002875,0.023375,0.327875,0.285875,0.643708,5500.643708
poia_webauthn,PoIA with WebAuthn,10,27,0.00725,0.067917,0.35025,0.426042,0.856916,5500.856916
poia_webauthn,PoIA with WebAuthn,10,28,0.0025,0.022375,0.262458,0.63825,0.930792,5500.930792
poia_webauthn,PoIA with WebAuthn,10,29,0.00225,0.022166,0.070792,0.305,0.403333,5500.403333
poia_webauthn,PoIA with WebAuthn,10,30,0.002375,0.021792,0.086833,0.120875,0.234417,5500.234417
poia_webauthn,PoIA with WebAuthn,10,31,0.002459,0.02225,0.086958,0.150958,0.265667,5500.265667
poia_webauthn,PoIA with WebAuthn,10,32,0.002375,0.02175,0.238667,0.460209,0.726542,5500.726542
poia_webauthn,PoIA with WebAuthn,10,33,0.002375,0.021875,0.279417,0.335209,0.642584,5500.642584
poia_webauthn,PoIA with WebAuthn,10,34,0.007833,0.062042,0.179417,0.78425,1.039458,5501.039458
poia_webauthn,PoIA with WebAuthn,10,35,0.003292,0.028959,0.281834,0.415708,0.73425,5500.73425
poia_webauthn,PoIA with WebAuthn,10,36,0.003459,0.041458,0.088083,0.21225,0.348917,5500.348917
poia_webauthn,PoIA with WebAuthn,10,37,0.002833,0.023584,0.150875,0.165292,0.346125,5500.346125
poia_webauthn,PoIA with WebAuthn,10,38,0.0025,0.022625,0.230958,0.131958,0.390917,5500.390917
poia_webauthn,PoIA with WebAuthn,10,39,0.010625,0.022208,0.217917,0.456,0.7105,5500.7105
poia_webauthn,PoIA with WebAuthn,10,40,0.005625,0.064125,0.973625,0.888417,1.937542,5501.937542
poia_webauthn,PoIA with WebAuthn,10,41,0.002667,0.022458,0.194,0.321375,0.544083,5500.544083
poia_webauthn,PoIA with WebAuthn,10,42,0.003208,0.042916,0.248375,0.190208,0.488834,5500.488834
poia_webauthn,PoIA with WebAuthn,10,43,0.003417,0.029542,0.108541,0.395167,0.540792,5500.540792
poia_webauthn,PoIA with WebAuthn,10,44,0.002375,0.022208,0.312,0.127625,0.46725,5500.46725
poia_webauthn,PoIA with WebAuthn,10,45,0.002458,0.021958,0.096333,0.121083,0.244333,5500.244333
poia_webauthn,PoIA with WebAuthn,10,46,0.002375,0.021917,0.2715,0.305375,0.60475,5500.60475
poia_webauthn,PoIA with WebAuthn,10,47,0.0025,0.022333,0.194625,0.466417,0.689709,5500.689709
poia_webauthn,PoIA with WebAuthn,10,48,0.005167,0.065708,0.119458,1.63,1.825,5501.825
poia_webauthn,PoIA with WebAuthn,10,49,0.007,0.058417,0.914916,0.989292,1.977875,5501.977875
poia_webauthn,PoIA with WebAuthn,10,50,0.002292,0.021875,0.159667,0.131333,0.318125,5500.318125
poia_webauthn,PoIA with WebAuthn,10,51,0.003,0.028083,1.554417,0.394167,1.984334,5501.984334
poia_webauthn,PoIA with WebAuthn,10,52,0.003416,0.031667,0.134542,0.3055,0.479833,5500.479833
poia_webauthn,PoIA with WebAuthn,10,53,0.002875,0.03725,0.264167,0.748458,1.057459,5501.057459
poia_webauthn,PoIA with WebAuthn,10,54,0.002584,0.022167,0.318792,0.236167,0.583125,5500.583125
poia_webauthn,PoIA with WebAuthn,10,55,0.002708,0.022791,0.372708,0.132667,0.533875,5500.533875
poia_webauthn,PoIA with WebAuthn,10,56,0.002667,0.022625,0.068792,0.18925,0.286375,5500.286375
poia_webauthn,PoIA with WebAuthn,10,57,0.004083,0.045916,0.116917,0.328291,0.499208,5500.499208
poia_webauthn,PoIA with WebAuthn,10,58,0.002041,0.018416,0.149875,0.170125,0.343708,5500.343708
poia_webauthn,PoIA with WebAuthn,10,59,0.002667,0.022541,0.201,0.173583,0.403334,5500.403334
poia_webauthn,PoIA with WebAuthn,10,60,0.0025,0.027542,0.162,0.166459,0.362208,5500.362208
poia_webauthn,PoIA with WebAuthn,10,61,0.002375,0.022334,0.215667,0.234875,0.478708,5500.478708
poia_webauthn,PoIA with WebAuthn,10,62,0.004167,0.045167,0.462958,0.976833,1.4945,5501.4945
poia_webauthn,PoIA with WebAuthn,10,63,0.007333,0.1525,0.938375,0.275125,1.378958,5501.378958
poia_webauthn,PoIA with WebAuthn,10,64,0.005375,0.076792,0.503792,0.616833,1.209833,5501.209833
poia_webauthn,PoIA with WebAuthn,10,65,0.002417,0.021792,0.071209,0.198667,0.297167,5500.297167
poia_webauthn,PoIA with WebAuthn,10,66,0.002333,0.022125,0.138625,0.184,0.3505,5500.3505
poia_webauthn,PoIA with WebAuthn,10,67,0.002625,0.022125,0.247292,0.131958,0.407083,5500.407083
poia_webauthn,PoIA with WebAuthn,10,68,0.003292,0.030291,0.090333,0.667625,0.79575,5500.79575
poia_webauthn,PoIA with WebAuthn,10,69,0.002334,0.022,0.213625,0.237167,0.478792,5500.478792
poia_webauthn,PoIA with WebAuthn,10,70,0.003625,0.041208,1.59675,0.232333,1.900125,5501.900125
poia_webauthn,PoIA with WebAuthn,10,71,0.003125,0.026917,0.501375,0.151959,0.686667,5500.686667
poia_webauthn,PoIA with WebAuthn,10,72,0.002584,0.022958,0.267,0.134583,0.43,5500.43
poia_webauthn,PoIA with WebAuthn,10,73,0.0025,0.022083,0.068125,0.11975,0.214959,5500.214959
poia_webauthn,PoIA with WebAuthn,10,74,0.003167,0.032209,0.09475,0.463875,0.597333,5500.597333
poia_webauthn,PoIA with WebAuthn,10,75,0.002458,0.022333,0.180959,0.478208,0.687666,5500.687666
poia_webauthn,PoIA with WebAuthn,10,76,0.03025,0.112708,0.229625,0.961875,1.345167,5501.345167
poia_webauthn,PoIA with WebAuthn,10,77,0.002583,0.023041,0.353708,0.322083,0.705,5500.705
poia_webauthn,PoIA with WebAuthn,10,78,0.002708,0.026084,0.34325,0.359875,0.736083,5500.736083
poia_webauthn,PoIA with WebAuthn,10,79,0.002417,0.022334,0.287958,0.536208,0.852709,5500.852709
poia_webauthn,PoIA with WebAuthn,10,80,0.002292,0.021958,0.070667,0.803666,0.901583,5500.901583
poia_webauthn,PoIA with WebAuthn,10,81,0.006166,0.10025,0.673875,0.666625,1.485041,5501.485041
poia_webauthn,PoIA with WebAuthn,10,82,0.002417,0.022709,0.081041,0.479792,0.589083,5500.589083
poia_webauthn,PoIA with WebAuthn,10,83,0.002292,0.021917,0.215958,0.260708,0.5045,5500.5045
poia_webauthn,PoIA with WebAuthn,10,84,0.003167,0.029333,0.498583,0.361375,0.897042,5500.897042
poia_webauthn,PoIA with WebAuthn,10,85,0.003,0.029042,0.093375,0.41375,0.543042,5500.543042
poia_webauthn,PoIA with WebAuthn,10,86,0.002667,0.023209,0.22425,0.318417,0.572083,5500.572083
poia_webauthn,PoIA with WebAuthn,10,87,0.009417,0.05775,0.4805,0.509,1.061875,5501.061875
poia_webauthn,PoIA with WebAuthn,10,88,0.002375,0.021666,0.804667,0.133542,0.9655,5500.9655
poia_webauthn,PoIA with WebAuthn,10,89,0.002166,0.030917,0.279375,0.294792,0.610125,5500.610125
poia_webauthn,PoIA with WebAuthn,10,90,0.002916,0.0285,0.093166,0.176584,0.305292,5500.305292
poia_webauthn,PoIA with WebAuthn,10,91,0.002708,0.023083,0.564375,0.239875,0.833542,5500.833542
poia_webauthn,PoIA with WebAuthn,10,92,0.00225,0.021583,0.258792,0.14575,0.431459,5500.431459
poia_webauthn,PoIA with WebAuthn,10,93,0.002833,0.025166,0.24275,0.377291,0.652042,5500.652042
poia_webauthn,PoIA with WebAuthn,10,94,0.003041,0.028458,0.102083,0.767792,0.90525,5500.90525
poia_webauthn,PoIA with WebAuthn,10,95,0.003667,0.030417,0.699416,0.606834,1.3445,5501.3445
poia_webauthn,PoIA with WebAuthn,10,96,0.002375,0.021958,0.215417,0.366041,0.609292,5500.609292
poia_webauthn,PoIA with WebAuthn,10,97,0.003334,0.029416,0.094083,0.247167,0.378,5500.378
poia_webauthn,PoIA with WebAuthn,10,98,0.002834,0.023792,0.232667,0.335208,0.59825,5500.59825
poia_webauthn,PoIA with WebAuthn,10,99,0.002416,0.022416,0.097709,0.144666,0.2705,5500.2705
poia_webauthn,PoIA with WebAuthn,10,100,0.003,0.028666,0.092375,0.414625,0.5425,5500.5425
poia_webauthn,PoIA with WebAuthn,10,101,0.00225,0.041916,0.247125,0.312333,0.607208,5500.607208
poia_webauthn,PoIA with WebAuthn,10,102,0.004417,0.040875,0.461041,0.629,1.142416,5501.142416
poia_webauthn,PoIA with WebAuthn,10,103,0.002459,0.022459,0.067333,0.150959,0.246375,5500.246375
poia_webauthn,PoIA with WebAuthn,10,104,0.002625,0.022667,0.245958,0.340167,0.614834,5500.614834
poia_webauthn,PoIA with WebAuthn,10,105,0.002458,0.022334,0.226417,0.340375,0.595208,5500.595208
poia_webauthn,PoIA with WebAuthn,10,106,0.002417,0.022125,0.476375,0.132375,0.636417,5500.636417
poia_webauthn,PoIA with WebAuthn,10,107,0.007542,0.064542,0.544625,1.138958,1.764458,5501.764458
poia_webauthn,PoIA with WebAuthn,10,108,0.002333,0.02225,0.099292,0.318084,0.445625,5500.445625
poia_webauthn,PoIA with WebAuthn,10,109,0.002375,0.02225,0.372375,0.306958,0.707417,5500.707417
poia_webauthn,PoIA with WebAuthn,10,110,0.002458,0.024209,0.070167,0.406208,0.506167,5500.506167
poia_webauthn,PoIA with WebAuthn,10,111,0.002375,0.022167,0.073208,0.272542,0.373333,5500.373333
poia_webauthn,PoIA with WebAuthn,10,112,0.002333,0.026709,0.277916,0.158792,0.469292,5500.469292
poia_webauthn,PoIA with WebAuthn,10,113,0.002542,0.022958,0.083917,0.237791,0.350291,5500.350291
poia_webauthn,PoIA with WebAuthn,10,114,0.005292,0.095542,1.1915,0.225792,1.524125,5501.524125
poia_webauthn,PoIA with WebAuthn,10,115,0.00675,0.05,0.6375,0.947458,1.651125,5501.651125
poia_webauthn,PoIA with WebAuthn,10,116,0.003375,0.032292,0.123708,0.215,0.378125,5500.378125
poia_webauthn,PoIA with WebAuthn,10,117,0.002834,0.025166,0.0855,0.191834,0.308708,5500.308708
poia_webauthn,PoIA with WebAuthn,10,118,0.004167,0.031167,0.11575,0.262041,0.435709,5500.435709
poia_webauthn,PoIA with WebAuthn,10,119,0.002375,0.021833,0.722917,0.31325,1.063876,5501.063876
poia_webauthn,PoIA with WebAuthn,10,120,0.002542,0.022625,0.266459,0.280125,0.575375,5500.575375
poia_webauthn,PoIA with WebAuthn,10,121,0.00275,0.022834,0.389333,0.3615,0.78,5500.78
poia_webauthn,PoIA with WebAuthn,10,122,0.002209,0.0215,0.287542,0.329083,0.644,5500.644
poia_webauthn,PoIA with WebAuthn,10,123,0.002417,0.022708,0.151458,0.166375,0.346667,5500.346667
poia_webauthn,PoIA with WebAuthn,10,124,0.005708,0.053917,0.170375,0.588958,0.825959,5500.825959
poia_webauthn,PoIA with WebAuthn,10,125,0.004,0.091667,1.323042,0.937042,2.361084,5502.361084
poia_webauthn,PoIA with WebAuthn,10,126,0.002958,0.027917,0.309334,0.309791,0.654084,5500.654084
poia_webauthn,PoIA with WebAuthn,10,127,0.002333,0.0215,0.070708,0.364417,0.461958,5500.461958
poia_webauthn,PoIA with WebAuthn,10,128,0.002417,0.023125,0.384167,0.152833,0.566333,5500.566333
poia_webauthn,PoIA with WebAuthn,10,129,0.002292,0.021833,0.084875,0.12125,0.23275,5500.23275
poia_webauthn,PoIA with WebAuthn,10,130,0.002875,0.032083,0.805167,0.426542,1.271208,5501.271208
poia_webauthn,PoIA with WebAuthn,10,131,0.002375,0.021792,0.222542,0.370833,0.621084,5500.621084
poia_webauthn,PoIA with WebAuthn,10,132,0.0045,0.066458,1.769459,0.899334,2.744833,5502.744833
poia_webauthn,PoIA with WebAuthn,10,133,0.002417,0.021959,0.435791,0.322501,0.786251,5500.786251
poia_webauthn,PoIA with WebAuthn,10,134,0.0025,0.022416,0.206084,0.255084,0.489583,5500.489583
poia_webauthn,PoIA with WebAuthn,10,135,0.004833,0.048708,0.67175,0.726917,1.457125,5501.457125
poia_webauthn,PoIA with WebAuthn,10,136,0.002375,0.022208,0.077291,0.1765,0.281,5500.281
poia_webauthn,PoIA with WebAuthn,10,137,0.002417,0.021875,0.308458,0.238917,0.57525,5500.57525
poia_webauthn,PoIA with WebAuthn,10,138,0.008875,0.070459,0.280708,1.135208,1.503083,5501.503083
poia_webauthn,PoIA with WebAuthn,10,139,0.003,0.029375,0.096583,0.203625,0.336541,5500.336541
poia_webauthn,PoIA with WebAuthn,10,140,0.002375,0.022,0.758875,0.131625,0.917875,5500.917875
poia_webauthn,PoIA with WebAuthn,10,141,0.004667,0.0525,0.383666,0.291416,0.737292,5500.737292
poia_webauthn,PoIA with WebAuthn,10,142,0.003084,0.028875,0.093792,0.175083,0.304792,5500.304792
poia_webauthn,PoIA with WebAuthn,10,143,0.0025,0.021375,0.21575,0.338417,0.581833,5500.581833
poia_webauthn,PoIA with WebAuthn,10,144,0.00225,0.021875,0.067292,0.23925,0.33375,5500.33375
poia_webauthn,PoIA with WebAuthn,10,145,0.002459,0.022417,0.1845,0.163542,0.376542,5500.376542
poia_webauthn,PoIA with WebAuthn,10,146,0.002833,0.03425,0.57375,0.576959,1.19175,5501.19175
poia_webauthn,PoIA with WebAuthn,10,147,0.002375,0.021625,0.813625,0.174417,1.015667,5501.015667
poia_webauthn,PoIA with WebAuthn,10,148,0.004792,0.048208,0.168792,0.583875,0.811291,5500.811291
poia_webauthn,PoIA with WebAuthn,10,149,0.005375,0.044,0.130875,0.402125,0.588125,5500.588125
poia_webauthn,PoIA with WebAuthn,10,150,0.002959,0.044916,1.110166,0.53275,1.695209,5501.695209
poia_webauthn,PoIA with WebAuthn,10,151,0.002583,0.022084,0.186166,0.312417,0.526917,5500.526917
poia_webauthn,PoIA with WebAuthn,10,152,0.002334,0.022292,0.221583,0.131459,0.380792,5500.380792
poia_webauthn,PoIA with WebAuthn,10,153,0.002375,0.026917,0.341042,0.283917,0.657708,5500.657708
poia_webauthn,PoIA with WebAuthn,10,154,0.002542,0.022167,0.076083,0.313042,0.416916,5500.416916
poia_webauthn,PoIA with WebAuthn,10,155,0.002375,0.021958,0.070625,0.187666,0.285667,5500.285667
poia_webauthn,PoIA with WebAuthn,10,156,0.005833,0.058375,0.500875,0.28825,0.8595,5500.8595
poia_webauthn,PoIA with WebAuthn,10,157,0.008625,0.066083,0.148542,0.517083,0.74625,5500.74625
poia_webauthn,PoIA with WebAuthn,10,158,0.002916,0.028541,0.093166,0.401792,0.530416,5500.530416
poia_webauthn,PoIA with WebAuthn,10,159,0.003708,0.042209,0.118625,1.095583,1.264209,5501.264209
poia_webauthn,PoIA with WebAuthn,10,160,0.002417,0.022042,0.247041,0.202833,0.477917,5500.477917
poia_webauthn,PoIA with WebAuthn,10,161,0.004167,0.118833,0.169833,0.275792,0.574875,5500.574875
poia_webauthn,PoIA with WebAuthn,10,162,0.002375,0.021542,0.066916,0.3235,0.417333,5500.417333
poia_webauthn,PoIA with WebAuthn,10,163,0.002292,0.021791,0.070084,0.30425,0.401417,5500.401417
poia_webauthn,PoIA with WebAuthn,10,164,0.005959,0.052583,0.222625,0.385458,0.673958,5500.673958
poia_webauthn,PoIA with WebAuthn,10,165,0.006917,0.138166,0.649583,0.593375,1.39625,5501.39625
poia_webauthn,PoIA with WebAuthn,10,166,0.002875,0.0275,0.300208,0.471042,0.805875,5500.805875
poia_webauthn,PoIA with WebAuthn,10,167,0.002416,0.022917,0.260083,0.259291,0.548333,5500.548333
poia_webauthn,PoIA with WebAuthn,10,168,0.001917,0.018042,0.150875,0.277333,0.4515,5500.4515
poia_webauthn,PoIA with WebAuthn,10,169,0.00425,0.042584,1.070833,0.27925,1.402875,5501.402875
poia_webauthn,PoIA with WebAuthn,10,170,0.002375,0.021584,0.068208,0.316459,0.411459,5500.411459
poia_webauthn,PoIA with WebAuthn,10,171,0.002375,0.021834,0.373833,0.233625,0.635459,5500.635459
poia_webauthn,PoIA with WebAuthn,10,172,0.002625,0.024875,0.303667,0.740709,1.076084,5501.076084
poia_webauthn,PoIA with WebAuthn,10,173,0.002333,0.021833,0.07025,0.309083,0.406459,5500.406459
poia_webauthn,PoIA with WebAuthn,10,174,0.008125,0.052583,0.261167,1.843958,2.173167,5502.173167
poia_webauthn,PoIA with WebAuthn,10,175,0.003042,0.028166,0.093333,0.4155,0.544125,5500.544125
poia_webauthn,PoIA with WebAuthn,10,176,0.00275,0.039875,0.197167,0.316792,0.560208,5500.560208
poia_webauthn,PoIA with WebAuthn,10,177,0.002542,0.022792,0.427708,0.289834,0.746625,5500.746625
poia_webauthn,PoIA with WebAuthn,10,178,0.002292,0.022,0.073083,0.304959,0.405292,5500.405292
poia_webauthn,PoIA with WebAuthn,10,179,0.002333,0.022125,0.248625,0.280334,0.556958,5500.556958
poia_webauthn,PoIA with WebAuthn,10,180,0.003958,0.035625,0.674583,1.072791,1.793167,5501.793167
poia_webauthn,PoIA with WebAuthn,10,181,0.00325,0.031,0.090583,0.270541,0.399541,5500.399541
poia_webauthn,PoIA with WebAuthn,10,182,0.003417,0.035375,0.315834,0.34475,0.703834,5500.703834
poia_webauthn,PoIA with WebAuthn,10,183,0.002375,0.043042,0.107875,0.395833,0.553125,5500.553125
poia_webauthn,PoIA with WebAuthn,10,184,0.002334,0.021792,0.321875,0.131208,0.48,5500.48
poia_webauthn,PoIA with WebAuthn,10,185,0.002375,0.021917,1.385416,0.146667,1.559416,5501.559416
poia_webauthn,PoIA with WebAuthn,10,186,0.002417,0.022,0.181417,0.312292,0.521708,5500.521708
poia_webauthn,PoIA with WebAuthn,10,187,0.003583,0.039542,0.152083,0.491125,0.691875,5500.691875
poia_webauthn,PoIA with WebAuthn,10,188,0.002834,0.026083,0.326375,0.472791,0.832375,5500.832375
poia_webauthn,PoIA with WebAuthn,10,189,0.002708,0.0225,0.071917,0.523458,0.623792,5500.623792
poia_webauthn,PoIA with WebAuthn,10,190,0.002542,0.022791,0.216416,0.327417,0.572708,5500.572708
poia_webauthn,PoIA with WebAuthn,10,191,0.002542,0.023417,0.216458,0.253583,0.499292,5500.499292
poia_webauthn,PoIA with WebAuthn,10,192,0.006042,0.058208,0.7335,0.616416,1.423125,5501.423125
poia_webauthn,PoIA with WebAuthn,10,193,0.004083,0.035208,0.552833,0.532834,1.130666,5501.130666
poia_webauthn,PoIA with WebAuthn,10,194,0.002417,0.022459,0.186375,0.282583,0.497333,5500.497333
poia_webauthn,PoIA with WebAuthn,10,195,0.010916,0.098417,0.888916,0.840834,1.849625,5501.849625
poia_webauthn,PoIA with WebAuthn,10,196,0.003042,0.028667,0.094166,0.401833,0.531584,5500.531584
poia_webauthn,PoIA with WebAuthn,10,197,0.002458,0.023417,0.174709,0.164708,0.368208,5500.368208
poia_webauthn,PoIA with WebAuthn,10,198,0.002333,0.023041,0.067292,0.387083,0.483375,5500.483375
poia_webauthn,PoIA with WebAuthn,10,199,0.002375,0.023,0.229542,0.256791,0.5155,5500.5155
poia_webauthn,PoIA with WebAuthn,10,200,0.002583,0.02325,0.257417,0.328167,0.614958,5500.614958
poia_webauthn,PoIA with WebAuthn,10,201,0.002334,0.022333,0.071292,0.313791,0.412792,5500.412792
poia_webauthn,PoIA with WebAuthn,10,202,0.002583,0.022958,0.25225,0.320709,0.602209,5500.602209
poia_webauthn,PoIA with WebAuthn,10,203,0.004583,0.049083,0.809167,0.623042,1.491041,5501.491041
poia_webauthn,PoIA with WebAuthn,10,204,0.003667,0.033541,0.322292,0.417917,0.782791,5500.782791
poia_webauthn,PoIA with WebAuthn,10,205,0.0025,0.022667,0.06775,0.332459,0.428459,5500.428459
poia_webauthn,PoIA with WebAuthn,10,206,0.003084,0.028833,0.614833,0.32425,0.975292,5500.975292
poia_webauthn,PoIA with WebAuthn,10,207,0.009875,0.078833,0.852084,0.42825,1.380041,5501.380041
poia_webauthn,PoIA with WebAuthn,10,208,0.002417,0.022209,0.979916,0.275583,1.28375,5501.28375
poia_webauthn,PoIA with WebAuthn,10,209,0.005417,0.0545,1.821208,0.81,2.702458,5502.702458
poia_webauthn,PoIA with WebAuthn,10,210,0.002416,0.022042,0.06775,0.119959,0.214666,5500.214666
poia_webauthn,PoIA with WebAuthn,10,211,0.00225,0.021416,0.439709,0.131416,0.597917,5500.597917
poia_webauthn,PoIA with WebAuthn,10,212,0.003792,0.042541,0.327583,0.198541,0.577166,5500.577166
poia_webauthn,PoIA with WebAuthn,10,213,0.003583,0.028791,0.289,0.194917,0.520459,5500.520459
poia_webauthn,PoIA with WebAuthn,10,214,0.00275,0.026042,0.083375,0.37175,0.487458,5500.487458
poia_webauthn,PoIA with WebAuthn,10,215,0.002458,0.024042,0.227583,0.340458,0.597958,5500.597958
poia_webauthn,PoIA with WebAuthn,10,216,0.002458,0.024041,0.253208,0.131709,0.41475,5500.41475
poia_webauthn,PoIA with WebAuthn,10,217,0.005875,0.047167,0.131666,0.655541,0.845625,5500.845625
poia_webauthn,PoIA with WebAuthn,10,218,0.00225,0.021917,0.069458,0.144459,0.241125,5500.241125
poia_webauthn,PoIA with WebAuthn,10,219,0.0025,0.022667,0.249583,0.45375,0.732167,5500.732167
poia_webauthn,PoIA with WebAuthn,10,220,0.003625,0.033375,0.239459,0.401083,0.682958,5500.682958
poia_webauthn,PoIA with WebAuthn,10,221,0.002458,0.022417,0.235584,0.353125,0.617375,5500.617375
poia_webauthn,PoIA with WebAuthn,10,222,0.003125,0.037208,0.284125,0.6655,0.994625,5500.994625
poia_webauthn,PoIA with WebAuthn,10,223,0.002834,0.027166,0.083,0.470333,0.586625,5500.586625
poia_webauthn,PoIA with WebAuthn,10,224,0.002416,0.023167,0.319959,0.325584,0.6745,5500.6745
poia_webauthn,PoIA with WebAuthn,10,225,0.0025,0.022292,0.488458,0.192541,0.709417,5500.709417
poia_webauthn,PoIA with WebAuthn,10,226,0.00225,0.022,0.183708,0.312625,0.524375,5500.524375
poia_webauthn,PoIA with WebAuthn,10,227,0.003125,0.028833,1.087542,0.309167,1.43325,5501.43325
poia_webauthn,PoIA with WebAuthn,10,228,0.002875,0.027208,0.079916,0.221959,0.3355,5500.3355
poia_webauthn,PoIA with WebAuthn,10,229,0.002917,0.025875,0.855583,0.313792,1.201875,5501.201875
poia_webauthn,PoIA with WebAuthn,10,230,0.003791,0.100791,0.627541,1.267708,2.0055,5502.0055
poia_webauthn,PoIA with WebAuthn,10,231,0.004333,0.055083,0.134292,0.476834,0.676,5500.676
poia_webauthn,PoIA with WebAuthn,10,232,0.00475,0.026416,0.089125,0.357125,0.556334,5500.556334
poia_webauthn,PoIA with WebAuthn,10,233,0.002375,0.0215,0.212792,0.278292,0.518542,5500.518542
poia_webauthn,PoIA with WebAuthn,10,234,0.00225,0.022833,0.182833,0.145416,0.356416,5500.356416
poia_webauthn,PoIA with WebAuthn,10,235,0.002709,0.022708,0.245459,0.254,0.540458,5500.540458
poia_webauthn,PoIA with WebAuthn,10,236,0.009917,0.175292,0.721875,1.393291,2.308541,5502.308541
poia_webauthn,PoIA with WebAuthn,10,237,0.006042,0.054833,0.180125,2.440042,2.687708,5502.687708
poia_webauthn,PoIA with WebAuthn,10,238,0.002167,0.02175,0.070333,0.349458,0.446084,5500.446084
poia_webauthn,PoIA with WebAuthn,10,239,0.007125,0.057916,0.181667,0.773834,1.026833,5501.026833
poia_webauthn,PoIA with WebAuthn,10,240,0.003708,0.034583,0.284417,0.516958,0.844958,5500.844958
poia_webauthn,PoIA with WebAuthn,10,241,0.004917,0.314875,0.174084,0.637666,1.138709,5501.138709
poia_webauthn,PoIA with WebAuthn,10,242,0.002708,0.026792,0.210125,0.444916,0.688875,5500.688875
poia_webauthn,PoIA with WebAuthn,10,243,0.002292,0.033708,0.067208,0.119625,0.225417,5500.225417
poia_webauthn,PoIA with WebAuthn,10,244,0.002292,0.0225,0.263625,0.131917,0.423292,5500.423292
poia_webauthn,PoIA with WebAuthn,10,245,0.007875,0.084208,0.169666,0.796209,1.066292,5501.066292
poia_webauthn,PoIA with WebAuthn,10,246,0.002291,0.021875,0.067041,0.120083,0.213916,5500.213916
poia_webauthn,PoIA with WebAuthn,10,247,0.004083,0.042041,0.228625,0.617459,0.896625,5500.896625
poia_webauthn,PoIA with WebAuthn,10,248,0.003584,0.033542,0.280125,0.220417,0.542417,5500.542417
poia_webauthn,PoIA with WebAuthn,10,249,0.010625,0.097583,0.187125,1.615458,1.9185,5501.9185
poia_webauthn,PoIA with WebAuthn,10,250,0.002375,0.021792,0.306333,0.134375,0.467917,5500.467917
poia_webauthn,PoIA with WebAuthn,10,251,0.002292,0.02525,0.084042,0.275708,0.3905,5500.3905
poia_webauthn,PoIA with WebAuthn,10,252,0.002417,0.022625,0.251875,0.328334,0.608958,5500.608958
poia_webauthn,PoIA with WebAuthn,10,253,0.00375,0.039833,0.111833,0.59175,0.752292,5500.752292
poia_webauthn,PoIA with WebAuthn,10,254,0.002458,0.02175,0.451459,0.172292,0.651541,5500.651541
poia_webauthn,PoIA with WebAuthn,10,255,0.021916,0.040125,0.120333,0.207708,0.394375,5500.394375
poia_webauthn,PoIA with WebAuthn,10,256,0.003,0.035,0.113291,0.716417,0.8715,5500.8715
poia_webauthn,PoIA with WebAuthn,10,257,0.002333,0.022459,0.11025,0.457375,0.596833,5500.596833
poia_webauthn,PoIA with WebAuthn,10,258,0.003542,0.040833,0.10975,0.283833,0.442708,5500.442708
poia_webauthn,PoIA with WebAuthn,10,259,0.002083,0.022209,0.556,0.257541,0.841125,5500.841125
poia_webauthn,PoIA with WebAuthn,10,260,0.002459,0.022125,0.183375,0.335625,0.54725,5500.54725
poia_webauthn,PoIA with WebAuthn,10,261,0.005125,0.076167,0.132917,0.867,1.086292,5501.086292
poia_webauthn,PoIA with WebAuthn,10,262,0.004667,0.068167,2.639625,1.450209,4.1685,5504.1685
poia_webauthn,PoIA with WebAuthn,10,263,0.010125,0.085708,0.54225,0.425375,1.069708,5501.069708
poia_webauthn,PoIA with WebAuthn,10,264,0.002791,0.025708,0.078458,0.201458,0.311667,5500.311667
poia_webauthn,PoIA with WebAuthn,10,265,0.002417,0.022709,0.06725,0.2075,0.302917,5500.302917
poia_webauthn,PoIA with WebAuthn,10,266,0.002583,0.022041,0.265584,0.149,0.4425,5500.4425
poia_webauthn,PoIA with WebAuthn,10,267,0.0025,0.02275,0.253333,0.163792,0.445916,5500.445916
poia_webauthn,PoIA with WebAuthn,10,268,0.002458,0.022084,0.079708,0.120708,0.2275,5500.2275
poia_webauthn,PoIA with WebAuthn,10,269,0.002708,0.048417,0.340958,0.192417,0.589083,5500.589083
poia_webauthn,PoIA with WebAuthn,10,270,0.002125,0.02225,0.32625,0.252417,0.60675,5500.60675
poia_webauthn,PoIA with WebAuthn,10,271,0.003416,0.03425,0.194333,0.380583,0.617958,5500.617958
poia_webauthn,PoIA with WebAuthn,10,272,0.003125,0.0285,0.093875,0.40525,0.534667,5500.534667
poia_webauthn,PoIA with WebAuthn,10,273,0.00225,0.021792,0.209375,0.23225,0.46925,5500.46925
poia_webauthn,PoIA with WebAuthn,10,274,0.003583,0.034125,0.469583,0.532709,1.0455,5501.0455
poia_webauthn,PoIA with WebAuthn,10,275,0.002458,0.021959,0.186833,0.497792,0.712042,5500.712042
poia_webauthn,PoIA with WebAuthn,10,276,0.002416,0.022375,0.072041,0.279291,0.379375,5500.379375
poia_webauthn,PoIA with WebAuthn,10,277,0.006417,0.0785,1.550583,0.353166,1.996333,5501.996333
poia_webauthn,PoIA with WebAuthn,10,278,0.006042,0.062584,1.033625,0.935958,2.046917,5502.046917
poia_webauthn,PoIA with WebAuthn,10,279,0.002833,0.02825,0.359208,0.347375,0.742291,5500.742291
poia_webauthn,PoIA with WebAuthn,10,280,0.002834,0.026917,0.449042,0.193042,0.687542,5500.687542
poia_webauthn,PoIA with WebAuthn,10,281,0.002375,0.022209,0.214417,0.312416,0.555083,5500.555083
poia_webauthn,PoIA with WebAuthn,10,282,0.002416,0.021708,0.188208,0.152875,0.368334,5500.368334
poia_webauthn,PoIA with WebAuthn,10,283,0.002833,0.023791,0.070125,0.126125,0.225541,5500.225541
poia_webauthn,PoIA with WebAuthn,10,284,0.00225,0.021709,0.070292,0.32325,0.420625,5500.420625
poia_webauthn,PoIA with WebAuthn,10,285,0.0045,0.049125,0.510791,0.226833,0.795708,5500.795708
poia_webauthn,PoIA with WebAuthn,10,286,0.005666,0.053792,0.173875,0.361833,0.604333,5500.604333
poia_webauthn,PoIA with WebAuthn,10,287,0.003208,0.028458,0.092291,0.36625,0.494167,5500.494167
poia_webauthn,PoIA with WebAuthn,10,288,0.004333,0.073125,0.405584,0.595292,1.083417,5501.083417
poia_webauthn,PoIA with WebAuthn,10,289,0.003709,0.034666,0.310208,0.92025,1.274166,5501.274166
poia_webauthn,PoIA with WebAuthn,10,290,0.002375,0.022875,0.243958,0.278209,0.551125,5500.551125
poia_webauthn,PoIA with WebAuthn,10,291,0.002291,0.025333,0.066916,0.286042,0.383667,5500.383667
poia_webauthn,PoIA with WebAuthn,10,292,0.002166,0.022584,0.720042,0.255875,1.004333,5501.004333
poia_webauthn,PoIA with WebAuthn,10,293,0.006125,0.066,1.2655,0.802375,2.149208,5502.149208
poia_webauthn,PoIA with WebAuthn,10,294,0.003125,0.029916,0.090042,0.407,0.534125,5500.534125
poia_webauthn,PoIA with WebAuthn,10,295,0.002375,0.021791,0.261875,0.322833,0.612375,5500.612375
poia_webauthn,PoIA with WebAuthn,10,296,0.00225,0.022458,0.22275,0.145666,0.396334,5500.396334
poia_webauthn,PoIA with WebAuthn,10,297,0.002375,0.02175,0.067791,0.135666,0.230125,5500.230125
poia_webauthn,PoIA with WebAuthn,10,298,0.00225,0.022167,0.54575,0.258916,0.837291,5500.837291
poia_webauthn,PoIA with WebAuthn,10,299,0.002375,0.022667,0.2225,0.332125,0.583167,5500.583167
poia_webauthn,PoIA with WebAuthn,10,300,0.002834,0.028375,0.085458,0.549959,0.669708,5500.669708
poia_webauthn,PoIA with WebAuthn,10,301,0.002167,0.021667,0.182416,0.164583,0.374458,5500.374458
poia_webauthn,PoIA with WebAuthn,10,302,0.003167,0.031334,0.378167,0.480666,0.898041,5500.898041
poia_webauthn,PoIA with WebAuthn,10,303,0.002667,0.023083,0.718458,0.432875,1.180417,5501.180417
poia_webauthn,PoIA with WebAuthn,10,304,0.004834,0.04175,0.564459,0.569083,1.186666,5501.186666
poia_webauthn,PoIA with WebAuthn,10,305,0.002167,0.026667,0.25825,0.316458,0.60675,5500.60675
poia_webauthn,PoIA with WebAuthn,10,306,0.002333,0.022083,0.216458,0.329291,0.573666,5500.573666
poia_webauthn,PoIA with WebAuthn,10,307,0.002541,0.023625,0.428375,0.317875,0.776,5500.776
poia_webauthn,PoIA with WebAuthn,10,308,0.002667,0.02725,0.08025,0.4485,0.562416,5500.562416
poia_webauthn,PoIA with WebAuthn,10,309,0.00225,0.0215,0.070917,0.204,0.301667,5500.301667
poia_webauthn,PoIA with WebAuthn,10,310,0.002375,0.022125,0.066917,0.271709,0.366167,5500.366167
poia_webauthn,PoIA with WebAuthn,10,311,0.006334,0.048417,0.663917,0.262875,0.986792,5500.986792
poia_webauthn,PoIA with WebAuthn,10,312,0.002458,0.022,0.071791,0.398,0.497209,5500.497209
poia_webauthn,PoIA with WebAuthn,10,313,0.002292,0.022458,0.184375,0.313083,0.525625,5500.525625
poia_webauthn,PoIA with WebAuthn,10,314,0.002792,0.026959,0.0795,0.169292,0.281416,5500.281416
poia_webauthn,PoIA with WebAuthn,10,315,0.003,0.029792,0.382792,0.424041,0.84425,5500.84425
poia_webauthn,PoIA with WebAuthn,10,316,0.00325,0.026709,0.656875,0.227834,0.918333,5500.918333
poia_webauthn,PoIA with WebAuthn,10,317,0.030417,0.32975,1.597042,3.109292,5.074625,5505.074625
poia_webauthn,PoIA with WebAuthn,10,318,0.0025,0.022958,0.185,0.146625,0.360167,5500.360167
poia_webauthn,PoIA with WebAuthn,10,319,0.002542,0.021708,0.608,0.132,0.76725,5500.76725
poia_webauthn,PoIA with WebAuthn,10,320,0.004084,0.043583,0.110708,2.429458,2.595958,5502.595958
poia_webauthn,PoIA with WebAuthn,10,321,0.002416,0.021959,0.070083,0.187375,0.28475,5500.28475
poia_webauthn,PoIA with WebAuthn,10,322,0.002333,0.021584,0.069916,0.333375,0.430417,5500.430417
poia_webauthn,PoIA with WebAuthn,10,323,0.006167,0.062416,0.940333,1.197,2.211417,5502.211417
poia_webauthn,PoIA with WebAuthn,10,324,0.003166,0.034583,1.395584,0.416791,1.854583,5501.854583
poia_webauthn,PoIA with WebAuthn,10,325,0.002458,0.022334,0.084708,0.119958,0.232041,5500.232041
poia_webauthn,PoIA with WebAuthn,10,326,0.007959,0.069125,0.573542,0.413375,1.070417,5501.070417
poia_webauthn,PoIA with WebAuthn,10,327,0.004583,0.046875,0.385792,1.415458,1.859417,5501.859417
poia_webauthn,PoIA with WebAuthn,10,328,0.002375,0.022125,0.071375,0.151,0.25,5500.25
poia_webauthn,PoIA with WebAuthn,10,329,0.00225,0.021542,0.067084,0.305042,0.398875,5500.398875
poia_webauthn,PoIA with WebAuthn,10,330,0.006208,0.058375,0.354584,0.777791,1.224084,5501.224084
poia_webauthn,PoIA with WebAuthn,10,331,0.002375,0.02175,0.0715,0.3145,0.413042,5500.413042
poia_webauthn,PoIA with WebAuthn,10,332,0.002333,0.021416,0.596709,0.135875,0.759542,5500.759542
poia_webauthn,PoIA with WebAuthn,10,333,0.003959,0.041125,0.332083,0.222458,0.603666,5500.603666
poia_webauthn,PoIA with WebAuthn,10,334,0.003291,0.0275,0.997667,0.334459,1.366959,5501.366959
poia_webauthn,PoIA with WebAuthn,10,335,0.002333,0.022,0.3425,0.270708,0.641125,5500.641125
poia_webauthn,PoIA with WebAuthn,10,336,0.007708,0.100125,0.666292,0.399875,1.181833,5501.181833
poia_webauthn,PoIA with WebAuthn,10,337,0.002458,0.022833,0.070166,0.312375,0.411,5500.411
poia_webauthn,PoIA with WebAuthn,10,338,0.006917,0.059083,0.196833,0.799667,1.096208,5501.096208
poia_webauthn,PoIA with WebAuthn,10,339,0.002459,0.021875,0.429459,0.264709,0.722,5500.722
poia_webauthn,PoIA with WebAuthn,10,340,0.004208,0.041875,0.387625,0.780041,1.218375,5501.218375
poia_webauthn,PoIA with WebAuthn,10,341,0.002459,0.021834,0.429833,0.231667,0.689125,5500.689125
poia_webauthn,PoIA with WebAuthn,10,342,0.0025,0.021875,0.220084,0.328791,0.576875,5500.576875
poia_webauthn,PoIA with WebAuthn,10,343,0.002542,0.02575,0.283875,0.390417,0.706708,5500.706708
poia_webauthn,PoIA with WebAuthn,10,344,0.003167,0.029125,0.236625,0.382458,0.655584,5500.655584
poia_webauthn,PoIA with WebAuthn,10,345,0.002334,0.02225,0.072125,0.311542,0.411375,5500.411375
poia_webauthn,PoIA with WebAuthn,10,346,0.003125,0.025875,0.325834,0.387666,0.746458,5500.746458
poia_webauthn,PoIA with WebAuthn,10,347,0.002791,0.027041,0.0875,0.388917,0.509875,5500.509875
poia_webauthn,PoIA with WebAuthn,10,348,0.002542,0.023417,0.217292,0.533125,0.779791,5500.779791
poia_webauthn,PoIA with WebAuthn,10,349,0.002292,0.021875,0.071042,0.306333,0.414042,5500.414042
poia_webauthn,PoIA with WebAuthn,10,350,0.007,0.046416,0.521542,0.425042,1.006084,5501.006084
poia_webauthn,PoIA with WebAuthn,10,351,0.002375,0.021917,0.070167,0.152083,0.249542,5500.249542
poia_webauthn,PoIA with WebAuthn,10,352,0.002083,0.021792,0.2385,0.318,0.583917,5500.583917
poia_webauthn,PoIA with WebAuthn,10,353,0.002333,0.022417,0.517416,0.16025,0.705792,5500.705792
poia_webauthn,PoIA with WebAuthn,10,354,0.002417,0.022334,0.395916,0.998625,1.422875,5501.422875
poia_webauthn,PoIA with WebAuthn,10,355,0.002291,0.02675,0.068916,0.123709,0.22425,5500.22425
poia_webauthn,PoIA with WebAuthn,10,356,0.002291,0.021875,0.416583,0.297334,0.741583,5500.741583
poia_webauthn,PoIA with WebAuthn,10,357,0.002459,0.022625,0.208959,0.153584,0.390916,5500.390916
poia_webauthn,PoIA with WebAuthn,10,358,0.00275,0.027,0.273708,0.382875,0.69025,5500.69025
poia_webauthn,PoIA with WebAuthn,10,359,0.002292,0.023291,0.318083,0.230375,0.577458,5500.577458
poia_webauthn,PoIA with WebAuthn,10,360,0.003542,0.031833,0.378541,0.322917,0.741542,5500.741542
poia_webauthn,PoIA with WebAuthn,10,361,0.002333,0.021792,0.479208,0.325542,0.837708,5500.837708
poia_webauthn,PoIA with WebAuthn,10,362,0.002166,0.022,0.066959,0.319709,0.413792,5500.413792
poia_webauthn,PoIA with WebAuthn,10,363,0.007959,0.051459,0.629667,0.442541,1.136834,5501.136834
poia_webauthn,PoIA with WebAuthn,10,364,0.002459,0.022541,0.215334,0.52175,0.765542,5500.765542
poia_webauthn,PoIA with WebAuthn,10,365,0.002708,0.022291,0.191584,0.338292,0.558708,5500.558708
poia_webauthn,PoIA with WebAuthn,10,366,0.003833,0.041792,0.115041,0.538542,0.703333,5500.703333
poia_webauthn,PoIA with WebAuthn,10,367,0.005833,0.087458,0.201291,0.300083,0.600875,5500.600875
poia_webauthn,PoIA with WebAuthn,10,368,0.0025,0.022125,0.085833,0.120375,0.233417,5500.233417
poia_webauthn,PoIA with WebAuthn,10,369,0.00225,0.021875,0.218416,0.275334,0.521375,5500.521375
poia_webauthn,PoIA with WebAuthn,10,370,0.002542,0.024792,0.108916,0.345792,0.485584,5500.485584
poia_webauthn,PoIA with WebAuthn,10,371,0.002375,0.022042,0.081583,0.12,0.228459,5500.228459
poia_webauthn,PoIA with WebAuthn,10,372,0.002334,0.022666,0.084459,0.12025,0.232417,5500.232417
poia_webauthn,PoIA with WebAuthn,10,373,0.002834,0.041375,0.079958,0.396833,0.524625,5500.524625
poia_webauthn,PoIA with WebAuthn,10,374,0.00275,0.02425,0.257208,0.329125,0.616916,5500.616916
poia_webauthn,PoIA with WebAuthn,10,375,0.003084,0.028875,0.266541,0.55025,0.853375,5500.853375
poia_webauthn,PoIA with WebAuthn,10,376,0.003,0.02925,0.1165,0.250125,0.402709,5500.402709
poia_webauthn,PoIA with WebAuthn,10,377,0.002417,0.022375,0.200375,0.318709,0.547542,5500.547542
poia_webauthn,PoIA with WebAuthn,10,378,0.002167,0.021834,0.070375,0.30475,0.402167,5500.402167
poia_webauthn,PoIA with WebAuthn,10,379,0.00225,0.021834,0.071,0.1485,0.24625,5500.24625
poia_webauthn,PoIA with WebAuthn,10,380,0.002583,0.022125,0.307792,0.280667,0.616833,5500.616833
poia_webauthn,PoIA with WebAuthn,10,381,0.003542,0.034334,0.106542,0.302041,0.450334,5500.450334
poia_webauthn,PoIA with WebAuthn,10,382,0.006084,0.058209,1.571583,0.357334,1.998958,5501.998958
poia_webauthn,PoIA with WebAuthn,10,383,0.00325,0.029458,0.444667,0.486459,0.968584,5500.968584
poia_webauthn,PoIA with WebAuthn,10,384,0.003875,0.030667,0.310541,0.380375,0.729625,5500.729625
poia_webauthn,PoIA with WebAuthn,10,385,0.002834,0.026417,0.087708,0.128959,0.248958,5500.248958
poia_webauthn,PoIA with WebAuthn,10,386,0.0025,0.022333,0.068083,0.198375,0.294333,5500.294333
poia_webauthn,PoIA with WebAuthn,10,387,0.002292,0.021625,0.646542,0.311375,0.985167,5500.985167
poia_webauthn,PoIA with WebAuthn,10,388,0.002625,0.0225,0.186584,0.164,0.379292,5500.379292
poia_webauthn,PoIA with WebAuthn,10,389,0.0055,0.043916,2.547375,2.260458,4.863125,5504.863125
poia_webauthn,PoIA with WebAuthn,10,390,0.002917,0.026959,0.273833,0.277375,0.585,5500.585
poia_webauthn,PoIA with WebAuthn,10,391,0.002375,0.02225,0.071333,0.30575,0.404666,5500.404666
poia_webauthn,PoIA with WebAuthn,10,392,0.005625,0.05375,0.171666,0.577875,0.815875,5500.815875
poia_webauthn,PoIA with WebAuthn,10,393,0.002958,0.0275,0.709208,0.347834,1.091792,5501.091792
poia_webauthn,PoIA with WebAuthn,10,394,0.002833,0.026167,0.077542,0.623458,0.73375,5500.73375
poia_webauthn,PoIA with WebAuthn,10,395,0.00225,0.02225,1.202833,0.254667,1.485708,5501.485708
poia_webauthn,PoIA with WebAuthn,10,396,0.002375,0.022167,0.24675,0.444416,0.718958,5500.718958
poia_webauthn,PoIA with WebAuthn,10,397,0.0025,0.022125,0.215458,0.23425,0.477875,5500.477875
poia_webauthn,PoIA with WebAuthn,10,398,0.002542,0.022,0.073208,0.191459,0.292375,5500.292375
poia_webauthn,PoIA with WebAuthn,10,399,0.005625,0.053791,0.525708,0.357667,0.950042,5500.950042
poia_webauthn,PoIA with WebAuthn,10,400,0.002541,0.02275,0.192083,0.289208,0.510291,5500.510291
poia_webauthn,PoIA with WebAuthn,10,401,0.0045,0.06875,0.198375,0.215125,0.490875,5500.490875
poia_webauthn,PoIA with WebAuthn,10,402,0.006791,0.059833,0.178292,0.980791,1.233375,5501.233375
poia_webauthn,PoIA with WebAuthn,10,403,0.00275,0.027125,0.082625,0.418333,0.534292,5500.534292
poia_webauthn,PoIA with WebAuthn,10,404,0.003292,0.03,0.27,0.577209,0.884708,5500.884708
poia_webauthn,PoIA with WebAuthn,10,405,0.002292,0.021459,0.182375,0.31125,0.520667,5500.520667
poia_webauthn,PoIA with WebAuthn,10,406,0.002375,0.021709,0.38475,0.239459,0.651708,5500.651708
poia_webauthn,PoIA with WebAuthn,10,407,0.002583,0.021667,0.08325,0.281458,0.392041,5500.392041
poia_webauthn,PoIA with WebAuthn,10,408,0.002292,0.021667,0.074166,0.253291,0.354375,5500.354375
poia_webauthn,PoIA with WebAuthn,10,409,0.002667,0.028083,0.96925,0.343708,1.34775,5501.34775
poia_webauthn,PoIA with WebAuthn,10,410,0.007375,0.065208,0.502417,0.399417,0.979708,5500.979708
poia_webauthn,PoIA with WebAuthn,10,411,0.002542,0.0235,0.2625,0.833083,1.125333,5501.125333
poia_webauthn,PoIA with WebAuthn,10,412,0.002583,0.022208,0.249334,0.321792,0.599292,5500.599292
poia_webauthn,PoIA with WebAuthn,10,413,0.002125,0.03225,0.071375,0.133084,0.241375,5500.241375
poia_webauthn,PoIA with WebAuthn,10,414,0.002333,0.022042,0.213834,0.295167,0.536917,5500.536917
poia_webauthn,PoIA with WebAuthn,10,415,0.002667,0.022,0.070583,0.151833,0.250291,5500.250291
poia_webauthn,PoIA with WebAuthn,10,416,0.009917,0.127417,0.444125,0.388291,0.977,5500.977
poia_webauthn,PoIA with WebAuthn,10,417,0.002959,0.034375,0.0885,0.1725,0.301625,5500.301625
poia_webauthn,PoIA with WebAuthn,10,418,0.002834,0.099,0.182166,0.159625,0.447708,5500.447708
poia_webauthn,PoIA with WebAuthn,10,419,0.002917,0.027625,0.229083,0.2045,0.467833,5500.467833
poia_webauthn,PoIA with WebAuthn,10,420,0.006208,0.045875,0.136334,0.727917,0.921042,5500.921042
poia_webauthn,PoIA with WebAuthn,10,421,0.002667,0.021791,0.068209,0.281667,0.377458,5500.377458
poia_webauthn,PoIA with WebAuthn,10,422,0.002458,0.022083,0.184417,0.31225,0.52475,5500.52475
poia_webauthn,PoIA with WebAuthn,10,423,0.00225,0.022792,0.529042,0.236334,0.793875,5500.793875
poia_webauthn,PoIA with WebAuthn,10,424,0.005542,0.049833,0.129542,0.731375,0.921208,5500.921208
poia_webauthn,PoIA with WebAuthn,10,425,0.004041,0.042625,0.108667,0.248041,0.407667,5500.407667
poia_webauthn,PoIA with WebAuthn,10,426,0.011625,0.045875,3.268958,0.641375,3.981167,5503.981167
poia_webauthn,PoIA with WebAuthn,10,427,0.003292,0.029584,0.094125,0.408708,0.539583,5500.539583
poia_webauthn,PoIA with WebAuthn,10,428,0.002416,0.021959,0.649125,1.086125,1.763333,5501.763333
poia_webauthn,PoIA with WebAuthn,10,429,0.002333,0.022208,0.101583,0.321292,0.451042,5500.451042
poia_webauthn,PoIA with WebAuthn,10,430,0.002375,0.022167,0.180042,0.315042,0.523167,5500.523167
poia_webauthn,PoIA with WebAuthn,10,431,0.002375,0.022375,0.06975,0.32675,0.424292,5500.424292
poia_webauthn,PoIA with WebAuthn,10,432,0.002375,0.022459,0.08375,0.189291,0.301166,5500.301166
poia_webauthn,PoIA with WebAuthn,10,433,0.002542,0.02325,0.214084,0.442667,0.685792,5500.685792
poia_webauthn,PoIA with WebAuthn,10,434,0.004625,0.041584,1.385875,1.624833,3.061959,5503.061959
poia_webauthn,PoIA with WebAuthn,10,435,0.002708,0.140208,0.793417,0.455834,1.397041,5501.397041
poia_webauthn,PoIA with WebAuthn,10,436,0.002417,0.022209,0.215125,0.2555,0.49875,5500.49875
poia_webauthn,PoIA with WebAuthn,10,437,0.003208,0.048958,0.555292,0.425666,1.038083,5501.038083
poia_webauthn,PoIA with WebAuthn,10,438,0.002709,0.024584,0.089416,0.247209,0.366875,5500.366875
poia_webauthn,PoIA with WebAuthn,10,439,0.004292,0.044417,0.602625,0.165167,0.820792,5500.820792
poia_webauthn,PoIA with WebAuthn,10,440,0.0025,0.0225,0.729875,0.253875,1.012209,5501.012209
poia_webauthn,PoIA with WebAuthn,10,441,0.002208,0.021833,0.071458,0.315542,0.414041,5500.414041
poia_webauthn,PoIA with WebAuthn,10,442,0.002291,0.021458,0.15225,0.311792,0.491375,5500.491375
poia_webauthn,PoIA with WebAuthn,10,443,0.002542,0.023083,0.1795,0.335208,0.543833,5500.543833
poia_webauthn,PoIA with WebAuthn,10,444,0.002166,0.022125,0.186958,0.250458,0.465209,5500.465209
poia_webauthn,PoIA with WebAuthn,10,445,0.003333,0.023333,0.256,0.324583,0.611125,5500.611125
poia_webauthn,PoIA with WebAuthn,10,446,0.002542,0.021667,0.084958,0.272125,0.384583,5500.384583
poia_webauthn,PoIA with WebAuthn,10,447,0.002459,0.021833,0.07825,0.120416,0.225542,5500.225542
poia_webauthn,PoIA with WebAuthn,10,448,0.003167,0.02725,0.331375,0.389542,0.755792,5500.755792
poia_webauthn,PoIA with WebAuthn,10,449,0.003125,0.028792,0.089167,0.355875,0.480917,5500.480917
poia_webauthn,PoIA with WebAuthn,10,450,0.002958,0.032667,0.326208,0.359,0.725041,5500.725041
poia_webauthn,PoIA with WebAuthn,10,451,0.002542,0.022625,0.1925,0.316375,0.537625,5500.537625
poia_webauthn,PoIA with WebAuthn,10,452,0.002416,0.021875,0.070417,0.15125,0.249167,5500.249167
poia_webauthn,PoIA with WebAuthn,10,453,0.002292,0.022125,0.067959,0.272375,0.368,5500.368
poia_webauthn,PoIA with WebAuthn,10,454,0.006834,0.062625,1.043084,0.64225,1.762042,5501.762042
poia_webauthn,PoIA with WebAuthn,10,455,0.00275,0.069708,0.410541,0.800083,1.287791,5501.287791
poia_webauthn,PoIA with WebAuthn,10,456,0.002917,0.027667,0.084042,0.198625,0.316792,5500.316792
poia_webauthn,PoIA with WebAuthn,10,457,0.002583,0.0225,0.319334,0.262208,0.610417,5500.610417
poia_webauthn,PoIA with WebAuthn,10,458,0.002125,0.022334,0.233125,0.131917,0.392291,5500.392291
poia_webauthn,PoIA with WebAuthn,10,459,0.002416,0.022041,0.218834,0.2715,0.518375,5500.518375
poia_webauthn,PoIA with WebAuthn,10,460,0.002167,0.02225,0.715458,0.250667,0.994125,5500.994125
poia_webauthn,PoIA with WebAuthn,10,461,0.002666,0.021917,0.067875,0.309417,0.405,5500.405
poia_webauthn,PoIA with WebAuthn,10,462,0.003291,0.028542,0.092167,0.15775,0.285208,5500.285208
poia_webauthn,PoIA with WebAuthn,10,463,0.00225,0.021959,0.085333,0.190333,0.302917,5500.302917
poia_webauthn,PoIA with WebAuthn,10,464,0.005708,0.063333,0.154834,1.6405,1.869541,5501.869541
poia_webauthn,PoIA with WebAuthn,10,465,0.004208,0.041541,0.131958,0.966375,1.149708,5501.149708
poia_webauthn,PoIA with WebAuthn,10,466,0.0035,0.027167,0.267292,0.287333,0.589917,5500.589917
poia_webauthn,PoIA with WebAuthn,10,467,0.002583,0.024458,0.084792,0.247375,0.362375,5500.362375
poia_webauthn,PoIA with WebAuthn,10,468,0.002667,0.022708,0.249084,0.141917,0.419458,5500.419458
poia_webauthn,PoIA with WebAuthn,10,469,0.002625,0.023458,0.214209,0.495709,0.739459,5500.739459
poia_webauthn,PoIA with WebAuthn,10,470,0.002333,0.021959,0.072875,0.306541,0.406833,5500.406833
poia_webauthn,PoIA with WebAuthn,10,471,0.005041,0.046125,0.152917,0.247041,0.455416,5500.455416
poia_webauthn,PoIA with WebAuthn,10,472,0.004375,0.049666,0.132459,0.79525,0.98625,5500.98625
poia_webauthn,PoIA with WebAuthn,10,473,0.003167,0.02625,0.241708,0.282334,0.557417,5500.557417
poia_webauthn,PoIA with WebAuthn,10,474,0.0035,0.028459,0.311791,0.315875,0.663666,5500.663666
poia_webauthn,PoIA with WebAuthn,10,475,0.004375,0.08925,0.830375,1.169834,2.099708,5502.099708
poia_webauthn,PoIA with WebAuthn,10,476,0.002375,0.022667,0.266125,0.306458,0.601166,5500.601166
poia_webauthn,PoIA with WebAuthn,10,477,0.002375,0.022042,0.189,0.283333,0.500208,5500.500208
poia_webauthn,PoIA with WebAuthn,10,478,0.002292,0.021625,0.413042,0.313292,0.75375,5500.75375
poia_webauthn,PoIA with WebAuthn,10,479,0.002417,0.023208,0.862458,0.147041,1.038416,5501.038416
poia_webauthn,PoIA with WebAuthn,10,480,0.003917,0.042292,0.438167,0.236833,0.725417,5500.725417
poia_webauthn,PoIA with WebAuthn,10,481,0.00425,0.043542,0.429458,0.595542,1.0775,5501.0775
poia_webauthn,PoIA with WebAuthn,10,482,0.003042,0.029125,0.083958,0.345667,0.517416,5500.517416
poia_webauthn,PoIA with WebAuthn,10,483,0.004167,0.062458,0.607042,0.45225,1.130417,5501.130417
poia_webauthn,PoIA with WebAuthn,10,484,0.002833,0.025,0.076916,0.368125,0.475792,5500.475792
poia_webauthn,PoIA with WebAuthn,10,485,0.002583,0.02275,0.074541,0.1245,0.226875,5500.226875
poia_webauthn,PoIA with WebAuthn,10,486,0.002375,0.022083,0.0675,0.374792,0.469625,5500.469625
poia_webauthn,PoIA with WebAuthn,10,487,0.003041,0.028791,0.219834,0.321584,0.576666,5500.576666
poia_webauthn,PoIA with WebAuthn,10,488,0.026208,0.063334,0.194833,1.363166,1.653209,5501.653209
poia_webauthn,PoIA with WebAuthn,10,489,0.002917,0.027167,0.338292,0.711166,1.083792,5501.083792
poia_webauthn,PoIA with WebAuthn,10,490,0.002167,0.021958,0.071375,0.132833,0.230958,5500.230958
poia_webauthn,PoIA with WebAuthn,10,491,0.006125,0.0525,0.664291,0.97925,1.711541,5501.711541
poia_webauthn,PoIA with WebAuthn,10,492,0.003417,0.031125,0.284125,0.208584,0.530917,5500.530917
poia_webauthn,PoIA with WebAuthn,10,493,0.022875,0.030167,0.159333,0.855,1.073,5501.073
poia_webauthn,PoIA with WebAuthn,10,494,0.007041,0.047792,0.876375,0.802834,1.738958,5501.738958
poia_webauthn,PoIA with WebAuthn,10,495,0.002291,0.022583,0.39075,0.133667,0.552375,5500.552375
poia_webauthn,PoIA with WebAuthn,10,496,0.002541,0.022458,0.320542,0.289792,0.639,5500.639
poia_webauthn,PoIA with WebAuthn,10,497,0.002417,0.022333,0.068666,0.305,0.401292,5500.401292
poia_webauthn,PoIA with WebAuthn,10,498,0.0025,0.022167,0.087208,0.130875,0.245458,5500.245458
poia_webauthn,PoIA with WebAuthn,10,499,0.003917,0.044458,0.968708,0.824583,1.846208,5501.846208
poia_webauthn,PoIA with WebAuthn,10,500,0.00225,0.022834,0.187833,0.331375,0.548125,5500.548125
poia_webauthn,PoIA with WebAuthn,10,501,0.00625,0.077958,0.489167,0.378167,0.962,5500.962
poia_webauthn,PoIA with WebAuthn,10,502,0.0045,0.042875,0.717917,0.302375,1.074167,5501.074167
poia_webauthn,PoIA with WebAuthn,10,503,0.002333,0.022292,0.604291,0.489334,1.12375,5501.12375
poia_webauthn,PoIA with WebAuthn,10,504,0.002375,0.021791,0.071709,0.160167,0.258708,5500.258708
poia_webauthn,PoIA with WebAuthn,10,505,0.002417,0.02375,0.563959,0.1365,0.729833,5500.729833
poia_webauthn,PoIA with WebAuthn,10,506,0.002291,0.022,0.0705,0.152458,0.250459,5500.250459
poia_webauthn,PoIA with WebAuthn,10,507,0.003083,0.027375,0.335125,0.410917,0.781125,5500.781125
poia_webauthn,PoIA with WebAuthn,10,508,0.002875,0.026042,0.485041,0.442208,0.96025,5500.96025
poia_webauthn,PoIA with WebAuthn,10,509,0.002417,0.0225,0.796166,0.325209,1.149875,5501.149875
poia_webauthn,PoIA with WebAuthn,10,510,0.004167,0.042375,0.112542,0.410875,0.574417,5500.574417
poia_webauthn,PoIA with WebAuthn,10,511,0.004417,0.041166,0.132,0.289959,0.473042,5500.473042
poia_webauthn,PoIA with WebAuthn,10,512,0.002375,0.022917,0.176458,0.1635,0.368833,5500.368833
poia_webauthn,PoIA with WebAuthn,10,513,0.002334,0.022208,0.556459,0.172792,0.756959,5500.756959
poia_webauthn,PoIA with WebAuthn,10,514,0.002375,0.026791,0.220333,0.318417,0.571417,5500.571417
poia_webauthn,PoIA with WebAuthn,10,515,0.002375,0.022042,0.675042,0.311,1.014125,5501.014125
poia_webauthn,PoIA with WebAuthn,10,516,0.002291,0.0225,0.296084,0.327042,0.651375,5500.651375
poia_webauthn,PoIA with WebAuthn,10,517,0.007625,0.748125,0.632584,0.77975,2.178625,5502.178625
poia_webauthn,PoIA with WebAuthn,10,518,0.003458,0.029459,0.402584,0.374875,0.815,5500.815
poia_webauthn,PoIA with WebAuthn,10,519,0.004625,0.042375,0.3215,0.618083,0.99325,5500.99325
poia_webauthn,PoIA with WebAuthn,10,520,0.003,0.028625,0.314042,0.31675,0.66675,5500.66675
poia_webauthn,PoIA with WebAuthn,10,521,0.002625,0.022083,0.0995,0.315833,0.443875,5500.443875
poia_webauthn,PoIA with WebAuthn,10,522,0.002292,0.021708,0.066792,0.120333,0.216833,5500.216833
poia_webauthn,PoIA with WebAuthn,10,523,0.002375,0.022084,0.215042,0.459,0.702125,5500.702125
poia_webauthn,PoIA with WebAuthn,10,524,0.005167,0.045208,0.954,0.234708,1.243625,5501.243625
poia_webauthn,PoIA with WebAuthn,10,525,0.003375,0.027084,0.24175,0.466,0.74225,5500.74225
poia_webauthn,PoIA with WebAuthn,10,526,0.005416,0.046083,0.11925,2.567458,2.743083,5502.743083
poia_webauthn,PoIA with WebAuthn,10,527,0.006833,0.055375,0.244333,0.5535,0.867291,5500.867291
poia_webauthn,PoIA with WebAuthn,10,528,0.006875,0.114542,0.09875,0.551042,0.776083,5500.776083
poia_webauthn,PoIA with WebAuthn,10,529,0.002541,0.023333,0.079792,0.239084,0.347791,5500.347791
poia_webauthn,PoIA with WebAuthn,10,530,0.002708,0.023542,0.355208,0.305792,0.690792,5500.690792
poia_webauthn,PoIA with WebAuthn,10,531,0.002458,0.021833,0.48675,0.314166,0.828666,5500.828666
poia_webauthn,PoIA with WebAuthn,10,532,0.002333,0.022709,0.185708,0.311917,0.526125,5500.526125
poia_webauthn,PoIA with WebAuthn,10,533,0.003042,0.029375,0.931375,0.357083,1.325375,5501.325375
poia_webauthn,PoIA with WebAuthn,10,534,0.00275,0.026833,0.670416,0.466709,1.171208,5501.171208
poia_webauthn,PoIA with WebAuthn,10,535,0.002375,0.02225,0.215875,0.144791,0.388458,5500.388458
poia_webauthn,PoIA with WebAuthn,10,536,0.0035,0.149292,0.304209,0.429459,0.8915,5500.8915
poia_webauthn,PoIA with WebAuthn,10,537,0.003708,0.028583,0.438125,0.232167,0.706917,5500.706917
poia_webauthn,PoIA with WebAuthn,10,538,0.002542,0.02275,0.581292,0.411167,1.020417,5501.020417
poia_webauthn,PoIA with WebAuthn,10,539,0.002417,0.022083,0.134459,0.293833,0.456458,5500.456458
poia_webauthn,PoIA with WebAuthn,10,540,0.002125,0.021542,0.217875,0.266333,0.511333,5500.511333
poia_webauthn,PoIA with WebAuthn,10,541,0.002459,0.02575,0.067417,0.190084,0.289,5500.289
poia_webauthn,PoIA with WebAuthn,10,542,0.002375,0.021959,1.053875,0.263042,1.34475,5501.34475
poia_webauthn,PoIA with WebAuthn,10,543,0.003125,0.047625,0.420334,0.714792,1.192625,5501.192625
poia_webauthn,PoIA with WebAuthn,10,544,0.003292,0.038375,0.290834,0.546417,0.883792,5500.883792
poia_webauthn,PoIA with WebAuthn,10,545,0.002459,0.023166,0.069375,0.19375,0.291959,5500.291959
poia_webauthn,PoIA with WebAuthn,10,546,0.002583,0.021958,0.226125,0.137708,0.391792,5500.391792
poia_webauthn,PoIA with WebAuthn,10,547,0.00225,0.022459,0.1865,0.314334,0.528917,5500.528917
poia_webauthn,PoIA with WebAuthn,10,548,0.002334,0.022209,0.067958,0.365542,0.461209,5500.461209
poia_webauthn,PoIA with WebAuthn,10,549,0.012958,0.160208,0.441708,1.444583,2.068875,5502.068875
poia_webauthn,PoIA with WebAuthn,10,550,0.0035,0.028791,0.33125,0.841208,1.21,5501.21
poia_webauthn,PoIA with WebAuthn,10,551,0.002417,0.022541,0.186666,0.143209,0.357959,5500.357959
poia_webauthn,PoIA with WebAuthn,10,552,0.0025,0.025375,0.071333,0.190125,0.292416,5500.292416
poia_webauthn,PoIA with WebAuthn,10,553,0.00225,0.021875,0.070542,0.323667,0.421417,5500.421417
poia_webauthn,PoIA with WebAuthn,10,554,0.002958,0.02675,0.079375,0.676125,0.788875,5500.788875
poia_webauthn,PoIA with WebAuthn,10,555,0.003541,0.030916,0.093375,0.1755,0.307084,5500.307084
poia_webauthn,PoIA with WebAuthn,10,556,0.004209,0.03325,0.325834,0.634875,1.00325,5501.00325
poia_webauthn,PoIA with WebAuthn,10,557,0.0025,0.022083,0.068334,0.256375,0.352,5500.352
poia_webauthn,PoIA with WebAuthn,10,558,0.002458,0.022375,0.069417,0.32975,0.427083,5500.427083
poia_webauthn,PoIA with WebAuthn,10,559,0.002292,0.02225,0.188291,0.237541,0.453875,5500.453875
poia_webauthn,PoIA with WebAuthn,10,560,0.002292,0.021959,0.098583,0.24275,0.368709,5500.368709
poia_webauthn,PoIA with WebAuthn,10,561,0.00225,0.021875,0.066667,0.313083,0.406917,5500.406917
poia_webauthn,PoIA with WebAuthn,10,562,0.002209,0.021833,0.591625,0.242958,0.862125,5500.862125
poia_webauthn,PoIA with WebAuthn,10,563,0.005333,0.041292,0.201458,0.710583,1.062333,5501.062333
poia_webauthn,PoIA with WebAuthn,10,564,0.004583,0.047416,0.115,0.29475,0.488417,5500.488417
poia_webauthn,PoIA with WebAuthn,10,565,0.002291,0.021916,0.432167,0.133042,0.592459,5500.592459
poia_webauthn,PoIA with WebAuthn,10,566,0.00325,0.030417,0.634375,0.191584,0.863625,5500.863625
poia_webauthn,PoIA with WebAuthn,10,567,0.031208,0.029958,0.791042,0.525875,1.383667,5501.383667
poia_webauthn,PoIA with WebAuthn,10,568,0.004333,0.041542,0.48525,0.593,1.130916,5501.130916
poia_webauthn,PoIA with WebAuthn,10,569,0.001792,0.018125,0.217042,0.149416,0.389584,5500.389584
poia_webauthn,PoIA with WebAuthn,10,570,0.002208,0.021791,0.06775,0.268292,0.363125,5500.363125
poia_webauthn,PoIA with WebAuthn,10,571,0.0025,0.022,0.099041,0.321958,0.449209,5500.449209
poia_webauthn,PoIA with WebAuthn,10,572,0.003083,0.0295,0.719291,0.638834,1.395125,5501.395125
poia_webauthn,PoIA with WebAuthn,10,573,0.003291,0.027583,0.503042,0.372167,0.910375,5500.910375
poia_webauthn,PoIA with WebAuthn,10,574,0.002709,0.0255,0.075458,0.568292,0.675375,5500.675375
poia_webauthn,PoIA with WebAuthn,10,575,0.002583,0.027417,0.3015,1.383292,1.718667,5501.718667
poia_webauthn,PoIA with WebAuthn,10,576,0.002333,0.022833,0.185291,0.29175,0.505709,5500.505709
poia_webauthn,PoIA with WebAuthn,10,577,0.002375,0.022375,0.167125,0.131,0.325875,5500.325875
poia_webauthn,PoIA with WebAuthn,10,578,0.002416,0.022209,0.071083,0.306625,0.405375,5500.405375
poia_webauthn,PoIA with WebAuthn,10,579,0.0025,0.022708,0.405833,0.320292,0.754958,5500.754958
poia_webauthn,PoIA with WebAuthn,10,580,0.011459,0.20375,0.496,0.995917,1.718333,5501.718333
poia_webauthn,PoIA with WebAuthn,10,581,0.00225,0.021916,0.261917,0.389167,0.678875,5500.678875
poia_webauthn,PoIA with WebAuthn,10,582,0.105042,0.07925,0.186084,1.702542,2.081166,5502.081166
poia_webauthn,PoIA with WebAuthn,10,583,0.002584,0.024834,0.289458,0.201,0.521458,5500.521458
poia_webauthn,PoIA with WebAuthn,10,584,0.002416,0.021667,0.397375,0.367042,0.792125,5500.792125
poia_webauthn,PoIA with WebAuthn,10,585,0.002416,0.027,0.774,0.24225,1.049333,5501.049333
poia_webauthn,PoIA with WebAuthn,10,586,0.002458,0.021916,0.070916,0.32675,0.425083,5500.425083
poia_webauthn,PoIA with WebAuthn,10,587,0.035125,0.06375,0.68425,0.362417,1.153625,5501.153625
poia_webauthn,PoIA with WebAuthn,10,588,0.011667,0.098625,0.416833,0.296833,0.832084,5500.832084
poia_webauthn,PoIA with WebAuthn,10,589,0.007292,0.02825,0.465833,1.037083,1.543041,5501.543041
poia_webauthn,PoIA with WebAuthn,10,590,0.002542,0.021834,0.067,0.26925,0.363833,5500.363833
poia_webauthn,PoIA with WebAuthn,10,591,0.006583,0.059666,0.191584,0.577375,0.842375,5500.842375
poia_webauthn,PoIA with WebAuthn,10,592,0.002917,0.027125,1.05625,0.322625,1.413,5501.413
poia_webauthn,PoIA with WebAuthn,10,593,0.002292,0.023709,0.084333,0.193834,0.307291,5500.307291
poia_webauthn,PoIA with WebAuthn,10,594,0.002292,0.025875,0.214792,0.14375,0.389708,5500.389708
poia_webauthn,PoIA with WebAuthn,10,595,0.003041,0.031041,0.309875,0.321583,0.668958,5500.668958
poia_webauthn,PoIA with WebAuthn,10,596,0.002417,0.022,0.372833,0.306,0.706792,5500.706792
poia_webauthn,PoIA with WebAuthn,10,597,0.004708,0.069125,0.706167,0.349833,1.135166,5501.135166
poia_webauthn,PoIA with WebAuthn,10,598,0.003125,0.029458,0.137375,0.743875,0.917958,5500.917958
poia_webauthn,PoIA with WebAuthn,10,599,0.002292,0.022041,0.20175,0.132042,0.361208,5500.361208
poia_webauthn,PoIA with WebAuthn,10,600,0.002791,0.025042,0.078625,0.733625,0.846375,5500.846375
poia_webauthn,PoIA with WebAuthn,10,601,0.006333,0.056292,0.716125,0.676959,1.464458,5501.464458
poia_webauthn,PoIA with WebAuthn,10,602,0.004459,0.040709,0.134042,0.524958,0.709792,5500.709792
poia_webauthn,PoIA with WebAuthn,10,603,0.002916,0.0265,0.414,0.396875,0.844417,5500.844417
poia_webauthn,PoIA with WebAuthn,10,604,0.002458,0.022917,0.1895,0.322916,0.541542,5500.541542
poia_webauthn,PoIA with WebAuthn,10,605,0.002417,0.02175,0.07075,0.410791,0.508709,5500.508709
poia_webauthn,PoIA with WebAuthn,10,606,0.002417,0.021375,0.215959,0.283167,0.526416,5500.526416
poia_webauthn,PoIA with WebAuthn,10,607,0.006791,0.07,0.878375,0.658166,1.620375,5501.620375
poia_webauthn,PoIA with WebAuthn,10,608,0.002625,0.021917,0.06825,1.111,1.206875,5501.206875
poia_webauthn,PoIA with WebAuthn,10,609,0.007459,0.071708,0.770709,0.901209,1.757625,5501.757625
poia_webauthn,PoIA with WebAuthn,10,610,0.003125,0.02625,0.157083,0.159291,0.349167,5500.349167
poia_webauthn,PoIA with WebAuthn,10,611,0.002791,0.025708,0.072167,0.214542,0.3185,5500.3185
poia_webauthn,PoIA with WebAuthn,10,612,0.002083,0.021708,0.295958,0.283167,0.606375,5500.606375
poia_webauthn,PoIA with WebAuthn,10,613,0.002458,0.021792,0.071375,0.189583,0.288291,5500.288291
poia_webauthn,PoIA with WebAuthn,10,614,0.002333,0.022292,0.438625,0.397292,0.863916,5500.863916
poia_webauthn,PoIA with WebAuthn,10,615,0.002458,0.022375,0.184584,0.313083,0.526042,5500.526042
poia_webauthn,PoIA with WebAuthn,10,616,0.004584,0.041167,0.133583,0.254667,0.43875,5500.43875
poia_webauthn,PoIA with WebAuthn,10,617,0.002875,0.02575,1.055584,0.652958,1.741958,5501.741958
poia_webauthn,PoIA with WebAuthn,10,618,0.008292,1.021208,1.404125,0.728083,3.1765,5503.1765
poia_webauthn,PoIA with WebAuthn,10,619,0.002792,0.024917,0.096708,0.421083,0.548833,5500.548833
poia_webauthn,PoIA with WebAuthn,10,620,0.002458,0.034542,0.0745,0.351333,0.466041,5500.466041
poia_webauthn,PoIA with WebAuthn,10,621,0.002416,0.021542,0.216583,0.553209,0.797291,5500.797291
poia_webauthn,PoIA with WebAuthn,10,622,0.0025,0.03425,0.06975,0.187542,0.297375,5500.297375
poia_webauthn,PoIA with WebAuthn,10,623,0.007583,0.205083,0.258208,0.77425,1.25025,5501.25025
poia_webauthn,PoIA with WebAuthn,10,624,0.002583,0.034167,0.218792,0.32125,0.5805,5500.5805
poia_webauthn,PoIA with WebAuthn,10,625,0.003291,0.029833,0.260625,0.339458,0.637708,5500.637708
poia_webauthn,PoIA with WebAuthn,10,626,0.00325,0.029583,0.103125,0.416458,0.55625,5500.55625
poia_webauthn,PoIA with WebAuthn,10,627,0.002583,0.022417,0.259958,0.325708,0.614125,5500.614125
poia_webauthn,PoIA with WebAuthn,10,628,0.002625,0.026791,0.479833,0.23575,0.748458,5500.748458
poia_webauthn,PoIA with WebAuthn,10,629,0.002542,0.022625,0.184625,0.314166,0.527375,5500.527375
poia_webauthn,PoIA with WebAuthn,10,630,0.002333,0.021791,0.066417,0.308917,0.402083,5500.402083
poia_webauthn,PoIA with WebAuthn,10,631,0.002375,0.02375,0.218375,0.201458,0.449667,5500.449667
poia_webauthn,PoIA with WebAuthn,10,632,0.0075,0.052583,0.383083,1.078209,1.526875,5501.526875
poia_webauthn,PoIA with WebAuthn,10,633,0.004,0.0425,0.176083,0.239875,0.466458,5500.466458
poia_webauthn,PoIA with WebAuthn,10,634,0.003875,0.029375,1.241333,0.5005,1.802875,5501.802875
poia_webauthn,PoIA with WebAuthn,10,635,0.002458,0.023833,0.255084,0.349,0.633667,5500.633667
poia_webauthn,PoIA with WebAuthn,10,636,0.002167,0.021917,0.0715,0.188167,0.286792,5500.286792
poia_webauthn,PoIA with WebAuthn,10,637,0.002416,0.022334,0.068458,0.272375,0.368834,5500.368834
poia_webauthn,PoIA with WebAuthn,10,638,0.002666,0.030709,0.3935,0.392333,0.823209,5500.823209
poia_webauthn,PoIA with WebAuthn,10,639,0.003333,0.030166,0.0935,0.219042,0.350083,5500.350083
poia_webauthn,PoIA with WebAuthn,10,640,0.002916,0.024792,0.082542,0.299709,0.413417,5500.413417
poia_webauthn,PoIA with WebAuthn,10,641,0.003,0.026166,0.306958,0.442375,0.782542,5500.782542
poia_webauthn,PoIA with WebAuthn,10,642,0.002667,0.026417,0.321167,0.324166,0.67825,5500.67825
poia_webauthn,PoIA with WebAuthn,10,643,0.002458,0.022125,0.249042,0.373416,0.6505,5500.6505
poia_webauthn,PoIA with WebAuthn,10,644,0.002292,0.022042,0.067042,0.315584,0.410042,5500.410042
poia_webauthn,PoIA with WebAuthn,10,645,0.002375,0.022375,0.06725,0.307291,0.402209,5500.402209
poia_webauthn,PoIA with WebAuthn,10,646,0.002583,0.025833,0.082083,0.687792,0.801958,5500.801958
poia_webauthn,PoIA with WebAuthn,10,647,0.002333,0.021875,0.070792,0.332292,0.4305,5500.4305
poia_webauthn,PoIA with WebAuthn,10,648,0.002625,0.02575,0.077833,0.169875,0.280125,5500.280125
poia_webauthn,PoIA with WebAuthn,10,649,0.002583,0.025125,0.18925,0.327333,0.547875,5500.547875
poia_webauthn,PoIA with WebAuthn,10,650,0.002291,0.021666,0.066625,0.264458,0.358167,5500.358167
poia_webauthn,PoIA with WebAuthn,10,651,0.002459,0.022375,0.068917,0.306792,0.403667,5500.403667
poia_webauthn,PoIA with WebAuthn,10,652,0.006375,0.05675,0.162417,1.773792,2.006458,5502.006458
poia_webauthn,PoIA with WebAuthn,10,653,0.005791,0.053292,0.209958,0.756,1.0325,5501.0325
poia_webauthn,PoIA with WebAuthn,10,654,0.00275,0.026208,0.452542,0.178084,0.663625,5500.663625
poia_webauthn,PoIA with WebAuthn,10,655,0.002709,0.02475,0.076708,0.136583,0.243625,5500.243625
poia_webauthn,PoIA with WebAuthn,10,656,0.002959,0.02775,0.610208,0.463459,1.1085,5501.1085
poia_webauthn,PoIA with WebAuthn,10,657,0.001917,0.018417,0.099708,0.339291,0.462709,5500.462709
poia_webauthn,PoIA with WebAuthn,10,658,0.002375,0.022042,0.087,0.125375,0.239333,5500.239333
poia_webauthn,PoIA with WebAuthn,10,659,0.002209,0.021875,0.067833,0.306167,0.401125,5500.401125
poia_webauthn,PoIA with WebAuthn,10,660,0.002542,0.033833,0.072166,0.310542,0.422333,5500.422333
poia_webauthn,PoIA with WebAuthn,10,661,0.005667,0.053125,0.360375,0.361292,0.787584,5500.787584
poia_webauthn,PoIA with WebAuthn,10,662,0.002541,0.025542,0.734875,0.801875,1.569333,5501.569333
poia_webauthn,PoIA with WebAuthn,10,663,0.002542,0.022208,0.130542,0.165083,0.32375,5500.32375
poia_webauthn,PoIA with WebAuthn,10,664,0.005084,0.044083,1.0015,0.344708,1.402042,5501.402042
poia_webauthn,PoIA with WebAuthn,10,665,0.00275,0.031208,0.823708,0.698417,1.5615,5501.5615
poia_webauthn,PoIA with WebAuthn,10,666,0.002541,0.025041,0.319167,0.337375,0.688209,5500.688209
poia_webauthn,PoIA with WebAuthn,10,667,0.002833,0.022583,0.087042,0.315042,0.43075,5500.43075
poia_webauthn,PoIA with WebAuthn,10,668,0.002333,0.022209,0.438333,0.266708,0.733083,5500.733083
poia_webauthn,PoIA with WebAuthn,10,669,0.002333,0.021541,0.066959,0.307458,0.401208,5500.401208
poia_webauthn,PoIA with WebAuthn,10,670,0.002333,0.022625,1.038417,0.244166,1.311167,5501.311167
poia_webauthn,PoIA with WebAuthn,10,671,0.005458,0.045167,1.016,0.24925,1.32025,5501.32025
poia_webauthn,PoIA with WebAuthn,10,672,0.002417,0.021916,0.071042,0.118917,0.216917,5500.216917
poia_webauthn,PoIA with WebAuthn,10,673,0.004875,0.092083,1.073208,0.884208,2.062041,5502.062041
poia_webauthn,PoIA with WebAuthn,10,674,0.003209,0.029583,0.262666,0.706666,1.007125,5501.007125
poia_webauthn,PoIA with WebAuthn,10,675,0.009292,0.179,1.36925,0.437042,2.002833,5502.002833
poia_webauthn,PoIA with WebAuthn,10,676,0.002833,0.031542,0.254375,0.387916,0.680875,5500.680875
poia_webauthn,PoIA with WebAuthn,10,677,0.002375,0.023291,0.599834,0.326625,0.955834,5500.955834
poia_webauthn,PoIA with WebAuthn,10,678,0.002459,0.022666,0.100125,0.329375,0.458333,5500.458333
poia_webauthn,PoIA with WebAuthn,10,679,0.002375,0.021959,0.072208,0.3075,0.406958,5500.406958
poia_webauthn,PoIA with WebAuthn,10,680,0.002916,0.024084,0.254375,0.335417,0.620375,5500.620375
poia_webauthn,PoIA with WebAuthn,10,681,0.006834,0.067708,1.668459,0.468916,2.216792,5502.216792
poia_webauthn,PoIA with WebAuthn,10,682,0.008,0.082875,0.298833,0.495875,0.893625,5500.893625
poia_webauthn,PoIA with WebAuthn,10,683,0.0025,0.021542,0.214417,0.172125,0.41425,5500.41425
poia_webauthn,PoIA with WebAuthn,10,684,0.003291,0.031792,0.220708,0.371083,0.631209,5500.631209
poia_webauthn,PoIA with WebAuthn,10,685,0.045458,0.10175,2.6785,0.272709,3.106292,5503.106292
poia_webauthn,PoIA with WebAuthn,10,686,0.002542,0.022458,0.183375,0.492916,0.704792,5500.704792
poia_webauthn,PoIA with WebAuthn,10,687,0.004709,0.069,0.932625,0.833208,1.846084,5501.846084
poia_webauthn,PoIA with WebAuthn,10,688,0.002542,0.022292,0.068041,0.188292,0.284209,5500.284209
poia_webauthn,PoIA with WebAuthn,10,689,0.002417,0.022708,0.10125,0.232917,0.362792,5500.362792
poia_webauthn,PoIA with WebAuthn,10,690,0.002542,0.023083,0.274458,0.397958,0.701125,5500.701125
poia_webauthn,PoIA with WebAuthn,10,691,0.009167,0.098375,0.653541,0.785917,1.554292,5501.554292
poia_webauthn,PoIA with WebAuthn,10,692,0.008292,0.061583,1.147666,0.670083,1.894833,5501.894833
poia_webauthn,PoIA with WebAuthn,10,693,0.0025,0.022583,0.366208,0.345959,0.74075,5500.74075
poia_webauthn,PoIA with WebAuthn,10,694,0.003375,0.041417,0.121,0.3295,0.499792,5500.499792
poia_webauthn,PoIA with WebAuthn,10,695,0.0025,0.022917,0.383167,0.131042,0.542625,5500.542625
poia_webauthn,PoIA with WebAuthn,10,696,0.002708,0.026292,1.143542,0.429542,1.616709,5501.616709
poia_webauthn,PoIA with WebAuthn,10,697,0.002458,0.022125,0.340625,0.482459,0.851292,5500.851292
poia_webauthn,PoIA with WebAuthn,10,698,0.0025,0.025208,0.077708,0.412167,0.521291,5500.521291
poia_webauthn,PoIA with WebAuthn,10,699,0.002333,0.034958,0.186916,0.3555,0.583416,5500.583416
poia_webauthn,PoIA with WebAuthn,10,700,0.005125,0.055458,0.18875,0.300875,0.556625,5500.556625
poia_webauthn,PoIA with WebAuthn,10,701,0.00375,0.039875,0.109792,0.6945,0.852333,5500.852333
poia_webauthn,PoIA with WebAuthn,10,702,0.002333,0.02275,0.072334,0.204667,0.305083,5500.305083
poia_webauthn,PoIA with WebAuthn,10,703,0.002583,0.024667,0.08325,0.151208,0.264834,5500.264834
poia_webauthn,PoIA with WebAuthn,10,704,0.0025,0.022791,0.212125,0.240291,0.481375,5500.481375
poia_webauthn,PoIA with WebAuthn,10,705,0.002958,0.027459,0.205,0.368125,0.607458,5500.607458
poia_webauthn,PoIA with WebAuthn,10,706,0.002583,0.022834,0.187333,0.281125,0.497291,5500.497291
poia_webauthn,PoIA with WebAuthn,10,707,0.002291,0.022459,0.085375,0.121667,0.234416,5500.234416
poia_webauthn,PoIA with WebAuthn,10,708,0.002792,0.026209,0.2925,0.399458,0.724875,5500.724875
poia_webauthn,PoIA with WebAuthn,10,709,0.002833,0.023667,0.357041,0.277041,0.664375,5500.664375
poia_webauthn,PoIA with WebAuthn,10,710,0.002917,0.02625,0.9295,0.286208,1.248708,5501.248708
poia_webauthn,PoIA with WebAuthn,10,711,0.00425,0.04325,0.692125,1.252792,1.996834,5501.996834
poia_webauthn,PoIA with WebAuthn,10,712,0.002291,0.022667,0.196333,0.166666,0.391541,5500.391541
poia_webauthn,PoIA with WebAuthn,10,713,0.002625,0.028458,0.079167,0.435375,0.549042,5500.549042
poia_webauthn,PoIA with WebAuthn,10,714,0.002375,0.022292,0.067125,0.120583,0.214917,5500.214917
poia_webauthn,PoIA with WebAuthn,10,715,0.002333,0.022083,0.071875,0.266792,0.366125,5500.366125
poia_webauthn,PoIA with WebAuthn,10,716,0.00975,0.048875,0.551041,0.292792,0.909292,5500.909292
poia_webauthn,PoIA with WebAuthn,10,717,0.002458,0.024083,0.62575,0.259333,0.915125,5500.915125
poia_webauthn,PoIA with WebAuthn,10,718,0.003208,0.066,0.469208,0.458,1.001291,5501.001291
poia_webauthn,PoIA with WebAuthn,10,719,0.002375,0.027208,0.264459,0.323708,0.621209,5500.621209
poia_webauthn,PoIA with WebAuthn,10,720,0.002584,0.022917,0.219541,0.372125,0.62075,5500.62075
poia_webauthn,PoIA with WebAuthn,10,721,0.002375,0.021916,0.0675,0.119959,0.214333,5500.214333
poia_webauthn,PoIA with WebAuthn,10,722,0.005875,0.055084,0.1355,1.911583,2.114375,5502.114375
poia_webauthn,PoIA with WebAuthn,10,723,0.00675,0.058834,0.16375,0.715167,0.950958,5500.950958
poia_webauthn,PoIA with WebAuthn,10,724,0.002375,0.021792,0.070875,0.291208,0.389,5500.389
poia_webauthn,PoIA with WebAuthn,10,725,0.004,0.038541,0.381917,0.430875,0.861583,5500.861583
poia_webauthn,PoIA with WebAuthn,10,726,0.00225,0.021959,0.675333,0.341458,1.044625,5501.044625
poia_webauthn,PoIA with WebAuthn,10,727,0.002667,0.02625,0.30575,0.164583,0.503125,5500.503125
poia_webauthn,PoIA with WebAuthn,10,728,0.002292,0.022167,0.224875,0.352167,0.604959,5500.604959
poia_webauthn,PoIA with WebAuthn,10,729,0.003041,0.025791,0.280458,0.623667,0.936917,5500.936917
poia_webauthn,PoIA with WebAuthn,10,730,0.002375,0.021708,0.066834,0.145208,0.239042,5500.239042
poia_webauthn,PoIA with WebAuthn,10,731,0.002458,0.021875,0.066833,0.267084,0.361291,5500.361291
poia_webauthn,PoIA with WebAuthn,10,732,0.003167,0.028375,0.281458,0.524875,0.842208,5500.842208
poia_webauthn,PoIA with WebAuthn,10,733,0.002333,0.021958,0.070416,0.3065,0.404166,5500.404166
poia_webauthn,PoIA with WebAuthn,10,734,0.009334,0.602208,0.206542,0.345333,1.173625,5501.173625
poia_webauthn,PoIA with WebAuthn,10,735,0.002333,0.02175,0.831292,0.313584,1.1725,5501.1725
poia_webauthn,PoIA with WebAuthn,10,736,0.004125,0.089125,0.23325,0.270083,0.602958,5500.602958
poia_webauthn,PoIA with WebAuthn,10,737,0.007292,0.057084,0.550833,0.629375,1.251375,5501.251375
poia_webauthn,PoIA with WebAuthn,10,738,0.00225,0.032833,0.21775,0.317833,0.574167,5500.574167
poia_webauthn,PoIA with WebAuthn,10,739,0.002292,0.021541,0.070958,0.146625,0.2445,5500.2445
poia_webauthn,PoIA with WebAuthn,10,740,0.005625,0.060042,0.405333,0.343667,0.819458,5500.819458
poia_webauthn,PoIA with WebAuthn,10,741,0.00225,0.021917,0.5615,0.313917,0.902958,5500.902958
poia_webauthn,PoIA with WebAuthn,10,742,0.002334,0.021541,0.258166,0.282667,0.568292,5500.568292
poia_webauthn,PoIA with WebAuthn,10,743,0.006834,0.063417,0.559167,0.7965,1.431708,5501.431708
poia_webauthn,PoIA with WebAuthn,10,744,0.002583,0.023666,0.214375,0.166959,0.411334,5500.411334
poia_webauthn,PoIA with WebAuthn,10,745,0.002958,0.131833,1.037916,0.555833,1.733208,5501.733208
poia_webauthn,PoIA with WebAuthn,10,746,0.006583,0.055292,0.172875,0.6915,0.933209,5500.933209
poia_webauthn,PoIA with WebAuthn,10,747,0.002291,0.02125,0.152875,0.519875,0.699625,5500.699625
poia_webauthn,PoIA with WebAuthn,10,748,0.003542,0.03025,0.358583,0.350375,0.7465,5500.7465
poia_webauthn,PoIA with WebAuthn,10,749,0.002334,0.021667,0.070042,0.1195,0.216,5500.216
poia_webauthn,PoIA with WebAuthn,10,750,0.003083,0.034292,0.481375,0.180709,0.703334,5500.703334
poia_webauthn,PoIA with WebAuthn,10,751,0.002375,0.022,0.067375,0.262,0.356834,5500.356834
poia_webauthn,PoIA with WebAuthn,10,752,0.002792,0.027542,0.079208,0.13825,0.250625,5500.250625
poia_webauthn,PoIA with WebAuthn,10,753,0.002291,0.0225,0.066625,0.30675,0.40125,5500.40125
poia_webauthn,PoIA with WebAuthn,10,754,0.0075,0.062167,0.818083,0.856084,1.751667,5501.751667
poia_webauthn,PoIA with WebAuthn,10,755,0.008375,0.139083,0.187084,0.470833,0.810791,5500.810791
poia_webauthn,PoIA with WebAuthn,10,756,0.0025,0.022708,0.687041,0.162375,0.877792,5500.877792
poia_webauthn,PoIA with WebAuthn,10,757,0.002667,0.021833,0.2175,0.319041,0.564541,5500.564541
poia_webauthn,PoIA with WebAuthn,10,758,0.00275,0.025666,0.787,0.960875,1.782375,5501.782375
poia_webauthn,PoIA with WebAuthn,10,759,0.00275,0.023417,0.201875,0.315417,0.547042,5500.547042
poia_webauthn,PoIA with WebAuthn,10,760,0.002167,0.0225,0.070625,0.203542,0.301958,5500.301958
poia_webauthn,PoIA with WebAuthn,10,761,0.002292,0.022,0.070625,0.357,0.455166,5500.455166
poia_webauthn,PoIA with WebAuthn,10,762,0.006791,0.050458,0.533834,0.598333,1.19625,5501.19625
poia_webauthn,PoIA with WebAuthn,10,763,0.008708,0.079958,0.187667,1.103375,1.411375,5501.411375
poia_webauthn,PoIA with WebAuthn,10,764,0.00225,0.021834,0.071333,0.328292,0.42675,5500.42675
poia_webauthn,PoIA with WebAuthn,10,765,0.002708,0.025292,0.14575,1.5555,1.733416,5501.733416
poia_webauthn,PoIA with WebAuthn,10,766,0.011,0.116875,0.672709,1.325083,2.134416,5502.134416
poia_webauthn,PoIA with WebAuthn,10,767,0.009625,0.096334,0.606875,0.744875,1.467084,5501.467084
poia_webauthn,PoIA with WebAuthn,10,768,0.002667,0.0225,0.640375,0.233792,0.915583,5500.915583
poia_webauthn,PoIA with WebAuthn,10,769,0.002667,0.025708,0.136125,0.371917,0.540416,5500.540416
poia_webauthn,PoIA with WebAuthn,10,770,0.002292,0.022375,0.068417,0.142916,0.238708,5500.238708
poia_webauthn,PoIA with WebAuthn,10,771,0.00275,0.025125,0.869458,0.302625,1.203958,5501.203958
poia_webauthn,PoIA with WebAuthn,10,772,0.00225,0.022542,0.423084,0.322417,0.773916,5500.773916
poia_webauthn,PoIA with WebAuthn,10,773,0.002167,0.022125,0.2175,0.532792,0.778208,5500.778208
poia_webauthn,PoIA with WebAuthn,10,774,0.00225,0.021958,0.185542,0.313875,0.527291,5500.527291
poia_webauthn,PoIA with WebAuthn,10,775,0.008625,0.071708,0.643125,0.805666,1.537417,5501.537417
poia_webauthn,PoIA with WebAuthn,10,776,0.005583,0.047458,3.688375,0.277041,4.023416,5504.023416
poia_webauthn,PoIA with WebAuthn,10,777,0.002208,0.024458,0.16075,0.225542,0.416583,5500.416583
poia_webauthn,PoIA with WebAuthn,10,778,0.005208,0.044083,0.126,0.77875,0.960125,5500.960125
poia_webauthn,PoIA with WebAuthn,10,779,0.002292,0.022458,0.258791,0.131417,0.417875,5500.417875
poia_webauthn,PoIA with WebAuthn,10,780,0.005708,0.052458,0.641333,0.640208,1.345333,5501.345333
poia_webauthn,PoIA with WebAuthn,10,781,0.002625,0.023167,0.216792,0.157542,0.403208,5500.403208
poia_webauthn,PoIA with WebAuthn,10,782,0.00275,0.026042,0.210083,0.394291,0.637208,5500.637208
poia_webauthn,PoIA with WebAuthn,10,783,0.002208,0.02175,0.170875,0.331541,0.530083,5500.530083
poia_webauthn,PoIA with WebAuthn,10,784,0.002916,0.025125,0.285334,0.427208,0.744834,5500.744834
poia_webauthn,PoIA with WebAuthn,10,785,0.002375,0.022709,0.074208,0.141417,0.243417,5500.243417
poia_webauthn,PoIA with WebAuthn,10,786,0.005584,0.046334,0.608583,0.822,1.488875,5501.488875
poia_webauthn,PoIA with WebAuthn,10,787,0.00225,0.021958,0.067042,0.120041,0.213958,5500.213958
poia_webauthn,PoIA with WebAuthn,10,788,0.00275,0.025041,0.082125,0.316041,0.429292,5500.429292
poia_webauthn,PoIA with WebAuthn,10,789,0.002292,0.021917,0.080166,0.252959,0.360459,5500.360459
poia_webauthn,PoIA with WebAuthn,10,790,0.0025,0.022083,0.559666,0.1635,0.751291,5500.751291
poia_webauthn,PoIA with WebAuthn,10,791,0.002375,0.021625,0.071625,0.304125,0.402917,5500.402917
poia_webauthn,PoIA with WebAuthn,10,792,0.002667,0.030333,0.077791,0.408667,0.523333,5500.523333
poia_webauthn,PoIA with WebAuthn,10,793,0.002375,0.021875,0.378666,0.330084,0.736583,5500.736583
poia_webauthn,PoIA with WebAuthn,10,794,0.003208,0.027625,0.805042,0.288916,1.128708,5501.128708
poia_webauthn,PoIA with WebAuthn,10,795,0.0025,0.022042,0.185125,0.145958,0.358833,5500.358833
poia_webauthn,PoIA with WebAuthn,10,796,0.007041,0.064333,0.69875,0.648375,1.424875,5501.424875
poia_webauthn,PoIA with WebAuthn,10,797,0.00225,0.022292,0.072792,0.189625,0.290333,5500.290333
poia_webauthn,PoIA with WebAuthn,10,798,0.009584,0.078916,0.706417,0.729792,1.531708,5501.531708
poia_webauthn,PoIA with WebAuthn,10,799,0.002459,0.022542,0.097875,0.277625,0.404125,5500.404125
poia_webauthn,PoIA with WebAuthn,10,800,0.002625,0.025291,0.083125,0.380208,0.49475,5500.49475
poia_webauthn,PoIA with WebAuthn,10,801,0.002542,0.022959,0.31425,0.235917,0.579291,5500.579291
poia_webauthn,PoIA with WebAuthn,10,802,0.004666,0.042042,0.810042,0.781041,1.642583,5501.642583
poia_webauthn,PoIA with WebAuthn,10,803,0.002291,0.021959,0.078458,0.121791,0.227167,5500.227167
poia_webauthn,PoIA with WebAuthn,10,804,0.002666,0.024667,0.311875,0.386583,0.729917,5500.729917
poia_webauthn,PoIA with WebAuthn,10,805,0.002333,0.022458,0.287833,0.273625,0.589916,5500.589916
poia_webauthn,PoIA with WebAuthn,10,806,0.004625,0.041042,0.11175,2.176084,2.337875,5502.337875
poia_webauthn,PoIA with WebAuthn,10,807,0.002375,0.021875,0.246542,0.131,0.40475,5500.40475
poia_webauthn,PoIA with WebAuthn,10,808,0.002792,0.026375,0.491792,0.400958,0.925958,5500.925958
poia_webauthn,PoIA with WebAuthn,10,809,0.010958,0.089667,0.61925,0.860375,1.588667,5501.588667
poia_webauthn,PoIA with WebAuthn,10,810,0.002542,0.023458,0.184292,0.310959,0.534916,5500.534916
poia_webauthn,PoIA with WebAuthn,10,811,0.002458,0.022,0.219916,0.303333,0.551291,5500.551291
poia_webauthn,PoIA with WebAuthn,10,812,0.002709,0.02625,0.372875,0.312583,0.718333,5500.718333
poia_webauthn,PoIA with WebAuthn,10,813,0.002291,0.022125,0.258292,0.230375,0.516709,5500.516709
poia_webauthn,PoIA with WebAuthn,10,814,0.003083,0.030833,0.734458,0.455,1.227542,5501.227542
poia_webauthn,PoIA with WebAuthn,10,815,0.002334,0.022375,0.256,0.267083,0.551459,5500.551459
poia_webauthn,PoIA with WebAuthn,10,816,0.002333,0.022916,0.289875,0.265333,0.584,5500.584
poia_webauthn,PoIA with WebAuthn,10,817,0.00475,0.084666,0.159333,0.497166,0.750375,5500.750375
poia_webauthn,PoIA with WebAuthn,10,818,0.0025,0.0225,0.301958,0.265708,0.596459,5500.596459
poia_webauthn,PoIA with WebAuthn,10,819,0.006334,0.065166,0.495916,1.084167,1.659375,5501.659375
poia_webauthn,PoIA with WebAuthn,10,820,0.004583,0.050833,0.37825,7.666209,8.105375,5508.105375
poia_webauthn,PoIA with WebAuthn,10,821,0.002375,0.02175,0.267584,0.309958,0.60525,5500.60525
poia_webauthn,PoIA with WebAuthn,10,822,0.002958,0.026667,0.307,0.303834,0.644417,5500.644417
poia_webauthn,PoIA with WebAuthn,10,823,0.002084,0.018125,0.249667,0.420084,0.693208,5500.693208
poia_webauthn,PoIA with WebAuthn,10,824,0.002958,0.063417,0.233959,0.661416,0.970042,5500.970042
poia_webauthn,PoIA with WebAuthn,10,825,0.003833,0.043208,0.346541,0.542416,0.940625,5500.940625
poia_webauthn,PoIA with WebAuthn,10,826,0.002167,0.021875,0.165416,0.442125,0.635208,5500.635208
poia_webauthn,PoIA with WebAuthn,10,827,0.002333,0.03325,0.217542,0.138625,0.394959,5500.394959
poia_webauthn,PoIA with WebAuthn,10,828,0.004166,0.095959,0.447792,0.966708,1.519791,5501.519791
poia_webauthn,PoIA with WebAuthn,10,829,0.002917,0.026375,0.0965,0.158667,0.287458,5500.287458
poia_webauthn,PoIA with WebAuthn,10,830,0.002334,0.021792,0.268292,0.320625,0.616625,5500.616625
poia_webauthn,PoIA with WebAuthn,10,831,0.002917,0.025167,0.223291,0.372,0.627541,5500.627541
poia_webauthn,PoIA with WebAuthn,10,832,0.002417,0.022042,0.364125,0.130666,0.522542,5500.522542
poia_webauthn,PoIA with WebAuthn,10,833,0.002833,0.027875,0.261333,1.128,1.424541,5501.424541
poia_webauthn,PoIA with WebAuthn,10,834,0.002542,0.022708,0.187583,0.164375,0.380958,5500.380958
poia_webauthn,PoIA with WebAuthn,10,835,0.002333,0.022333,0.220292,0.239,0.487625,5500.487625
poia_webauthn,PoIA with WebAuthn,10,836,0.002834,0.025875,0.344084,0.349709,0.726583,5500.726583
poia_webauthn,PoIA with WebAuthn,10,837,0.002375,0.0235,0.188958,0.131083,0.348958,5500.348958
poia_webauthn,PoIA with WebAuthn,10,838,0.00475,0.052708,0.120041,0.896125,1.078125,5501.078125
poia_webauthn,PoIA with WebAuthn,10,839,0.003708,0.036042,0.666209,0.576166,1.286625,5501.286625
poia_webauthn,PoIA with WebAuthn,10,840,0.002417,0.022416,0.070208,0.128208,0.22575,5500.22575
poia_webauthn,PoIA with WebAuthn,10,841,0.007416,0.074834,0.247542,1.360667,1.696625,5501.696625
poia_webauthn,PoIA with WebAuthn,10,842,0.002625,0.026541,0.84525,0.437625,1.316125,5501.316125
poia_webauthn,PoIA with WebAuthn,10,843,0.002333,0.02175,0.576625,0.198833,0.803125,5500.803125
poia_webauthn,PoIA with WebAuthn,10,844,0.006959,0.050208,0.1745,1.015708,1.256792,5501.256792
poia_webauthn,PoIA with WebAuthn,10,845,0.002291,0.021875,0.218916,0.323958,0.570584,5500.570584
poia_webauthn,PoIA with WebAuthn,10,846,0.002375,0.021833,0.423542,0.31625,0.767666,5500.767666
poia_webauthn,PoIA with WebAuthn,10,847,0.002958,0.026541,0.099625,0.345042,0.477625,5500.477625
poia_webauthn,PoIA with WebAuthn,10,848,0.002417,0.021666,0.066709,0.151583,0.245542,5500.245542
poia_webauthn,PoIA with WebAuthn,10,849,0.003166,0.025417,0.099,0.366958,0.498209,5500.498209
poia_webauthn,PoIA with WebAuthn,10,850,0.002667,0.025125,0.298833,0.283583,0.614208,5500.614208
poia_webauthn,PoIA with WebAuthn,10,851,0.002583,0.030625,6.376166,0.142875,6.555625,5506.555625
poia_webauthn,PoIA with WebAuthn,10,852,0.002417,0.025709,1.072333,0.248916,1.352959,5501.352959
poia_webauthn,PoIA with WebAuthn,10,853,0.003041,0.026167,0.649417,0.153917,0.836167,5500.836167
poia_webauthn,PoIA with WebAuthn,10,854,0.003208,0.029667,0.241333,0.221792,0.5,5500.5
poia_webauthn,PoIA with WebAuthn,10,855,0.002625,0.025875,0.295708,0.344125,0.672416,5500.672416
poia_webauthn,PoIA with WebAuthn,10,856,0.0025,0.023042,0.077791,0.279375,0.385875,5500.385875
poia_webauthn,PoIA with WebAuthn,10,857,0.002375,0.022083,0.263625,0.322542,0.614208,5500.614208
poia_webauthn,PoIA with WebAuthn,10,858,0.0035,0.045667,0.430042,0.473917,0.957208,5500.957208
poia_webauthn,PoIA with WebAuthn,10,859,0.010458,0.208542,0.879791,0.932542,2.040208,5502.040208
poia_webauthn,PoIA with WebAuthn,10,860,0.002666,0.025625,0.404542,0.150583,0.586792,5500.586792
poia_webauthn,PoIA with WebAuthn,10,861,0.002541,0.023791,0.257667,0.366,0.653792,5500.653792
poia_webauthn,PoIA with WebAuthn,10,862,0.003292,0.027167,0.563167,0.189875,0.787333,5500.787333
poia_webauthn,PoIA with WebAuthn,10,863,0.0025,0.02325,0.323125,0.151833,0.50375,5500.50375
poia_webauthn,PoIA with WebAuthn,10,864,0.002875,0.026875,0.217,0.187917,0.43875,5500.43875
poia_webauthn,PoIA with WebAuthn,10,865,0.002375,0.022167,0.462875,0.326833,0.817708,5500.817708
poia_webauthn,PoIA with WebAuthn,10,866,0.002291,0.023167,0.549458,0.234708,0.813125,5500.813125
poia_webauthn,PoIA with WebAuthn,10,867,0.006791,0.10125,0.185833,0.51775,0.816959,5500.816959
poia_webauthn,PoIA with WebAuthn,10,868,0.003375,0.024875,0.249041,0.472583,0.754167,5500.754167
poia_webauthn,PoIA with WebAuthn,10,869,0.002625,0.025541,0.094333,0.220917,0.346958,5500.346958
poia_webauthn,PoIA with WebAuthn,10,870,0.002375,0.02575,0.190209,0.134834,0.356208,5500.356208
poia_webauthn,PoIA with WebAuthn,10,871,0.003083,0.026416,0.096667,0.373791,0.503917,5500.503917
poia_webauthn,PoIA with WebAuthn,10,872,0.002417,0.025083,0.149833,0.351333,0.532583,5500.532583
poia_webauthn,PoIA with WebAuthn,10,873,0.004,0.042,0.543416,0.601458,1.195542,5501.195542
poia_webauthn,PoIA with WebAuthn,10,874,0.00225,0.02775,0.07425,0.548625,0.656167,5500.656167
poia_webauthn,PoIA with WebAuthn,10,875,0.002625,0.02225,0.260292,0.144042,0.432417,5500.432417
poia_webauthn,PoIA with WebAuthn,10,876,0.003042,0.030291,0.595667,0.284209,0.917125,5500.917125
poia_webauthn,PoIA with WebAuthn,10,877,0.002792,0.023541,0.072041,0.148667,0.249792,5500.249792
poia_webauthn,PoIA with WebAuthn,10,878,0.002667,0.02325,0.187667,0.338792,0.556208,5500.556208
poia_webauthn,PoIA with WebAuthn,10,879,0.0015,0.018334,0.348375,0.443833,0.814875,5500.814875
poia_webauthn,PoIA with WebAuthn,10,880,0.003917,0.04175,0.122334,0.806959,0.995625,5500.995625
poia_webauthn,PoIA with WebAuthn,10,881,0.002417,0.023042,0.084416,0.12075,0.233208,5500.233208
poia_webauthn,PoIA with WebAuthn,10,882,0.003041,0.034917,0.661375,0.146,0.848209,5500.848209
poia_webauthn,PoIA with WebAuthn,10,883,0.004125,0.046917,0.685583,0.724583,1.468917,5501.468917
poia_webauthn,PoIA with WebAuthn,10,884,0.025708,0.073125,0.353625,0.496791,0.955875,5500.955875
poia_webauthn,PoIA with WebAuthn,10,885,0.005625,0.053042,0.171125,0.340292,0.575958,5500.575958
poia_webauthn,PoIA with WebAuthn,10,886,0.0025,0.024958,0.085292,1.124833,1.241625,5501.241625
poia_webauthn,PoIA with WebAuthn,10,887,0.002875,0.033916,0.499334,0.177667,0.717125,5500.717125
poia_webauthn,PoIA with WebAuthn,10,888,0.002375,0.023625,0.308792,0.28075,0.619042,5500.619042
poia_webauthn,PoIA with WebAuthn,10,889,0.008708,0.129959,0.178458,0.497917,0.820542,5500.820542
poia_webauthn,PoIA with WebAuthn,10,890,0.0055,0.05225,0.910708,0.950625,1.929334,5501.929334
poia_webauthn,PoIA with WebAuthn,10,891,0.002375,0.022542,0.158458,0.164666,0.351583,5500.351583
poia_webauthn,PoIA with WebAuthn,10,892,0.002959,0.041667,0.3385,0.413125,0.800291,5500.800291
poia_webauthn,PoIA with WebAuthn,10,893,0.079292,0.067334,0.42425,0.627125,1.271709,5501.271709
poia_webauthn,PoIA with WebAuthn,10,894,0.002833,0.02725,0.091834,0.263333,0.3885,5500.3885
poia_webauthn,PoIA with WebAuthn,10,895,0.0025,0.024333,0.152084,0.147833,0.329667,5500.329667
poia_webauthn,PoIA with WebAuthn,10,896,0.006834,0.079375,0.732166,1.058125,1.884833,5501.884833
poia_webauthn,PoIA with WebAuthn,10,897,0.005334,0.049292,0.132,0.514916,0.706084,5500.706084
poia_webauthn,PoIA with WebAuthn,10,898,0.003,0.027458,0.449625,0.361584,0.846125,5500.846125
poia_webauthn,PoIA with WebAuthn,10,899,0.002333,0.06275,0.11225,0.15475,0.336125,5500.336125
poia_webauthn,PoIA with WebAuthn,10,900,0.00425,0.045417,0.115625,0.853208,1.022625,5501.022625
poia_webauthn,PoIA with WebAuthn,10,901,0.002459,0.024083,0.359541,0.319416,0.708959,5500.708959
poia_webauthn,PoIA with WebAuthn,10,902,0.003625,0.035708,0.127,0.151417,0.321292,5500.321292
poia_webauthn,PoIA with WebAuthn,10,903,0.0055,0.052333,0.483584,0.315458,0.863708,5500.863708
poia_webauthn,PoIA with WebAuthn,10,904,0.002416,0.0225,0.070083,0.185208,0.283,5500.283
poia_webauthn,PoIA with WebAuthn,10,905,0.0035,0.041042,0.1095,0.487833,0.645917,5500.645917
poia_webauthn,PoIA with WebAuthn,10,906,0.002708,0.026083,0.094958,0.221667,0.348958,5500.348958
poia_webauthn,PoIA with WebAuthn,10,907,0.002084,0.02,5.807458,0.481208,6.313958,5506.313958
poia_webauthn,PoIA with WebAuthn,10,908,0.005334,0.052,0.134834,0.605834,0.802375,5500.802375
poia_webauthn,PoIA with WebAuthn,10,909,0.003875,0.027042,0.405584,0.485875,0.9265,5500.9265
poia_webauthn,PoIA with WebAuthn,10,910,0.002291,0.02225,0.547333,0.216166,0.791666,5500.791666
poia_webauthn,PoIA with WebAuthn,10,911,0.004667,0.043834,0.339833,0.981583,1.37575,5501.37575
poia_webauthn,PoIA with WebAuthn,10,912,0.002375,0.022583,0.065917,0.185708,0.306959,5500.306959
poia_webauthn,PoIA with WebAuthn,10,913,0.002958,0.025834,0.332583,0.414375,0.779792,5500.779792
poia_webauthn,PoIA with WebAuthn,10,914,0.002417,0.022833,0.266084,0.38775,0.682792,5500.682792
poia_webauthn,PoIA with WebAuthn,10,915,0.002792,0.027333,0.217584,0.699167,0.95075,5500.95075
poia_webauthn,PoIA with WebAuthn,10,916,0.005667,0.053375,0.168375,0.329875,0.563375,5500.563375
poia_webauthn,PoIA with WebAuthn,10,917,0.002666,0.0705,0.330625,0.331041,0.739625,5500.739625
poia_webauthn,PoIA with WebAuthn,10,918,0.002334,0.022834,0.181791,0.329459,0.539959,5500.539959
poia_webauthn,PoIA with WebAuthn,10,919,0.004417,0.022292,0.721,0.135208,0.886083,5500.886083
poia_webauthn,PoIA with WebAuthn,10,920,0.003625,0.042208,0.659875,0.628666,1.342042,5501.342042
poia_webauthn,PoIA with WebAuthn,10,921,0.002542,0.026334,0.558959,0.5655,1.161417,5501.161417
poia_webauthn,PoIA with WebAuthn,10,922,0.002916,0.1255,0.309083,0.429333,0.870917,5500.870917
poia_webauthn,PoIA with WebAuthn,10,923,0.002041,0.02075,6.403958,0.13625,6.564833,5506.564833
poia_webauthn,PoIA with WebAuthn,10,924,0.0045,0.0435,0.428625,0.307625,0.793209,5500.793209
poia_webauthn,PoIA with WebAuthn,10,925,0.002292,0.022458,0.136334,0.254375,0.418875,5500.418875
poia_webauthn,PoIA with WebAuthn,10,926,0.004417,0.044459,1.074917,0.29475,1.423583,5501.423583
poia_webauthn,PoIA with WebAuthn,10,927,0.002458,0.023042,0.281292,0.668417,0.978833,5500.978833
poia_webauthn,PoIA with WebAuthn,10,928,0.002292,0.021958,0.081,0.193625,0.302083,5500.302083
poia_webauthn,PoIA with WebAuthn,10,929,0.009875,0.09675,2.433792,0.95925,3.512959,5503.512959
poia_webauthn,PoIA with WebAuthn,10,930,0.002292,0.022584,0.260041,0.133542,0.421417,5500.421417
poia_webauthn,PoIA with WebAuthn,10,931,0.002042,0.02275,0.351042,0.147917,0.526542,5500.526542
poia_webauthn,PoIA with WebAuthn,10,932,0.0025,0.023833,0.268334,0.578958,0.878166,5500.878166
poia_webauthn,PoIA with WebAuthn,10,933,0.00325,0.035459,0.337875,0.485875,0.867375,5500.867375
poia_webauthn,PoIA with WebAuthn,10,934,0.002708,0.023541,0.23025,0.132,0.391375,5500.391375
poia_webauthn,PoIA with WebAuthn,10,935,0.005875,0.054084,0.652125,0.987666,1.708208,5501.708208
poia_webauthn,PoIA with WebAuthn,10,936,0.004166,0.047916,0.126375,0.657833,0.842291,5500.842291
poia_webauthn,PoIA with WebAuthn,10,937,0.003083,0.027042,0.306083,0.315875,0.656084,5500.656084
poia_webauthn,PoIA with WebAuthn,10,938,0.002542,0.022792,0.349208,0.272417,0.650625,5500.650625
poia_webauthn,PoIA with WebAuthn,10,939,0.0025,0.022958,0.615417,0.490666,1.135208,5501.135208
poia_webauthn,PoIA with WebAuthn,10,940,0.00225,0.021333,0.272166,0.253292,0.552583,5500.552583
poia_webauthn,PoIA with WebAuthn,10,941,0.0045,0.041,0.772083,0.435875,1.26,5501.26
poia_webauthn,PoIA with WebAuthn,10,942,0.003083,0.02625,0.314833,0.377333,0.725417,5500.725417
poia_webauthn,PoIA with WebAuthn,10,943,0.004291,0.040125,0.65475,1.059959,1.765459,5501.765459
poia_webauthn,PoIA with WebAuthn,10,944,0.002625,0.02225,0.100375,0.145667,0.274166,5500.274166
poia_webauthn,PoIA with WebAuthn,10,945,0.0025,0.022125,0.305791,0.163625,0.497167,5500.497167
poia_webauthn,PoIA with WebAuthn,10,946,0.002292,0.072375,0.534875,0.132167,0.744833,5500.744833
poia_webauthn,PoIA with WebAuthn,10,947,0.002625,0.022958,0.096459,0.401625,0.527291,5500.527291
poia_webauthn,PoIA with WebAuthn,10,948,0.002375,0.02175,0.211416,0.341625,0.580791,5500.580791
poia_webauthn,PoIA with WebAuthn,10,949,0.002417,0.021958,0.074542,0.636875,0.739167,5500.739167
poia_webauthn,PoIA with WebAuthn,10,950,0.0025,0.022084,0.4015,0.142708,0.571833,5500.571833
poia_webauthn,PoIA with WebAuthn,10,951,0.0025,0.021875,0.181958,0.33075,0.540792,5500.540792
poia_webauthn,PoIA with WebAuthn,10,952,0.006833,0.062416,0.4265,0.306583,0.810042,5500.810042
poia_webauthn,PoIA with WebAuthn,10,953,0.003042,0.058458,0.572166,0.312958,0.951083,5500.951083
poia_webauthn,PoIA with WebAuthn,10,954,0.002958,0.030917,0.409125,7.073458,7.520667,5507.520667
poia_webauthn,PoIA with WebAuthn,10,955,0.002458,0.021541,0.140584,0.267625,0.43575,5500.43575
poia_webauthn,PoIA with WebAuthn,10,956,0.002958,0.027875,0.094667,0.359125,0.488375,5500.488375
poia_webauthn,PoIA with WebAuthn,10,957,0.002334,0.025208,5.722459,0.567542,6.320666,5506.320666
poia_webauthn,PoIA with WebAuthn,10,958,0.007375,0.068083,0.393875,0.816167,1.290542,5501.290542
poia_webauthn,PoIA with WebAuthn,10,959,0.002584,0.023208,0.191417,0.157958,0.3795,5500.3795
poia_webauthn,PoIA with WebAuthn,10,960,0.002292,0.0225,0.598333,0.282959,0.909791,5500.909791
poia_webauthn,PoIA with WebAuthn,10,961,0.002334,0.029041,0.772709,0.243709,1.051542,5501.051542
poia_webauthn,PoIA with WebAuthn,10,962,0.002625,0.022459,0.226416,0.132,0.386459,5500.386459
poia_webauthn,PoIA with WebAuthn,10,963,0.009792,0.097709,0.762,0.342792,1.218375,5501.218375
poia_webauthn,PoIA with WebAuthn,10,964,0.002459,0.023458,0.069542,0.385834,0.487292,5500.487292
poia_webauthn,PoIA with WebAuthn,10,965,0.002208,0.02625,0.2595,0.302167,0.593625,5500.593625
poia_webauthn,PoIA with WebAuthn,10,966,0.004416,0.06825,0.706208,0.974417,1.760125,5501.760125
poia_webauthn,PoIA with WebAuthn,10,967,0.00275,0.025125,0.342125,0.320375,0.694417,5500.694417
poia_webauthn,PoIA with WebAuthn,10,968,0.002542,0.022959,0.073208,0.194083,0.295834,5500.295834
poia_webauthn,PoIA with WebAuthn,10,969,0.003167,0.027833,0.293459,0.369208,0.697708,5500.697708
poia_webauthn,PoIA with WebAuthn,10,970,0.003875,0.042833,0.113083,0.444291,0.60825,5500.60825
poia_webauthn,PoIA with WebAuthn,10,971,0.0025,0.021541,0.069,0.306959,0.403041,5500.403041
poia_webauthn,PoIA with WebAuthn,10,972,0.00225,0.021459,0.067291,0.203875,0.298,5500.298
poia_webauthn,PoIA with WebAuthn,10,973,0.007416,0.0735,0.267625,0.350666,0.705375,5500.705375
poia_webauthn,PoIA with WebAuthn,10,974,0.002458,0.022375,0.640291,0.392667,1.062166,5501.062166
poia_webauthn,PoIA with WebAuthn,10,975,0.005958,0.057875,0.166208,0.617042,0.854292,5500.854292
poia_webauthn,PoIA with WebAuthn,10,976,0.002292,0.021666,0.610291,0.132042,0.769208,5500.769208
poia_webauthn,PoIA with WebAuthn,10,977,0.002584,0.038833,0.083875,0.877125,1.006375,5501.006375
poia_webauthn,PoIA with WebAuthn,10,978,0.002625,0.026042,0.248291,0.27625,0.556625,5500.556625
poia_webauthn,PoIA with WebAuthn,10,979,0.00225,0.021917,0.069833,0.350083,0.447,5500.447
poia_webauthn,PoIA with WebAuthn,10,980,0.00275,0.024,0.071125,0.207667,0.308791,5500.308791
poia_webauthn,PoIA with WebAuthn,10,981,0.00225,0.022167,0.066792,0.324584,0.419,5500.419
poia_webauthn,PoIA with WebAuthn,10,982,0.002291,0.021875,5.793125,0.178625,5.999584,5505.999584
poia_webauthn,PoIA with WebAuthn,10,983,0.003417,0.026833,0.080125,0.154459,0.267875,5500.267875
poia_webauthn,PoIA with WebAuthn,10,984,0.002709,0.025042,0.074083,0.312958,0.418,5500.418
poia_webauthn,PoIA with WebAuthn,10,985,0.024333,0.031459,6.328958,0.140959,6.529709,5506.529709
poia_webauthn,PoIA with WebAuthn,10,986,0.002375,0.022292,0.151708,0.158291,0.337542,5500.337542
poia_webauthn,PoIA with WebAuthn,10,987,0.0025,0.022458,0.070834,0.304875,0.403709,5500.403709
poia_webauthn,PoIA with WebAuthn,10,988,0.006833,0.053625,1.309,0.990458,2.366542,5502.366542
poia_webauthn,PoIA with WebAuthn,10,989,0.007958,0.056375,0.592625,0.819458,1.48375,5501.48375
poia_webauthn,PoIA with WebAuthn,10,990,0.003084,0.02825,0.082666,0.392875,0.510542,5500.510542
poia_webauthn,PoIA with WebAuthn,10,991,0.003125,0.024709,0.198083,0.353917,0.5835,5500.5835
poia_webauthn,PoIA with WebAuthn,10,992,0.002333,0.02225,0.74675,0.266041,1.041,5501.041
poia_webauthn,PoIA with WebAuthn,10,993,0.002584,0.029542,0.497667,0.872167,1.405292,5501.405292
poia_webauthn,PoIA with WebAuthn,10,994,0.004417,0.044583,1.087875,0.306292,1.448083,5501.448083
poia_webauthn,PoIA with WebAuthn,10,995,0.032833,0.04,0.44475,0.358,0.879542,5500.879542
poia_webauthn,PoIA with WebAuthn,10,996,0.002375,0.023375,0.192333,0.8755,1.098083,5501.098083
poia_webauthn,PoIA with WebAuthn,10,997,0.002458,0.023208,0.099,0.319083,0.447542,5500.447542
poia_webauthn,PoIA with WebAuthn,10,998,0.053875,0.045709,0.586125,0.255875,0.948583,5500.948583
poia_webauthn,PoIA with WebAuthn,10,999,0.002083,0.018875,0.168625,0.262042,0.454875,5500.454875
poia_webauthn,PoIA with WebAuthn,10,1000,0.002833,0.022583,0.254041,0.383125,0.666417,5500.666417
poia_webauthn,PoIA with WebAuthn,10,1001,0.002375,0.036083,0.359667,0.319291,0.721167,5500.721167
poia_webauthn,PoIA with WebAuthn,10,1002,0.005792,0.054375,0.836375,0.93475,1.840416,5501.840416
poia_webauthn,PoIA with WebAuthn,10,1003,0.002375,0.0235,0.229,0.716625,0.977208,5500.977208
poia_webauthn,PoIA with WebAuthn,10,1004,0.002209,0.022209,0.21475,0.311792,0.554583,5500.554583
poia_webauthn,PoIA with WebAuthn,10,1005,0.004333,0.040833,0.127042,0.4815,0.659042,5500.659042
poia_webauthn,PoIA with WebAuthn,10,1006,0.003125,0.026041,0.0805,0.141917,0.254708,5500.254708
poia_webauthn,PoIA with WebAuthn,10,1007,0.002375,0.022209,0.259791,0.143875,0.431209,5500.431209
poia_webauthn,PoIA with WebAuthn,10,1008,0.002917,0.028125,0.253375,0.397333,0.685708,5500.685708
poia_webauthn,PoIA with WebAuthn,10,1009,0.0025,0.029125,0.084917,0.147375,0.2665,5500.2665
poia_webauthn,PoIA with WebAuthn,10,1010,0.005333,0.052041,0.201417,1.091458,1.356417,5501.356417
poia_webauthn,PoIA with WebAuthn,10,1011,0.002667,0.0245,0.07425,0.486708,0.591333,5500.591333
poia_webauthn,PoIA with WebAuthn,10,1012,0.004125,0.041708,0.147833,0.240833,0.439667,5500.439667
poia_webauthn,PoIA with WebAuthn,10,1013,0.002333,0.022333,0.355292,0.132042,0.515083,5500.515083
poia_webauthn,PoIA with WebAuthn,10,1014,0.005542,0.042125,0.438084,0.458458,0.950416,5500.950416
poia_webauthn,PoIA with WebAuthn,10,1015,0.003125,0.036625,0.533042,0.550375,1.127083,5501.127083
poia_webauthn,PoIA with WebAuthn,10,1016,0.002584,0.059583,0.376542,0.340959,0.784,5500.784
poia_webauthn,PoIA with WebAuthn,10,1017,0.002583,0.022792,0.187667,0.164583,0.38125,5500.38125
poia_webauthn,PoIA with WebAuthn,10,1018,0.008333,0.071375,0.822167,1.097791,2.006917,5502.006917
poia_webauthn,PoIA with WebAuthn,10,1019,0.00325,0.090958,6.485958,0.144084,6.7305,5506.7305
poia_webauthn,PoIA with WebAuthn,10,1020,0.002625,0.023166,0.964542,0.1675,1.160916,5501.160916
poia_webauthn,PoIA with WebAuthn,10,1021,0.004375,0.042667,0.299625,0.319375,0.671917,5500.671917
poia_webauthn,PoIA with WebAuthn,10,1022,0.00275,0.032417,0.380625,0.881667,1.301833,5501.301833
poia_webauthn,PoIA with WebAuthn,10,1023,0.002375,0.035667,0.067709,0.187041,0.296084,5500.296084
poia_webauthn,PoIA with WebAuthn,10,1024,0.002917,0.028458,0.984709,6.841875,7.86175,5507.86175
poia_webauthn,PoIA with WebAuthn,10,1025,0.002666,0.024875,0.388667,0.45925,0.879375,5500.879375
poia_webauthn,PoIA with WebAuthn,10,1026,0.002875,0.039125,0.263209,1.127833,1.436583,5501.436583
poia_webauthn,PoIA with WebAuthn,10,1027,0.002291,0.022166,0.067792,0.319709,0.414833,5500.414833
poia_webauthn,PoIA with WebAuthn,10,1028,0.002417,0.022958,0.192833,0.491875,0.713709,5500.713709
poia_webauthn,PoIA with WebAuthn,10,1029,0.003042,0.0265,0.110125,0.141333,0.28425,5500.28425
poia_webauthn,PoIA with WebAuthn,10,1030,0.004708,0.043,0.737209,0.529542,1.321041,5501.321041
poia_webauthn,PoIA with WebAuthn,10,1031,0.00225,0.02175,0.066542,0.276291,0.369917,5500.369917
poia_webauthn,PoIA with WebAuthn,10,1032,0.002833,0.026083,0.310833,0.393125,0.737209,5500.737209
poia_webauthn,PoIA with WebAuthn,10,1033,0.01425,0.136,0.606625,0.371542,1.136167,5501.136167
poia_webauthn,PoIA with WebAuthn,10,1034,0.002375,0.021583,0.242667,0.136458,0.405959,5500.405959
poia_webauthn,PoIA with WebAuthn,10,1035,0.002583,0.022792,0.197,0.316416,0.54225,5500.54225
poia_webauthn,PoIA with WebAuthn,10,1036,0.002458,0.021959,0.069458,0.30725,0.404208,5500.404208
poia_webauthn,PoIA with WebAuthn,10,1037,0.004542,0.187542,0.48375,0.514,1.197583,5501.197583
poia_webauthn,PoIA with WebAuthn,10,1038,0.010708,0.089708,1.140291,0.46725,1.714667,5501.714667
poia_webauthn,PoIA with WebAuthn,10,1039,0.002208,0.022541,0.257125,0.20925,0.494875,5500.494875
poia_webauthn,PoIA with WebAuthn,10,1040,0.003375,0.02925,0.244208,0.139667,0.419875,5500.419875
poia_webauthn,PoIA with WebAuthn,10,1041,0.002291,0.022333,0.070791,0.310167,0.408625,5500.408625
poia_webauthn,PoIA with WebAuthn,10,1042,0.002416,0.025583,0.695292,0.540167,1.26725,5501.26725
poia_webauthn,PoIA with WebAuthn,10,1043,0.002958,0.027417,0.304583,0.394291,0.733625,5500.733625
poia_webauthn,PoIA with WebAuthn,10,1044,0.002458,0.023333,0.864875,0.244166,1.140458,5501.140458
poia_webauthn,PoIA with WebAuthn,10,1045,0.002458,0.03025,0.642167,7.055125,7.733459,5507.733459
poia_webauthn,PoIA with WebAuthn,10,1046,0.002791,0.026417,0.258875,0.291,0.582958,5500.582958
poia_webauthn,PoIA with WebAuthn,10,1047,0.003334,0.0305,0.862417,0.376708,1.27725,5501.27725
poia_webauthn,PoIA with WebAuthn,10,1048,0.002333,0.023375,0.257,0.277209,0.563667,5500.563667
poia_webauthn,PoIA with WebAuthn,10,1049,0.002125,0.02375,6.055625,0.382,6.465875,5506.465875
poia_webauthn,PoIA with WebAuthn,10,1050,0.004041,0.042875,0.133625,0.341291,0.526375,5500.526375
poia_webauthn,PoIA with WebAuthn,10,1051,0.002541,0.022584,0.148625,0.249042,0.426542,5500.426542
poia_webauthn,PoIA with WebAuthn,10,1052,0.002458,0.026625,0.262292,0.320791,0.615833,5500.615833
poia_webauthn,PoIA with WebAuthn,10,1053,0.004166,0.040334,0.730167,0.289958,1.070375,5501.070375
poia_webauthn,PoIA with WebAuthn,10,1054,0.002333,0.022125,0.346292,0.327042,0.701416,5500.701416
poia_webauthn,PoIA with WebAuthn,10,1055,0.003875,0.030875,0.491875,0.324291,0.855083,5500.855083
poia_webauthn,PoIA with WebAuthn,10,1056,0.008333,0.0695,0.224041,0.613167,0.920375,5500.920375
poia_webauthn,PoIA with WebAuthn,10,1057,0.002667,0.022709,0.229791,0.324625,0.5835,5500.5835
poia_webauthn,PoIA with WebAuthn,10,1058,0.004917,0.04375,0.646334,0.432209,1.132208,5501.132208
poia_webauthn,PoIA with WebAuthn,10,1059,0.002667,0.023625,0.278333,0.276542,0.584875,5500.584875
poia_webauthn,PoIA with WebAuthn,10,1060,0.002083,0.020834,5.831708,0.522292,6.380291,5506.380291
poia_webauthn,PoIA with WebAuthn,10,1061,0.002334,0.022208,0.736334,0.335333,1.099625,5501.099625
poia_webauthn,PoIA with WebAuthn,10,1062,0.002458,0.02275,0.258209,0.25275,0.53975,5500.53975
poia_webauthn,PoIA with WebAuthn,10,1063,0.002958,0.033209,0.200542,0.298792,0.539459,5500.539459
poia_webauthn,PoIA with WebAuthn,10,1064,0.002458,0.022167,0.261791,0.266792,0.556875,5500.556875
poia_webauthn,PoIA with WebAuthn,10,1065,0.005458,0.064917,0.37875,0.735584,1.191292,5501.191292
poia_webauthn,PoIA with WebAuthn,10,1066,0.008583,0.072084,0.35125,0.28375,0.721208,5500.721208
poia_webauthn,PoIA with WebAuthn,10,1067,0.002292,0.021708,0.25625,0.282584,0.566334,5500.566334
poia_webauthn,PoIA with WebAuthn,10,1068,0.002208,0.022458,0.260916,0.271625,0.560792,5500.560792
poia_webauthn,PoIA with WebAuthn,10,1069,0.0035,0.040416,0.133833,0.292417,0.47775,5500.47775
poia_webauthn,PoIA with WebAuthn,10,1070,0.00225,0.022917,0.366333,0.14925,0.543667,5500.543667
poia_webauthn,PoIA with WebAuthn,10,1071,0.002125,0.027292,0.261916,0.273,0.56775,5500.56775
poia_webauthn,PoIA with WebAuthn,10,1072,0.003,0.026625,0.213875,0.387458,0.635,5500.635
poia_webauthn,PoIA with WebAuthn,10,1073,0.002334,0.022084,0.074625,0.328667,0.43075,5500.43075
poia_webauthn,PoIA with WebAuthn,10,1074,0.002625,0.025792,0.120333,0.456084,0.608542,5500.608542
poia_webauthn,PoIA with WebAuthn,10,1075,0.002667,0.025833,0.219083,0.265959,0.517167,5500.517167
poia_webauthn,PoIA with WebAuthn,10,1076,0.006375,0.054625,0.163833,5.072291,5.302459,5505.302459
poia_webauthn,PoIA with WebAuthn,10,1077,0.004416,0.048417,0.249459,0.338917,0.647208,5500.647208
poia_webauthn,PoIA with WebAuthn,10,1078,0.002333,0.022459,0.06775,0.282542,0.378167,5500.378167
poia_webauthn,PoIA with WebAuthn,10,1079,0.01,0.102167,0.177458,0.379917,0.676375,5500.676375
poia_webauthn,PoIA with WebAuthn,10,1080,0.00275,0.027958,0.233458,0.139167,0.406542,5500.406542
poia_webauthn,PoIA with WebAuthn,10,1081,0.002417,0.023291,0.235375,0.261958,0.526458,5500.526458
poia_webauthn,PoIA with WebAuthn,10,1082,0.002334,0.021833,0.070292,0.2575,0.355042,5500.355042
poia_webauthn,PoIA with WebAuthn,10,1083,0.003125,0.026375,0.60825,0.302208,0.94425,5500.94425
poia_webauthn,PoIA with WebAuthn,10,1084,0.006625,0.048334,0.13425,0.649834,0.844292,5500.844292
poia_webauthn,PoIA with WebAuthn,10,1085,0.00275,0.024334,0.224041,0.325125,0.580084,5500.580084
poia_webauthn,PoIA with WebAuthn,10,1086,0.0055,0.0525,0.863958,0.643834,1.5735,5501.5735
poia_webauthn,PoIA with WebAuthn,10,1087,0.002125,0.021917,0.601,0.27375,0.902375,5500.902375
poia_webauthn,PoIA with WebAuthn,10,1088,0.005208,0.050916,0.56725,0.583333,1.213209,5501.213209
poia_webauthn,PoIA with WebAuthn,10,1089,0.003125,0.030667,0.225041,0.189,0.451917,5500.451917
poia_webauthn,PoIA with WebAuthn,10,1090,0.002875,0.028666,1.450708,0.477792,1.963,5501.963
poia_webauthn,PoIA with WebAuthn,10,1091,0.004792,0.112541,0.785041,0.25775,1.1675,5501.1675
poia_webauthn,PoIA with WebAuthn,10,1092,0.002458,0.024666,0.2515,0.32075,0.612333,5500.612333
poia_webauthn,PoIA with WebAuthn,10,1093,0.002375,0.036958,0.351625,0.51325,0.911709,5500.911709
poia_webauthn,PoIA with WebAuthn,10,1094,0.006416,0.062709,0.365791,0.323667,0.763375,5500.763375
poia_webauthn,PoIA with WebAuthn,10,1095,0.002291,0.021792,0.196333,0.315708,0.539708,5500.539708
poia_webauthn,PoIA with WebAuthn,10,1096,0.002792,0.026834,0.079583,0.31175,0.424541,5500.424541
poia_webauthn,PoIA with WebAuthn,10,1097,0.0025,0.022584,0.09925,0.285167,0.413042,5500.413042
poia_webauthn,PoIA with WebAuthn,10,1098,0.002834,0.024459,0.363375,0.353041,0.747375,5500.747375
poia_webauthn,PoIA with WebAuthn,10,1099,0.002291,0.021584,0.069958,0.119958,0.216333,5500.216333
poia_webauthn,PoIA with WebAuthn,10,1100,0.002792,0.027167,0.09825,0.139542,0.270667,5500.270667
poia_webauthn,PoIA with WebAuthn,10,1101,0.002292,0.023459,1.006583,0.376,1.411834,5501.411834
poia_webauthn,PoIA with WebAuthn,10,1102,0.002292,0.02175,0.067792,0.120083,0.2145,5500.2145
poia_webauthn,PoIA with WebAuthn,10,1103,0.0025,0.023791,0.073834,0.192917,0.296,5500.296
poia_webauthn,PoIA with WebAuthn,10,1104,0.002417,0.023041,0.068041,0.270541,0.367125,5500.367125
poia_webauthn,PoIA with WebAuthn,10,1105,0.003,0.028125,0.265291,0.769708,1.070333,5501.070333
poia_webauthn,PoIA with WebAuthn,10,1106,0.002667,0.027792,0.161625,0.132834,0.328125,5500.328125
poia_webauthn,PoIA with WebAuthn,10,1107,0.002875,0.028459,0.459583,0.339208,0.834084,5500.834084
poia_webauthn,PoIA with WebAuthn,10,1108,0.00225,0.022125,0.070375,0.311625,0.4095,5500.4095
poia_webauthn,PoIA with WebAuthn,10,1109,0.002875,0.030041,0.293542,0.440333,0.770417,5500.770417
poia_webauthn,PoIA with WebAuthn,10,1110,0.003083,0.027625,0.398833,0.3025,0.736375,5500.736375
poia_webauthn,PoIA with WebAuthn,10,1111,0.002583,0.021833,0.068042,0.742,0.837833,5500.837833
poia_webauthn,PoIA with WebAuthn,10,1112,0.002292,0.022625,0.697209,0.267958,0.9935,5500.9935
poia_webauthn,PoIA with WebAuthn,10,1113,0.006041,0.089666,0.827083,0.8955,1.823958,5501.823958
poia_webauthn,PoIA with WebAuthn,10,1114,0.006958,0.064708,1.585,2.603,4.266667,5504.266667
poia_webauthn,PoIA with WebAuthn,10,1115,0.009625,0.107917,0.100541,0.16125,0.384917,5500.384917
poia_webauthn,PoIA with WebAuthn,10,1116,0.003042,0.034375,1.021708,0.160416,1.223167,5501.223167
poia_webauthn,PoIA with WebAuthn,10,1117,0.00225,0.023458,0.080166,0.305833,0.41475,5500.41475
poia_webauthn,PoIA with WebAuthn,10,1118,0.002542,0.022416,0.553292,0.668917,1.281917,5501.281917
poia_webauthn,PoIA with WebAuthn,10,1119,0.002834,0.026,0.378083,0.228667,0.638292,5500.638292
poia_webauthn,PoIA with WebAuthn,10,1120,0.0025,0.022042,0.068792,0.322917,0.419375,5500.419375
poia_webauthn,PoIA with WebAuthn,10,1121,0.002333,0.021917,0.069875,0.205625,0.302791,5500.302791
poia_webauthn,PoIA with WebAuthn,10,1122,0.026625,0.071042,0.304208,0.271,0.680792,5500.680792
poia_webauthn,PoIA with WebAuthn,10,1123,0.004416,0.042458,1.09225,0.226417,1.37025,5501.37025
poia_webauthn,PoIA with WebAuthn,10,1124,0.003667,0.040458,0.491833,1.037541,1.578709,5501.578709
poia_webauthn,PoIA with WebAuthn,10,1125,0.002417,0.023791,0.257667,0.343958,0.631625,5500.631625
poia_webauthn,PoIA with WebAuthn,10,1126,0.004875,0.044834,6.517542,0.741167,7.313833,5507.313833
poia_webauthn,PoIA with WebAuthn,10,1127,0.002292,0.021792,0.598167,0.32025,0.946084,5500.946084
poia_webauthn,PoIA with WebAuthn,10,1128,0.003709,0.0325,0.104916,0.304625,0.4495,5500.4495
poia_webauthn,PoIA with WebAuthn,10,1129,0.004125,0.0405,0.113083,0.470166,0.63225,5500.63225
poia_webauthn,PoIA with WebAuthn,10,1130,0.002541,0.034417,0.412792,0.318458,0.772,5500.772
poia_webauthn,PoIA with WebAuthn,10,1131,0.003084,0.0285,0.278875,0.824125,1.139083,5501.139083
poia_webauthn,PoIA with WebAuthn,10,1132,0.00225,0.02175,0.215791,0.263792,0.507208,5500.507208
poia_webauthn,PoIA with WebAuthn,10,1133,0.002667,0.024125,0.231667,0.24475,0.506917,5500.506917
poia_webauthn,PoIA with WebAuthn,10,1134,0.002709,0.029667,0.249709,0.165166,0.450583,5500.450583
poia_webauthn,PoIA with WebAuthn,10,1135,0.002375,0.0225,0.183708,0.3125,0.524708,5500.524708
poia_webauthn,PoIA with WebAuthn,10,1136,0.002833,0.024125,0.185209,0.297833,0.513625,5500.513625
poia_webauthn,PoIA with WebAuthn,10,1137,0.002791,0.025791,0.323042,0.354667,0.71,5500.71
poia_webauthn,PoIA with WebAuthn,10,1138,0.0025,0.024125,0.446583,0.241,0.717792,5500.717792
poia_webauthn,PoIA with WebAuthn,10,1139,0.002292,0.02375,0.074375,0.188833,0.292417,5500.292417
poia_webauthn,PoIA with WebAuthn,10,1140,0.006209,0.060333,0.515834,0.386625,0.975333,5500.975333
poia_webauthn,PoIA with WebAuthn,10,1141,0.004583,0.048458,0.125917,0.55025,0.734916,5500.734916
poia_webauthn,PoIA with WebAuthn,10,1142,0.003416,0.036458,0.083917,0.648375,0.77525,5500.77525
poia_webauthn,PoIA with WebAuthn,10,1143,0.004208,0.06175,0.116416,1.173833,1.361375,5501.361375
poia_webauthn,PoIA with WebAuthn,10,1144,0.002334,0.021917,0.071583,0.320208,0.419084,5500.419084
poia_webauthn,PoIA with WebAuthn,10,1145,0.004333,0.044917,0.509167,0.727458,1.29025,5501.29025
poia_webauthn,PoIA with WebAuthn,10,1146,0.002208,0.039708,0.229041,0.701209,0.976583,5500.976583
poia_webauthn,PoIA with WebAuthn,10,1147,0.00225,0.022833,0.082208,0.347875,0.458375,5500.458375
poia_webauthn,PoIA with WebAuthn,10,1148,0.003,0.027625,0.313416,0.1385,0.485916,5500.485916
poia_webauthn,PoIA with WebAuthn,10,1149,0.002542,0.022792,0.192666,0.750459,0.973,5500.973
poia_webauthn,PoIA with WebAuthn,10,1150,0.002333,0.022041,0.067458,0.274958,0.369875,5500.369875
poia_webauthn,PoIA with WebAuthn,10,1151,0.005417,0.05325,1.037458,1.115541,2.219625,5502.219625
poia_webauthn,PoIA with WebAuthn,10,1152,0.004708,0.040583,0.148,0.22625,0.424,5500.424
poia_webauthn,PoIA with WebAuthn,10,1153,0.0045,0.040958,0.133125,0.623375,0.807833,5500.807833
poia_webauthn,PoIA with WebAuthn,10,1154,0.00275,0.025875,0.319,0.349625,0.701375,5500.701375
poia_webauthn,PoIA with WebAuthn,10,1155,0.002916,0.026375,0.293292,0.123167,0.448166,5500.448166
poia_webauthn,PoIA with WebAuthn,10,1156,0.006458,0.054709,0.841625,0.320833,1.231542,5501.231542
poia_webauthn,PoIA with WebAuthn,10,1157,0.002459,0.021958,0.071542,0.306916,0.405875,5500.405875
poia_webauthn,PoIA with WebAuthn,10,1158,0.006333,0.114042,0.197375,0.588208,0.913875,5500.913875
poia_webauthn,PoIA with WebAuthn,10,1159,0.002541,0.023542,0.618125,0.138708,0.786167,5500.786167
poia_webauthn,PoIA with WebAuthn,10,1160,0.002792,0.022792,0.549875,0.137791,0.7165,5500.7165
poia_webauthn,PoIA with WebAuthn,10,1161,0.002583,0.022167,0.573,1.347041,1.952083,5501.952083
poia_webauthn,PoIA with WebAuthn,10,1162,0.002416,0.022083,0.701291,0.256334,0.985625,5500.985625
poia_webauthn,PoIA with WebAuthn,10,1163,0.006667,0.065167,0.249042,1.61175,1.942542,5501.942542
poia_webauthn,PoIA with WebAuthn,10,1164,0.002875,0.025083,0.287959,0.26725,0.586666,5500.586666
poia_webauthn,PoIA with WebAuthn,10,1165,0.003791,0.040125,0.110083,1.503375,1.66225,5501.66225
poia_webauthn,PoIA with WebAuthn,10,1166,0.0035,0.038333,0.284708,0.36675,0.697458,5500.697458
poia_webauthn,PoIA with WebAuthn,10,1167,0.002625,0.023417,0.219625,0.151291,0.399959,5500.399959
poia_webauthn,PoIA with WebAuthn,10,1168,0.002667,0.025083,0.234583,0.150125,0.415791,5500.415791
poia_webauthn,PoIA with WebAuthn,10,1169,0.005291,0.066791,0.552959,1.206917,1.83625,5501.83625
poia_webauthn,PoIA with WebAuthn,10,1170,0.002334,0.026417,0.156333,0.254833,0.443584,5500.443584
poia_webauthn,PoIA with WebAuthn,10,1171,0.239125,0.026209,0.096708,0.494667,0.86025,5500.86025
poia_webauthn,PoIA with WebAuthn,10,1172,0.002542,0.022708,0.250916,0.479375,0.759042,5500.759042
poia_webauthn,PoIA with WebAuthn,10,1173,0.007958,0.057166,0.814958,0.935916,1.824,5501.824
poia_webauthn,PoIA with WebAuthn,10,1174,0.006959,0.062334,0.18,1.360917,1.615375,5501.615375
poia_webauthn,PoIA with WebAuthn,10,1175,0.002291,0.02225,0.070833,0.294416,0.396625,5500.396625
poia_webauthn,PoIA with WebAuthn,10,1176,0.002667,0.024875,0.257166,0.375292,0.664042,5500.664042
poia_webauthn,PoIA with WebAuthn,10,1177,0.004375,0.021917,0.175041,0.254875,0.459708,5500.459708
poia_webauthn,PoIA with WebAuthn,10,1178,0.017458,0.026417,0.718458,0.364,1.130584,5501.130584
poia_webauthn,PoIA with WebAuthn,10,1179,0.002333,0.021667,0.325333,0.233291,0.585917,5500.585917
poia_webauthn,PoIA with WebAuthn,10,1180,0.004167,0.043459,0.118708,1.855541,2.02625,5502.02625
poia_webauthn,PoIA with WebAuthn,10,1181,0.004708,0.066084,0.417667,0.600833,1.095958,5501.095958
poia_webauthn,PoIA with WebAuthn,10,1182,0.00325,0.027083,1.002333,0.148708,1.184625,5501.184625
poia_webauthn,PoIA with WebAuthn,10,1183,0.002458,0.021375,0.098042,0.499125,0.624625,5500.624625
poia_webauthn,PoIA with WebAuthn,10,1184,0.002417,0.023459,0.067792,0.94925,1.045959,5501.045959
poia_webauthn,PoIA with WebAuthn,10,1185,0.01075,0.166917,0.282125,0.395417,0.865375,5500.865375
poia_webauthn,PoIA with WebAuthn,10,1186,0.003,0.027208,0.081833,0.672958,0.788708,5500.788708
poia_webauthn,PoIA with WebAuthn,10,1187,0.002209,0.021958,0.071042,0.129459,0.227167,5500.227167
poia_webauthn,PoIA with WebAuthn,10,1188,0.002291,0.022166,0.089042,1.058208,1.175,5501.175
poia_webauthn,PoIA with WebAuthn,10,1189,0.024958,0.108792,0.080084,0.141792,0.360209,5500.360209
poia_webauthn,PoIA with WebAuthn,10,1190,0.002291,0.023708,0.375583,0.151291,0.556167,5500.556167
poia_webauthn,PoIA with WebAuthn,10,1191,0.002666,0.025084,0.48875,0.538083,1.05875,5501.05875
poia_webauthn,PoIA with WebAuthn,10,1192,0.004292,0.040792,0.126375,0.621875,0.799125,5500.799125
poia_webauthn,PoIA with WebAuthn,10,1193,0.0025,0.021667,0.1845,0.31475,0.527,5500.527
poia_webauthn,PoIA with WebAuthn,10,1194,0.002292,0.022041,0.07275,0.316666,0.416875,5500.416875
poia_webauthn,PoIA with WebAuthn,10,1195,0.00275,0.025917,0.198833,0.322541,0.553833,5500.553833
poia_webauthn,PoIA with WebAuthn,10,1196,0.005334,0.048458,0.231,0.465375,0.75675,5500.75675
poia_webauthn,PoIA with WebAuthn,10,1197,0.002417,0.02675,0.505833,0.133417,0.671334,5500.671334
poia_webauthn,PoIA with WebAuthn,10,1198,0.002667,0.029833,6.227417,0.25375,6.520584,5506.520584
poia_webauthn,PoIA with WebAuthn,10,1199,0.003292,0.026333,0.333042,0.349792,0.7165,5500.7165
poia_webauthn,PoIA with WebAuthn,10,1200,0.002417,0.022542,0.067458,0.288333,0.383959,5500.383959
poia_webauthn,PoIA with WebAuthn,10,1201,0.005583,0.050833,0.1385,0.555291,0.756333,5500.756333
poia_webauthn,PoIA with WebAuthn,10,1202,0.002834,0.025708,0.284042,0.188708,0.505583,5500.505583
poia_webauthn,PoIA with WebAuthn,10,1203,0.003667,0.040125,0.515333,0.773333,1.336916,5501.336916
poia_webauthn,PoIA with WebAuthn,10,1204,0.002292,0.021958,0.071958,0.256667,0.355708,5500.355708
poia_webauthn,PoIA with WebAuthn,10,1205,0.003334,0.030209,0.235709,0.226084,0.499208,5500.499208
poia_webauthn,PoIA with WebAuthn,10,1206,0.002708,0.025541,0.076625,0.347542,0.455875,5500.455875
poia_webauthn,PoIA with WebAuthn,10,1207,0.002584,0.028083,0.30075,0.328583,0.6635,5500.6635
poia_webauthn,PoIA with WebAuthn,10,1208,0.002875,0.025584,0.343583,0.3175,0.693709,5500.693709
poia_webauthn,PoIA with WebAuthn,10,1209,0.002458,0.022333,0.067292,0.312125,0.40725,5500.40725
poia_webauthn,PoIA with WebAuthn,10,1210,0.002583,0.0245,0.34175,0.145542,0.517792,5500.517792
poia_webauthn,PoIA with WebAuthn,10,1211,0.0025,0.022583,0.679834,0.245833,0.954375,5500.954375
poia_webauthn,PoIA with WebAuthn,10,1212,0.002792,0.025417,0.456083,0.291333,0.779542,5500.779542
poia_webauthn,PoIA with WebAuthn,10,1213,0.004041,0.043083,0.3525,1.446333,1.850791,5501.850791
poia_webauthn,PoIA with WebAuthn,10,1214,0.002208,0.021667,0.067625,0.398083,0.492459,5500.492459
poia_webauthn,PoIA with WebAuthn,10,1215,0.002708,0.026458,0.829042,0.3115,1.173291,5501.173291
poia_webauthn,PoIA with WebAuthn,10,1216,0.003084,0.026041,0.308667,0.36425,0.706459,5500.706459
poia_webauthn,PoIA with WebAuthn,10,1217,0.002416,0.022167,0.263292,0.318208,0.609541,5500.609541
poia_webauthn,PoIA with WebAuthn,10,1218,0.00425,0.040667,0.485167,0.608375,1.144958,5501.144958
poia_webauthn,PoIA with WebAuthn,10,1219,0.00875,0.139708,1.28325,1.561,3.00025,5503.00025
poia_webauthn,PoIA with WebAuthn,10,1220,0.004375,0.040375,0.124625,0.435833,0.610542,5500.610542
poia_webauthn,PoIA with WebAuthn,10,1221,0.0025,0.023042,0.186291,0.328625,0.544,5500.544
poia_webauthn,PoIA with WebAuthn,10,1222,0.002708,0.02525,0.077667,0.348458,0.457292,5500.457292
poia_webauthn,PoIA with WebAuthn,10,1223,0.002875,0.023792,0.070667,0.52775,0.628375,5500.628375
poia_webauthn,PoIA with WebAuthn,10,1224,0.002792,0.025875,0.351583,0.338083,0.722375,5500.722375
poia_webauthn,PoIA with WebAuthn,10,1225,0.002417,0.022125,0.067125,0.120417,0.21475,5500.21475
poia_webauthn,PoIA with WebAuthn,10,1226,0.00625,0.060625,1.053625,0.356375,1.515292,5501.515292
poia_webauthn,PoIA with WebAuthn,10,1227,0.006208,0.043792,3.095208,0.252333,3.402416,5503.402416
poia_webauthn,PoIA with WebAuthn,10,1228,0.011083,0.079583,0.203542,0.275041,0.574875,5500.574875
poia_webauthn,PoIA with WebAuthn,10,1229,0.007083,0.058708,0.576667,2.062792,2.73575,5502.73575
poia_webauthn,PoIA with WebAuthn,10,1230,0.0065,0.057084,0.197,0.474875,0.743417,5500.743417
poia_webauthn,PoIA with WebAuthn,10,1231,0.005625,0.053417,0.170125,0.614292,0.850917,5500.850917
poia_webauthn,PoIA with WebAuthn,10,1232,0.009458,0.081542,4.390542,0.491541,4.981125,5504.981125
poia_webauthn,PoIA with WebAuthn,10,1233,0.011667,0.0865,0.8035,0.727,1.639084,5501.639084
poia_webauthn,PoIA with WebAuthn,10,1234,0.002625,0.025541,0.076667,0.416125,0.526416,5500.526416
poia_webauthn,PoIA with WebAuthn,10,1235,0.002333,0.025542,0.249041,0.360083,0.640417,5500.640417
poia_webauthn,PoIA with WebAuthn,10,1236,0.002667,0.037083,1.091,0.438416,1.575792,5501.575792
poia_webauthn,PoIA with WebAuthn,10,1237,0.002375,0.022792,0.6405,0.398167,1.067333,5501.067333
poia_webauthn,PoIA with WebAuthn,10,1238,0.0025,0.022958,0.865834,0.272541,1.167458,5501.167458
poia_webauthn,PoIA with WebAuthn,10,1239,0.00275,0.024209,0.090958,0.12375,0.244542,5500.244542
poia_webauthn,PoIA with WebAuthn,10,1240,0.002458,0.022708,0.3645,0.263042,0.656375,5500.656375
poia_webauthn,PoIA with WebAuthn,10,1241,0.002541,0.022583,0.069334,0.270125,0.367875,5500.367875
poia_webauthn,PoIA with WebAuthn,10,1242,0.006833,0.060042,1.869791,0.365459,2.309375,5502.309375
poia_webauthn,PoIA with WebAuthn,10,1243,0.005708,0.053792,1.25875,0.352709,1.678542,5501.678542
poia_webauthn,PoIA with WebAuthn,10,1244,0.006541,0.057458,0.720958,0.665708,1.459375,5501.459375
poia_webauthn,PoIA with WebAuthn,10,1245,0.006042,0.081167,0.330125,0.248875,0.671958,5500.671958
poia_webauthn,PoIA with WebAuthn,10,1246,0.004542,0.054208,1.469834,0.566833,2.102375,5502.102375
poia_webauthn,PoIA with WebAuthn,10,1247,0.002625,0.02225,0.25,0.337416,0.615667,5500.615667
poia_webauthn,PoIA with WebAuthn,10,1248,0.002875,0.029125,0.232375,0.325666,0.593709,5500.593709
poia_webauthn,PoIA with WebAuthn,10,1249,0.002334,0.02275,0.219042,0.275625,0.523291,5500.523291
poia_webauthn,PoIA with WebAuthn,10,1250,0.002417,0.022667,0.665042,0.379708,1.077167,5501.077167
poia_webauthn,PoIA with WebAuthn,10,1251,0.00225,0.02175,0.166041,0.221375,0.415167,5500.415167
poia_webauthn,PoIA with WebAuthn,10,1252,0.006291,0.048084,1.367208,0.665291,2.093541,5502.093541
poia_webauthn,PoIA with WebAuthn,10,1253,0.003792,0.034417,0.403541,0.237833,0.684542,5500.684542
poia_webauthn,PoIA with WebAuthn,10,1254,0.002458,0.022542,0.12475,0.131416,0.284167,5500.284167
poia_webauthn,PoIA with WebAuthn,10,1255,0.002917,0.041,1.521834,0.166125,1.7355,5501.7355
poia_webauthn,PoIA with WebAuthn,10,1256,0.003625,0.030084,0.334208,0.340875,0.713,5500.713
poia_webauthn,PoIA with WebAuthn,10,1257,0.0025,0.022375,0.073083,1.801042,1.902,5501.902
poia_webauthn,PoIA with WebAuthn,10,1258,0.006792,0.07225,0.217375,0.653833,0.958417,5500.958417
poia_webauthn,PoIA with WebAuthn,10,1259,0.002416,0.025708,0.251958,0.369959,0.653458,5500.653458
poia_webauthn,PoIA with WebAuthn,10,1260,0.002833,0.026708,0.178334,0.323,0.534541,5500.534541
poia_webauthn,PoIA with WebAuthn,10,1261,0.002709,0.035875,0.191042,0.314125,0.547625,5500.547625
poia_webauthn,PoIA with WebAuthn,10,1262,0.002541,0.023375,0.226375,0.953125,1.209083,5501.209083
poia_webauthn,PoIA with WebAuthn,10,1263,0.002375,0.022042,0.2275,0.178458,0.434041,5500.434041
poia_webauthn,PoIA with WebAuthn,10,1264,0.00225,0.0225,0.067167,0.340875,0.435667,5500.435667
poia_webauthn,PoIA with WebAuthn,10,1265,0.008916,0.066334,0.643083,0.803125,1.53025,5501.53025
poia_webauthn,PoIA with WebAuthn,10,1266,0.004,0.044042,0.110166,1.204625,1.36725,5501.36725
poia_webauthn,PoIA with WebAuthn,10,1267,0.004458,0.042958,0.169209,0.579375,0.802,5500.802
poia_webauthn,PoIA with WebAuthn,10,1268,0.003083,0.028834,0.09275,0.184625,0.312458,5500.312458
poia_webauthn,PoIA with WebAuthn,10,1269,0.002416,0.026459,0.189792,0.323208,0.545375,5500.545375
poia_webauthn,PoIA with WebAuthn,10,1270,0.002709,0.025833,0.087458,0.179541,0.298916,5500.298916
poia_webauthn,PoIA with WebAuthn,10,1271,0.0025,0.023958,0.071458,0.208292,0.309416,5500.309416
poia_webauthn,PoIA with WebAuthn,10,1272,0.002292,0.021917,0.066792,0.120125,0.213625,5500.213625
poia_webauthn,PoIA with WebAuthn,10,1273,0.0025,0.023417,0.152125,0.144792,0.326125,5500.326125
poia_webauthn,PoIA with WebAuthn,10,1274,0.0025,0.021875,0.071208,0.146292,0.244875,5500.244875
poia_webauthn,PoIA with WebAuthn,10,1275,0.004291,0.039417,0.89675,0.47125,1.416667,5501.416667
poia_webauthn,PoIA with WebAuthn,10,1276,0.004417,0.042,0.134917,0.523084,0.71,5500.71
poia_webauthn,PoIA with WebAuthn,10,1277,0.003708,0.034167,0.10975,0.606666,0.759417,5500.759417
poia_webauthn,PoIA with WebAuthn,10,1278,0.00875,0.183959,0.544333,2.219166,2.966333,5502.966333
poia_webauthn,PoIA with WebAuthn,10,1279,0.007583,0.075125,0.985875,0.314875,1.391292,5501.391292
poia_webauthn,PoIA with WebAuthn,10,1280,0.002333,0.022375,0.071125,0.236125,0.335083,5500.335083
poia_webauthn,PoIA with WebAuthn,10,1281,0.002458,0.021959,0.073,0.636167,0.736542,5500.736542
poia_webauthn,PoIA with WebAuthn,10,1282,0.002709,0.025667,0.537,0.196166,0.765291,5500.765291
poia_webauthn,PoIA with WebAuthn,10,1283,0.002917,0.029042,0.092875,0.393125,0.521792,5500.521792
poia_webauthn,PoIA with WebAuthn,10,1284,0.002417,0.022833,0.145667,0.136416,0.310375,5500.310375
poia_webauthn,PoIA with WebAuthn,10,1285,0.002375,0.022041,0.25575,0.27225,0.556,5500.556
poia_webauthn,PoIA with WebAuthn,10,1286,0.0025,0.021959,0.080417,0.310375,0.418417,5500.418417
poia_webauthn,PoIA with WebAuthn,10,1287,0.002459,0.024791,0.068042,0.347791,0.44625,5500.44625
poia_webauthn,PoIA with WebAuthn,10,1288,0.00275,0.022583,0.159417,0.183167,0.371708,5500.371708
poia_webauthn,PoIA with WebAuthn,10,1289,0.00475,0.041625,0.210667,0.74075,1.004209,5501.004209
poia_webauthn,PoIA with WebAuthn,10,1290,0.003209,0.028625,0.090708,0.405959,0.532458,5500.532458
poia_webauthn,PoIA with WebAuthn,10,1291,0.003292,0.026375,0.093708,0.197458,0.324541,5500.324541
poia_webauthn,PoIA with WebAuthn,10,1292,0.005042,0.0455,1.3025,0.950375,2.3115,5502.3115
poia_webauthn,PoIA with WebAuthn,10,1293,0.002875,0.026916,0.782542,0.388083,1.204208,5501.204208
poia_webauthn,PoIA with WebAuthn,10,1294,0.002208,0.021625,0.070541,0.133333,0.23025,5500.23025
poia_webauthn,PoIA with WebAuthn,10,1295,0.002542,0.021833,0.220833,0.378625,0.627417,5500.627417
poia_webauthn,PoIA with WebAuthn,10,1296,0.002542,0.022209,0.071833,0.282833,0.382584,5500.382584
poia_webauthn,PoIA with WebAuthn,10,1297,0.002375,0.022958,0.068375,0.32075,0.417625,5500.417625
poia_webauthn,PoIA with WebAuthn,10,1298,0.002333,0.027208,0.366,0.178,0.604792,5500.604792
poia_webauthn,PoIA with WebAuthn,10,1299,0.005333,0.046208,0.1255,5.688417,5.873542,5505.873542
poia_webauthn,PoIA with WebAuthn,10,1300,0.005959,0.05425,0.476458,0.334083,0.876292,5500.876292
poia_webauthn,PoIA with WebAuthn,10,1301,0.070417,0.081791,0.0955,0.322084,0.577417,5500.577417
poia_webauthn,PoIA with WebAuthn,10,1302,0.047583,0.038,0.445958,0.5515,1.089417,5501.089417
poia_webauthn,PoIA with WebAuthn,10,1303,0.002208,0.021833,0.081375,0.392792,0.501459,5500.501459
poia_webauthn,PoIA with WebAuthn,10,1304,0.002292,0.022042,0.283416,0.436875,0.748,5500.748
poia_webauthn,PoIA with WebAuthn,10,1305,0.002459,0.021792,0.542458,0.297292,0.867542,5500.867542
poia_webauthn,PoIA with WebAuthn,10,1306,0.002375,0.022083,0.203959,0.30475,0.536459,5500.536459
poia_webauthn,PoIA with WebAuthn,10,1307,0.002291,0.021958,0.079292,0.309458,0.415666,5500.415666
poia_webauthn,PoIA with WebAuthn,10,1308,0.002666,0.025709,0.56025,0.240708,0.833208,5500.833208
poia_webauthn,PoIA with WebAuthn,10,1309,0.002208,0.022167,0.890875,0.327667,1.24675,5501.24675
poia_webauthn,PoIA with WebAuthn,10,1310,0.00225,0.022084,0.445708,0.391042,0.864917,5500.864917
poia_webauthn,PoIA with WebAuthn,10,1311,0.027084,0.059542,0.2315,0.843834,1.1715,5501.1715
poia_webauthn,PoIA with WebAuthn,10,1312,0.006042,0.044958,0.397125,0.721375,1.17625,5501.17625
poia_webauthn,PoIA with WebAuthn,10,1313,0.00275,0.024708,0.082041,0.3505,0.463334,5500.463334
poia_webauthn,PoIA with WebAuthn,10,1314,0.005708,0.053792,0.174583,0.68825,0.929792,5500.929792
poia_webauthn,PoIA with WebAuthn,10,1315,0.005042,0.043708,0.804792,0.72025,1.580667,5501.580667
poia_webauthn,PoIA with WebAuthn,10,1316,0.0035,0.034209,0.109458,0.493208,0.645084,5500.645084
poia_webauthn,PoIA with WebAuthn,10,1317,0.002583,0.021583,0.21675,0.330292,0.574875,5500.574875
poia_webauthn,PoIA with WebAuthn,10,1318,0.002583,0.024791,0.084833,0.173375,0.288958,5500.288958
poia_webauthn,PoIA with WebAuthn,10,1319,0.002541,0.023,0.0695,0.316416,0.414583,5500.414583
poia_webauthn,PoIA with WebAuthn,10,1320,0.002583,0.022791,0.078542,0.318542,0.425542,5500.425542
poia_webauthn,PoIA with WebAuthn,10,1321,0.002291,0.023167,0.218334,0.33375,0.581208,5500.581208
poia_webauthn,PoIA with WebAuthn,10,1322,0.002291,0.021833,0.070667,0.160833,0.258916,5500.258916
poia_webauthn,PoIA with WebAuthn,10,1323,0.006667,0.063292,0.212541,5.410417,5.699458,5505.699458
poia_webauthn,PoIA with WebAuthn,10,1324,0.0065,0.099292,0.4655,1.34825,1.928375,5501.928375
poia_webauthn,PoIA with WebAuthn,10,1325,0.0245,0.028625,0.362458,0.356375,0.778,5500.778
poia_webauthn,PoIA with WebAuthn,10,1326,0.002417,0.021541,0.178083,0.349209,0.554542,5500.554542
poia_webauthn,PoIA with WebAuthn,10,1327,0.002417,0.021958,0.191167,0.31275,0.531625,5500.531625
poia_webauthn,PoIA with WebAuthn,10,1328,0.002583,0.023083,0.069375,0.196125,0.294208,5500.294208
poia_webauthn,PoIA with WebAuthn,10,1329,0.002708,0.026333,0.373208,0.323,0.72875,5500.72875
poia_webauthn,PoIA with WebAuthn,10,1330,0.002167,0.022333,0.066833,0.120208,0.214209,5500.214209
poia_webauthn,PoIA with WebAuthn,10,1331,0.002208,0.022166,0.696709,0.134,0.858417,5500.858417
poia_webauthn,PoIA with WebAuthn,10,1332,0.002417,0.022292,0.218209,0.329042,0.575375,5500.575375
poia_webauthn,PoIA with WebAuthn,10,1333,0.003,0.028834,0.327,0.417667,0.780959,5500.780959
poia_webauthn,PoIA with WebAuthn,10,1334,0.002875,0.0285,0.091,0.354291,0.48025,5500.48025
poia_webauthn,PoIA with WebAuthn,10,1335,0.005417,0.066542,1.200542,0.735208,2.018208,5502.018208
poia_webauthn,PoIA with WebAuthn,10,1336,0.002625,0.023917,0.069916,0.194833,0.294459,5500.294459
poia_webauthn,PoIA with WebAuthn,10,1337,0.002917,0.022625,0.258083,0.2405,0.527792,5500.527792
poia_webauthn,PoIA with WebAuthn,10,1338,0.002375,0.02225,0.211166,0.317291,0.556667,5500.556667
poia_webauthn,PoIA with WebAuthn,10,1339,0.002292,0.02225,0.071125,0.253583,0.352458,5500.352458
poia_webauthn,PoIA with WebAuthn,10,1340,0.0025,0.022458,0.252167,0.369583,0.6505,5500.6505
poia_webauthn,PoIA with WebAuthn,10,1341,0.011333,0.092666,0.928916,1.738875,2.784208,5502.784208
poia_webauthn,PoIA with WebAuthn,10,1342,0.00225,0.026458,0.070292,0.487417,0.5895,5500.5895
poia_webauthn,PoIA with WebAuthn,10,1343,0.002417,0.021917,0.459334,0.661333,1.148417,5501.148417
poia_webauthn,PoIA with WebAuthn,10,1344,0.00225,0.022625,0.08025,0.133667,0.24125,5500.24125
poia_webauthn,PoIA with WebAuthn,10,1345,0.002667,0.023417,0.239708,0.236916,0.506375,5500.506375
poia_webauthn,PoIA with WebAuthn,10,1346,0.002542,0.022333,0.312791,0.322791,0.663916,5500.663916
poia_webauthn,PoIA with WebAuthn,10,1347,0.002708,0.02225,0.192542,0.332958,0.553959,5500.553959
poia_webauthn,PoIA with WebAuthn,10,1348,0.002708,0.022959,0.303292,0.268667,0.601292,5500.601292
poia_webauthn,PoIA with WebAuthn,10,1349,0.002375,0.022833,0.076875,0.308834,0.414,5500.414
poia_webauthn,PoIA with WebAuthn,10,1350,0.0025,0.022333,0.100125,0.167041,0.295166,5500.295166
poia_webauthn,PoIA with WebAuthn,10,1351,0.003458,0.032833,0.108542,0.452917,0.602416,5500.602416
poia_webauthn,PoIA with WebAuthn,10,1352,0.003667,0.033125,0.234875,0.40575,0.681625,5500.681625
poia_webauthn,PoIA with WebAuthn,10,1353,0.00725,0.062208,0.180125,1.34775,1.604666,5501.604666
poia_webauthn,PoIA with WebAuthn,10,1354,0.003083,0.025625,1.029875,0.3675,1.430791,5501.430791
poia_webauthn,PoIA with WebAuthn,10,1355,0.002333,0.026958,0.070291,0.500708,0.6035,5500.6035
poia_webauthn,PoIA with WebAuthn,10,1356,0.002708,0.023917,0.303042,0.323917,0.656666,5500.656666
poia_webauthn,PoIA with WebAuthn,10,1357,0.00225,0.025625,0.156791,0.196042,0.384333,5500.384333
poia_webauthn,PoIA with WebAuthn,10,1358,0.002291,0.022458,0.070917,0.317167,0.415917,5500.415917
poia_webauthn,PoIA with WebAuthn,10,1359,0.002292,0.021708,0.08575,0.132375,0.244875,5500.244875
poia_webauthn,PoIA with WebAuthn,10,1360,0.0055,0.052542,0.528625,0.668916,1.262542,5501.262542
poia_webauthn,PoIA with WebAuthn,10,1361,0.003583,0.033208,0.10975,0.2035,0.354125,5500.354125
poia_webauthn,PoIA with WebAuthn,10,1362,0.0025,0.120417,0.127542,0.403417,0.658916,5500.658916
poia_webauthn,PoIA with WebAuthn,10,1363,0.002416,0.022584,0.072375,0.328,0.4285,5500.4285
poia_webauthn,PoIA with WebAuthn,10,1364,0.002209,0.022,0.070583,0.283791,0.381625,5500.381625
poia_webauthn,PoIA with WebAuthn,10,1365,0.002375,0.02225,0.071,0.1415,0.240041,5500.240041
poia_webauthn,PoIA with WebAuthn,10,1366,0.002667,0.023958,0.222709,0.413916,0.667125,5500.667125
poia_webauthn,PoIA with WebAuthn,10,1367,0.002292,0.021792,0.067041,0.119834,0.2135,5500.2135
poia_webauthn,PoIA with WebAuthn,10,1368,0.002292,0.02225,0.251042,0.132875,0.411417,5500.411417
poia_webauthn,PoIA with WebAuthn,10,1369,0.002291,0.022375,0.980084,0.316708,1.325208,5501.325208
poia_webauthn,PoIA with WebAuthn,10,1370,0.002333,0.021625,0.070792,0.152958,0.25075,5500.25075
poia_webauthn,PoIA with WebAuthn,10,1371,0.011541,2.063667,0.488583,0.315,2.8925,5502.8925
poia_webauthn,PoIA with WebAuthn,10,1372,0.005333,0.043833,0.459791,0.511625,1.025042,5501.025042
poia_webauthn,PoIA with WebAuthn,10,1373,0.002625,0.025458,0.078583,0.51975,0.62975,5500.62975
poia_webauthn,PoIA with WebAuthn,10,1374,0.007625,0.16025,0.878125,1.391125,2.444834,5502.444834
poia_webauthn,PoIA with WebAuthn,10,1375,0.002542,0.027167,0.425208,0.142125,0.599959,5500.599959
poia_webauthn,PoIA with WebAuthn,10,1376,0.002375,0.022708,0.192917,0.348792,0.570375,5500.570375
poia_webauthn,PoIA with WebAuthn,10,1377,0.006,0.023166,0.564209,0.14325,0.739958,5500.739958
poia_webauthn,PoIA with WebAuthn,10,1378,0.003084,0.031333,0.197625,0.384834,0.620541,5500.620541
poia_webauthn,PoIA with WebAuthn,10,1379,0.002708,0.02275,0.254833,0.146958,0.430417,5500.430417
poia_webauthn,PoIA with WebAuthn,10,1380,0.002208,0.022291,0.250458,0.3215,0.599833,5500.599833
poia_webauthn,PoIA with WebAuthn,10,1381,0.00225,0.021875,0.070542,0.456917,0.554833,5500.554833
poia_webauthn,PoIA with WebAuthn,10,1382,0.008917,0.111208,0.505042,0.521875,1.176542,5501.176542
poia_webauthn,PoIA with WebAuthn,10,1383,0.002708,0.025625,0.07725,0.485083,0.594125,5500.594125
poia_webauthn,PoIA with WebAuthn,10,1384,0.0025,0.025375,0.332042,0.296125,0.659667,5500.659667
poia_webauthn,PoIA with WebAuthn,10,1385,0.004125,0.035292,0.348875,0.486666,0.880208,5500.880208
poia_webauthn,PoIA with WebAuthn,10,1386,0.002417,0.04025,0.273125,0.582375,0.902334,5500.902334
poia_webauthn,PoIA with WebAuthn,10,1387,0.002417,0.022,0.564541,0.251042,0.843458,5500.843458
poia_webauthn,PoIA with WebAuthn,10,1388,0.00575,0.06475,0.521875,0.829291,1.429958,5501.429958
poia_webauthn,PoIA with WebAuthn,10,1389,0.025125,0.025209,0.094292,0.208542,0.35725,5500.35725
poia_webauthn,PoIA with WebAuthn,10,1390,0.002667,0.02725,0.185917,0.3105,0.530041,5500.530041
poia_webauthn,PoIA with WebAuthn,10,1391,0.002209,0.022166,0.188042,0.330209,0.546167,5500.546167
poia_webauthn,PoIA with WebAuthn,10,1392,0.002541,0.022584,0.067916,0.205792,0.302,5500.302
poia_webauthn,PoIA with WebAuthn,10,1393,0.002209,0.022416,0.720125,0.256333,1.004708,5501.004708
poia_webauthn,PoIA with WebAuthn,10,1394,0.002833,0.027709,0.238834,0.236917,0.510084,5500.510084
poia_webauthn,PoIA with WebAuthn,10,1395,0.006,0.053209,1.000959,0.622333,1.69125,5501.69125
poia_webauthn,PoIA with WebAuthn,10,1396,0.005625,0.079708,0.27,0.603583,0.968333,5500.968333
poia_webauthn,PoIA with WebAuthn,10,1397,0.002916,0.143166,0.266834,0.596209,1.0165,5501.0165
poia_webauthn,PoIA with WebAuthn,10,1398,0.0055,0.043125,0.310291,0.487875,0.853541,5500.853541
poia_webauthn,PoIA with WebAuthn,10,1399,0.003542,0.033333,0.131167,0.62325,0.796,5500.796
poia_webauthn,PoIA with WebAuthn,10,1400,0.003167,0.03,0.247917,0.427417,0.71325,5500.71325
poia_webauthn,PoIA with WebAuthn,10,1401,0.010959,0.104833,0.21575,0.473541,0.814292,5500.814292
poia_webauthn,PoIA with WebAuthn,10,1402,0.002667,0.037334,0.265709,0.3215,0.630791,5500.630791
poia_webauthn,PoIA with WebAuthn,10,1403,0.022875,0.208208,0.092209,0.364458,0.692625,5500.692625
poia_webauthn,PoIA with WebAuthn,10,1404,0.0025,0.022208,0.071167,0.132625,0.231334,5500.231334
poia_webauthn,PoIA with WebAuthn,10,1405,0.012208,0.02525,0.067417,0.25925,0.367459,5500.367459
poia_webauthn,PoIA with WebAuthn,10,1406,0.00275,0.024917,0.216958,0.31725,0.565541,5500.565541
poia_webauthn,PoIA with WebAuthn,10,1407,0.005,0.078667,0.166083,1.615292,1.871167,5501.871167
poia_webauthn,PoIA with WebAuthn,10,1408,0.006125,0.064125,0.620292,1.240709,1.940125,5501.940125
poia_webauthn,PoIA with WebAuthn,10,1409,0.002334,0.022042,0.222625,0.322542,0.573042,5500.573042
poia_webauthn,PoIA with WebAuthn,10,1410,0.002292,0.021708,0.14225,0.346459,0.51625,5500.51625
poia_webauthn,PoIA with WebAuthn,10,1411,0.00225,0.022583,0.34775,0.609916,0.986417,5500.986417
poia_webauthn,PoIA with WebAuthn,10,1412,0.002291,0.022541,0.073209,0.311834,0.412875,5500.412875
poia_webauthn,PoIA with WebAuthn,10,1413,0.009333,0.04575,0.572875,0.260375,0.894583,5500.894583
poia_webauthn,PoIA with WebAuthn,10,1414,0.002334,0.021625,0.642166,0.315583,0.985417,5500.985417
poia_webauthn,PoIA with WebAuthn,10,1415,0.002333,0.021709,0.070375,0.134875,0.231917,5500.231917
poia_webauthn,PoIA with WebAuthn,10,1416,0.006,0.056125,0.489917,0.858958,1.41975,5501.41975
poia_webauthn,PoIA with WebAuthn,10,1417,0.003625,0.032958,0.110667,0.407042,0.558875,5500.558875
poia_webauthn,PoIA with WebAuthn,10,1418,0.002416,0.022583,0.187459,0.982625,1.198625,5501.198625
poia_webauthn,PoIA with WebAuthn,10,1419,0.002708,0.022625,0.08325,0.284417,0.396667,5500.396667
poia_webauthn,PoIA with WebAuthn,10,1420,0.00225,0.021833,0.068875,0.1965,0.292542,5500.292542
poia_webauthn,PoIA with WebAuthn,10,1421,0.00275,0.038416,0.10775,0.287917,0.440875,5500.440875
poia_webauthn,PoIA with WebAuthn,10,1422,0.002291,0.026584,0.220958,0.328083,0.581375,5500.581375
poia_webauthn,PoIA with WebAuthn,10,1423,0.002666,0.022833,0.334375,0.286167,0.64975,5500.64975
poia_webauthn,PoIA with WebAuthn,10,1424,0.002375,0.0215,0.215958,0.330542,0.573959,5500.573959
poia_webauthn,PoIA with WebAuthn,10,1425,0.002333,0.021833,0.490459,0.311,0.829292,5500.829292
poia_webauthn,PoIA with WebAuthn,10,1426,0.003625,0.034291,1.114541,0.24775,1.4055,5501.4055
poia_webauthn,PoIA with WebAuthn,10,1427,0.002625,0.026458,0.081916,0.348708,0.463125,5500.463125
poia_webauthn,PoIA with WebAuthn,10,1428,0.005875,0.055083,0.547042,0.769916,1.385958,5501.385958
poia_webauthn,PoIA with WebAuthn,10,1429,0.002291,0.022125,0.274666,0.204,0.506458,5500.506458
poia_webauthn,PoIA with WebAuthn,10,1430,0.002167,0.019333,0.15025,0.318834,0.493584,5500.493584
poia_webauthn,PoIA with WebAuthn,10,1431,0.00275,0.028334,0.718375,0.411167,1.165083,5501.165083
poia_webauthn,PoIA with WebAuthn,10,1432,0.002459,0.021875,0.073041,0.836541,0.936792,5500.936792
poia_webauthn,PoIA with WebAuthn,10,1433,0.002709,0.025333,0.700083,0.945584,1.677625,5501.677625
poia_webauthn,PoIA with WebAuthn,10,1434,0.002292,0.028625,0.06725,0.516292,0.617375,5500.617375
poia_webauthn,PoIA with WebAuthn,10,1435,0.00225,0.022583,0.183875,0.326125,0.538208,5500.538208
poia_webauthn,PoIA with WebAuthn,10,1436,0.002125,0.021875,0.072916,0.299625,0.39975,5500.39975
poia_webauthn,PoIA with WebAuthn,10,1437,0.006541,0.136375,0.354,0.497333,1.062541,5501.062541
poia_webauthn,PoIA with WebAuthn,10,1438,0.007375,0.083875,0.151125,0.747666,0.995542,5500.995542
poia_webauthn,PoIA with WebAuthn,10,1439,0.004916,0.043375,1.284042,0.389125,1.729,5501.729
poia_webauthn,PoIA with WebAuthn,10,1440,0.002458,0.021625,0.217708,0.153416,0.398167,5500.398167
poia_webauthn,PoIA with WebAuthn,10,1441,0.002833,0.033875,0.104083,0.323459,0.468041,5500.468041
poia_webauthn,PoIA with WebAuthn,10,1442,0.0025,0.022375,0.073708,0.408583,0.510333,5500.510333
poia_webauthn,PoIA with WebAuthn,10,1443,0.00225,0.023167,0.297333,0.491333,0.817584,5500.817584
poia_webauthn,PoIA with WebAuthn,10,1444,0.002375,0.022917,0.067792,0.188334,0.284667,5500.284667
poia_webauthn,PoIA with WebAuthn,10,1445,0.002416,0.0225,0.409792,0.283833,0.722209,5500.722209
poia_webauthn,PoIA with WebAuthn,10,1446,0.00725,0.081958,3.622375,0.668166,4.385834,5504.385834
poia_webauthn,PoIA with WebAuthn,10,1447,0.059417,0.053917,0.503209,0.819583,1.442125,5501.442125
poia_webauthn,PoIA with WebAuthn,10,1448,0.00575,0.045458,0.765667,0.366791,1.190209,5501.190209
poia_webauthn,PoIA with WebAuthn,10,1449,0.007916,0.182083,0.179333,0.390166,0.767083,5500.767083
poia_webauthn,PoIA with WebAuthn,10,1450,0.00225,0.021958,0.067084,0.207125,0.301208,5500.301208
poia_webauthn,PoIA with WebAuthn,10,1451,0.005708,0.054875,0.468917,0.818417,1.356333,5501.356333
poia_webauthn,PoIA with WebAuthn,10,1452,0.002417,0.021833,0.07475,0.402,0.503917,5500.503917
poia_webauthn,PoIA with WebAuthn,10,1453,0.002334,0.021542,0.320291,0.851542,1.199292,5501.199292
poia_webauthn,PoIA with WebAuthn,10,1454,0.002792,0.024292,0.071,0.828,0.929541,5500.929541
poia_webauthn,PoIA with WebAuthn,10,1455,0.0025,0.022125,0.303458,0.234417,0.565917,5500.565917
poia_webauthn,PoIA with WebAuthn,10,1456,0.00225,0.021875,0.180333,0.144333,0.351834,5500.351834
poia_webauthn,PoIA with WebAuthn,10,1457,0.006125,0.059125,0.34625,0.702875,1.152167,5501.152167
poia_webauthn,PoIA with WebAuthn,10,1458,0.003125,0.083833,0.106875,0.16375,0.361625,5500.361625
poia_webauthn,PoIA with WebAuthn,10,1459,0.0025,0.023709,0.190041,0.320083,0.539875,5500.539875
poia_webauthn,PoIA with WebAuthn,10,1460,0.003875,0.035875,0.12825,0.304125,0.476833,5500.476833
poia_webauthn,PoIA with WebAuthn,10,1461,0.003916,0.037625,0.579334,0.32075,0.946625,5500.946625
poia_webauthn,PoIA with WebAuthn,10,1462,0.005583,0.025916,0.2225,0.328125,0.586208,5500.586208
poia_webauthn,PoIA with WebAuthn,10,1463,0.003083,0.035125,0.284709,0.432584,0.759875,5500.759875
poia_webauthn,PoIA with WebAuthn,10,1464,0.002542,0.022084,1.108625,0.159542,1.295709,5501.295709
poia_webauthn,PoIA with WebAuthn,10,1465,0.00225,0.022542,0.221417,0.251125,0.500833,5500.500833
poia_webauthn,PoIA with WebAuthn,10,1466,0.002292,0.021708,0.067542,0.516416,0.610625,5500.610625
poia_webauthn,PoIA with WebAuthn,10,1467,0.002292,0.022,0.070167,0.361958,0.459583,5500.459583
poia_webauthn,PoIA with WebAuthn,10,1468,0.00225,0.021583,0.079667,0.13175,0.238,5500.238
poia_webauthn,PoIA with WebAuthn,10,1469,0.002292,0.022083,0.394792,0.152667,0.574917,5500.574917
poia_webauthn,PoIA with WebAuthn,10,1470,0.005042,0.087166,1.071292,2.406625,3.577083,5503.577083
poia_webauthn,PoIA with WebAuthn,10,1471,0.003292,0.028333,0.318625,0.353584,0.708,5500.708
poia_webauthn,PoIA with WebAuthn,10,1472,0.002209,0.022208,0.066917,0.135709,0.23025,5500.23025
poia_webauthn,PoIA with WebAuthn,10,1473,0.003125,0.053,0.260875,0.449708,0.771583,5500.771583
poia_webauthn,PoIA with WebAuthn,10,1474,0.002291,0.02225,0.068417,0.37125,0.467375,5500.467375
poia_webauthn,PoIA with WebAuthn,10,1475,0.002291,0.0225,0.070083,0.317333,0.415458,5500.415458
poia_webauthn,PoIA with WebAuthn,10,1476,0.002375,0.021917,0.414917,0.368042,0.810792,5500.810792
poia_webauthn,PoIA with WebAuthn,10,1477,0.002458,0.0215,0.071166,0.279209,0.377459,5500.377459
poia_webauthn,PoIA with WebAuthn,10,1478,0.002334,0.039125,0.214333,0.142291,0.401209,5500.401209
poia_webauthn,PoIA with WebAuthn,10,1479,0.004,0.035833,0.137,0.24225,0.423458,5500.423458
poia_webauthn,PoIA with WebAuthn,10,1480,0.003208,0.028791,0.647458,0.515417,1.199708,5501.199708
poia_webauthn,PoIA with WebAuthn,10,1481,0.002875,0.027,0.439,0.3625,0.835375,5500.835375
poia_webauthn,PoIA with WebAuthn,10,1482,0.0025,0.022041,0.070375,0.285875,0.384167,5500.384167
poia_webauthn,PoIA with WebAuthn,10,1483,0.002459,0.022833,0.59075,0.351875,0.971666,5500.971666
poia_webauthn,PoIA with WebAuthn,10,1484,0.002333,0.022625,0.433959,0.397167,0.859417,5500.859417
poia_webauthn,PoIA with WebAuthn,10,1485,0.002625,0.02625,0.308583,0.266791,0.60775,5500.60775
poia_webauthn,PoIA with WebAuthn,10,1486,0.002333,0.022917,0.06875,0.18825,0.285167,5500.285167
poia_webauthn,PoIA with WebAuthn,10,1487,0.002375,0.026,0.748708,0.930708,1.711417,5501.711417
poia_webauthn,PoIA with WebAuthn,10,1488,0.002458,0.021792,0.216791,0.334041,0.578708,5500.578708
poia_webauthn,PoIA with WebAuthn,10,1489,0.002334,0.021333,0.070708,0.318959,0.4165,5500.4165
poia_webauthn,PoIA with WebAuthn,10,1490,0.002208,0.02225,0.203667,0.271958,0.503541,5500.503541
poia_webauthn,PoIA with WebAuthn,10,1491,0.066292,0.050792,0.133125,0.613666,0.870458,5500.870458
poia_webauthn,PoIA with WebAuthn,10,1492,0.006916,0.045916,0.489083,1.259542,1.808958,5501.808958
poia_webauthn,PoIA with WebAuthn,10,1493,0.0065,0.06575,0.835208,0.88825,1.805041,5501.805041
poia_webauthn,PoIA with WebAuthn,10,1494,0.003541,0.03375,0.383208,0.545917,0.971791,5500.971791
poia_webauthn,PoIA with WebAuthn,10,1495,0.002333,0.022416,0.067125,0.494875,0.589708,5500.589708
poia_webauthn,PoIA with WebAuthn,10,1496,0.014416,0.027291,0.078375,0.308,0.431541,5500.431541
poia_webauthn,PoIA with WebAuthn,10,1497,0.0025,0.023417,0.217167,0.319208,0.565708,5500.565708
poia_webauthn,PoIA with WebAuthn,10,1498,0.002334,0.02275,0.19325,0.313125,0.535125,5500.535125
poia_webauthn,PoIA with WebAuthn,10,1499,0.00225,0.021667,0.066583,0.305541,0.399334,5500.399334
poia_webauthn,PoIA with WebAuthn,10,1500,0.002334,0.022667,0.068167,0.18725,0.283292,5500.283292
poia_webauthn,PoIA with WebAuthn,10,1501,0.005208,0.054208,0.987333,0.314667,1.368708,5501.368708
poia_webauthn,PoIA with WebAuthn,10,1502,0.003792,0.043417,0.388458,0.23925,0.678291,5500.678291
poia_webauthn,PoIA with WebAuthn,10,1503,0.002417,0.022291,0.221,0.338583,0.587792,5500.587792
poia_webauthn,PoIA with WebAuthn,10,1504,0.005792,0.050542,0.375542,0.681417,1.12025,5501.12025
poia_webauthn,PoIA with WebAuthn,10,1505,0.003458,0.033542,1.323167,0.484333,1.849709,5501.849709
poia_webauthn,PoIA with WebAuthn,10,1506,0.002375,0.022791,0.082333,0.123666,0.233625,5500.233625
poia_webauthn,PoIA with WebAuthn,10,1507,0.0025,0.022166,0.071583,0.296083,0.395334,5500.395334
poia_webauthn,PoIA with WebAuthn,10,1508,0.002125,0.021709,0.066541,0.302292,0.395625,5500.395625
poia_webauthn,PoIA with WebAuthn,10,1509,0.002291,0.021709,0.070791,0.120541,0.217958,5500.217958
poia_webauthn,PoIA with WebAuthn,10,1510,0.00225,0.032,0.067667,0.132666,0.237375,5500.237375
poia_webauthn,PoIA with WebAuthn,10,1511,0.002417,0.02225,0.07125,0.303583,0.402625,5500.402625
poia_webauthn,PoIA with WebAuthn,10,1512,0.0025,0.023542,0.104958,0.207458,0.341959,5500.341959
poia_webauthn,PoIA with WebAuthn,10,1513,0.00275,0.026292,0.335875,0.161916,0.53025,5500.53025
poia_webauthn,PoIA with WebAuthn,10,1514,0.002166,0.026541,0.096333,0.306333,0.434583,5500.434583
poia_webauthn,PoIA with WebAuthn,10,1515,0.002458,0.0235,0.068041,0.840167,0.937167,5500.937167
poia_webauthn,PoIA with WebAuthn,10,1516,0.002292,0.033167,0.468292,0.3135,0.821,5500.821
poia_webauthn,PoIA with WebAuthn,10,1517,0.002291,0.02225,0.070666,0.277541,0.376042,5500.376042
poia_webauthn,PoIA with WebAuthn,10,1518,0.00225,0.022125,1.045666,0.249958,1.323833,5501.323833
poia_webauthn,PoIA with WebAuthn,10,1519,0.002542,0.025375,0.068333,0.269417,0.368667,5500.368667
poia_webauthn,PoIA with WebAuthn,10,1520,0.002166,0.023125,0.942958,0.301416,1.276708,5501.276708
poia_webauthn,PoIA with WebAuthn,10,1521,0.004125,0.042583,0.664833,0.443291,1.161708,5501.161708
poia_webauthn,PoIA with WebAuthn,10,1522,0.005375,0.052708,0.3115,0.551917,0.929333,5500.929333
poia_webauthn,PoIA with WebAuthn,10,1523,0.005542,0.052167,0.182083,0.357708,0.604375,5500.604375
poia_webauthn,PoIA with WebAuthn,10,1524,0.0035,0.033667,0.421292,0.490125,0.953166,5500.953166
poia_webauthn,PoIA with WebAuthn,10,1525,0.003417,0.028833,0.29975,0.683375,1.019958,5501.019958
poia_webauthn,PoIA with WebAuthn,10,1526,0.0025,0.02175,0.068917,0.300583,0.39675,5500.39675
poia_webauthn,PoIA with WebAuthn,10,1527,0.003042,0.041042,0.09125,0.403084,0.542375,5500.542375
poia_webauthn,PoIA with WebAuthn,10,1528,0.002375,0.044458,1.341625,0.33625,1.728916,5501.728916
poia_webauthn,PoIA with WebAuthn,10,1529,0.00425,0.021875,0.07175,0.311125,0.412042,5500.412042
poia_webauthn,PoIA with WebAuthn,10,1530,0.002375,0.021708,0.21975,0.271542,0.519917,5500.519917
poia_webauthn,PoIA with WebAuthn,10,1531,0.002334,0.022291,0.5495,0.167291,0.745167,5500.745167
poia_webauthn,PoIA with WebAuthn,10,1532,0.002459,0.022333,0.07675,0.3015,0.406375,5500.406375
poia_webauthn,PoIA with WebAuthn,10,1533,0.005125,0.046333,0.952541,0.541792,1.575125,5501.575125
poia_webauthn,PoIA with WebAuthn,10,1534,0.0025,0.0255,0.840708,0.691084,1.564458,5501.564458
poia_webauthn,PoIA with WebAuthn,10,1535,0.002625,0.024792,0.075833,0.368458,0.474875,5500.474875
poia_webauthn,PoIA with WebAuthn,10,1536,0.002375,0.022125,0.838833,0.140417,1.006792,5501.006792
poia_webauthn,PoIA with WebAuthn,10,1537,0.002333,0.022291,0.341791,0.592708,0.965917,5500.965917
poia_webauthn,PoIA with WebAuthn,10,1538,0.002458,0.023083,0.185625,0.321333,0.535917,5500.535917
poia_webauthn,PoIA with WebAuthn,10,1539,0.0025,0.022625,0.25025,0.327416,0.606417,5500.606417
poia_webauthn,PoIA with WebAuthn,10,1540,0.002375,0.022333,0.315625,0.318584,0.662375,5500.662375
poia_webauthn,PoIA with WebAuthn,10,1541,0.002375,0.022208,0.712334,0.231875,0.972125,5500.972125
poia_webauthn,PoIA with WebAuthn,10,1542,0.005834,0.09,0.142584,0.265791,0.508666,5500.508666
poia_webauthn,PoIA with WebAuthn,10,1543,0.004333,0.043625,0.114083,2.029166,2.197166,5502.197166
poia_webauthn,PoIA with WebAuthn,10,1544,0.003541,0.039292,0.285,0.243291,0.575583,5500.575583
poia_webauthn,PoIA with WebAuthn,10,1545,0.005625,0.054375,0.957167,0.384209,1.409375,5501.409375
poia_webauthn,PoIA with WebAuthn,10,1546,0.003,0.029375,0.095625,0.419542,0.551709,5500.551709
poia_webauthn,PoIA with WebAuthn,10,1547,0.002458,0.022417,0.224083,0.443,0.695458,5500.695458
poia_webauthn,PoIA with WebAuthn,10,1548,0.002916,0.026375,0.2175,0.334375,0.584667,5500.584667
poia_webauthn,PoIA with WebAuthn,10,1549,0.002208,0.021708,0.067334,0.133833,0.227542,5500.227542
poia_webauthn,PoIA with WebAuthn,10,1550,0.002375,0.022958,0.067167,0.19175,0.287375,5500.287375
poia_webauthn,PoIA with WebAuthn,10,1551,0.002459,0.022709,0.179625,0.314709,0.523167,5500.523167
poia_webauthn,PoIA with WebAuthn,10,1552,0.002583,0.023125,0.579167,0.252792,0.861166,5500.861166
poia_webauthn,PoIA with WebAuthn,10,1553,0.006708,0.056375,0.666333,0.8965,1.634833,5501.634833
poia_webauthn,PoIA with WebAuthn,10,1554,0.003666,0.033292,0.435708,0.413958,0.892083,5500.892083
poia_webauthn,PoIA with WebAuthn,10,1555,0.003375,0.031334,1.156084,0.246625,1.442709,5501.442709
poia_webauthn,PoIA with WebAuthn,10,1556,0.005709,0.052708,0.523458,0.5345,1.12475,5501.12475
poia_webauthn,PoIA with WebAuthn,10,1557,0.002625,0.022833,0.933417,0.276291,1.238292,5501.238292
poia_webauthn,PoIA with WebAuthn,10,1558,0.002667,0.0225,0.16525,0.273042,0.466917,5500.466917
poia_webauthn,PoIA with WebAuthn,10,1559,0.002334,0.024,0.220875,0.351083,0.601625,5500.601625
poia_webauthn,PoIA with WebAuthn,10,1560,0.002291,0.023083,0.188875,0.396166,0.614125,5500.614125
poia_webauthn,PoIA with WebAuthn,10,1561,0.002667,0.022166,0.067791,0.306125,0.401917,5500.401917
poia_webauthn,PoIA with WebAuthn,10,1562,0.002375,0.0215,0.205,0.253417,0.485875,5500.485875
poia_webauthn,PoIA with WebAuthn,10,1563,0.0025,0.022083,0.086041,0.120333,0.233625,5500.233625
poia_webauthn,PoIA with WebAuthn,10,1564,0.003333,0.034584,0.344958,0.322792,0.7095,5500.7095
poia_webauthn,PoIA with WebAuthn,10,1565,0.002167,0.021791,0.071792,0.2565,0.354917,5500.354917
poia_webauthn,PoIA with WebAuthn,10,1566,0.003875,0.041625,0.1115,0.527042,0.694667,5500.694667
poia_webauthn,PoIA with WebAuthn,10,1567,0.005083,0.049791,0.132917,0.800041,0.994041,5500.994041
poia_webauthn,PoIA with WebAuthn,10,1568,0.00325,0.037708,0.102958,5.365,5.512667,5505.512667
poia_webauthn,PoIA with WebAuthn,10,1569,0.01075,0.088,0.670917,0.479792,1.256375,5501.256375
poia_webauthn,PoIA with WebAuthn,10,1570,0.002833,0.028291,0.354,0.237333,0.626333,5500.626333
poia_webauthn,PoIA with WebAuthn,10,1571,0.009917,0.192375,0.301416,1.382166,1.965541,5501.965541
poia_webauthn,PoIA with WebAuthn,10,1572,0.002459,0.022,0.071125,0.198542,0.297167,5500.297167
poia_webauthn,PoIA with WebAuthn,10,1573,0.002375,0.021791,0.068083,0.330875,0.425917,5500.425917
poia_webauthn,PoIA with WebAuthn,10,1574,0.002416,0.021917,0.428334,0.232292,0.688625,5500.688625
poia_webauthn,PoIA with WebAuthn,10,1575,0.002125,0.021625,0.229084,0.132208,0.388125,5500.388125
poia_webauthn,PoIA with WebAuthn,10,1576,0.002208,0.021458,0.309,0.653958,0.990042,5500.990042
poia_webauthn,PoIA with WebAuthn,10,1577,0.006792,0.089,0.333292,0.490917,0.93,5500.93
poia_webauthn,PoIA with WebAuthn,10,1578,0.003292,0.027958,0.367583,0.168625,0.571125,5500.571125
poia_webauthn,PoIA with WebAuthn,10,1579,0.0025,0.023291,0.0705,0.312375,0.411667,5500.411667
poia_webauthn,PoIA with WebAuthn,10,1580,0.004,0.040708,1.971875,2.257334,4.279125,5504.279125
poia_webauthn,PoIA with WebAuthn,10,1581,0.005708,0.051875,0.166875,0.779208,1.010625,5501.010625
poia_webauthn,PoIA with WebAuthn,10,1582,0.002834,0.024667,0.157708,0.340291,0.529125,5500.529125
poia_webauthn,PoIA with WebAuthn,10,1583,0.002416,0.022167,0.320875,0.244,0.593,5500.593
poia_webauthn,PoIA with WebAuthn,10,1584,0.002375,0.02225,0.26375,0.2885,0.580708,5500.580708
poia_webauthn,PoIA with WebAuthn,10,1585,0.0025,0.023708,0.345084,0.329125,0.703959,5500.703959
poia_webauthn,PoIA with WebAuthn,10,1586,0.002292,0.022375,0.184625,0.287625,0.500417,5500.500417
poia_webauthn,PoIA with WebAuthn,10,1587,0.00225,0.022584,0.184458,0.149667,0.362084,5500.362084
poia_webauthn,PoIA with WebAuthn,10,1588,0.002375,0.033291,0.072625,0.457208,0.568667,5500.568667
poia_webauthn,PoIA with WebAuthn,10,1589,0.005667,0.053917,0.164166,0.290834,0.521083,5500.521083
poia_webauthn,PoIA with WebAuthn,10,1590,0.016584,0.042541,0.502791,1.001958,1.569833,5501.569833
poia_webauthn,PoIA with WebAuthn,10,1591,0.005125,0.049333,0.869875,0.580458,1.513917,5501.513917
poia_webauthn,PoIA with WebAuthn,10,1592,0.003583,0.033166,0.389625,0.453625,0.884959,5500.884959
poia_webauthn,PoIA with WebAuthn,10,1593,0.002916,0.025667,0.674333,0.1545,0.86075,5500.86075
poia_webauthn,PoIA with WebAuthn,10,1594,0.00675,0.068125,0.756,0.227667,1.063791,5501.063791
poia_webauthn,PoIA with WebAuthn,10,1595,0.003459,0.03375,0.788542,0.567917,1.398875,5501.398875
poia_webauthn,PoIA with WebAuthn,10,1596,0.002291,0.022167,0.074375,0.14075,0.242125,5500.242125
poia_webauthn,PoIA with WebAuthn,10,1597,0.002458,0.026583,0.217708,0.36625,0.616708,5500.616708
poia_webauthn,PoIA with WebAuthn,10,1598,0.002458,0.022959,0.068708,0.190917,0.288166,5500.288166
poia_webauthn,PoIA with WebAuthn,10,1599,0.002375,0.022666,0.072917,0.190042,0.291125,5500.291125
poia_webauthn,PoIA with WebAuthn,10,1600,0.002208,0.02225,0.628459,0.133,0.788875,5500.788875
poia_webauthn,PoIA with WebAuthn,10,1601,0.00725,0.095625,0.394917,0.35425,0.914584,5500.914584
poia_webauthn,PoIA with WebAuthn,10,1602,0.00375,0.03275,0.828417,0.447,1.317166,5501.317166
poia_webauthn,PoIA with WebAuthn,10,1603,0.003292,0.025875,0.295916,0.413167,0.74275,5500.74275
poia_webauthn,PoIA with WebAuthn,10,1604,0.002292,0.022,0.071291,0.133666,0.23175,5500.23175
poia_webauthn,PoIA with WebAuthn,10,1605,0.002416,0.021833,0.453917,0.162375,0.644042,5500.644042
poia_webauthn,PoIA with WebAuthn,10,1606,0.002375,0.022292,0.188375,0.330958,0.547875,5500.547875
poia_webauthn,PoIA with WebAuthn,10,1607,0.00225,0.021709,0.07075,0.305583,0.403333,5500.403333
poia_webauthn,PoIA with WebAuthn,10,1608,0.002208,0.021583,0.067334,0.3075,0.40175,5500.40175
poia_webauthn,PoIA with WebAuthn,10,1609,0.0025,0.02775,0.216375,0.332833,0.582875,5500.582875
poia_webauthn,PoIA with WebAuthn,10,1610,0.003458,0.029042,0.296125,0.52525,0.858542,5500.858542
poia_webauthn,PoIA with WebAuthn,10,1611,0.003625,0.032834,0.106333,0.218416,0.365208,5500.365208
poia_webauthn,PoIA with WebAuthn,10,1612,0.002667,0.025167,0.080292,0.379875,0.491375,5500.491375
poia_webauthn,PoIA with WebAuthn,10,1613,0.003417,0.034,0.109291,0.351833,0.503333,5500.503333
poia_webauthn,PoIA with WebAuthn,10,1614,0.002417,0.02225,0.258792,0.755834,1.042792,5501.042792
poia_webauthn,PoIA with WebAuthn,10,1615,0.002458,0.022708,0.067084,0.187709,0.283,5500.283
poia_webauthn,PoIA with WebAuthn,10,1616,0.002334,0.021666,0.374667,0.235833,0.638125,5500.638125
poia_webauthn,PoIA with WebAuthn,10,1617,0.002458,0.022292,0.081458,0.281041,0.390542,5500.390542
poia_webauthn,PoIA with WebAuthn,10,1618,0.0025,0.022625,0.068875,0.120083,0.216666,5500.216666
poia_webauthn,PoIA with WebAuthn,10,1619,0.002917,0.027,0.08,0.368416,0.482,5500.482
poia_webauthn,PoIA with WebAuthn,10,1620,0.004,0.040583,0.560417,3.9445,4.554417,5504.554417
poia_webauthn,PoIA with WebAuthn,10,1621,0.002666,0.023542,0.073125,0.277584,0.380167,5500.380167
poia_webauthn,PoIA with WebAuthn,10,1622,0.002208,0.02225,0.244125,0.159916,0.431583,5500.431583
poia_webauthn,PoIA with WebAuthn,10,1623,0.002291,0.021833,0.184709,0.32325,0.535583,5500.535583
poia_webauthn,PoIA with WebAuthn,10,1624,0.002458,0.022125,0.232958,0.327292,0.588208,5500.588208
poia_webauthn,PoIA with WebAuthn,10,1625,0.002208,0.021458,0.079417,0.340625,0.44675,5500.44675
poia_webauthn,PoIA with WebAuthn,10,1626,0.002291,0.021792,0.230625,0.287875,0.546167,5500.546167
poia_webauthn,PoIA with WebAuthn,10,1627,0.002333,0.022083,0.070542,0.324792,0.422834,5500.422834
poia_webauthn,PoIA with WebAuthn,10,1628,0.002583,0.022875,0.481458,0.32225,0.832625,5500.832625
poia_webauthn,PoIA with WebAuthn,10,1629,0.002417,0.022958,0.222541,0.318042,0.569625,5500.569625
poia_webauthn,PoIA with WebAuthn,10,1630,0.005,0.0405,0.824917,0.846792,1.724583,5501.724583
poia_webauthn,PoIA with WebAuthn,10,1631,0.003458,0.029917,0.246042,0.491875,0.775958,5500.775958
poia_webauthn,PoIA with WebAuthn,10,1632,0.002375,0.023834,0.563042,0.30675,0.900458,5500.900458
poia_webauthn,PoIA with WebAuthn,10,1633,0.002375,0.021417,0.067125,0.130292,0.223708,5500.223708
poia_webauthn,PoIA with WebAuthn,10,1634,0.002708,0.02425,0.223875,0.2765,0.530667,5500.530667
poia_webauthn,PoIA with WebAuthn,10,1635,0.002292,0.022166,0.264709,0.320875,0.613541,5500.613541
poia_webauthn,PoIA with WebAuthn,10,1636,0.002208,0.021542,0.066708,0.324709,0.418166,5500.418166
poia_webauthn,PoIA with WebAuthn,10,1637,0.002459,0.022292,0.184125,0.330084,0.542375,5500.542375
poia_webauthn,PoIA with WebAuthn,10,1638,0.002333,0.022292,0.721708,0.235334,0.985334,5500.985334
poia_webauthn,PoIA with WebAuthn,10,1639,0.003959,0.033291,0.276084,0.427625,0.746333,5500.746333
poia_webauthn,PoIA with WebAuthn,10,1640,0.002834,0.025541,0.211916,0.321625,0.565917,5500.565917
poia_webauthn,PoIA with WebAuthn,10,1641,0.00225,0.021875,0.261917,0.351625,0.641083,5500.641083
poia_webauthn,PoIA with WebAuthn,10,1642,0.00225,0.021916,0.071375,0.2695,0.368042,5500.368042
poia_webauthn,PoIA with WebAuthn,10,1643,0.00225,0.022792,0.185125,0.371334,0.584916,5500.584916
poia_webauthn,PoIA with WebAuthn,10,1644,0.00225,0.021875,0.07075,0.316875,0.414791,5500.414791
poia_webauthn,PoIA with WebAuthn,10,1645,0.002416,0.022833,0.067792,0.185958,0.282125,5500.282125
poia_webauthn,PoIA with WebAuthn,10,1646,0.002375,0.022125,0.216375,0.331542,0.576041,5500.576041
poia_webauthn,PoIA with WebAuthn,10,1647,0.002625,0.024084,0.241208,0.318084,0.589375,5500.589375
poia_webauthn,PoIA with WebAuthn,10,1648,0.006417,0.055375,0.505125,0.419291,0.993916,5500.993916
poia_webauthn,PoIA with WebAuthn,10,1649,0.00525,0.058584,1.253041,2.254833,3.579208,5503.579208
poia_webauthn,PoIA with WebAuthn,10,1650,0.011333,0.061083,0.138666,0.406166,0.622958,5500.622958
poia_webauthn,PoIA with WebAuthn,10,1651,0.004917,0.043084,1.027709,0.930667,2.013708,5502.013708
poia_webauthn,PoIA with WebAuthn,10,1652,0.002875,0.04825,0.267417,0.14975,0.471666,5500.471666
poia_webauthn,PoIA with WebAuthn,10,1653,0.002333,0.021791,0.067834,0.316083,0.410958,5500.410958
poia_webauthn,PoIA with WebAuthn,10,1654,0.0025,0.021875,0.100375,0.276916,0.404875,5500.404875
poia_webauthn,PoIA with WebAuthn,10,1655,0.002291,0.022042,0.067333,0.309042,0.40375,5500.40375
poia_webauthn,PoIA with WebAuthn,10,1656,0.00225,0.021917,0.067916,0.30525,0.400375,5500.400375
poia_webauthn,PoIA with WebAuthn,10,1657,0.002208,0.023,0.183542,0.315292,0.527792,5500.527792
poia_webauthn,PoIA with WebAuthn,10,1658,0.004834,0.042125,0.276208,0.482208,0.81175,5500.81175
poia_webauthn,PoIA with WebAuthn,10,1659,0.004458,0.043709,0.349541,0.2665,0.669,5500.669
poia_webauthn,PoIA with WebAuthn,10,1660,0.006459,0.079042,0.95475,0.351875,1.400375,5501.400375
poia_webauthn,PoIA with WebAuthn,10,1661,0.009083,0.179917,0.190042,0.806459,1.195125,5501.195125
poia_webauthn,PoIA with WebAuthn,10,1662,0.003042,0.185,0.881541,0.347625,1.424459,5501.424459
poia_webauthn,PoIA with WebAuthn,10,1663,0.002208,0.021542,0.069708,0.120417,0.216375,5500.216375
poia_webauthn,PoIA with WebAuthn,10,1664,0.002416,0.022042,0.06825,0.320542,0.41625,5500.41625
poia_webauthn,PoIA with WebAuthn,10,1665,0.002541,0.022958,0.351458,0.260875,0.640917,5500.640917
poia_webauthn,PoIA with WebAuthn,10,1666,0.002375,0.022167,0.911583,0.230459,1.169833,5501.169833
poia_webauthn,PoIA with WebAuthn,10,1667,0.002375,0.022,0.067667,0.27225,0.367417,5500.367417
poia_webauthn,PoIA with WebAuthn,10,1668,0.002167,0.021667,0.2235,0.21125,0.462,5500.462
poia_webauthn,PoIA with WebAuthn,10,1669,0.004042,0.043667,0.570667,1.865083,2.491833,5502.491833
poia_webauthn,PoIA with WebAuthn,10,1670,0.004583,0.040833,0.160208,1.106625,1.318,5501.318
poia_webauthn,PoIA with WebAuthn,10,1671,0.003375,0.031125,0.109792,0.252375,0.400959,5500.400959
poia_webauthn,PoIA with WebAuthn,10,1672,0.003791,0.0355,0.1825,0.536542,0.763666,5500.763666
poia_webauthn,PoIA with WebAuthn,10,1673,0.002417,0.023125,0.528625,0.929,1.487375,5501.487375
poia_webauthn,PoIA with WebAuthn,10,1674,0.002125,0.022542,0.454833,0.500375,0.9835,5500.9835
poia_webauthn,PoIA with WebAuthn,10,1675,0.002417,0.021917,0.082042,0.315792,0.42525,5500.42525
poia_webauthn,PoIA with WebAuthn,10,1676,0.002458,0.022,0.23675,0.300208,0.564916,5500.564916
poia_webauthn,PoIA with WebAuthn,10,1677,0.002417,0.022875,0.098542,0.312708,0.440167,5500.440167
poia_webauthn,PoIA with WebAuthn,10,1678,0.002375,0.022416,0.081,0.309542,0.4185,5500.4185
poia_webauthn,PoIA with WebAuthn,10,1679,0.002542,0.022458,0.236625,0.131834,0.396542,5500.396542
poia_webauthn,PoIA with WebAuthn,10,1680,0.00675,0.055333,0.167917,0.364,0.600542,5500.600542
poia_webauthn,PoIA with WebAuthn,10,1681,0.00425,0.042666,0.115083,2.515125,2.682041,5502.682041
poia_webauthn,PoIA with WebAuthn,10,1682,0.00225,0.022375,0.074333,0.38425,0.486333,5500.486333
poia_webauthn,PoIA with WebAuthn,10,1683,0.005084,0.051792,0.532125,0.674458,1.270625,5501.270625
poia_webauthn,PoIA with WebAuthn,10,1684,0.003167,0.025375,0.191709,0.341083,0.565333,5500.565333
poia_webauthn,PoIA with WebAuthn,10,1685,0.002208,0.02175,0.503541,0.131625,0.662125,5500.662125
poia_webauthn,PoIA with WebAuthn,10,1686,0.002333,0.022417,1.067333,0.265125,1.36625,5501.36625
poia_webauthn,PoIA with WebAuthn,10,1687,0.002583,0.022416,0.27425,0.166459,0.469167,5500.469167
poia_webauthn,PoIA with WebAuthn,10,1688,0.002958,0.026166,0.092209,0.272,0.396667,5500.396667
poia_webauthn,PoIA with WebAuthn,10,1689,0.002375,0.032834,0.344208,0.321334,0.704375,5500.704375
poia_webauthn,PoIA with WebAuthn,10,1690,0.002542,0.02325,0.712917,0.231417,0.97375,5500.97375
poia_webauthn,PoIA with WebAuthn,10,1691,0.00225,0.021875,0.252833,0.133667,0.413875,5500.413875
poia_webauthn,PoIA with WebAuthn,10,1692,0.069,0.057958,1.146333,0.299917,1.604417,5501.604417
poia_webauthn,PoIA with WebAuthn,10,1693,0.004083,0.03525,0.354625,0.251084,0.650417,5500.650417
poia_webauthn,PoIA with WebAuthn,10,1694,0.002625,0.023625,0.290708,0.614584,0.935292,5500.935292
poia_webauthn,PoIA with WebAuthn,10,1695,0.002375,0.022292,0.071458,0.22375,0.322917,5500.322917
poia_webauthn,PoIA with WebAuthn,10,1696,0.002834,0.024459,0.238458,0.3325,0.601625,5500.601625
poia_webauthn,PoIA with WebAuthn,10,1697,0.002542,0.022667,0.403667,0.131958,0.563917,5500.563917
poia_webauthn,PoIA with WebAuthn,10,1698,0.002375,0.021833,0.76,0.253792,1.0415,5501.0415
poia_webauthn,PoIA with WebAuthn,10,1699,0.002709,0.022791,0.150542,0.271625,0.451209,5500.451209
poia_webauthn,PoIA with WebAuthn,10,1700,0.0025,0.02325,0.217583,0.149958,0.396542,5500.396542
poia_webauthn,PoIA with WebAuthn,10,1701,0.002417,0.021958,0.221083,0.250208,0.499209,5500.499209
poia_webauthn,PoIA with WebAuthn,10,1702,0.004375,0.044083,0.436292,0.597417,1.08675,5501.08675
poia_webauthn,PoIA with WebAuthn,10,1703,0.005125,0.052375,0.487625,0.9035,1.457208,5501.457208
poia_webauthn,PoIA with WebAuthn,10,1704,0.002666,0.086042,0.879292,0.842,1.814875,5501.814875
poia_webauthn,PoIA with WebAuthn,10,1705,0.002667,0.024917,0.092458,0.56725,0.69075,5500.69075
poia_webauthn,PoIA with WebAuthn,10,1706,0.002167,0.022166,0.213791,0.319166,0.56075,5500.56075
poia_webauthn,PoIA with WebAuthn,10,1707,0.002833,0.028541,0.2365,0.1875,0.459042,5500.459042
poia_webauthn,PoIA with WebAuthn,10,1708,0.0025,0.023625,0.162875,0.334542,0.527125,5500.527125
poia_webauthn,PoIA with WebAuthn,10,1709,0.002375,0.022083,0.190167,0.164834,0.382917,5500.382917
poia_webauthn,PoIA with WebAuthn,10,1710,0.002291,0.022208,0.083334,0.119708,0.23,5500.23
poia_webauthn,PoIA with WebAuthn,10,1711,0.002375,0.022333,0.308542,0.493041,0.829875,5500.829875
poia_webauthn,PoIA with WebAuthn,10,1712,0.002458,0.022875,0.265041,0.132584,0.426125,5500.426125
poia_webauthn,PoIA with WebAuthn,10,1713,0.003542,0.033375,0.308875,0.363541,0.714583,5500.714583
poia_webauthn,PoIA with WebAuthn,10,1714,0.002625,0.030583,0.424125,0.361834,0.823208,5500.823208
poia_webauthn,PoIA with WebAuthn,10,1715,0.002542,0.023542,0.437458,0.242041,0.709292,5500.709292
poia_webauthn,PoIA with WebAuthn,10,1716,0.005875,0.060708,0.649167,0.773042,1.493792,5501.493792
poia_webauthn,PoIA with WebAuthn,10,1717,0.006208,0.056333,0.739208,2.1045,2.913708,5502.913708
poia_webauthn,PoIA with WebAuthn,10,1718,0.002417,0.022625,0.068833,0.135,0.23175,5500.23175
poia_webauthn,PoIA with WebAuthn,10,1719,0.002417,0.023167,0.3,0.263417,0.592541,5500.592541
poia_webauthn,PoIA with WebAuthn,10,1720,0.002541,0.02225,0.107542,0.319875,0.455791,5500.455791
poia_webauthn,PoIA with WebAuthn,10,1721,0.002292,0.022292,0.305542,0.23475,0.568416,5500.568416
poia_webauthn,PoIA with WebAuthn,10,1722,0.002417,0.022625,0.102458,0.263334,0.394208,5500.394208
poia_webauthn,PoIA with WebAuthn,10,1723,0.002208,0.021291,0.285042,0.134041,0.445542,5500.445542
poia_webauthn,PoIA with WebAuthn,10,1724,0.004958,0.051084,0.457208,0.229875,0.747583,5500.747583
poia_webauthn,PoIA with WebAuthn,10,1725,0.002375,0.02325,0.262959,0.606625,0.901667,5500.901667
poia_webauthn,PoIA with WebAuthn,10,1726,0.002333,0.022084,0.077834,0.121625,0.226459,5500.226459
poia_webauthn,PoIA with WebAuthn,10,1727,0.005583,0.059291,0.731708,0.215458,1.016708,5501.016708
poia_webauthn,PoIA with WebAuthn,10,1728,0.005083,0.046,0.382167,0.299833,0.739042,5500.739042
poia_webauthn,PoIA with WebAuthn,10,1729,0.002417,0.022375,0.182875,0.312625,0.523667,5500.523667
poia_webauthn,PoIA with WebAuthn,10,1730,0.002875,0.029958,0.094542,0.412917,0.544458,5500.544458
poia_webauthn,PoIA with WebAuthn,10,1731,0.002792,0.025375,0.241417,0.237458,0.5105,5500.5105
poia_webauthn,PoIA with WebAuthn,10,1732,0.00225,0.02225,0.183208,0.164,0.375334,5500.375334
poia_webauthn,PoIA with WebAuthn,10,1733,0.002417,0.02225,0.347208,0.131291,0.50625,5500.50625
poia_webauthn,PoIA with WebAuthn,10,1734,0.002333,0.021667,0.079917,0.131875,0.238416,5500.238416
poia_webauthn,PoIA with WebAuthn,10,1735,0.003,0.025333,0.085791,0.31,0.427375,5500.427375
poia_webauthn,PoIA with WebAuthn,10,1736,0.004583,0.049833,0.131625,0.536458,0.72825,5500.72825
poia_webauthn,PoIA with WebAuthn,10,1737,0.003875,0.040167,0.471792,0.2205,0.740959,5500.740959
poia_webauthn,PoIA with WebAuthn,10,1738,0.002917,0.028958,0.402167,0.392625,0.831333,5500.831333
poia_webauthn,PoIA with WebAuthn,10,1739,0.005959,0.052667,0.195416,0.285125,0.544917,5500.544917
poia_webauthn,PoIA with WebAuthn,10,1740,0.002292,0.022666,0.081208,0.196708,0.305959,5500.305959
poia_webauthn,PoIA with WebAuthn,10,1741,0.002167,0.023083,0.261583,0.26425,0.55425,5500.55425
poia_webauthn,PoIA with WebAuthn,10,1742,0.002459,0.024167,0.575417,0.134667,0.739791,5500.739791
poia_webauthn,PoIA with WebAuthn,10,1743,0.002417,0.02325,0.091625,0.1945,0.314959,5500.314959
poia_webauthn,PoIA with WebAuthn,10,1744,0.002375,0.022458,0.220167,0.27,0.51875,5500.51875
poia_webauthn,PoIA with WebAuthn,10,1745,0.002209,0.022041,0.0675,0.289083,0.383959,5500.383959
poia_webauthn,PoIA with WebAuthn,10,1746,0.002709,0.044958,1.530125,0.283458,1.866458,5501.866458
poia_webauthn,PoIA with WebAuthn,10,1747,0.004125,0.053292,0.391625,0.254542,0.709666,5500.709666
poia_webauthn,PoIA with WebAuthn,10,1748,0.002333,0.021458,0.260834,0.173583,0.461667,5500.461667
poia_webauthn,PoIA with WebAuthn,10,1749,0.002333,0.021667,0.163958,0.267791,0.459167,5500.459167
poia_webauthn,PoIA with WebAuthn,10,1750,0.003125,0.024375,0.279416,0.136209,0.446291,5500.446291
poia_webauthn,PoIA with WebAuthn,10,1751,0.00275,0.027541,0.272417,0.365792,0.672209,5500.672209
poia_webauthn,PoIA with WebAuthn,10,1752,0.002625,0.022542,0.285708,0.375917,0.690167,5500.690167
poia_webauthn,PoIA with WebAuthn,10,1753,0.002334,0.0215,0.067541,0.329417,0.423875,5500.423875
poia_webauthn,PoIA with WebAuthn,10,1754,0.00225,0.022834,0.258,0.153917,0.439792,5500.439792
poia_webauthn,PoIA with WebAuthn,10,1755,0.002292,0.022,0.070084,0.304834,0.402375,5500.402375
poia_webauthn,PoIA with WebAuthn,10,1756,0.007708,0.226042,0.478459,0.254292,0.971875,5500.971875
poia_webauthn,PoIA with WebAuthn,10,1757,0.003709,0.028958,0.145916,0.28925,0.472625,5500.472625
poia_webauthn,PoIA with WebAuthn,10,1758,0.004834,0.046791,0.125625,0.848875,1.03075,5501.03075
poia_webauthn,PoIA with WebAuthn,10,1759,0.006458,0.053125,0.732125,0.668625,1.469084,5501.469084
poia_webauthn,PoIA with WebAuthn,10,1760,0.002375,0.024291,0.205542,0.331917,0.567667,5500.567667
poia_webauthn,PoIA with WebAuthn,10,1761,0.003292,0.033583,0.377791,0.999458,1.419708,5501.419708
poia_webauthn,PoIA with WebAuthn,10,1762,0.007333,0.022083,0.102875,0.152291,0.287833,5500.287833
poia_webauthn,PoIA with WebAuthn,10,1763,0.003375,0.033916,0.097667,0.161083,0.299583,5500.299583
poia_webauthn,PoIA with WebAuthn,10,1764,0.002333,0.022416,0.06725,0.278625,0.373792,5500.373792
poia_webauthn,PoIA with WebAuthn,10,1765,0.002334,0.021792,0.070959,0.203917,0.302083,5500.302083
poia_webauthn,PoIA with WebAuthn,10,1766,0.00225,0.021916,0.765167,0.25775,1.050709,5501.050709
poia_webauthn,PoIA with WebAuthn,10,1767,0.002583,0.025541,0.077958,0.141333,0.250333,5500.250333
poia_webauthn,PoIA with WebAuthn,10,1768,0.004083,0.042833,0.120292,0.676042,0.848,5500.848
poia_webauthn,PoIA with WebAuthn,10,1769,0.00375,0.033875,0.130792,0.339125,0.512417,5500.512417
poia_webauthn,PoIA with WebAuthn,10,1770,0.002208,0.022416,0.07125,0.120792,0.21925,5500.21925
poia_webauthn,PoIA with WebAuthn,10,1771,0.002458,0.022042,0.074,0.221416,0.322875,5500.322875
poia_webauthn,PoIA with WebAuthn,10,1772,0.002292,0.022334,0.545166,0.263042,0.836375,5500.836375
poia_webauthn,PoIA with WebAuthn,10,1773,0.002334,0.022125,0.068375,0.257916,0.353916,5500.353916
poia_webauthn,PoIA with WebAuthn,10,1774,0.002334,0.021667,0.219083,0.319333,0.565959,5500.565959
poia_webauthn,PoIA with WebAuthn,10,1775,0.00375,0.028125,0.094042,0.212,0.341,5500.341
poia_webauthn,PoIA with WebAuthn,10,1776,0.006083,0.0525,0.517,1.018292,1.603583,5501.603583
poia_webauthn,PoIA with WebAuthn,10,1777,0.003042,0.029833,1.081667,0.287834,1.4065,5501.4065
poia_webauthn,PoIA with WebAuthn,10,1778,0.002667,0.024333,0.227,0.2635,0.521417,5500.521417
poia_webauthn,PoIA with WebAuthn,10,1779,0.002333,0.021875,0.068542,0.319917,0.41575,5500.41575
poia_webauthn,PoIA with WebAuthn,10,1780,0.002417,0.032417,0.375333,0.588,1.001958,5501.001958
poia_webauthn,PoIA with WebAuthn,10,1781,0.002375,0.022333,0.253708,0.321583,0.603459,5500.603459
poia_webauthn,PoIA with WebAuthn,10,1782,0.002459,0.022625,0.072458,0.310333,0.412417,5500.412417
poia_webauthn,PoIA with WebAuthn,10,1783,0.002333,0.021541,0.071459,0.134167,0.232292,5500.232292
poia_webauthn,PoIA with WebAuthn,10,1784,0.005708,0.053208,0.256666,0.412084,0.762,5500.762
poia_webauthn,PoIA with WebAuthn,10,1785,0.003792,0.035167,0.403083,0.488834,0.936292,5500.936292
poia_webauthn,PoIA with WebAuthn,10,1786,0.005458,0.069209,1.291333,0.702541,2.07575,5502.07575
poia_webauthn,PoIA with WebAuthn,10,1787,0.007,0.055917,0.60625,0.49975,1.177125,5501.177125
poia_webauthn,PoIA with WebAuthn,10,1788,0.002209,0.022125,0.400375,0.201875,0.630167,5500.630167
poia_webauthn,PoIA with WebAuthn,10,1789,0.002459,0.022,0.081833,0.285084,0.394375,5500.394375
poia_webauthn,PoIA with WebAuthn,10,1790,0.002333,0.032083,0.192375,0.316,0.546417,5500.546417
poia_webauthn,PoIA with WebAuthn,10,1791,0.002542,0.023042,0.067208,0.325125,0.421208,5500.421208
poia_webauthn,PoIA with WebAuthn,10,1792,0.00225,0.022208,0.0665,0.2705,0.364625,5500.364625
poia_webauthn,PoIA with WebAuthn,10,1793,0.002334,0.02225,0.636333,0.150084,0.814167,5500.814167
poia_webauthn,PoIA with WebAuthn,10,1794,0.002208,0.021958,0.125833,0.993583,1.146542,5501.146542
poia_webauthn,PoIA with WebAuthn,10,1795,0.003875,0.037208,0.625,0.390125,1.061875,5501.061875
poia_webauthn,PoIA with WebAuthn,10,1796,0.003709,0.034584,0.36175,0.43525,0.840625,5500.840625
poia_webauthn,PoIA with WebAuthn,10,1797,0.002708,0.026,0.082041,0.219958,0.3385,5500.3385
poia_webauthn,PoIA with WebAuthn,10,1798,0.007125,0.096083,1.264834,0.375125,1.753917,5501.753917
poia_webauthn,PoIA with WebAuthn,10,1799,0.003416,0.029084,0.093875,0.437084,0.567667,5500.567667
poia_webauthn,PoIA with WebAuthn,10,1800,0.003125,0.026084,0.084667,0.351541,0.468958,5500.468958
poia_webauthn,PoIA with WebAuthn,10,1801,0.002333,0.022542,0.072875,0.301709,0.4025,5500.4025
poia_webauthn,PoIA with WebAuthn,10,1802,0.002458,0.022166,0.070666,0.325625,0.424,5500.424
poia_webauthn,PoIA with WebAuthn,10,1803,0.002459,0.021917,0.224833,0.326958,0.579667,5500.579667
poia_webauthn,PoIA with WebAuthn,10,1804,0.002333,0.022167,0.246125,0.27525,0.549542,5500.549542
poia_webauthn,PoIA with WebAuthn,10,1805,0.002417,0.022667,1.068083,0.13225,1.2285,5501.2285
poia_webauthn,PoIA with WebAuthn,10,1806,0.002416,0.022083,0.070334,0.304792,0.402625,5500.402625
poia_webauthn,PoIA with WebAuthn,10,1807,0.002375,0.022167,0.072458,1.502875,1.603083,5501.603083
poia_webauthn,PoIA with WebAuthn,10,1808,0.00825,0.069083,0.600792,0.823708,1.507167,5501.507167
poia_webauthn,PoIA with WebAuthn,10,1809,0.004208,0.036292,0.325166,0.373417,0.744209,5500.744209
poia_webauthn,PoIA with WebAuthn,10,1810,0.0025,0.02575,0.233292,0.359833,0.624833,5500.624833
poia_webauthn,PoIA with WebAuthn,10,1811,0.002542,0.023083,0.184083,0.282792,0.496125,5500.496125
poia_webauthn,PoIA with WebAuthn,10,1812,0.00225,0.022125,0.364917,0.321,0.71375,5500.71375
poia_webauthn,PoIA with WebAuthn,10,1813,0.0025,0.023459,0.215833,0.314583,0.559958,5500.559958
poia_webauthn,PoIA with WebAuthn,10,1814,0.002333,0.022292,0.0735,0.3145,0.415708,5500.415708
poia_webauthn,PoIA with WebAuthn,10,1815,0.002417,0.02225,0.218458,0.136417,0.382458,5500.382458
poia_webauthn,PoIA with WebAuthn,10,1816,0.002417,0.021834,0.253958,0.131916,0.413125,5500.413125
poia_webauthn,PoIA with WebAuthn,10,1817,0.0025,0.023417,0.252417,0.333,0.614959,5500.614959
poia_webauthn,PoIA with WebAuthn,10,1818,0.002167,0.021667,0.819833,0.316167,1.163458,5501.163458
poia_webauthn,PoIA with WebAuthn,10,1819,0.0025,0.022292,1.196125,0.25975,1.487375,5501.487375
poia_webauthn,PoIA with WebAuthn,10,1820,0.004667,0.05,0.887667,0.898875,1.8465,5501.8465
poia_webauthn,PoIA with WebAuthn,10,1821,0.007792,0.09725,0.941375,0.510542,1.565084,5501.565084
poia_webauthn,PoIA with WebAuthn,10,1822,0.118291,0.059625,0.566417,0.97975,1.729917,5501.729917
poia_webauthn,PoIA with WebAuthn,10,1823,0.010291,0.091833,0.930125,0.67375,1.715041,5501.715041
poia_webauthn,PoIA with WebAuthn,10,1824,0.002917,0.027875,1.206542,0.432166,1.673708,5501.673708
poia_webauthn,PoIA with WebAuthn,10,1825,0.002416,0.022666,0.411917,0.295667,0.736125,5500.736125
poia_webauthn,PoIA with WebAuthn,10,1826,0.002458,0.0225,0.903167,0.240041,1.171584,5501.171584
poia_webauthn,PoIA with WebAuthn,10,1827,0.002291,0.022708,0.068834,0.133875,0.230417,5500.230417
poia_webauthn,PoIA with WebAuthn,10,1828,0.002291,0.021834,0.214917,0.164541,0.407208,5500.407208
poia_webauthn,PoIA with WebAuthn,10,1829,0.002875,0.022916,0.182333,0.315291,0.527292,5500.527292
poia_webauthn,PoIA with WebAuthn,10,1830,0.002291,0.022209,0.099708,0.318625,0.446417,5500.446417
poia_webauthn,PoIA with WebAuthn,10,1831,0.002208,0.022042,0.086708,0.120708,0.234208,5500.234208
poia_webauthn,PoIA with WebAuthn,10,1832,0.00425,0.041,0.558542,0.472625,1.083125,5501.083125
poia_webauthn,PoIA with WebAuthn,10,1833,0.002583,0.025917,0.078625,0.367375,0.477875,5500.477875
poia_webauthn,PoIA with WebAuthn,10,1834,0.00475,0.147625,0.487792,0.924375,1.5725,5501.5725
poia_webauthn,PoIA with WebAuthn,10,1835,0.00475,0.041083,0.485291,0.3935,0.9305,5500.9305
poia_webauthn,PoIA with WebAuthn,10,1836,0.002375,0.021709,0.154292,0.310583,0.492416,5500.492416
poia_webauthn,PoIA with WebAuthn,10,1837,0.002666,0.0235,0.224083,0.329917,0.583542,5500.583542
poia_webauthn,PoIA with WebAuthn,10,1838,0.002417,0.022375,0.071209,0.308666,0.407542,5500.407542
poia_webauthn,PoIA with WebAuthn,10,1839,0.002375,0.022334,0.183667,0.473667,0.685542,5500.685542
poia_webauthn,PoIA with WebAuthn,10,1840,0.002666,0.02375,0.145042,0.257,0.432042,5500.432042
poia_webauthn,PoIA with WebAuthn,10,1841,0.002333,0.022,0.353334,0.3205,0.701917,5500.701917
poia_webauthn,PoIA with WebAuthn,10,1842,0.002625,0.022542,0.421541,0.370625,0.821,5500.821
poia_webauthn,PoIA with WebAuthn,10,1843,0.004084,0.042542,0.114125,0.883166,1.048709,5501.048709
poia_webauthn,PoIA with WebAuthn,10,1844,0.002334,0.022625,0.325584,0.45025,0.804708,5500.804708
poia_webauthn,PoIA with WebAuthn,10,1845,0.006375,0.051083,0.298833,0.408833,0.773125,5500.773125
poia_webauthn,PoIA with WebAuthn,10,1846,0.002459,0.0235,0.251833,0.320542,0.601875,5500.601875
poia_webauthn,PoIA with WebAuthn,10,1847,0.002417,0.0225,0.235208,0.520584,0.784167,5500.784167
poia_webauthn,PoIA with WebAuthn,10,1848,0.002417,0.022833,0.080084,0.185917,0.294333,5500.294333
poia_webauthn,PoIA with WebAuthn,10,1849,0.002459,0.0225,0.09325,0.139084,0.260209,5500.260209
poia_webauthn,PoIA with WebAuthn,10,1850,0.002333,0.021417,0.13975,0.145083,0.311584,5500.311584
poia_webauthn,PoIA with WebAuthn,10,1851,0.004375,0.04575,0.257375,1.438375,1.753208,5501.753208
poia_webauthn,PoIA with WebAuthn,10,1852,0.005875,0.058334,0.53775,0.351166,0.960458,5500.960458
poia_webauthn,PoIA with WebAuthn,10,1853,0.00225,0.022333,0.220834,0.356292,0.60525,5500.60525
poia_webauthn,PoIA with WebAuthn,10,1854,0.00425,0.0395,0.114125,0.487708,0.650833,5500.650833
poia_webauthn,PoIA with WebAuthn,10,1855,0.002208,0.021583,0.082042,0.120542,0.228958,5500.228958
poia_webauthn,PoIA with WebAuthn,10,1856,0.002583,0.023125,0.235333,0.151875,0.415834,5500.415834
poia_webauthn,PoIA with WebAuthn,10,1857,0.002417,0.022167,0.067542,0.329709,0.424834,5500.424834
poia_webauthn,PoIA with WebAuthn,10,1858,0.002375,0.023042,0.337417,0.218,0.584542,5500.584542
poia_webauthn,PoIA with WebAuthn,10,1859,0.00225,0.021792,0.36475,0.287,0.679375,5500.679375
poia_webauthn,PoIA with WebAuthn,10,1860,0.002292,0.021917,0.151458,0.335875,0.515083,5500.515083
poia_webauthn,PoIA with WebAuthn,10,1861,0.010542,0.283667,0.23725,2.380417,2.936583,5502.936583
poia_webauthn,PoIA with WebAuthn,10,1862,0.005416,0.076291,0.440125,1.00575,1.536208,5501.536208
poia_webauthn,PoIA with WebAuthn,10,1863,0.007084,0.03325,0.082,0.298,0.423834,5500.423834
poia_webauthn,PoIA with WebAuthn,10,1864,0.002958,0.028459,0.0925,0.361041,0.489292,5500.489292
poia_webauthn,PoIA with WebAuthn,10,1865,0.002166,0.024167,0.564084,0.38725,0.982,5500.982
poia_webauthn,PoIA with WebAuthn,10,1866,0.00275,0.02675,0.307833,0.173833,0.515583,5500.515583
poia_webauthn,PoIA with WebAuthn,10,1867,0.002625,0.023,0.275708,0.365875,0.671,5500.671
poia_webauthn,PoIA with WebAuthn,10,1868,0.002375,0.025084,0.257292,0.14725,0.435084,5500.435084
poia_webauthn,PoIA with WebAuthn,10,1869,0.002333,0.022667,0.070417,0.141084,0.239666,5500.239666
poia_webauthn,PoIA with WebAuthn,10,1870,0.002916,0.023125,0.187916,0.166333,0.384083,5500.384083
poia_webauthn,PoIA with WebAuthn,10,1871,0.002375,0.021667,0.215708,0.143375,0.386292,5500.386292
poia_webauthn,PoIA with WebAuthn,10,1872,0.002375,0.021875,0.148625,0.1415,0.3175,5500.3175
poia_webauthn,PoIA with WebAuthn,10,1873,0.007042,0.06325,0.417916,0.9955,1.492583,5501.492583
poia_webauthn,PoIA with WebAuthn,10,1874,0.005125,0.051917,0.149167,2.350625,2.562208,5502.562208
poia_webauthn,PoIA with WebAuthn,10,1875,0.005,0.047958,0.173792,0.28825,0.521375,5500.521375
poia_webauthn,PoIA with WebAuthn,10,1876,0.004042,0.599,0.162833,0.391542,1.163625,5501.163625
poia_webauthn,PoIA with WebAuthn,10,1877,0.027083,0.0495,0.663,0.254875,1.000416,5501.000416
poia_webauthn,PoIA with WebAuthn,10,1878,0.002292,0.0225,0.067791,0.139417,0.234542,5500.234542
poia_webauthn,PoIA with WebAuthn,10,1879,0.003375,0.026541,0.202958,0.177083,0.413125,5500.413125
poia_webauthn,PoIA with WebAuthn,10,1880,0.002334,0.025667,0.578791,0.284208,0.894334,5500.894334
poia_webauthn,PoIA with WebAuthn,10,1881,0.002375,0.022666,0.546625,0.245167,0.820084,5500.820084
poia_webauthn,PoIA with WebAuthn,10,1882,0.002583,0.022417,0.069708,0.19275,0.290625,5500.290625
poia_webauthn,PoIA with WebAuthn,10,1883,0.002625,0.022708,0.18475,0.326416,0.540083,5500.540083
poia_webauthn,PoIA with WebAuthn,10,1884,0.002334,0.021667,0.067083,0.184708,0.278709,5500.278709
poia_webauthn,PoIA with WebAuthn,10,1885,0.002625,0.063458,0.312625,0.188333,0.571208,5500.571208
poia_webauthn,PoIA with WebAuthn,10,1886,0.005875,0.064125,0.539875,0.528791,1.144041,5501.144041
poia_webauthn,PoIA with WebAuthn,10,1887,0.005708,0.05225,0.706833,1.967583,2.741125,5502.741125
poia_webauthn,PoIA with WebAuthn,10,1888,0.003,0.029292,0.116125,0.295958,0.448292,5500.448292
poia_webauthn,PoIA with WebAuthn,10,1889,0.010167,0.181042,0.111125,0.244083,0.553166,5500.553166
poia_webauthn,PoIA with WebAuthn,10,1890,0.002459,0.022042,0.159875,0.23325,0.421125,5500.421125
poia_webauthn,PoIA with WebAuthn,10,1891,0.002459,0.026167,0.215541,0.452708,0.700375,5500.700375
poia_webauthn,PoIA with WebAuthn,10,1892,0.002291,0.021958,0.191,0.237583,0.456416,5500.456416
poia_webauthn,PoIA with WebAuthn,10,1893,0.00225,0.02275,0.071625,0.188958,0.288875,5500.288875
poia_webauthn,PoIA with WebAuthn,10,1894,0.004333,0.114417,1.243292,0.389458,1.76025,5501.76025
poia_webauthn,PoIA with WebAuthn,10,1895,0.004542,0.042959,0.159458,0.745708,0.958584,5500.958584
poia_webauthn,PoIA with WebAuthn,10,1896,0.002959,0.025375,0.484625,0.538542,1.055667,5501.055667
poia_webauthn,PoIA with WebAuthn,10,1897,0.002417,0.022042,0.0925,0.321375,0.441417,5500.441417
poia_webauthn,PoIA with WebAuthn,10,1898,0.00225,0.022083,0.070959,0.442417,0.540584,5500.540584
poia_webauthn,PoIA with WebAuthn,10,1899,0.002833,0.046875,0.15475,0.781333,0.989792,5500.989792
poia_webauthn,PoIA with WebAuthn,10,1900,0.002083,0.021875,0.068,0.131583,0.226166,5500.226166
poia_webauthn,PoIA with WebAuthn,10,1901,0.002416,0.022334,0.257541,0.294292,0.580333,5500.580333
poia_webauthn,PoIA with WebAuthn,10,1902,0.002208,0.022125,0.067,0.3095,0.403875,5500.403875
poia_webauthn,PoIA with WebAuthn,10,1903,0.001959,0.021167,0.254708,0.228334,0.509292,5500.509292
poia_webauthn,PoIA with WebAuthn,10,1904,0.010083,0.154959,0.353209,0.610875,1.138625,5501.138625
poia_webauthn,PoIA with WebAuthn,10,1905,0.006333,0.054458,0.887959,0.862959,1.820292,5501.820292
poia_webauthn,PoIA with WebAuthn,10,1906,0.005459,0.049917,1.448417,0.324792,1.835833,5501.835833
poia_webauthn,PoIA with WebAuthn,10,1907,0.007709,0.059542,0.792208,0.309583,1.176125,5501.176125
poia_webauthn,PoIA with WebAuthn,10,1908,0.0035,0.033583,0.15575,0.23825,0.435584,5500.435584
poia_webauthn,PoIA with WebAuthn,10,1909,0.002625,0.054291,0.366125,0.573791,1.001333,5501.001333
poia_webauthn,PoIA with WebAuthn,10,1910,0.002292,0.022042,0.067125,0.266667,0.361125,5500.361125
poia_webauthn,PoIA with WebAuthn,10,1911,0.002417,0.02225,0.258458,0.301417,0.587792,5500.587792
poia_webauthn,PoIA with WebAuthn,10,1912,0.002542,0.021959,0.070083,0.270375,0.368458,5500.368458
poia_webauthn,PoIA with WebAuthn,10,1913,0.002291,0.0215,0.06675,0.297625,0.391166,5500.391166
poia_webauthn,PoIA with WebAuthn,10,1914,0.005667,0.053333,0.168666,0.286583,0.520583,5500.520583
poia_webauthn,PoIA with WebAuthn,10,1915,0.005208,0.056083,0.566541,0.525542,1.15925,5501.15925
poia_webauthn,PoIA with WebAuthn,10,1916,0.002458,0.028958,0.419,0.136166,0.591792,5500.591792
poia_webauthn,PoIA with WebAuthn,10,1917,0.002709,0.026292,0.07825,0.420584,0.531333,5500.531333
poia_webauthn,PoIA with WebAuthn,10,1918,0.002416,0.023541,0.659375,0.465542,1.1545,5501.1545
poia_webauthn,PoIA with WebAuthn,10,1919,0.002292,0.022208,0.7095,0.154833,0.891875,5500.891875
poia_webauthn,PoIA with WebAuthn,10,1920,0.0025,0.023584,0.073083,0.454209,0.556792,5500.556792
poia_webauthn,PoIA with WebAuthn,10,1921,0.002291,0.022292,0.069917,0.309542,0.407125,5500.407125
poia_webauthn,PoIA with WebAuthn,10,1922,0.002417,0.023375,0.260334,0.269667,0.5595,5500.5595
poia_webauthn,PoIA with WebAuthn,10,1923,0.002416,0.022542,0.084708,0.309792,0.422542,5500.422542
poia_webauthn,PoIA with WebAuthn,10,1924,0.002333,0.022083,0.271333,0.158542,0.457292,5500.457292
poia_webauthn,PoIA with WebAuthn,10,1925,0.002334,0.022542,0.401667,0.133083,0.562542,5500.562542
poia_webauthn,PoIA with WebAuthn,10,1926,0.003041,0.029375,0.329041,0.190375,0.555791,5500.555791
poia_webauthn,PoIA with WebAuthn,10,1927,0.003375,0.056917,0.136833,0.394375,0.5955,5500.5955
poia_webauthn,PoIA with WebAuthn,10,1928,0.003792,0.0345,0.15375,0.389875,0.5875,5500.5875
poia_webauthn,PoIA with WebAuthn,10,1929,0.002542,0.023292,0.221583,0.455541,0.706791,5500.706791
poia_webauthn,PoIA with WebAuthn,10,1930,0.002792,0.024375,0.572542,0.535916,1.139375,5501.139375
poia_webauthn,PoIA with WebAuthn,10,1931,0.003084,0.035875,0.251041,0.147584,0.441042,5500.441042
poia_webauthn,PoIA with WebAuthn,10,1932,0.002375,0.021917,0.814041,0.31225,1.153958,5501.153958
poia_webauthn,PoIA with WebAuthn,10,1933,0.002459,0.022334,0.31675,0.267958,0.613041,5500.613041
poia_webauthn,PoIA with WebAuthn,10,1934,0.002375,0.0215,0.071125,0.1525,0.2505,5500.2505
poia_webauthn,PoIA with WebAuthn,10,1935,0.002333,0.022042,0.378083,0.266959,0.672875,5500.672875
poia_webauthn,PoIA with WebAuthn,10,1936,0.003458,0.034709,0.791875,2.088,2.923958,5502.923958
poia_webauthn,PoIA with WebAuthn,10,1937,0.002792,0.025458,0.218583,0.414167,0.665583,5500.665583
poia_webauthn,PoIA with WebAuthn,10,1938,0.002625,0.022875,0.215209,0.252583,0.497042,5500.497042
poia_webauthn,PoIA with WebAuthn,10,1939,0.003208,0.028458,0.263417,0.363125,0.662459,5500.662459
poia_webauthn,PoIA with WebAuthn,10,1940,0.002416,0.022417,0.069417,0.262917,0.360208,5500.360208
poia_webauthn,PoIA with WebAuthn,10,1941,0.002459,0.022375,0.251708,0.320708,0.600667,5500.600667
poia_webauthn,PoIA with WebAuthn,10,1942,0.002833,0.028417,0.0955,0.650042,0.780833,5500.780833
poia_webauthn,PoIA with WebAuthn,10,1943,0.002333,0.02575,0.317666,0.203542,0.553,5500.553
poia_webauthn,PoIA with WebAuthn,10,1944,0.002375,0.021916,0.067625,0.121542,0.215917,5500.215917
poia_webauthn,PoIA with WebAuthn,10,1945,0.002375,0.023416,0.215292,0.321417,0.566,5500.566
poia_webauthn,PoIA with WebAuthn,10,1946,0.012791,0.0255,0.315666,0.272792,0.630583,5500.630583
poia_webauthn,PoIA with WebAuthn,10,1947,0.00225,0.022167,0.886042,0.234584,1.148583,5501.148583
poia_webauthn,PoIA with WebAuthn,10,1948,0.00225,0.021833,0.068625,0.131458,0.226708,5500.226708
poia_webauthn,PoIA with WebAuthn,10,1949,0.005291,0.047958,0.411958,0.633333,1.105166,5501.105166
poia_webauthn,PoIA with WebAuthn,10,1950,0.005792,0.0505,0.278625,0.649916,0.990834,5500.990834
poia_webauthn,PoIA with WebAuthn,10,1951,0.003083,0.029208,0.091583,0.467791,0.595625,5500.595625
poia_webauthn,PoIA with WebAuthn,10,1952,0.003125,0.030208,0.089291,0.393334,0.519917,5500.519917
poia_webauthn,PoIA with WebAuthn,10,1953,0.0025,0.026584,0.19675,0.643208,0.872583,5500.872583
poia_webauthn,PoIA with WebAuthn,10,1954,0.002459,0.022625,0.545875,0.178,0.791042,5500.791042
poia_webauthn,PoIA with WebAuthn,10,1955,0.002459,0.022125,0.079625,0.121541,0.228333,5500.228333
poia_webauthn,PoIA with WebAuthn,10,1956,0.00225,0.021541,0.073125,0.422,0.522209,5500.522209
poia_webauthn,PoIA with WebAuthn,10,1957,0.002208,0.021917,0.263791,0.499958,0.791458,5500.791458
poia_webauthn,PoIA with WebAuthn,10,1958,0.005542,0.048667,0.159666,0.540833,0.759541,5500.759541
poia_webauthn,PoIA with WebAuthn,10,1959,0.006,0.053458,0.617875,0.656917,1.342125,5501.342125
poia_webauthn,PoIA with WebAuthn,10,1960,0.004458,0.041958,0.474625,0.631375,1.158875,5501.158875
poia_webauthn,PoIA with WebAuthn,10,1961,0.002458,0.022333,0.1855,0.314458,0.528208,5500.528208
poia_webauthn,PoIA with WebAuthn,10,1962,0.002541,0.022333,0.072833,0.297,0.397791,5500.397791
poia_webauthn,PoIA with WebAuthn,10,1963,0.002292,0.021666,0.067084,0.273708,0.36775,5500.36775
poia_webauthn,PoIA with WebAuthn,10,1964,0.002292,0.022,0.435042,0.323916,0.786833,5500.786833
poia_webauthn,PoIA with WebAuthn,10,1965,0.002375,0.021666,0.194584,0.316084,0.538292,5500.538292
poia_webauthn,PoIA with WebAuthn,10,1966,0.002333,0.021416,0.16375,0.142208,0.3325,5500.3325
poia_webauthn,PoIA with WebAuthn,10,1967,0.005416,0.049167,0.934,0.643042,1.636542,5501.636542
poia_webauthn,PoIA with WebAuthn,10,1968,0.002833,0.030458,0.3025,0.36925,0.708875,5500.708875
poia_webauthn,PoIA with WebAuthn,10,1969,0.002459,0.021792,0.257875,0.248709,0.5355,5500.5355
poia_webauthn,PoIA with WebAuthn,10,1970,0.002167,0.021541,0.066875,0.125667,0.218584,5500.218584
poia_webauthn,PoIA with WebAuthn,10,1971,0.002167,0.020834,0.245375,0.153667,0.425,5500.425
poia_webauthn,PoIA with WebAuthn,10,1972,0.002542,0.021833,0.066917,0.308958,0.403333,5500.403333
poia_webauthn,PoIA with WebAuthn,10,1973,0.002375,0.022333,0.216708,0.451166,0.696208,5500.696208
poia_webauthn,PoIA with WebAuthn,10,1974,0.002417,0.022125,0.128458,0.24975,0.406208,5500.406208
poia_webauthn,PoIA with WebAuthn,10,1975,0.005833,0.073375,1.006917,0.601917,1.695833,5501.695833
poia_webauthn,PoIA with WebAuthn,10,1976,0.004417,0.056791,0.395958,0.911708,1.375542,5501.375542
poia_webauthn,PoIA with WebAuthn,10,1977,0.003708,0.035666,0.459667,0.684375,1.189333,5501.189333
poia_webauthn,PoIA with WebAuthn,10,1978,0.002792,0.024166,0.332792,0.278416,0.641875,5500.641875
poia_webauthn,PoIA with WebAuthn,10,1979,0.002542,0.02325,0.545417,0.372458,0.947208,5500.947208
poia_webauthn,PoIA with WebAuthn,10,1980,0.002417,0.022708,0.266417,0.257875,0.552834,5500.552834
poia_webauthn,PoIA with WebAuthn,10,1981,0.002417,0.021875,0.214167,0.165,0.407,5500.407
poia_webauthn,PoIA with WebAuthn,10,1982,0.002292,0.022083,0.069833,0.307167,0.404292,5500.404292
poia_webauthn,PoIA with WebAuthn,10,1983,0.002375,0.026083,0.066625,0.305792,0.403833,5500.403833
poia_webauthn,PoIA with WebAuthn,10,1984,0.002459,0.022167,0.185625,0.315458,0.529291,5500.529291
poia_webauthn,PoIA with WebAuthn,10,1985,0.001958,0.021209,0.215458,0.199208,0.440959,5500.440959
poia_webauthn,PoIA with WebAuthn,10,1986,0.00225,0.021625,0.125917,0.130333,0.286167,5500.286167
poia_webauthn,PoIA with WebAuthn,10,1987,0.009917,0.091917,0.295291,1.932125,2.336792,5502.336792
poia_webauthn,PoIA with WebAuthn,10,1988,0.004208,0.04225,0.515875,0.437084,1.006041,5501.006041
poia_webauthn,PoIA with WebAuthn,10,1989,0.003,0.044167,0.584166,0.398083,1.034542,5501.034542
poia_webauthn,PoIA with WebAuthn,10,1990,0.004209,0.039833,0.924042,1.496708,2.47025,5502.47025
poia_webauthn,PoIA with WebAuthn,10,1991,0.003292,0.030875,0.105334,0.324792,0.468083,5500.468083
poia_webauthn,PoIA with WebAuthn,10,1992,0.002375,0.022084,0.441458,0.151792,0.621166,5500.621166
poia_webauthn,PoIA with WebAuthn,10,1993,0.002625,0.02225,0.184334,0.527916,0.74075,5500.74075
poia_webauthn,PoIA with WebAuthn,10,1994,0.0025,0.022584,0.195125,0.45475,0.678083,5500.678083
poia_webauthn,PoIA with WebAuthn,10,1995,0.002333,0.021875,0.996833,0.311416,1.335875,5501.335875
poia_webauthn,PoIA with WebAuthn,10,1996,0.002875,0.023834,0.071292,0.19075,0.292041,5500.292041
poia_webauthn,PoIA with WebAuthn,10,1997,0.002583,0.022833,0.228958,0.132333,0.389792,5500.389792
poia_webauthn,PoIA with WebAuthn,10,1998,0.005791,0.085875,0.874084,0.63975,1.614042,5501.614042
poia_webauthn,PoIA with WebAuthn,10,1999,0.005417,0.050959,0.49125,0.826791,1.383,5501.383
poia_webauthn,PoIA with WebAuthn,10,2000,0.003542,0.035375,0.339375,1.040666,1.424,5501.424
poia_webauthn,PoIA with WebAuthn,10,2001,0.002792,0.0265,1.069875,0.392333,1.4955,5501.4955
poia_webauthn,PoIA with WebAuthn,10,2002,0.002292,0.026208,0.317375,0.14825,0.497125,5500.497125
poia_webauthn,PoIA with WebAuthn,10,2003,0.003,0.0285,0.105541,0.221584,0.367291,5500.367291
poia_webauthn,PoIA with WebAuthn,10,2004,0.002416,0.031084,0.069916,0.188375,0.294708,5500.294708
poia_webauthn,PoIA with WebAuthn,10,2005,0.002417,0.022,0.125041,0.132792,0.284875,5500.284875
poia_webauthn,PoIA with WebAuthn,10,2006,0.0025,0.023541,0.216333,0.318208,0.564042,5500.564042
poia_webauthn,PoIA with WebAuthn,10,2007,0.002792,0.0255,0.13875,0.335416,0.506333,5500.506333
poia_webauthn,PoIA with WebAuthn,10,2008,0.00225,0.0215,0.246875,0.132417,0.406208,5500.406208
poia_webauthn,PoIA with WebAuthn,10,2009,0.006458,0.0555,0.92225,0.893833,1.884208,5501.884208
poia_webauthn,PoIA with WebAuthn,10,2010,0.003792,0.036,0.28,0.543709,0.868667,5500.868667
poia_webauthn,PoIA with WebAuthn,10,2011,0.002667,0.0265,0.077416,0.404042,0.514,5500.514
poia_webauthn,PoIA with WebAuthn,10,2012,0.004417,0.043125,0.502709,2.242375,2.801375,5502.801375
poia_webauthn,PoIA with WebAuthn,10,2013,0.005584,0.053292,0.207084,0.746375,1.019708,5501.019708
poia_webauthn,PoIA with WebAuthn,10,2014,0.002666,0.02325,0.073042,0.2315,0.333541,5500.333541
poia_webauthn,PoIA with WebAuthn,10,2015,0.004833,0.022042,0.227709,0.144042,0.401416,5500.401416
poia_webauthn,PoIA with WebAuthn,10,2016,0.002458,0.022042,0.069,0.161542,0.258041,5500.258041
poia_webauthn,PoIA with WebAuthn,10,2017,0.002666,0.023708,0.521875,0.241584,0.793583,5500.793583
poia_webauthn,PoIA with WebAuthn,10,2018,0.002292,0.021417,0.068125,0.119708,0.214083,5500.214083
poia_webauthn,PoIA with WebAuthn,10,2019,0.004625,0.042791,0.754708,0.905708,1.717334,5501.717334
poia_webauthn,PoIA with WebAuthn,10,2020,0.003959,0.035833,0.109834,0.53725,0.691542,5500.691542
poia_webauthn,PoIA with WebAuthn,10,2021,0.003,0.02425,0.209708,0.357916,0.598542,5500.598542
poia_webauthn,PoIA with WebAuthn,10,2022,0.00225,0.0225,0.069917,0.122708,0.219959,5500.219959
poia_webauthn,PoIA with WebAuthn,10,2023,0.002458,0.022208,0.071833,0.479917,0.5795,5500.5795
poia_webauthn,PoIA with WebAuthn,10,2024,0.00225,0.021583,0.277417,0.274625,0.5795,5500.5795
poia_webauthn,PoIA with WebAuthn,10,2025,0.002333,0.021875,0.225792,0.261583,0.515333,5500.515333
poia_webauthn,PoIA with WebAuthn,10,2026,0.002333,0.022208,0.071917,0.285417,0.384875,5500.384875
poia_webauthn,PoIA with WebAuthn,10,2027,0.002291,0.021958,0.073834,0.381792,0.48325,5500.48325
poia_webauthn,PoIA with WebAuthn,10,2028,0.00225,0.02225,0.085333,0.267292,0.380209,5500.380209
poia_webauthn,PoIA with WebAuthn,10,2029,0.006208,0.055917,3.722708,0.352625,4.147459,5504.147459
poia_webauthn,PoIA with WebAuthn,10,2030,0.004292,0.0485,0.124,0.668458,0.849959,5500.849959
poia_webauthn,PoIA with WebAuthn,10,2031,0.006334,0.060875,0.199083,0.741083,1.014833,5501.014833
poia_webauthn,PoIA with WebAuthn,10,2032,0.00325,0.028291,0.093625,0.339583,0.46875,5500.46875
poia_webauthn,PoIA with WebAuthn,10,2033,0.002333,0.022042,0.073166,0.330375,0.431083,5500.431083
poia_webauthn,PoIA with WebAuthn,10,2034,0.002583,0.02275,0.372917,0.149042,0.55025,5500.55025
poia_webauthn,PoIA with WebAuthn,10,2035,0.002584,0.02175,0.098333,0.145291,0.271,5500.271
poia_webauthn,PoIA with WebAuthn,10,2036,0.002917,0.028375,0.264208,1.05875,1.358042,5501.358042
poia_webauthn,PoIA with WebAuthn,10,2037,0.002333,0.022667,0.691333,0.314166,1.033916,5501.033916
poia_webauthn,PoIA with WebAuthn,10,2038,0.002375,0.02175,0.431875,0.387042,0.84675,5500.84675
poia_webauthn,PoIA with WebAuthn,10,2039,0.002541,0.023084,0.546625,0.267584,0.843375,5500.843375
poia_webauthn,PoIA with WebAuthn,10,2040,0.0055,0.093708,0.237041,0.697417,1.040834,5501.040834
poia_webauthn,PoIA with WebAuthn,10,2041,0.003958,0.035334,0.106875,0.812416,0.963417,5500.963417
poia_webauthn,PoIA with WebAuthn,10,2042,0.002667,0.026292,0.196,0.315958,0.544542,5500.544542
poia_webauthn,PoIA with WebAuthn,10,2043,0.003167,0.027167,0.288,0.341417,0.664,5500.664
poia_webauthn,PoIA with WebAuthn,10,2044,0.002459,0.02275,0.232834,0.3745,0.63625,5500.63625
poia_webauthn,PoIA with WebAuthn,10,2045,0.002542,0.02375,0.434125,0.164167,0.628291,5500.628291
poia_webauthn,PoIA with WebAuthn,10,2046,0.008584,0.105625,0.44425,0.927625,1.4935,5501.4935
poia_webauthn,PoIA with WebAuthn,10,2047,0.002583,0.023833,0.25775,0.282458,0.570292,5500.570292
poia_webauthn,PoIA with WebAuthn,10,2048,0.002583,0.022583,0.50375,0.132625,0.664584,5500.664584
poia_webauthn,PoIA with WebAuthn,10,2049,0.002375,0.022459,0.258541,0.321459,0.608417,5500.608417
poia_webauthn,PoIA with WebAuthn,10,2050,0.002416,0.038583,0.220125,0.150834,0.415208,5500.415208
poia_webauthn,PoIA with WebAuthn,10,2051,0.00225,0.022291,0.246875,0.163042,0.438,5500.438
poia_webauthn,PoIA with WebAuthn,10,2052,0.00625,0.187958,0.310667,0.299125,0.812958,5500.812958
poia_webauthn,PoIA with WebAuthn,10,2053,0.002584,0.02575,0.0915,0.404084,0.52725,5500.52725
poia_webauthn,PoIA with WebAuthn,10,2054,0.0025,0.022917,0.283458,0.169541,0.481709,5500.481709
poia_webauthn,PoIA with WebAuthn,10,2055,0.005,0.042542,0.641209,0.637042,1.330583,5501.330583
poia_webauthn,PoIA with WebAuthn,10,2056,0.00675,0.048875,0.359542,2.440208,2.873917,5502.873917
poia_webauthn,PoIA with WebAuthn,10,2057,0.005625,0.052,0.6665,0.257208,0.987292,5500.987292
poia_webauthn,PoIA with WebAuthn,10,2058,0.003333,0.027959,0.5365,0.42625,0.998375,5500.998375
poia_webauthn,PoIA with WebAuthn,10,2059,0.002833,0.029042,0.197,0.311167,0.543792,5500.543792
poia_webauthn,PoIA with WebAuthn,10,2060,0.00225,0.021667,0.0825,0.120667,0.229584,5500.229584
poia_webauthn,PoIA with WebAuthn,10,2061,0.002125,0.022667,0.256542,0.357166,0.641625,5500.641625
poia_webauthn,PoIA with WebAuthn,10,2062,0.002208,0.022042,0.07,0.119417,0.216458,5500.216458
poia_webauthn,PoIA with WebAuthn,10,2063,0.002792,0.025167,0.187292,0.491583,0.710417,5500.710417
poia_webauthn,PoIA with WebAuthn,10,2064,0.0095,0.09925,1.405542,0.239125,1.760958,5501.760958
poia_webauthn,PoIA with WebAuthn,10,2065,0.039625,0.066875,0.177125,5.94025,6.234542,5506.234542
poia_webauthn,PoIA with WebAuthn,10,2066,0.002792,0.024834,0.295666,0.155791,0.483584,5500.483584
poia_webauthn,PoIA with WebAuthn,10,2067,0.002459,0.023291,0.223125,0.714583,0.966916,5500.966916
poia_webauthn,PoIA with WebAuthn,10,2068,0.002417,0.0245,0.074417,0.307583,0.411959,5500.411959
poia_webauthn,PoIA with WebAuthn,10,2069,0.002375,0.022167,0.346208,0.272583,0.646834,5500.646834
poia_webauthn,PoIA with WebAuthn,10,2070,0.002458,0.022792,0.066666,0.279083,0.374083,5500.374083
poia_webauthn,PoIA with WebAuthn,10,2071,0.002625,0.021917,0.06825,0.257792,0.353417,5500.353417
poia_webauthn,PoIA with WebAuthn,10,2072,0.002292,0.022167,0.072083,0.297166,0.396833,5500.396833
poia_webauthn,PoIA with WebAuthn,10,2073,0.004959,0.052125,1.141459,0.293667,1.496875,5501.496875
poia_webauthn,PoIA with WebAuthn,10,2074,0.0065,0.057333,0.435875,0.768917,1.276875,5501.276875
poia_webauthn,PoIA with WebAuthn,10,2075,0.003167,0.025167,0.316541,0.405167,0.753791,5500.753791
poia_webauthn,PoIA with WebAuthn,10,2076,0.003458,0.034459,0.089916,0.453833,0.585125,5500.585125
poia_webauthn,PoIA with WebAuthn,10,2077,0.002708,0.023,0.229125,0.237834,0.49625,5500.49625
poia_webauthn,PoIA with WebAuthn,10,2078,0.002292,0.021833,0.189709,0.162625,0.379416,5500.379416
poia_webauthn,PoIA with WebAuthn,10,2079,0.002375,0.022666,0.071041,0.260209,0.35925,5500.35925
poia_webauthn,PoIA with WebAuthn,10,2080,0.00225,0.022042,0.071542,0.308667,0.407583,5500.407583
poia_webauthn,PoIA with WebAuthn,10,2081,0.002292,0.022333,0.197667,0.242,0.468125,5500.468125
poia_webauthn,PoIA with WebAuthn,10,2082,0.004667,0.082375,1.383875,0.970833,2.449208,5502.449208
poia_webauthn,PoIA with WebAuthn,10,2083,0.00625,0.054667,0.668833,0.341584,1.0785,5501.0785
poia_webauthn,PoIA with WebAuthn,10,2084,0.002583,0.022834,0.255041,0.320417,0.604375,5500.604375
poia_webauthn,PoIA with WebAuthn,10,2085,0.00325,0.027292,0.588875,0.371667,0.995167,5500.995167
poia_webauthn,PoIA with WebAuthn,10,2086,0.002,0.01875,0.30125,0.363917,0.689417,5500.689417
poia_webauthn,PoIA with WebAuthn,10,2087,0.002542,0.02375,0.204083,0.322833,0.556542,5500.556542
poia_webauthn,PoIA with WebAuthn,10,2088,0.002625,0.024541,0.192875,0.295917,0.519583,5500.519583
poia_webauthn,PoIA with WebAuthn,10,2089,0.002542,0.023125,0.154125,0.253917,0.437042,5500.437042
poia_webauthn,PoIA with WebAuthn,10,2090,0.002541,0.022417,0.316625,0.294375,0.639583,5500.639583
poia_webauthn,PoIA with WebAuthn,10,2091,0.002333,0.02225,0.601292,0.266542,0.895875,5500.895875
poia_webauthn,PoIA with WebAuthn,10,2092,0.002334,0.02225,0.820708,0.501333,1.350166,5501.350166
poia_webauthn,PoIA with WebAuthn,10,2093,0.002291,0.022459,0.259583,0.298792,0.586667,5500.586667
poia_webauthn,PoIA with WebAuthn,10,2094,0.003125,0.028,0.092208,0.155791,0.282208,5500.282208
poia_webauthn,PoIA with WebAuthn,10,2095,0.004708,0.045416,0.138125,0.405708,0.599083,5500.599083
poia_webauthn,PoIA with WebAuthn,10,2096,0.00325,0.027833,0.101708,0.596542,0.733208,5500.733208
poia_webauthn,PoIA with WebAuthn,10,2097,0.002333,0.022416,0.083917,0.776375,0.888375,5500.888375
poia_webauthn,PoIA with WebAuthn,10,2098,0.002333,0.022583,0.143208,0.132958,0.304125,5500.304125
poia_webauthn,PoIA with WebAuthn,10,2099,0.00225,0.022084,0.134125,0.255583,0.417584,5500.417584
poia_webauthn,PoIA with WebAuthn,10,2100,0.002459,0.032709,0.805041,0.327292,1.171042,5501.171042
poia_webauthn,PoIA with WebAuthn,10,2101,0.0025,0.022916,0.253709,0.321542,0.604166,5500.604166
poia_webauthn,PoIA with WebAuthn,10,2102,0.002417,0.02325,0.217375,0.32025,0.567,5500.567
poia_webauthn,PoIA with WebAuthn,10,2103,0.002375,0.021959,0.22075,0.268292,0.517,5500.517
poia_webauthn,PoIA with WebAuthn,10,2104,0.005667,0.052958,0.505875,1.071292,1.644083,5501.644083
poia_webauthn,PoIA with WebAuthn,10,2105,0.002625,0.025708,0.096292,0.2705,0.398625,5500.398625
poia_webauthn,PoIA with WebAuthn,10,2106,0.004208,0.035875,1.316625,0.5335,1.89575,5501.89575
poia_webauthn,PoIA with WebAuthn,10,2107,0.002708,0.024375,0.370875,0.280042,0.681917,5500.681917
poia_webauthn,PoIA with WebAuthn,10,2108,0.002708,0.043125,0.102375,0.256667,0.408834,5500.408834
poia_webauthn,PoIA with WebAuthn,10,2109,0.005917,0.052334,0.31075,0.317458,0.695292,5500.695292
poia_webauthn,PoIA with WebAuthn,10,2110,0.002333,0.021791,0.067458,0.132959,0.226916,5500.226916
poia_webauthn,PoIA with WebAuthn,10,2111,0.002542,0.021959,0.236291,0.136834,0.400625,5500.400625
poia_webauthn,PoIA with WebAuthn,10,2112,0.0025,0.023459,0.179708,0.318334,0.527583,5500.527583
poia_webauthn,PoIA with WebAuthn,10,2113,0.002291,0.022,0.330834,0.313291,0.672,5500.672
poia_webauthn,PoIA with WebAuthn,10,2114,0.002625,0.022917,0.07275,0.383459,0.485041,5500.485041
poia_webauthn,PoIA with WebAuthn,10,2115,0.007541,0.042625,1.044167,0.596667,1.69625,5501.69625
poia_webauthn,PoIA with WebAuthn,10,2116,0.005667,0.05425,0.217042,1.406417,1.690541,5501.690541
poia_webauthn,PoIA with WebAuthn,10,2117,0.007875,0.107791,0.280875,0.65225,1.057,5501.057
poia_webauthn,PoIA with WebAuthn,10,2118,0.003417,0.029791,0.64225,0.409125,1.088792,5501.088792
poia_webauthn,PoIA with WebAuthn,10,2119,0.002709,0.023417,0.070542,0.369459,0.469333,5500.469333
poia_webauthn,PoIA with WebAuthn,10,2120,0.002333,0.022416,0.204334,0.133334,0.365333,5500.365333
poia_webauthn,PoIA with WebAuthn,10,2121,0.002292,0.022291,0.510458,0.149541,0.687625,5500.687625
poia_webauthn,PoIA with WebAuthn,10,2122,0.002458,0.022125,0.068083,0.264708,0.360333,5500.360333
poia_webauthn,PoIA with WebAuthn,10,2123,0.002375,0.022458,0.266417,0.259917,0.554708,5500.554708
poia_webauthn,PoIA with WebAuthn,10,2124,0.002917,0.023667,0.224125,0.143708,0.397666,5500.397666
poia_webauthn,PoIA with WebAuthn,10,2125,0.0025,0.023542,0.075416,0.369291,0.47375,5500.47375
poia_webauthn,PoIA with WebAuthn,10,2126,0.004958,0.044708,0.487667,0.662542,1.209,5501.209
poia_webauthn,PoIA with WebAuthn,10,2127,0.004458,0.042625,0.258125,0.970208,1.282917,5501.282917
poia_webauthn,PoIA with WebAuthn,10,2128,0.002708,0.024792,0.096041,0.529875,0.656875,5500.656875
poia_webauthn,PoIA with WebAuthn,10,2129,0.004125,0.037916,0.111167,0.322583,0.481083,5500.481083
poia_webauthn,PoIA with WebAuthn,10,2130,0.003541,0.046666,0.241,0.413792,0.709917,5500.709917
poia_webauthn,PoIA with WebAuthn,10,2131,0.002334,0.02225,0.070375,0.288833,0.387,5500.387
poia_webauthn,PoIA with WebAuthn,10,2132,0.00225,0.02275,0.068083,0.314209,0.410417,5500.410417
poia_webauthn,PoIA with WebAuthn,10,2133,0.002333,0.021542,0.083458,0.189375,0.29975,5500.29975
poia_webauthn,PoIA with WebAuthn,10,2134,0.00475,0.026792,0.166792,0.269834,0.471958,5500.471958
poia_webauthn,PoIA with WebAuthn,10,2135,0.002417,0.021833,0.269792,0.132833,0.429875,5500.429875
poia_webauthn,PoIA with WebAuthn,10,2136,0.002417,0.022916,0.164334,0.279458,0.472833,5500.472833
poia_webauthn,PoIA with WebAuthn,10,2137,0.002375,0.02225,0.07175,0.535833,0.635291,5500.635291
poia_webauthn,PoIA with WebAuthn,10,2138,0.003625,0.036,0.117292,0.511709,0.673292,5500.673292
poia_webauthn,PoIA with WebAuthn,10,2139,0.002666,0.024708,0.296875,0.40675,0.735,5500.735
poia_webauthn,PoIA with WebAuthn,10,2140,0.003917,0.029625,0.225375,0.344375,0.60875,5500.60875
poia_webauthn,PoIA with WebAuthn,10,2141,0.002458,0.02275,0.189959,0.325666,0.544458,5500.544458
poia_webauthn,PoIA with WebAuthn,10,2142,0.002333,0.022333,0.067,0.123375,0.217708,5500.217708
poia_webauthn,PoIA with WebAuthn,10,2143,0.002666,0.026625,0.286333,0.367333,0.686959,5500.686959
poia_webauthn,PoIA with WebAuthn,10,2144,0.007083,0.066834,0.195084,0.993,1.453958,5501.453958
poia_webauthn,PoIA with WebAuthn,10,2145,0.002542,0.024708,0.145583,0.2615,0.438084,5500.438084
poia_webauthn,PoIA with WebAuthn,10,2146,0.002875,0.027792,0.089083,0.35325,0.476833,5500.476833
poia_webauthn,PoIA with WebAuthn,10,2147,0.002833,0.022125,0.069292,0.2775,0.374958,5500.374958
poia_webauthn,PoIA with WebAuthn,10,2148,0.002167,0.022042,0.268167,0.241208,0.537042,5500.537042
poia_webauthn,PoIA with WebAuthn,10,2149,0.002458,0.02375,0.067834,0.30425,0.401542,5500.401542
poia_webauthn,PoIA with WebAuthn,10,2150,0.002875,0.026375,0.217291,0.359041,0.609583,5500.609583
poia_webauthn,PoIA with WebAuthn,10,2151,0.002167,0.022125,0.127125,0.1605,0.315,5500.315
poia_webauthn,PoIA with WebAuthn,10,2152,0.005166,0.043625,0.612958,0.294625,0.963125,5500.963125
poia_webauthn,PoIA with WebAuthn,10,2153,0.002875,0.023458,0.090125,0.287583,0.407292,5500.407292
poia_webauthn,PoIA with WebAuthn,10,2154,0.002542,0.022458,0.19325,0.292042,0.514,5500.514
poia_webauthn,PoIA with WebAuthn,10,2155,0.002292,0.021541,0.290792,0.146375,0.464125,5500.464125
poia_webauthn,PoIA with WebAuthn,10,2156,0.002792,0.02675,0.490667,0.2885,0.812917,5500.812917
poia_webauthn,PoIA with WebAuthn,10,2157,0.002375,0.022083,0.069167,0.226666,0.323625,5500.323625
poia_webauthn,PoIA with WebAuthn,10,2158,0.002542,0.023333,0.594,0.137542,0.760459,5500.760459
poia_webauthn,PoIA with WebAuthn,10,2159,0.00575,0.091958,0.412458,0.411916,0.928833,5500.928833
poia_webauthn,PoIA with WebAuthn,10,2160,0.002834,0.025125,0.078709,0.354417,0.464459,5500.464459
poia_webauthn,PoIA with WebAuthn,10,2161,0.008292,0.066959,0.590459,0.470459,1.142209,5501.142209
poia_webauthn,PoIA with WebAuthn,10,2162,0.002417,0.021792,0.09225,0.134791,0.254333,5500.254333
poia_webauthn,PoIA with WebAuthn,10,2163,0.0025,0.039542,0.189459,0.31325,0.548458,5500.548458
poia_webauthn,PoIA with WebAuthn,10,2164,0.002792,0.025583,0.08875,0.402834,0.523541,5500.523541
poia_webauthn,PoIA with WebAuthn,10,2165,0.002334,0.022083,0.062875,0.121458,0.211375,5500.211375
poia_webauthn,PoIA with WebAuthn,10,2166,0.002541,0.022625,0.07075,0.316041,0.415042,5500.415042
poia_webauthn,PoIA with WebAuthn,10,2167,0.005416,0.053708,0.875416,4.989375,5.933209,5505.933209
poia_webauthn,PoIA with WebAuthn,10,2168,0.002083,0.018875,0.232375,0.138,0.394208,5500.394208
poia_webauthn,PoIA with WebAuthn,10,2169,0.002208,0.022583,0.185958,0.342708,0.556833,5500.556833
poia_webauthn,PoIA with WebAuthn,10,2170,0.0025,0.022333,0.285917,0.194291,0.508792,5500.508792
poia_webauthn,PoIA with WebAuthn,10,2171,0.003083,0.026166,0.335458,0.39275,0.7615,5500.7615
poia_webauthn,PoIA with WebAuthn,10,2172,0.00225,0.022958,0.0755,0.374542,0.478417,5500.478417
poia_webauthn,PoIA with WebAuthn,10,2173,0.002666,0.023667,0.174209,0.144208,0.347917,5500.347917
poia_webauthn,PoIA with WebAuthn,10,2174,0.002542,0.022792,0.393833,0.323334,0.746083,5500.746083
poia_webauthn,PoIA with WebAuthn,10,2175,0.005875,0.105667,0.566583,0.535292,1.223,5501.223
poia_webauthn,PoIA with WebAuthn,10,2176,0.010083,0.098708,0.981792,0.499167,1.598,5501.598
poia_webauthn,PoIA with WebAuthn,10,2177,0.002209,0.022458,0.148417,0.155125,0.331333,5500.331333
poia_webauthn,PoIA with WebAuthn,10,2178,0.003458,0.026,0.075166,0.506625,0.61475,5500.61475
poia_webauthn,PoIA with WebAuthn,10,2179,0.003166,0.0315,0.084667,0.176916,0.300084,5500.300084
poia_webauthn,PoIA with WebAuthn,10,2180,0.002625,0.022959,0.24025,0.223541,0.492833,5500.492833
poia_webauthn,PoIA with WebAuthn,10,2181,0.002958,0.023209,0.068166,0.123666,0.220792,5500.220792
poia_webauthn,PoIA with WebAuthn,10,2182,0.005708,0.051625,0.1695,0.707417,0.941375,5500.941375
poia_webauthn,PoIA with WebAuthn,10,2183,0.002458,0.032709,0.138083,0.294042,0.471042,5500.471042
poia_webauthn,PoIA with WebAuthn,10,2184,0.002583,0.023125,0.499708,0.194208,0.72325,5500.72325
poia_webauthn,PoIA with WebAuthn,10,2185,0.002208,0.036583,0.1455,0.262834,0.450959,5500.450959
poia_webauthn,PoIA with WebAuthn,10,2186,0.004334,0.040833,0.152375,0.228791,0.431125,5500.431125
poia_webauthn,PoIA with WebAuthn,10,2187,0.0025,0.022209,0.098583,0.417417,0.544041,5500.544041
poia_webauthn,PoIA with WebAuthn,10,2188,0.002375,0.023625,0.067875,0.271208,0.36825,5500.36825
poia_webauthn,PoIA with WebAuthn,10,2189,0.007666,0.065208,0.202667,0.365542,0.648292,5500.648292
poia_webauthn,PoIA with WebAuthn,10,2190,0.005042,0.04125,0.400208,0.612708,1.065584,5501.065584
poia_webauthn,PoIA with WebAuthn,10,2191,0.002333,0.021625,0.582541,0.246041,0.856083,5500.856083
poia_webauthn,PoIA with WebAuthn,10,2192,0.002459,0.022708,0.067833,0.120667,0.21625,5500.21625
poia_webauthn,PoIA with WebAuthn,10,2193,0.002958,0.027,0.187334,0.37125,0.592458,5500.592458
poia_webauthn,PoIA with WebAuthn,10,2194,0.002375,0.023375,0.250792,0.595666,0.875959,5500.875959
poia_webauthn,PoIA with WebAuthn,10,2195,0.002917,0.026708,0.253875,0.648166,0.936042,5500.936042
poia_webauthn,PoIA with WebAuthn,10,2196,0.0025,0.023458,0.294,0.252333,0.575917,5500.575917
poia_webauthn,PoIA with WebAuthn,10,2197,0.002333,0.022792,0.679583,0.150833,0.858833,5500.858833
poia_webauthn,PoIA with WebAuthn,10,2198,0.025875,0.048417,0.145792,1.201625,1.426584,5501.426584
poia_webauthn,PoIA with WebAuthn,10,2199,0.002375,0.022584,0.188042,0.313375,0.529917,5500.529917
poia_webauthn,PoIA with WebAuthn,10,2200,0.00225,0.021958,0.071375,0.546958,0.645708,5500.645708
poia_webauthn,PoIA with WebAuthn,10,2201,0.006,0.054583,0.342458,0.545917,0.95725,5500.95725
poia_webauthn,PoIA with WebAuthn,10,2202,0.003,0.024208,0.45025,0.331416,0.812542,5500.812542
poia_webauthn,PoIA with WebAuthn,10,2203,0.002542,0.021542,0.462667,0.322,0.812458,5500.812458
poia_webauthn,PoIA with WebAuthn,10,2204,0.002458,0.023375,0.099084,0.30575,0.43375,5500.43375
poia_webauthn,PoIA with WebAuthn,10,2205,0.00575,0.054958,0.184167,0.546875,0.798791,5500.798791
poia_webauthn,PoIA with WebAuthn,10,2206,0.002375,0.021709,0.217583,0.348625,0.593791,5500.593791
poia_webauthn,PoIA with WebAuthn,10,2207,0.002333,0.021917,0.390042,0.243917,0.661625,5500.661625
poia_webauthn,PoIA with WebAuthn,10,2208,0.002333,0.022167,0.070458,0.151875,0.250042,5500.250042
poia_webauthn,PoIA with WebAuthn,10,2209,0.003459,0.042167,0.551792,0.412167,1.014584,5501.014584
poia_webauthn,PoIA with WebAuthn,10,2210,0.002416,0.022125,0.409958,0.530334,0.968375,5500.968375
poia_webauthn,PoIA with WebAuthn,10,2211,0.003458,0.025417,0.351,0.321375,0.704875,5500.704875
poia_webauthn,PoIA with WebAuthn,10,2212,0.003,0.026125,0.272667,0.212583,0.520417,5500.520417
poia_webauthn,PoIA with WebAuthn,10,2213,0.0025,0.022542,0.24875,0.286958,0.564291,5500.564291
poia_webauthn,PoIA with WebAuthn,10,2214,0.005083,0.044584,0.489291,0.651958,1.197667,5501.197667
poia_webauthn,PoIA with WebAuthn,10,2215,0.002291,0.023791,0.218458,0.522416,0.770333,5500.770333
poia_webauthn,PoIA with WebAuthn,10,2216,0.002291,0.021708,0.382459,0.168084,0.578292,5500.578292
poia_webauthn,PoIA with WebAuthn,10,2217,0.002916,0.028583,0.198584,0.338333,0.571958,5500.571958
poia_webauthn,PoIA with WebAuthn,10,2218,0.002208,0.022458,0.067875,0.121375,0.2165,5500.2165
poia_webauthn,PoIA with WebAuthn,10,2219,0.002292,0.022583,0.086667,0.124834,0.239,5500.239
poia_webauthn,PoIA with WebAuthn,10,2220,0.004542,0.042917,0.137667,0.452375,0.643042,5500.643042
poia_webauthn,PoIA with WebAuthn,10,2221,0.004333,0.040792,0.135667,0.304167,0.490958,5500.490958
poia_webauthn,PoIA with WebAuthn,10,2222,0.005125,0.042458,0.726292,0.821375,1.602208,5501.602208
poia_webauthn,PoIA with WebAuthn,10,2223,0.002334,0.021875,0.077083,0.3175,0.421875,5500.421875
poia_webauthn,PoIA with WebAuthn,10,2224,0.002416,0.022167,0.078625,0.258666,0.365291,5500.365291
poia_webauthn,PoIA with WebAuthn,10,2225,0.005667,0.053625,0.251792,0.378708,0.698625,5500.698625
poia_webauthn,PoIA with WebAuthn,10,2226,0.002375,0.022833,0.067083,0.14825,0.243208,5500.243208
poia_webauthn,PoIA with WebAuthn,10,2227,0.00275,0.023791,0.346542,0.290917,0.667667,5500.667667
poia_webauthn,PoIA with WebAuthn,10,2228,0.002792,0.026167,0.486917,0.528083,1.048167,5501.048167
poia_webauthn,PoIA with WebAuthn,10,2229,0.002958,0.026834,0.295,0.176334,0.5045,5500.5045
poia_webauthn,PoIA with WebAuthn,10,2230,0.002292,0.023375,0.376417,0.150333,0.555584,5500.555584
poia_webauthn,PoIA with WebAuthn,10,2231,0.002458,0.022375,0.828583,0.313375,1.170416,5501.170416
poia_webauthn,PoIA with WebAuthn,10,2232,0.004208,0.047291,0.271125,0.32125,0.648833,5500.648833
poia_webauthn,PoIA with WebAuthn,10,2233,0.002416,0.022625,0.085625,0.310875,0.424666,5500.424666
poia_webauthn,PoIA with WebAuthn,10,2234,0.002334,0.023625,0.219625,0.501542,0.750792,5500.750792
poia_webauthn,PoIA with WebAuthn,10,2235,0.002291,0.031875,0.071542,0.183416,0.292375,5500.292375
poia_webauthn,PoIA with WebAuthn,10,2236,0.0045,0.042583,0.624,0.605292,1.283125,5501.283125
poia_webauthn,PoIA with WebAuthn,10,2237,0.002916,0.025917,0.313041,0.398875,0.744709,5500.744709
poia_webauthn,PoIA with WebAuthn,10,2238,0.002334,0.022667,0.347875,0.15875,0.534708,5500.534708
poia_webauthn,PoIA with WebAuthn,10,2239,0.002417,0.023917,0.068375,0.191292,0.288917,5500.288917
poia_webauthn,PoIA with WebAuthn,10,2240,0.001875,0.018667,0.150875,0.311584,0.485792,5500.485792
poia_webauthn,PoIA with WebAuthn,10,2241,0.002792,0.026625,0.357083,0.564417,0.9555,5500.9555
poia_webauthn,PoIA with WebAuthn,10,2242,0.002375,0.023375,0.251167,0.28125,0.561708,5500.561708
poia_webauthn,PoIA with WebAuthn,10,2243,0.002458,0.022291,0.216334,0.136125,0.380375,5500.380375
poia_webauthn,PoIA with WebAuthn,10,2244,0.002375,0.022709,0.586542,0.166083,0.781333,5500.781333
poia_webauthn,PoIA with WebAuthn,10,2245,0.002917,0.025416,0.222542,0.5355,0.792041,5500.792041
poia_webauthn,PoIA with WebAuthn,10,2246,0.002375,0.023,0.0675,0.443958,0.540083,5500.540083
poia_webauthn,PoIA with WebAuthn,10,2247,0.00425,0.041291,1.36075,0.8285,2.266875,5502.266875
poia_webauthn,PoIA with WebAuthn,10,2248,0.002583,0.023833,0.211584,0.176375,0.417792,5500.417792
poia_webauthn,PoIA with WebAuthn,10,2249,0.002959,0.027625,0.858083,0.147583,1.039542,5501.039542
poia_webauthn,PoIA with WebAuthn,10,2250,0.002333,0.022792,0.084666,0.121125,0.233542,5500.233542
poia_webauthn,PoIA with WebAuthn,10,2251,0.002583,0.022458,0.216667,0.500041,0.745417,5500.745417
poia_webauthn,PoIA with WebAuthn,10,2252,0.00275,0.025625,0.338667,0.452125,0.822709,5500.822709
poia_webauthn,PoIA with WebAuthn,10,2253,0.00275,0.025625,0.078291,0.138917,0.2485,5500.2485
poia_webauthn,PoIA with WebAuthn,10,2254,0.002834,0.024,0.261166,0.257042,0.548709,5500.548709
poia_webauthn,PoIA with WebAuthn,10,2255,0.002333,0.022208,0.338709,0.29975,0.666625,5500.666625
poia_webauthn,PoIA with WebAuthn,10,2256,0.002917,0.026709,0.091,0.491208,0.6155,5500.6155
poia_webauthn,PoIA with WebAuthn,10,2257,0.004292,0.098791,0.442792,0.679083,1.230333,5501.230333
poia_webauthn,PoIA with WebAuthn,10,2258,0.002416,0.022833,0.177875,0.161917,0.368791,5500.368791
poia_webauthn,PoIA with WebAuthn,10,2259,0.002333,0.023542,0.1855,0.324125,0.539166,5500.539166
poia_webauthn,PoIA with WebAuthn,10,2260,0.003916,0.026,0.737542,0.388333,1.16025,5501.16025
poia_webauthn,PoIA with WebAuthn,10,2261,0.0025,0.023833,0.287792,0.132791,0.450042,5500.450042
poia_webauthn,PoIA with WebAuthn,10,2262,0.00225,0.021834,0.079791,0.133292,0.239916,5500.239916
poia_webauthn,PoIA with WebAuthn,10,2263,0.002667,0.024667,0.07125,0.126333,0.227458,5500.227458
poia_webauthn,PoIA with WebAuthn,10,2264,0.006625,0.056875,0.418333,0.370667,0.860083,5500.860083
poia_webauthn,PoIA with WebAuthn,10,2265,0.00225,0.021916,0.06675,0.280375,0.3745,5500.3745
poia_webauthn,PoIA with WebAuthn,10,2266,0.002542,0.023666,0.086042,0.19175,0.30725,5500.30725
poia_webauthn,PoIA with WebAuthn,10,2267,0.002625,0.023166,0.069667,0.296,0.394791,5500.394791
poia_webauthn,PoIA with WebAuthn,10,2268,0.005375,0.092084,0.431541,0.381542,0.937792,5500.937792
poia_webauthn,PoIA with WebAuthn,10,2269,0.004542,0.042667,0.165375,0.500333,0.776,5500.776
poia_webauthn,PoIA with WebAuthn,10,2270,0.002542,0.02225,0.07175,0.318083,0.417666,5500.417666
poia_webauthn,PoIA with WebAuthn,10,2271,0.006625,0.058417,0.205291,0.328958,0.605791,5500.605791
poia_webauthn,PoIA with WebAuthn,10,2272,0.00225,0.021792,0.748041,0.248625,1.024,5501.024
poia_webauthn,PoIA with WebAuthn,10,2273,0.002458,0.022958,0.244,0.259917,0.533042,5500.533042
poia_webauthn,PoIA with WebAuthn,10,2274,0.002292,0.022375,0.228125,0.512417,0.768833,5500.768833
poia_webauthn,PoIA with WebAuthn,10,2275,0.002333,0.021458,0.233458,0.32175,0.582375,5500.582375
poia_webauthn,PoIA with WebAuthn,10,2276,0.003542,0.030708,0.352875,0.461583,0.853125,5500.853125
poia_webauthn,PoIA with WebAuthn,10,2277,0.002292,0.022,0.217334,0.139541,0.384167,5500.384167
poia_webauthn,PoIA with WebAuthn,10,2278,0.002416,0.022209,0.282666,0.301334,0.611625,5500.611625
poia_webauthn,PoIA with WebAuthn,10,2279,0.002417,0.023959,0.272583,0.306,0.608625,5500.608625
poia_webauthn,PoIA with WebAuthn,10,2280,0.006667,0.054791,0.14125,0.285709,0.492708,5500.492708
poia_webauthn,PoIA with WebAuthn,10,2281,0.002333,0.021875,0.081292,0.308708,0.4175,5500.4175
poia_webauthn,PoIA with WebAuthn,10,2282,0.003125,0.024667,0.345541,0.335375,0.7125,5500.7125
poia_webauthn,PoIA with WebAuthn,10,2283,0.0025,0.023125,0.236625,0.145333,0.410625,5500.410625
poia_webauthn,PoIA with WebAuthn,10,2284,0.00325,0.031,0.354375,0.579875,0.972792,5500.972792
poia_webauthn,PoIA with WebAuthn,10,2285,0.003583,0.0295,0.221125,0.282,0.539916,5500.539916
poia_webauthn,PoIA with WebAuthn,10,2286,0.002375,0.022583,0.070791,0.362292,0.461167,5500.461167
poia_webauthn,PoIA with WebAuthn,10,2287,0.002542,0.022375,0.25275,0.163042,0.443833,5500.443833
poia_webauthn,PoIA with WebAuthn,10,2288,0.005375,0.05275,0.569583,0.34175,0.976708,5500.976708
poia_webauthn,PoIA with WebAuthn,10,2289,0.004458,0.044125,0.39425,2.718375,3.168667,5503.168667
poia_webauthn,PoIA with WebAuthn,10,2290,0.002125,0.022291,0.22675,0.131541,0.385125,5500.385125
poia_webauthn,PoIA with WebAuthn,10,2291,0.004292,0.063208,0.132333,0.553125,0.75875,5500.75875
poia_webauthn,PoIA with WebAuthn,10,2292,0.002416,0.022417,0.407792,0.308875,0.744917,5500.744917
poia_webauthn,PoIA with WebAuthn,10,2293,0.002583,0.023791,0.183666,0.323708,0.537375,5500.537375
poia_webauthn,PoIA with WebAuthn,10,2294,0.002333,0.021875,0.21475,0.31975,0.562166,5500.562166
poia_webauthn,PoIA with WebAuthn,10,2295,0.002459,0.023709,0.186958,0.483041,0.699333,5500.699333
poia_webauthn,PoIA with WebAuthn,10,2296,0.002833,0.028958,0.388167,0.526,0.984959,5500.984959
poia_webauthn,PoIA with WebAuthn,10,2297,0.002584,0.024542,0.524291,0.22075,0.776459,5500.776459
poia_webauthn,PoIA with WebAuthn,10,2298,0.002417,0.022208,0.101709,0.328292,0.458458,5500.458458
poia_webauthn,PoIA with WebAuthn,10,2299,0.00825,0.05075,1.036083,1.65475,2.755542,5502.755542
poia_webauthn,PoIA with WebAuthn,10,2300,0.002375,0.022708,0.185792,0.311792,0.526208,5500.526208
poia_webauthn,PoIA with WebAuthn,10,2301,0.002458,0.02325,0.081625,0.193875,0.30425,5500.30425
poia_webauthn,PoIA with WebAuthn,10,2302,0.002541,0.023875,0.075333,0.286584,0.391375,5500.391375
poia_webauthn,PoIA with WebAuthn,10,2303,0.002,0.018875,0.106458,0.134875,0.264917,5500.264917
poia_webauthn,PoIA with WebAuthn,10,2304,0.002584,0.0235,0.356792,0.299125,0.685625,5500.685625
poia_webauthn,PoIA with WebAuthn,10,2305,0.002416,0.021833,0.072084,0.397958,0.497292,5500.497292
poia_webauthn,PoIA with WebAuthn,10,2306,0.002625,0.025334,0.073125,0.193333,0.29725,5500.29725
poia_webauthn,PoIA with WebAuthn,10,2307,0.002417,0.022208,0.067167,0.274584,0.369541,5500.369541
poia_webauthn,PoIA with WebAuthn,10,2308,0.002291,0.037167,0.182,0.244625,0.469917,5500.469917
poia_webauthn,PoIA with WebAuthn,10,2309,0.002625,0.024458,0.227333,0.151,0.408458,5500.408458
poia_webauthn,PoIA with WebAuthn,10,2310,0.00325,0.036375,0.2825,0.392334,0.718459,5500.718459
poia_webauthn,PoIA with WebAuthn,10,2311,0.004875,0.043042,0.155542,0.32375,0.533333,5500.533333
poia_webauthn,PoIA with WebAuthn,10,2312,0.002375,0.022667,0.067834,0.3115,0.407458,5500.407458
poia_webauthn,PoIA with WebAuthn,10,2313,0.005375,0.05225,0.784667,0.511542,1.362292,5501.362292
poia_webauthn,PoIA with WebAuthn,10,2314,0.002542,0.024417,0.263375,0.344834,0.638625,5500.638625
poia_webauthn,PoIA with WebAuthn,10,2315,0.002875,0.025792,0.714125,0.16325,0.909208,5500.909208
poia_webauthn,PoIA with WebAuthn,10,2316,0.002458,0.023667,0.217208,0.28575,0.532709,5500.532709
poia_webauthn,PoIA with WebAuthn,10,2317,0.008167,0.064834,0.620459,0.421459,1.120625,5501.120625
poia_webauthn,PoIA with WebAuthn,10,2318,0.005166,0.051958,0.202709,0.743667,1.013208,5501.013208
poia_webauthn,PoIA with WebAuthn,10,2319,0.002208,0.022292,0.15475,0.364583,0.547375,5500.547375
poia_webauthn,PoIA with WebAuthn,10,2320,0.002583,0.023791,0.795417,0.450791,1.276459,5501.276459
poia_webauthn,PoIA with WebAuthn,10,2321,0.002459,0.022417,0.2705,0.318542,0.617583,5500.617583
poia_webauthn,PoIA with WebAuthn,10,2322,0.0025,0.028916,1.024083,0.5835,1.643708,5501.643708
poia_webauthn,PoIA with WebAuthn,10,2323,0.003125,0.028166,0.375333,0.632875,1.044,5501.044
poia_webauthn,PoIA with WebAuthn,10,2324,0.002292,0.022417,0.191917,0.324958,0.545083,5500.545083
poia_webauthn,PoIA with WebAuthn,10,2325,0.0025,0.022917,0.100625,0.212,0.341834,5500.341834
poia_webauthn,PoIA with WebAuthn,10,2326,0.005125,0.042583,0.518541,0.607458,1.180166,5501.180166
poia_webauthn,PoIA with WebAuthn,10,2327,0.002792,0.026875,0.309833,0.964417,1.307916,5501.307916
poia_webauthn,PoIA with WebAuthn,10,2328,0.003125,0.024625,0.328834,0.135625,0.495458,5500.495458
poia_webauthn,PoIA with WebAuthn,10,2329,0.002333,0.022583,0.071417,0.135,0.234042,5500.234042
poia_webauthn,PoIA with WebAuthn,10,2330,0.003167,0.026666,0.452042,0.266541,0.753375,5500.753375
poia_webauthn,PoIA with WebAuthn,10,2331,0.002291,0.022209,0.253708,0.132125,0.4135,5500.4135
poia_webauthn,PoIA with WebAuthn,10,2332,0.0025,0.023709,0.380166,0.253,0.663042,5500.663042
poia_webauthn,PoIA with WebAuthn,10,2333,0.002333,0.022459,0.2005,0.299541,0.528625,5500.528625
poia_webauthn,PoIA with WebAuthn,10,2334,0.00625,0.055542,0.853583,1.210875,2.1345,5502.1345
poia_webauthn,PoIA with WebAuthn,10,2335,0.001916,0.018167,0.207292,0.168416,0.399167,5500.399167
poia_webauthn,PoIA with WebAuthn,10,2336,0.004667,0.041209,0.133167,0.356167,0.540792,5500.540792
poia_webauthn,PoIA with WebAuthn,10,2337,0.002667,0.023333,0.256333,0.284083,0.570208,5500.570208
poia_webauthn,PoIA with WebAuthn,10,2338,0.033125,0.132542,0.183292,1.034167,1.393333,5501.393333
poia_webauthn,PoIA with WebAuthn,10,2339,0.00225,0.022959,0.072167,0.309083,0.409833,5500.409833
poia_webauthn,PoIA with WebAuthn,10,2340,0.002667,0.024875,0.190042,0.31675,0.538125,5500.538125
poia_webauthn,PoIA with WebAuthn,10,2341,0.002333,0.0225,0.261417,0.133791,0.423208,5500.423208
poia_webauthn,PoIA with WebAuthn,10,2342,0.002458,0.022167,0.073584,0.431542,0.532833,5500.532833
poia_webauthn,PoIA with WebAuthn,10,2343,0.002583,0.023958,0.228958,0.301042,0.560334,5500.560334
poia_webauthn,PoIA with WebAuthn,10,2344,0.005292,0.041584,0.109708,0.260542,0.421083,5500.421083
poia_webauthn,PoIA with WebAuthn,10,2345,0.002792,0.024208,0.073917,0.217875,0.322,5500.322
poia_webauthn,PoIA with WebAuthn,10,2346,0.0025,0.022042,0.263167,0.134167,0.425166,5500.425166
poia_webauthn,PoIA with WebAuthn,10,2347,0.002625,0.022583,0.413875,0.328167,0.771,5500.771
poia_webauthn,PoIA with WebAuthn,10,2348,0.002334,0.022458,0.074875,0.19275,0.295541,5500.295541
poia_webauthn,PoIA with WebAuthn,10,2349,0.005459,0.086792,0.138917,0.235583,0.471792,5500.471792
poia_webauthn,PoIA with WebAuthn,10,2350,0.002291,0.022666,0.218334,0.319375,0.566,5500.566
poia_webauthn,PoIA with WebAuthn,10,2351,0.007041,0.055875,0.28875,0.389875,0.74625,5500.74625
poia_webauthn,PoIA with WebAuthn,10,2352,0.002458,0.022375,0.234917,0.291542,0.554792,5500.554792
poia_webauthn,PoIA with WebAuthn,10,2353,0.002292,0.023125,0.184666,0.441708,0.655625,5500.655625
poia_webauthn,PoIA with WebAuthn,10,2354,0.002292,0.023083,0.204916,0.158417,0.391958,5500.391958
poia_webauthn,PoIA with WebAuthn,10,2355,0.004666,0.044917,0.361958,0.436084,0.852,5500.852
poia_webauthn,PoIA with WebAuthn,10,2356,0.002958,0.025166,0.229792,0.634917,0.896875,5500.896875
poia_webauthn,PoIA with WebAuthn,10,2357,0.002625,0.025667,0.342791,1.50675,1.882416,5501.882416
poia_webauthn,PoIA with WebAuthn,10,2358,0.002583,0.023125,0.084958,0.163625,0.277584,5500.277584
poia_webauthn,PoIA with WebAuthn,10,2359,0.002291,0.023459,0.077333,0.193292,0.2995,5500.2995
poia_webauthn,PoIA with WebAuthn,10,2360,0.002916,0.025792,0.89525,1.087625,2.016333,5502.016333
poia_webauthn,PoIA with WebAuthn,10,2361,0.002458,0.02375,0.25725,0.371125,0.658334,5500.658334
poia_webauthn,PoIA with WebAuthn,10,2362,0.002292,0.021958,0.067292,0.306833,0.401625,5500.401625
poia_webauthn,PoIA with WebAuthn,10,2363,0.002334,0.023292,0.222584,0.289084,0.540833,5500.540833
poia_webauthn,PoIA with WebAuthn,10,2364,0.002334,0.024125,0.186125,0.314208,0.530333,5500.530333
poia_webauthn,PoIA with WebAuthn,10,2365,0.002333,0.022167,0.273,0.217834,0.518958,5500.518958
poia_webauthn,PoIA with WebAuthn,10,2366,0.002375,0.021625,0.071125,0.275875,0.374042,5500.374042
poia_webauthn,PoIA with WebAuthn,10,2367,0.002333,0.023833,0.160833,0.165334,0.356125,5500.356125
poia_webauthn,PoIA with WebAuthn,10,2368,0.002291,0.022709,0.537125,0.244292,0.810125,5500.810125
poia_webauthn,PoIA with WebAuthn,10,2369,0.002167,0.021583,0.348625,0.1345,0.509583,5500.509583
poia_webauthn,PoIA with WebAuthn,10,2370,0.002833,0.026625,0.210334,0.461708,0.705417,5500.705417
poia_webauthn,PoIA with WebAuthn,10,2371,0.002541,0.027417,0.446958,0.14175,0.622,5500.622
poia_webauthn,PoIA with WebAuthn,10,2372,0.002458,0.022958,0.422,0.408625,0.85975,5500.85975
poia_webauthn,PoIA with WebAuthn,10,2373,0.002541,0.022709,0.249792,0.321375,0.599958,5500.599958
poia_webauthn,PoIA with WebAuthn,10,2374,0.002084,0.022333,0.0675,0.120083,0.214583,5500.214583
poia_webauthn,PoIA with WebAuthn,10,2375,0.002541,0.034667,0.18975,0.314541,0.544958,5500.544958
poia_webauthn,PoIA with WebAuthn,10,2376,0.002209,0.022458,0.189083,0.165166,0.382667,5500.382667
poia_webauthn,PoIA with WebAuthn,10,2377,0.003916,0.0415,0.656541,1.459833,2.170958,5502.170958
poia_webauthn,PoIA with WebAuthn,10,2378,0.002958,0.024541,0.316417,0.438,0.786084,5500.786084
poia_webauthn,PoIA with WebAuthn,10,2379,0.002334,0.0225,0.217292,0.29825,0.544083,5500.544083
poia_webauthn,PoIA with WebAuthn,10,2380,0.00325,0.03,0.353708,0.336375,0.727125,5500.727125
poia_webauthn,PoIA with WebAuthn,10,2381,0.002584,0.023625,0.081125,0.300709,0.411292,5500.411292
poia_webauthn,PoIA with WebAuthn,10,2382,0.002625,0.025166,0.381,0.421334,0.834083,5500.834083
poia_webauthn,PoIA with WebAuthn,10,2383,0.002334,0.021958,0.099792,0.284333,0.412083,5500.412083
poia_webauthn,PoIA with WebAuthn,10,2384,0.002291,0.022417,0.120792,0.260334,0.4095,5500.4095
poia_webauthn,PoIA with WebAuthn,10,2385,0.010042,0.102875,0.928333,1.229583,2.278416,5502.278416
poia_webauthn,PoIA with WebAuthn,10,2386,0.002583,0.022625,0.313167,0.253,0.595125,5500.595125
poia_webauthn,PoIA with WebAuthn,10,2387,0.002333,0.022,0.087375,0.12125,0.235583,5500.235583
poia_webauthn,PoIA with WebAuthn,10,2388,0.002291,0.022666,0.444,0.257542,0.730083,5500.730083
poia_webauthn,PoIA with WebAuthn,10,2389,0.002792,0.027,0.404375,0.320583,0.758792,5500.758792
poia_webauthn,PoIA with WebAuthn,10,2390,0.002333,0.022542,0.383542,0.236666,0.6485,5500.6485
poia_webauthn,PoIA with WebAuthn,10,2391,0.002625,0.022625,0.364583,0.260625,0.654166,5500.654166
poia_webauthn,PoIA with WebAuthn,10,2392,0.002875,0.028458,0.269333,0.287667,0.592542,5500.592542
poia_webauthn,PoIA with WebAuthn,10,2393,0.00225,0.023166,0.224584,0.27175,0.525417,5500.525417
poia_webauthn,PoIA with WebAuthn,10,2394,0.004417,0.085291,0.582875,0.784125,1.466375,5501.466375
poia_webauthn,PoIA with WebAuthn,10,2395,0.002292,0.021792,0.184125,0.183167,0.395167,5500.395167
poia_webauthn,PoIA with WebAuthn,10,2396,0.00225,0.02325,0.067084,0.1605,0.255583,5500.255583
poia_webauthn,PoIA with WebAuthn,10,2397,0.004167,0.026,0.07925,0.271125,0.384,5500.384
poia_webauthn,PoIA with WebAuthn,10,2398,0.0045,0.043584,0.350459,0.603042,1.007875,5501.007875
poia_webauthn,PoIA with WebAuthn,10,2399,0.002291,0.021708,0.067792,0.120459,0.214875,5500.214875
poia_webauthn,PoIA with WebAuthn,10,2400,0.005666,0.064084,0.473292,0.400416,0.952458,5500.952458
poia_webauthn,PoIA with WebAuthn,10,2401,0.002209,0.022875,0.067708,0.256,0.351917,5500.351917
poia_webauthn,PoIA with WebAuthn,10,2402,0.002459,0.021959,0.067542,0.267041,0.36225,5500.36225
poia_webauthn,PoIA with WebAuthn,10,2403,0.002292,0.023167,0.435583,0.149209,0.61325,5500.61325
poia_webauthn,PoIA with WebAuthn,10,2404,0.00325,0.0275,0.281875,0.5505,0.867375,5500.867375
poia_webauthn,PoIA with WebAuthn,10,2405,0.002291,0.022583,0.071542,0.315375,0.414834,5500.414834
poia_webauthn,PoIA with WebAuthn,10,2406,0.0045,0.059166,0.427791,0.436709,0.935084,5500.935084
poia_webauthn,PoIA with WebAuthn,10,2407,0.002292,0.022,0.066583,0.310291,0.404292,5500.404292
poia_webauthn,PoIA with WebAuthn,10,2408,0.002417,0.023167,0.067458,0.544125,0.640125,5500.640125
poia_webauthn,PoIA with WebAuthn,10,2409,0.002541,0.0225,0.082125,0.309625,0.42,5500.42
poia_webauthn,PoIA with WebAuthn,10,2410,0.002375,0.022709,0.255041,0.587709,0.871334,5500.871334
poia_webauthn,PoIA with WebAuthn,10,2411,0.004917,0.026875,0.188708,0.344958,0.569208,5500.569208
poia_webauthn,PoIA with WebAuthn,10,2412,0.003208,0.029458,0.4125,0.230959,0.680542,5500.680542
poia_webauthn,PoIA with WebAuthn,10,2413,0.002459,0.022125,0.06975,0.121417,0.218333,5500.218333
poia_webauthn,PoIA with WebAuthn,10,2414,0.002333,0.022417,0.071958,0.3245,0.424291,5500.424291
poia_webauthn,PoIA with WebAuthn,10,2415,0.002291,0.022417,1.037333,0.25425,1.319875,5501.319875
poia_webauthn,PoIA with WebAuthn,10,2416,0.002542,0.036417,0.185,0.314625,0.542333,5500.542333
poia_webauthn,PoIA with WebAuthn,10,2417,0.002125,0.022916,0.071959,0.191708,0.291834,5500.291834
poia_webauthn,PoIA with WebAuthn,10,2418,0.002292,0.022458,0.280667,0.304,0.6125,5500.6125
poia_webauthn,PoIA with WebAuthn,10,2419,0.002542,0.023208,0.219125,0.336167,0.584625,5500.584625
poia_webauthn,PoIA with WebAuthn,10,2420,0.005625,0.052375,0.68375,0.92875,1.679083,5501.679083
poia_webauthn,PoIA with WebAuthn,10,2421,0.002417,0.023375,0.484375,0.136625,0.649791,5500.649791
poia_webauthn,PoIA with WebAuthn,10,2422,0.006,0.074708,0.858625,0.352958,1.299667,5501.299667
poia_webauthn,PoIA with WebAuthn,10,2423,0.00275,0.022958,0.159,0.316583,0.504959,5500.504959
poia_webauthn,PoIA with WebAuthn,10,2424,0.002333,0.023125,0.251292,0.268833,0.549125,5500.549125
poia_webauthn,PoIA with WebAuthn,10,2425,0.007625,0.052167,0.333417,0.243375,0.641042,5500.641042
poia_webauthn,PoIA with WebAuthn,10,2426,0.002791,0.076834,0.546708,0.15375,0.784208,5500.784208
poia_webauthn,PoIA with WebAuthn,10,2427,0.002625,0.022917,0.621542,0.145459,0.795916,5500.795916
poia_webauthn,PoIA with WebAuthn,10,2428,0.002584,0.024541,0.230666,0.139667,0.400833,5500.400833
poia_webauthn,PoIA with WebAuthn,10,2429,0.003125,0.025542,0.293541,0.153084,0.478709,5500.478709
poia_webauthn,PoIA with WebAuthn,10,2430,0.004916,0.041458,0.266125,0.9325,1.251125,5501.251125
poia_webauthn,PoIA with WebAuthn,10,2431,0.002584,0.065,0.238125,0.134917,0.444584,5500.444584
poia_webauthn,PoIA with WebAuthn,10,2432,0.002167,0.02225,0.070875,0.26075,0.359292,5500.359292
poia_webauthn,PoIA with WebAuthn,10,2433,0.003042,0.036625,0.117209,0.38425,0.559583,5500.559583
poia_webauthn,PoIA with WebAuthn,10,2434,0.00275,0.023333,0.189083,0.372125,0.590917,5500.590917
poia_webauthn,PoIA with WebAuthn,10,2435,0.002708,0.02425,0.514209,0.164292,0.709166,5500.709166
poia_webauthn,PoIA with WebAuthn,10,2436,0.002666,0.02425,0.231542,0.397375,0.6595,5500.6595
poia_webauthn,PoIA with WebAuthn,10,2437,0.0025,0.022625,0.252917,0.236417,0.518042,5500.518042
poia_webauthn,PoIA with WebAuthn,10,2438,0.002625,0.022458,0.385834,0.135375,0.5495,5500.5495
poia_webauthn,PoIA with WebAuthn,10,2439,0.002917,0.030084,0.325584,0.339208,0.701666,5500.701666
poia_webauthn,PoIA with WebAuthn,10,2440,0.002833,0.027833,0.33375,0.266292,0.635959,5500.635959
poia_webauthn,PoIA with WebAuthn,10,2441,0.008625,0.110084,0.202959,0.888083,1.21625,5501.21625
poia_webauthn,PoIA with WebAuthn,10,2442,0.002417,0.022709,0.252875,0.333333,0.614875,5500.614875
poia_webauthn,PoIA with WebAuthn,10,2443,0.002333,0.02375,0.220959,0.377,0.627791,5500.627791
poia_webauthn,PoIA with WebAuthn,10,2444,0.005208,0.051667,1.12175,0.366292,1.552083,5501.552083
poia_webauthn,PoIA with WebAuthn,10,2445,0.002791,0.022625,0.199666,0.29975,0.52875,5500.52875
poia_webauthn,PoIA with WebAuthn,10,2446,0.001917,0.018833,0.150041,0.149791,0.323417,5500.323417
poia_webauthn,PoIA with WebAuthn,10,2447,0.002208,0.022959,0.270333,0.352917,0.652041,5500.652041
poia_webauthn,PoIA with WebAuthn,10,2448,0.002292,0.02725,0.322167,0.403959,0.758709,5500.758709
poia_webauthn,PoIA with WebAuthn,10,2449,0.003166,0.026875,0.177541,0.2985,0.509625,5500.509625
poia_webauthn,PoIA with WebAuthn,10,2450,0.003125,0.033875,0.407875,0.896167,1.344917,5501.344917
poia_webauthn,PoIA with WebAuthn,10,2451,0.010459,0.099625,4.265959,0.327584,4.712208,5504.712208
poia_webauthn,PoIA with WebAuthn,10,2452,0.004583,0.050834,0.419542,1.030333,1.511958,5501.511958
poia_webauthn,PoIA with WebAuthn,10,2453,0.002959,0.023209,0.496125,0.139125,0.664875,5500.664875
poia_webauthn,PoIA with WebAuthn,10,2454,0.002291,0.022667,0.1375,0.12825,0.29375,5500.29375
poia_webauthn,PoIA with WebAuthn,10,2455,0.002709,0.023375,0.069709,0.315291,0.41425,5500.41425
poia_webauthn,PoIA with WebAuthn,10,2456,0.004125,0.0665,0.187333,0.308542,0.570584,5500.570584
poia_webauthn,PoIA with WebAuthn,10,2457,0.0025,0.0225,0.349834,0.300667,0.679167,5500.679167
poia_webauthn,PoIA with WebAuthn,10,2458,0.006958,0.062917,1.121792,2.346708,3.546708,5503.546708
poia_webauthn,PoIA with WebAuthn,10,2459,0.00225,0.022167,0.071167,0.133791,0.232125,5500.232125
poia_webauthn,PoIA with WebAuthn,10,2460,0.002333,0.022333,0.576958,0.133125,0.737875,5500.737875
poia_webauthn,PoIA with WebAuthn,10,2461,0.009417,0.077334,0.398792,0.577166,1.069792,5501.069792
poia_webauthn,PoIA with WebAuthn,10,2462,0.008,0.085084,0.577709,0.681667,1.359833,5501.359833
poia_webauthn,PoIA with WebAuthn,10,2463,0.0025,0.022584,0.217333,0.722042,0.967834,5500.967834
poia_webauthn,PoIA with WebAuthn,10,2464,0.002333,0.022458,0.071667,0.121542,0.220667,5500.220667
poia_webauthn,PoIA with WebAuthn,10,2465,0.002708,0.026125,0.39425,0.465083,0.89225,5500.89225
poia_webauthn,PoIA with WebAuthn,10,2466,0.0025,0.022792,0.474125,0.314167,0.817083,5500.817083
poia_webauthn,PoIA with WebAuthn,10,2467,0.006041,0.09675,0.743084,1.389541,2.243583,5502.243583
poia_webauthn,PoIA with WebAuthn,10,2468,0.002708,0.027625,0.223833,0.269042,0.526958,5500.526958
poia_webauthn,PoIA with WebAuthn,10,2469,0.002916,0.026167,0.090833,0.358459,0.481834,5500.481834
poia_webauthn,PoIA with WebAuthn,10,2470,0.002292,0.022125,0.169875,0.313792,0.511541,5500.511541
poia_webauthn,PoIA with WebAuthn,10,2471,0.009458,0.080917,0.976292,1.038292,2.118958,5502.118958
poia_webauthn,PoIA with WebAuthn,10,2472,0.002375,0.023167,0.152083,0.149291,0.33,5500.33
poia_webauthn,PoIA with WebAuthn,10,2473,0.009417,0.075125,3.679667,0.272209,4.110042,5504.110042
poia_webauthn,PoIA with WebAuthn,10,2474,0.002917,0.025416,0.081834,0.297291,0.411125,5500.411125
poia_webauthn,PoIA with WebAuthn,10,2475,0.002291,0.022209,0.068625,0.321667,0.418,5500.418
poia_webauthn,PoIA with WebAuthn,10,2476,0.002833,0.031375,0.097042,0.409583,0.544542,5500.544542
poia_webauthn,PoIA with WebAuthn,10,2477,0.002667,0.024792,0.077834,0.137083,0.24525,5500.24525
poia_webauthn,PoIA with WebAuthn,10,2478,0.002375,0.021625,0.071458,0.279959,0.378667,5500.378667
poia_webauthn,PoIA with WebAuthn,10,2479,0.003,0.029333,0.278542,0.341834,0.656208,5500.656208
poia_webauthn,PoIA with WebAuthn,10,2480,0.002375,0.022417,0.079958,0.314334,0.422375,5500.422375
poia_webauthn,PoIA with WebAuthn,10,2481,0.004375,0.096375,1.478291,0.218458,1.803542,5501.803542
poia_webauthn,PoIA with WebAuthn,10,2482,0.0075,0.056834,0.913875,1.16775,2.153625,5502.153625
poia_webauthn,PoIA with WebAuthn,10,2483,0.002375,0.022334,0.071333,0.323875,0.423125,5500.423125
poia_webauthn,PoIA with WebAuthn,10,2484,0.003,0.025917,0.135542,0.164167,0.332292,5500.332292
poia_webauthn,PoIA with WebAuthn,10,2485,0.002333,0.021959,0.894458,0.228084,1.1505,5501.1505
poia_webauthn,PoIA with WebAuthn,10,2486,0.002833,0.026833,0.250583,0.373291,0.657042,5500.657042
poia_webauthn,PoIA with WebAuthn,10,2487,0.002458,0.021709,0.218667,0.32275,0.56925,5500.56925
poia_webauthn,PoIA with WebAuthn,10,2488,0.002208,0.021875,0.185416,0.31775,0.531,5500.531
poia_webauthn,PoIA with WebAuthn,10,2489,0.002458,0.02275,0.29175,0.142417,0.463,5500.463
poia_webauthn,PoIA with WebAuthn,10,2490,0.002875,0.025541,0.792709,0.19125,1.016625,5501.016625
poia_webauthn,PoIA with WebAuthn,10,2491,0.002667,0.023833,0.328292,0.286292,0.645125,5500.645125
poia_webauthn,PoIA with WebAuthn,10,2492,0.002792,0.055833,0.140958,0.40525,0.609792,5500.609792
poia_webauthn,PoIA with WebAuthn,10,2493,0.0025,0.022583,0.084792,0.565791,0.678833,5500.678833
poia_webauthn,PoIA with WebAuthn,10,2494,0.003625,0.026416,0.098125,0.538334,0.670375,5500.670375
poia_webauthn,PoIA with WebAuthn,10,2495,0.004709,0.066,0.256625,0.708458,1.044792,5501.044792
poia_webauthn,PoIA with WebAuthn,10,2496,0.002292,0.02175,0.340834,0.441167,0.809791,5500.809791
poia_webauthn,PoIA with WebAuthn,10,2497,0.002208,0.021542,0.236958,0.163208,0.427542,5500.427542
poia_webauthn,PoIA with WebAuthn,10,2498,0.002375,0.022083,0.244417,0.145167,0.417,5500.417
poia_webauthn,PoIA with WebAuthn,10,2499,0.002333,0.0215,0.068916,0.301208,0.397167,5500.397167
poia_webauthn,PoIA with WebAuthn,10,2500,0.002208,0.021625,0.371542,0.505167,0.90425,5500.90425
poia_webauthn,PoIA with WebAuthn,10,2501,0.003917,0.040459,1.1905,0.226041,1.466166,5501.466166
poia_webauthn,PoIA with WebAuthn,10,2502,0.002291,0.021584,0.099375,0.543,0.669875,5500.669875
poia_webauthn,PoIA with WebAuthn,10,2503,0.004833,0.052208,0.52325,0.599542,1.184875,5501.184875
poia_webauthn,PoIA with WebAuthn,10,2504,0.002375,0.022708,0.351,0.144958,0.524125,5500.524125
poia_webauthn,PoIA with WebAuthn,10,2505,0.002709,0.02675,0.121625,0.738125,0.89675,5500.89675
poia_webauthn,PoIA with WebAuthn,10,2506,0.002208,0.022709,0.071625,0.292125,0.391709,5500.391709
poia_webauthn,PoIA with WebAuthn,10,2507,0.002792,0.027292,1.271042,0.296792,1.602041,5501.602041
poia_webauthn,PoIA with WebAuthn,10,2508,0.002375,0.022125,0.098083,0.27975,0.405875,5500.405875
poia_webauthn,PoIA with WebAuthn,10,2509,0.002667,0.022583,0.311083,0.242625,0.582709,5500.582709
poia_webauthn,PoIA with WebAuthn,10,2510,0.010833,0.090292,0.77,1.521208,2.399208,5502.399208
poia_webauthn,PoIA with WebAuthn,10,2511,0.00225,0.021875,0.08375,0.120125,0.230584,5500.230584
poia_webauthn,PoIA with WebAuthn,10,2512,0.002916,0.030334,0.227833,0.437958,0.703416,5500.703416
poia_webauthn,PoIA with WebAuthn,10,2513,0.002334,0.032458,0.067,0.150833,0.25575,5500.25575
poia_webauthn,PoIA with WebAuthn,10,2514,0.002917,0.028125,0.242583,0.27025,0.548,5500.548
poia_webauthn,PoIA with WebAuthn,10,2515,0.00225,0.022375,0.403292,0.271625,0.703125,5500.703125
poia_webauthn,PoIA with WebAuthn,10,2516,0.004208,0.045125,0.177833,0.27225,0.504375,5500.504375
poia_webauthn,PoIA with WebAuthn,10,2517,0.00325,0.027084,0.296833,1.735375,2.067208,5502.067208
poia_webauthn,PoIA with WebAuthn,10,2518,0.002334,0.021792,0.067125,0.132667,0.226625,5500.226625
poia_webauthn,PoIA with WebAuthn,10,2519,0.002167,0.021792,0.06675,0.269,0.363,5500.363
poia_webauthn,PoIA with WebAuthn,10,2520,0.003625,0.030125,0.35075,0.327875,0.716625,5500.716625
poia_webauthn,PoIA with WebAuthn,10,2521,0.002167,0.021959,0.071,0.305458,0.403625,5500.403625
poia_webauthn,PoIA with WebAuthn,10,2522,0.0025,0.023334,0.737375,0.25325,1.02,5501.02
poia_webauthn,PoIA with WebAuthn,10,2523,0.006292,0.096958,1.008,0.381958,1.502125,5501.502125
poia_webauthn,PoIA with WebAuthn,10,2524,0.002333,0.022292,0.265,0.318625,0.611833,5500.611833
poia_webauthn,PoIA with WebAuthn,10,2525,0.006458,0.056791,0.447791,0.587125,1.104542,5501.104542
poia_webauthn,PoIA with WebAuthn,10,2526,0.003292,0.026709,0.316875,0.321542,0.6725,5500.6725
poia_webauthn,PoIA with WebAuthn,10,2527,0.002375,0.023,0.228959,0.328541,0.5865,5500.5865
poia_webauthn,PoIA with WebAuthn,10,2528,0.002416,0.022042,0.084792,0.432417,0.544708,5500.544708
poia_webauthn,PoIA with WebAuthn,10,2529,0.003417,0.029167,0.463,0.449792,0.951917,5500.951917
poia_webauthn,PoIA with WebAuthn,10,2530,0.002333,0.022583,0.070084,0.153,0.251125,5500.251125
poia_webauthn,PoIA with WebAuthn,10,2531,0.006042,0.053667,0.210958,0.694792,0.973833,5500.973833
poia_webauthn,PoIA with WebAuthn,10,2532,0.002417,0.023292,0.538458,0.176208,0.744041,5500.744041
poia_webauthn,PoIA with WebAuthn,10,2533,0.002958,0.027917,0.314667,0.266417,0.616167,5500.616167
poia_webauthn,PoIA with WebAuthn,10,2534,0.002458,0.022584,0.228083,0.448208,0.70475,5500.70475
poia_webauthn,PoIA with WebAuthn,10,2535,0.003625,0.028,0.303458,0.35025,0.693333,5500.693333
poia_webauthn,PoIA with WebAuthn,10,2536,0.002292,0.02175,0.071084,0.133583,0.231292,5500.231292
poia_webauthn,PoIA with WebAuthn,10,2537,0.002333,0.021667,0.488625,0.326958,0.843042,5500.843042
poia_webauthn,PoIA with WebAuthn,10,2538,0.002458,0.021709,0.215583,0.278459,0.521875,5500.521875
poia_webauthn,PoIA with WebAuthn,10,2539,0.0035,0.028584,0.584917,1.637417,2.258625,5502.258625
poia_webauthn,PoIA with WebAuthn,10,2540,0.002834,0.02175,0.186167,0.312167,0.5265,5500.5265
poia_webauthn,PoIA with WebAuthn,10,2541,0.004334,0.043291,0.405084,0.393375,0.850917,5500.850917
poia_webauthn,PoIA with WebAuthn,10,2542,0.002416,0.022833,0.093084,0.192041,0.313667,5500.313667
poia_webauthn,PoIA with WebAuthn,10,2543,0.006209,0.053834,0.58325,1.270208,1.945792,5501.945792
poia_webauthn,PoIA with WebAuthn,10,2544,0.002459,0.021834,0.214542,0.262958,0.505542,5500.505542
poia_webauthn,PoIA with WebAuthn,10,2545,0.006,0.053458,0.601,0.826416,1.495333,5501.495333
poia_webauthn,PoIA with WebAuthn,10,2546,0.002333,0.022208,0.253042,0.33475,0.615875,5500.615875
poia_webauthn,PoIA with WebAuthn,10,2547,0.005125,0.049333,1.154625,0.227166,1.440417,5501.440417
poia_webauthn,PoIA with WebAuthn,10,2548,0.002291,0.022042,0.256666,0.315417,0.6,5500.6
poia_webauthn,PoIA with WebAuthn,10,2549,0.002792,0.026792,0.077458,0.554125,0.664875,5500.664875
poia_webauthn,PoIA with WebAuthn,10,2550,0.005792,0.216125,0.112875,0.296208,0.636125,5500.636125
poia_webauthn,PoIA with WebAuthn,10,2551,0.0025,0.034875,0.293083,0.265,0.599291,5500.599291
poia_webauthn,PoIA with WebAuthn,10,2552,0.002875,0.0265,0.484292,0.517958,1.035833,5501.035833
poia_webauthn,PoIA with WebAuthn,10,2553,0.002334,0.022167,0.423541,0.295209,0.746875,5500.746875
poia_webauthn,PoIA with WebAuthn,10,2554,0.00225,0.022084,0.0715,0.40975,0.508667,5500.508667
poia_webauthn,PoIA with WebAuthn,10,2555,0.004667,0.174459,0.143792,0.576834,0.904291,5500.904291
poia_webauthn,PoIA with WebAuthn,10,2556,0.002209,0.021666,0.427583,0.314834,0.769917,5500.769917
poia_webauthn,PoIA with WebAuthn,10,2557,0.007625,0.068542,0.751666,1.838,2.671792,5502.671792
poia_webauthn,PoIA with WebAuthn,10,2558,0.002375,0.021958,0.248125,0.439584,0.715709,5500.715709
poia_webauthn,PoIA with WebAuthn,10,2559,0.003208,0.028084,0.194291,0.544792,0.775834,5500.775834
poia_webauthn,PoIA with WebAuthn,10,2560,0.00225,0.021917,0.177875,0.31225,0.517791,5500.517791
poia_webauthn,PoIA with WebAuthn,10,2561,0.00375,0.03375,0.472625,0.428875,0.943375,5500.943375
poia_webauthn,PoIA with WebAuthn,10,2562,0.016334,0.110916,0.608125,0.72925,1.47275,5501.47275
poia_webauthn,PoIA with WebAuthn,10,2563,0.002333,0.02275,0.083375,0.237875,0.3495,5500.3495
poia_webauthn,PoIA with WebAuthn,10,2564,0.003209,0.033583,0.459667,0.297917,0.799084,5500.799084
poia_webauthn,PoIA with WebAuthn,10,2565,0.002375,0.021708,0.066042,0.134542,0.227375,5500.227375
poia_webauthn,PoIA with WebAuthn,10,2566,0.002458,0.022375,0.069459,0.266042,0.3635,5500.3635
poia_webauthn,PoIA with WebAuthn,10,2567,0.002666,0.025083,0.472625,0.480458,0.985125,5500.985125
poia_webauthn,PoIA with WebAuthn,10,2568,0.002292,0.02225,0.070708,0.310541,0.408708,5500.408708
poia_webauthn,PoIA with WebAuthn,10,2569,0.006375,0.053958,0.184917,0.712834,0.968833,5500.968833
poia_webauthn,PoIA with WebAuthn,10,2570,0.002917,0.026959,0.08375,0.373291,0.489917,5500.489917
poia_webauthn,PoIA with WebAuthn,10,2571,0.0025,0.023667,0.786875,0.160292,0.9765,5500.9765
poia_webauthn,PoIA with WebAuthn,10,2572,0.003375,0.028416,1.152167,0.296208,1.484875,5501.484875
poia_webauthn,PoIA with WebAuthn,10,2573,0.002292,0.021958,0.275667,0.327291,0.630833,5500.630833
poia_webauthn,PoIA with WebAuthn,10,2574,0.00275,0.025667,0.082417,0.163833,0.277583,5500.277583
poia_webauthn,PoIA with WebAuthn,10,2575,0.002291,0.022042,0.216541,0.382167,0.626667,5500.626667
poia_webauthn,PoIA with WebAuthn,10,2576,0.006625,0.057667,0.201917,0.474458,0.74825,5500.74825
poia_webauthn,PoIA with WebAuthn,10,2577,0.002292,0.021875,0.181917,0.345459,0.555125,5500.555125
poia_webauthn,PoIA with WebAuthn,10,2578,0.007417,0.051584,0.387375,0.6475,1.100458,5501.100458
poia_webauthn,PoIA with WebAuthn,10,2579,0.002417,0.024833,0.227292,0.281167,0.53925,5500.53925
poia_webauthn,PoIA with WebAuthn,10,2580,0.002958,0.026958,0.12525,0.299042,0.458,5500.458
poia_webauthn,PoIA with WebAuthn,10,2581,0.002375,0.022417,0.185208,0.131375,0.344416,5500.344416
poia_webauthn,PoIA with WebAuthn,10,2582,0.002208,0.021792,0.419542,0.252,0.699125,5500.699125
poia_webauthn,PoIA with WebAuthn,10,2583,0.0065,0.054959,0.204584,0.825417,1.098958,5501.098958
poia_webauthn,PoIA with WebAuthn,10,2584,0.002541,0.022333,0.216791,0.142417,0.38725,5500.38725
poia_webauthn,PoIA with WebAuthn,10,2585,0.004042,0.046333,0.127875,0.866,1.048334,5501.048334
poia_webauthn,PoIA with WebAuthn,10,2586,0.002209,0.021667,0.151208,0.325375,0.504125,5500.504125
poia_webauthn,PoIA with WebAuthn,10,2587,0.002958,0.025167,0.214916,0.358833,0.605917,5500.605917
poia_webauthn,PoIA with WebAuthn,10,2588,0.00225,0.021584,0.071083,0.11975,0.217291,5500.217291
poia_webauthn,PoIA with WebAuthn,10,2589,0.002541,0.021959,0.067459,0.268459,0.363667,5500.363667
poia_webauthn,PoIA with WebAuthn,10,2590,0.002875,0.025542,0.286958,0.365958,0.685417,5500.685417
poia_webauthn,PoIA with WebAuthn,10,2591,0.00225,0.022208,0.079,0.306334,0.413125,5500.413125
poia_webauthn,PoIA with WebAuthn,10,2592,0.003041,0.025875,0.290333,0.333417,0.656917,5500.656917
poia_webauthn,PoIA with WebAuthn,10,2593,0.002334,0.02175,0.704792,0.147125,0.879166,5500.879166
poia_webauthn,PoIA with WebAuthn,10,2594,0.002875,0.027042,0.632542,0.208083,0.87475,5500.87475
poia_webauthn,PoIA with WebAuthn,10,2595,0.00225,0.021334,0.217041,0.169083,0.413333,5500.413333
poia_webauthn,PoIA with WebAuthn,10,2596,0.002834,0.026083,0.078167,0.325375,0.436083,5500.436083
poia_webauthn,PoIA with WebAuthn,10,2597,0.00225,0.021708,0.070041,0.119708,0.21625,5500.21625
poia_webauthn,PoIA with WebAuthn,10,2598,0.002542,0.022333,0.067417,0.265166,0.360708,5500.360708
poia_webauthn,PoIA with WebAuthn,10,2599,0.003083,0.037,0.120125,0.328542,0.493167,5500.493167
poia_webauthn,PoIA with WebAuthn,10,2600,0.0025,0.025166,0.06725,0.30575,0.404,5500.404
poia_webauthn,PoIA with WebAuthn,10,2601,0.006292,0.056375,0.87525,0.956917,1.903708,5501.903708
poia_webauthn,PoIA with WebAuthn,10,2602,0.00225,0.022041,0.845958,0.485958,1.359667,5501.359667
poia_webauthn,PoIA with WebAuthn,10,2603,0.002291,0.022042,0.219667,0.328791,0.576291,5500.576291
poia_webauthn,PoIA with WebAuthn,10,2604,0.002958,0.026292,0.080291,0.154541,0.267042,5500.267042
poia_webauthn,PoIA with WebAuthn,10,2605,0.002417,0.022416,0.339791,0.327417,0.695667,5500.695667
poia_webauthn,PoIA with WebAuthn,10,2606,0.002292,0.022292,0.247042,0.156916,0.432083,5500.432083
poia_webauthn,PoIA with WebAuthn,10,2607,0.003833,0.0425,1.015459,0.241333,1.307584,5501.307584
poia_webauthn,PoIA with WebAuthn,10,2608,0.002334,0.022459,0.177375,0.27175,0.477625,5500.477625
poia_webauthn,PoIA with WebAuthn,10,2609,0.00325,0.027792,0.216416,0.362792,0.614333,5500.614333
poia_webauthn,PoIA with WebAuthn,10,2610,0.002792,0.026959,0.226625,0.430209,0.690666,5500.690666
poia_webauthn,PoIA with WebAuthn,10,2611,0.002583,0.0225,0.081375,0.242583,0.352292,5500.352292
poia_webauthn,PoIA with WebAuthn,10,2612,0.0025,0.024209,0.069125,0.191834,0.290833,5500.290833
poia_webauthn,PoIA with WebAuthn,10,2613,0.007291,0.057166,0.6955,0.589417,1.358084,5501.358084
poia_webauthn,PoIA with WebAuthn,10,2614,0.008917,0.056792,0.655625,0.416667,1.146584,5501.146584
poia_webauthn,PoIA with WebAuthn,10,2615,0.002459,0.022417,0.071542,0.308292,0.407625,5500.407625
poia_webauthn,PoIA with WebAuthn,10,2616,0.002125,0.022541,0.285,0.442334,0.755584,5500.755584
poia_webauthn,PoIA with WebAuthn,10,2617,0.002333,0.022667,0.066417,0.28425,0.378667,5500.378667
poia_webauthn,PoIA with WebAuthn,10,2618,0.008667,0.067583,0.14725,3.474875,3.703834,5503.703834
poia_webauthn,PoIA with WebAuthn,10,2619,0.00725,0.133417,5.932083,6.11125,12.197125,5512.197125
poia_webauthn,PoIA with WebAuthn,10,2620,0.009042,0.088375,11.830125,6.54225,18.4805,5518.4805
poia_webauthn,PoIA with WebAuthn,10,2621,0.01,0.058083,5.947959,2.791958,8.817208,5508.817208
poia_webauthn,PoIA with WebAuthn,10,2622,0.004917,0.047833,6.209542,2.773416,9.043208,5509.043208
poia_webauthn,PoIA with WebAuthn,10,2623,0.011667,0.124708,2.8405,1.391125,4.379166,5504.379166
poia_webauthn,PoIA with WebAuthn,10,2624,0.007375,0.077166,2.764583,1.354291,4.211208,5504.211208
poia_webauthn,PoIA with WebAuthn,10,2625,0.0045,0.051834,1.3335,0.3445,1.741167,5501.741167
poia_webauthn,PoIA with WebAuthn,10,2626,0.007125,0.057541,1.223291,1.536291,2.833042,5502.833042
poia_webauthn,PoIA with WebAuthn,10,2627,0.005292,0.063667,1.333625,1.455209,2.865333,5502.865333
poia_webauthn,PoIA with WebAuthn,10,2628,0.005167,0.055667,1.475667,0.360125,1.903083,5501.903083
poia_webauthn,PoIA with WebAuthn,10,2629,0.005834,0.0565,1.6445,0.33925,2.053542,5502.053542
poia_webauthn,PoIA with WebAuthn,10,2630,0.004291,0.041791,1.637625,0.338791,2.028625,5502.028625
poia_webauthn,PoIA with WebAuthn,10,2631,0.005834,0.062125,1.432875,1.711833,3.220292,5503.220292
poia_webauthn,PoIA with WebAuthn,10,2632,0.00475,0.081166,1.634417,0.365084,2.091916,5502.091916
poia_webauthn,PoIA with WebAuthn,10,2633,0.0045,0.043458,1.795583,0.312708,2.162167,5502.162167
poia_webauthn,PoIA with WebAuthn,10,2634,0.00475,0.052208,3.090875,0.32825,3.482042,5503.482042
poia_webauthn,PoIA with WebAuthn,10,2635,0.004792,0.049917,1.841875,0.317958,2.220875,5502.220875
poia_webauthn,PoIA with WebAuthn,10,2636,0.0055,0.052625,1.994042,0.644375,2.705,5502.705
poia_webauthn,PoIA with WebAuthn,10,2637,0.003917,0.04225,3.286584,0.309209,3.649,5503.649
poia_webauthn,PoIA with WebAuthn,10,2638,0.007,0.056084,9.361417,0.628125,10.08075,5510.08075
poia_webauthn,PoIA with WebAuthn,10,2639,0.005625,0.055291,3.748375,1.010042,4.826458,5504.826458
poia_webauthn,PoIA with WebAuthn,10,2640,0.004084,0.046875,2.183833,4.52075,6.780833,5506.780833
poia_webauthn,PoIA with WebAuthn,10,2641,0.009042,0.425209,0.239958,4.307625,4.991917,5504.991917
poia_webauthn,PoIA with WebAuthn,10,2642,0.003959,0.04275,1.8385,6.821708,8.71525,5508.71525
poia_webauthn,PoIA with WebAuthn,10,2643,0.004584,0.086167,3.251541,4.039416,7.388417,5507.388417
poia_webauthn,PoIA with WebAuthn,10,2644,0.006041,0.055041,1.824875,8.934333,10.829583,5510.829583
poia_webauthn,PoIA with WebAuthn,10,2645,0.004458,0.118125,0.188708,3.1645,3.484459,5503.484459
poia_webauthn,PoIA with WebAuthn,10,2646,0.009334,0.060875,3.931916,2.072458,6.083375,5506.083375
poia_webauthn,PoIA with WebAuthn,10,2647,0.007791,0.070083,3.552125,2.008083,5.646333,5505.646333
poia_webauthn,PoIA with WebAuthn,10,2648,0.004041,0.041333,10.569292,2.134333,12.756458,5512.756458
poia_webauthn,PoIA with WebAuthn,10,2649,0.004542,0.066458,3.240625,2.105167,5.443334,5505.443334
poia_webauthn,PoIA with WebAuthn,10,2650,0.008,0.079084,2.618625,2.155708,4.8685,5504.8685
poia_webauthn,PoIA with WebAuthn,10,2651,0.006584,0.133917,2.359458,2.223792,4.73275,5504.73275
poia_webauthn,PoIA with WebAuthn,10,2652,0.004584,0.064584,2.2765,2.361708,4.714875,5504.714875
poia_webauthn,PoIA with WebAuthn,10,2653,0.004,0.041667,7.23375,4.33525,11.62225,5511.62225
poia_webauthn,PoIA with WebAuthn,10,2654,0.004791,0.076584,0.199833,2.382791,2.670542,5502.670542
poia_webauthn,PoIA with WebAuthn,10,2655,0.007542,0.076791,2.019583,2.526541,4.639542,5504.639542
poia_webauthn,PoIA with WebAuthn,10,2656,0.007,0.054834,2.099792,2.40475,4.575375,5504.575375
poia_webauthn,PoIA with WebAuthn,10,2657,0.00475,0.051167,2.366042,0.317042,2.745166,5502.745166
poia_webauthn,PoIA with WebAuthn,10,2658,0.005291,0.053333,2.083625,0.312625,2.460708,5502.460708
poia_webauthn,PoIA with WebAuthn,10,2659,0.004583,0.050625,2.015833,0.343833,2.421,5502.421
poia_webauthn,PoIA with WebAuthn,10,2660,0.004834,0.10425,2.476417,2.047333,4.640583,5504.640583
poia_webauthn,PoIA with WebAuthn,10,2661,0.004875,0.075875,2.385833,2.12075,4.594667,5504.594667
poia_webauthn,PoIA with WebAuthn,10,2662,0.00475,0.05225,2.388334,2.075209,4.527959,5504.527959
poia_webauthn,PoIA with WebAuthn,10,2663,0.006041,0.059417,2.299208,2.113375,4.49,5504.49
poia_webauthn,PoIA with WebAuthn,10,2664,0.005084,0.051375,2.059083,2.615333,4.73825,5504.73825
poia_webauthn,PoIA with WebAuthn,10,2665,0.005083,0.06825,3.949375,2.941083,6.973042,5506.973042
poia_webauthn,PoIA with WebAuthn,10,2666,0.003834,0.041917,2.12925,3.166167,5.347792,5505.347792
poia_webauthn,PoIA with WebAuthn,10,2667,0.004833,0.050625,4.060416,3.2565,7.38075,5507.38075
poia_webauthn,PoIA with WebAuthn,10,2668,0.004916,0.044542,2.353958,3.218125,5.629375,5505.629375
poia_webauthn,PoIA with WebAuthn,10,2669,0.004292,0.064792,2.315541,3.318875,5.710458,5505.710458
poia_webauthn,PoIA with WebAuthn,10,2670,0.004792,0.052375,2.39775,3.39,5.852708,5505.852708
poia_webauthn,PoIA with WebAuthn,10,2671,0.004375,0.074292,2.583042,3.226959,5.894,5505.894
poia_webauthn,PoIA with WebAuthn,10,2672,0.004542,0.051292,2.950583,2.788917,5.803083,5505.803083
poia_webauthn,PoIA with WebAuthn,10,2673,0.00375,0.040959,1.911833,5.496792,7.458667,5507.458667
poia_webauthn,PoIA with WebAuthn,10,2674,0.006584,0.049959,0.345,2.3245,2.73225,5502.73225
poia_webauthn,PoIA with WebAuthn,10,2675,0.007292,0.055375,3.150666,2.272833,5.49425,5505.49425
poia_webauthn,PoIA with WebAuthn,10,2676,0.006375,0.057584,2.8325,2.368791,5.272084,5505.272084
poia_webauthn,PoIA with WebAuthn,10,2677,0.004541,0.049292,2.415459,0.337,2.81225,5502.81225
poia_webauthn,PoIA with WebAuthn,10,2678,0.003959,0.116084,0.147667,2.369083,2.64325,5502.64325
poia_webauthn,PoIA with WebAuthn,10,2679,0.004667,0.115959,2.167125,2.441333,4.738042,5504.738042
poia_webauthn,PoIA with WebAuthn,10,2680,0.003959,0.094167,2.140625,2.448666,4.695792,5504.695792
poia_webauthn,PoIA with WebAuthn,10,2681,0.0065,0.055958,2.21925,2.37025,4.659666,5504.659666
poia_webauthn,PoIA with WebAuthn,10,2682,0.00525,0.046708,2.335958,2.267375,4.662291,5504.662291
poia_webauthn,PoIA with WebAuthn,10,2683,0.005208,0.05475,2.221458,0.339875,2.627333,5502.627333
poia_webauthn,PoIA with WebAuthn,10,2684,0.005416,0.063584,6.389375,0.391542,6.856791,5506.856791
poia_webauthn,PoIA with WebAuthn,10,2685,0.004834,0.052541,2.197625,0.31175,2.573042,5502.573042
poia_webauthn,PoIA with WebAuthn,10,2686,0.005875,0.055416,2.108666,0.341292,2.518041,5502.518041
poia_webauthn,PoIA with WebAuthn,10,2687,0.006833,0.070958,2.266417,2.221,4.5735,5504.5735
poia_webauthn,PoIA with WebAuthn,10,2688,0.003708,0.04125,2.416459,4.006417,6.475084,5506.475084
poia_webauthn,PoIA with WebAuthn,10,2689,0.004542,0.050875,0.202459,0.284166,0.5465,5500.5465
poia_webauthn,PoIA with WebAuthn,10,2690,0.004791,0.041875,1.871667,0.343875,2.268625,5502.268625
poia_webauthn,PoIA with WebAuthn,10,2691,0.00475,0.05025,2.0265,2.122584,4.211875,5504.211875
poia_webauthn,PoIA with WebAuthn,10,2692,0.004333,0.051,1.806542,2.190417,4.05975,5504.05975
poia_webauthn,PoIA with WebAuthn,10,2693,0.004541,0.073958,2.144667,0.339042,2.568209,5502.568209
poia_webauthn,PoIA with WebAuthn,10,2694,0.004375,0.043416,3.86225,0.315875,4.231958,5504.231958
poia_webauthn,PoIA with WebAuthn,10,2695,0.004375,0.050959,3.819042,2.126,6.010167,5506.010167
poia_webauthn,PoIA with WebAuthn,10,2696,0.005458,0.052959,2.110625,0.312042,2.487208,5502.487208
poia_webauthn,PoIA with WebAuthn,10,2697,0.004542,0.053333,2.042375,0.382792,2.491667,5502.491667
poia_webauthn,PoIA with WebAuthn,10,2698,0.004416,0.042834,2.065875,0.323708,2.442833,5502.442833
poia_webauthn,PoIA with WebAuthn,10,2699,0.004667,0.041625,2.062292,0.323375,2.438292,5502.438292
poia_webauthn,PoIA with WebAuthn,10,2700,0.004792,0.042584,2.1715,1.842875,4.068833,5504.068833
poia_webauthn,PoIA with WebAuthn,10,2701,0.005167,0.053166,4.169709,6.089375,10.32525,5510.32525
poia_webauthn,PoIA with WebAuthn,10,2702,0.0085,0.145167,0.170667,4.683792,5.014917,5505.014917
poia_webauthn,PoIA with WebAuthn,10,2703,0.004458,0.043625,0.175625,3.126959,3.355459,5503.355459
poia_webauthn,PoIA with WebAuthn,10,2704,0.005334,0.056792,7.132,3.026167,10.226625,5510.226625
poia_webauthn,PoIA with WebAuthn,10,2705,0.004875,0.041334,1.710042,2.992583,4.755417,5504.755417
poia_webauthn,PoIA with WebAuthn,10,2706,0.003291,0.040834,2.070833,6.59525,8.718167,5508.718167
poia_webauthn,PoIA with WebAuthn,10,2707,0.00775,0.080292,0.322,2.58975,3.007459,5503.007459
poia_webauthn,PoIA with WebAuthn,10,2708,0.004334,0.043333,7.994209,2.576666,10.626084,5510.626084
poia_webauthn,PoIA with WebAuthn,10,2709,0.003917,0.040459,2.889375,2.368833,5.310542,5505.310542
poia_webauthn,PoIA with WebAuthn,10,2710,0.007,0.081292,2.414125,0.324208,2.833125,5502.833125
poia_webauthn,PoIA with WebAuthn,10,2711,0.004542,0.042959,4.683917,2.428541,7.164917,5507.164917
poia_webauthn,PoIA with WebAuthn,10,2712,0.003834,0.046167,2.353792,0.4925,2.9025,5502.9025
poia_webauthn,PoIA with WebAuthn,10,2713,0.004209,0.075417,0.133417,4.028291,4.246208,5504.246208
poia_webauthn,PoIA with WebAuthn,10,2714,0.004917,0.066833,5.202541,2.322083,7.605125,5507.605125
poia_webauthn,PoIA with WebAuthn,10,2715,0.004708,0.047583,0.18475,2.357875,2.601709,5502.601709
poia_webauthn,PoIA with WebAuthn,10,2716,0.004417,0.046,4.581125,0.386708,5.025042,5505.025042
poia_webauthn,PoIA with WebAuthn,10,2717,0.006417,0.057917,2.433208,2.206292,4.712083,5504.712083
poia_webauthn,PoIA with WebAuthn,10,2718,0.005458,0.058834,2.268666,2.110167,4.449291,5504.449291
poia_webauthn,PoIA with WebAuthn,10,2719,0.007125,0.053625,2.418875,2.462291,4.949459,5504.949459
poia_webauthn,PoIA with WebAuthn,10,2720,0.00575,0.066333,2.202125,0.32675,2.607333,5502.607333
poia_webauthn,PoIA with WebAuthn,10,2721,0.006583,0.069166,4.567166,2.156125,6.807292,5506.807292
poia_webauthn,PoIA with WebAuthn,10,2722,0.006417,0.048084,2.121792,0.430666,2.614542,5502.614542
poia_webauthn,PoIA with WebAuthn,10,2723,0.005458,0.05325,2.095,0.345416,2.505417,5502.505417
poia_webauthn,PoIA with WebAuthn,10,2724,0.006792,0.052792,4.001292,2.133458,6.202208,5506.202208
poia_webauthn,PoIA with WebAuthn,10,2725,0.005375,0.054833,2.197125,4.070041,6.334709,5506.334709
poia_webauthn,PoIA with WebAuthn,10,2726,0.006125,0.054334,2.177958,2.152458,4.399292,5504.399292
poia_webauthn,PoIA with WebAuthn,10,2727,0.005667,0.10925,2.355083,3.868,6.349416,5506.349416
poia_webauthn,PoIA with WebAuthn,10,2728,0.005958,0.0605,1.999625,2.296167,4.372292,5504.372292
poia_webauthn,PoIA with WebAuthn,10,2729,0.004833,0.053833,3.709208,2.311916,6.087167,5506.087167
poia_webauthn,PoIA with WebAuthn,10,2730,0.005208,0.045584,2.174167,2.164916,4.397375,5504.397375
poia_webauthn,PoIA with WebAuthn,10,2731,0.004958,0.0515,2.234208,2.143166,4.44125,5504.44125
poia_webauthn,PoIA with WebAuthn,10,2732,0.005625,0.049875,2.13725,2.19675,4.396791,5504.396791
poia_webauthn,PoIA with WebAuthn,10,2733,0.005209,0.054416,2.16625,0.350916,2.583125,5502.583125
poia_webauthn,PoIA with WebAuthn,10,2734,0.004584,0.1,2.128666,0.314916,2.554542,5502.554542
poia_webauthn,PoIA with WebAuthn,10,2735,0.006292,0.057625,2.135667,2.100667,4.308666,5504.308666
poia_webauthn,PoIA with WebAuthn,10,2736,0.00525,0.052333,2.116583,2.6195,4.800875,5504.800875
poia_webauthn,PoIA with WebAuthn,10,2737,0.00525,0.051042,2.926792,0.685208,3.676791,5503.676791
poia_webauthn,PoIA with WebAuthn,10,2738,0.004333,0.042833,3.287875,0.26175,3.602625,5503.602625
poia_webauthn,PoIA with WebAuthn,10,2739,0.005334,0.053667,5.117792,0.288917,5.471417,5505.471417
poia_webauthn,PoIA with WebAuthn,10,2740,0.007959,0.199958,0.318291,2.637292,3.172666,5503.172666
poia_webauthn,PoIA with WebAuthn,10,2741,0.004541,0.04225,2.264291,7.130667,9.448542,5509.448542
poia_webauthn,PoIA with WebAuthn,10,2742,0.005208,0.052583,2.025,5.88325,7.972833,5507.972833
poia_webauthn,PoIA with WebAuthn,10,2743,0.004208,0.042416,3.2685,2.980875,6.302375,5506.302375
poia_webauthn,PoIA with WebAuthn,10,2744,0.004875,0.050959,4.84625,2.935,7.842625,5507.842625
poia_webauthn,PoIA with WebAuthn,10,2745,0.005958,0.057,0.359416,6.0105,6.441792,5506.441792
poia_webauthn,PoIA with WebAuthn,10,2746,0.007375,0.057708,3.367833,0.347959,3.788417,5503.788417
poia_webauthn,PoIA with WebAuthn,10,2747,0.004458,0.091625,0.172375,3.06725,3.342917,5503.342917
poia_webauthn,PoIA with WebAuthn,10,2748,0.006291,0.055625,2.765708,2.978209,5.816334,5505.816334
poia_webauthn,PoIA with WebAuthn,10,2749,0.006208,0.044792,2.914416,0.318583,3.289542,5503.289542
poia_webauthn,PoIA with WebAuthn,10,2750,0.006625,0.057833,2.824334,0.353792,3.249166,5503.249166
poia_webauthn,PoIA with WebAuthn,10,2751,0.004833,0.052625,4.963958,7.272708,12.302666,5512.302666
poia_webauthn,PoIA with WebAuthn,10,2752,0.004583,0.116208,3.129333,2.347417,5.607042,5505.607042
poia_webauthn,PoIA with WebAuthn,10,2753,0.006083,0.044834,2.365875,0.3335,2.757625,5502.757625
poia_webauthn,PoIA with WebAuthn,10,2754,0.006541,0.070375,3.04225,4.572833,7.700833,5507.700833
poia_webauthn,PoIA with WebAuthn,10,2755,0.00575,0.050292,4.430125,0.349791,4.842417,5504.842417
poia_webauthn,PoIA with WebAuthn,10,2756,0.004458,0.066208,2.131959,0.314584,2.523583,5502.523583
poia_webauthn,PoIA with WebAuthn,10,2757,0.005167,0.074208,2.08525,0.4025,2.57425,5502.57425
poia_webauthn,PoIA with WebAuthn,10,2758,0.006959,0.069667,3.888625,0.352625,4.324708,5504.324708
poia_webauthn,PoIA with WebAuthn,10,2759,0.004875,0.044042,2.100458,0.355834,2.511208,5502.511208
poia_webauthn,PoIA with WebAuthn,10,2760,0.00525,0.045584,3.894708,0.325792,4.277709,5504.277709
poia_webauthn,PoIA with WebAuthn,10,2761,0.005334,0.056125,2.066875,2.119959,4.255792,5504.255792
poia_webauthn,PoIA with WebAuthn,10,2762,0.005542,0.1125,2.266375,3.69875,6.090958,5506.090958
poia_webauthn,PoIA with WebAuthn,10,2763,0.004584,0.043625,1.956958,0.320833,2.332083,5502.332083
poia_webauthn,PoIA with WebAuthn,10,2764,0.005125,0.043166,1.948167,0.37975,2.382667,5502.382667
poia_webauthn,PoIA with WebAuthn,10,2765,0.004208,0.04275,2.085791,2.0085,4.148958,5504.148958
poia_webauthn,PoIA with WebAuthn,10,2766,0.00475,0.053291,1.992792,0.381042,2.440084,5502.440084
poia_webauthn,PoIA with WebAuthn,10,2767,0.004041,0.045083,2.646125,7.195542,9.897792,5509.897792
poia_webauthn,PoIA with WebAuthn,10,2768,0.00475,0.043708,5.514417,0.478333,6.048208,5506.048208
poia_webauthn,PoIA with WebAuthn,10,2769,0.005084,0.041875,1.974042,2.633916,4.663334,5504.663334
poia_webauthn,PoIA with WebAuthn,10,2770,0.004792,0.050459,2.000834,2.810875,4.875042,5504.875042
poia_webauthn,PoIA with WebAuthn,10,2771,0.011541,0.073333,0.252125,0.312166,0.655667,5500.655667
poia_webauthn,PoIA with WebAuthn,10,2772,0.004834,0.042916,2.271334,2.828,5.154833,5505.154833
poia_webauthn,PoIA with WebAuthn,10,2773,0.004792,0.04275,1.98175,5.029875,7.066334,5507.066334
poia_webauthn,PoIA with WebAuthn,10,2774,0.006625,0.166209,0.21525,2.753208,3.150876,5503.150876
poia_webauthn,PoIA with WebAuthn,10,2775,0.0065,0.06725,3.775458,6.543792,10.399292,5510.399292
poia_webauthn,PoIA with WebAuthn,10,2776,0.005459,0.054125,2.618292,2.851834,5.537084,5505.537084
poia_webauthn,PoIA with WebAuthn,10,2777,0.006125,0.059833,0.306542,2.92525,3.305292,5503.305292
poia_webauthn,PoIA with WebAuthn,10,2778,0.004625,0.069916,5.363209,0.46425,5.908626,5505.908626
poia_webauthn,PoIA with WebAuthn,10,2779,0.005292,0.05275,2.725876,0.33975,3.130833,5503.130833
poia_webauthn,PoIA with WebAuthn,10,2780,0.005792,0.088791,0.167209,0.326834,0.596041,5500.596041
poia_webauthn,PoIA with WebAuthn,10,2781,0.005167,0.053125,2.917334,4.795417,7.778417,5507.778417
poia_webauthn,PoIA with WebAuthn,10,2782,0.004875,0.043375,6.762959,2.667208,9.484792,5509.484792
poia_webauthn,PoIA with WebAuthn,10,2783,0.008875,0.058625,2.484083,0.394333,2.955042,5502.955042
poia_webauthn,PoIA with WebAuthn,10,2784,0.005959,0.052208,4.876959,0.341583,5.283542,5505.283542
poia_webauthn,PoIA with WebAuthn,10,2785,0.004958,0.097833,2.583292,2.4465,5.141667,5505.141667
poia_webauthn,PoIA with WebAuthn,10,2786,0.003667,0.088334,2.622792,2.27975,5.002958,5505.002958
poia_webauthn,PoIA with WebAuthn,10,2787,0.004625,0.099,2.567625,2.297875,4.977958,5504.977958
poia_webauthn,PoIA with WebAuthn,10,2788,0.006542,0.066167,2.255334,0.348375,2.683,5502.683
poia_webauthn,PoIA with WebAuthn,10,2789,0.005209,0.062042,2.161375,0.345666,2.581083,5502.581083
poia_webauthn,PoIA with WebAuthn,10,2790,0.003458,0.1265,4.580292,2.089167,6.808083,5506.808083
poia_webauthn,PoIA with WebAuthn,10,2791,0.005458,0.142792,2.262041,2.090208,4.596792,5504.596792
poia_webauthn,PoIA with WebAuthn,10,2792,0.004958,0.054333,2.03925,0.312166,2.417042,5502.417042
poia_webauthn,PoIA with WebAuthn,10,2793,0.006,0.054208,1.9645,0.315125,2.346125,5502.346125
poia_webauthn,PoIA with WebAuthn,10,2794,0.00525,0.05125,2.075542,1.993417,4.133292,5504.133292
poia_webauthn,PoIA with WebAuthn,10,2795,0.005417,0.044125,2.060875,2.084167,4.2025,5504.2025
poia_webauthn,PoIA with WebAuthn,10,2796,0.005083,0.051875,2.075041,2.068542,4.208083,5504.208083
poia_webauthn,PoIA with WebAuthn,10,2797,0.005459,0.052458,2.051167,0.369291,2.48475,5502.48475
poia_webauthn,PoIA with WebAuthn,10,2798,0.033625,0.060666,10.153959,0.336458,10.593584,5510.593584
poia_webauthn,PoIA with WebAuthn,10,2799,0.004375,0.041875,2.037125,0.345292,2.434792,5502.434792
poia_webauthn,PoIA with WebAuthn,10,2800,0.004917,0.041958,1.944666,2.113041,4.11175,5504.11175
poia_webauthn,PoIA with WebAuthn,10,2801,0.004584,0.051292,1.993041,0.344959,2.400583,5502.400583
poia_webauthn,PoIA with WebAuthn,10,2802,0.00425,0.042083,1.955542,0.321875,2.33,5502.33
poia_webauthn,PoIA with WebAuthn,10,2803,0.004084,0.056667,3.52775,0.321458,3.916,5503.916
poia_webauthn,PoIA with WebAuthn,10,2804,0.004875,0.057208,2.062416,2.522,4.653375,5504.653375
poia_webauthn,PoIA with WebAuthn,10,2805,0.004833,0.05075,3.67375,3.093292,6.831167,5506.831167
poia_webauthn,PoIA with WebAuthn,10,2806,0.004875,0.043084,1.940625,6.643541,8.639958,5508.639958
poia_webauthn,PoIA with WebAuthn,10,2807,0.004584,0.043167,3.387416,0.325875,3.767291,5503.767291
poia_webauthn,PoIA with WebAuthn,10,2808,0.0045,0.042084,5.207625,0.316542,5.576833,5505.576833
poia_webauthn,PoIA with WebAuthn,10,2809,0.004625,0.049459,2.404041,2.946,5.411667,5505.411667
poia_webauthn,PoIA with WebAuthn,10,2810,0.005042,0.05225,4.385542,2.725542,7.17625,5507.17625
poia_webauthn,PoIA with WebAuthn,10,2811,0.00425,0.042541,3.220833,2.248041,5.523334,5505.523334
poia_webauthn,PoIA with WebAuthn,10,2812,0.004459,0.043958,0.176375,5.14975,5.38075,5505.38075
poia_webauthn,PoIA with WebAuthn,10,2813,0.004917,0.042125,1.970209,5.262542,7.2905,5507.2905
poia_webauthn,PoIA with WebAuthn,10,2814,0.005,0.043708,2.244917,0.559916,2.86425,5502.86425
poia_webauthn,PoIA with WebAuthn,10,2815,0.04575,0.070834,2.248292,2.504709,4.88025,5504.88025
poia_webauthn,PoIA with WebAuthn,10,2816,0.005292,0.050709,2.408083,0.407541,2.879083,5502.879083
poia_webauthn,PoIA with WebAuthn,10,2817,0.0055,0.080958,2.150125,2.53575,4.780666,5504.780666
poia_webauthn,PoIA with WebAuthn,10,2818,0.004875,0.044709,2.221375,2.416625,4.695542,5504.695542
poia_webauthn,PoIA with WebAuthn,10,2819,0.00925,0.090125,2.760458,4.277708,7.148459,5507.148459
poia_webauthn,PoIA with WebAuthn,10,2820,0.005333,0.055584,2.400875,2.32675,4.796375,5504.796375
poia_webauthn,PoIA with WebAuthn,10,2821,0.005792,0.051041,2.22875,0.336167,2.628709,5502.628709
poia_webauthn,PoIA with WebAuthn,10,2822,0.004542,0.050583,4.327667,0.315541,4.7045,5504.7045
poia_webauthn,PoIA with WebAuthn,10,2823,0.005458,0.054583,2.492,2.05975,4.6195,5504.6195
poia_webauthn,PoIA with WebAuthn,10,2824,0.004834,0.052209,2.44525,2.1465,4.656084,5504.656084
poia_webauthn,PoIA with WebAuthn,10,2825,0.004792,0.068708,2.046834,0.327166,2.453791,5502.453791
poia_webauthn,PoIA with WebAuthn,10,2826,0.004458,0.053209,1.98,0.346084,2.390166,5502.390166
poia_webauthn,PoIA with WebAuthn,10,2827,0.004625,0.052792,2.03725,2.015375,4.1175,5504.1175
poia_webauthn,PoIA with WebAuthn,10,2828,0.005875,0.057958,2.123959,1.933625,4.12925,5504.12925
poia_webauthn,PoIA with WebAuthn,10,2829,0.006708,0.056334,5.438375,0.349542,5.857625,5505.857625
poia_webauthn,PoIA with WebAuthn,10,2830,0.004083,0.068042,1.918209,0.351084,2.347958,5502.347958
poia_webauthn,PoIA with WebAuthn,10,2831,0.004542,0.043083,1.990458,1.999709,4.04525,5504.04525
poia_webauthn,PoIA with WebAuthn,10,2832,0.005,0.079209,1.987084,1.978666,4.058459,5504.058459
poia_webauthn,PoIA with WebAuthn,10,2833,0.004833,0.051959,1.905,2.090708,4.059625,5504.059625
poia_webauthn,PoIA with WebAuthn,10,2834,0.004375,0.050125,5.492541,2.068708,7.623166,5507.623166
poia_webauthn,PoIA with WebAuthn,10,2835,0.004916,0.0425,1.999792,3.793708,5.848708,5505.848708
poia_webauthn,PoIA with WebAuthn,10,2836,0.00575,0.055083,1.954833,2.09,4.113625,5504.113625
poia_webauthn,PoIA with WebAuthn,10,2837,0.00525,0.053625,2.061541,0.314542,2.441291,5502.441291
poia_webauthn,PoIA with WebAuthn,10,2838,0.005458,0.065667,1.970792,0.315042,2.363291,5502.363291
poia_webauthn,PoIA with WebAuthn,10,2839,0.004666,0.043083,3.722541,1.982209,5.760042,5505.760042
poia_webauthn,PoIA with WebAuthn,10,2840,0.004417,0.041625,2.138208,2.239375,4.431167,5504.431167
poia_webauthn,PoIA with WebAuthn,10,2841,0.004834,0.044,2.129,2.35825,4.543708,5504.543708
poia_webauthn,PoIA with WebAuthn,10,2842,0.004917,0.051792,2.067875,2.511708,4.642583,5504.642583
poia_webauthn,PoIA with WebAuthn,10,2843,0.006416,0.05675,2.058875,4.078667,6.207125,5506.207125
poia_webauthn,PoIA with WebAuthn,10,2844,0.00425,0.041667,2.663916,0.482625,3.199417,5503.199417
poia_webauthn,PoIA with WebAuthn,10,2845,0.005208,0.059209,2.559125,0.320667,2.950625,5502.950625
poia_webauthn,PoIA with WebAuthn,10,2846,0.007834,0.103792,2.374333,0.327792,2.820542,5502.820542
poia_webauthn,PoIA with WebAuthn,10,2847,0.005166,0.055166,2.393083,2.499709,4.960792,5504.960792
poia_webauthn,PoIA with WebAuthn,10,2848,0.004625,0.049875,4.082417,2.563916,6.710625,5506.710625
poia_webauthn,PoIA with WebAuthn,10,2849,0.004416,0.041208,2.651542,2.386667,5.091208,5505.091208
poia_webauthn,PoIA with WebAuthn,10,2850,0.004458,0.049959,2.108833,4.566917,6.740083,5506.740083
poia_webauthn,PoIA with WebAuthn,10,2851,0.004959,0.079375,2.76175,2.384542,5.241,5505.241
poia_webauthn,PoIA with WebAuthn,10,2852,0.03375,0.058375,2.3945,0.390625,2.884625,5502.884625
poia_webauthn,PoIA with WebAuthn,10,2853,0.004125,0.047125,4.416792,0.408791,4.882167,5504.882167
poia_webauthn,PoIA with WebAuthn,10,2854,0.005,0.042209,2.524583,2.437917,5.016625,5505.016625
poia_webauthn,PoIA with WebAuthn,10,2855,0.004625,0.050333,2.578916,0.36425,3.005,5503.005
poia_webauthn,PoIA with WebAuthn,10,2856,0.005542,0.054458,2.563,0.318417,2.947791,5502.947791
poia_webauthn,PoIA with WebAuthn,10,2857,0.005208,0.042541,4.369542,0.322417,4.745791,5504.745791
poia_webauthn,PoIA with WebAuthn,10,2858,0.003916,0.046667,2.25675,0.328625,2.642042,5502.642042
poia_webauthn,PoIA with WebAuthn,10,2859,0.004917,0.052833,2.375416,2.275625,4.718,5504.718
poia_webauthn,PoIA with WebAuthn,10,2860,0.0065,0.057125,2.229125,0.319042,2.619084,5502.619084
poia_webauthn,PoIA with WebAuthn,10,2861,0.0045,0.084208,4.211375,0.32775,4.6345,5504.6345
poia_webauthn,PoIA with WebAuthn,10,2862,0.004833,0.04525,2.475125,3.931084,6.463542,5506.463542
poia_webauthn,PoIA with WebAuthn,10,2863,0.006375,0.07275,1.950792,0.3425,2.379084,5502.379084
poia_webauthn,PoIA with WebAuthn,10,2864,0.006625,0.058166,5.701334,0.315333,6.088875,5506.088875
poia_webauthn,PoIA with WebAuthn,10,2865,0.00425,0.042,2.069667,1.927959,4.051,5504.051
poia_webauthn,PoIA with WebAuthn,10,2866,0.004541,0.0445,3.770333,1.983333,5.810125,5505.810125
poia_webauthn,PoIA with WebAuthn,10,2867,0.004792,0.042125,2.047375,1.983083,4.085625,5504.085625
poia_webauthn,PoIA with WebAuthn,10,2868,0.005458,0.044208,2.053583,2.065167,4.175916,5504.175916
poia_webauthn,PoIA with WebAuthn,10,2869,0.005083,0.046375,1.898042,2.094416,4.0515,5504.0515
poia_webauthn,PoIA with WebAuthn,10,2870,0.005042,0.050917,2.070792,0.343375,2.4765,5502.4765
poia_webauthn,PoIA with WebAuthn,10,2871,0.028292,0.058042,2.005667,0.317625,2.416666,5502.416666
poia_webauthn,PoIA with WebAuthn,10,2872,0.004625,0.04225,5.426333,1.951208,7.4315,5507.4315
poia_webauthn,PoIA with WebAuthn,10,2873,0.004333,0.042375,3.701708,2.034583,5.790334,5505.790334
poia_webauthn,PoIA with WebAuthn,10,2874,0.00525,0.043334,2.055167,2.100667,4.21225,5504.21225
poia_webauthn,PoIA with WebAuthn,10,2875,0.005083,0.042083,2.0625,2.17375,4.290375,5504.290375
poia_webauthn,PoIA with WebAuthn,10,2876,0.005542,0.052584,1.959084,3.992041,6.017292,5506.017292
poia_webauthn,PoIA with WebAuthn,10,2877,0.004458,0.042,3.157708,0.426958,3.640917,5503.640917
poia_webauthn,PoIA with WebAuthn,10,2878,0.005083,0.051833,1.928333,3.49025,5.483208,5505.483208
poia_webauthn,PoIA with WebAuthn,10,2879,0.004791,0.090125,3.519875,0.31825,3.940083,5503.940083
poia_webauthn,PoIA with WebAuthn,10,2880,0.004666,0.051709,3.456083,0.355583,3.874458,5503.874458
poia_webauthn,PoIA with WebAuthn,10,2881,0.004792,0.052083,2.152209,3.418167,5.635292,5505.635292
poia_webauthn,PoIA with WebAuthn,10,2882,0.005583,0.055125,1.993042,5.287083,7.348791,5507.348791
poia_webauthn,PoIA with WebAuthn,10,2883,0.004667,0.043667,3.278,2.451709,5.78625,5505.78625
poia_webauthn,PoIA with WebAuthn,10,2884,0.009041,0.055875,2.341125,0.322083,2.735458,5502.735458
poia_webauthn,PoIA with WebAuthn,10,2885,0.006709,0.074542,2.169416,0.317792,2.575625,5502.575625
poia_webauthn,PoIA with WebAuthn,10,2886,0.005417,0.068458,2.150083,0.476208,2.713292,5502.713292
poia_webauthn,PoIA with WebAuthn,10,2887,0.005875,0.078166,2.121292,0.31575,2.528125,5502.528125
poia_webauthn,PoIA with WebAuthn,10,2888,0.005375,0.051875,2.017125,0.365208,2.447375,5502.447375
poia_webauthn,PoIA with WebAuthn,10,2889,0.004417,0.043167,2.077,0.342417,2.473292,5502.473292
poia_webauthn,PoIA with WebAuthn,10,2890,0.014042,0.102,2.4865,3.761541,6.399417,5506.399417
poia_webauthn,PoIA with WebAuthn,10,2891,0.006125,0.064667,2.059792,2.226334,4.364666,5504.364666
poia_webauthn,PoIA with WebAuthn,10,2892,0.004708,0.042208,2.144208,3.582625,5.781,5505.781
poia_webauthn,PoIA with WebAuthn,10,2893,0.00525,0.06925,2.098625,2.222625,4.404291,5504.404291
poia_webauthn,PoIA with WebAuthn,10,2894,0.007042,0.052875,2.130875,1.946958,4.14675,5504.14675
poia_webauthn,PoIA with WebAuthn,10,2895,0.005167,0.053875,8.608875,2.032542,10.707667,5510.707667
poia_webauthn,PoIA with WebAuthn,10,2896,0.005167,0.053125,8.667792,1.975416,10.709416,5510.709416
poia_webauthn,PoIA with WebAuthn,10,2897,0.004541,0.043,2.0105,2.056833,4.122667,5504.122667
poia_webauthn,PoIA with WebAuthn,10,2898,0.005209,0.051625,1.966542,2.26775,4.298916,5504.298916
poia_webauthn,PoIA with WebAuthn,10,2899,0.004375,0.043667,1.850417,2.234667,4.140125,5504.140125
poia_webauthn,PoIA with WebAuthn,10,2900,0.006334,0.0565,1.994417,2.242042,4.307042,5504.307042
poia_webauthn,PoIA with WebAuthn,10,2901,0.004917,0.050959,1.921875,2.338542,4.323834,5504.323834
poia_webauthn,PoIA with WebAuthn,10,2902,0.02775,0.057208,2.215542,1.991292,4.299916,5504.299916
poia_webauthn,PoIA with WebAuthn,10,2903,0.004584,0.052042,2.207,2.005833,4.276834,5504.276834
poia_webauthn,PoIA with WebAuthn,10,2904,0.004666,0.053083,1.9675,0.363708,2.395,5502.395
poia_webauthn,PoIA with WebAuthn,10,2905,0.005208,0.054375,1.933958,0.330834,2.330625,5502.330625
poia_webauthn,PoIA with WebAuthn,10,2906,0.005,0.0515,2.138875,2.0105,4.213459,5504.213459
poia_webauthn,PoIA with WebAuthn,10,2907,0.005875,0.052083,2.061166,2.076958,4.203917,5504.203917
poia_webauthn,PoIA with WebAuthn,10,2908,0.004583,0.055542,1.973333,2.154042,4.1955,5504.1955
poia_webauthn,PoIA with WebAuthn,10,2909,0.005333,0.054916,1.973208,2.170542,4.211667,5504.211667
poia_webauthn,PoIA with WebAuthn,10,2910,0.005708,0.08225,2.288834,3.754458,6.139334,5506.139334
poia_webauthn,PoIA with WebAuthn,10,2911,0.005041,0.058292,2.213792,3.82025,6.104958,5506.104958
poia_webauthn,PoIA with WebAuthn,10,2912,0.004792,0.0425,2.218084,0.317916,2.589458,5502.589458
poia_webauthn,PoIA with WebAuthn,10,2913,0.004708,0.04275,2.183833,0.336708,2.573958,5502.573958
poia_webauthn,PoIA with WebAuthn,10,2914,0.005334,0.051083,2.137792,2.084417,4.289458,5504.289458
poia_webauthn,PoIA with WebAuthn,10,2915,0.004583,0.048958,2.138125,2.344875,4.5445,5504.5445
poia_webauthn,PoIA with WebAuthn,10,2916,0.00875,0.095792,0.214583,0.566834,0.893042,5500.893042
poia_webauthn,PoIA with WebAuthn,10,2917,0.004584,0.052584,2.007125,2.412209,4.4845,5504.4845
poia_webauthn,PoIA with WebAuthn,10,2918,0.004416,0.050916,2.25775,2.57025,4.890916,5504.890916
poia_webauthn,PoIA with WebAuthn,10,2919,0.005042,0.051833,2.3315,2.139458,4.534209,5504.534209
poia_webauthn,PoIA with WebAuthn,10,2920,0.005,0.05075,4.108542,2.26275,6.433375,5506.433375
poia_webauthn,PoIA with WebAuthn,10,2921,0.004458,0.042583,4.697667,0.371209,5.122042,5505.122042
poia_webauthn,PoIA with WebAuthn,10,2922,0.007084,0.098083,2.450666,0.352709,2.91525,5502.91525
poia_webauthn,PoIA with WebAuthn,10,2923,0.006459,0.058084,0.189541,2.28125,2.541917,5502.541917
poia_webauthn,PoIA with WebAuthn,10,2924,0.005041,0.054625,4.259708,2.297292,6.623958,5506.623958
poia_webauthn,PoIA with WebAuthn,10,2925,0.005084,0.075875,4.043333,4.309333,8.445209,5508.445209
poia_webauthn,PoIA with WebAuthn,10,2926,0.005375,0.052625,0.209708,2.227875,2.503625,5502.503625
poia_webauthn,PoIA with WebAuthn,10,2927,0.004334,0.043583,2.428375,4.348208,6.832083,5506.832083
poia_webauthn,PoIA with WebAuthn,10,2928,0.007125,0.054833,6.3505,0.346,6.767042,5506.767042
poia_webauthn,PoIA with WebAuthn,10,2929,0.006083,0.05575,2.267791,2.235833,4.573,5504.573
poia_webauthn,PoIA with WebAuthn,10,2930,0.005333,0.080708,2.1795,2.313958,4.587333,5504.587333
poia_webauthn,PoIA with WebAuthn,10,2931,0.007125,0.051041,2.225208,0.343,2.63325,5502.63325
poia_webauthn,PoIA with WebAuthn,10,2932,0.005167,0.061084,2.123167,0.346041,2.541917,5502.541917
poia_webauthn,PoIA with WebAuthn,10,2933,0.004292,0.042791,2.280208,2.065167,4.399625,5504.399625
poia_webauthn,PoIA with WebAuthn,10,2934,0.005459,0.051416,2.284584,2.0765,4.425125,5504.425125
poia_webauthn,PoIA with WebAuthn,10,2935,0.005458,0.047542,2.045667,0.411667,2.517875,5502.517875
poia_webauthn,PoIA with WebAuthn,10,2936,0.004917,0.053167,2.238583,2.255625,4.560208,5504.560208
poia_webauthn,PoIA with WebAuthn,10,2937,0.005,0.058,2.122958,0.350666,2.542792,5502.542792
poia_webauthn,PoIA with WebAuthn,10,2938,0.004584,0.0865,3.840791,0.348042,4.286542,5504.286542
poia_webauthn,PoIA with WebAuthn,10,2939,0.013125,0.054375,1.938042,0.244292,2.2555,5502.2555
poia_webauthn,PoIA with WebAuthn,10,2940,0.005,0.050666,1.83775,0.25725,2.163459,5502.163459
poia_webauthn,PoIA with WebAuthn,10,2941,0.004375,0.043792,1.541541,0.24525,1.839875,5501.839875
poia_webauthn,PoIA with WebAuthn,10,2942,0.004334,0.041875,3.659708,0.271,3.982125,5503.982125
poia_webauthn,PoIA with WebAuthn,10,2943,0.005,0.052459,2.137084,1.583375,3.785,5503.785
poia_webauthn,PoIA with WebAuthn,10,2944,0.004833,0.049833,2.076125,1.43875,3.576042,5503.576042
poia_webauthn,PoIA with WebAuthn,10,2945,0.004709,0.059125,2.20675,3.067333,5.344959,5505.344959
poia_webauthn,PoIA with WebAuthn,10,2946,0.004083,0.033375,1.649625,0.247042,1.938792,5501.938792
poia_webauthn,PoIA with WebAuthn,10,2947,0.004916,0.051666,3.050708,0.249666,3.362375,5503.362375
poia_webauthn,PoIA with WebAuthn,10,2948,0.004708,0.042334,8.651542,1.411333,10.116292,5510.116292
poia_webauthn,PoIA with WebAuthn,10,2949,0.004084,0.03375,1.643875,1.378583,3.066292,5503.066292
poia_webauthn,PoIA with WebAuthn,10,2950,0.004583,0.043125,2.182709,4.164083,6.401458,5506.401458
poia_webauthn,PoIA with WebAuthn,10,2951,0.003584,0.032834,1.52925,0.247291,1.817584,5501.817584
poia_webauthn,PoIA with WebAuthn,10,2952,0.003834,0.0345,1.532791,0.249167,1.825417,5501.825417
poia_webauthn,PoIA with WebAuthn,10,2953,0.004417,0.040708,1.537167,1.58525,3.173375,5503.173375
poia_webauthn,PoIA with WebAuthn,10,2954,0.003875,0.039584,1.489167,1.634375,3.173,5503.173
poia_webauthn,PoIA with WebAuthn,10,2955,0.0035,0.033,2.915458,1.896917,4.854708,5504.854708
poia_webauthn,PoIA with WebAuthn,10,2956,0.003667,0.033542,1.6355,3.430166,5.10825,5505.10825
poia_webauthn,PoIA with WebAuthn,10,2957,0.003958,0.040667,1.5795,3.871916,5.502375,5505.502375
poia_webauthn,PoIA with WebAuthn,10,2958,0.00475,0.046916,0.166209,0.234125,0.456458,5500.456458
poia_webauthn,PoIA with WebAuthn,10,2959,0.003667,0.041084,0.156292,2.572375,2.778375,5502.778375
poia_webauthn,PoIA with WebAuthn,10,2960,0.003959,0.039167,1.62825,2.619292,4.298875,5504.298875
poia_webauthn,PoIA with WebAuthn,10,2961,0.003792,0.0415,1.851375,2.414834,4.32025,5504.32025
poia_webauthn,PoIA with WebAuthn,10,2962,0.007166,0.104375,2.175417,0.250667,2.543334,5502.543334
poia_webauthn,PoIA with WebAuthn,10,2963,0.006334,0.07775,1.927625,0.249083,2.268833,5502.268833
poia_webauthn,PoIA with WebAuthn,10,2964,0.003792,0.034625,2.647583,1.68875,4.380708,5504.380708
poia_webauthn,PoIA with WebAuthn,10,2965,0.003667,0.040792,4.071375,1.753125,5.901292,5505.901292
poia_webauthn,PoIA with WebAuthn,10,2966,0.004292,0.04125,1.763542,0.253041,2.067459,5502.067459
poia_webauthn,PoIA with WebAuthn,10,2967,0.004459,0.041333,1.710666,0.256584,2.018333,5502.018333
poia_webauthn,PoIA with WebAuthn,10,2968,0.003917,0.034292,1.751417,0.331167,2.125916,5502.125916
poia_webauthn,PoIA with WebAuthn,10,2969,0.003667,0.032167,1.833125,0.287916,2.161959,5502.161959
poia_webauthn,PoIA with WebAuthn,10,2970,0.003459,0.034417,1.74075,1.818792,3.603166,5503.603166
poia_webauthn,PoIA with WebAuthn,10,2971,0.003708,0.082875,1.778375,0.247125,2.117375,5502.117375
poia_webauthn,PoIA with WebAuthn,10,2972,0.003792,0.040792,3.182417,0.249166,3.480958,5503.480958
poia_webauthn,PoIA with WebAuthn,10,2973,0.0035,0.033042,5.651417,1.724542,7.422417,5507.422417
poia_webauthn,PoIA with WebAuthn,10,2974,0.003625,0.038917,4.020375,3.255208,7.324417,5507.324417
poia_webauthn,PoIA with WebAuthn,10,2975,0.003708,0.037042,1.639375,0.246542,1.931583,5501.931583
poia_webauthn,PoIA with WebAuthn,10,2976,0.003292,0.033416,1.613375,0.254833,1.91,5501.91
poia_webauthn,PoIA with WebAuthn,10,2977,0.003166,0.032417,1.54775,0.252667,1.840917,5501.840917
poia_webauthn,PoIA with WebAuthn,10,2978,0.003458,0.033291,1.550375,0.2475,1.8395,5501.8395
poia_webauthn,PoIA with WebAuthn,10,2979,0.003708,0.040791,3.206041,1.536167,4.810208,5504.810208
poia_webauthn,PoIA with WebAuthn,10,2980,0.004208,0.045666,2.871458,0.276708,3.203541,5503.203541
poia_webauthn,PoIA with WebAuthn,10,2981,0.003375,0.033375,3.066333,1.622,4.73075,5504.73075
poia_webauthn,PoIA with WebAuthn,10,2982,0.004292,0.03475,1.74875,2.970708,4.764292,5504.764292
poia_webauthn,PoIA with WebAuthn,10,2983,0.003458,0.03875,2.963625,0.273083,3.283833,5503.283833
poia_webauthn,PoIA with WebAuthn,10,2984,0.003084,0.032334,1.678709,0.244667,1.963541,5501.963541
poia_webauthn,PoIA with WebAuthn,10,2985,0.003208,0.033084,1.593625,1.539666,3.175458,5503.175458
poia_webauthn,PoIA with WebAuthn,10,2986,0.003875,0.039917,1.528,0.246625,1.823709,5501.823709
poia_webauthn,PoIA with WebAuthn,10,2987,0.003084,0.047084,2.926834,0.254625,3.2365,5503.2365
poia_webauthn,PoIA with WebAuthn,10,2988,0.003625,0.040916,1.610125,1.525292,3.185875,5503.185875
poia_webauthn,PoIA with WebAuthn,10,2989,0.003541,0.033458,2.909292,1.588917,4.541083,5504.541083
poia_webauthn,PoIA with WebAuthn,10,2990,0.003583,0.034875,1.502375,1.635292,3.182167,5503.182167
poia_webauthn,PoIA with WebAuthn,10,2991,0.003583,0.039625,1.559291,1.60675,3.215084,5503.215084
poia_webauthn,PoIA with WebAuthn,10,2992,0.004292,0.039667,1.488542,4.246625,5.785083,5505.785083
poia_webauthn,PoIA with WebAuthn,10,2993,0.004333,0.069791,1.582041,0.286708,1.948416,5501.948416
poia_webauthn,PoIA with WebAuthn,10,2994,0.003708,0.032542,1.501625,1.457834,3.001625,5503.001625
poia_webauthn,PoIA with WebAuthn,10,2995,0.004459,0.041792,1.325375,0.248459,1.625708,5501.625708
poia_webauthn,PoIA with WebAuthn,10,2996,0.003458,0.032708,1.430875,0.940875,2.413583,5502.413583
poia_webauthn,PoIA with WebAuthn,10,2997,0.00375,0.033875,1.42075,0.882792,2.3465,5502.3465
poia_webauthn,PoIA with WebAuthn,10,2998,0.004,0.0425,1.275666,0.692625,2.021,5502.021
poia_webauthn,PoIA with WebAuthn,10,2999,0.003375,0.033125,3.636042,0.509166,4.187459,5504.187459
poia_webauthn,PoIA with WebAuthn,10,3000,0.003709,0.041292,1.192042,0.784709,2.027917,5502.027917
poia_zt_authenticator,PoIA with ZT-Authenticator,10,1,0.003292,0.029333,5.651833,0.250666,5.940917,3405.940917
poia_zt_authenticator,PoIA with ZT-Authenticator,10,2,0.00275,0.032375,14.552792,0.207417,14.802375,3414.802375
poia_zt_authenticator,PoIA with ZT-Authenticator,10,3,0.007333,0.096542,0.542666,0.611958,1.267375,3401.267375
poia_zt_authenticator,PoIA with ZT-Authenticator,10,4,0.00425,0.037875,1.359,0.206583,1.612541,3401.612541
poia_zt_authenticator,PoIA with ZT-Authenticator,10,5,0.006291,0.050708,0.16225,0.709042,0.9345,3400.9345
poia_zt_authenticator,PoIA with ZT-Authenticator,10,6,0.004292,0.046167,0.131083,7.088292,7.273458,3407.273458
poia_zt_authenticator,PoIA with ZT-Authenticator,10,7,0.003875,0.033417,0.131458,7.111166,7.28475,3407.28475
poia_zt_authenticator,PoIA with ZT-Authenticator,10,8,0.00325,0.028791,7.028,0.234334,7.298417,3407.298417
poia_zt_authenticator,PoIA with ZT-Authenticator,10,9,0.0055,0.064917,0.929375,0.331666,1.337583,3401.337583
poia_zt_authenticator,PoIA with ZT-Authenticator,10,10,0.004041,0.032542,6.87825,0.209792,7.128875,3407.128875
poia_zt_authenticator,PoIA with ZT-Authenticator,10,11,0.005208,0.051792,7.823541,0.204292,8.090042,3408.090042
poia_zt_authenticator,PoIA with ZT-Authenticator,10,12,0.004625,0.048208,1.717708,1.96,3.737333,3403.737333
poia_zt_authenticator,PoIA with ZT-Authenticator,10,13,0.002542,0.026583,6.618292,0.218416,6.87,3406.87
poia_zt_authenticator,PoIA with ZT-Authenticator,10,14,0.004125,0.034791,1.098792,8.246792,9.390167,3409.390167
poia_zt_authenticator,PoIA with ZT-Authenticator,10,15,0.005458,0.064792,0.692917,0.986125,1.756791,3401.756791
poia_zt_authenticator,PoIA with ZT-Authenticator,10,16,0.004833,0.045917,7.0545,14.42475,21.53625,3421.53625
poia_zt_authenticator,PoIA with ZT-Authenticator,10,17,0.005041,0.050959,1.564167,0.824417,2.451792,3402.451792
poia_zt_authenticator,PoIA with ZT-Authenticator,10,18,0.0045,0.035666,7.016667,0.213959,7.275917,3407.275917
poia_zt_authenticator,PoIA with ZT-Authenticator,10,19,0.003,0.027458,6.855208,5.508958,12.401,3412.401
poia_zt_authenticator,PoIA with ZT-Authenticator,10,20,0.003667,0.027875,6.728917,0.226333,6.990666,3406.990666
poia_zt_authenticator,PoIA with ZT-Authenticator,10,21,0.003958,0.04175,1.096583,0.252042,1.399042,3401.399042
poia_zt_authenticator,PoIA with ZT-Authenticator,10,22,0.004709,0.045625,1.0295,0.25725,1.342,3401.342
poia_zt_authenticator,PoIA with ZT-Authenticator,10,23,0.003708,0.0335,17.272708,0.198834,17.512708,3417.512708
poia_zt_authenticator,PoIA with ZT-Authenticator,10,24,0.006583,0.065542,1.29775,0.984584,2.362167,3402.362167
poia_zt_authenticator,PoIA with ZT-Authenticator,10,25,0.003584,0.034916,6.556792,0.404417,7.004916,3407.004916
poia_zt_authenticator,PoIA with ZT-Authenticator,10,26,0.005916,0.055334,8.349042,6.741791,15.158,3415.158
poia_zt_authenticator,PoIA with ZT-Authenticator,10,27,0.004333,0.030208,1.4195,0.232584,1.691167,3401.691167
poia_zt_authenticator,PoIA with ZT-Authenticator,10,28,0.004667,0.048208,4.082083,0.253542,4.39425,3404.39425
poia_zt_authenticator,PoIA with ZT-Authenticator,10,29,0.008041,0.075375,7.535292,1.40575,9.029584,3409.029584
poia_zt_authenticator,PoIA with ZT-Authenticator,10,30,0.004708,0.036875,6.701291,0.212208,6.960125,3406.960125
poia_zt_authenticator,PoIA with ZT-Authenticator,10,31,0.004125,0.030958,6.811542,0.232083,7.083834,3407.083834
poia_zt_authenticator,PoIA with ZT-Authenticator,10,32,0.02375,0.04675,1.536625,0.247959,1.860958,3401.860958
poia_zt_authenticator,PoIA with ZT-Authenticator,10,33,0.004416,0.042,1.009209,0.947084,2.009417,3402.009417
poia_zt_authenticator,PoIA with ZT-Authenticator,10,34,0.003167,0.04925,7.849167,6.529708,14.436666,3414.436666
poia_zt_authenticator,PoIA with ZT-Authenticator,10,35,0.005583,0.051291,1.959667,1.409209,3.432458,3403.432458
poia_zt_authenticator,PoIA with ZT-Authenticator,10,36,0.00375,0.041333,0.131125,15.444208,15.625042,3415.625042
poia_zt_authenticator,PoIA with ZT-Authenticator,10,37,0.002417,0.028375,1.416958,5.514625,6.968042,3406.968042
poia_zt_authenticator,PoIA with ZT-Authenticator,10,38,0.004708,0.049542,2.55425,5.986292,8.602959,3408.602959
poia_zt_authenticator,PoIA with ZT-Authenticator,10,39,0.004959,0.04475,1.218959,0.288833,1.563666,3401.563666
poia_zt_authenticator,PoIA with ZT-Authenticator,10,40,0.004292,0.036625,6.982375,0.275667,7.303542,3407.303542
poia_zt_authenticator,PoIA with ZT-Authenticator,10,41,0.004292,0.046542,1.572375,1.056792,2.686417,3402.686417
poia_zt_authenticator,PoIA with ZT-Authenticator,10,42,0.004375,0.044458,7.052959,0.221792,7.328333,3407.328333
poia_zt_authenticator,PoIA with ZT-Authenticator,10,43,0.005166,0.03725,6.430125,2.206834,8.685,3408.685
poia_zt_authenticator,PoIA with ZT-Authenticator,10,44,0.005417,0.1775,7.26975,2.231167,9.689875,3409.689875
poia_zt_authenticator,PoIA with ZT-Authenticator,10,45,0.003166,0.046958,6.395833,2.11375,8.56525,3408.56525
poia_zt_authenticator,PoIA with ZT-Authenticator,10,46,0.005917,0.066583,6.864708,16.562334,23.506375,3423.506375
poia_zt_authenticator,PoIA with ZT-Authenticator,10,47,0.003291,0.032167,6.412916,2.283042,8.736458,3408.736458
poia_zt_authenticator,PoIA with ZT-Authenticator,10,48,0.003292,0.029292,19.923958,0.212084,20.173125,3420.173125
poia_zt_authenticator,PoIA with ZT-Authenticator,10,49,0.004125,0.0315,19.957958,0.320583,20.319333,3420.319333
poia_zt_authenticator,PoIA with ZT-Authenticator,10,50,0.003167,0.027584,6.943,5.465542,12.446,3412.446
poia_zt_authenticator,PoIA with ZT-Authenticator,10,51,0.003,0.03425,13.341,13.344708,26.72775,3426.72775
poia_zt_authenticator,PoIA with ZT-Authenticator,10,52,0.003708,0.032,8.373958,1.66325,10.078375,3410.078375
poia_zt_authenticator,PoIA with ZT-Authenticator,10,53,0.005083,0.037875,1.585959,0.228084,1.861584,3401.861584
poia_zt_authenticator,PoIA with ZT-Authenticator,10,54,0.004708,0.044125,1.512792,0.222333,1.788166,3401.788166
poia_zt_authenticator,PoIA with ZT-Authenticator,10,55,0.003875,0.037125,1.396209,0.206834,1.648083,3401.648083
poia_zt_authenticator,PoIA with ZT-Authenticator,10,56,0.009125,0.035458,1.339083,0.207,1.595417,3401.595417
poia_zt_authenticator,PoIA with ZT-Authenticator,10,57,0.003416,0.034875,2.447958,0.188625,2.678417,3402.678417
poia_zt_authenticator,PoIA with ZT-Authenticator,10,58,0.003792,0.037458,2.38825,0.2135,2.646958,3402.646958
poia_zt_authenticator,PoIA with ZT-Authenticator,10,59,0.004166,0.043875,2.252792,0.203292,2.508667,3402.508667
poia_zt_authenticator,PoIA with ZT-Authenticator,10,60,0.003542,0.034958,2.217667,0.203625,2.4645,3402.4645
poia_zt_authenticator,PoIA with ZT-Authenticator,10,61,0.00375,0.0355,1.239083,1.167625,2.451541,3402.451541
poia_zt_authenticator,PoIA with ZT-Authenticator,10,62,0.0035,0.033041,1.176084,1.154667,2.372333,3402.372333
poia_zt_authenticator,PoIA with ZT-Authenticator,10,63,0.003292,0.029167,2.187125,0.206166,2.430208,3402.430208
poia_zt_authenticator,PoIA with ZT-Authenticator,10,64,0.002917,0.027334,2.204708,0.204916,2.443709,3402.443709
poia_zt_authenticator,PoIA with ZT-Authenticator,10,65,0.002917,0.027375,2.202041,0.219375,2.45575,3402.45575
poia_zt_authenticator,PoIA with ZT-Authenticator,10,66,0.003625,0.036292,1.2475,0.201667,1.493292,3401.493292
poia_zt_authenticator,PoIA with ZT-Authenticator,10,67,0.003083,0.033,1.187667,0.203958,1.431791,3401.431791
poia_zt_authenticator,PoIA with ZT-Authenticator,10,68,0.003167,0.027833,1.229292,1.211041,2.476375,3402.476375
poia_zt_authenticator,PoIA with ZT-Authenticator,10,69,0.002791,0.026584,2.278041,0.378875,2.694291,3402.694291
poia_zt_authenticator,PoIA with ZT-Authenticator,10,70,0.003083,0.028209,2.1095,3.380959,5.528583,3405.528583
poia_zt_authenticator,PoIA with ZT-Authenticator,10,71,0.002833,0.027917,4.571041,0.499,5.10575,3405.10575
poia_zt_authenticator,PoIA with ZT-Authenticator,10,72,0.003791,0.029125,1.194166,3.0075,4.239875,3404.239875
poia_zt_authenticator,PoIA with ZT-Authenticator,10,73,0.002791,0.027792,2.322833,3.042417,5.400708,3405.400708
poia_zt_authenticator,PoIA with ZT-Authenticator,10,74,0.003125,0.028333,1.878958,2.60175,4.517083,3404.517083
poia_zt_authenticator,PoIA with ZT-Authenticator,10,75,0.0085,0.080833,1.996792,0.22225,2.313542,3402.313542
poia_zt_authenticator,PoIA with ZT-Authenticator,10,76,0.002584,0.028042,4.299375,0.219042,4.552917,3404.552917
poia_zt_authenticator,PoIA with ZT-Authenticator,10,77,0.003542,0.036041,2.978583,1.501833,4.524417,3404.524417
poia_zt_authenticator,PoIA with ZT-Authenticator,10,78,0.004125,0.040292,0.123791,1.527416,1.699667,3401.699667
poia_zt_authenticator,PoIA with ZT-Authenticator,10,79,0.003208,0.028541,5.377625,0.401166,5.817167,3405.817167
poia_zt_authenticator,PoIA with ZT-Authenticator,10,80,0.009333,0.273792,2.703916,1.517666,4.511583,3404.511583
poia_zt_authenticator,PoIA with ZT-Authenticator,10,81,0.002792,0.027042,2.812458,2.959417,5.806834,3405.806834
poia_zt_authenticator,PoIA with ZT-Authenticator,10,82,0.003125,0.028,1.415125,0.188917,1.638625,3401.638625
poia_zt_authenticator,PoIA with ZT-Authenticator,10,83,0.003125,0.033209,1.451666,1.176625,2.669458,3402.669458
poia_zt_authenticator,PoIA with ZT-Authenticator,10,84,0.006208,0.043667,2.795417,1.17925,4.031333,3404.031333
poia_zt_authenticator,PoIA with ZT-Authenticator,10,85,0.002834,0.027958,1.410209,1.215,2.660625,3402.660625
poia_zt_authenticator,PoIA with ZT-Authenticator,10,86,0.002583,0.029083,1.422333,1.259083,2.718084,3402.718084
poia_zt_authenticator,PoIA with ZT-Authenticator,10,87,0.002041,0.027583,1.203083,0.275208,1.512458,3401.512458
poia_zt_authenticator,PoIA with ZT-Authenticator,10,88,0.006083,0.047208,1.225708,1.392709,2.677209,3402.677209
poia_zt_authenticator,PoIA with ZT-Authenticator,10,89,0.003292,0.037375,1.223625,1.35475,2.624458,3402.624458
poia_zt_authenticator,PoIA with ZT-Authenticator,10,90,0.004,0.038292,1.160375,1.372709,2.579833,3402.579833
poia_zt_authenticator,PoIA with ZT-Authenticator,10,91,0.003208,0.0345,1.154167,1.327625,2.524292,3402.524292
poia_zt_authenticator,PoIA with ZT-Authenticator,10,92,0.004041,0.03475,1.310625,0.201958,1.555333,3401.555333
poia_zt_authenticator,PoIA with ZT-Authenticator,10,93,0.005084,0.04175,2.510167,2.462083,5.024417,3405.024417
poia_zt_authenticator,PoIA with ZT-Authenticator,10,94,0.003292,0.035542,2.199708,0.214667,2.457417,3402.457417
poia_zt_authenticator,PoIA with ZT-Authenticator,10,95,0.002875,0.032083,1.072625,0.218084,1.329708,3401.329708
poia_zt_authenticator,PoIA with ZT-Authenticator,10,96,0.002583,0.029458,1.295583,1.126875,2.4595,3402.4595
poia_zt_authenticator,PoIA with ZT-Authenticator,10,97,0.003458,0.033333,1.149042,1.16025,2.350917,3402.350917
poia_zt_authenticator,PoIA with ZT-Authenticator,10,98,0.00375,0.028208,1.1425,1.214,2.394083,3402.394083
poia_zt_authenticator,PoIA with ZT-Authenticator,10,99,0.002333,0.028041,1.172,0.22725,1.433458,3401.433458
poia_zt_authenticator,PoIA with ZT-Authenticator,10,100,0.00275,0.033042,1.10375,1.269125,2.413458,3402.413458
poia_zt_authenticator,PoIA with ZT-Authenticator,10,101,0.00225,0.027709,1.099041,1.328709,2.462125,3402.462125
poia_zt_authenticator,PoIA with ZT-Authenticator,10,102,0.002833,0.0275,0.107041,2.253542,2.39475,3402.39475
poia_zt_authenticator,PoIA with ZT-Authenticator,10,103,0.002667,0.027167,1.370167,0.20425,1.608209,3401.608209
poia_zt_authenticator,PoIA with ZT-Authenticator,10,104,0.003292,0.02825,1.374083,0.211291,1.620791,3401.620791
poia_zt_authenticator,PoIA with ZT-Authenticator,10,105,0.002375,0.030375,1.134042,2.373916,3.545292,3403.545292
poia_zt_authenticator,PoIA with ZT-Authenticator,10,106,0.003292,0.034417,1.368083,0.202458,1.612,3401.612
poia_zt_authenticator,PoIA with ZT-Authenticator,10,107,0.002875,0.027917,1.358167,0.203084,1.59575,3401.59575
poia_zt_authenticator,PoIA with ZT-Authenticator,10,108,0.003208,0.033541,1.200292,0.202834,1.443916,3401.443916
poia_zt_authenticator,PoIA with ZT-Authenticator,10,109,0.003125,0.032833,2.363291,0.206417,2.609417,3402.609417
poia_zt_authenticator,PoIA with ZT-Authenticator,10,110,0.002917,0.032084,1.330083,0.208375,1.577292,3401.577292
poia_zt_authenticator,PoIA with ZT-Authenticator,10,111,0.003083,0.032875,2.5155,0.203334,2.75875,3402.75875
poia_zt_authenticator,PoIA with ZT-Authenticator,10,112,0.00275,0.02675,1.30775,0.205167,1.54625,3401.54625
poia_zt_authenticator,PoIA with ZT-Authenticator,10,113,0.002875,0.026875,1.349833,0.20075,1.584458,3401.584458
poia_zt_authenticator,PoIA with ZT-Authenticator,10,114,0.004417,0.126459,1.215167,0.203709,1.555458,3401.555458
poia_zt_authenticator,PoIA with ZT-Authenticator,10,115,0.003083,0.033541,2.465542,1.206084,3.713083,3403.713083
poia_zt_authenticator,PoIA with ZT-Authenticator,10,116,0.002584,0.026459,1.185666,0.203583,1.422292,3401.422292
poia_zt_authenticator,PoIA with ZT-Authenticator,10,117,0.003584,0.028292,1.168042,0.212417,1.41675,3401.41675
poia_zt_authenticator,PoIA with ZT-Authenticator,10,118,0.002708,0.02775,1.340083,2.360708,3.736333,3403.736333
poia_zt_authenticator,PoIA with ZT-Authenticator,10,119,0.002792,0.027167,1.223708,0.222958,1.480667,3401.480667
poia_zt_authenticator,PoIA with ZT-Authenticator,10,120,0.003042,0.033584,4.424375,1.257292,5.722958,3405.722958
poia_zt_authenticator,PoIA with ZT-Authenticator,10,121,0.002916,0.033958,2.363042,2.196834,4.602,3404.602
poia_zt_authenticator,PoIA with ZT-Authenticator,10,122,0.002958,0.027542,4.184708,0.206,4.425167,3404.425167
poia_zt_authenticator,PoIA with ZT-Authenticator,10,123,0.003209,0.037375,1.262792,0.203875,1.511541,3401.511541
poia_zt_authenticator,PoIA with ZT-Authenticator,10,124,0.002666,0.026792,1.22775,1.271458,2.533375,3402.533375
poia_zt_authenticator,PoIA with ZT-Authenticator,10,125,0.002917,0.03275,1.202084,2.158666,3.401209,3403.401209
poia_zt_authenticator,PoIA with ZT-Authenticator,10,126,0.00325,0.040208,2.236292,0.40675,2.692375,3402.692375
poia_zt_authenticator,PoIA with ZT-Authenticator,10,127,0.004458,0.078333,0.42175,0.388375,0.934791,3400.934791
poia_zt_authenticator,PoIA with ZT-Authenticator,10,128,0.002834,0.033375,3.557166,0.208875,3.806458,3403.806458
poia_zt_authenticator,PoIA with ZT-Authenticator,10,129,0.003042,0.027792,2.479416,0.204875,2.719167,3402.719167
poia_zt_authenticator,PoIA with ZT-Authenticator,10,130,0.009042,0.325542,0.164209,2.080708,2.631417,3402.631417
poia_zt_authenticator,PoIA with ZT-Authenticator,10,131,0.002834,0.030083,1.719375,1.976625,3.735917,3403.735917
poia_zt_authenticator,PoIA with ZT-Authenticator,10,132,0.003209,0.03,4.565209,0.206916,4.809291,3404.809291
poia_zt_authenticator,PoIA with ZT-Authenticator,10,133,0.003292,0.030458,1.292292,0.206375,1.536166,3401.536166
poia_zt_authenticator,PoIA with ZT-Authenticator,10,134,0.003042,0.0285,1.288125,0.207875,1.5315,3401.5315
poia_zt_authenticator,PoIA with ZT-Authenticator,10,135,0.002792,0.044042,1.277875,0.232958,1.56175,3401.56175
poia_zt_authenticator,PoIA with ZT-Authenticator,10,136,0.0035,0.034542,3.555917,1.289166,4.890417,3404.890417
poia_zt_authenticator,PoIA with ZT-Authenticator,10,137,0.002834,0.027334,1.213833,6.933792,8.182792,3408.182792
poia_zt_authenticator,PoIA with ZT-Authenticator,10,138,0.002792,0.027625,3.612333,1.395417,5.043167,3405.043167
poia_zt_authenticator,PoIA with ZT-Authenticator,10,139,0.002959,0.027667,1.425458,0.203125,1.662833,3401.662833
poia_zt_authenticator,PoIA with ZT-Authenticator,10,140,0.003083,0.033708,2.488,0.209834,2.738791,3402.738791
poia_zt_authenticator,PoIA with ZT-Authenticator,10,141,0.003125,0.028709,1.397708,0.201375,1.634708,3401.634708
poia_zt_authenticator,PoIA with ZT-Authenticator,10,142,0.004125,0.034625,1.30375,0.203958,1.5515,3401.5515
poia_zt_authenticator,PoIA with ZT-Authenticator,10,143,0.002917,0.028,1.296209,1.3505,2.6825,3402.6825
poia_zt_authenticator,PoIA with ZT-Authenticator,10,144,0.003583,0.035584,1.294875,0.200958,1.539042,3401.539042
poia_zt_authenticator,PoIA with ZT-Authenticator,10,145,0.002792,0.044958,2.364125,0.205833,2.621708,3402.621708
poia_zt_authenticator,PoIA with ZT-Authenticator,10,146,0.004375,0.036917,2.470417,2.394167,4.910792,3404.910792
poia_zt_authenticator,PoIA with ZT-Authenticator,10,147,0.003208,0.028125,1.25325,0.241417,1.529875,3401.529875
poia_zt_authenticator,PoIA with ZT-Authenticator,10,148,0.002541,0.027208,1.44925,0.205666,1.6885,3401.6885
poia_zt_authenticator,PoIA with ZT-Authenticator,10,149,0.002625,0.028042,1.452375,0.205791,1.692917,3401.692917
poia_zt_authenticator,PoIA with ZT-Authenticator,10,150,0.00325,0.033208,4.832959,0.20275,5.075917,3405.075917
poia_zt_authenticator,PoIA with ZT-Authenticator,10,151,0.002458,0.026792,1.265,0.220583,1.518708,3401.518708
poia_zt_authenticator,PoIA with ZT-Authenticator,10,152,0.003208,0.034042,1.352666,0.203625,1.597333,3401.597333
poia_zt_authenticator,PoIA with ZT-Authenticator,10,153,0.003042,0.148583,1.208084,0.204542,1.569792,3401.569792
poia_zt_authenticator,PoIA with ZT-Authenticator,10,154,0.002667,0.02725,1.17725,0.2025,1.413458,3401.413458
poia_zt_authenticator,PoIA with ZT-Authenticator,10,155,0.002792,0.027125,1.170625,0.202041,1.406292,3401.406292
poia_zt_authenticator,PoIA with ZT-Authenticator,10,156,0.002667,0.026917,1.190541,0.208208,1.432208,3401.432208
poia_zt_authenticator,PoIA with ZT-Authenticator,10,157,0.002709,0.027708,1.182125,0.201458,1.417792,3401.417792
poia_zt_authenticator,PoIA with ZT-Authenticator,10,158,0.003958,0.042083,1.334125,3.413917,4.79925,3404.79925
poia_zt_authenticator,PoIA with ZT-Authenticator,10,159,0.002791,0.027083,1.210791,0.201292,1.445833,3401.445833
poia_zt_authenticator,PoIA with ZT-Authenticator,10,160,0.003083,0.027834,1.217416,0.219625,1.471958,3401.471958
poia_zt_authenticator,PoIA with ZT-Authenticator,10,161,0.002833,0.0275,1.226791,0.20275,1.463833,3401.463833
poia_zt_authenticator,PoIA with ZT-Authenticator,10,162,0.002625,0.026917,1.2115,0.201083,1.445792,3401.445792
poia_zt_authenticator,PoIA with ZT-Authenticator,10,163,0.002542,0.034584,4.39675,0.204459,4.642333,3404.642333
poia_zt_authenticator,PoIA with ZT-Authenticator,10,164,0.002709,0.027041,1.181458,0.208125,1.423208,3401.423208
poia_zt_authenticator,PoIA with ZT-Authenticator,10,165,0.003333,0.059459,4.313416,1.180792,5.562375,3405.562375
poia_zt_authenticator,PoIA with ZT-Authenticator,10,166,0.002875,0.0365,1.202042,1.221875,2.467959,3402.467959
poia_zt_authenticator,PoIA with ZT-Authenticator,10,167,0.002792,0.027,1.188417,0.223042,1.445042,3401.445042
poia_zt_authenticator,PoIA with ZT-Authenticator,10,168,0.00325,0.033542,1.185625,1.268625,2.496084,3402.496084
poia_zt_authenticator,PoIA with ZT-Authenticator,10,169,0.002583,0.026667,1.279542,0.202209,1.514708,3401.514708
poia_zt_authenticator,PoIA with ZT-Authenticator,10,170,0.003,0.029,2.253084,0.202292,2.491125,3402.491125
poia_zt_authenticator,PoIA with ZT-Authenticator,10,171,0.002792,0.047875,1.169167,0.233792,1.457917,3401.457917
poia_zt_authenticator,PoIA with ZT-Authenticator,10,172,0.003291,0.035708,1.136375,0.247792,1.427875,3401.427875
poia_zt_authenticator,PoIA with ZT-Authenticator,10,173,0.002458,0.033416,1.175583,0.203958,1.41925,3401.41925
poia_zt_authenticator,PoIA with ZT-Authenticator,10,174,0.002666,0.026959,1.186208,0.216459,1.436125,3401.436125
poia_zt_authenticator,PoIA with ZT-Authenticator,10,175,0.002708,0.027792,7.624833,1.165334,8.825125,3408.825125
poia_zt_authenticator,PoIA with ZT-Authenticator,10,176,0.003083,0.033167,1.198542,1.191833,2.43125,3402.43125
poia_zt_authenticator,PoIA with ZT-Authenticator,10,177,0.002583,0.026666,1.241875,4.247208,5.523,3405.523
poia_zt_authenticator,PoIA with ZT-Authenticator,10,178,0.002708,0.027,3.34175,0.202584,3.577875,3403.577875
poia_zt_authenticator,PoIA with ZT-Authenticator,10,179,0.003042,0.034459,1.252709,0.206167,1.50025,3401.50025
poia_zt_authenticator,PoIA with ZT-Authenticator,10,180,0.002917,0.032833,1.214208,2.241709,3.496792,3403.496792
poia_zt_authenticator,PoIA with ZT-Authenticator,10,181,0.00275,0.027375,1.310917,0.202291,1.547083,3401.547083
poia_zt_authenticator,PoIA with ZT-Authenticator,10,182,0.002667,0.027833,1.293959,0.202917,1.531166,3401.531166
poia_zt_authenticator,PoIA with ZT-Authenticator,10,183,0.002541,0.027375,1.265375,3.294583,4.594166,3404.594166
poia_zt_authenticator,PoIA with ZT-Authenticator,10,184,0.002584,0.027584,1.236125,0.200334,1.4705,3401.4705
poia_zt_authenticator,PoIA with ZT-Authenticator,10,185,0.003041,0.045333,1.219292,0.20175,1.473375,3401.473375
poia_zt_authenticator,PoIA with ZT-Authenticator,10,186,0.002708,0.026833,1.178333,0.201166,1.412708,3401.412708
poia_zt_authenticator,PoIA with ZT-Authenticator,10,187,0.002666,0.033417,1.170125,0.226334,1.436625,3401.436625
poia_zt_authenticator,PoIA with ZT-Authenticator,10,188,0.003041,0.032583,2.235042,2.197167,4.473667,3404.473667
poia_zt_authenticator,PoIA with ZT-Authenticator,10,189,0.003208,0.033625,1.205583,3.526792,4.773917,3404.773917
poia_zt_authenticator,PoIA with ZT-Authenticator,10,190,0.002875,0.033166,2.185292,3.596291,5.822291,3405.822291
poia_zt_authenticator,PoIA with ZT-Authenticator,10,191,0.003375,0.034041,1.369459,2.379125,3.791083,3403.791083
poia_zt_authenticator,PoIA with ZT-Authenticator,10,192,0.004208,0.136958,2.39,0.2735,2.813375,3402.813375
poia_zt_authenticator,PoIA with ZT-Authenticator,10,193,0.0035,0.035,3.656,2.221833,5.921208,3405.921208
poia_zt_authenticator,PoIA with ZT-Authenticator,10,194,0.002625,0.027458,1.787125,2.058083,3.901083,3403.901083
poia_zt_authenticator,PoIA with ZT-Authenticator,10,195,0.003,0.032667,0.101875,0.183375,0.323792,3400.323792
poia_zt_authenticator,PoIA with ZT-Authenticator,10,196,0.004125,0.037625,1.460709,0.28025,1.789959,3401.789959
poia_zt_authenticator,PoIA with ZT-Authenticator,10,197,0.003625,0.036208,0.100542,1.987292,2.1315,3402.1315
poia_zt_authenticator,PoIA with ZT-Authenticator,10,198,0.002917,0.028667,1.700875,0.205042,1.941291,3401.941291
poia_zt_authenticator,PoIA with ZT-Authenticator,10,199,0.002625,0.027292,3.995542,1.415166,5.445333,3405.445333
poia_zt_authenticator,PoIA with ZT-Authenticator,10,200,0.003542,0.034083,2.453333,4.983334,7.482625,3407.482625
poia_zt_authenticator,PoIA with ZT-Authenticator,10,201,0.003,0.032583,2.621833,0.256333,2.918833,3402.918833
poia_zt_authenticator,PoIA with ZT-Authenticator,10,202,0.00275,0.027792,1.811834,4.785083,6.634875,3406.634875
poia_zt_authenticator,PoIA with ZT-Authenticator,10,203,0.003459,0.032708,1.323084,0.288458,1.652667,3401.652667
poia_zt_authenticator,PoIA with ZT-Authenticator,10,204,0.002875,0.032958,1.637125,1.615667,3.292459,3403.292459
poia_zt_authenticator,PoIA with ZT-Authenticator,10,205,0.052666,0.067208,2.951458,1.493959,4.573709,3404.573709
poia_zt_authenticator,PoIA with ZT-Authenticator,10,206,0.002417,0.031333,1.561833,1.548042,3.1485,3403.1485
poia_zt_authenticator,PoIA with ZT-Authenticator,10,207,0.003542,0.03375,1.523416,0.242,1.807166,3401.807166
poia_zt_authenticator,PoIA with ZT-Authenticator,10,208,0.0035,0.03325,1.409833,0.208542,1.658959,3401.658959
poia_zt_authenticator,PoIA with ZT-Authenticator,10,209,0.002584,0.027833,2.47275,0.206,2.713125,3402.713125
poia_zt_authenticator,PoIA with ZT-Authenticator,10,210,0.003208,0.033209,1.362833,0.203709,1.606792,3401.606792
poia_zt_authenticator,PoIA with ZT-Authenticator,10,211,0.002583,0.146792,0.109709,3.860458,4.124125,3404.124125
poia_zt_authenticator,PoIA with ZT-Authenticator,10,212,0.003042,0.02925,1.2005,0.205625,1.442375,3401.442375
poia_zt_authenticator,PoIA with ZT-Authenticator,10,213,0.002792,0.027667,1.209708,0.204083,1.448167,3401.448167
poia_zt_authenticator,PoIA with ZT-Authenticator,10,214,0.003417,0.037333,1.243875,1.240125,2.52975,3402.52975
poia_zt_authenticator,PoIA with ZT-Authenticator,10,215,0.003167,0.034708,1.212542,1.24525,2.500625,3402.500625
poia_zt_authenticator,PoIA with ZT-Authenticator,10,216,0.004042,0.045083,2.502833,1.237916,3.794917,3403.794917
poia_zt_authenticator,PoIA with ZT-Authenticator,10,217,0.004375,0.036167,3.416292,0.201583,3.662583,3403.662583
poia_zt_authenticator,PoIA with ZT-Authenticator,10,218,0.003333,0.03525,3.364125,0.223333,3.63,3403.63
poia_zt_authenticator,PoIA with ZT-Authenticator,10,219,0.002583,0.039625,1.193709,1.291792,2.53225,3402.53225
poia_zt_authenticator,PoIA with ZT-Authenticator,10,220,0.002875,0.027917,1.218333,1.310417,2.564166,3402.564166
poia_zt_authenticator,PoIA with ZT-Authenticator,10,221,0.003166,0.0345,1.214333,1.284042,2.541,3402.541
poia_zt_authenticator,PoIA with ZT-Authenticator,10,222,0.002792,0.027833,2.323583,0.209166,2.567166,3402.567166
poia_zt_authenticator,PoIA with ZT-Authenticator,10,223,0.002833,0.027375,1.168083,0.204292,1.406583,3401.406583
poia_zt_authenticator,PoIA with ZT-Authenticator,10,224,0.002875,0.032208,1.228875,0.203042,1.470875,3401.470875
poia_zt_authenticator,PoIA with ZT-Authenticator,10,225,0.002875,0.033042,1.196708,0.204375,1.440833,3401.440833
poia_zt_authenticator,PoIA with ZT-Authenticator,10,226,0.003084,0.03425,1.256583,1.251625,2.5505,3402.5505
poia_zt_authenticator,PoIA with ZT-Authenticator,10,227,0.003084,0.033834,1.267542,1.250208,2.559375,3402.559375
poia_zt_authenticator,PoIA with ZT-Authenticator,10,228,0.002666,0.027667,3.49125,0.202375,3.727833,3403.727833
poia_zt_authenticator,PoIA with ZT-Authenticator,10,229,0.003125,0.02875,2.304167,0.204709,2.544708,3402.544708
poia_zt_authenticator,PoIA with ZT-Authenticator,10,230,0.0035,0.038167,1.2945,2.277791,3.618625,3403.618625
poia_zt_authenticator,PoIA with ZT-Authenticator,10,231,0.002834,0.02725,1.258334,0.204459,1.497083,3401.497083
poia_zt_authenticator,PoIA with ZT-Authenticator,10,232,0.003667,0.032833,1.232333,0.204958,1.477792,3401.477792
poia_zt_authenticator,PoIA with ZT-Authenticator,10,233,0.003083,0.037958,2.22975,0.203542,2.478375,3402.478375
poia_zt_authenticator,PoIA with ZT-Authenticator,10,234,0.002875,0.027375,2.241209,0.203167,2.478709,3402.478709
poia_zt_authenticator,PoIA with ZT-Authenticator,10,235,0.003417,0.028667,1.246292,1.129542,2.412583,3402.412583
poia_zt_authenticator,PoIA with ZT-Authenticator,10,236,0.003,0.033583,1.226666,2.174,3.441625,3403.441625
poia_zt_authenticator,PoIA with ZT-Authenticator,10,237,0.003083,0.032875,2.218917,0.2045,2.463292,3402.463292
poia_zt_authenticator,PoIA with ZT-Authenticator,10,238,0.002958,0.028042,1.190291,0.202875,1.42825,3401.42825
poia_zt_authenticator,PoIA with ZT-Authenticator,10,239,0.003417,0.032917,1.163125,1.229208,2.433667,3402.433667
poia_zt_authenticator,PoIA with ZT-Authenticator,10,240,0.003333,0.041375,1.1725,0.202458,1.423667,3401.423667
poia_zt_authenticator,PoIA with ZT-Authenticator,10,241,0.003083,0.028666,1.164042,0.203208,1.40275,3401.40275
poia_zt_authenticator,PoIA with ZT-Authenticator,10,242,0.00275,0.026667,3.227708,0.218042,3.478958,3403.478958
poia_zt_authenticator,PoIA with ZT-Authenticator,10,243,0.003,0.027958,1.176708,0.222,1.433875,3401.433875
poia_zt_authenticator,PoIA with ZT-Authenticator,10,244,0.00275,0.026833,1.214375,1.235167,2.48375,3402.48375
poia_zt_authenticator,PoIA with ZT-Authenticator,10,245,0.002833,0.0275,1.197042,1.283625,2.515625,3402.515625
poia_zt_authenticator,PoIA with ZT-Authenticator,10,246,0.003042,0.034542,1.254834,0.202709,1.499,3401.499
poia_zt_authenticator,PoIA with ZT-Authenticator,10,247,0.003208,0.028458,3.169667,0.20775,3.413042,3403.413042
poia_zt_authenticator,PoIA with ZT-Authenticator,10,248,0.002792,0.028167,1.2585,0.428625,1.722959,3401.722959
poia_zt_authenticator,PoIA with ZT-Authenticator,10,249,0.002542,0.026916,3.119125,0.212583,3.365292,3403.365292
poia_zt_authenticator,PoIA with ZT-Authenticator,10,250,0.002875,0.028875,2.211125,4.252417,6.5,3406.5
poia_zt_authenticator,PoIA with ZT-Authenticator,10,251,0.002625,0.02725,2.313,2.180125,4.527709,3404.527709
poia_zt_authenticator,PoIA with ZT-Authenticator,10,252,0.002833,0.027334,1.552333,1.948875,3.539834,3403.539834
poia_zt_authenticator,PoIA with ZT-Authenticator,10,253,0.00275,0.02775,1.798584,1.735417,3.569416,3403.569416
poia_zt_authenticator,PoIA with ZT-Authenticator,10,254,0.002833,0.032708,1.880167,1.662333,3.584208,3403.584208
poia_zt_authenticator,PoIA with ZT-Authenticator,10,255,0.003083,0.033583,2.000625,1.558667,3.601667,3403.601667
poia_zt_authenticator,PoIA with ZT-Authenticator,10,256,0.002459,0.027041,2.060666,1.513833,3.608959,3403.608959
poia_zt_authenticator,PoIA with ZT-Authenticator,10,257,0.002958,0.035833,0.099625,0.187042,0.328917,3400.328917
poia_zt_authenticator,PoIA with ZT-Authenticator,10,258,0.003917,0.040458,1.409042,0.205125,1.662667,3401.662667
poia_zt_authenticator,PoIA with ZT-Authenticator,10,259,0.003458,0.034,1.431917,0.20825,1.681667,3401.681667
poia_zt_authenticator,PoIA with ZT-Authenticator,10,260,0.003083,0.034,1.380541,0.202959,1.624625,3401.624625
poia_zt_authenticator,PoIA with ZT-Authenticator,10,261,0.00425,0.062583,2.73175,0.203833,3.007333,3403.007333
poia_zt_authenticator,PoIA with ZT-Authenticator,10,262,0.003708,0.03425,2.520959,0.228625,2.791417,3402.791417
poia_zt_authenticator,PoIA with ZT-Authenticator,10,263,0.00275,0.034708,1.331583,1.408625,2.782209,3402.782209
poia_zt_authenticator,PoIA with ZT-Authenticator,10,264,0.003083,0.032625,1.417125,1.3255,2.782167,3402.782167
poia_zt_authenticator,PoIA with ZT-Authenticator,10,265,0.002791,0.034,3.2685,2.478958,5.789041,3405.789041
poia_zt_authenticator,PoIA with ZT-Authenticator,10,266,0.003,0.028667,1.270833,0.216667,1.522875,3401.522875
poia_zt_authenticator,PoIA with ZT-Authenticator,10,267,0.003042,0.027709,1.275375,0.222875,1.53275,3401.53275
poia_zt_authenticator,PoIA with ZT-Authenticator,10,268,0.003083,0.027958,1.279833,0.20375,1.518917,3401.518917
poia_zt_authenticator,PoIA with ZT-Authenticator,10,269,0.003042,0.042084,1.254084,0.20675,1.509833,3401.509833
poia_zt_authenticator,PoIA with ZT-Authenticator,10,270,0.003,0.032416,1.211166,0.203375,1.453833,3401.453833
poia_zt_authenticator,PoIA with ZT-Authenticator,10,271,0.002625,0.027458,3.406167,0.188042,3.627459,3403.627459
poia_zt_authenticator,PoIA with ZT-Authenticator,10,272,0.00275,0.027417,1.111708,0.201792,1.347625,3401.347625
poia_zt_authenticator,PoIA with ZT-Authenticator,10,273,0.002917,0.027292,1.092959,0.200667,1.32775,3401.32775
poia_zt_authenticator,PoIA with ZT-Authenticator,10,274,0.002958,0.034292,1.178459,1.134167,2.354291,3402.354291
poia_zt_authenticator,PoIA with ZT-Authenticator,10,275,0.00275,0.028167,1.38125,3.175584,4.5925,3404.5925
poia_zt_authenticator,PoIA with ZT-Authenticator,10,276,0.002625,0.02725,1.184875,0.204458,1.423042,3401.423042
poia_zt_authenticator,PoIA with ZT-Authenticator,10,277,0.002875,0.026667,1.191917,0.201959,1.42725,3401.42725
poia_zt_authenticator,PoIA with ZT-Authenticator,10,278,0.002875,0.02775,1.085584,1.266875,2.387875,3402.387875
poia_zt_authenticator,PoIA with ZT-Authenticator,10,279,0.003209,0.027709,1.107708,1.245,2.388667,3402.388667
poia_zt_authenticator,PoIA with ZT-Authenticator,10,280,0.003334,0.027709,2.006709,1.281,3.323542,3403.323542
poia_zt_authenticator,PoIA with ZT-Authenticator,10,281,0.003084,0.033209,2.158042,2.279125,4.478333,3404.478333
poia_zt_authenticator,PoIA with ZT-Authenticator,10,282,0.003333,0.036041,1.984583,7.587125,9.615833,3409.615833
poia_zt_authenticator,PoIA with ZT-Authenticator,10,283,0.002833,0.027416,1.324542,0.201709,1.5605,3401.5605
poia_zt_authenticator,PoIA with ZT-Authenticator,10,284,0.003042,0.033125,1.321375,0.203208,1.564625,3401.564625
poia_zt_authenticator,PoIA with ZT-Authenticator,10,285,0.002875,0.033792,1.219,1.317667,2.577958,3402.577958
poia_zt_authenticator,PoIA with ZT-Authenticator,10,286,0.003084,0.032334,1.29025,0.204375,1.533875,3401.533875
poia_zt_authenticator,PoIA with ZT-Authenticator,10,287,0.003125,0.032875,1.257542,0.219458,1.516791,3401.516791
poia_zt_authenticator,PoIA with ZT-Authenticator,10,288,0.003167,0.033666,1.214292,0.201917,1.456959,3401.456959
poia_zt_authenticator,PoIA with ZT-Authenticator,10,289,0.003417,0.03425,2.307042,0.205584,2.554292,3402.554292
poia_zt_authenticator,PoIA with ZT-Authenticator,10,290,0.003417,0.041542,1.244291,2.292666,3.586917,3403.586917
poia_zt_authenticator,PoIA with ZT-Authenticator,10,291,0.017042,0.027792,1.2025,0.202791,1.454042,3401.454042
poia_zt_authenticator,PoIA with ZT-Authenticator,10,292,0.002667,0.027167,1.198584,0.202958,1.435375,3401.435375
poia_zt_authenticator,PoIA with ZT-Authenticator,10,293,0.002583,0.027084,2.230625,0.201625,2.465625,3402.465625
poia_zt_authenticator,PoIA with ZT-Authenticator,10,294,0.002666,0.036459,1.191958,0.205125,1.44,3401.44
poia_zt_authenticator,PoIA with ZT-Authenticator,10,295,0.003166,0.032458,1.1875,1.248334,2.476041,3402.476041
poia_zt_authenticator,PoIA with ZT-Authenticator,10,296,0.003292,0.0345,1.272459,2.221125,3.5365,3403.5365
poia_zt_authenticator,PoIA with ZT-Authenticator,10,297,0.002583,0.027292,1.264583,4.39075,5.68975,3405.68975
poia_zt_authenticator,PoIA with ZT-Authenticator,10,298,0.003,0.026916,1.242541,0.218708,1.495083,3401.495083
poia_zt_authenticator,PoIA with ZT-Authenticator,10,299,0.002833,0.027416,2.261917,0.225166,2.521458,3402.521458
poia_zt_authenticator,PoIA with ZT-Authenticator,10,300,0.003042,0.027958,1.255417,0.201292,1.491917,3401.491917
poia_zt_authenticator,PoIA with ZT-Authenticator,10,301,0.00275,0.03225,1.233042,0.203,1.474875,3401.474875
poia_zt_authenticator,PoIA with ZT-Authenticator,10,302,0.002916,0.026834,1.245083,1.219541,2.499042,3402.499042
poia_zt_authenticator,PoIA with ZT-Authenticator,10,303,0.003,0.027417,1.215667,3.385292,4.635916,3404.635916
poia_zt_authenticator,PoIA with ZT-Authenticator,10,304,0.002583,0.026625,2.365917,0.2035,2.602417,3402.602417
poia_zt_authenticator,PoIA with ZT-Authenticator,10,305,0.002666,0.027666,1.286209,0.20275,1.523166,3401.523166
poia_zt_authenticator,PoIA with ZT-Authenticator,10,306,0.004,0.042,1.184,2.392916,3.629791,3403.629791
poia_zt_authenticator,PoIA with ZT-Authenticator,10,307,0.002833,0.02725,1.305417,0.247042,1.586541,3401.586541
poia_zt_authenticator,PoIA with ZT-Authenticator,10,308,0.003,0.032125,1.194958,1.536292,2.771375,3402.771375
poia_zt_authenticator,PoIA with ZT-Authenticator,10,309,0.003,0.036708,0.282125,0.529791,0.856709,3400.856709
poia_zt_authenticator,PoIA with ZT-Authenticator,10,310,0.002834,0.027208,3.32975,0.288708,3.653375,3403.653375
poia_zt_authenticator,PoIA with ZT-Authenticator,10,311,0.00325,0.036333,0.130416,0.201458,0.375083,3400.375083
poia_zt_authenticator,PoIA with ZT-Authenticator,10,312,0.003625,0.03325,2.390041,0.207333,2.638209,3402.638209
poia_zt_authenticator,PoIA with ZT-Authenticator,10,313,0.003333,0.078834,3.557833,0.205125,3.849417,3403.849417
poia_zt_authenticator,PoIA with ZT-Authenticator,10,314,0.003292,0.033166,3.522042,0.229875,3.792916,3403.792916
poia_zt_authenticator,PoIA with ZT-Authenticator,10,315,0.003375,0.034875,1.226709,4.575708,5.845458,3405.845458
poia_zt_authenticator,PoIA with ZT-Authenticator,10,316,0.002667,0.028042,1.304458,3.632625,4.972375,3404.972375
poia_zt_authenticator,PoIA with ZT-Authenticator,10,317,0.002541,0.028292,1.175792,0.227333,1.438708,3401.438708
poia_zt_authenticator,PoIA with ZT-Authenticator,10,318,0.002583,0.149167,2.232292,1.34875,3.73875,3403.73875
poia_zt_authenticator,PoIA with ZT-Authenticator,10,319,0.002875,0.027458,1.247917,0.202709,1.484625,3401.484625
poia_zt_authenticator,PoIA with ZT-Authenticator,10,320,0.002625,0.027208,3.558,1.390417,4.982875,3404.982875
poia_zt_authenticator,PoIA with ZT-Authenticator,10,321,0.003417,0.033875,1.43225,0.204583,1.67825,3401.67825
poia_zt_authenticator,PoIA with ZT-Authenticator,10,322,0.003125,0.034167,1.390958,0.202084,1.634625,3401.634625
poia_zt_authenticator,PoIA with ZT-Authenticator,10,323,0.00275,0.02725,4.691333,1.529875,6.255792,3406.255792
poia_zt_authenticator,PoIA with ZT-Authenticator,10,324,0.003666,0.05225,1.3425,1.359125,2.762542,3402.762542
poia_zt_authenticator,PoIA with ZT-Authenticator,10,325,0.003458,0.036083,1.19275,1.414625,2.651542,3402.651542
poia_zt_authenticator,PoIA with ZT-Authenticator,10,326,0.003625,0.029083,2.595667,1.374375,4.010625,3404.010625
poia_zt_authenticator,PoIA with ZT-Authenticator,10,327,0.003375,0.036042,2.687333,2.532667,5.264,3405.264
poia_zt_authenticator,PoIA with ZT-Authenticator,10,328,0.003166,0.027708,1.271416,1.38425,2.691708,3402.691708
poia_zt_authenticator,PoIA with ZT-Authenticator,10,329,0.003292,0.032875,1.288417,1.423,2.751792,3402.751792
poia_zt_authenticator,PoIA with ZT-Authenticator,10,330,0.003708,0.035875,1.349583,0.204375,1.597625,3401.597625
poia_zt_authenticator,PoIA with ZT-Authenticator,10,331,0.002958,0.032667,1.313167,0.204458,1.556917,3401.556917
poia_zt_authenticator,PoIA with ZT-Authenticator,10,332,0.004208,0.031791,3.662042,1.270791,4.987334,3404.987334
poia_zt_authenticator,PoIA with ZT-Authenticator,10,333,0.003,0.027375,1.338667,1.321042,2.694667,3402.694667
poia_zt_authenticator,PoIA with ZT-Authenticator,10,334,0.002667,0.027292,1.340542,1.356417,2.731542,3402.731542
poia_zt_authenticator,PoIA with ZT-Authenticator,10,335,0.002875,0.033417,1.376292,1.330958,2.748333,3402.748333
poia_zt_authenticator,PoIA with ZT-Authenticator,10,336,0.003709,0.035667,1.294709,0.202375,1.540667,3401.540667
poia_zt_authenticator,PoIA with ZT-Authenticator,10,337,0.003167,0.034375,2.380708,0.221375,2.643625,3402.643625
poia_zt_authenticator,PoIA with ZT-Authenticator,10,338,0.003083,0.03325,1.265416,0.200541,1.506208,3401.506208
poia_zt_authenticator,PoIA with ZT-Authenticator,10,339,0.002834,0.03325,1.228042,0.209542,1.477709,3401.477709
poia_zt_authenticator,PoIA with ZT-Authenticator,10,340,0.003125,0.033875,1.169916,0.203166,1.414167,3401.414167
poia_zt_authenticator,PoIA with ZT-Authenticator,10,341,0.003125,0.032917,3.253667,0.223833,3.517583,3403.517583
poia_zt_authenticator,PoIA with ZT-Authenticator,10,342,0.00275,0.027375,1.198,0.202,1.434417,3401.434417
poia_zt_authenticator,PoIA with ZT-Authenticator,10,343,0.00325,0.028666,1.206291,0.204166,1.446292,3401.446292
poia_zt_authenticator,PoIA with ZT-Authenticator,10,344,0.003542,0.051375,1.297583,2.253084,3.610208,3403.610208
poia_zt_authenticator,PoIA with ZT-Authenticator,10,345,0.002792,0.027125,3.310209,0.201625,3.545625,3403.545625
poia_zt_authenticator,PoIA with ZT-Authenticator,10,346,0.003166,0.02775,1.173125,0.201833,1.410167,3401.410167
poia_zt_authenticator,PoIA with ZT-Authenticator,10,347,0.00325,0.033625,3.203875,0.201209,3.445791,3403.445791
poia_zt_authenticator,PoIA with ZT-Authenticator,10,348,0.003042,0.0275,1.157583,0.204,1.396208,3401.396208
poia_zt_authenticator,PoIA with ZT-Authenticator,10,349,0.00275,0.0265,1.241834,1.183375,2.459042,3402.459042
poia_zt_authenticator,PoIA with ZT-Authenticator,10,350,0.003167,0.028458,1.225208,1.223834,2.485375,3402.485375
poia_zt_authenticator,PoIA with ZT-Authenticator,10,351,0.002958,0.027542,1.306041,3.256,4.597375,3404.597375
poia_zt_authenticator,PoIA with ZT-Authenticator,10,352,0.002833,0.027125,1.271417,0.350792,1.657083,3401.657083
poia_zt_authenticator,PoIA with ZT-Authenticator,10,353,0.00325,0.027459,1.441958,0.2025,1.679042,3401.679042
poia_zt_authenticator,PoIA with ZT-Authenticator,10,354,0.002959,0.037291,2.126416,1.466666,3.637375,3403.637375
poia_zt_authenticator,PoIA with ZT-Authenticator,10,355,0.003042,0.027375,1.260333,1.475584,2.771208,3402.771208
poia_zt_authenticator,PoIA with ZT-Authenticator,10,356,0.002959,0.028042,2.239459,1.555167,3.830292,3403.830292
poia_zt_authenticator,PoIA with ZT-Authenticator,10,357,0.002916,0.026792,1.45075,1.445875,2.931083,3402.931083
poia_zt_authenticator,PoIA with ZT-Authenticator,10,358,0.003291,0.032584,1.430708,0.231667,1.702834,3401.702834
poia_zt_authenticator,PoIA with ZT-Authenticator,10,359,0.002917,0.033,1.400541,1.506583,2.947958,3402.947958
poia_zt_authenticator,PoIA with ZT-Authenticator,10,360,0.0035,0.03725,1.452875,1.522583,3.021208,3403.021208
poia_zt_authenticator,PoIA with ZT-Authenticator,10,361,0.003292,0.033166,3.552709,1.734291,5.328333,3405.328333
poia_zt_authenticator,PoIA with ZT-Authenticator,10,362,0.003291,0.03425,4.144167,0.24925,4.43575,3404.43575
poia_zt_authenticator,PoIA with ZT-Authenticator,10,363,0.002834,0.026834,1.533541,1.743792,3.311792,3403.311792
poia_zt_authenticator,PoIA with ZT-Authenticator,10,364,0.00325,0.029041,1.439,1.86,3.336125,3403.336125
poia_zt_authenticator,PoIA with ZT-Authenticator,10,365,0.003,0.040708,1.559125,2.442834,4.05075,3404.05075
poia_zt_authenticator,PoIA with ZT-Authenticator,10,366,0.003208,0.061792,1.740625,2.448542,4.261458,3404.261458
poia_zt_authenticator,PoIA with ZT-Authenticator,10,367,0.003416,0.033542,1.72775,2.889459,4.659167,3404.659167
poia_zt_authenticator,PoIA with ZT-Authenticator,10,368,0.007583,0.034833,1.722167,3.082708,4.852542,3404.852542
poia_zt_authenticator,PoIA with ZT-Authenticator,10,369,0.003625,0.044625,0.316459,2.854666,3.227041,3403.227041
poia_zt_authenticator,PoIA with ZT-Authenticator,10,370,0.003541,0.091917,2.140833,2.799333,5.041583,3405.041583
poia_zt_authenticator,PoIA with ZT-Authenticator,10,371,0.003083,0.038166,1.938792,2.716916,4.701666,3404.701666
poia_zt_authenticator,PoIA with ZT-Authenticator,10,372,0.006542,0.054958,2.6215,0.2585,2.94625,3402.94625
poia_zt_authenticator,PoIA with ZT-Authenticator,10,373,0.007583,0.044042,2.335833,0.2365,2.629292,3402.629292
poia_zt_authenticator,PoIA with ZT-Authenticator,10,374,0.003541,0.036917,2.951792,1.881709,4.881292,3404.881292
poia_zt_authenticator,PoIA with ZT-Authenticator,10,375,0.003458,0.035042,3.2325,1.896458,5.172291,3405.172291
poia_zt_authenticator,PoIA with ZT-Authenticator,10,376,0.003875,0.03725,1.865833,0.211,2.122166,3402.122166
poia_zt_authenticator,PoIA with ZT-Authenticator,10,377,0.003417,0.035667,4.186,3.72225,7.952583,3407.952583
poia_zt_authenticator,PoIA with ZT-Authenticator,10,378,0.003375,0.033916,3.643834,0.208,3.89325,3403.89325
poia_zt_authenticator,PoIA with ZT-Authenticator,10,379,0.004042,0.038292,1.7705,0.208667,2.02575,3402.02575
poia_zt_authenticator,PoIA with ZT-Authenticator,10,380,0.00325,0.033625,1.8085,1.407458,3.257667,3403.257667
poia_zt_authenticator,PoIA with ZT-Authenticator,10,381,0.004625,0.041625,1.506709,0.212625,1.7705,3401.7705
poia_zt_authenticator,PoIA with ZT-Authenticator,10,382,0.003292,0.033375,1.463792,0.291125,1.7965,3401.7965
poia_zt_authenticator,PoIA with ZT-Authenticator,10,383,0.038667,0.063542,1.786583,2.8985,4.79425,3404.79425
poia_zt_authenticator,PoIA with ZT-Authenticator,10,384,0.003375,0.0275,1.550541,0.267708,1.853875,3401.853875
poia_zt_authenticator,PoIA with ZT-Authenticator,10,385,0.003166,0.069875,2.841375,1.649875,4.570334,3404.570334
poia_zt_authenticator,PoIA with ZT-Authenticator,10,386,0.003208,0.035334,1.679625,2.773708,4.496708,3404.496708
poia_zt_authenticator,PoIA with ZT-Authenticator,10,387,0.003292,0.159208,4.218334,0.23575,4.621042,3404.621042
poia_zt_authenticator,PoIA with ZT-Authenticator,10,388,0.003416,0.065417,1.370167,2.890333,4.335458,3404.335458
poia_zt_authenticator,PoIA with ZT-Authenticator,10,389,0.003292,0.0335,1.498208,0.318625,1.858417,3401.858417
poia_zt_authenticator,PoIA with ZT-Authenticator,10,390,0.002958,0.0285,1.620083,1.694792,3.351166,3403.351166
poia_zt_authenticator,PoIA with ZT-Authenticator,10,391,0.003208,0.036584,1.644416,1.544583,3.234083,3403.234083
poia_zt_authenticator,PoIA with ZT-Authenticator,10,392,0.004667,0.035583,1.488917,0.281791,1.816667,3401.816667
poia_zt_authenticator,PoIA with ZT-Authenticator,10,393,0.003125,0.035375,2.801,0.232958,3.077458,3403.077458
poia_zt_authenticator,PoIA with ZT-Authenticator,10,394,0.003042,0.034292,1.358542,0.2505,1.651375,3401.651375
poia_zt_authenticator,PoIA with ZT-Authenticator,10,395,0.003417,0.036375,2.728833,0.310708,3.084333,3403.084333
poia_zt_authenticator,PoIA with ZT-Authenticator,10,396,0.003916,0.035292,1.51625,1.4925,3.053375,3403.053375
poia_zt_authenticator,PoIA with ZT-Authenticator,10,397,0.003167,0.090708,1.544708,2.836292,4.481042,3404.481042
poia_zt_authenticator,PoIA with ZT-Authenticator,10,398,0.003417,0.036167,1.442292,0.238292,1.724625,3401.724625
poia_zt_authenticator,PoIA with ZT-Authenticator,10,399,0.003,0.028625,0.162333,0.209,0.406583,3400.406583
poia_zt_authenticator,PoIA with ZT-Authenticator,10,400,0.003,0.028084,2.592209,1.307083,3.935125,3403.935125
poia_zt_authenticator,PoIA with ZT-Authenticator,10,401,0.003292,0.032875,1.450416,1.265958,2.757208,3402.757208
poia_zt_authenticator,PoIA with ZT-Authenticator,10,402,0.003458,0.052458,1.26725,0.239458,1.567083,3401.567083
poia_zt_authenticator,PoIA with ZT-Authenticator,10,403,0.003083,0.032834,2.665416,1.284875,3.990959,3403.990959
poia_zt_authenticator,PoIA with ZT-Authenticator,10,404,0.003209,0.038958,1.454875,2.204667,3.706791,3403.706791
poia_zt_authenticator,PoIA with ZT-Authenticator,10,405,0.003208,0.046042,1.404375,1.459916,2.918666,3402.918666
poia_zt_authenticator,PoIA with ZT-Authenticator,10,406,0.003167,0.034417,1.290375,1.38725,2.72,3402.72
poia_zt_authenticator,PoIA with ZT-Authenticator,10,407,0.003167,0.033458,1.412,0.2055,1.65825,3401.65825
poia_zt_authenticator,PoIA with ZT-Authenticator,10,408,0.00425,0.03375,2.421167,1.414625,3.879417,3403.879417
poia_zt_authenticator,PoIA with ZT-Authenticator,10,409,0.002542,0.027917,1.4285,1.278208,2.740959,3402.740959
poia_zt_authenticator,PoIA with ZT-Authenticator,10,410,0.003917,0.035875,1.270625,0.207375,1.522584,3401.522584
poia_zt_authenticator,PoIA with ZT-Authenticator,10,411,0.003041,0.035417,4.874167,1.377292,6.294667,3406.294667
poia_zt_authenticator,PoIA with ZT-Authenticator,10,412,0.003209,0.028917,1.36675,1.31625,2.719916,3402.719916
poia_zt_authenticator,PoIA with ZT-Authenticator,10,413,0.003042,0.032875,1.353916,1.389417,2.784125,3402.784125
poia_zt_authenticator,PoIA with ZT-Authenticator,10,414,0.00325,0.040333,1.395834,1.339792,2.78425,3402.78425
poia_zt_authenticator,PoIA with ZT-Authenticator,10,415,0.003292,0.034333,2.472583,0.225917,2.740084,3402.740084
poia_zt_authenticator,PoIA with ZT-Authenticator,10,416,0.003041,0.028542,1.236167,0.406166,1.702625,3401.702625
poia_zt_authenticator,PoIA with ZT-Authenticator,10,417,0.002792,0.032333,3.8245,0.576167,4.4405,3404.4405
poia_zt_authenticator,PoIA with ZT-Authenticator,10,418,0.003833,0.034833,2.205542,0.693834,3.014167,3403.014167
poia_zt_authenticator,PoIA with ZT-Authenticator,10,419,0.003292,0.033125,2.798292,0.362625,3.201917,3403.201917
poia_zt_authenticator,PoIA with ZT-Authenticator,10,420,0.003084,0.027625,2.95025,0.28875,3.274083,3403.274083
poia_zt_authenticator,PoIA with ZT-Authenticator,10,421,0.002917,0.027292,1.147125,4.284916,5.4665,3405.4665
poia_zt_authenticator,PoIA with ZT-Authenticator,10,422,0.003666,0.033167,2.276291,2.18525,4.504125,3404.504125
poia_zt_authenticator,PoIA with ZT-Authenticator,10,423,0.003,0.035291,2.309167,2.005917,4.35825,3404.35825
poia_zt_authenticator,PoIA with ZT-Authenticator,10,424,0.002875,0.041292,0.169833,5.548167,5.766459,3405.766459
poia_zt_authenticator,PoIA with ZT-Authenticator,10,425,0.00375,0.035291,1.696666,0.207084,1.947417,3401.947417
poia_zt_authenticator,PoIA with ZT-Authenticator,10,426,0.003042,0.20075,4.234958,0.38475,4.83225,3404.83225
poia_zt_authenticator,PoIA with ZT-Authenticator,10,427,0.0035,0.051292,1.750833,0.241458,2.051542,3402.051542
poia_zt_authenticator,PoIA with ZT-Authenticator,10,428,0.004917,0.038542,1.957625,1.375083,3.382083,3403.382083
poia_zt_authenticator,PoIA with ZT-Authenticator,10,429,0.004791,0.033291,5.773708,1.364084,7.181375,3407.181375
poia_zt_authenticator,PoIA with ZT-Authenticator,10,430,0.01625,0.029708,2.970125,0.23975,3.278625,3403.278625
poia_zt_authenticator,PoIA with ZT-Authenticator,10,431,0.003292,0.028125,1.246666,0.26075,1.544041,3401.544041
poia_zt_authenticator,PoIA with ZT-Authenticator,10,432,0.003333,0.035167,1.612958,1.558875,3.21525,3403.21525
poia_zt_authenticator,PoIA with ZT-Authenticator,10,433,0.009583,0.029,1.502791,0.264125,1.810542,3401.810542
poia_zt_authenticator,PoIA with ZT-Authenticator,10,434,0.002792,0.0375,2.589708,4.1775,6.815125,3406.815125
poia_zt_authenticator,PoIA with ZT-Authenticator,10,435,0.003833,0.034916,1.369667,0.237042,1.649875,3401.649875
poia_zt_authenticator,PoIA with ZT-Authenticator,10,436,0.003459,0.035041,1.525292,1.431667,3.000375,3403.000375
poia_zt_authenticator,PoIA with ZT-Authenticator,10,437,0.003208,0.034291,1.596375,2.749583,4.388125,3404.388125
poia_zt_authenticator,PoIA with ZT-Authenticator,10,438,0.003042,0.037875,1.524791,1.390584,2.96125,3402.96125
poia_zt_authenticator,PoIA with ZT-Authenticator,10,439,0.002875,0.034208,1.393208,0.218958,1.65325,3401.65325
poia_zt_authenticator,PoIA with ZT-Authenticator,10,440,0.003292,0.08425,2.960291,2.540292,5.593542,3405.593542
poia_zt_authenticator,PoIA with ZT-Authenticator,10,441,0.003292,0.034167,1.333334,1.456625,2.832166,3402.832166
poia_zt_authenticator,PoIA with ZT-Authenticator,10,442,0.003333,0.03375,1.416875,1.341667,2.800292,3402.800292
poia_zt_authenticator,PoIA with ZT-Authenticator,10,443,0.00425,0.038125,1.414542,2.579792,4.041792,3404.041792
poia_zt_authenticator,PoIA with ZT-Authenticator,10,444,0.003375,0.033458,1.369458,0.275167,1.686292,3401.686292
poia_zt_authenticator,PoIA with ZT-Authenticator,10,445,0.003333,0.057375,1.381417,1.329125,2.777,3402.777
poia_zt_authenticator,PoIA with ZT-Authenticator,10,446,0.002916,0.0385,1.353875,1.389667,2.789708,3402.789708
poia_zt_authenticator,PoIA with ZT-Authenticator,10,447,0.003708,0.035833,1.313792,1.432875,2.791041,3402.791041
poia_zt_authenticator,PoIA with ZT-Authenticator,10,448,0.003042,0.032583,1.430958,0.258458,1.730167,3401.730167
poia_zt_authenticator,PoIA with ZT-Authenticator,10,449,0.003416,0.032875,1.365708,0.269917,1.676667,3401.676667
poia_zt_authenticator,PoIA with ZT-Authenticator,10,450,0.003125,0.027583,1.374375,1.632458,3.04225,3403.04225
poia_zt_authenticator,PoIA with ZT-Authenticator,10,451,0.003541,0.037125,1.313375,1.636083,2.995125,3402.995125
poia_zt_authenticator,PoIA with ZT-Authenticator,10,452,0.003417,0.032459,1.629583,0.228458,1.898,3401.898
poia_zt_authenticator,PoIA with ZT-Authenticator,10,453,0.003333,0.03325,1.512334,0.186583,1.738666,3401.738666
poia_zt_authenticator,PoIA with ZT-Authenticator,10,454,0.003,0.033042,1.281667,2.649875,3.972458,3403.972458
poia_zt_authenticator,PoIA with ZT-Authenticator,10,455,0.003917,0.066792,1.224208,0.2815,1.583083,3401.583083
poia_zt_authenticator,PoIA with ZT-Authenticator,10,456,0.003125,0.032375,1.605958,1.294458,2.94075,3402.94075
poia_zt_authenticator,PoIA with ZT-Authenticator,10,457,0.003292,0.046583,1.379166,4.865334,6.299459,3406.299459
poia_zt_authenticator,PoIA with ZT-Authenticator,10,458,0.003,0.039667,1.45275,1.445416,2.945834,3402.945834
poia_zt_authenticator,PoIA with ZT-Authenticator,10,459,0.003084,0.032458,1.301792,1.476375,2.818459,3402.818459
poia_zt_authenticator,PoIA with ZT-Authenticator,10,460,0.00425,0.036083,1.347334,1.485166,2.8785,3402.8785
poia_zt_authenticator,PoIA with ZT-Authenticator,10,461,0.003667,0.035125,1.564875,0.254667,1.863125,3401.863125
poia_zt_authenticator,PoIA with ZT-Authenticator,10,462,0.004167,0.037208,1.519041,0.210709,1.776291,3401.776291
poia_zt_authenticator,PoIA with ZT-Authenticator,10,463,0.003417,0.034834,1.466625,0.259,1.768791,3401.768791
poia_zt_authenticator,PoIA with ZT-Authenticator,10,464,0.003208,0.033459,2.572042,1.508125,4.125208,3404.125208
poia_zt_authenticator,PoIA with ZT-Authenticator,10,465,0.003459,0.028416,1.271042,3.534292,4.843,3404.843
poia_zt_authenticator,PoIA with ZT-Authenticator,10,466,0.003458,0.034333,1.540375,2.679541,4.262708,3404.262708
poia_zt_authenticator,PoIA with ZT-Authenticator,10,467,0.003166,0.032791,1.549,2.764708,4.35475,3404.35475
poia_zt_authenticator,PoIA with ZT-Authenticator,10,468,0.0025,0.058583,1.425625,4.243458,5.741292,3405.741292
poia_zt_authenticator,PoIA with ZT-Authenticator,10,469,0.003083,0.060125,4.33075,0.245625,4.644542,3404.644542
poia_zt_authenticator,PoIA with ZT-Authenticator,10,470,0.003458,0.033917,1.416958,3.2045,4.663875,3404.663875
poia_zt_authenticator,PoIA with ZT-Authenticator,10,471,0.006917,0.227125,2.085584,0.222959,2.574584,3402.574584
poia_zt_authenticator,PoIA with ZT-Authenticator,10,472,0.00375,0.109541,1.74,0.257875,2.116292,3402.116292
poia_zt_authenticator,PoIA with ZT-Authenticator,10,473,0.003041,0.028,3.122833,1.869292,5.028,3405.028
poia_zt_authenticator,PoIA with ZT-Authenticator,10,474,0.006625,0.304417,2.687667,1.87325,4.879333,3404.879333
poia_zt_authenticator,PoIA with ZT-Authenticator,10,475,0.003208,0.033583,1.797791,0.36575,2.205458,3402.205458
poia_zt_authenticator,PoIA with ZT-Authenticator,10,476,0.003875,0.041958,3.50975,0.240792,3.801375,3403.801375
poia_zt_authenticator,PoIA with ZT-Authenticator,10,477,0.003208,0.027666,1.987209,0.306041,2.329125,3402.329125
poia_zt_authenticator,PoIA with ZT-Authenticator,10,478,0.003208,0.034625,4.579791,1.841708,6.476667,3406.476667
poia_zt_authenticator,PoIA with ZT-Authenticator,10,479,0.003583,0.094791,0.118167,1.6,1.822125,3401.822125
poia_zt_authenticator,PoIA with ZT-Authenticator,10,480,0.003459,0.037209,7.535416,0.277,7.858042,3407.858042
poia_zt_authenticator,PoIA with ZT-Authenticator,10,481,0.005666,0.04025,1.573167,3.094042,4.719417,3404.719417
poia_zt_authenticator,PoIA with ZT-Authenticator,10,482,0.003333,0.028542,1.502291,0.2425,1.781333,3401.781333
poia_zt_authenticator,PoIA with ZT-Authenticator,10,483,0.003291,0.033292,1.464709,0.2585,1.764583,3401.764583
poia_zt_authenticator,PoIA with ZT-Authenticator,10,484,0.002916,0.091792,3.3605,1.574583,5.035833,3405.035833
poia_zt_authenticator,PoIA with ZT-Authenticator,10,485,0.003542,0.048416,1.624167,1.484083,3.165209,3403.165209
poia_zt_authenticator,PoIA with ZT-Authenticator,10,486,0.005125,0.080958,3.157583,1.588542,4.839042,3404.839042
poia_zt_authenticator,PoIA with ZT-Authenticator,10,487,0.003042,0.033625,1.556333,0.237917,1.834917,3401.834917
poia_zt_authenticator,PoIA with ZT-Authenticator,10,488,0.00325,0.034084,2.749708,0.208875,3.000333,3403.000333
poia_zt_authenticator,PoIA with ZT-Authenticator,10,489,0.004917,0.044209,1.533792,1.411625,2.999625,3402.999625
poia_zt_authenticator,PoIA with ZT-Authenticator,10,490,0.003084,0.033542,2.806958,1.457167,4.305584,3404.305584
poia_zt_authenticator,PoIA with ZT-Authenticator,10,491,0.004083,0.074417,1.381458,0.203209,1.669042,3401.669042
poia_zt_authenticator,PoIA with ZT-Authenticator,10,492,0.003792,0.035792,2.688375,0.205375,2.937333,3402.937333
poia_zt_authenticator,PoIA with ZT-Authenticator,10,493,0.004625,0.036,1.451792,1.505417,3.004,3403.004
poia_zt_authenticator,PoIA with ZT-Authenticator,10,494,0.003292,0.028375,0.099958,1.41875,1.554541,3401.554541
poia_zt_authenticator,PoIA with ZT-Authenticator,10,495,0.006541,0.036292,1.406375,0.203375,1.656541,3401.656541
poia_zt_authenticator,PoIA with ZT-Authenticator,10,496,0.019125,0.038625,1.337583,0.208666,1.608375,3401.608375
poia_zt_authenticator,PoIA with ZT-Authenticator,10,497,0.003667,0.043583,2.468958,1.326042,3.847208,3403.847208
poia_zt_authenticator,PoIA with ZT-Authenticator,10,498,0.002916,0.028292,1.326333,0.25675,1.618208,3401.618208
poia_zt_authenticator,PoIA with ZT-Authenticator,10,499,0.00425,0.033875,2.530584,1.437709,4.010958,3404.010958
poia_zt_authenticator,PoIA with ZT-Authenticator,10,500,0.003375,0.057834,1.378542,0.246625,1.6915,3401.6915
poia_zt_authenticator,PoIA with ZT-Authenticator,10,501,0.003542,0.038584,1.352459,0.237125,1.63675,3401.63675
poia_zt_authenticator,PoIA with ZT-Authenticator,10,502,0.003459,0.028333,1.397458,0.218833,1.651958,3401.651958
poia_zt_authenticator,PoIA with ZT-Authenticator,10,503,0.003125,0.049542,1.492791,0.20575,1.7555,3401.7555
poia_zt_authenticator,PoIA with ZT-Authenticator,10,504,0.003125,0.041375,1.517583,0.203209,1.769292,3401.769292
poia_zt_authenticator,PoIA with ZT-Authenticator,10,505,0.003166,0.034541,1.509875,0.207667,1.759333,3401.759333
poia_zt_authenticator,PoIA with ZT-Authenticator,10,506,0.002916,0.055584,1.449833,1.461041,2.976125,3402.976125
poia_zt_authenticator,PoIA with ZT-Authenticator,10,507,0.003084,0.052417,4.908833,1.408833,6.377792,3406.377792
poia_zt_authenticator,PoIA with ZT-Authenticator,10,508,0.003083,0.036416,5.011625,1.331208,6.387167,3406.387167
poia_zt_authenticator,PoIA with ZT-Authenticator,10,509,0.002833,0.02775,1.384667,2.772416,4.191583,3404.191583
poia_zt_authenticator,PoIA with ZT-Authenticator,10,510,0.00325,0.033167,0.118541,0.212417,0.371708,3400.371708
poia_zt_authenticator,PoIA with ZT-Authenticator,10,511,0.004334,0.036208,1.378334,1.56475,2.988916,3402.988916
poia_zt_authenticator,PoIA with ZT-Authenticator,10,512,0.003125,0.028625,1.531625,0.215042,1.782458,3401.782458
poia_zt_authenticator,PoIA with ZT-Authenticator,10,513,0.003333,0.029791,1.38025,1.422666,2.841291,3402.841291
poia_zt_authenticator,PoIA with ZT-Authenticator,10,514,0.003834,0.035375,1.400459,0.2365,1.680375,3401.680375
poia_zt_authenticator,PoIA with ZT-Authenticator,10,515,0.002958,0.027666,1.333459,5.217833,6.586584,3406.586584
poia_zt_authenticator,PoIA with ZT-Authenticator,10,516,0.003416,0.035042,2.490041,3.719875,6.253583,3406.253583
poia_zt_authenticator,PoIA with ZT-Authenticator,10,517,0.003792,0.03375,2.228125,0.508334,2.781375,3402.781375
poia_zt_authenticator,PoIA with ZT-Authenticator,10,518,0.002916,0.033458,0.13875,3.105041,3.284209,3403.284209
poia_zt_authenticator,PoIA with ZT-Authenticator,10,519,0.003291,0.034791,3.789834,0.233958,4.066166,3404.066166
poia_zt_authenticator,PoIA with ZT-Authenticator,10,520,0.002959,0.034083,1.493417,3.689292,5.225292,3405.225292
poia_zt_authenticator,PoIA with ZT-Authenticator,10,521,0.006042,0.043333,2.967167,0.429,3.451083,3403.451083
poia_zt_authenticator,PoIA with ZT-Authenticator,10,522,0.003208,0.033458,4.9335,2.029291,7.006,3407.006
poia_zt_authenticator,PoIA with ZT-Authenticator,10,523,0.00275,0.038084,3.777875,1.946667,5.771209,3405.771209
poia_zt_authenticator,PoIA with ZT-Authenticator,10,524,0.003,0.028042,3.522709,5.133125,8.693791,3408.693791
poia_zt_authenticator,PoIA with ZT-Authenticator,10,525,0.00775,0.043584,2.038209,0.461584,2.557459,3402.557459
poia_zt_authenticator,PoIA with ZT-Authenticator,10,526,0.069625,0.066625,0.260875,4.3275,4.734208,3404.734208
poia_zt_authenticator,PoIA with ZT-Authenticator,10,527,0.002958,0.0285,5.455458,2.381625,7.874167,3407.874167
poia_zt_authenticator,PoIA with ZT-Authenticator,10,528,0.006833,0.05325,2.508916,2.488666,5.064583,3405.064583
poia_zt_authenticator,PoIA with ZT-Authenticator,10,529,0.003958,0.048334,2.462125,0.312917,2.832416,3402.832416
poia_zt_authenticator,PoIA with ZT-Authenticator,10,530,0.004458,0.041,2.446417,0.258959,2.755958,3402.755958
poia_zt_authenticator,PoIA with ZT-Authenticator,10,531,0.004959,0.0465,0.17475,4.215291,4.447084,3404.447084
poia_zt_authenticator,PoIA with ZT-Authenticator,10,532,0.003958,0.042709,2.383583,1.71875,4.155292,3404.155292
poia_zt_authenticator,PoIA with ZT-Authenticator,10,533,0.005,0.095917,1.693,0.296459,2.096292,3402.096292
poia_zt_authenticator,PoIA with ZT-Authenticator,10,534,0.002875,0.04875,5.783958,3.776292,9.617375,3409.617375
poia_zt_authenticator,PoIA with ZT-Authenticator,10,535,0.004333,0.080375,3.457417,0.265042,3.813125,3403.813125
poia_zt_authenticator,PoIA with ZT-Authenticator,10,536,0.004167,0.035,1.560833,0.269667,1.874417,3401.874417
poia_zt_authenticator,PoIA with ZT-Authenticator,10,537,0.003459,0.042875,2.246083,1.580583,3.878875,3403.878875
poia_zt_authenticator,PoIA with ZT-Authenticator,10,538,0.0055,0.064042,2.011375,1.686958,3.775333,3403.775333
poia_zt_authenticator,PoIA with ZT-Authenticator,10,539,0.003667,0.0425,2.994125,0.451584,3.497625,3403.497625
poia_zt_authenticator,PoIA with ZT-Authenticator,10,540,0.003541,0.035083,3.141125,0.264375,3.448708,3403.448708
poia_zt_authenticator,PoIA with ZT-Authenticator,10,541,0.004167,0.041709,1.779792,0.251458,2.081833,3402.081833
poia_zt_authenticator,PoIA with ZT-Authenticator,10,542,0.003917,0.041958,1.670167,0.265875,1.986875,3401.986875
poia_zt_authenticator,PoIA with ZT-Authenticator,10,543,0.004083,0.040125,1.775125,1.593167,3.418375,3403.418375
poia_zt_authenticator,PoIA with ZT-Authenticator,10,544,0.004333,0.042083,1.801291,1.565709,3.419125,3403.419125
poia_zt_authenticator,PoIA with ZT-Authenticator,10,545,0.004291,0.041833,3.106,1.614625,4.773042,3404.773042
poia_zt_authenticator,PoIA with ZT-Authenticator,10,546,0.0035,0.033542,3.129875,0.264958,3.436416,3403.436416
poia_zt_authenticator,PoIA with ZT-Authenticator,10,547,0.003709,0.032917,1.826583,1.600167,3.469042,3403.469042
poia_zt_authenticator,PoIA with ZT-Authenticator,10,548,0.003417,0.03375,1.600375,0.290166,1.932666,3401.932666
poia_zt_authenticator,PoIA with ZT-Authenticator,10,549,0.0045,0.043667,1.581083,0.248125,1.882375,3401.882375
poia_zt_authenticator,PoIA with ZT-Authenticator,10,550,0.003791,0.042083,2.890958,0.339458,3.282208,3403.282208
poia_zt_authenticator,PoIA with ZT-Authenticator,10,551,0.003875,0.034625,4.313458,1.677083,6.035083,3406.035083
poia_zt_authenticator,PoIA with ZT-Authenticator,10,552,0.003959,0.040209,0.114792,2.9135,3.0775,3403.0775
poia_zt_authenticator,PoIA with ZT-Authenticator,10,553,0.003792,0.034834,1.576,2.014958,3.635667,3403.635667
poia_zt_authenticator,PoIA with ZT-Authenticator,10,554,0.004291,0.042917,3.202334,1.973959,5.229625,3405.229625
poia_zt_authenticator,PoIA with ZT-Authenticator,10,555,0.003709,0.033958,1.920417,0.285959,2.249,3402.249
poia_zt_authenticator,PoIA with ZT-Authenticator,10,556,0.003625,0.039875,1.635833,2.468625,4.154833,3404.154833
poia_zt_authenticator,PoIA with ZT-Authenticator,10,557,0.004,0.050916,2.412791,0.318167,2.791875,3402.791875
poia_zt_authenticator,PoIA with ZT-Authenticator,10,558,0.003583,0.033708,3.291167,2.558083,5.892208,3405.892208
poia_zt_authenticator,PoIA with ZT-Authenticator,10,559,0.003791,0.03525,2.494917,0.360625,2.901084,3402.901084
poia_zt_authenticator,PoIA with ZT-Authenticator,10,560,0.004083,0.04175,2.030875,2.55925,4.642125,3404.642125
poia_zt_authenticator,PoIA with ZT-Authenticator,10,561,0.004583,0.040459,2.525458,2.207042,4.783042,3404.783042
poia_zt_authenticator,PoIA with ZT-Authenticator,10,562,0.004417,0.203833,2.49075,1.941291,4.651875,3404.651875
poia_zt_authenticator,PoIA with ZT-Authenticator,10,563,0.0035,0.0415,5.449625,2.113208,7.613417,3407.613417
poia_zt_authenticator,PoIA with ZT-Authenticator,10,564,0.003166,0.104375,1.886708,4.750083,6.751667,3406.751667
poia_zt_authenticator,PoIA with ZT-Authenticator,10,565,0.006875,0.05,2.177958,2.500166,4.741542,3404.741542
poia_zt_authenticator,PoIA with ZT-Authenticator,10,566,0.004709,0.045584,2.581667,0.415875,3.05375,3403.05375
poia_zt_authenticator,PoIA with ZT-Authenticator,10,567,0.006,0.041042,2.427375,2.286542,4.767667,3404.767667
poia_zt_authenticator,PoIA with ZT-Authenticator,10,568,0.003833,0.087625,2.605792,2.199208,4.903292,3404.903292
poia_zt_authenticator,PoIA with ZT-Authenticator,10,569,0.004625,0.050542,2.605208,2.208417,4.87475,3404.87475
poia_zt_authenticator,PoIA with ZT-Authenticator,10,570,0.00375,0.042916,2.545958,2.257292,4.856,3404.856
poia_zt_authenticator,PoIA with ZT-Authenticator,10,571,0.003833,0.042167,4.078042,4.422917,8.553,3408.553
poia_zt_authenticator,PoIA with ZT-Authenticator,10,572,0.004209,0.041042,2.62875,2.126708,4.806375,3404.806375
poia_zt_authenticator,PoIA with ZT-Authenticator,10,573,0.0045,0.059542,2.545833,2.141959,4.758291,3404.758291
poia_zt_authenticator,PoIA with ZT-Authenticator,10,574,0.011125,0.102208,2.211084,2.04175,4.375208,3404.375208
poia_zt_authenticator,PoIA with ZT-Authenticator,10,575,0.004708,0.048791,1.988125,0.259666,2.306584,3402.306584
poia_zt_authenticator,PoIA with ZT-Authenticator,10,576,0.004542,0.043625,1.958666,0.267375,2.27925,3402.27925
poia_zt_authenticator,PoIA with ZT-Authenticator,10,577,0.050459,0.045,1.79375,0.253916,2.148,3402.148
poia_zt_authenticator,PoIA with ZT-Authenticator,10,578,0.004625,0.042166,1.742042,0.287833,2.082791,3402.082791
poia_zt_authenticator,PoIA with ZT-Authenticator,10,579,0.004709,0.148292,1.967542,1.754459,3.882792,3403.882792
poia_zt_authenticator,PoIA with ZT-Authenticator,10,580,0.004333,0.082667,1.73725,0.381042,2.212584,3402.212584
poia_zt_authenticator,PoIA with ZT-Authenticator,10,581,0.006541,0.050667,2.19775,3.756959,6.018833,3406.018833
poia_zt_authenticator,PoIA with ZT-Authenticator,10,582,0.029208,0.094333,1.987667,3.654208,5.771917,3405.771917
poia_zt_authenticator,PoIA with ZT-Authenticator,10,583,0.004,0.043167,3.562792,0.275792,3.890958,3403.890958
poia_zt_authenticator,PoIA with ZT-Authenticator,10,584,0.0105,0.056625,3.592041,1.960833,5.652209,3405.652209
poia_zt_authenticator,PoIA with ZT-Authenticator,10,585,0.003917,0.034709,1.835541,2.028083,3.908167,3403.908167
poia_zt_authenticator,PoIA with ZT-Authenticator,10,586,0.003583,0.033958,1.978791,2.033083,4.055334,3404.055334
poia_zt_authenticator,PoIA with ZT-Authenticator,10,587,0.003917,0.033625,2.113166,1.747583,3.904458,3403.904458
poia_zt_authenticator,PoIA with ZT-Authenticator,10,588,0.004167,0.042625,2.1955,1.696208,3.944458,3403.944458
poia_zt_authenticator,PoIA with ZT-Authenticator,10,589,0.005292,0.040875,2.117083,1.834208,4.004375,3404.004375
poia_zt_authenticator,PoIA with ZT-Authenticator,10,590,0.003875,0.042042,1.9975,1.695791,3.745125,3403.745125
poia_zt_authenticator,PoIA with ZT-Authenticator,10,591,0.004291,0.103166,1.770041,1.691791,3.575375,3403.575375
poia_zt_authenticator,PoIA with ZT-Authenticator,10,592,0.003917,0.060625,1.644917,0.285875,2.001375,3402.001375
poia_zt_authenticator,PoIA with ZT-Authenticator,10,593,0.006583,0.0795,3.320917,1.993083,5.412167,3405.412167
poia_zt_authenticator,PoIA with ZT-Authenticator,10,594,0.055958,0.14,0.29075,0.455792,0.968458,3400.968458
poia_zt_authenticator,PoIA with ZT-Authenticator,10,595,0.003958,0.041917,1.760375,3.481167,5.294666,3405.294666
poia_zt_authenticator,PoIA with ZT-Authenticator,10,596,0.004208,0.042166,1.670208,4.456625,6.179333,3406.179333
poia_zt_authenticator,PoIA with ZT-Authenticator,10,597,0.004,0.041583,1.844167,4.827292,6.766041,3406.766041
poia_zt_authenticator,PoIA with ZT-Authenticator,10,598,0.004125,0.138333,4.797292,0.593916,5.543875,3405.543875
poia_zt_authenticator,PoIA with ZT-Authenticator,10,599,0.027167,0.046583,1.807458,6.707166,8.600041,3408.600041
poia_zt_authenticator,PoIA with ZT-Authenticator,10,600,0.004333,0.040958,2.519042,4.573958,7.145084,3407.145084
poia_zt_authenticator,PoIA with ZT-Authenticator,10,601,0.007084,0.102667,4.211291,0.3095,4.638375,3404.638375
poia_zt_authenticator,PoIA with ZT-Authenticator,10,602,0.004042,0.042459,4.678625,2.526791,7.25825,3407.25825
poia_zt_authenticator,PoIA with ZT-Authenticator,10,603,0.005166,0.043834,6.147458,2.533208,8.737041,3408.737041
poia_zt_authenticator,PoIA with ZT-Authenticator,10,604,0.003791,0.0445,4.833208,2.539792,7.42775,3407.42775
poia_zt_authenticator,PoIA with ZT-Authenticator,10,605,0.010084,0.118834,2.166792,0.259375,2.561667,3402.561667
poia_zt_authenticator,PoIA with ZT-Authenticator,10,606,0.0045,0.098334,2.055917,0.450708,2.616625,3402.616625
poia_zt_authenticator,PoIA with ZT-Authenticator,10,607,0.006042,0.634667,3.040166,2.060459,5.750625,3405.750625
poia_zt_authenticator,PoIA with ZT-Authenticator,10,608,0.0375,0.098791,4.362792,0.284917,4.794291,3404.794291
poia_zt_authenticator,PoIA with ZT-Authenticator,10,609,0.004166,0.116,1.636334,0.249,2.01325,3402.01325
poia_zt_authenticator,PoIA with ZT-Authenticator,10,610,0.004166,0.041333,2.015875,1.566125,3.633375,3403.633375
poia_zt_authenticator,PoIA with ZT-Authenticator,10,611,0.00375,0.042,1.919,1.611708,3.582625,3403.582625
poia_zt_authenticator,PoIA with ZT-Authenticator,10,612,0.005833,0.048333,1.815,1.683208,3.5585,3403.5585
poia_zt_authenticator,PoIA with ZT-Authenticator,10,613,0.007542,0.048833,3.3545,1.755833,5.172708,3405.172708
poia_zt_authenticator,PoIA with ZT-Authenticator,10,614,0.005334,0.045,3.317083,1.779709,5.154041,3405.154041
poia_zt_authenticator,PoIA with ZT-Authenticator,10,615,0.003958,0.068459,1.505375,2.067792,3.651833,3403.651833
poia_zt_authenticator,PoIA with ZT-Authenticator,10,616,0.003625,0.0415,1.571083,2.100917,3.722875,3403.722875
poia_zt_authenticator,PoIA with ZT-Authenticator,10,617,0.003833,0.109125,2.071209,0.297375,2.48875,3402.48875
poia_zt_authenticator,PoIA with ZT-Authenticator,10,618,0.004292,0.046834,2.096041,0.34675,2.5,3402.5
poia_zt_authenticator,PoIA with ZT-Authenticator,10,619,0.003958,0.041334,2.08775,0.250041,2.387875,3402.387875
poia_zt_authenticator,PoIA with ZT-Authenticator,10,620,0.004459,0.043042,1.985042,0.254792,2.292292,3402.292292
poia_zt_authenticator,PoIA with ZT-Authenticator,10,621,0.004167,0.049541,1.526125,3.596291,5.182041,3405.182041
poia_zt_authenticator,PoIA with ZT-Authenticator,10,622,0.00425,0.043833,1.809917,0.275375,2.138708,3402.138708
poia_zt_authenticator,PoIA with ZT-Authenticator,10,623,0.004916,0.043167,2.117334,1.63575,3.808083,3403.808083
poia_zt_authenticator,PoIA with ZT-Authenticator,10,624,0.004416,0.0485,4.78775,3.329167,8.176042,3408.176042
poia_zt_authenticator,PoIA with ZT-Authenticator,10,625,0.003583,0.033708,1.656375,0.352041,2.051583,3402.051583
poia_zt_authenticator,PoIA with ZT-Authenticator,10,626,0.003916,0.040834,1.770333,0.282,2.102125,3402.102125
poia_zt_authenticator,PoIA with ZT-Authenticator,10,627,0.004084,0.041666,3.42625,1.840708,5.3185,3405.3185
poia_zt_authenticator,PoIA with ZT-Authenticator,10,628,0.004375,0.040917,1.595458,1.855292,3.502,3403.502
poia_zt_authenticator,PoIA with ZT-Authenticator,10,629,0.003958,0.070542,1.864875,0.27875,2.224333,3402.224333
poia_zt_authenticator,PoIA with ZT-Authenticator,10,630,0.004125,0.04575,4.538333,0.433834,5.028,3405.028
poia_zt_authenticator,PoIA with ZT-Authenticator,10,631,0.00375,0.040916,1.7,3.63825,5.388708,3405.388708
poia_zt_authenticator,PoIA with ZT-Authenticator,10,632,0.003666,0.03475,1.764875,2.723667,4.533125,3404.533125
poia_zt_authenticator,PoIA with ZT-Authenticator,10,633,0.00375,0.041417,1.814834,2.99325,4.859333,3404.859333
poia_zt_authenticator,PoIA with ZT-Authenticator,10,634,0.003917,0.073958,3.000625,0.229166,3.313333,3403.313333
poia_zt_authenticator,PoIA with ZT-Authenticator,10,635,0.003875,0.046209,1.682666,4.654375,6.392708,3406.392708
poia_zt_authenticator,PoIA with ZT-Authenticator,10,636,0.004834,0.212958,2.699417,0.2115,3.136333,3403.136333
poia_zt_authenticator,PoIA with ZT-Authenticator,10,637,0.0075,0.05275,2.493792,0.284,2.843417,3402.843417
poia_zt_authenticator,PoIA with ZT-Authenticator,10,638,0.006458,0.085875,0.368625,1.736209,2.203625,3402.203625
poia_zt_authenticator,PoIA with ZT-Authenticator,10,639,0.004834,0.093,1.6085,0.210625,1.921833,3401.921833
poia_zt_authenticator,PoIA with ZT-Authenticator,10,640,0.003292,0.042625,1.301709,0.223625,1.5755,3401.5755
poia_zt_authenticator,PoIA with ZT-Authenticator,10,641,0.003958,0.033833,2.082958,3.711667,5.838833,3405.838833
poia_zt_authenticator,PoIA with ZT-Authenticator,10,642,0.003333,0.033125,0.156667,0.220417,0.418167,3400.418167
poia_zt_authenticator,PoIA with ZT-Authenticator,10,643,0.004042,0.049167,5.949167,0.23775,6.245416,3406.245416
poia_zt_authenticator,PoIA with ZT-Authenticator,10,644,0.003667,0.034167,2.645125,3.027875,5.716167,3405.716167
poia_zt_authenticator,PoIA with ZT-Authenticator,10,645,0.003209,0.027958,1.554125,0.225708,1.814958,3401.814958
poia_zt_authenticator,PoIA with ZT-Authenticator,10,646,0.003583,0.035792,1.5105,1.685667,3.244583,3403.244583
poia_zt_authenticator,PoIA with ZT-Authenticator,10,647,0.003542,0.055959,2.917291,0.204958,3.186833,3403.186833
poia_zt_authenticator,PoIA with ZT-Authenticator,10,648,0.003417,0.051833,1.638208,1.448625,3.14725,3403.14725
poia_zt_authenticator,PoIA with ZT-Authenticator,10,649,0.003208,0.034417,1.4125,0.312667,1.771125,3401.771125
poia_zt_authenticator,PoIA with ZT-Authenticator,10,650,0.003167,0.029583,2.847542,0.187625,3.071,3403.071
poia_zt_authenticator,PoIA with ZT-Authenticator,10,651,0.002917,0.032959,2.8615,1.390542,4.292625,3404.292625
poia_zt_authenticator,PoIA with ZT-Authenticator,10,652,0.003042,0.028709,1.359959,0.212417,1.608208,3401.608208
poia_zt_authenticator,PoIA with ZT-Authenticator,10,653,0.003709,0.040292,2.473084,0.220042,2.74125,3402.74125
poia_zt_authenticator,PoIA with ZT-Authenticator,10,654,0.003833,0.043458,7.429209,2.618958,10.101,3410.101
poia_zt_authenticator,PoIA with ZT-Authenticator,10,655,0.002791,0.02775,1.233083,1.382125,2.650625,3402.650625
poia_zt_authenticator,PoIA with ZT-Authenticator,10,656,0.0035,0.048333,1.375,1.395875,2.827583,3402.827583
poia_zt_authenticator,PoIA with ZT-Authenticator,10,657,0.003125,0.034125,2.4745,1.504542,4.021166,3404.021166
poia_zt_authenticator,PoIA with ZT-Authenticator,10,658,0.003791,0.034959,1.453709,0.206125,1.70275,3401.70275
poia_zt_authenticator,PoIA with ZT-Authenticator,10,659,0.002834,0.035584,2.522,0.208125,2.772584,3402.772584
poia_zt_authenticator,PoIA with ZT-Authenticator,10,660,0.002959,0.028125,1.460625,0.208042,1.703625,3401.703625
poia_zt_authenticator,PoIA with ZT-Authenticator,10,661,0.003333,0.034458,1.426167,0.2105,1.678416,3401.678416
poia_zt_authenticator,PoIA with ZT-Authenticator,10,662,0.002916,0.027791,0.120625,0.203625,0.358917,3400.358917
poia_zt_authenticator,PoIA with ZT-Authenticator,10,663,0.005625,0.038292,1.346084,2.489625,3.886709,3403.886709
poia_zt_authenticator,PoIA with ZT-Authenticator,10,664,0.003167,0.034291,2.492708,0.304125,2.838709,3402.838709
poia_zt_authenticator,PoIA with ZT-Authenticator,10,665,0.003167,0.034916,1.236209,1.481666,2.760875,3402.760875
poia_zt_authenticator,PoIA with ZT-Authenticator,10,666,0.003042,0.029792,4.648833,0.34325,5.029875,3405.029875
poia_zt_authenticator,PoIA with ZT-Authenticator,10,667,0.003209,0.02825,2.552208,1.417875,4.006458,3404.006458
poia_zt_authenticator,PoIA with ZT-Authenticator,10,668,0.003208,0.028667,1.289583,1.447875,2.774,3402.774
poia_zt_authenticator,PoIA with ZT-Authenticator,10,669,0.003,0.036041,1.306292,1.461208,2.811375,3402.811375
poia_zt_authenticator,PoIA with ZT-Authenticator,10,670,0.002792,0.028125,2.642166,0.235875,2.912959,3402.912959
poia_zt_authenticator,PoIA with ZT-Authenticator,10,671,0.00325,0.036125,2.632083,1.54625,4.222416,3404.222416
poia_zt_authenticator,PoIA with ZT-Authenticator,10,672,0.004417,0.034875,2.691209,0.226041,2.962,3402.962
poia_zt_authenticator,PoIA with ZT-Authenticator,10,673,0.002959,0.033667,1.351666,0.208042,1.600125,3401.600125
poia_zt_authenticator,PoIA with ZT-Authenticator,10,674,0.003625,0.047125,1.520417,1.305375,2.880834,3402.880834
poia_zt_authenticator,PoIA with ZT-Authenticator,10,675,0.003459,0.058959,1.427041,1.245167,2.740291,3402.740291
poia_zt_authenticator,PoIA with ZT-Authenticator,10,676,0.003292,0.034125,1.38575,1.38025,2.808083,3402.808083
poia_zt_authenticator,PoIA with ZT-Authenticator,10,677,0.00325,0.034459,1.303791,1.418541,2.764709,3402.764709
poia_zt_authenticator,PoIA with ZT-Authenticator,10,678,0.003167,0.0575,1.245417,1.407292,2.719542,3402.719542
poia_zt_authenticator,PoIA with ZT-Authenticator,10,679,0.003208,0.035709,1.193166,1.473,2.709917,3402.709917
poia_zt_authenticator,PoIA with ZT-Authenticator,10,680,0.002834,0.034083,2.39725,1.566584,4.006041,3404.006041
poia_zt_authenticator,PoIA with ZT-Authenticator,10,681,0.003083,0.034667,1.347375,1.702916,3.09325,3403.09325
poia_zt_authenticator,PoIA with ZT-Authenticator,10,682,0.003208,0.033666,3.666583,3.694625,7.403167,3407.403167
poia_zt_authenticator,PoIA with ZT-Authenticator,10,683,0.003167,0.035167,1.39,4.274875,5.709667,3405.709667
poia_zt_authenticator,PoIA with ZT-Authenticator,10,684,0.002875,0.028333,1.373875,4.593208,6.003334,3406.003334
poia_zt_authenticator,PoIA with ZT-Authenticator,10,685,0.003417,0.042,4.77175,0.542,5.365333,3405.365333
poia_zt_authenticator,PoIA with ZT-Authenticator,10,686,1.152917,0.429583,0.276667,3.450792,5.327958,3405.327958
poia_zt_authenticator,PoIA with ZT-Authenticator,10,687,0.003042,0.033959,4.1445,2.814458,7.001667,3407.001667
poia_zt_authenticator,PoIA with ZT-Authenticator,10,688,0.005834,0.04275,2.727625,0.322917,3.105542,3403.105542
poia_zt_authenticator,PoIA with ZT-Authenticator,10,689,0.003209,0.033084,1.765833,6.588208,8.396125,3408.396125
poia_zt_authenticator,PoIA with ZT-Authenticator,10,690,0.011042,0.048833,4.942458,2.171583,7.180334,3407.180334
poia_zt_authenticator,PoIA with ZT-Authenticator,10,691,0.004458,0.171792,0.216625,1.957083,2.359125,3402.359125
poia_zt_authenticator,PoIA with ZT-Authenticator,10,692,0.004083,0.04325,0.121208,0.339042,0.511667,3400.511667
poia_zt_authenticator,PoIA with ZT-Authenticator,10,693,0.011166,0.127583,3.0085,1.781917,4.938709,3404.938709
poia_zt_authenticator,PoIA with ZT-Authenticator,10,694,0.003417,0.03525,4.781667,3.718541,8.544667,3408.544667
poia_zt_authenticator,PoIA with ZT-Authenticator,10,695,0.004416,0.111667,2.431125,1.7435,4.2975,3404.2975
poia_zt_authenticator,PoIA with ZT-Authenticator,10,696,0.0045,0.061083,1.705834,0.247792,2.024458,3402.024458
poia_zt_authenticator,PoIA with ZT-Authenticator,10,697,0.003375,0.035416,1.612292,0.281792,1.938,3401.938
poia_zt_authenticator,PoIA with ZT-Authenticator,10,698,0.004625,0.051166,1.709459,1.666416,3.438166,3403.438166
poia_zt_authenticator,PoIA with ZT-Authenticator,10,699,0.003125,0.034208,9.919125,1.747791,11.709917,3411.709917
poia_zt_authenticator,PoIA with ZT-Authenticator,10,700,0.004083,0.070125,1.605208,1.60925,3.295125,3403.295125
poia_zt_authenticator,PoIA with ZT-Authenticator,10,701,0.004834,0.044208,1.717167,2.992791,4.765583,3404.765583
poia_zt_authenticator,PoIA with ZT-Authenticator,10,702,0.004041,0.0475,1.584167,1.704916,3.3465,3403.3465
poia_zt_authenticator,PoIA with ZT-Authenticator,10,703,0.003584,0.042084,1.632625,1.666375,3.350375,3403.350375
poia_zt_authenticator,PoIA with ZT-Authenticator,10,704,0.003083,0.036625,1.623292,1.68375,3.35225,3403.35225
poia_zt_authenticator,PoIA with ZT-Authenticator,10,705,0.00475,0.043375,1.629709,0.247459,1.930375,3401.930375
poia_zt_authenticator,PoIA with ZT-Authenticator,10,706,0.003583,0.033833,3.019792,0.251167,3.313125,3403.313125
poia_zt_authenticator,PoIA with ZT-Authenticator,10,707,0.004,0.042375,1.706875,0.249041,2.006917,3402.006917
poia_zt_authenticator,PoIA with ZT-Authenticator,10,708,0.003375,0.085292,1.64175,1.626041,3.362667,3403.362667
poia_zt_authenticator,PoIA with ZT-Authenticator,10,709,0.004333,0.104542,1.534041,0.247334,1.89625,3401.89625
poia_zt_authenticator,PoIA with ZT-Authenticator,10,710,0.004167,0.042541,1.504458,0.268291,1.824375,3401.824375
poia_zt_authenticator,PoIA with ZT-Authenticator,10,711,0.003583,0.033875,1.531834,0.305084,1.880041,3401.880041
poia_zt_authenticator,PoIA with ZT-Authenticator,10,712,0.004,0.043833,3.014,0.286042,3.353583,3403.353583
poia_zt_authenticator,PoIA with ZT-Authenticator,10,713,0.004708,0.062291,4.521,4.648292,9.242375,3409.242375
poia_zt_authenticator,PoIA with ZT-Authenticator,10,714,0.004208,0.074458,1.734417,3.156208,4.97575,3404.97575
poia_zt_authenticator,PoIA with ZT-Authenticator,10,715,0.004208,0.03825,1.781125,0.339041,2.167917,3402.167917
poia_zt_authenticator,PoIA with ZT-Authenticator,10,716,0.003625,0.042667,1.662708,3.419584,5.13425,3405.13425
poia_zt_authenticator,PoIA with ZT-Authenticator,10,717,0.002917,0.0335,1.541917,2.038542,3.622584,3403.622584
poia_zt_authenticator,PoIA with ZT-Authenticator,10,718,0.003583,0.04575,1.730833,1.947625,3.733541,3403.733541
poia_zt_authenticator,PoIA with ZT-Authenticator,10,719,0.003042,0.033625,1.806625,1.84175,3.719708,3403.719708
poia_zt_authenticator,PoIA with ZT-Authenticator,10,720,0.003542,0.033333,1.567792,3.521292,5.131792,3405.131792
poia_zt_authenticator,PoIA with ZT-Authenticator,10,721,0.00425,0.049,1.8055,2.872958,4.738333,3404.738333
poia_zt_authenticator,PoIA with ZT-Authenticator,10,722,0.003833,0.050208,1.702916,3.139709,4.902958,3404.902958
poia_zt_authenticator,PoIA with ZT-Authenticator,10,723,0.004167,0.061375,3.20725,0.473958,3.753084,3403.753084
poia_zt_authenticator,PoIA with ZT-Authenticator,10,724,0.00425,0.047958,1.843958,3.447916,5.349625,3405.349625
poia_zt_authenticator,PoIA with ZT-Authenticator,10,725,0.00475,0.126542,3.432875,0.266542,3.836333,3403.836333
poia_zt_authenticator,PoIA with ZT-Authenticator,10,726,0.004167,0.036458,2.646666,2.779167,5.4725,3405.4725
poia_zt_authenticator,PoIA with ZT-Authenticator,10,727,0.003792,0.043333,3.0735,2.380667,5.523875,3405.523875
poia_zt_authenticator,PoIA with ZT-Authenticator,10,728,0.00825,0.097209,2.518958,0.304167,2.934333,3402.934333
poia_zt_authenticator,PoIA with ZT-Authenticator,10,729,0.003833,0.04125,3.119875,2.389791,5.606083,3405.606083
poia_zt_authenticator,PoIA with ZT-Authenticator,10,730,0.003792,0.041375,2.351375,0.274084,2.675875,3402.675875
poia_zt_authenticator,PoIA with ZT-Authenticator,10,731,0.003917,0.043792,5.216667,2.400667,7.6705,3407.6705
poia_zt_authenticator,PoIA with ZT-Authenticator,10,732,0.004042,0.050417,2.350542,0.313875,2.724833,3402.724833
poia_zt_authenticator,PoIA with ZT-Authenticator,10,733,0.004042,0.117083,0.235709,2.134417,2.501375,3402.501375
poia_zt_authenticator,PoIA with ZT-Authenticator,10,734,0.144125,0.167583,0.215791,6.762583,7.320375,3407.320375
poia_zt_authenticator,PoIA with ZT-Authenticator,10,735,0.005292,0.111292,2.117042,0.282417,2.524166,3402.524166
poia_zt_authenticator,PoIA with ZT-Authenticator,10,736,0.005625,0.1175,1.981416,0.279333,2.390833,3402.390833
poia_zt_authenticator,PoIA with ZT-Authenticator,10,737,0.005041,0.045959,1.886667,0.319375,2.263458,3402.263458
poia_zt_authenticator,PoIA with ZT-Authenticator,10,738,0.003958,0.041875,2.129958,2.040667,4.222167,3404.222167
poia_zt_authenticator,PoIA with ZT-Authenticator,10,739,0.003833,0.04175,1.682541,0.369958,2.104083,3402.104083
poia_zt_authenticator,PoIA with ZT-Authenticator,10,740,0.004292,0.079042,2.25725,3.657292,6.004208,3406.004208
poia_zt_authenticator,PoIA with ZT-Authenticator,10,741,0.005208,0.079375,1.768375,0.317375,2.176792,3402.176792
poia_zt_authenticator,PoIA with ZT-Authenticator,10,742,0.004125,0.035125,2.427833,3.443,5.916125,3405.916125
poia_zt_authenticator,PoIA with ZT-Authenticator,10,743,0.003792,0.0425,1.782333,0.285875,2.120125,3402.120125
poia_zt_authenticator,PoIA with ZT-Authenticator,10,744,0.00375,0.035417,1.500833,0.346292,1.892125,3401.892125
poia_zt_authenticator,PoIA with ZT-Authenticator,10,745,0.003792,0.035791,1.793417,1.7055,3.544292,3403.544292
poia_zt_authenticator,PoIA with ZT-Authenticator,10,746,0.003792,0.048167,1.755917,1.728584,3.542417,3403.542417
poia_zt_authenticator,PoIA with ZT-Authenticator,10,747,0.005083,0.078792,1.681125,1.65975,3.431958,3403.431958
poia_zt_authenticator,PoIA with ZT-Authenticator,10,748,0.004625,0.04225,3.063584,1.736209,4.852875,3404.852875
poia_zt_authenticator,PoIA with ZT-Authenticator,10,749,0.004209,0.041125,0.134291,0.323292,0.507833,3400.507833
poia_zt_authenticator,PoIA with ZT-Authenticator,10,750,0.004917,0.073,8.843542,2.065834,10.993708,3410.993708
poia_zt_authenticator,PoIA with ZT-Authenticator,10,751,0.003875,0.058959,1.677375,0.313125,2.059416,3402.059416
poia_zt_authenticator,PoIA with ZT-Authenticator,10,752,0.004125,0.046041,1.787917,0.248708,2.091917,3402.091917
poia_zt_authenticator,PoIA with ZT-Authenticator,10,753,0.004167,0.041167,1.75425,0.2495,2.073708,3402.073708
poia_zt_authenticator,PoIA with ZT-Authenticator,10,754,0.004167,0.04125,3.088708,1.681709,4.821583,3404.821583
poia_zt_authenticator,PoIA with ZT-Authenticator,10,755,0.003667,0.044042,1.678375,3.199333,4.931125,3404.931125
poia_zt_authenticator,PoIA with ZT-Authenticator,10,756,0.003958,0.059542,1.59375,4.714292,6.377542,3406.377542
poia_zt_authenticator,PoIA with ZT-Authenticator,10,757,0.004041,0.04225,1.646166,0.28925,1.986708,3401.986708
poia_zt_authenticator,PoIA with ZT-Authenticator,10,758,0.004208,0.063375,1.530583,4.786625,6.390917,3406.390917
poia_zt_authenticator,PoIA with ZT-Authenticator,10,759,0.003834,0.04025,1.707083,1.742042,3.499083,3403.499083
poia_zt_authenticator,PoIA with ZT-Authenticator,10,760,0.004334,0.043458,1.658292,1.993291,3.705584,3403.705584
poia_zt_authenticator,PoIA with ZT-Authenticator,10,761,0.004209,0.057417,1.663792,3.029625,4.763917,3404.763917
poia_zt_authenticator,PoIA with ZT-Authenticator,10,762,0.003833,0.04325,4.80075,0.31175,5.164625,3405.164625
poia_zt_authenticator,PoIA with ZT-Authenticator,10,763,0.004125,0.042917,3.569542,0.237959,3.859042,3403.859042
poia_zt_authenticator,PoIA with ZT-Authenticator,10,764,0.003875,0.034083,1.749542,3.559958,5.352708,3405.352708
poia_zt_authenticator,PoIA with ZT-Authenticator,10,765,0.003875,0.045541,1.554958,3.505583,5.1155,3405.1155
poia_zt_authenticator,PoIA with ZT-Authenticator,10,766,0.005166,0.045084,2.3145,2.813542,5.184958,3405.184958
poia_zt_authenticator,PoIA with ZT-Authenticator,10,767,0.062333,0.170625,1.751875,0.247,2.239917,3402.239917
poia_zt_authenticator,PoIA with ZT-Authenticator,10,768,0.003834,0.041375,5.2885,0.404,5.743833,3405.743833
poia_zt_authenticator,PoIA with ZT-Authenticator,10,769,0.003833,0.076917,3.5,2.1655,5.75275,3405.75275
poia_zt_authenticator,PoIA with ZT-Authenticator,10,770,0.004416,0.044416,3.438292,2.106875,5.599333,3405.599333
poia_zt_authenticator,PoIA with ZT-Authenticator,10,771,0.003584,0.080459,2.100625,0.242041,2.433167,3402.433167
poia_zt_authenticator,PoIA with ZT-Authenticator,10,772,0.003833,0.031,3.223334,0.20825,3.470541,3403.470541
poia_zt_authenticator,PoIA with ZT-Authenticator,10,773,0.003542,0.02875,1.994959,1.712333,3.744458,3403.744458
poia_zt_authenticator,PoIA with ZT-Authenticator,10,774,0.003834,0.033875,1.419458,0.324375,1.787083,3401.787083
poia_zt_authenticator,PoIA with ZT-Authenticator,10,775,0.003958,0.068834,4.931042,3.395625,8.405209,3408.405209
poia_zt_authenticator,PoIA with ZT-Authenticator,10,776,0.013083,0.161583,1.847,1.494541,3.525458,3403.525458
poia_zt_authenticator,PoIA with ZT-Authenticator,10,777,0.003375,0.036875,3.377208,1.529084,4.951458,3404.951458
poia_zt_authenticator,PoIA with ZT-Authenticator,10,778,0.00475,0.036959,1.4895,1.49825,3.034792,3403.034792
poia_zt_authenticator,PoIA with ZT-Authenticator,10,779,0.003708,0.035208,3.322875,1.492541,4.859,3404.859
poia_zt_authenticator,PoIA with ZT-Authenticator,10,780,0.004208,0.055916,1.509625,1.485083,3.059459,3403.059459
poia_zt_authenticator,PoIA with ZT-Authenticator,10,781,0.00325,0.033375,1.481208,0.22625,1.748041,3401.748041
poia_zt_authenticator,PoIA with ZT-Authenticator,10,782,0.00325,0.028,1.467125,1.482167,2.985417,3402.985417
poia_zt_authenticator,PoIA with ZT-Authenticator,10,783,0.004583,0.038083,1.45475,1.473208,2.976041,3402.976041
poia_zt_authenticator,PoIA with ZT-Authenticator,10,784,0.00325,0.04875,1.428583,0.2425,1.728458,3401.728458
poia_zt_authenticator,PoIA with ZT-Authenticator,10,785,0.003583,0.036166,2.709792,1.543583,4.301167,3404.301167
poia_zt_authenticator,PoIA with ZT-Authenticator,10,786,0.003542,0.052,1.466375,0.203209,1.72925,3401.72925
poia_zt_authenticator,PoIA with ZT-Authenticator,10,787,0.003584,0.044416,2.6535,0.207709,2.934292,3402.934292
poia_zt_authenticator,PoIA with ZT-Authenticator,10,788,0.003209,0.049583,1.476875,1.42375,2.958125,3402.958125
poia_zt_authenticator,PoIA with ZT-Authenticator,10,789,0.003292,0.035,1.497375,0.259042,1.8,3401.8
poia_zt_authenticator,PoIA with ZT-Authenticator,10,790,0.003375,0.027916,2.714459,0.229292,2.978917,3402.978917
poia_zt_authenticator,PoIA with ZT-Authenticator,10,791,0.002875,0.027292,1.492625,0.221375,1.748167,3401.748167
poia_zt_authenticator,PoIA with ZT-Authenticator,10,792,0.003166,0.06425,1.395333,1.51875,2.987208,3402.987208
poia_zt_authenticator,PoIA with ZT-Authenticator,10,793,0.003,0.034875,2.745334,1.425917,4.222333,3404.222333
poia_zt_authenticator,PoIA with ZT-Authenticator,10,794,0.003333,0.036,1.511333,1.425708,2.98125,3402.98125
poia_zt_authenticator,PoIA with ZT-Authenticator,10,795,0.003208,0.033959,0.193583,0.226042,0.461292,3400.461292
poia_zt_authenticator,PoIA with ZT-Authenticator,10,796,0.003167,0.04125,2.618667,0.208667,2.875625,3402.875625
poia_zt_authenticator,PoIA with ZT-Authenticator,10,797,0.003167,0.028,1.338708,0.205291,1.579292,3401.579292
poia_zt_authenticator,PoIA with ZT-Authenticator,10,798,0.00325,0.035125,2.602792,1.41875,4.064709,3404.064709
poia_zt_authenticator,PoIA with ZT-Authenticator,10,799,0.0025,0.028958,1.380833,0.238458,1.65475,3401.65475
poia_zt_authenticator,PoIA with ZT-Authenticator,10,800,0.004667,0.039916,1.371542,1.393125,2.814791,3402.814791
poia_zt_authenticator,PoIA with ZT-Authenticator,10,801,0.002792,0.028375,2.557209,0.204333,2.796459,3402.796459
poia_zt_authenticator,PoIA with ZT-Authenticator,10,802,0.002792,0.027583,1.405958,0.222667,1.662958,3401.662958
poia_zt_authenticator,PoIA with ZT-Authenticator,10,803,0.003459,0.065834,1.26875,1.465666,2.809,3402.809
poia_zt_authenticator,PoIA with ZT-Authenticator,10,804,0.002541,0.030833,2.700584,3.701,6.469208,3406.469208
poia_zt_authenticator,PoIA with ZT-Authenticator,10,805,0.003083,0.033958,1.39925,0.237458,1.677875,3401.677875
poia_zt_authenticator,PoIA with ZT-Authenticator,10,806,0.003167,0.071,1.489584,3.8115,5.381167,3405.381167
poia_zt_authenticator,PoIA with ZT-Authenticator,10,807,0.002959,0.027834,1.474667,1.820209,3.33075,3403.33075
poia_zt_authenticator,PoIA with ZT-Authenticator,10,808,0.00275,0.028709,1.387042,2.32125,3.7465,3403.7465
poia_zt_authenticator,PoIA with ZT-Authenticator,10,809,0.003083,0.033541,2.246833,0.530375,2.819875,3402.819875
poia_zt_authenticator,PoIA with ZT-Authenticator,10,810,0.002834,0.02825,1.558041,2.945041,4.539708,3404.539708
poia_zt_authenticator,PoIA with ZT-Authenticator,10,811,0.003459,0.028833,1.5575,3.172834,4.768291,3404.768291
poia_zt_authenticator,PoIA with ZT-Authenticator,10,812,0.004042,0.255958,0.238333,2.776083,3.283125,3403.283125
poia_zt_authenticator,PoIA with ZT-Authenticator,10,813,0.002875,0.05875,5.8155,0.37525,6.258708,3406.258708
poia_zt_authenticator,PoIA with ZT-Authenticator,10,814,0.002833,0.0285,2.575834,5.137792,7.750333,3407.750333
poia_zt_authenticator,PoIA with ZT-Authenticator,10,815,0.0575,0.052083,0.173375,2.741458,3.032583,3403.032583
poia_zt_authenticator,PoIA with ZT-Authenticator,10,816,0.004084,0.041958,2.837125,2.522917,5.412292,3405.412292
poia_zt_authenticator,PoIA with ZT-Authenticator,10,817,0.003708,0.034167,1.577417,5.563375,7.185042,3407.185042
poia_zt_authenticator,PoIA with ZT-Authenticator,10,818,0.043417,0.048334,0.183334,2.614916,2.898333,3402.898333
poia_zt_authenticator,PoIA with ZT-Authenticator,10,819,0.00575,0.055334,4.864708,0.333125,5.264917,3405.264917
poia_zt_authenticator,PoIA with ZT-Authenticator,10,820,0.005417,0.042625,2.634458,0.356666,3.046083,3403.046083
poia_zt_authenticator,PoIA with ZT-Authenticator,10,821,0.004625,0.064208,0.165041,2.450958,2.689959,3402.689959
poia_zt_authenticator,PoIA with ZT-Authenticator,10,822,0.006875,0.068584,2.565583,2.383,5.031,3405.031
poia_zt_authenticator,PoIA with ZT-Authenticator,10,823,0.006583,0.10475,2.269583,0.303291,2.69075,3402.69075
poia_zt_authenticator,PoIA with ZT-Authenticator,10,824,0.005,0.09375,2.143625,0.504625,2.753917,3402.753917
poia_zt_authenticator,PoIA with ZT-Authenticator,10,825,0.003791,0.124167,2.434333,0.553375,3.124875,3403.124875
poia_zt_authenticator,PoIA with ZT-Authenticator,10,826,0.003375,0.062958,2.690333,0.483917,3.246916,3403.246916
poia_zt_authenticator,PoIA with ZT-Authenticator,10,827,0.004167,0.046583,2.498167,2.857625,5.41275,3405.41275
poia_zt_authenticator,PoIA with ZT-Authenticator,10,828,0.004417,0.055292,2.537125,3.172042,5.774625,3405.774625
poia_zt_authenticator,PoIA with ZT-Authenticator,10,829,0.003792,0.123708,2.896458,0.380916,3.430917,3403.430917
poia_zt_authenticator,PoIA with ZT-Authenticator,10,830,0.003709,0.042667,5.135584,7.182541,12.3705,3412.3705
poia_zt_authenticator,PoIA with ZT-Authenticator,10,831,0.006208,0.06725,7.073042,1.880333,9.032917,3409.032917
poia_zt_authenticator,PoIA with ZT-Authenticator,10,832,0.0045,0.2355,2.610708,1.706333,4.564541,3404.564541
poia_zt_authenticator,PoIA with ZT-Authenticator,10,833,0.00425,0.105709,4.57075,1.68075,6.368792,3406.368792
poia_zt_authenticator,PoIA with ZT-Authenticator,10,834,0.00575,0.089625,2.110667,1.689167,3.903167,3403.903167
poia_zt_authenticator,PoIA with ZT-Authenticator,10,835,0.003791,0.041167,2.08825,1.659334,3.839833,3403.839833
poia_zt_authenticator,PoIA with ZT-Authenticator,10,836,0.003708,0.03975,1.966834,1.833209,3.849125,3403.849125
poia_zt_authenticator,PoIA with ZT-Authenticator,10,837,0.004708,0.041167,1.877,1.890459,3.819791,3403.819791
poia_zt_authenticator,PoIA with ZT-Authenticator,10,838,0.004334,0.035666,4.235916,1.967333,6.249291,3406.249291
poia_zt_authenticator,PoIA with ZT-Authenticator,10,839,0.003541,0.041083,1.548875,2.140542,3.739917,3403.739917
poia_zt_authenticator,PoIA with ZT-Authenticator,10,840,0.003583,0.040083,1.6965,2.254959,4.001167,3404.001167
poia_zt_authenticator,PoIA with ZT-Authenticator,10,841,0.003667,0.041875,1.844959,0.268375,2.163833,3402.163833
poia_zt_authenticator,PoIA with ZT-Authenticator,10,842,0.005166,0.049542,1.786208,0.362791,2.209917,3402.209917
poia_zt_authenticator,PoIA with ZT-Authenticator,10,843,0.005083,0.042584,2.126958,1.739,3.9195,3403.9195
poia_zt_authenticator,PoIA with ZT-Authenticator,10,844,0.004417,0.042709,2.157542,1.818291,4.02925,3404.02925
poia_zt_authenticator,PoIA with ZT-Authenticator,10,845,0.003958,0.043625,2.080125,2.193542,4.327125,3404.327125
poia_zt_authenticator,PoIA with ZT-Authenticator,10,846,0.004333,0.038166,2.754542,0.349083,3.152125,3403.152125
poia_zt_authenticator,PoIA with ZT-Authenticator,10,847,0.004458,0.049417,4.436625,0.35175,4.850666,3404.850666
poia_zt_authenticator,PoIA with ZT-Authenticator,10,848,0.004333,0.075791,2.206125,4.70775,7.000083,3407.000083
poia_zt_authenticator,PoIA with ZT-Authenticator,10,849,0.003958,0.042334,1.571,3.532583,5.15975,3405.15975
poia_zt_authenticator,PoIA with ZT-Authenticator,10,850,0.004542,0.044584,0.282334,3.618125,3.955666,3403.955666
poia_zt_authenticator,PoIA with ZT-Authenticator,10,851,0.005709,0.062416,1.991458,5.307542,7.373375,3407.373375
poia_zt_authenticator,PoIA with ZT-Authenticator,10,852,0.007792,0.134958,0.239625,3.038792,3.427416,3403.427416
poia_zt_authenticator,PoIA with ZT-Authenticator,10,853,0.003958,0.041875,4.074458,2.945917,7.18325,3407.18325
poia_zt_authenticator,PoIA with ZT-Authenticator,10,854,0.005959,0.044291,2.925916,0.257458,3.239125,3403.239125
poia_zt_authenticator,PoIA with ZT-Authenticator,10,855,0.007416,0.216958,2.684208,0.274208,3.189209,3403.189209
poia_zt_authenticator,PoIA with ZT-Authenticator,10,856,0.004208,0.258625,3.185958,2.332208,5.790125,3405.790125
poia_zt_authenticator,PoIA with ZT-Authenticator,10,857,0.004291,0.044834,2.30575,0.268959,2.629167,3402.629167
poia_zt_authenticator,PoIA with ZT-Authenticator,10,858,0.004625,0.0445,5.691542,1.5695,7.3185,3407.3185
poia_zt_authenticator,PoIA with ZT-Authenticator,10,859,0.004916,0.036,1.74675,0.315,2.108917,3402.108917
poia_zt_authenticator,PoIA with ZT-Authenticator,10,860,0.005625,0.041542,3.833208,0.258625,4.14475,3404.14475
poia_zt_authenticator,PoIA with ZT-Authenticator,10,861,0.003958,0.0345,0.118083,1.989583,2.150833,3402.150833
poia_zt_authenticator,PoIA with ZT-Authenticator,10,862,0.003292,0.156292,1.8065,2.089959,4.064208,3404.064208
poia_zt_authenticator,PoIA with ZT-Authenticator,10,863,0.005667,0.050792,4.08725,1.756209,5.906333,3405.906333
poia_zt_authenticator,PoIA with ZT-Authenticator,10,864,0.006,0.071833,1.855167,0.290916,2.2305,3402.2305
poia_zt_authenticator,PoIA with ZT-Authenticator,10,865,0.004125,0.058958,1.597667,0.322375,1.990167,3401.990167
poia_zt_authenticator,PoIA with ZT-Authenticator,10,866,0.00425,0.043666,1.943958,1.964292,3.961875,3403.961875
poia_zt_authenticator,PoIA with ZT-Authenticator,10,867,0.004208,0.041834,1.69075,0.265041,2.006916,3402.006916
poia_zt_authenticator,PoIA with ZT-Authenticator,10,868,0.004084,0.042083,1.474458,0.33925,1.865542,3401.865542
poia_zt_authenticator,PoIA with ZT-Authenticator,10,869,0.00375,0.034209,0.159834,1.762542,1.966,3401.966
poia_zt_authenticator,PoIA with ZT-Authenticator,10,870,0.004292,0.044959,5.252291,1.910875,7.218791,3407.218791
poia_zt_authenticator,PoIA with ZT-Authenticator,10,871,0.004292,0.05875,1.759625,1.780417,3.611542,3403.611542
poia_zt_authenticator,PoIA with ZT-Authenticator,10,872,0.004416,0.12,4.155542,5.045167,9.331791,3409.331791
poia_zt_authenticator,PoIA with ZT-Authenticator,10,873,0.006959,0.049167,2.114167,0.253708,2.429667,3402.429667
poia_zt_authenticator,PoIA with ZT-Authenticator,10,874,0.003833,0.076708,2.025583,0.26075,2.372584,3402.372584
poia_zt_authenticator,PoIA with ZT-Authenticator,10,875,0.00525,0.043292,1.752209,2.247958,4.055417,3404.055417
poia_zt_authenticator,PoIA with ZT-Authenticator,10,876,0.004042,0.042417,1.720584,2.32525,4.097916,3404.097916
poia_zt_authenticator,PoIA with ZT-Authenticator,10,877,0.003875,0.061959,6.660083,2.036666,8.769125,3408.769125
poia_zt_authenticator,PoIA with ZT-Authenticator,10,878,0.003916,0.0335,2.24825,1.904875,4.196292,3404.196292
poia_zt_authenticator,PoIA with ZT-Authenticator,10,879,0.004417,0.043042,1.987042,0.309334,2.348792,3402.348792
poia_zt_authenticator,PoIA with ZT-Authenticator,10,880,0.004416,0.04475,2.086667,1.814375,3.998541,3403.998541
poia_zt_authenticator,PoIA with ZT-Authenticator,10,881,0.00425,0.075959,1.661583,0.530958,2.2985,3402.2985
poia_zt_authenticator,PoIA with ZT-Authenticator,10,882,0.003416,0.03475,2.999875,5.527834,8.57125,3408.57125
poia_zt_authenticator,PoIA with ZT-Authenticator,10,883,0.004042,0.035,1.895959,2.993125,4.934125,3404.934125
poia_zt_authenticator,PoIA with ZT-Authenticator,10,884,0.007125,0.047875,0.385542,0.318208,0.766334,3400.766334
poia_zt_authenticator,PoIA with ZT-Authenticator,10,885,0.004125,0.042625,3.373084,0.348125,3.7745,3403.7745
poia_zt_authenticator,PoIA with ZT-Authenticator,10,886,0.007541,0.081708,0.155916,3.112833,3.362917,3403.362917
poia_zt_authenticator,PoIA with ZT-Authenticator,10,887,0.00375,0.035209,2.979292,2.088875,5.114333,3405.114333
poia_zt_authenticator,PoIA with ZT-Authenticator,10,888,0.006541,0.354417,0.219334,2.773333,3.361167,3403.361167
poia_zt_authenticator,PoIA with ZT-Authenticator,10,889,0.006209,0.0465,1.828583,5.350833,7.239458,3407.239458
poia_zt_authenticator,PoIA with ZT-Authenticator,10,890,0.007625,0.28375,1.981459,6.772541,9.052709,3409.052709
poia_zt_authenticator,PoIA with ZT-Authenticator,10,891,0.004916,0.043208,1.624417,5.66925,7.347666,3407.347666
poia_zt_authenticator,PoIA with ZT-Authenticator,10,892,0.004333,0.041792,2.156333,0.290417,2.514125,3402.514125
poia_zt_authenticator,PoIA with ZT-Authenticator,10,893,0.004,0.042584,4.968917,2.321417,7.343625,3407.343625
poia_zt_authenticator,PoIA with ZT-Authenticator,10,894,0.003834,0.040625,5.076792,2.256459,7.383583,3407.383583
poia_zt_authenticator,PoIA with ZT-Authenticator,10,895,0.003583,0.034709,2.07075,0.271542,2.444625,3402.444625
poia_zt_authenticator,PoIA with ZT-Authenticator,10,896,0.004375,0.04125,2.289459,2.024959,4.366167,3404.366167
poia_zt_authenticator,PoIA with ZT-Authenticator,10,897,0.004,0.044875,2.159792,2.043375,4.304541,3404.304541
poia_zt_authenticator,PoIA with ZT-Authenticator,10,898,0.005334,0.046542,1.931375,2.071458,4.063834,3404.063834
poia_zt_authenticator,PoIA with ZT-Authenticator,10,899,0.003959,0.041792,2.023083,1.928,4.002917,3404.002917
poia_zt_authenticator,PoIA with ZT-Authenticator,10,900,0.004459,0.065042,4.034292,1.846166,5.956375,3405.956375
poia_zt_authenticator,PoIA with ZT-Authenticator,10,901,0.004333,0.044666,1.989458,1.893917,3.941583,3403.941583
poia_zt_authenticator,PoIA with ZT-Authenticator,10,902,0.007417,0.065,2.226291,3.585167,5.892583,3405.892583
poia_zt_authenticator,PoIA with ZT-Authenticator,10,903,0.005167,0.059333,2.041417,2.049791,4.162125,3404.162125
poia_zt_authenticator,PoIA with ZT-Authenticator,10,904,0.0055,0.065959,1.940542,2.0645,4.083625,3404.083625
poia_zt_authenticator,PoIA with ZT-Authenticator,10,905,0.004208,0.035084,2.018209,0.27975,2.342292,3402.342292
poia_zt_authenticator,PoIA with ZT-Authenticator,10,906,0.004542,0.068542,1.887042,0.272125,2.237417,3402.237417
poia_zt_authenticator,PoIA with ZT-Authenticator,10,907,0.004125,0.058875,1.818042,0.249333,2.135333,3402.135333
poia_zt_authenticator,PoIA with ZT-Authenticator,10,908,0.003875,0.040583,1.676166,0.26425,1.9895,3401.9895
poia_zt_authenticator,PoIA with ZT-Authenticator,10,909,0.004125,0.044416,1.527292,0.345708,1.930542,3401.930542
poia_zt_authenticator,PoIA with ZT-Authenticator,10,910,0.003834,0.043,3.340333,0.24675,3.638875,3403.638875
poia_zt_authenticator,PoIA with ZT-Authenticator,10,911,0.004125,0.044833,3.120708,0.250417,3.424833,3403.424833
poia_zt_authenticator,PoIA with ZT-Authenticator,10,912,0.004667,0.04275,3.06025,0.256875,3.369583,3403.369583
poia_zt_authenticator,PoIA with ZT-Authenticator,10,913,0.004916,0.037042,0.186334,0.248,0.481458,3400.481458
poia_zt_authenticator,PoIA with ZT-Authenticator,10,914,0.003625,0.038833,1.544917,0.257833,1.850209,3401.850209
poia_zt_authenticator,PoIA with ZT-Authenticator,10,915,0.003333,0.033583,1.569084,0.251208,1.862209,3401.862209
poia_zt_authenticator,PoIA with ZT-Authenticator,10,916,0.00325,0.034375,2.913,0.250584,3.206,3403.206
poia_zt_authenticator,PoIA with ZT-Authenticator,10,917,0.003875,0.034167,0.196708,0.242709,0.482125,3400.482125
poia_zt_authenticator,PoIA with ZT-Authenticator,10,918,0.003833,0.041708,4.126375,0.270458,4.447,3404.447
poia_zt_authenticator,PoIA with ZT-Authenticator,10,919,0.003917,0.036,2.939083,1.472791,4.457542,3404.457542
poia_zt_authenticator,PoIA with ZT-Authenticator,10,920,0.003959,0.035833,1.570667,1.512917,3.129375,3403.129375
poia_zt_authenticator,PoIA with ZT-Authenticator,10,921,0.004167,0.071375,1.583083,4.400125,6.065167,3406.065167
poia_zt_authenticator,PoIA with ZT-Authenticator,10,922,0.003292,0.033875,2.719917,0.250667,3.012542,3403.012542
poia_zt_authenticator,PoIA with ZT-Authenticator,10,923,0.003333,0.052417,1.502041,0.246375,1.809334,3401.809334
poia_zt_authenticator,PoIA with ZT-Authenticator,10,924,0.003792,0.033292,4.1975,1.53025,5.77075,3405.77075
poia_zt_authenticator,PoIA with ZT-Authenticator,10,925,0.003792,0.045084,2.846333,1.565084,4.466167,3404.466167
poia_zt_authenticator,PoIA with ZT-Authenticator,10,926,0.003541,0.033875,1.498084,2.697625,4.239458,3404.239458
poia_zt_authenticator,PoIA with ZT-Authenticator,10,927,0.003541,0.034708,2.640375,2.790292,5.510458,3405.510458
poia_zt_authenticator,PoIA with ZT-Authenticator,10,928,0.003667,0.040416,4.338542,0.43,4.818792,3404.818792
poia_zt_authenticator,PoIA with ZT-Authenticator,10,929,0.003792,0.041083,1.440333,3.358667,4.849583,3404.849583
poia_zt_authenticator,PoIA with ZT-Authenticator,10,930,0.004375,0.057416,3.263792,0.251792,3.582666,3403.582666
poia_zt_authenticator,PoIA with ZT-Authenticator,10,931,0.027292,0.170417,2.869708,0.414041,3.500667,3403.500667
poia_zt_authenticator,PoIA with ZT-Authenticator,10,932,0.003916,0.034583,4.090959,2.21825,6.353666,3406.353666
poia_zt_authenticator,PoIA with ZT-Authenticator,10,933,0.005083,0.04575,2.147084,0.379125,2.583458,3402.583458
poia_zt_authenticator,PoIA with ZT-Authenticator,10,934,0.003708,0.033875,3.153,2.229709,5.42575,3405.42575
poia_zt_authenticator,PoIA with ZT-Authenticator,10,935,0.003458,0.041292,1.910667,4.842291,6.802959,3406.802959
poia_zt_authenticator,PoIA with ZT-Authenticator,10,936,0.004875,0.10325,4.451166,0.2585,4.82975,3404.82975
poia_zt_authenticator,PoIA with ZT-Authenticator,10,937,0.003417,0.035417,2.408375,0.257708,2.7105,3402.7105
poia_zt_authenticator,PoIA with ZT-Authenticator,10,938,0.005,0.038875,2.116458,0.259334,2.425,3402.425
poia_zt_authenticator,PoIA with ZT-Authenticator,10,939,0.004167,0.045208,2.065,2.200417,4.322333,3404.322333
poia_zt_authenticator,PoIA with ZT-Authenticator,10,940,0.003667,0.042791,1.893042,0.265334,2.209708,3402.209708
poia_zt_authenticator,PoIA with ZT-Authenticator,10,941,0.005417,0.04525,3.781583,0.277625,4.116041,3404.116041
poia_zt_authenticator,PoIA with ZT-Authenticator,10,942,0.00375,0.034209,0.18825,1.705083,1.937625,3401.937625
poia_zt_authenticator,PoIA with ZT-Authenticator,10,943,0.003792,0.089917,3.805458,0.28325,4.189541,3404.189541
poia_zt_authenticator,PoIA with ZT-Authenticator,10,944,0.004167,0.042833,3.971375,1.799417,5.823833,3405.823833
poia_zt_authenticator,PoIA with ZT-Authenticator,10,945,0.003458,0.08825,0.11375,1.730458,1.940834,3401.940834
poia_zt_authenticator,PoIA with ZT-Authenticator,10,946,0.003709,0.033292,9.713708,0.248125,10.003667,3410.003667
poia_zt_authenticator,PoIA with ZT-Authenticator,10,947,0.003458,0.034542,3.182958,0.253,3.478708,3403.478708
poia_zt_authenticator,PoIA with ZT-Authenticator,10,948,0.004166,0.044708,4.857583,0.24625,5.157875,3405.157875
poia_zt_authenticator,PoIA with ZT-Authenticator,10,949,0.00425,0.042375,1.63225,0.253625,1.937416,3401.937416
poia_zt_authenticator,PoIA with ZT-Authenticator,10,950,0.004292,0.040833,1.689792,1.629875,3.370667,3403.370667
poia_zt_authenticator,PoIA with ZT-Authenticator,10,951,0.00425,0.045458,1.596417,0.309583,1.960917,3401.960917
poia_zt_authenticator,PoIA with ZT-Authenticator,10,952,0.003666,0.043208,1.63075,0.287459,1.97025,3401.97025
poia_zt_authenticator,PoIA with ZT-Authenticator,10,953,0.003208,0.053167,1.655666,0.254833,1.97175,3401.97175
poia_zt_authenticator,PoIA with ZT-Authenticator,10,954,0.003875,0.04325,1.625041,1.697875,3.376541,3403.376541
poia_zt_authenticator,PoIA with ZT-Authenticator,10,955,0.003541,0.035708,1.711417,0.286375,2.04275,3402.04275
poia_zt_authenticator,PoIA with ZT-Authenticator,10,956,0.003833,0.042667,1.62925,0.308542,1.990416,3401.990416
poia_zt_authenticator,PoIA with ZT-Authenticator,10,957,0.003416,0.042208,1.591292,0.340625,1.983375,3401.983375
poia_zt_authenticator,PoIA with ZT-Authenticator,10,958,0.003459,0.0345,1.689917,0.2475,1.980292,3401.980292
poia_zt_authenticator,PoIA with ZT-Authenticator,10,959,0.003667,0.054209,1.656792,0.251542,1.97125,3401.97125
poia_zt_authenticator,PoIA with ZT-Authenticator,10,960,0.004208,0.042959,1.603084,0.248625,1.903625,3401.903625
poia_zt_authenticator,PoIA with ZT-Authenticator,10,961,0.003959,0.041125,1.59175,0.247584,1.889334,3401.889334
poia_zt_authenticator,PoIA with ZT-Authenticator,10,962,0.003459,0.032542,1.688708,2.809959,4.540208,3404.540208
poia_zt_authenticator,PoIA with ZT-Authenticator,10,963,0.003375,0.033709,7.141209,0.258709,7.442083,3407.442083
poia_zt_authenticator,PoIA with ZT-Authenticator,10,964,0.003584,0.033333,1.555708,0.254,1.8515,3401.8515
poia_zt_authenticator,PoIA with ZT-Authenticator,10,965,0.004209,0.042083,7.129583,1.741834,8.925625,3408.925625
poia_zt_authenticator,PoIA with ZT-Authenticator,10,966,0.003542,0.040958,1.503042,3.443209,4.996625,3404.996625
poia_zt_authenticator,PoIA with ZT-Authenticator,10,967,0.004709,0.042792,1.455667,3.544041,5.053959,3405.053959
poia_zt_authenticator,PoIA with ZT-Authenticator,10,968,0.003916,0.060333,3.533167,0.370625,3.974375,3403.974375
poia_zt_authenticator,PoIA with ZT-Authenticator,10,969,0.004417,0.034833,3.074125,7.895833,11.014833,3411.014833
poia_zt_authenticator,PoIA with ZT-Authenticator,10,970,0.003458,0.03425,3.852167,0.385792,4.287625,3404.287625
poia_zt_authenticator,PoIA with ZT-Authenticator,10,971,0.003625,0.043375,3.870042,0.494042,4.417208,3404.417208
poia_zt_authenticator,PoIA with ZT-Authenticator,10,972,0.009292,0.101458,2.588917,0.445,3.153583,3403.153583
poia_zt_authenticator,PoIA with ZT-Authenticator,10,973,0.004375,0.054875,4.6625,2.566709,7.294416,3407.294416
poia_zt_authenticator,PoIA with ZT-Authenticator,10,974,0.004416,0.16175,2.315583,0.251833,2.738959,3402.738959
poia_zt_authenticator,PoIA with ZT-Authenticator,10,975,0.004959,0.042084,2.18275,0.282083,2.517542,3402.517542
poia_zt_authenticator,PoIA with ZT-Authenticator,10,976,0.003458,0.033125,2.499208,5.097958,7.640792,3407.640792
poia_zt_authenticator,PoIA with ZT-Authenticator,10,977,0.005,0.046042,2.564709,1.764958,4.386834,3404.386834
poia_zt_authenticator,PoIA with ZT-Authenticator,10,978,0.003542,0.041416,1.591541,0.272458,1.914125,3401.914125
poia_zt_authenticator,PoIA with ZT-Authenticator,10,979,0.003959,0.033709,1.715167,0.252625,2.010583,3402.010583
poia_zt_authenticator,PoIA with ZT-Authenticator,10,980,0.004208,0.044583,3.958208,1.707375,5.719958,3405.719958
poia_zt_authenticator,PoIA with ZT-Authenticator,10,981,0.003583,0.033708,0.114333,0.337667,0.49425,3400.49425
poia_zt_authenticator,PoIA with ZT-Authenticator,10,982,0.004208,0.040416,1.766667,1.834917,3.652166,3403.652166
poia_zt_authenticator,PoIA with ZT-Authenticator,10,983,0.0035,0.034125,8.553167,1.850166,10.446833,3410.446833
poia_zt_authenticator,PoIA with ZT-Authenticator,10,984,0.00425,0.042708,2.021542,3.227208,5.302375,3405.302375
poia_zt_authenticator,PoIA with ZT-Authenticator,10,985,0.003709,0.03375,1.724708,1.99675,3.764792,3403.764792
poia_zt_authenticator,PoIA with ZT-Authenticator,10,986,0.003708,0.041333,4.767666,1.666791,6.484583,3406.484583
poia_zt_authenticator,PoIA with ZT-Authenticator,10,987,0.005,0.079917,1.811917,1.763875,3.667792,3403.667792
poia_zt_authenticator,PoIA with ZT-Authenticator,10,988,0.003708,0.041541,3.227958,1.875,5.154,3405.154
poia_zt_authenticator,PoIA with ZT-Authenticator,10,989,0.003916,0.042541,1.837958,0.249458,2.138625,3402.138625
poia_zt_authenticator,PoIA with ZT-Authenticator,10,990,0.004084,0.075459,1.77875,0.248875,2.113125,3402.113125
poia_zt_authenticator,PoIA with ZT-Authenticator,10,991,0.004,0.04275,1.833625,1.768291,3.654625,3403.654625
poia_zt_authenticator,PoIA with ZT-Authenticator,10,992,0.003875,0.041959,1.643958,2.000375,3.696042,3403.696042
poia_zt_authenticator,PoIA with ZT-Authenticator,10,993,0.004583,0.049125,1.756042,1.862416,3.678916,3403.678916
poia_zt_authenticator,PoIA with ZT-Authenticator,10,994,0.004167,0.065958,3.245958,3.286375,6.608458,3406.608458
poia_zt_authenticator,PoIA with ZT-Authenticator,10,995,0.004167,0.042458,1.746583,0.256,2.053916,3402.053916
poia_zt_authenticator,PoIA with ZT-Authenticator,10,996,0.003375,0.03425,1.762625,0.401917,2.212542,3402.212542
poia_zt_authenticator,PoIA with ZT-Authenticator,10,997,0.003458,0.169416,1.860834,1.719042,3.759666,3403.759666
poia_zt_authenticator,PoIA with ZT-Authenticator,10,998,0.027958,0.048375,1.783,1.76925,3.636667,3403.636667
poia_zt_authenticator,PoIA with ZT-Authenticator,10,999,0.00425,0.043416,1.672875,0.351875,2.078625,3402.078625
poia_zt_authenticator,PoIA with ZT-Authenticator,10,1000,0.003459,0.034,1.7435,1.833667,3.620375,3403.620375
poia_zt_authenticator,PoIA with ZT-Authenticator,10,1001,0.003667,0.157375,1.588042,1.86775,3.626125,3403.626125
poia_zt_authenticator,PoIA with ZT-Authenticator,10,1002,0.004375,0.043166,1.833333,6.117542,8.00425,3408.00425
poia_zt_authenticator,PoIA with ZT-Authenticator,10,1003,0.003958,0.045834,1.556083,0.28775,1.898708,3401.898708
poia_zt_authenticator,PoIA with ZT-Authenticator,10,1004,0.004125,0.04425,1.535833,0.313791,1.902958,3401.902958
poia_zt_authenticator,PoIA with ZT-Authenticator,10,1005,0.004542,0.042291,2.916875,1.726708,4.696375,3404.696375
poia_zt_authenticator,PoIA with ZT-Authenticator,10,1006,0.0355,0.052,1.68525,2.165125,3.9965,3403.9965
poia_zt_authenticator,PoIA with ZT-Authenticator,10,1007,0.004125,0.051083,1.619542,2.773042,4.454084,3404.454084
poia_zt_authenticator,PoIA with ZT-Authenticator,10,1008,0.004042,0.041666,1.791833,4.563209,6.406958,3406.406958
poia_zt_authenticator,PoIA with ZT-Authenticator,10,1009,0.004084,0.040667,3.178916,0.424667,3.654542,3403.654542
poia_zt_authenticator,PoIA with ZT-Authenticator,10,1010,0.003833,0.034333,3.506833,0.3635,3.914042,3403.914042
poia_zt_authenticator,PoIA with ZT-Authenticator,10,1011,0.003834,0.040708,1.824167,3.446042,5.320833,3405.320833
poia_zt_authenticator,PoIA with ZT-Authenticator,10,1012,0.004084,0.041041,1.813459,3.473,5.337417,3405.337417
poia_zt_authenticator,PoIA with ZT-Authenticator,10,1013,0.003667,0.035791,1.792916,6.455875,8.293959,3408.293959
poia_zt_authenticator,PoIA with ZT-Authenticator,10,1014,0.003708,0.041541,2.129833,0.561,2.74575,3402.74575
poia_zt_authenticator,PoIA with ZT-Authenticator,10,1015,0.005834,0.041916,2.193458,0.268,2.515167,3402.515167
poia_zt_authenticator,PoIA with ZT-Authenticator,10,1016,0.00875,0.096916,3.013708,2.163459,5.290583,3405.290583
poia_zt_authenticator,PoIA with ZT-Authenticator,10,1017,0.004916,0.090042,2.515667,2.217708,4.835708,3404.835708
poia_zt_authenticator,PoIA with ZT-Authenticator,10,1018,0.005417,0.044958,2.132875,2.224625,4.414459,3404.414459
poia_zt_authenticator,PoIA with ZT-Authenticator,10,1019,0.004084,0.054,3.500792,3.863125,7.428625,3407.428625
poia_zt_authenticator,PoIA with ZT-Authenticator,10,1020,0.004167,0.088917,5.28425,2.057125,7.442,3407.442
poia_zt_authenticator,PoIA with ZT-Authenticator,10,1021,0.00425,0.047375,2.157708,1.947459,4.162833,3404.162833
poia_zt_authenticator,PoIA with ZT-Authenticator,10,1022,0.003625,0.039792,1.961,0.258083,2.26725,3402.26725
poia_zt_authenticator,PoIA with ZT-Authenticator,10,1023,0.003667,0.033667,0.144792,0.26725,0.454583,3400.454583
poia_zt_authenticator,PoIA with ZT-Authenticator,10,1024,0.005792,0.06125,1.924,1.656208,3.65425,3403.65425
poia_zt_authenticator,PoIA with ZT-Authenticator,10,1025,0.003959,0.042875,1.627791,0.277,1.956792,3401.956792
poia_zt_authenticator,PoIA with ZT-Authenticator,10,1026,0.005625,0.044459,1.863542,1.646125,3.566959,3403.566959
poia_zt_authenticator,PoIA with ZT-Authenticator,10,1027,0.004833,0.064417,3.0915,0.476792,3.644458,3403.644458
poia_zt_authenticator,PoIA with ZT-Authenticator,10,1028,0.00425,0.045875,1.606625,1.655708,3.318583,3403.318583
poia_zt_authenticator,PoIA with ZT-Authenticator,10,1029,0.005083,0.05225,3.763875,3.170334,6.998292,3406.998292
poia_zt_authenticator,PoIA with ZT-Authenticator,10,1030,0.004042,0.044583,1.573334,1.862292,3.490333,3403.490333
poia_zt_authenticator,PoIA with ZT-Authenticator,10,1031,0.004166,0.07175,2.15625,4.788167,7.027458,3407.027458
poia_zt_authenticator,PoIA with ZT-Authenticator,10,1032,0.004166,0.042208,1.787542,0.251083,2.090084,3402.090084
poia_zt_authenticator,PoIA with ZT-Authenticator,10,1033,0.004167,0.042875,1.744417,0.317083,2.114542,3402.114542
poia_zt_authenticator,PoIA with ZT-Authenticator,10,1034,0.00525,0.046375,1.743917,1.946792,3.749416,3403.749416
poia_zt_authenticator,PoIA with ZT-Authenticator,10,1035,0.004959,0.045417,1.827791,1.903833,3.788,3403.788
poia_zt_authenticator,PoIA with ZT-Authenticator,10,1036,0.004459,0.047625,1.8145,1.839917,3.768875,3403.768875
poia_zt_authenticator,PoIA with ZT-Authenticator,10,1037,0.003791,0.074917,1.783458,0.3095,2.197708,3402.197708
poia_zt_authenticator,PoIA with ZT-Authenticator,10,1038,0.003875,0.073375,1.836458,1.61975,3.540834,3403.540834
poia_zt_authenticator,PoIA with ZT-Authenticator,10,1039,0.003375,0.036,1.830667,3.398708,5.274667,3405.274667
poia_zt_authenticator,PoIA with ZT-Authenticator,10,1040,0.003916,0.042375,0.149833,1.573833,1.774917,3401.774917
poia_zt_authenticator,PoIA with ZT-Authenticator,10,1041,0.00375,0.05175,1.881,1.690666,3.632917,3403.632917
poia_zt_authenticator,PoIA with ZT-Authenticator,10,1042,0.004167,0.067167,3.230792,4.727917,8.036041,3408.036041
poia_zt_authenticator,PoIA with ZT-Authenticator,10,1043,0.004208,0.040292,0.222792,1.675959,1.949292,3401.949292
poia_zt_authenticator,PoIA with ZT-Authenticator,10,1044,0.004916,0.042458,1.7235,1.732042,3.509667,3403.509667
poia_zt_authenticator,PoIA with ZT-Authenticator,10,1045,0.003792,0.045833,1.676791,1.814375,3.546583,3403.546583
poia_zt_authenticator,PoIA with ZT-Authenticator,10,1046,0.006459,0.04175,1.590208,1.864209,3.508792,3403.508792
poia_zt_authenticator,PoIA with ZT-Authenticator,10,1047,0.004042,0.042333,1.804916,0.600375,2.459208,3402.459208
poia_zt_authenticator,PoIA with ZT-Authenticator,10,1048,0.003833,0.041333,2.406125,0.668292,3.128584,3403.128584
poia_zt_authenticator,PoIA with ZT-Authenticator,10,1049,0.004083,0.050209,1.878375,3.124708,5.063416,3405.063416
poia_zt_authenticator,PoIA with ZT-Authenticator,10,1050,0.004333,0.042958,1.873833,3.424542,5.351417,3405.351417
poia_zt_authenticator,PoIA with ZT-Authenticator,10,1051,0.022417,0.043333,1.832042,3.484666,5.3885,3405.3885
poia_zt_authenticator,PoIA with ZT-Authenticator,10,1052,0.007083,0.042125,1.784708,3.494084,5.333875,3405.333875
poia_zt_authenticator,PoIA with ZT-Authenticator,10,1053,0.003625,0.061625,1.616958,5.31325,7.001541,3407.001541
poia_zt_authenticator,PoIA with ZT-Authenticator,10,1054,0.007542,0.105583,0.305959,3.02,3.446541,3403.446541
poia_zt_authenticator,PoIA with ZT-Authenticator,10,1055,0.004083,0.073292,2.501208,3.048416,5.633333,3405.633333
poia_zt_authenticator,PoIA with ZT-Authenticator,10,1056,0.003792,0.089875,2.944625,2.780959,5.826209,3405.826209
poia_zt_authenticator,PoIA with ZT-Authenticator,10,1057,0.00475,0.063125,2.285583,0.247666,2.606041,3402.606041
poia_zt_authenticator,PoIA with ZT-Authenticator,10,1058,0.004667,0.046417,2.202208,0.29925,2.573709,3402.573709
poia_zt_authenticator,PoIA with ZT-Authenticator,10,1059,0.003667,0.042833,0.141083,2.211625,2.403833,3402.403833
poia_zt_authenticator,PoIA with ZT-Authenticator,10,1060,0.008416,0.052833,2.839583,1.902834,4.811333,3404.811333
poia_zt_authenticator,PoIA with ZT-Authenticator,10,1061,0.012125,0.060083,2.428375,1.972291,4.532041,3404.532041
poia_zt_authenticator,PoIA with ZT-Authenticator,10,1062,0.004416,0.044208,2.216042,1.986,4.256584,3404.256584
poia_zt_authenticator,PoIA with ZT-Authenticator,10,1063,0.0035,0.052042,1.969333,0.306709,2.337292,3402.337292
poia_zt_authenticator,PoIA with ZT-Authenticator,10,1064,0.003792,0.044167,8.7545,0.459792,9.26825,3409.26825
poia_zt_authenticator,PoIA with ZT-Authenticator,10,1065,0.003708,0.140042,1.981458,1.998125,4.130625,3404.130625
poia_zt_authenticator,PoIA with ZT-Authenticator,10,1066,0.003958,0.068666,0.1495,1.915583,2.144084,3402.144084
poia_zt_authenticator,PoIA with ZT-Authenticator,10,1067,0.00425,0.045917,3.669583,0.305708,4.031583,3404.031583
poia_zt_authenticator,PoIA with ZT-Authenticator,10,1068,0.004584,0.076833,2.092667,3.566333,5.746917,3405.746917
poia_zt_authenticator,PoIA with ZT-Authenticator,10,1069,0.003709,0.041041,1.964041,1.74125,3.755708,3403.755708
poia_zt_authenticator,PoIA with ZT-Authenticator,10,1070,0.004084,0.042667,1.642833,0.410125,2.105667,3402.105667
poia_zt_authenticator,PoIA with ZT-Authenticator,10,1071,0.004125,0.042125,1.662375,1.793583,3.512916,3403.512916
poia_zt_authenticator,PoIA with ZT-Authenticator,10,1072,0.006083,0.045917,3.552167,1.855208,5.465666,3405.465666
poia_zt_authenticator,PoIA with ZT-Authenticator,10,1073,0.00425,0.045667,1.612416,1.940833,3.609167,3403.609167
poia_zt_authenticator,PoIA with ZT-Authenticator,10,1074,0.004125,0.043084,1.722875,1.901167,3.677084,3403.677084
poia_zt_authenticator,PoIA with ZT-Authenticator,10,1075,0.004125,0.041167,1.869583,0.310333,2.231083,3402.231083
poia_zt_authenticator,PoIA with ZT-Authenticator,10,1076,0.004208,0.042,1.768417,3.309917,5.130708,3405.130708
poia_zt_authenticator,PoIA with ZT-Authenticator,10,1077,0.00375,0.043959,1.714375,2.018833,3.787,3403.787
poia_zt_authenticator,PoIA with ZT-Authenticator,10,1078,0.004583,0.04125,1.641084,2.006208,3.699458,3403.699458
poia_zt_authenticator,PoIA with ZT-Authenticator,10,1079,0.004333,0.042041,1.9065,0.2525,2.210042,3402.210042
poia_zt_authenticator,PoIA with ZT-Authenticator,10,1080,0.004042,0.051125,1.836,0.282,2.178083,3402.178083
poia_zt_authenticator,PoIA with ZT-Authenticator,10,1081,0.004,0.041625,1.702959,0.320458,2.075,3402.075
poia_zt_authenticator,PoIA with ZT-Authenticator,10,1082,0.004292,0.05575,1.97475,1.740333,3.781417,3403.781417
poia_zt_authenticator,PoIA with ZT-Authenticator,10,1083,0.00425,0.0425,1.712042,0.292709,2.057875,3402.057875
poia_zt_authenticator,PoIA with ZT-Authenticator,10,1084,0.003833,0.042334,1.745333,1.926833,3.724208,3403.724208
poia_zt_authenticator,PoIA with ZT-Authenticator,10,1085,0.003875,0.043791,1.656625,3.077375,4.789792,3404.789792
poia_zt_authenticator,PoIA with ZT-Authenticator,10,1086,0.004667,0.043042,3.244542,7.99325,11.291667,3411.291667
poia_zt_authenticator,PoIA with ZT-Authenticator,10,1087,0.005042,0.044875,3.194084,3.517125,6.768,3406.768
poia_zt_authenticator,PoIA with ZT-Authenticator,10,1088,0.003667,0.056709,1.725166,3.569334,5.360792,3405.360792
poia_zt_authenticator,PoIA with ZT-Authenticator,10,1089,0.00425,0.051791,3.515458,0.292084,3.869084,3403.869084
poia_zt_authenticator,PoIA with ZT-Authenticator,10,1090,0.00375,0.035292,1.724542,3.73875,5.507875,3405.507875
poia_zt_authenticator,PoIA with ZT-Authenticator,10,1091,0.004375,0.728792,0.186083,2.683417,3.609875,3403.609875
poia_zt_authenticator,PoIA with ZT-Authenticator,10,1092,0.008958,0.209625,2.124792,0.290292,2.640125,3402.640125
poia_zt_authenticator,PoIA with ZT-Authenticator,10,1093,0.004166,0.034917,0.246541,0.35525,0.646334,3400.646334
poia_zt_authenticator,PoIA with ZT-Authenticator,10,1094,0.003833,0.041542,3.324,5.432125,8.807542,3408.807542
poia_zt_authenticator,PoIA with ZT-Authenticator,10,1095,0.004209,0.0365,1.987834,0.33475,2.370083,3402.370083
poia_zt_authenticator,PoIA with ZT-Authenticator,10,1096,0.003583,0.078584,5.162375,2.261459,7.513042,3407.513042
poia_zt_authenticator,PoIA with ZT-Authenticator,10,1097,0.004542,0.04325,3.378084,3.933875,7.366084,3407.366084
poia_zt_authenticator,PoIA with ZT-Authenticator,10,1098,0.003708,0.042833,2.223458,0.295458,2.571708,3402.571708
poia_zt_authenticator,PoIA with ZT-Authenticator,10,1099,0.004417,0.108667,2.035042,2.093417,4.248375,3404.248375
poia_zt_authenticator,PoIA with ZT-Authenticator,10,1100,0.004334,0.04575,3.663583,0.268792,3.987334,3403.987334
poia_zt_authenticator,PoIA with ZT-Authenticator,10,1101,0.005667,0.0485,4.007583,1.621958,5.70525,3405.70525
poia_zt_authenticator,PoIA with ZT-Authenticator,10,1102,0.003708,0.041625,3.539042,1.747167,5.336167,3405.336167
poia_zt_authenticator,PoIA with ZT-Authenticator,10,1103,0.0045,0.0365,1.642667,1.779709,3.469834,3403.469834
poia_zt_authenticator,PoIA with ZT-Authenticator,10,1104,0.003959,0.041417,1.762125,1.829291,3.642791,3403.642791
poia_zt_authenticator,PoIA with ZT-Authenticator,10,1105,0.004667,0.043,1.617667,1.84375,3.5155,3403.5155
poia_zt_authenticator,PoIA with ZT-Authenticator,10,1106,0.003625,0.034542,1.818333,0.29675,2.158416,3402.158416
poia_zt_authenticator,PoIA with ZT-Authenticator,10,1107,0.003958,0.046458,1.515875,1.939583,3.512,3403.512
poia_zt_authenticator,PoIA with ZT-Authenticator,10,1108,0.004166,0.04275,1.74625,0.247125,2.045291,3402.045291
poia_zt_authenticator,PoIA with ZT-Authenticator,10,1109,0.004333,0.057209,3.224917,1.900375,5.192041,3405.192041
poia_zt_authenticator,PoIA with ZT-Authenticator,10,1110,0.004125,0.055583,1.4985,0.276375,1.865625,3401.865625
poia_zt_authenticator,PoIA with ZT-Authenticator,10,1111,0.0035,0.043333,1.644084,0.230625,1.925709,3401.925709
poia_zt_authenticator,PoIA with ZT-Authenticator,10,1112,0.004541,0.043083,1.831584,1.554,3.439541,3403.439541
poia_zt_authenticator,PoIA with ZT-Authenticator,10,1113,0.00425,0.041625,1.793875,3.080459,4.926208,3404.926208
poia_zt_authenticator,PoIA with ZT-Authenticator,10,1114,0.003958,0.043084,1.705458,1.711584,3.469875,3403.469875
poia_zt_authenticator,PoIA with ZT-Authenticator,10,1115,0.004208,0.059542,1.520291,4.821667,6.411875,3406.411875
poia_zt_authenticator,PoIA with ZT-Authenticator,10,1116,0.004333,0.042334,1.939458,0.322625,2.314125,3402.314125
poia_zt_authenticator,PoIA with ZT-Authenticator,10,1117,0.003375,0.045792,2.006375,0.251208,2.311417,3402.311417
poia_zt_authenticator,PoIA with ZT-Authenticator,10,1118,0.004,0.036125,1.589833,2.233333,3.869125,3403.869125
poia_zt_authenticator,PoIA with ZT-Authenticator,10,1119,0.003792,0.044042,1.474667,2.147834,3.676292,3403.676292
poia_zt_authenticator,PoIA with ZT-Authenticator,10,1120,0.004167,0.084167,2.03825,0.305125,2.437333,3402.437333
poia_zt_authenticator,PoIA with ZT-Authenticator,10,1121,0.0045,0.047292,2.03275,0.249542,2.339167,3402.339167
poia_zt_authenticator,PoIA with ZT-Authenticator,10,1122,0.003834,0.059667,1.664667,0.247708,1.980875,3401.980875
poia_zt_authenticator,PoIA with ZT-Authenticator,10,1123,0.003292,0.033708,1.637291,0.366667,2.047084,3402.047084
poia_zt_authenticator,PoIA with ZT-Authenticator,10,1124,0.003916,0.034917,1.733625,0.355625,2.133459,3402.133459
poia_zt_authenticator,PoIA with ZT-Authenticator,10,1125,0.003584,0.033792,1.782667,3.497417,5.339042,3405.339042
poia_zt_authenticator,PoIA with ZT-Authenticator,10,1126,0.003375,0.0335,1.883959,0.247,2.172583,3402.172583
poia_zt_authenticator,PoIA with ZT-Authenticator,10,1127,0.003209,0.033583,4.933541,0.25925,5.234375,3405.234375
poia_zt_authenticator,PoIA with ZT-Authenticator,10,1128,0.003917,0.040708,3.344041,1.808167,5.2085,3405.2085
poia_zt_authenticator,PoIA with ZT-Authenticator,10,1129,0.003708,0.057458,3.114542,0.728417,3.914625,3403.914625
poia_zt_authenticator,PoIA with ZT-Authenticator,10,1130,0.003792,0.042166,3.479083,4.121167,7.65525,3407.65525
poia_zt_authenticator,PoIA with ZT-Authenticator,10,1131,0.003167,0.033333,1.874083,4.0615,5.978292,3405.978292
poia_zt_authenticator,PoIA with ZT-Authenticator,10,1132,0.004958,0.054333,4.02825,0.316167,4.41,3404.41
poia_zt_authenticator,PoIA with ZT-Authenticator,10,1133,0.003292,0.033,4.140292,0.337833,4.520167,3404.520167
poia_zt_authenticator,PoIA with ZT-Authenticator,10,1134,0.003959,0.035375,4.162541,0.374333,4.582833,3404.582833
poia_zt_authenticator,PoIA with ZT-Authenticator,10,1135,0.008792,0.077875,2.001417,0.320875,2.417334,3402.417334
poia_zt_authenticator,PoIA with ZT-Authenticator,10,1136,0.004333,0.040458,1.965834,0.38475,2.4015,3402.4015
poia_zt_authenticator,PoIA with ZT-Authenticator,10,1137,0.003875,0.054167,5.7305,2.308125,8.103125,3408.103125
poia_zt_authenticator,PoIA with ZT-Authenticator,10,1138,0.004333,0.041625,9.290958,0.254583,9.596209,3409.596209
poia_zt_authenticator,PoIA with ZT-Authenticator,10,1139,0.006042,0.050625,4.305542,0.261375,4.629083,3404.629083
poia_zt_authenticator,PoIA with ZT-Authenticator,10,1140,0.003334,0.040125,6.03875,2.134458,8.222542,3408.222542
poia_zt_authenticator,PoIA with ZT-Authenticator,10,1141,0.008333,0.164208,2.091584,0.264959,2.535791,3402.535791
poia_zt_authenticator,PoIA with ZT-Authenticator,10,1142,0.004042,0.045042,3.820791,0.252917,4.127875,3404.127875
poia_zt_authenticator,PoIA with ZT-Authenticator,10,1143,0.003709,0.040708,3.679958,0.249167,3.978458,3403.978458
poia_zt_authenticator,PoIA with ZT-Authenticator,10,1144,0.003542,0.038083,3.612875,0.257541,3.917083,3403.917083
poia_zt_authenticator,PoIA with ZT-Authenticator,10,1145,0.00525,0.052166,3.70225,1.734708,5.500583,3405.500583
poia_zt_authenticator,PoIA with ZT-Authenticator,10,1146,0.004959,0.057334,3.077709,0.290542,3.436625,3403.436625
poia_zt_authenticator,PoIA with ZT-Authenticator,10,1147,0.004084,0.039,1.529875,0.250541,1.828542,3401.828542
poia_zt_authenticator,PoIA with ZT-Authenticator,10,1148,0.005375,0.17,1.542958,1.658625,3.385167,3403.385167
poia_zt_authenticator,PoIA with ZT-Authenticator,10,1149,0.00525,0.046042,1.716375,3.030083,4.803834,3404.803834
poia_zt_authenticator,PoIA with ZT-Authenticator,10,1150,0.004125,0.0345,1.73875,0.249375,2.031875,3402.031875
poia_zt_authenticator,PoIA with ZT-Authenticator,10,1151,0.004125,0.034333,1.748917,0.248125,2.0405,3402.0405
poia_zt_authenticator,PoIA with ZT-Authenticator,10,1152,0.00325,0.033834,1.608417,1.72425,3.375459,3403.375459
poia_zt_authenticator,PoIA with ZT-Authenticator,10,1153,0.004042,0.03475,1.615375,1.748792,3.408709,3403.408709
poia_zt_authenticator,PoIA with ZT-Authenticator,10,1154,0.003834,0.041041,1.63025,1.745208,3.426042,3403.426042
poia_zt_authenticator,PoIA with ZT-Authenticator,10,1155,0.003416,0.034958,2.851417,1.724958,4.620375,3404.620375
poia_zt_authenticator,PoIA with ZT-Authenticator,10,1156,0.003833,0.033583,3.098917,3.099917,6.242167,3406.242167
poia_zt_authenticator,PoIA with ZT-Authenticator,10,1157,0.00625,0.035083,3.073042,3.187125,6.3075,3406.3075
poia_zt_authenticator,PoIA with ZT-Authenticator,10,1158,0.00425,0.04325,1.704667,0.361,2.118959,3402.118959
poia_zt_authenticator,PoIA with ZT-Authenticator,10,1159,0.004,0.040583,1.7445,0.301666,2.096125,3402.096125
poia_zt_authenticator,PoIA with ZT-Authenticator,10,1160,0.00475,0.064,1.623958,1.718,3.41725,3403.41725
poia_zt_authenticator,PoIA with ZT-Authenticator,10,1161,0.003458,0.045917,1.72825,1.636792,3.420292,3403.420292
poia_zt_authenticator,PoIA with ZT-Authenticator,10,1162,0.003833,0.034041,1.742083,1.673333,3.458958,3403.458958
poia_zt_authenticator,PoIA with ZT-Authenticator,10,1163,0.004833,0.077458,1.695959,3.079708,4.864958,3404.864958
poia_zt_authenticator,PoIA with ZT-Authenticator,10,1164,0.004,0.040708,1.712166,1.652833,3.415667,3403.415667
poia_zt_authenticator,PoIA with ZT-Authenticator,10,1165,0.003458,0.03775,1.596625,0.357708,2.001792,3402.001792
poia_zt_authenticator,PoIA with ZT-Authenticator,10,1166,0.004167,0.04275,1.690333,1.769,3.512625,3403.512625
poia_zt_authenticator,PoIA with ZT-Authenticator,10,1167,0.004167,0.04325,1.612583,1.804208,3.469917,3403.469917
poia_zt_authenticator,PoIA with ZT-Authenticator,10,1168,0.004542,0.042,1.799542,0.391875,2.243958,3402.243958
poia_zt_authenticator,PoIA with ZT-Authenticator,10,1169,0.003791,0.041041,1.753917,0.431125,2.236084,3402.236084
poia_zt_authenticator,PoIA with ZT-Authenticator,10,1170,0.003792,0.039875,1.632084,2.05625,3.741541,3403.741541
poia_zt_authenticator,PoIA with ZT-Authenticator,10,1171,0.003916,0.042625,1.744583,2.805167,4.602167,3404.602167
poia_zt_authenticator,PoIA with ZT-Authenticator,10,1172,0.004167,0.041625,2.90325,0.510625,3.465584,3403.465584
poia_zt_authenticator,PoIA with ZT-Authenticator,10,1173,0.003958,0.046458,2.691834,2.554167,5.3035,3405.3035
poia_zt_authenticator,PoIA with ZT-Authenticator,10,1174,0.008416,0.1915,3.29975,0.42275,3.929042,3403.929042
poia_zt_authenticator,PoIA with ZT-Authenticator,10,1175,0.003667,0.041417,3.073125,6.948333,10.071917,3410.071917
poia_zt_authenticator,PoIA with ZT-Authenticator,10,1176,0.008,0.056833,0.388708,2.762375,3.223417,3403.223417
poia_zt_authenticator,PoIA with ZT-Authenticator,10,1177,0.003833,0.078125,5.045708,2.567792,7.701667,3407.701667
poia_zt_authenticator,PoIA with ZT-Authenticator,10,1178,0.0035,0.041209,3.515542,2.528083,6.095458,3406.095458
poia_zt_authenticator,PoIA with ZT-Authenticator,10,1179,0.004541,0.145625,3.488875,2.524625,6.170167,3406.170167
poia_zt_authenticator,PoIA with ZT-Authenticator,10,1180,0.004,0.040166,2.352667,5.469666,7.872625,3407.872625
poia_zt_authenticator,PoIA with ZT-Authenticator,10,1181,0.007125,0.054042,0.14125,2.384666,2.593625,3402.593625
poia_zt_authenticator,PoIA with ZT-Authenticator,10,1182,0.004,0.067209,5.387583,2.671292,8.135791,3408.135791
poia_zt_authenticator,PoIA with ZT-Authenticator,10,1183,0.005417,0.0515,2.661333,0.315584,3.039833,3403.039833
poia_zt_authenticator,PoIA with ZT-Authenticator,10,1184,0.004792,0.053042,2.223458,0.341625,2.629417,3402.629417
poia_zt_authenticator,PoIA with ZT-Authenticator,10,1185,0.008083,0.054333,2.459208,2.368875,4.8965,3404.8965
poia_zt_authenticator,PoIA with ZT-Authenticator,10,1186,0.009,0.098,2.0605,0.252334,2.427333,3402.427333
poia_zt_authenticator,PoIA with ZT-Authenticator,10,1187,0.004666,0.046125,1.9915,0.275917,2.323458,3402.323458
poia_zt_authenticator,PoIA with ZT-Authenticator,10,1188,0.004667,0.046041,2.2845,1.919375,4.260584,3404.260584
poia_zt_authenticator,PoIA with ZT-Authenticator,10,1189,0.00475,0.04375,2.137334,1.89575,4.088375,3404.088375
poia_zt_authenticator,PoIA with ZT-Authenticator,10,1190,0.004917,0.132958,1.762167,0.27675,2.183042,3402.183042
poia_zt_authenticator,PoIA with ZT-Authenticator,10,1191,0.006208,0.19925,2.488625,3.310125,6.0125,3406.0125
poia_zt_authenticator,PoIA with ZT-Authenticator,10,1192,0.004417,0.035041,1.6245,0.246791,1.91575,3401.91575
poia_zt_authenticator,PoIA with ZT-Authenticator,10,1193,0.003625,0.03525,1.591625,0.264916,1.900541,3401.900541
poia_zt_authenticator,PoIA with ZT-Authenticator,10,1194,0.004625,0.043417,3.715167,1.671541,5.44075,3405.44075
poia_zt_authenticator,PoIA with ZT-Authenticator,10,1195,0.003792,0.058875,1.632958,0.418667,2.120667,3402.120667
poia_zt_authenticator,PoIA with ZT-Authenticator,10,1196,0.004083,0.042709,0.426125,0.246292,0.724125,3400.724125
poia_zt_authenticator,PoIA with ZT-Authenticator,10,1197,0.004,0.034416,0.107583,1.919542,2.070375,3402.070375
poia_zt_authenticator,PoIA with ZT-Authenticator,10,1198,0.004084,0.042917,1.889833,3.385458,5.329167,3405.329167
poia_zt_authenticator,PoIA with ZT-Authenticator,10,1199,0.003667,0.033333,1.891125,0.345542,2.279541,3402.279541
poia_zt_authenticator,PoIA with ZT-Authenticator,10,1200,0.111708,0.116458,2.611208,8.725333,11.573417,3411.573417
poia_zt_authenticator,PoIA with ZT-Authenticator,10,1201,0.004584,0.045792,1.884166,0.267,2.206458,3402.206458
poia_zt_authenticator,PoIA with ZT-Authenticator,10,1202,0.004083,0.04225,1.94925,1.828625,3.829834,3403.829834
poia_zt_authenticator,PoIA with ZT-Authenticator,10,1203,0.004167,0.046583,1.79025,0.255417,2.101542,3402.101542
poia_zt_authenticator,PoIA with ZT-Authenticator,10,1204,0.004125,0.066,3.521583,0.247584,3.8445,3403.8445
poia_zt_authenticator,PoIA with ZT-Authenticator,10,1205,0.004833,0.0465,4.901916,1.717875,6.677333,3406.677333
poia_zt_authenticator,PoIA with ZT-Authenticator,10,1206,0.102667,0.046041,1.770416,1.998,3.925792,3403.925792
poia_zt_authenticator,PoIA with ZT-Authenticator,10,1207,0.003375,0.042,3.493292,4.224458,7.76975,3407.76975
poia_zt_authenticator,PoIA with ZT-Authenticator,10,1208,0.008833,0.133416,0.221625,0.32075,0.691417,3400.691417
poia_zt_authenticator,PoIA with ZT-Authenticator,10,1209,0.004375,0.045042,0.216125,3.408875,3.686875,3403.686875
poia_zt_authenticator,PoIA with ZT-Authenticator,10,1210,0.004083,0.041791,3.35825,3.929875,7.3415,3407.3415
poia_zt_authenticator,PoIA with ZT-Authenticator,10,1211,0.0075,0.124791,0.22925,3.745084,4.117209,3404.117209
poia_zt_authenticator,PoIA with ZT-Authenticator,10,1212,0.003833,0.041584,2.350125,3.721625,6.123166,3406.123166
poia_zt_authenticator,PoIA with ZT-Authenticator,10,1213,0.00375,0.043083,2.984667,3.140959,6.179042,3406.179042
poia_zt_authenticator,PoIA with ZT-Authenticator,10,1214,0.003833,0.045,4.711375,3.105958,7.871375,3407.871375
poia_zt_authenticator,PoIA with ZT-Authenticator,10,1215,0.011917,0.088542,0.314167,2.287791,2.778458,3402.778458
poia_zt_authenticator,PoIA with ZT-Authenticator,10,1216,0.007375,0.039542,5.773875,2.1395,7.966708,3407.966708
poia_zt_authenticator,PoIA with ZT-Authenticator,10,1217,0.007,0.07575,2.083459,0.327917,2.500625,3402.500625
poia_zt_authenticator,PoIA with ZT-Authenticator,10,1218,0.00325,0.033917,5.866958,2.155,8.064792,3408.064792
poia_zt_authenticator,PoIA with ZT-Authenticator,10,1219,0.004792,0.195542,3.006834,2.121917,5.34425,3405.34425
poia_zt_authenticator,PoIA with ZT-Authenticator,10,1220,0.004042,0.044958,1.993209,0.251958,2.299125,3402.299125
poia_zt_authenticator,PoIA with ZT-Authenticator,10,1221,0.005625,0.049541,1.936167,0.262375,2.258875,3402.258875
poia_zt_authenticator,PoIA with ZT-Authenticator,10,1222,0.004,0.0565,7.403,3.513459,10.98325,3410.98325
poia_zt_authenticator,PoIA with ZT-Authenticator,10,1223,0.004792,0.049917,2.054833,1.788041,3.906625,3403.906625
poia_zt_authenticator,PoIA with ZT-Authenticator,10,1224,0.063167,0.050375,1.69375,0.257542,2.071917,3402.071917
poia_zt_authenticator,PoIA with ZT-Authenticator,10,1225,0.004292,0.047083,2.182458,3.285041,5.524958,3405.524958
poia_zt_authenticator,PoIA with ZT-Authenticator,10,1226,0.004625,0.064917,3.229833,0.254459,3.559334,3403.559334
poia_zt_authenticator,PoIA with ZT-Authenticator,10,1227,0.004833,0.04375,2.101291,3.103209,5.259667,3405.259667
poia_zt_authenticator,PoIA with ZT-Authenticator,10,1228,0.003875,0.086291,1.598625,1.776958,3.472292,3403.472292
poia_zt_authenticator,PoIA with ZT-Authenticator,10,1229,0.004292,0.046417,1.639083,1.732209,3.428042,3403.428042
poia_zt_authenticator,PoIA with ZT-Authenticator,10,1230,0.004292,0.044833,1.692166,0.277375,2.023708,3402.023708
poia_zt_authenticator,PoIA with ZT-Authenticator,10,1231,0.004208,0.053583,1.647375,1.834125,3.54575,3403.54575
poia_zt_authenticator,PoIA with ZT-Authenticator,10,1232,0.004334,0.042167,1.808,1.680708,3.541167,3403.541167
poia_zt_authenticator,PoIA with ZT-Authenticator,10,1233,0.005834,0.046458,1.66125,0.283291,2.002625,3402.002625
poia_zt_authenticator,PoIA with ZT-Authenticator,10,1234,0.003791,0.034083,1.769875,1.676917,3.490542,3403.490542
poia_zt_authenticator,PoIA with ZT-Authenticator,10,1235,0.003416,0.055,1.716542,0.295583,2.075917,3402.075917
poia_zt_authenticator,PoIA with ZT-Authenticator,10,1236,0.0035,0.04075,1.710708,3.218417,4.979667,3404.979667
poia_zt_authenticator,PoIA with ZT-Authenticator,10,1237,0.004167,0.042458,1.7695,0.250666,2.072084,3402.072084
poia_zt_authenticator,PoIA with ZT-Authenticator,10,1238,0.003625,0.035833,1.755291,0.254084,2.053958,3402.053958
poia_zt_authenticator,PoIA with ZT-Authenticator,10,1239,0.004458,0.036084,3.067625,3.13175,6.246083,3406.246083
poia_zt_authenticator,PoIA with ZT-Authenticator,10,1240,0.003958,0.033667,1.812333,1.475584,3.332,3403.332
poia_zt_authenticator,PoIA with ZT-Authenticator,10,1241,0.00425,0.042417,1.752541,1.682666,3.487875,3403.487875
poia_zt_authenticator,PoIA with ZT-Authenticator,10,1242,0.003625,0.043,1.68125,3.226667,4.960541,3404.960541
poia_zt_authenticator,PoIA with ZT-Authenticator,10,1243,0.004125,0.044875,1.648917,3.2555,4.959416,3404.959416
poia_zt_authenticator,PoIA with ZT-Authenticator,10,1244,0.00375,0.033333,1.73575,0.246291,2.023791,3402.023791
poia_zt_authenticator,PoIA with ZT-Authenticator,10,1245,0.003458,0.06475,1.701417,0.264875,2.039458,3402.039458
poia_zt_authenticator,PoIA with ZT-Authenticator,10,1246,0.004041,0.044208,0.118875,1.789709,1.961875,3401.961875
poia_zt_authenticator,PoIA with ZT-Authenticator,10,1247,0.004334,0.043084,1.6925,1.747583,3.507334,3403.507334
poia_zt_authenticator,PoIA with ZT-Authenticator,10,1248,0.003834,0.04975,1.9045,0.454792,2.420417,3402.420417
poia_zt_authenticator,PoIA with ZT-Authenticator,10,1249,0.00325,0.033,2.626667,0.309875,2.979125,3402.979125
poia_zt_authenticator,PoIA with ZT-Authenticator,10,1250,0.04425,0.04525,1.619792,3.228959,4.953917,3404.953917
poia_zt_authenticator,PoIA with ZT-Authenticator,10,1251,0.004042,0.066917,1.54175,3.362875,4.981833,3404.981833
poia_zt_authenticator,PoIA with ZT-Authenticator,10,1252,0.003916,0.058417,1.726875,6.159333,7.954625,3407.954625
poia_zt_authenticator,PoIA with ZT-Authenticator,10,1253,0.0035,0.0415,3.17775,0.392791,3.621625,3403.621625
poia_zt_authenticator,PoIA with ZT-Authenticator,10,1254,0.00475,0.041917,5.162167,2.736166,7.951708,3407.951708
poia_zt_authenticator,PoIA with ZT-Authenticator,10,1255,0.007417,0.057625,2.885583,0.353917,3.311,3403.311
poia_zt_authenticator,PoIA with ZT-Authenticator,10,1256,0.006542,0.118458,0.141125,2.233208,2.505167,3402.505167
poia_zt_authenticator,PoIA with ZT-Authenticator,10,1257,0.003542,0.041958,2.988083,2.316375,5.359792,3405.359792
poia_zt_authenticator,PoIA with ZT-Authenticator,10,1258,0.00525,0.051208,2.109167,0.427875,2.599042,3402.599042
poia_zt_authenticator,PoIA with ZT-Authenticator,10,1259,0.004125,0.070667,2.082,0.325709,2.487916,3402.487916
poia_zt_authenticator,PoIA with ZT-Authenticator,10,1260,0.003958,0.040625,1.983625,0.260167,2.293208,3402.293208
poia_zt_authenticator,PoIA with ZT-Authenticator,10,1261,0.003375,0.03375,6.680708,0.279209,7.001875,3407.001875
poia_zt_authenticator,PoIA with ZT-Authenticator,10,1262,0.004458,0.065833,1.767917,0.250875,2.094459,3402.094459
poia_zt_authenticator,PoIA with ZT-Authenticator,10,1263,0.005834,0.044208,1.656292,0.25025,1.962709,3401.962709
poia_zt_authenticator,PoIA with ZT-Authenticator,10,1264,0.0055,0.046959,3.159209,0.355792,3.57325,3403.57325
poia_zt_authenticator,PoIA with ZT-Authenticator,10,1265,0.003459,0.035167,1.656917,0.251917,1.952459,3401.952459
poia_zt_authenticator,PoIA with ZT-Authenticator,10,1266,0.003666,0.033959,1.656083,0.33875,2.03825,3402.03825
poia_zt_authenticator,PoIA with ZT-Authenticator,10,1267,0.003458,0.034375,1.759209,0.254708,2.05675,3402.05675
poia_zt_authenticator,PoIA with ZT-Authenticator,10,1268,0.0035,0.041667,3.229167,1.723167,5.02575,3405.02575
poia_zt_authenticator,PoIA with ZT-Authenticator,10,1269,0.003834,0.040333,1.939,8.983334,10.971916,3410.971916
poia_zt_authenticator,PoIA with ZT-Authenticator,10,1270,0.003584,0.075417,4.705084,1.638334,6.430917,3406.430917
poia_zt_authenticator,PoIA with ZT-Authenticator,10,1271,0.003791,0.041958,1.458292,3.187167,4.697375,3404.697375
poia_zt_authenticator,PoIA with ZT-Authenticator,10,1272,0.003666,0.042167,1.449125,3.345875,4.84675,3404.84675
poia_zt_authenticator,PoIA with ZT-Authenticator,10,1273,0.003917,0.035875,1.888541,0.301125,2.238375,3402.238375
poia_zt_authenticator,PoIA with ZT-Authenticator,10,1274,0.004291,0.038292,3.063584,2.105458,5.217584,3405.217584
poia_zt_authenticator,PoIA with ZT-Authenticator,10,1275,0.004125,0.039167,1.51625,2.184458,3.749792,3403.749792
poia_zt_authenticator,PoIA with ZT-Authenticator,10,1276,0.00375,0.034583,1.70925,2.166459,3.91975,3403.91975
poia_zt_authenticator,PoIA with ZT-Authenticator,10,1277,0.005583,0.043375,2.072917,0.267542,2.3955,3402.3955
poia_zt_authenticator,PoIA with ZT-Authenticator,10,1278,0.00375,0.040917,2.02225,0.247459,2.319125,3402.319125
poia_zt_authenticator,PoIA with ZT-Authenticator,10,1279,0.003666,0.03475,1.894417,1.904792,3.843666,3403.843666
poia_zt_authenticator,PoIA with ZT-Authenticator,10,1280,0.004125,0.09475,3.45875,0.24825,3.811667,3403.811667
poia_zt_authenticator,PoIA with ZT-Authenticator,10,1281,0.003917,0.052875,2.134458,1.586083,3.783167,3403.783167
poia_zt_authenticator,PoIA with ZT-Authenticator,10,1282,0.003958,0.042709,1.576708,0.244917,1.87325,3401.87325
poia_zt_authenticator,PoIA with ZT-Authenticator,10,1283,0.00425,0.044583,3.33025,0.27275,3.657125,3403.657125
poia_zt_authenticator,PoIA with ZT-Authenticator,10,1284,0.003916,0.033167,1.57125,0.282709,1.896333,3401.896333
poia_zt_authenticator,PoIA with ZT-Authenticator,10,1285,0.004583,0.060209,1.545792,1.633042,3.249583,3403.249583
poia_zt_authenticator,PoIA with ZT-Authenticator,10,1286,0.003625,0.034166,1.459459,0.245167,1.747375,3401.747375
poia_zt_authenticator,PoIA with ZT-Authenticator,10,1287,0.004,0.034459,1.448083,0.251125,1.742834,3401.742834
poia_zt_authenticator,PoIA with ZT-Authenticator,10,1288,0.003958,0.040292,2.857083,1.520375,4.4265,3404.4265
poia_zt_authenticator,PoIA with ZT-Authenticator,10,1289,0.003709,0.040291,1.5295,1.791709,3.373083,3403.373083
poia_zt_authenticator,PoIA with ZT-Authenticator,10,1290,0.004292,0.091958,1.52025,1.910042,3.533958,3403.533958
poia_zt_authenticator,PoIA with ZT-Authenticator,10,1291,0.003583,0.0335,2.762125,2.12675,4.931292,3404.931292
poia_zt_authenticator,PoIA with ZT-Authenticator,10,1292,0.03575,0.092834,4.299583,2.235792,6.669833,3406.669833
poia_zt_authenticator,PoIA with ZT-Authenticator,10,1293,0.003708,0.040334,1.589584,3.713083,5.35225,3405.35225
poia_zt_authenticator,PoIA with ZT-Authenticator,10,1294,0.003666,0.034791,1.594625,4.287291,5.926958,3405.926958
poia_zt_authenticator,PoIA with ZT-Authenticator,10,1295,0.005625,0.04775,0.139541,0.467541,0.666083,3400.666083
poia_zt_authenticator,PoIA with ZT-Authenticator,10,1296,0.004208,0.186666,2.466709,0.273875,2.93775,3402.93775
poia_zt_authenticator,PoIA with ZT-Authenticator,10,1297,0.004791,0.100709,2.300417,0.306125,2.719208,3402.719208
poia_zt_authenticator,PoIA with ZT-Authenticator,10,1298,0.003417,0.033083,3.35575,1.939666,5.339875,3405.339875
poia_zt_authenticator,PoIA with ZT-Authenticator,10,1299,0.003667,0.060458,4.913,0.396167,5.378583,3405.378583
poia_zt_authenticator,PoIA with ZT-Authenticator,10,1300,0.003167,0.035084,3.358667,1.818083,5.221166,3405.221166
poia_zt_authenticator,PoIA with ZT-Authenticator,10,1301,0.00575,0.089375,3.019208,1.833,4.954375,3404.954375
poia_zt_authenticator,PoIA with ZT-Authenticator,10,1302,0.012542,0.0875,2.872041,1.800917,4.778417,3404.778417
poia_zt_authenticator,PoIA with ZT-Authenticator,10,1303,0.004375,0.180958,2.598625,1.879541,4.6715,3404.6715
poia_zt_authenticator,PoIA with ZT-Authenticator,10,1304,0.003792,0.041458,1.502458,6.173542,7.728292,3407.728292
poia_zt_authenticator,PoIA with ZT-Authenticator,10,1305,0.004167,0.034,1.806208,0.438167,2.288,3402.288
poia_zt_authenticator,PoIA with ZT-Authenticator,10,1306,0.004,0.035792,1.97125,0.272083,2.288042,3402.288042
poia_zt_authenticator,PoIA with ZT-Authenticator,10,1307,0.003875,0.036708,1.851125,0.248792,2.145167,3402.145167
poia_zt_authenticator,PoIA with ZT-Authenticator,10,1308,0.003792,0.041417,1.812834,0.248708,2.111667,3402.111667
poia_zt_authenticator,PoIA with ZT-Authenticator,10,1309,0.003375,0.068833,1.246583,0.243375,1.567458,3401.567458
poia_zt_authenticator,PoIA with ZT-Authenticator,10,1310,0.00425,0.043083,3.162333,0.254792,3.469416,3403.469416
poia_zt_authenticator,PoIA with ZT-Authenticator,10,1311,0.003,0.032208,1.405792,0.272667,1.718542,3401.718542
poia_zt_authenticator,PoIA with ZT-Authenticator,10,1312,0.003667,0.040833,1.610542,1.366334,3.027833,3403.027833
poia_zt_authenticator,PoIA with ZT-Authenticator,10,1313,0.004917,0.064833,4.579708,1.408375,6.064375,3406.064375
poia_zt_authenticator,PoIA with ZT-Authenticator,10,1314,0.003792,0.040875,2.929791,1.500042,4.48025,3404.48025
poia_zt_authenticator,PoIA with ZT-Authenticator,10,1315,0.003833,0.04025,1.677042,2.742584,4.469459,3404.469459
poia_zt_authenticator,PoIA with ZT-Authenticator,10,1316,0.003542,0.033417,1.438792,1.90525,3.386875,3403.386875
poia_zt_authenticator,PoIA with ZT-Authenticator,10,1317,0.005,0.044542,2.04025,0.245459,2.340458,3402.340458
poia_zt_authenticator,PoIA with ZT-Authenticator,10,1318,0.004041,0.041625,1.989792,0.260459,2.300834,3402.300834
poia_zt_authenticator,PoIA with ZT-Authenticator,10,1319,0.0035,0.045416,1.470167,2.064292,3.589333,3403.589333
poia_zt_authenticator,PoIA with ZT-Authenticator,10,1320,0.005333,0.036458,1.472083,2.207917,3.728125,3403.728125
poia_zt_authenticator,PoIA with ZT-Authenticator,10,1321,0.00425,0.041792,0.3105,2.027375,2.392416,3402.392416
poia_zt_authenticator,PoIA with ZT-Authenticator,10,1322,0.003917,0.033708,2.5795,3.577792,6.200625,3406.200625
poia_zt_authenticator,PoIA with ZT-Authenticator,10,1323,0.003791,0.040917,4.2085,3.551167,7.809959,3407.809959
poia_zt_authenticator,PoIA with ZT-Authenticator,10,1324,0.045417,0.080958,1.744042,0.272584,2.150542,3402.150542
poia_zt_authenticator,PoIA with ZT-Authenticator,10,1325,0.003584,0.04,1.697042,0.275917,2.02125,3402.02125
poia_zt_authenticator,PoIA with ZT-Authenticator,10,1326,0.004208,0.043333,2.190167,1.736792,3.980666,3403.980666
poia_zt_authenticator,PoIA with ZT-Authenticator,10,1327,0.003167,0.032917,3.452459,1.777708,5.271708,3405.271708
poia_zt_authenticator,PoIA with ZT-Authenticator,10,1328,0.009167,0.105541,1.82475,1.645917,3.594167,3403.594167
poia_zt_authenticator,PoIA with ZT-Authenticator,10,1329,0.0045,0.040083,1.620916,0.421958,2.094667,3402.094667
poia_zt_authenticator,PoIA with ZT-Authenticator,10,1330,0.003792,0.03325,1.8495,1.785583,3.678125,3403.678125
poia_zt_authenticator,PoIA with ZT-Authenticator,10,1331,0.004083,0.039666,1.755666,0.273209,2.077375,3402.077375
poia_zt_authenticator,PoIA with ZT-Authenticator,10,1332,0.003584,0.040709,1.625375,0.3455,2.020667,3402.020667
poia_zt_authenticator,PoIA with ZT-Authenticator,10,1333,0.003542,0.033166,1.743542,1.91575,3.700875,3403.700875
poia_zt_authenticator,PoIA with ZT-Authenticator,10,1334,0.004084,0.034416,1.751708,2.067,3.862583,3403.862583
poia_zt_authenticator,PoIA with ZT-Authenticator,10,1335,0.003541,0.04,1.715625,2.267666,4.053167,3404.053167
poia_zt_authenticator,PoIA with ZT-Authenticator,10,1336,0.004167,0.048542,1.661167,2.4075,4.128333,3404.128333
poia_zt_authenticator,PoIA with ZT-Authenticator,10,1337,0.003458,0.052,3.125708,3.024417,6.213459,3406.213459
poia_zt_authenticator,PoIA with ZT-Authenticator,10,1338,0.004375,0.042458,1.473458,3.272626,4.808209,3404.808209
poia_zt_authenticator,PoIA with ZT-Authenticator,10,1339,0.0045,0.045291,3.228708,4.520208,7.804834,3407.804834
poia_zt_authenticator,PoIA with ZT-Authenticator,10,1340,0.003458,0.034042,1.661042,3.13425,4.837833,3404.837833
poia_zt_authenticator,PoIA with ZT-Authenticator,10,1341,0.00675,0.045791,3.114626,0.27825,3.450792,3403.450792
poia_zt_authenticator,PoIA with ZT-Authenticator,10,1342,0.004,0.041167,1.486792,5.152459,6.689834,3406.689834
poia_zt_authenticator,PoIA with ZT-Authenticator,10,1343,0.007916,0.155334,0.153875,2.506167,2.831167,3402.831167
poia_zt_authenticator,PoIA with ZT-Authenticator,10,1344,0.005167,0.044959,1.981542,0.249791,2.28675,3402.28675
poia_zt_authenticator,PoIA with ZT-Authenticator,10,1345,0.003958,0.102584,2.947,1.886333,4.947584,3404.947584
poia_zt_authenticator,PoIA with ZT-Authenticator,10,1346,0.005333,0.076041,2.79825,1.9405,4.82575,3404.82575
poia_zt_authenticator,PoIA with ZT-Authenticator,10,1347,0.006333,0.052625,1.821542,0.227333,2.111833,3402.111833
poia_zt_authenticator,PoIA with ZT-Authenticator,10,1348,0.00475,0.048625,1.709625,0.249375,2.017041,3402.017041
poia_zt_authenticator,PoIA with ZT-Authenticator,10,1349,0.004833,0.046042,1.914125,1.789666,3.761583,3403.761583
poia_zt_authenticator,PoIA with ZT-Authenticator,10,1350,0.00425,0.115375,4.30625,1.82325,6.255375,3406.255375
poia_zt_authenticator,PoIA with ZT-Authenticator,10,1351,0.003584,0.040917,0.124,0.22325,0.395375,3400.395375
poia_zt_authenticator,PoIA with ZT-Authenticator,10,1352,0.00675,0.223291,2.161333,3.081333,5.480208,3405.480208
poia_zt_authenticator,PoIA with ZT-Authenticator,10,1353,0.003666,0.070583,1.568084,0.247792,1.894875,3401.894875
poia_zt_authenticator,PoIA with ZT-Authenticator,10,1354,0.004167,0.043458,1.511042,0.248042,1.811542,3401.811542
poia_zt_authenticator,PoIA with ZT-Authenticator,10,1355,0.00375,0.139667,1.9615,2.918791,5.03475,3405.03475
poia_zt_authenticator,PoIA with ZT-Authenticator,10,1356,0.005333,0.047958,1.805,1.590375,3.455,3403.455
poia_zt_authenticator,PoIA with ZT-Authenticator,10,1357,0.004708,0.045708,1.534542,1.635084,3.226125,3403.226125
poia_zt_authenticator,PoIA with ZT-Authenticator,10,1358,0.003541,0.033625,1.482958,1.605916,3.131917,3403.131917
poia_zt_authenticator,PoIA with ZT-Authenticator,10,1359,0.004208,0.041041,4.857334,1.980625,6.889125,3406.889125
poia_zt_authenticator,PoIA with ZT-Authenticator,10,1360,0.004,0.0415,0.125042,0.232541,0.407166,3400.407166
poia_zt_authenticator,PoIA with ZT-Authenticator,10,1361,0.004083,0.034041,1.990375,0.286208,2.319584,3402.319584
poia_zt_authenticator,PoIA with ZT-Authenticator,10,1362,0.002583,0.032625,1.594459,2.078541,3.714208,3403.714208
poia_zt_authenticator,PoIA with ZT-Authenticator,10,1363,0.003708,0.041166,1.5695,2.135458,3.755666,3403.755666
poia_zt_authenticator,PoIA with ZT-Authenticator,10,1364,0.003792,0.033791,1.783666,5.314583,7.141667,3407.141667
poia_zt_authenticator,PoIA with ZT-Authenticator,10,1365,0.004292,0.04325,2.13,1.151833,3.336208,3403.336208
poia_zt_authenticator,PoIA with ZT-Authenticator,10,1366,0.003917,0.041333,2.218208,2.921458,5.190959,3405.190959
poia_zt_authenticator,PoIA with ZT-Authenticator,10,1367,0.004958,0.069333,0.1285,3.017833,3.226,3403.226
poia_zt_authenticator,PoIA with ZT-Authenticator,10,1368,0.003708,0.040667,3.0035,0.251292,3.30375,3403.30375
poia_zt_authenticator,PoIA with ZT-Authenticator,10,1369,0.004958,0.287875,1.982208,0.2565,2.544459,3402.544459
poia_zt_authenticator,PoIA with ZT-Authenticator,10,1370,0.003333,0.03525,2.858375,1.758125,4.661041,3404.661041
poia_zt_authenticator,PoIA with ZT-Authenticator,10,1371,0.004042,0.040542,4.575667,1.762292,6.388667,3406.388667
poia_zt_authenticator,PoIA with ZT-Authenticator,10,1372,0.003458,0.034708,2.860459,1.772917,4.677333,3404.677333
poia_zt_authenticator,PoIA with ZT-Authenticator,10,1373,0.00375,0.048667,4.957166,1.811292,6.829708,3406.829708
poia_zt_authenticator,PoIA with ZT-Authenticator,10,1374,0.004083,0.034416,2.523291,0.685208,3.257,3403.257
poia_zt_authenticator,PoIA with ZT-Authenticator,10,1375,0.005041,0.096416,1.703875,2.938167,4.751291,3404.751291
poia_zt_authenticator,PoIA with ZT-Authenticator,10,1376,0.004875,0.045334,1.880708,2.782792,4.719792,3404.719792
poia_zt_authenticator,PoIA with ZT-Authenticator,10,1377,0.003166,0.032875,8.304166,2.609166,10.955167,3410.955167
poia_zt_authenticator,PoIA with ZT-Authenticator,10,1378,0.003708,0.040333,4.104667,2.5135,6.668042,3406.668042
poia_zt_authenticator,PoIA with ZT-Authenticator,10,1379,0.004041,0.035666,2.355875,2.511,4.915375,3404.915375
poia_zt_authenticator,PoIA with ZT-Authenticator,10,1380,0.003916,0.043625,2.743334,2.330916,5.128417,3405.128417
poia_zt_authenticator,PoIA with ZT-Authenticator,10,1381,0.004667,0.04325,2.888917,2.204125,5.147125,3405.147125
poia_zt_authenticator,PoIA with ZT-Authenticator,10,1382,0.009083,0.100834,2.782459,2.189875,5.088791,3405.088791
poia_zt_authenticator,PoIA with ZT-Authenticator,10,1383,0.003917,0.040875,2.086625,0.323833,2.461167,3402.461167
poia_zt_authenticator,PoIA with ZT-Authenticator,10,1384,0.004167,0.042166,4.598,2.119792,6.772666,3406.772666
poia_zt_authenticator,PoIA with ZT-Authenticator,10,1385,0.005292,0.041917,0.133042,1.88625,2.072459,3402.072459
poia_zt_authenticator,PoIA with ZT-Authenticator,10,1386,0.005792,0.070125,2.181208,1.931625,4.195916,3404.195916
poia_zt_authenticator,PoIA with ZT-Authenticator,10,1387,0.006208,0.046459,1.78,0.452,2.292084,3402.292084
poia_zt_authenticator,PoIA with ZT-Authenticator,10,1388,0.004416,0.0445,2.158959,1.951208,4.165167,3404.165167
poia_zt_authenticator,PoIA with ZT-Authenticator,10,1389,0.004292,0.078708,2.068708,1.997,4.155208,3404.155208
poia_zt_authenticator,PoIA with ZT-Authenticator,10,1390,0.00375,0.058208,3.678,0.3375,4.083834,3404.083834
poia_zt_authenticator,PoIA with ZT-Authenticator,10,1391,0.005625,0.0415,3.908875,1.922667,5.885375,3405.885375
poia_zt_authenticator,PoIA with ZT-Authenticator,10,1392,0.00375,0.041083,1.991708,0.298542,2.340917,3402.340917
poia_zt_authenticator,PoIA with ZT-Authenticator,10,1393,0.005458,0.0455,1.900375,0.269666,2.226292,3402.226292
poia_zt_authenticator,PoIA with ZT-Authenticator,10,1394,0.00375,0.0435,1.884917,0.261792,2.198875,3402.198875
poia_zt_authenticator,PoIA with ZT-Authenticator,10,1395,0.00375,0.04225,1.890541,1.791417,3.73375,3403.73375
poia_zt_authenticator,PoIA with ZT-Authenticator,10,1396,0.003666,0.137709,1.654583,0.250041,2.05175,3402.05175
poia_zt_authenticator,PoIA with ZT-Authenticator,10,1397,0.004167,0.043417,4.868875,0.273084,5.199458,3405.199458
poia_zt_authenticator,PoIA with ZT-Authenticator,10,1398,0.003875,0.039916,4.929333,0.250541,5.228792,3405.228792
poia_zt_authenticator,PoIA with ZT-Authenticator,10,1399,0.003583,0.034084,1.667417,0.260583,1.970834,3401.970834
poia_zt_authenticator,PoIA with ZT-Authenticator,10,1400,0.004417,0.035458,0.148625,0.276667,0.470625,3400.470625
poia_zt_authenticator,PoIA with ZT-Authenticator,10,1401,0.004042,0.041667,1.686625,0.287542,2.024625,3402.024625
poia_zt_authenticator,PoIA with ZT-Authenticator,10,1402,0.003291,0.033291,1.727333,0.271417,2.040459,3402.040459
poia_zt_authenticator,PoIA with ZT-Authenticator,10,1403,0.030292,0.043792,1.6485,0.250708,1.980916,3401.980916
poia_zt_authenticator,PoIA with ZT-Authenticator,10,1404,0.004417,0.040083,1.823542,3.02125,4.895292,3404.895292
poia_zt_authenticator,PoIA with ZT-Authenticator,10,1405,0.004083,0.0475,1.781542,3.224834,5.063042,3405.063042
poia_zt_authenticator,PoIA with ZT-Authenticator,10,1406,0.003542,0.033667,1.660583,0.295417,1.998125,3401.998125
poia_zt_authenticator,PoIA with ZT-Authenticator,10,1407,0.004125,0.044541,4.416958,0.249625,4.720583,3404.720583
poia_zt_authenticator,PoIA with ZT-Authenticator,10,1408,0.004208,0.057875,3.286459,3.081833,6.436459,3406.436459
poia_zt_authenticator,PoIA with ZT-Authenticator,10,1409,0.0035,0.034292,1.70625,0.249291,1.998084,3401.998084
poia_zt_authenticator,PoIA with ZT-Authenticator,10,1410,0.003542,0.033292,1.704958,0.248959,1.995375,3401.995375
poia_zt_authenticator,PoIA with ZT-Authenticator,10,1411,0.003958,0.035458,1.6675,0.335,2.050375,3402.050375
poia_zt_authenticator,PoIA with ZT-Authenticator,10,1412,0.006625,0.047125,4.48325,1.699375,6.243917,3406.243917
poia_zt_authenticator,PoIA with ZT-Authenticator,10,1413,0.003792,0.040833,1.665208,0.275833,1.990584,3401.990584
poia_zt_authenticator,PoIA with ZT-Authenticator,10,1414,0.003458,0.034,1.697292,0.258333,1.997834,3401.997834
poia_zt_authenticator,PoIA with ZT-Authenticator,10,1415,0.004084,0.034166,1.703,1.786875,3.534875,3403.534875
poia_zt_authenticator,PoIA with ZT-Authenticator,10,1416,0.003791,0.040917,2.331792,0.340084,2.722458,3402.722458
poia_zt_authenticator,PoIA with ZT-Authenticator,10,1417,0.003375,0.034583,2.409916,0.350625,2.829333,3402.829333
poia_zt_authenticator,PoIA with ZT-Authenticator,10,1418,0.0035,0.034292,1.694959,2.657291,4.395792,3404.395792
poia_zt_authenticator,PoIA with ZT-Authenticator,10,1419,0.003917,0.0445,3.103958,4.103708,7.262458,3407.262458
poia_zt_authenticator,PoIA with ZT-Authenticator,10,1420,0.003833,0.033625,0.3475,2.581625,2.972916,3402.972916
poia_zt_authenticator,PoIA with ZT-Authenticator,10,1421,0.003375,0.03375,1.674416,2.747959,4.465166,3404.465166
poia_zt_authenticator,PoIA with ZT-Authenticator,10,1422,0.00375,0.042375,5.1125,2.228209,7.395042,3407.395042
poia_zt_authenticator,PoIA with ZT-Authenticator,10,1423,0.00375,0.041167,1.646417,5.627458,7.324833,3407.324833
poia_zt_authenticator,PoIA with ZT-Authenticator,10,1424,0.004,0.035333,1.609416,7.252459,8.907583,3408.907583
poia_zt_authenticator,PoIA with ZT-Authenticator,10,1425,0.004375,0.276166,2.348916,3.456,6.096459,3406.096459
poia_zt_authenticator,PoIA with ZT-Authenticator,10,1426,0.006417,0.050208,3.585125,0.352958,4.0015,3404.0015
poia_zt_authenticator,PoIA with ZT-Authenticator,10,1427,0.004208,0.040916,2.2165,3.524167,5.791791,3405.791791
poia_zt_authenticator,PoIA with ZT-Authenticator,10,1428,0.008375,0.078083,3.524917,0.337292,3.955083,3403.955083
poia_zt_authenticator,PoIA with ZT-Authenticator,10,1429,0.005166,0.048125,2.358417,3.221208,5.640416,3405.640416
poia_zt_authenticator,PoIA with ZT-Authenticator,10,1430,0.004333,0.041625,2.610167,2.964,5.626625,3405.626625
poia_zt_authenticator,PoIA with ZT-Authenticator,10,1431,0.004416,0.042708,2.669958,2.855125,5.583334,3405.583334
poia_zt_authenticator,PoIA with ZT-Authenticator,10,1432,0.004167,0.044542,3.588792,1.699584,5.343208,3405.343208
poia_zt_authenticator,PoIA with ZT-Authenticator,10,1433,0.007292,0.1345,1.810625,0.310083,2.26975,3402.26975
poia_zt_authenticator,PoIA with ZT-Authenticator,10,1434,0.004084,0.119833,2.28525,4.766666,7.183083,3407.183083
poia_zt_authenticator,PoIA with ZT-Authenticator,10,1435,0.004833,0.042625,1.751333,0.245583,2.049333,3402.049333
poia_zt_authenticator,PoIA with ZT-Authenticator,10,1436,0.004958,0.048334,1.979042,6.705916,8.744334,3408.744334
poia_zt_authenticator,PoIA with ZT-Authenticator,10,1437,0.003792,0.042583,1.679417,0.312709,2.045,3402.045
poia_zt_authenticator,PoIA with ZT-Authenticator,10,1438,0.00375,0.037417,1.756667,1.756042,3.559541,3403.559541
poia_zt_authenticator,PoIA with ZT-Authenticator,10,1439,0.004625,0.049625,1.705458,0.307334,2.072334,3402.072334
poia_zt_authenticator,PoIA with ZT-Authenticator,10,1440,0.004,0.041958,3.113584,0.305208,3.470833,3403.470833
poia_zt_authenticator,PoIA with ZT-Authenticator,10,1441,0.004,0.040458,1.740334,1.84025,3.631,3403.631
poia_zt_authenticator,PoIA with ZT-Authenticator,10,1442,0.003958,0.040791,3.219458,0.255459,3.524417,3403.524417
poia_zt_authenticator,PoIA with ZT-Authenticator,10,1443,0.004375,0.051042,1.8015,0.253708,2.116292,3402.116292
poia_zt_authenticator,PoIA with ZT-Authenticator,10,1444,0.003583,0.057542,1.687,3.231917,4.986167,3404.986167
poia_zt_authenticator,PoIA with ZT-Authenticator,10,1445,0.003458,0.036875,3.135541,0.284333,3.465791,3403.465791
poia_zt_authenticator,PoIA with ZT-Authenticator,10,1446,0.005333,0.040458,1.718875,3.07175,4.842083,3404.842083
poia_zt_authenticator,PoIA with ZT-Authenticator,10,1447,0.003959,0.042625,1.694167,1.715458,3.462125,3403.462125
poia_zt_authenticator,PoIA with ZT-Authenticator,10,1448,0.00375,0.034042,1.61125,0.379291,2.033959,3402.033959
poia_zt_authenticator,PoIA with ZT-Authenticator,10,1449,0.004,0.035625,1.70875,1.805042,3.559417,3403.559417
poia_zt_authenticator,PoIA with ZT-Authenticator,10,1450,0.003667,0.047375,0.176,0.270292,0.502333,3400.502333
poia_zt_authenticator,PoIA with ZT-Authenticator,10,1451,0.004125,0.051833,1.499166,1.836167,3.397208,3403.397208
poia_zt_authenticator,PoIA with ZT-Authenticator,10,1452,0.004333,0.045208,2.943209,1.869875,4.868791,3404.868791
poia_zt_authenticator,PoIA with ZT-Authenticator,10,1453,0.003708,0.033875,1.598625,1.796041,3.438375,3403.438375
poia_zt_authenticator,PoIA with ZT-Authenticator,10,1454,0.004083,0.042959,2.467209,0.564875,3.088375,3403.088375
poia_zt_authenticator,PoIA with ZT-Authenticator,10,1455,0.003542,0.041042,2.874667,0.255792,3.179791,3403.179791
poia_zt_authenticator,PoIA with ZT-Authenticator,10,1456,0.004416,0.035791,2.877041,0.263959,3.186458,3403.186458
poia_zt_authenticator,PoIA with ZT-Authenticator,10,1457,0.0035,0.039958,3.54625,2.391375,5.988,3405.988
poia_zt_authenticator,PoIA with ZT-Authenticator,10,1458,0.004958,0.042125,5.660291,1.855,7.571583,3407.571583
poia_zt_authenticator,PoIA with ZT-Authenticator,10,1459,0.009542,0.112875,1.658375,0.247667,2.034709,3402.034709
poia_zt_authenticator,PoIA with ZT-Authenticator,10,1460,0.004458,0.073375,1.754041,4.357792,6.197083,3406.197083
poia_zt_authenticator,PoIA with ZT-Authenticator,10,1461,0.004375,0.042625,3.046625,1.7035,4.802917,3404.802917
poia_zt_authenticator,PoIA with ZT-Authenticator,10,1462,0.006,0.047208,0.174667,0.277166,0.510459,3400.510459
poia_zt_authenticator,PoIA with ZT-Authenticator,10,1463,0.005625,0.04125,1.722958,0.322125,2.098292,3402.098292
poia_zt_authenticator,PoIA with ZT-Authenticator,10,1464,0.003542,0.039833,4.1635,1.791833,6.004208,3406.004208
poia_zt_authenticator,PoIA with ZT-Authenticator,10,1465,0.004666,0.043209,2.904625,0.289542,3.247,3403.247
poia_zt_authenticator,PoIA with ZT-Authenticator,10,1466,0.004208,0.036666,1.475709,1.741083,3.264583,3403.264583
poia_zt_authenticator,PoIA with ZT-Authenticator,10,1467,0.004541,0.171208,2.613208,3.2665,6.064792,3406.064792
poia_zt_authenticator,PoIA with ZT-Authenticator,10,1468,0.003292,0.033042,5.732167,3.107833,8.882416,3408.882416
poia_zt_authenticator,PoIA with ZT-Authenticator,10,1469,0.003208,0.036125,1.55925,0.320709,1.927625,3401.927625
poia_zt_authenticator,PoIA with ZT-Authenticator,10,1470,0.003667,0.035,1.761083,0.253041,2.057791,3402.057791
poia_zt_authenticator,PoIA with ZT-Authenticator,10,1471,0.004167,0.04,1.664042,0.275,1.98825,3401.98825
poia_zt_authenticator,PoIA with ZT-Authenticator,10,1472,0.003792,0.065167,1.574416,0.248958,1.897333,3401.897333
poia_zt_authenticator,PoIA with ZT-Authenticator,10,1473,0.003875,0.042,3.366541,1.614792,5.033083,3405.033083
poia_zt_authenticator,PoIA with ZT-Authenticator,10,1474,0.003291,0.033916,3.329458,1.5435,4.91625,3404.91625
poia_zt_authenticator,PoIA with ZT-Authenticator,10,1475,0.004625,0.036125,1.489959,0.268792,1.805,3401.805
poia_zt_authenticator,PoIA with ZT-Authenticator,10,1476,0.004792,0.057875,1.659583,3.045917,4.77425,3404.77425
poia_zt_authenticator,PoIA with ZT-Authenticator,10,1477,0.004291,0.040667,1.725208,1.641833,3.41775,3403.41775
poia_zt_authenticator,PoIA with ZT-Authenticator,10,1478,0.003542,0.035,1.617208,0.246666,1.907167,3401.907167
poia_zt_authenticator,PoIA with ZT-Authenticator,10,1479,0.003833,0.036292,4.259458,0.249541,4.553833,3404.553833
poia_zt_authenticator,PoIA with ZT-Authenticator,10,1480,0.003833,0.033916,1.589291,0.246542,1.87825,3401.87825
poia_zt_authenticator,PoIA with ZT-Authenticator,10,1481,0.003708,0.042,1.552,0.24775,1.85,3401.85
poia_zt_authenticator,PoIA with ZT-Authenticator,10,1482,0.004125,0.043292,1.488,0.247,1.787125,3401.787125
poia_zt_authenticator,PoIA with ZT-Authenticator,10,1483,0.003583,0.040667,1.44575,0.308041,1.803333,3401.803333
poia_zt_authenticator,PoIA with ZT-Authenticator,10,1484,0.003458,0.033459,1.534459,0.247167,1.823042,3401.823042
poia_zt_authenticator,PoIA with ZT-Authenticator,10,1485,0.003208,0.033333,1.533458,0.253208,1.827875,3401.827875
poia_zt_authenticator,PoIA with ZT-Authenticator,10,1486,0.003875,0.033666,1.517417,1.574917,3.136,3403.136
poia_zt_authenticator,PoIA with ZT-Authenticator,10,1487,0.003541,0.034292,1.395167,0.248375,1.686416,3401.686416
poia_zt_authenticator,PoIA with ZT-Authenticator,10,1488,0.004125,0.035125,4.24925,0.250083,4.54375,3404.54375
poia_zt_authenticator,PoIA with ZT-Authenticator,10,1489,0.00325,0.042375,1.478834,0.249,1.778334,3401.778334
poia_zt_authenticator,PoIA with ZT-Authenticator,10,1490,0.003416,0.047042,1.537792,1.521125,3.115208,3403.115208
poia_zt_authenticator,PoIA with ZT-Authenticator,10,1491,0.003875,0.041375,1.788541,6.667542,8.507333,3408.507333
poia_zt_authenticator,PoIA with ZT-Authenticator,10,1492,0.003667,0.040125,4.076584,1.552333,5.678458,3405.678458
poia_zt_authenticator,PoIA with ZT-Authenticator,10,1493,0.0035,0.034083,1.539125,2.840916,4.423291,3404.423291
poia_zt_authenticator,PoIA with ZT-Authenticator,10,1494,0.004,0.036208,1.473334,1.627083,3.146958,3403.146958
poia_zt_authenticator,PoIA with ZT-Authenticator,10,1495,0.003542,0.034084,1.656167,0.255375,1.954,3401.954
poia_zt_authenticator,PoIA with ZT-Authenticator,10,1496,0.00375,0.043291,1.619667,0.248209,1.919541,3401.919541
poia_zt_authenticator,PoIA with ZT-Authenticator,10,1497,0.003459,0.03425,1.515958,1.58425,3.144,3403.144
poia_zt_authenticator,PoIA with ZT-Authenticator,10,1498,0.003917,0.034375,1.515125,1.673042,3.232333,3403.232333
poia_zt_authenticator,PoIA with ZT-Authenticator,10,1499,0.003958,0.041083,1.585917,0.245917,1.88175,3401.88175
poia_zt_authenticator,PoIA with ZT-Authenticator,10,1500,0.004208,0.050292,1.530583,0.25775,1.847667,3401.847667
poia_zt_authenticator,PoIA with ZT-Authenticator,10,1501,0.003584,0.033541,1.501125,0.540958,2.08975,3402.08975
poia_zt_authenticator,PoIA with ZT-Authenticator,10,1502,0.005083,0.046875,1.632708,2.763083,4.454458,3404.454458
poia_zt_authenticator,PoIA with ZT-Authenticator,10,1503,0.004084,0.043625,1.485583,5.723375,7.26225,3407.26225
poia_zt_authenticator,PoIA with ZT-Authenticator,10,1504,0.004584,0.042625,2.608041,5.904833,8.56625,3408.56625
poia_zt_authenticator,PoIA with ZT-Authenticator,10,1505,0.003333,0.033958,3.535375,0.270167,3.848458,3403.848458
poia_zt_authenticator,PoIA with ZT-Authenticator,10,1506,0.003875,0.035417,3.543709,0.258958,3.847083,3403.847083
poia_zt_authenticator,PoIA with ZT-Authenticator,10,1507,0.004167,0.042709,2.103292,3.073667,5.230291,3405.230291
poia_zt_authenticator,PoIA with ZT-Authenticator,10,1508,0.004084,0.039958,2.554125,2.743042,5.349042,3405.349042
poia_zt_authenticator,PoIA with ZT-Authenticator,10,1509,0.004708,0.104584,2.170792,0.270416,2.557917,3402.557917
poia_zt_authenticator,PoIA with ZT-Authenticator,10,1510,0.006,0.159292,1.79725,0.273042,2.242584,3402.242584
poia_zt_authenticator,PoIA with ZT-Authenticator,10,1511,0.004125,0.037042,1.760167,0.251125,2.057667,3402.057667
poia_zt_authenticator,PoIA with ZT-Authenticator,10,1512,0.004292,0.036667,1.750667,0.250041,2.046667,3402.046667
poia_zt_authenticator,PoIA with ZT-Authenticator,10,1513,0.005375,0.06375,1.531625,0.268958,1.875917,3401.875917
poia_zt_authenticator,PoIA with ZT-Authenticator,10,1514,0.004333,0.046209,1.551959,7.576208,9.187375,3409.187375
poia_zt_authenticator,PoIA with ZT-Authenticator,10,1515,0.00375,0.033541,1.575833,6.506833,8.12625,3408.12625
poia_zt_authenticator,PoIA with ZT-Authenticator,10,1516,0.009458,0.0935,3.153125,3.714542,6.97825,3406.97825
poia_zt_authenticator,PoIA with ZT-Authenticator,10,1517,0.003833,0.034459,2.187042,0.288333,2.519541,3402.519541
poia_zt_authenticator,PoIA with ZT-Authenticator,10,1518,0.003708,0.033458,2.240417,0.254958,2.5375,3402.5375
poia_zt_authenticator,PoIA with ZT-Authenticator,10,1519,0.003708,0.034042,2.232875,0.266916,2.542167,3402.542167
poia_zt_authenticator,PoIA with ZT-Authenticator,10,1520,0.005542,0.096375,2.082583,0.252625,2.444208,3402.444208
poia_zt_authenticator,PoIA with ZT-Authenticator,10,1521,0.003708,0.035833,1.994791,1.780292,3.820041,3403.820041
poia_zt_authenticator,PoIA with ZT-Authenticator,10,1522,0.008375,0.06025,2.434291,4.812334,7.321833,3407.321833
poia_zt_authenticator,PoIA with ZT-Authenticator,10,1523,0.003959,0.045542,1.496375,3.608209,5.160083,3405.160083
poia_zt_authenticator,PoIA with ZT-Authenticator,10,1524,0.004458,0.043792,1.602958,0.278625,1.934791,3401.934791
poia_zt_authenticator,PoIA with ZT-Authenticator,10,1525,0.003583,0.042208,1.60225,0.279209,1.932125,3401.932125
poia_zt_authenticator,PoIA with ZT-Authenticator,10,1526,0.003916,0.034708,1.615458,0.2465,1.90525,3401.90525
poia_zt_authenticator,PoIA with ZT-Authenticator,10,1527,0.003916,0.034917,1.60875,0.250417,1.902875,3401.902875
poia_zt_authenticator,PoIA with ZT-Authenticator,10,1528,0.004125,0.047625,1.580625,1.612958,3.251708,3403.251708
poia_zt_authenticator,PoIA with ZT-Authenticator,10,1529,0.004333,0.044625,1.709208,0.250417,2.01375,3402.01375
poia_zt_authenticator,PoIA with ZT-Authenticator,10,1530,0.004292,0.045334,1.660958,0.249042,1.964709,3401.964709
poia_zt_authenticator,PoIA with ZT-Authenticator,10,1531,0.00375,0.035708,1.610167,0.26325,1.917667,3401.917667
poia_zt_authenticator,PoIA with ZT-Authenticator,10,1532,0.004,0.071333,2.934209,0.253666,3.268542,3403.268542
poia_zt_authenticator,PoIA with ZT-Authenticator,10,1533,0.003875,0.034292,1.6325,0.246292,1.921792,3401.921792
poia_zt_authenticator,PoIA with ZT-Authenticator,10,1534,0.003875,0.173458,1.461833,0.249291,1.894542,3401.894542
poia_zt_authenticator,PoIA with ZT-Authenticator,10,1535,0.003667,0.034125,1.620375,1.500916,3.164833,3403.164833
poia_zt_authenticator,PoIA with ZT-Authenticator,10,1536,0.0035,0.033125,2.872583,0.247291,3.161209,3403.161209
poia_zt_authenticator,PoIA with ZT-Authenticator,10,1537,0.003416,0.0345,1.462416,0.248208,1.75325,3401.75325
poia_zt_authenticator,PoIA with ZT-Authenticator,10,1538,0.003541,0.03575,1.989667,7.023625,9.058708,3409.058708
poia_zt_authenticator,PoIA with ZT-Authenticator,10,1539,0.003792,0.034375,1.465,1.525625,3.034583,3403.034583
poia_zt_authenticator,PoIA with ZT-Authenticator,10,1540,0.003458,0.035291,1.460708,1.568875,3.07425,3403.07425
poia_zt_authenticator,PoIA with ZT-Authenticator,10,1541,0.003709,0.042042,1.537375,0.268208,1.856375,3401.856375
poia_zt_authenticator,PoIA with ZT-Authenticator,10,1542,0.004209,0.035,2.681375,0.248792,2.974125,3402.974125
poia_zt_authenticator,PoIA with ZT-Authenticator,10,1543,0.003792,0.034667,1.561,0.245709,1.850084,3401.850084
poia_zt_authenticator,PoIA with ZT-Authenticator,10,1544,0.004042,0.034708,1.551417,0.24925,1.844375,3401.844375
poia_zt_authenticator,PoIA with ZT-Authenticator,10,1545,0.003834,0.044375,1.503542,1.586959,3.144375,3403.144375
poia_zt_authenticator,PoIA with ZT-Authenticator,10,1546,0.00775,0.08325,9.769,0.248625,10.114,3410.114
poia_zt_authenticator,PoIA with ZT-Authenticator,10,1547,0.003583,0.033583,1.451709,0.245375,1.738959,3401.738959
poia_zt_authenticator,PoIA with ZT-Authenticator,10,1548,0.003542,0.033542,1.520333,2.920291,4.485917,3404.485917
poia_zt_authenticator,PoIA with ZT-Authenticator,10,1549,0.003584,0.033125,1.75,0.323708,2.11575,3402.11575
poia_zt_authenticator,PoIA with ZT-Authenticator,10,1550,0.00425,0.04175,1.5575,2.069291,3.678875,3403.678875
poia_zt_authenticator,PoIA with ZT-Authenticator,10,1551,0.004333,0.041167,1.518958,2.204459,3.775125,3403.775125
poia_zt_authenticator,PoIA with ZT-Authenticator,10,1552,0.004125,0.059959,0.125334,0.2965,0.491208,3400.491208
poia_zt_authenticator,PoIA with ZT-Authenticator,10,1553,0.003417,0.033291,2.375667,0.250292,2.66725,3402.66725
poia_zt_authenticator,PoIA with ZT-Authenticator,10,1554,0.003209,0.061916,2.366667,0.255791,2.692583,3402.692583
poia_zt_authenticator,PoIA with ZT-Authenticator,10,1555,0.003542,0.033708,1.776375,2.114083,3.934458,3403.934458
poia_zt_authenticator,PoIA with ZT-Authenticator,10,1556,0.075541,0.052167,1.957583,0.319334,2.413084,3402.413084
poia_zt_authenticator,PoIA with ZT-Authenticator,10,1557,0.004541,0.044417,1.630125,0.450083,2.136042,3402.136042
poia_zt_authenticator,PoIA with ZT-Authenticator,10,1558,0.005083,0.051917,0.137,0.232541,0.431166,3400.431166
poia_zt_authenticator,PoIA with ZT-Authenticator,10,1559,0.006208,0.048375,1.804542,1.969666,3.835417,3403.835417
poia_zt_authenticator,PoIA with ZT-Authenticator,10,1560,0.003708,0.045625,0.11375,1.951708,2.11975,3402.11975
poia_zt_authenticator,PoIA with ZT-Authenticator,10,1561,0.00825,0.084791,3.709292,1.927209,5.737083,3405.737083
poia_zt_authenticator,PoIA with ZT-Authenticator,10,1562,0.00375,0.034292,3.716542,0.252375,4.011917,3404.011917
poia_zt_authenticator,PoIA with ZT-Authenticator,10,1563,0.005292,0.04225,3.504417,0.259041,3.817042,3403.817042
poia_zt_authenticator,PoIA with ZT-Authenticator,10,1564,0.003291,0.128042,0.182333,1.777375,2.09675,3402.09675
poia_zt_authenticator,PoIA with ZT-Authenticator,10,1565,0.004208,0.044459,8.152208,1.83375,10.040666,3410.040666
poia_zt_authenticator,PoIA with ZT-Authenticator,10,1566,0.004,0.041416,6.634125,1.783666,8.469,3408.469
poia_zt_authenticator,PoIA with ZT-Authenticator,10,1567,0.003666,0.033875,1.884917,3.299667,5.228042,3405.228042
poia_zt_authenticator,PoIA with ZT-Authenticator,10,1568,0.004083,0.034875,1.629458,0.2475,1.9205,3401.9205
poia_zt_authenticator,PoIA with ZT-Authenticator,10,1569,0.003792,0.034541,1.6215,0.25025,1.914917,3401.914917
poia_zt_authenticator,PoIA with ZT-Authenticator,10,1570,0.004667,0.076666,1.766292,1.530584,3.384709,3403.384709
poia_zt_authenticator,PoIA with ZT-Authenticator,10,1571,0.005458,0.045333,1.581292,1.572625,3.212333,3403.212333
poia_zt_authenticator,PoIA with ZT-Authenticator,10,1572,0.0035,0.033125,9.744792,1.534917,11.321958,3411.321958
poia_zt_authenticator,PoIA with ZT-Authenticator,10,1573,0.003833,0.040791,1.790416,2.904375,4.7455,3404.7455
poia_zt_authenticator,PoIA with ZT-Authenticator,10,1574,0.004209,0.042375,2.899709,0.311833,3.262917,3403.262917
poia_zt_authenticator,PoIA with ZT-Authenticator,10,1575,0.004667,0.047083,1.507166,1.673792,3.238417,3403.238417
poia_zt_authenticator,PoIA with ZT-Authenticator,10,1576,0.003792,0.033458,1.623083,0.290583,1.955958,3401.955958
poia_zt_authenticator,PoIA with ZT-Authenticator,10,1577,0.00425,0.04325,1.527959,1.658375,3.239417,3403.239417
poia_zt_authenticator,PoIA with ZT-Authenticator,10,1578,0.004416,0.062708,1.513834,1.781542,3.372625,3403.372625
poia_zt_authenticator,PoIA with ZT-Authenticator,10,1579,0.004167,0.04525,1.838916,0.247375,2.14075,3402.14075
poia_zt_authenticator,PoIA with ZT-Authenticator,10,1580,0.0035,0.033542,3.143541,0.25675,3.441834,3403.441834
poia_zt_authenticator,PoIA with ZT-Authenticator,10,1581,0.004,0.063792,3.121041,0.248375,3.441834,3403.441834
poia_zt_authenticator,PoIA with ZT-Authenticator,10,1582,0.004209,0.043625,1.658709,1.719375,3.432042,3403.432042
poia_zt_authenticator,PoIA with ZT-Authenticator,10,1583,0.005584,0.046916,1.546792,0.252333,1.85775,3401.85775
poia_zt_authenticator,PoIA with ZT-Authenticator,10,1584,0.003875,0.041667,3.097083,0.251834,3.399542,3403.399542
poia_zt_authenticator,PoIA with ZT-Authenticator,10,1585,0.003958,0.034334,1.507917,0.251875,1.803208,3401.803208
poia_zt_authenticator,PoIA with ZT-Authenticator,10,1586,0.004,0.037917,3.004334,0.247541,3.298583,3403.298583
poia_zt_authenticator,PoIA with ZT-Authenticator,10,1587,0.004,0.041208,1.686292,1.575875,3.313375,3403.313375
poia_zt_authenticator,PoIA with ZT-Authenticator,10,1588,0.004625,0.044875,1.482083,0.247125,1.78375,3401.78375
poia_zt_authenticator,PoIA with ZT-Authenticator,10,1589,0.003458,0.050834,4.296917,0.255833,4.612125,3404.612125
poia_zt_authenticator,PoIA with ZT-Authenticator,10,1590,0.003708,0.043292,1.730041,2.817208,4.600083,3404.600083
poia_zt_authenticator,PoIA with ZT-Authenticator,10,1591,0.00325,0.034042,1.514,0.246125,1.802125,3401.802125
poia_zt_authenticator,PoIA with ZT-Authenticator,10,1592,0.02225,0.035458,1.492916,0.251,1.806584,3401.806584
poia_zt_authenticator,PoIA with ZT-Authenticator,10,1593,0.003916,0.033333,1.429416,0.249708,1.721292,3401.721292
poia_zt_authenticator,PoIA with ZT-Authenticator,10,1594,0.003833,0.0345,1.4335,0.253667,1.730666,3401.730666
poia_zt_authenticator,PoIA with ZT-Authenticator,10,1595,0.00325,0.032458,2.815583,1.429375,4.286542,3404.286542
poia_zt_authenticator,PoIA with ZT-Authenticator,10,1596,0.003625,0.049084,2.663291,0.404458,3.126333,3403.126333
poia_zt_authenticator,PoIA with ZT-Authenticator,10,1597,0.00375,0.045917,2.678083,1.695041,4.428875,3404.428875
poia_zt_authenticator,PoIA with ZT-Authenticator,10,1598,0.003916,0.033833,1.465458,3.055708,4.565833,3404.565833
poia_zt_authenticator,PoIA with ZT-Authenticator,10,1599,0.031208,0.094,0.301708,0.271459,0.706,3400.706
poia_zt_authenticator,PoIA with ZT-Authenticator,10,1600,0.003917,0.0345,2.160875,0.300375,2.504834,3402.504834
poia_zt_authenticator,PoIA with ZT-Authenticator,10,1601,0.003625,0.032334,5.137042,2.130625,7.309625,3407.309625
poia_zt_authenticator,PoIA with ZT-Authenticator,10,1602,0.00325,0.033875,1.462833,2.297,3.80275,3403.80275
poia_zt_authenticator,PoIA with ZT-Authenticator,10,1603,0.004417,0.054333,1.750917,0.321416,2.136375,3402.136375
poia_zt_authenticator,PoIA with ZT-Authenticator,10,1604,0.003875,0.040959,1.763,0.305334,2.118375,3402.118375
poia_zt_authenticator,PoIA with ZT-Authenticator,10,1605,0.003875,0.043666,0.121125,1.817667,1.991167,3401.991167
poia_zt_authenticator,PoIA with ZT-Authenticator,10,1606,0.019334,0.129416,2.296959,1.822375,4.285417,3404.285417
poia_zt_authenticator,PoIA with ZT-Authenticator,10,1607,0.004041,0.042292,4.915625,1.760334,6.728083,3406.728083
poia_zt_authenticator,PoIA with ZT-Authenticator,10,1608,0.00375,0.03425,3.694208,1.830416,5.568375,3405.568375
poia_zt_authenticator,PoIA with ZT-Authenticator,10,1609,0.003667,0.039791,3.767417,1.880208,5.695833,3405.695833
poia_zt_authenticator,PoIA with ZT-Authenticator,10,1610,0.0055,0.03475,1.845167,1.944833,3.836625,3403.836625
poia_zt_authenticator,PoIA with ZT-Authenticator,10,1611,0.003833,0.0345,3.4945,3.512959,7.051792,3407.051792
poia_zt_authenticator,PoIA with ZT-Authenticator,10,1612,0.005917,0.047959,5.311709,0.257292,5.629375,3405.629375
poia_zt_authenticator,PoIA with ZT-Authenticator,10,1613,0.004791,0.036708,2.076083,0.256666,2.379833,3402.379833
poia_zt_authenticator,PoIA with ZT-Authenticator,10,1614,0.003666,0.041375,1.957,0.269458,2.276459,3402.276459
poia_zt_authenticator,PoIA with ZT-Authenticator,10,1615,0.005541,0.046625,1.75925,0.257,2.074584,3402.074584
poia_zt_authenticator,PoIA with ZT-Authenticator,10,1616,0.004667,0.055084,1.51475,0.247791,1.827708,3401.827708
poia_zt_authenticator,PoIA with ZT-Authenticator,10,1617,0.004166,0.043209,3.201958,0.253916,3.5085,3403.5085
poia_zt_authenticator,PoIA with ZT-Authenticator,10,1618,0.00375,0.036333,1.487958,0.246208,1.779459,3401.779459
poia_zt_authenticator,PoIA with ZT-Authenticator,10,1619,0.004,0.052,1.477625,0.246083,1.784667,3401.784667
poia_zt_authenticator,PoIA with ZT-Authenticator,10,1620,0.003542,0.033083,1.4495,0.245541,1.736458,3401.736458
poia_zt_authenticator,PoIA with ZT-Authenticator,10,1621,0.003459,0.04975,1.42575,0.271,1.754833,3401.754833
poia_zt_authenticator,PoIA with ZT-Authenticator,10,1622,0.003625,0.034209,1.444375,0.245625,1.732417,3401.732417
poia_zt_authenticator,PoIA with ZT-Authenticator,10,1623,0.003584,0.033375,1.439792,0.250917,1.732458,3401.732458
poia_zt_authenticator,PoIA with ZT-Authenticator,10,1624,0.00425,0.046083,2.789625,1.488542,4.33475,3404.33475
poia_zt_authenticator,PoIA with ZT-Authenticator,10,1625,0.00375,0.054292,1.440417,0.246583,1.75,3401.75
poia_zt_authenticator,PoIA with ZT-Authenticator,10,1626,0.003833,0.03525,1.4335,0.248625,1.726291,3401.726291
poia_zt_authenticator,PoIA with ZT-Authenticator,10,1627,0.003708,0.032917,1.441291,1.486875,2.97075,3402.97075
poia_zt_authenticator,PoIA with ZT-Authenticator,10,1628,0.003459,0.033,1.436792,1.666916,3.145917,3403.145917
poia_zt_authenticator,PoIA with ZT-Authenticator,10,1629,0.003625,0.041125,5.749833,1.405042,7.205375,3407.205375
poia_zt_authenticator,PoIA with ZT-Authenticator,10,1630,0.004167,0.043584,2.003958,5.135625,7.193125,3407.193125
poia_zt_authenticator,PoIA with ZT-Authenticator,10,1631,0.006625,0.046125,6.622208,0.246792,6.92825,3406.92825
poia_zt_authenticator,PoIA with ZT-Authenticator,10,1632,0.003791,0.034959,1.534208,0.247167,1.825125,3401.825125
poia_zt_authenticator,PoIA with ZT-Authenticator,10,1633,0.003792,0.034041,1.4485,1.580917,3.073125,3403.073125
poia_zt_authenticator,PoIA with ZT-Authenticator,10,1634,0.003667,0.043666,1.324875,1.5805,2.958625,3402.958625
poia_zt_authenticator,PoIA with ZT-Authenticator,10,1635,0.003708,0.048375,1.540292,0.270583,1.867875,3401.867875
poia_zt_authenticator,PoIA with ZT-Authenticator,10,1636,0.004209,0.040458,1.455416,0.243042,1.747792,3401.747792
poia_zt_authenticator,PoIA with ZT-Authenticator,10,1637,0.0035,0.033333,2.66325,0.251208,2.956042,3402.956042
poia_zt_authenticator,PoIA with ZT-Authenticator,10,1638,0.003792,0.033666,1.449917,0.276083,1.768416,3401.768416
poia_zt_authenticator,PoIA with ZT-Authenticator,10,1639,0.003916,0.039833,1.496084,1.46775,3.013375,3403.013375
poia_zt_authenticator,PoIA with ZT-Authenticator,10,1640,0.003625,0.033458,1.43525,4.07125,5.566875,3405.566875
poia_zt_authenticator,PoIA with ZT-Authenticator,10,1641,0.00375,0.033917,1.518125,0.24625,1.806833,3401.806833
poia_zt_authenticator,PoIA with ZT-Authenticator,10,1642,0.004083,0.040416,2.733833,0.249084,3.032333,3403.032333
poia_zt_authenticator,PoIA with ZT-Authenticator,10,1643,0.004209,0.040625,2.755875,1.524208,4.330666,3404.330666
poia_zt_authenticator,PoIA with ZT-Authenticator,10,1644,0.003375,0.033042,1.431625,1.823209,3.300334,3403.300334
poia_zt_authenticator,PoIA with ZT-Authenticator,10,1645,0.003958,0.041416,2.504833,0.366333,2.925375,3402.925375
poia_zt_authenticator,PoIA with ZT-Authenticator,10,1646,0.003375,0.033042,1.526958,2.756375,4.327542,3404.327542
poia_zt_authenticator,PoIA with ZT-Authenticator,10,1647,0.003375,0.033458,1.523792,4.291125,5.857458,3405.857458
poia_zt_authenticator,PoIA with ZT-Authenticator,10,1648,0.003792,0.033583,3.032375,0.328583,3.404125,3403.404125
poia_zt_authenticator,PoIA with ZT-Authenticator,10,1649,0.003833,0.071667,0.156625,3.089833,3.32875,3403.32875
poia_zt_authenticator,PoIA with ZT-Authenticator,10,1650,0.005458,0.046792,2.093959,0.330375,2.482375,3402.482375
poia_zt_authenticator,PoIA with ZT-Authenticator,10,1651,0.003667,0.033542,5.844208,0.298916,6.185666,3406.185666
poia_zt_authenticator,PoIA with ZT-Authenticator,10,1652,0.00375,0.039792,1.427791,6.095083,7.572459,3407.572459
poia_zt_authenticator,PoIA with ZT-Authenticator,10,1653,0.0035,0.03375,3.069916,2.05475,5.167416,3405.167416
poia_zt_authenticator,PoIA with ZT-Authenticator,10,1654,0.009083,0.093375,2.825375,1.987334,4.92175,3404.92175
poia_zt_authenticator,PoIA with ZT-Authenticator,10,1655,0.004125,0.050916,4.497041,2.024958,6.58275,3406.58275
poia_zt_authenticator,PoIA with ZT-Authenticator,10,1656,0.006791,0.054625,0.135125,3.547042,3.750791,3403.750791
poia_zt_authenticator,PoIA with ZT-Authenticator,10,1657,0.008333,0.088209,3.582167,0.25275,3.936709,3403.936709
poia_zt_authenticator,PoIA with ZT-Authenticator,10,1658,0.004542,0.044666,1.939916,0.266667,2.261458,3402.261458
poia_zt_authenticator,PoIA with ZT-Authenticator,10,1659,0.004375,0.044958,1.655167,1.929125,3.639708,3403.639708
poia_zt_authenticator,PoIA with ZT-Authenticator,10,1660,0.005083,0.042208,1.94025,1.768375,3.762875,3403.762875
poia_zt_authenticator,PoIA with ZT-Authenticator,10,1661,0.004,0.041458,1.625542,0.250958,1.92675,3401.92675
poia_zt_authenticator,PoIA with ZT-Authenticator,10,1662,0.004375,0.042625,1.581375,0.247042,1.880083,3401.880083
poia_zt_authenticator,PoIA with ZT-Authenticator,10,1663,0.00375,0.035167,1.577958,0.246084,1.867833,3401.867833
poia_zt_authenticator,PoIA with ZT-Authenticator,10,1664,0.004125,0.036917,1.567833,0.250375,1.864125,3401.864125
poia_zt_authenticator,PoIA with ZT-Authenticator,10,1665,0.005125,0.060334,1.686542,1.4865,3.244916,3403.244916
poia_zt_authenticator,PoIA with ZT-Authenticator,10,1666,0.003542,0.036459,4.3975,0.274583,4.716834,3404.716834
poia_zt_authenticator,PoIA with ZT-Authenticator,10,1667,0.004334,0.04625,3.2255,1.572625,4.854375,3404.854375
poia_zt_authenticator,PoIA with ZT-Authenticator,10,1668,0.00325,0.033709,1.534209,0.252084,1.828333,3401.828333
poia_zt_authenticator,PoIA with ZT-Authenticator,10,1669,0.004167,0.190625,1.713042,2.859666,4.774708,3404.774708
poia_zt_authenticator,PoIA with ZT-Authenticator,10,1670,0.003417,0.032542,1.561291,0.268459,1.870541,3401.870541
poia_zt_authenticator,PoIA with ZT-Authenticator,10,1671,0.003916,0.034083,1.580583,0.247208,1.870417,3401.870417
poia_zt_authenticator,PoIA with ZT-Authenticator,10,1672,0.003708,0.042541,1.452,2.765708,4.269791,3404.269791
poia_zt_authenticator,PoIA with ZT-Authenticator,10,1673,0.003667,0.033958,2.803,1.439708,4.286,3404.286
poia_zt_authenticator,PoIA with ZT-Authenticator,10,1674,0.00375,0.050875,1.449333,1.407708,2.917708,3402.917708
poia_zt_authenticator,PoIA with ZT-Authenticator,10,1675,0.004042,0.043291,4.038709,1.450042,5.542125,3405.542125
poia_zt_authenticator,PoIA with ZT-Authenticator,10,1676,0.00375,0.040167,1.42625,1.478708,2.954792,3402.954792
poia_zt_authenticator,PoIA with ZT-Authenticator,10,1677,0.003833,0.034583,1.439666,1.515625,2.999666,3402.999666
poia_zt_authenticator,PoIA with ZT-Authenticator,10,1678,0.003792,0.040125,1.406792,1.644875,3.101333,3403.101333
poia_zt_authenticator,PoIA with ZT-Authenticator,10,1679,0.004208,0.042833,2.748416,1.674458,4.475625,3404.475625
poia_zt_authenticator,PoIA with ZT-Authenticator,10,1680,0.004167,0.042459,1.635459,0.257375,1.944334,3401.944334
poia_zt_authenticator,PoIA with ZT-Authenticator,10,1681,0.003292,0.033417,1.402541,1.705209,3.150167,3403.150167
poia_zt_authenticator,PoIA with ZT-Authenticator,10,1682,0.004,0.040834,1.616584,0.265833,1.932083,3401.932083
poia_zt_authenticator,PoIA with ZT-Authenticator,10,1683,0.003541,0.034375,1.413584,2.898625,4.355833,3404.355833
poia_zt_authenticator,PoIA with ZT-Authenticator,10,1684,0.003916,0.040541,1.459292,0.269208,1.777792,3401.777792
poia_zt_authenticator,PoIA with ZT-Authenticator,10,1685,0.003541,0.039917,1.465667,0.268917,1.782708,3401.782708
poia_zt_authenticator,PoIA with ZT-Authenticator,10,1686,0.003916,0.040417,1.586042,1.491042,3.127334,3403.127334
poia_zt_authenticator,PoIA with ZT-Authenticator,10,1687,0.003833,0.041292,2.778542,0.250084,3.078667,3403.078667
poia_zt_authenticator,PoIA with ZT-Authenticator,10,1688,0.00375,0.040166,1.527333,1.484792,3.061834,3403.061834
poia_zt_authenticator,PoIA with ZT-Authenticator,10,1689,0.003958,0.065083,1.452,1.537959,3.065375,3403.065375
poia_zt_authenticator,PoIA with ZT-Authenticator,10,1690,0.004209,0.043959,1.654416,2.747459,4.455875,3404.455875
poia_zt_authenticator,PoIA with ZT-Authenticator,10,1691,0.003958,0.042625,1.506042,1.812375,3.376417,3403.376417
poia_zt_authenticator,PoIA with ZT-Authenticator,10,1692,0.0035,0.034583,1.499458,2.378583,3.92175,3403.92175
poia_zt_authenticator,PoIA with ZT-Authenticator,10,1693,0.003333,0.033958,1.500708,2.569916,4.113791,3404.113791
poia_zt_authenticator,PoIA with ZT-Authenticator,10,1694,0.003458,0.033458,2.714667,2.672917,5.430125,3405.430125
poia_zt_authenticator,PoIA with ZT-Authenticator,10,1695,0.003375,0.039667,1.485125,2.751709,4.285292,3404.285292
poia_zt_authenticator,PoIA with ZT-Authenticator,10,1696,0.003625,0.033625,1.495292,2.804708,4.343291,3404.343291
poia_zt_authenticator,PoIA with ZT-Authenticator,10,1697,0.003625,0.041042,1.497916,2.857958,4.406208,3404.406208
poia_zt_authenticator,PoIA with ZT-Authenticator,10,1698,0.004083,0.0405,1.536416,2.707583,4.294709,3404.294709
poia_zt_authenticator,PoIA with ZT-Authenticator,10,1699,0.003792,0.040542,2.716084,4.375125,7.144083,3407.144083
poia_zt_authenticator,PoIA with ZT-Authenticator,10,1700,0.009,0.118958,0.260541,2.385917,2.8095,3402.8095
poia_zt_authenticator,PoIA with ZT-Authenticator,10,1701,0.003833,0.042042,2.253125,2.456792,4.762792,3404.762792
poia_zt_authenticator,PoIA with ZT-Authenticator,10,1702,0.004541,0.042958,2.57625,0.320375,2.950875,3402.950875
poia_zt_authenticator,PoIA with ZT-Authenticator,10,1703,0.004291,0.041666,0.121042,2.636583,2.808666,3402.808666
poia_zt_authenticator,PoIA with ZT-Authenticator,10,1704,0.008333,0.087833,2.508167,0.252875,2.863417,3402.863417
poia_zt_authenticator,PoIA with ZT-Authenticator,10,1705,0.005583,0.073,2.36875,0.248916,2.702375,3402.702375
poia_zt_authenticator,PoIA with ZT-Authenticator,10,1706,0.0055,0.071667,2.194458,2.28125,4.55825,3404.55825
poia_zt_authenticator,PoIA with ZT-Authenticator,10,1707,0.005,0.0455,2.207875,2.296709,4.560084,3404.560084
poia_zt_authenticator,PoIA with ZT-Authenticator,10,1708,0.003625,0.041917,2.149167,2.330834,4.531375,3404.531375
poia_zt_authenticator,PoIA with ZT-Authenticator,10,1709,0.003875,0.041791,2.59325,1.818792,4.464541,3404.464541
poia_zt_authenticator,PoIA with ZT-Authenticator,10,1710,0.00575,0.040209,1.76325,0.273417,2.088167,3402.088167
poia_zt_authenticator,PoIA with ZT-Authenticator,10,1711,0.004834,0.043542,1.729959,0.256875,2.040708,3402.040708
poia_zt_authenticator,PoIA with ZT-Authenticator,10,1712,0.008041,0.0915,2.285208,3.955,6.347667,3406.347667
poia_zt_authenticator,PoIA with ZT-Authenticator,10,1713,0.004042,0.09675,1.669625,0.249333,2.024834,3402.024834
poia_zt_authenticator,PoIA with ZT-Authenticator,10,1714,0.003875,0.050333,1.62275,0.265125,1.947,3401.947
poia_zt_authenticator,PoIA with ZT-Authenticator,10,1715,0.004209,0.04325,1.577375,0.250666,1.880667,3401.880667
poia_zt_authenticator,PoIA with ZT-Authenticator,10,1716,0.00425,0.076917,5.100542,0.250292,5.437708,3405.437708
poia_zt_authenticator,PoIA with ZT-Authenticator,10,1717,0.003708,0.034291,1.532,0.266708,1.841584,3401.841584
poia_zt_authenticator,PoIA with ZT-Authenticator,10,1718,0.003708,0.041791,1.521416,0.244792,1.816125,3401.816125
poia_zt_authenticator,PoIA with ZT-Authenticator,10,1719,0.00375,0.033458,1.461291,0.245833,1.7495,3401.7495
poia_zt_authenticator,PoIA with ZT-Authenticator,10,1720,0.005291,0.042833,1.414708,0.25075,1.719709,3401.719709
poia_zt_authenticator,PoIA with ZT-Authenticator,10,1721,0.003625,0.033375,1.76275,2.75075,4.556125,3404.556125
poia_zt_authenticator,PoIA with ZT-Authenticator,10,1722,0.003667,0.043375,1.392917,0.244833,1.689792,3401.689792
poia_zt_authenticator,PoIA with ZT-Authenticator,10,1723,0.0035,0.034791,1.405083,0.249916,1.698125,3401.698125
poia_zt_authenticator,PoIA with ZT-Authenticator,10,1724,0.004459,0.047792,4.08775,1.386,5.531917,3405.531917
poia_zt_authenticator,PoIA with ZT-Authenticator,10,1725,0.003375,0.034,1.445959,1.4255,2.913708,3402.913708
poia_zt_authenticator,PoIA with ZT-Authenticator,10,1726,0.003167,0.033958,1.445541,1.449291,2.937625,3402.937625
poia_zt_authenticator,PoIA with ZT-Authenticator,10,1727,0.003666,0.034833,5.195083,1.496125,6.735458,3406.735458
poia_zt_authenticator,PoIA with ZT-Authenticator,10,1728,0.003709,0.036542,3.916542,1.456042,5.418917,3405.418917
poia_zt_authenticator,PoIA with ZT-Authenticator,10,1729,0.003584,0.033583,1.437792,2.656583,4.137458,3404.137458
poia_zt_authenticator,PoIA with ZT-Authenticator,10,1730,0.003167,0.033667,1.439541,2.809084,4.291,3404.291
poia_zt_authenticator,PoIA with ZT-Authenticator,10,1731,0.003708,0.033709,1.6355,0.253292,1.930959,3401.930959
poia_zt_authenticator,PoIA with ZT-Authenticator,10,1732,0.003833,0.034041,1.648042,0.24975,1.940375,3401.940375
poia_zt_authenticator,PoIA with ZT-Authenticator,10,1733,0.003416,0.03425,1.599792,0.268041,1.910125,3401.910125
poia_zt_authenticator,PoIA with ZT-Authenticator,10,1734,0.003625,0.040208,1.567417,0.2655,1.881375,3401.881375
poia_zt_authenticator,PoIA with ZT-Authenticator,10,1735,0.003875,0.041333,1.354292,2.849042,4.254167,3404.254167
poia_zt_authenticator,PoIA with ZT-Authenticator,10,1736,0.003959,0.044333,2.832875,0.431292,3.320541,3403.320541
poia_zt_authenticator,PoIA with ZT-Authenticator,10,1737,0.00375,0.041167,1.462541,1.806083,3.318708,3403.318708
poia_zt_authenticator,PoIA with ZT-Authenticator,10,1738,0.004041,0.041792,1.379417,2.04075,3.472625,3403.472625
poia_zt_authenticator,PoIA with ZT-Authenticator,10,1739,0.003917,0.059875,2.802791,2.108041,4.980167,3404.980167
poia_zt_authenticator,PoIA with ZT-Authenticator,10,1740,0.003375,0.03425,1.408875,2.285417,3.737209,3403.737209
poia_zt_authenticator,PoIA with ZT-Authenticator,10,1741,0.003417,0.033333,1.434166,2.34375,3.82,3403.82
poia_zt_authenticator,PoIA with ZT-Authenticator,10,1742,0.004209,0.041625,2.869167,2.123375,5.043291,3405.043291
poia_zt_authenticator,PoIA with ZT-Authenticator,10,1743,0.003417,0.044042,1.554125,2.501458,4.108458,3404.108458
poia_zt_authenticator,PoIA with ZT-Authenticator,10,1744,0.004458,0.085083,2.209417,0.25125,2.557166,3402.557166
poia_zt_authenticator,PoIA with ZT-Authenticator,10,1745,0.003833,0.039958,2.021709,2.145042,4.217708,3404.217708
poia_zt_authenticator,PoIA with ZT-Authenticator,10,1746,0.007292,0.104542,2.037167,0.357875,2.516083,3402.516083
poia_zt_authenticator,PoIA with ZT-Authenticator,10,1747,0.003709,0.032834,3.729916,2.097667,5.869417,3405.869417
poia_zt_authenticator,PoIA with ZT-Authenticator,10,1748,0.004667,0.09025,2.063916,0.3625,2.527917,3402.527917
poia_zt_authenticator,PoIA with ZT-Authenticator,10,1749,0.031083,0.051167,2.362667,2.042667,4.496708,3404.496708
poia_zt_authenticator,PoIA with ZT-Authenticator,10,1750,0.003625,0.0345,1.991375,0.275708,2.310208,3402.310208
poia_zt_authenticator,PoIA with ZT-Authenticator,10,1751,0.004416,0.073125,3.687708,0.250458,4.021458,3404.021458
poia_zt_authenticator,PoIA with ZT-Authenticator,10,1752,0.0045,0.044625,1.529834,0.250792,1.834541,3401.834541
poia_zt_authenticator,PoIA with ZT-Authenticator,10,1753,0.003542,0.035458,1.5015,0.268917,1.814042,3401.814042
poia_zt_authenticator,PoIA with ZT-Authenticator,10,1754,0.004542,0.076875,1.910292,2.956542,4.954917,3404.954917
poia_zt_authenticator,PoIA with ZT-Authenticator,10,1755,0.004666,0.044208,1.949917,1.553541,3.558583,3403.558583
poia_zt_authenticator,PoIA with ZT-Authenticator,10,1756,0.005417,0.063542,1.697417,1.544,3.3175,3403.3175
poia_zt_authenticator,PoIA with ZT-Authenticator,10,1757,0.003792,0.034166,1.580375,0.246375,1.869292,3401.869292
poia_zt_authenticator,PoIA with ZT-Authenticator,10,1758,0.004083,0.042666,2.814875,0.2475,3.114083,3403.114083
poia_zt_authenticator,PoIA with ZT-Authenticator,10,1759,0.003917,0.03525,1.510375,1.47725,3.032959,3403.032959
poia_zt_authenticator,PoIA with ZT-Authenticator,10,1760,0.004958,0.043958,4.560042,1.548667,6.164,3406.164
poia_zt_authenticator,PoIA with ZT-Authenticator,10,1761,0.003834,0.0425,3.898791,4.095375,8.0465,3408.0465
poia_zt_authenticator,PoIA with ZT-Authenticator,10,1762,0.00525,0.0685,1.486583,0.27275,1.83825,3401.83825
poia_zt_authenticator,PoIA with ZT-Authenticator,10,1763,0.003834,0.034125,1.492,0.282,1.816667,3401.816667
poia_zt_authenticator,PoIA with ZT-Authenticator,10,1764,0.003875,0.040542,1.508291,1.596458,3.157792,3403.157792
poia_zt_authenticator,PoIA with ZT-Authenticator,10,1765,0.004125,0.041542,1.448,1.70925,3.209333,3403.209333
poia_zt_authenticator,PoIA with ZT-Authenticator,10,1766,0.004042,0.042667,1.685625,0.2525,1.98975,3401.98975
poia_zt_authenticator,PoIA with ZT-Authenticator,10,1767,0.003625,0.0345,1.54875,2.985041,4.577584,3404.577584
poia_zt_authenticator,PoIA with ZT-Authenticator,10,1768,0.003541,0.037542,1.658167,0.280416,1.984792,3401.984792
poia_zt_authenticator,PoIA with ZT-Authenticator,10,1769,0.003625,0.03375,1.54325,1.838792,3.425209,3403.425209
poia_zt_authenticator,PoIA with ZT-Authenticator,10,1770,0.003833,0.05725,1.697625,1.616833,3.381875,3403.381875
poia_zt_authenticator,PoIA with ZT-Authenticator,10,1771,0.003208,0.040167,1.518209,1.651625,3.220541,3403.220541
poia_zt_authenticator,PoIA with ZT-Authenticator,10,1772,0.003917,0.033959,5.79675,0.31,6.149375,3406.149375
poia_zt_authenticator,PoIA with ZT-Authenticator,10,1773,0.003208,0.034,2.962417,0.24775,3.251959,3403.251959
poia_zt_authenticator,PoIA with ZT-Authenticator,10,1774,0.004625,0.039959,1.68775,1.63475,3.373459,3403.373459
poia_zt_authenticator,PoIA with ZT-Authenticator,10,1775,0.005041,0.044917,1.575958,0.310791,1.942209,3401.942209
poia_zt_authenticator,PoIA with ZT-Authenticator,10,1776,0.004,0.045916,1.599958,1.729417,3.3855,3403.3855
poia_zt_authenticator,PoIA with ZT-Authenticator,10,1777,0.003625,0.040708,1.657083,1.576834,3.284833,3403.284833
poia_zt_authenticator,PoIA with ZT-Authenticator,10,1778,0.003709,0.040041,1.505791,0.249458,1.803625,3401.803625
poia_zt_authenticator,PoIA with ZT-Authenticator,10,1779,0.004167,0.034542,1.476084,0.2695,1.7895,3401.7895
poia_zt_authenticator,PoIA with ZT-Authenticator,10,1780,0.004125,0.042208,1.485541,1.496709,3.034292,3403.034292
poia_zt_authenticator,PoIA with ZT-Authenticator,10,1781,0.003541,0.033917,3.158375,1.584375,4.78575,3404.78575
poia_zt_authenticator,PoIA with ZT-Authenticator,10,1782,0.004042,0.05225,1.552458,1.6285,3.243208,3403.243208
poia_zt_authenticator,PoIA with ZT-Authenticator,10,1783,0.003916,0.035791,2.968791,1.680625,4.695,3404.695
poia_zt_authenticator,PoIA with ZT-Authenticator,10,1784,0.003417,0.032666,1.600958,1.675584,3.318291,3403.318291
poia_zt_authenticator,PoIA with ZT-Authenticator,10,1785,0.003958,0.042125,1.645541,0.405917,2.11225,3402.11225
poia_zt_authenticator,PoIA with ZT-Authenticator,10,1786,0.003709,0.040167,2.802167,0.246917,3.097542,3403.097542
poia_zt_authenticator,PoIA with ZT-Authenticator,10,1787,0.003791,0.033583,1.708125,0.367708,2.118791,3402.118791
poia_zt_authenticator,PoIA with ZT-Authenticator,10,1788,0.004,0.041833,1.873084,0.300125,2.223917,3402.223917
poia_zt_authenticator,PoIA with ZT-Authenticator,10,1789,0.004417,0.044,1.667625,4.610042,6.331834,3406.331834
poia_zt_authenticator,PoIA with ZT-Authenticator,10,1790,0.005041,0.045666,0.121375,0.290459,0.466667,3400.466667
poia_zt_authenticator,PoIA with ZT-Authenticator,10,1791,0.004166,0.03375,1.709875,2.096708,3.849792,3403.849792
poia_zt_authenticator,PoIA with ZT-Authenticator,10,1792,0.0045,0.051833,1.680916,2.386542,4.133791,3404.133791
poia_zt_authenticator,PoIA with ZT-Authenticator,10,1793,0.017042,0.105166,2.192916,0.249333,2.574,3402.574
poia_zt_authenticator,PoIA with ZT-Authenticator,10,1794,0.003875,0.041542,3.550084,0.254875,3.854958,3403.854958
poia_zt_authenticator,PoIA with ZT-Authenticator,10,1795,0.003458,0.044,1.994708,2.051166,4.098875,3404.098875
poia_zt_authenticator,PoIA with ZT-Authenticator,10,1796,0.003458,0.041959,1.990291,0.381166,2.42525,3402.42525
poia_zt_authenticator,PoIA with ZT-Authenticator,10,1797,0.003667,0.041042,3.577084,1.910125,5.537916,3405.537916
poia_zt_authenticator,PoIA with ZT-Authenticator,10,1798,0.005375,0.045125,1.809333,3.682917,5.548208,3405.548208
poia_zt_authenticator,PoIA with ZT-Authenticator,10,1799,0.003583,0.033833,1.85075,0.332458,2.226,3402.226
poia_zt_authenticator,PoIA with ZT-Authenticator,10,1800,0.025125,0.0515,1.996125,2.192417,4.271542,3404.271542
poia_zt_authenticator,PoIA with ZT-Authenticator,10,1801,0.007792,0.048667,3.710292,0.249209,4.023083,3404.023083
poia_zt_authenticator,PoIA with ZT-Authenticator,10,1802,0.004458,0.042458,2.078209,0.249417,2.379541,3402.379541
poia_zt_authenticator,PoIA with ZT-Authenticator,10,1803,0.004917,0.04625,1.666666,2.052792,3.7765,3403.7765
poia_zt_authenticator,PoIA with ZT-Authenticator,10,1804,0.003625,0.039958,3.689917,3.415084,7.154084,3407.154084
poia_zt_authenticator,PoIA with ZT-Authenticator,10,1805,0.003542,0.033667,1.855917,1.920208,3.820875,3403.820875
poia_zt_authenticator,PoIA with ZT-Authenticator,10,1806,0.005417,0.133083,1.672958,0.274625,2.093125,3402.093125
poia_zt_authenticator,PoIA with ZT-Authenticator,10,1807,0.004,0.043125,1.5645,0.271875,1.888541,3401.888541
poia_zt_authenticator,PoIA with ZT-Authenticator,10,1808,0.003917,0.033584,1.570334,0.250875,1.863584,3401.863584
poia_zt_authenticator,PoIA with ZT-Authenticator,10,1809,0.003292,0.033916,1.570625,0.247875,1.860667,3401.860667
poia_zt_authenticator,PoIA with ZT-Authenticator,10,1810,0.004042,0.040167,1.41225,0.268708,1.7305,3401.7305
poia_zt_authenticator,PoIA with ZT-Authenticator,10,1811,0.003792,0.042416,4.577917,0.267875,4.897208,3404.897208
poia_zt_authenticator,PoIA with ZT-Authenticator,10,1812,0.003917,0.0415,1.993,2.749708,4.793833,3404.793833
poia_zt_authenticator,PoIA with ZT-Authenticator,10,1813,0.003625,0.039541,1.470958,1.5645,3.084375,3403.084375
poia_zt_authenticator,PoIA with ZT-Authenticator,10,1814,0.0035,0.043208,2.671167,0.270708,2.993666,3402.993666
poia_zt_authenticator,PoIA with ZT-Authenticator,10,1815,0.004542,0.038292,1.474791,0.268334,1.791042,3401.791042
poia_zt_authenticator,PoIA with ZT-Authenticator,10,1816,0.003833,0.041667,2.71875,1.538542,4.308875,3404.308875
poia_zt_authenticator,PoIA with ZT-Authenticator,10,1817,0.003458,0.033625,1.521083,1.477042,3.041042,3403.041042
poia_zt_authenticator,PoIA with ZT-Authenticator,10,1818,0.004041,0.072167,1.476625,0.245792,1.803667,3401.803667
poia_zt_authenticator,PoIA with ZT-Authenticator,10,1819,0.003792,0.0405,5.762416,1.471333,7.283917,3407.283917
poia_zt_authenticator,PoIA with ZT-Authenticator,10,1820,0.003667,0.04175,1.41625,0.265583,1.732,3401.732
poia_zt_authenticator,PoIA with ZT-Authenticator,10,1821,0.003583,0.034333,1.441292,2.741084,4.226375,3404.226375
poia_zt_authenticator,PoIA with ZT-Authenticator,10,1822,0.0035,0.033459,1.519917,2.693708,4.256125,3404.256125
poia_zt_authenticator,PoIA with ZT-Authenticator,10,1823,0.004083,0.041708,1.432833,0.296208,1.779625,3401.779625
poia_zt_authenticator,PoIA with ZT-Authenticator,10,1824,0.004084,0.034958,1.459125,1.439125,2.94325,3402.94325
poia_zt_authenticator,PoIA with ZT-Authenticator,10,1825,0.004042,0.041041,1.400416,0.288708,1.739541,3401.739541
poia_zt_authenticator,PoIA with ZT-Authenticator,10,1826,0.003125,0.032792,1.495875,1.415416,2.952833,3402.952833
poia_zt_authenticator,PoIA with ZT-Authenticator,10,1827,0.003417,0.034792,1.391,0.284375,1.718333,3401.718333
poia_zt_authenticator,PoIA with ZT-Authenticator,10,1828,0.003833,0.040417,1.446375,1.501833,2.998333,3402.998333
poia_zt_authenticator,PoIA with ZT-Authenticator,10,1829,0.00325,0.033541,1.456458,1.55325,3.05225,3403.05225
poia_zt_authenticator,PoIA with ZT-Authenticator,10,1830,0.003417,0.034334,1.470958,2.78175,4.296208,3404.296208
poia_zt_authenticator,PoIA with ZT-Authenticator,10,1831,0.003791,0.039666,2.645125,1.587833,4.282209,3404.282209
poia_zt_authenticator,PoIA with ZT-Authenticator,10,1832,0.004208,0.040667,1.402,1.640333,3.093375,3403.093375
poia_zt_authenticator,PoIA with ZT-Authenticator,10,1833,0.004458,0.037834,3.864541,2.848792,6.761666,3406.761666
poia_zt_authenticator,PoIA with ZT-Authenticator,10,1834,0.003667,0.039792,1.564542,1.509875,3.123959,3403.123959
poia_zt_authenticator,PoIA with ZT-Authenticator,10,1835,0.003625,0.042291,1.549541,1.74775,3.352542,3403.352542
poia_zt_authenticator,PoIA with ZT-Authenticator,10,1836,0.003833,0.040083,1.652541,2.56725,4.270416,3404.270416
poia_zt_authenticator,PoIA with ZT-Authenticator,10,1837,0.003458,0.034708,1.631833,2.854708,4.530583,3404.530583
poia_zt_authenticator,PoIA with ZT-Authenticator,10,1838,0.003709,0.043708,1.562208,2.939,4.554584,3404.554584
poia_zt_authenticator,PoIA with ZT-Authenticator,10,1839,0.00375,0.040208,1.518375,2.996792,4.564709,3404.564709
poia_zt_authenticator,PoIA with ZT-Authenticator,10,1840,0.003875,0.042834,1.477917,3.091625,4.622125,3404.622125
poia_zt_authenticator,PoIA with ZT-Authenticator,10,1841,0.003875,0.054333,3.001208,0.252417,3.370834,3403.370834
poia_zt_authenticator,PoIA with ZT-Authenticator,10,1842,0.003917,0.041917,2.124625,2.549375,4.726417,3404.726417
poia_zt_authenticator,PoIA with ZT-Authenticator,10,1843,0.003417,0.040583,2.154917,2.553167,4.75875,3404.75875
poia_zt_authenticator,PoIA with ZT-Authenticator,10,1844,0.004,0.062167,1.834584,0.25,2.155583,3402.155583
poia_zt_authenticator,PoIA with ZT-Authenticator,10,1845,0.0035,0.067459,1.890125,4.267666,6.234875,3406.234875
poia_zt_authenticator,PoIA with ZT-Authenticator,10,1846,0.004291,0.044208,1.68825,0.415333,2.158083,3402.158083
poia_zt_authenticator,PoIA with ZT-Authenticator,10,1847,0.003541,0.091875,1.810667,0.246208,2.15975,3402.15975
poia_zt_authenticator,PoIA with ZT-Authenticator,10,1848,0.022291,0.053792,1.947458,1.700084,3.731041,3403.731041
poia_zt_authenticator,PoIA with ZT-Authenticator,10,1849,0.003708,0.069458,3.214292,0.245916,3.538208,3403.538208
poia_zt_authenticator,PoIA with ZT-Authenticator,10,1850,0.003333,0.033666,1.586125,0.255083,1.883042,3401.883042
poia_zt_authenticator,PoIA with ZT-Authenticator,10,1851,0.006625,0.048375,2.762083,3.220666,6.044708,3406.044708
poia_zt_authenticator,PoIA with ZT-Authenticator,10,1852,0.004041,0.041541,1.581333,0.24575,1.877542,3401.877542
poia_zt_authenticator,PoIA with ZT-Authenticator,10,1853,0.003709,0.04225,2.99975,0.251417,3.301958,3403.301958
poia_zt_authenticator,PoIA with ZT-Authenticator,10,1854,0.004,0.043583,1.795375,3.151916,5.00175,3405.00175
poia_zt_authenticator,PoIA with ZT-Authenticator,10,1855,0.003958,0.043791,1.586542,1.501167,3.141209,3403.141209
poia_zt_authenticator,PoIA with ZT-Authenticator,10,1856,0.004041,0.042917,1.7225,2.900792,4.676542,3404.676542
poia_zt_authenticator,PoIA with ZT-Authenticator,10,1857,0.003292,0.048708,1.531167,0.264542,1.852416,3401.852416
poia_zt_authenticator,PoIA with ZT-Authenticator,10,1858,0.003291,0.034875,1.551333,0.248542,1.842833,3401.842833
poia_zt_authenticator,PoIA with ZT-Authenticator,10,1859,0.003458,0.033209,1.387459,1.567916,2.997708,3402.997708
poia_zt_authenticator,PoIA with ZT-Authenticator,10,1860,0.00475,0.038709,1.506334,1.46425,3.019875,3403.019875
poia_zt_authenticator,PoIA with ZT-Authenticator,10,1861,0.00375,0.0405,1.467708,1.588416,3.106542,3403.106542
poia_zt_authenticator,PoIA with ZT-Authenticator,10,1862,0.004791,0.045042,1.557791,0.249042,1.86175,3401.86175
poia_zt_authenticator,PoIA with ZT-Authenticator,10,1863,0.003667,0.041167,1.51575,0.249125,1.814292,3401.814292
poia_zt_authenticator,PoIA with ZT-Authenticator,10,1864,0.003375,0.034083,2.892,2.686125,5.621291,3405.621291
poia_zt_authenticator,PoIA with ZT-Authenticator,10,1865,0.004084,0.041834,1.37025,0.285416,1.707541,3401.707541
poia_zt_authenticator,PoIA with ZT-Authenticator,10,1866,0.003292,0.034375,1.422708,0.403917,1.870625,3401.870625
poia_zt_authenticator,PoIA with ZT-Authenticator,10,1867,0.003458,0.034041,1.484708,1.661042,3.188875,3403.188875
poia_zt_authenticator,PoIA with ZT-Authenticator,10,1868,0.002958,0.034208,1.484083,1.706833,3.234041,3403.234041
poia_zt_authenticator,PoIA with ZT-Authenticator,10,1869,0.0035,0.039875,1.45025,1.754416,3.253833,3403.253833
poia_zt_authenticator,PoIA with ZT-Authenticator,10,1870,0.00425,0.042167,1.420791,1.787375,3.260333,3403.260333
poia_zt_authenticator,PoIA with ZT-Authenticator,10,1871,0.004125,0.040916,0.140792,0.224625,0.414666,3400.414666
poia_zt_authenticator,PoIA with ZT-Authenticator,10,1872,0.004083,0.043334,2.8015,3.022667,5.877375,3405.877375
poia_zt_authenticator,PoIA with ZT-Authenticator,10,1873,0.004125,0.053959,1.781459,0.273833,2.118375,3402.118375
poia_zt_authenticator,PoIA with ZT-Authenticator,10,1874,0.028375,0.049166,1.500583,6.961875,8.546125,3408.546125
poia_zt_authenticator,PoIA with ZT-Authenticator,10,1875,0.003958,0.043791,1.674834,1.495625,3.224208,3403.224208
poia_zt_authenticator,PoIA with ZT-Authenticator,10,1876,0.003417,0.034375,1.563166,2.970292,4.576917,3404.576917
poia_zt_authenticator,PoIA with ZT-Authenticator,10,1877,0.002833,0.0335,1.49725,0.267583,1.8055,3401.8055
poia_zt_authenticator,PoIA with ZT-Authenticator,10,1878,0.004167,0.043833,1.627333,1.526084,3.206958,3403.206958
poia_zt_authenticator,PoIA with ZT-Authenticator,10,1879,0.003833,0.039833,1.599833,1.555208,3.204333,3403.204333
poia_zt_authenticator,PoIA with ZT-Authenticator,10,1880,0.003917,0.0425,1.55725,1.592917,3.2025,3403.2025
poia_zt_authenticator,PoIA with ZT-Authenticator,10,1881,0.003542,0.048542,1.506708,1.636834,3.201417,3403.201417
poia_zt_authenticator,PoIA with ZT-Authenticator,10,1882,0.0035,0.057917,0.127875,0.223208,0.416125,3400.416125
poia_zt_authenticator,PoIA with ZT-Authenticator,10,1883,0.003583,0.035333,1.490667,1.606041,3.141291,3403.141291
poia_zt_authenticator,PoIA with ZT-Authenticator,10,1884,0.003875,0.041709,1.646375,2.754417,4.452375,3404.452375
poia_zt_authenticator,PoIA with ZT-Authenticator,10,1885,0.003792,0.040166,2.84425,3.1125,6.007,3406.007
poia_zt_authenticator,PoIA with ZT-Authenticator,10,1886,0.003959,0.04025,1.551166,3.225333,4.826208,3404.826208
poia_zt_authenticator,PoIA with ZT-Authenticator,10,1887,0.003834,0.034584,1.560125,3.309292,4.913958,3404.913958
poia_zt_authenticator,PoIA with ZT-Authenticator,10,1888,0.003458,0.049083,1.743708,3.164709,4.968291,3404.968291
poia_zt_authenticator,PoIA with ZT-Authenticator,10,1889,0.003583,0.03975,2.110208,2.808583,4.96925,3404.96925
poia_zt_authenticator,PoIA with ZT-Authenticator,10,1890,0.003708,0.041291,2.5185,2.400958,4.97125,3404.97125
poia_zt_authenticator,PoIA with ZT-Authenticator,10,1891,0.003833,0.042083,3.988333,2.264916,6.305208,3406.305208
poia_zt_authenticator,PoIA with ZT-Authenticator,10,1892,0.002875,0.033209,2.993042,1.931875,4.968666,3404.968666
poia_zt_authenticator,PoIA with ZT-Authenticator,10,1893,0.00575,0.084042,1.785667,0.247875,2.130167,3402.130167
poia_zt_authenticator,PoIA with ZT-Authenticator,10,1894,0.003792,0.043916,1.72775,0.254708,2.035292,3402.035292
poia_zt_authenticator,PoIA with ZT-Authenticator,10,1895,0.003958,0.040833,1.713917,0.244458,2.007625,3402.007625
poia_zt_authenticator,PoIA with ZT-Authenticator,10,1896,0.003917,0.040916,1.669875,0.248459,1.968125,3401.968125
poia_zt_authenticator,PoIA with ZT-Authenticator,10,1897,0.008625,0.060292,2.064,1.675291,3.814333,3403.814333
poia_zt_authenticator,PoIA with ZT-Authenticator,10,1898,0.004167,0.156834,3.183875,3.070542,6.422625,3406.422625
poia_zt_authenticator,PoIA with ZT-Authenticator,10,1899,0.003708,0.034334,1.683167,0.246375,1.972334,3401.972334
poia_zt_authenticator,PoIA with ZT-Authenticator,10,1900,0.005167,0.048417,1.543375,0.252166,1.854625,3401.854625
poia_zt_authenticator,PoIA with ZT-Authenticator,10,1901,0.004042,0.042625,3.163625,0.2455,3.460375,3403.460375
poia_zt_authenticator,PoIA with ZT-Authenticator,10,1902,0.003333,0.033167,1.735625,0.25075,2.027542,3402.027542
poia_zt_authenticator,PoIA with ZT-Authenticator,10,1903,0.003792,0.061625,1.648542,1.724959,3.444708,3403.444708
poia_zt_authenticator,PoIA with ZT-Authenticator,10,1904,0.004875,0.051041,3.051125,1.779583,4.892375,3404.892375
poia_zt_authenticator,PoIA with ZT-Authenticator,10,1905,0.004125,0.042458,1.734292,3.080375,4.867,3404.867
poia_zt_authenticator,PoIA with ZT-Authenticator,10,1906,0.004583,0.142041,1.555917,0.245834,1.955666,3401.955666
poia_zt_authenticator,PoIA with ZT-Authenticator,10,1907,0.003583,0.033917,3.043292,0.277042,3.363083,3403.363083
poia_zt_authenticator,PoIA with ZT-Authenticator,10,1908,0.003791,0.0405,1.519666,0.248166,1.817042,3401.817042
poia_zt_authenticator,PoIA with ZT-Authenticator,10,1909,0.003834,0.041458,1.460083,0.250541,1.760667,3401.760667
poia_zt_authenticator,PoIA with ZT-Authenticator,10,1910,0.003625,0.03375,1.740958,1.349834,3.133625,3403.133625
poia_zt_authenticator,PoIA with ZT-Authenticator,10,1911,0.00375,0.0345,1.421209,0.247709,1.712167,3401.712167
poia_zt_authenticator,PoIA with ZT-Authenticator,10,1912,0.003875,0.035583,1.430375,0.242875,1.717625,3401.717625
poia_zt_authenticator,PoIA with ZT-Authenticator,10,1913,0.003458,0.034167,1.41075,0.224792,1.677,3401.677
poia_zt_authenticator,PoIA with ZT-Authenticator,10,1914,0.003834,0.041,4.172042,1.359208,5.581917,3405.581917
poia_zt_authenticator,PoIA with ZT-Authenticator,10,1915,0.003417,0.033625,2.762167,1.310709,4.115416,3404.115416
poia_zt_authenticator,PoIA with ZT-Authenticator,10,1916,0.003625,0.0345,1.557125,2.55475,4.155625,3404.155625
poia_zt_authenticator,PoIA with ZT-Authenticator,10,1917,0.004291,0.046666,1.741208,3.967875,5.766042,3405.766042
poia_zt_authenticator,PoIA with ZT-Authenticator,10,1918,0.00375,0.034417,1.609542,0.253917,1.906542,3401.906542
poia_zt_authenticator,PoIA with ZT-Authenticator,10,1919,0.003458,0.033333,1.619958,0.250667,1.91225,3401.91225
poia_zt_authenticator,PoIA with ZT-Authenticator,10,1920,0.0035,0.033667,1.387041,1.713917,3.143625,3403.143625
poia_zt_authenticator,PoIA with ZT-Authenticator,10,1921,0.00275,0.033125,1.738875,0.247083,2.026375,3402.026375
poia_zt_authenticator,PoIA with ZT-Authenticator,10,1922,0.003709,0.040209,1.710334,0.248375,2.007083,3402.007083
poia_zt_authenticator,PoIA with ZT-Authenticator,10,1923,0.004375,0.05075,2.644958,2.869792,5.575791,3405.575791
poia_zt_authenticator,PoIA with ZT-Authenticator,10,1924,0.004209,0.048208,4.072333,0.244083,4.373875,3404.373875
poia_zt_authenticator,PoIA with ZT-Authenticator,10,1925,0.003625,0.041333,1.488375,0.252,1.790292,3401.790292
poia_zt_authenticator,PoIA with ZT-Authenticator,10,1926,0.003834,0.041833,2.854667,0.264625,3.170083,3403.170083
poia_zt_authenticator,PoIA with ZT-Authenticator,10,1927,0.003416,0.032958,1.434042,0.265708,1.740792,3401.740792
poia_zt_authenticator,PoIA with ZT-Authenticator,10,1928,0.006167,0.051333,1.455542,1.539875,3.059375,3403.059375
poia_zt_authenticator,PoIA with ZT-Authenticator,10,1929,0.00375,0.0415,2.90175,1.486792,4.439666,3404.439666
poia_zt_authenticator,PoIA with ZT-Authenticator,10,1930,0.004416,0.064792,1.467583,2.031083,3.574833,3403.574833
poia_zt_authenticator,PoIA with ZT-Authenticator,10,1931,0.003333,0.034291,2.741042,2.271667,5.056625,3405.056625
poia_zt_authenticator,PoIA with ZT-Authenticator,10,1932,0.003958,0.041875,2.677541,2.457084,5.186708,3405.186708
poia_zt_authenticator,PoIA with ZT-Authenticator,10,1933,0.00325,0.031959,1.446417,2.541459,4.028833,3404.028833
poia_zt_authenticator,PoIA with ZT-Authenticator,10,1934,0.003125,0.034125,1.451541,2.596166,4.09075,3404.09075
poia_zt_authenticator,PoIA with ZT-Authenticator,10,1935,0.003542,0.032709,2.731334,2.584791,5.358208,3405.358208
poia_zt_authenticator,PoIA with ZT-Authenticator,10,1936,0.00375,0.041167,2.571666,0.301,2.922458,3402.922458
poia_zt_authenticator,PoIA with ZT-Authenticator,10,1937,0.003416,0.033167,1.720167,2.290791,4.053875,3404.053875
poia_zt_authenticator,PoIA with ZT-Authenticator,10,1938,0.003958,0.041042,1.836459,2.184209,4.071791,3404.071791
poia_zt_authenticator,PoIA with ZT-Authenticator,10,1939,0.006375,0.051791,1.956375,0.251166,2.271167,3402.271167
poia_zt_authenticator,PoIA with ZT-Authenticator,10,1940,0.004959,0.121291,1.742833,0.273458,2.149,3402.149
poia_zt_authenticator,PoIA with ZT-Authenticator,10,1941,0.0035,0.033416,1.609958,3.671167,5.325208,3405.325208
poia_zt_authenticator,PoIA with ZT-Authenticator,10,1942,0.004042,0.041542,1.575792,0.283083,1.909625,3401.909625
poia_zt_authenticator,PoIA with ZT-Authenticator,10,1943,0.003666,0.035708,1.549333,0.263,1.856542,3401.856542
poia_zt_authenticator,PoIA with ZT-Authenticator,10,1944,0.003375,0.0345,0.216042,0.276666,0.556125,3400.556125
poia_zt_authenticator,PoIA with ZT-Authenticator,10,1945,0.004166,0.05475,2.875375,0.244458,3.183792,3403.183792
poia_zt_authenticator,PoIA with ZT-Authenticator,10,1946,0.003667,0.034459,1.456084,0.269541,1.769166,3401.769166
poia_zt_authenticator,PoIA with ZT-Authenticator,10,1947,0.003625,0.041,2.769792,0.248375,3.067709,3403.067709
poia_zt_authenticator,PoIA with ZT-Authenticator,10,1948,0.003708,0.059791,4.106208,0.252084,4.427084,3404.427084
poia_zt_authenticator,PoIA with ZT-Authenticator,10,1949,0.003459,0.042666,1.538708,0.259209,1.849375,3401.849375
poia_zt_authenticator,PoIA with ZT-Authenticator,10,1950,0.003625,0.042625,2.726292,1.579542,4.358292,3404.358292
poia_zt_authenticator,PoIA with ZT-Authenticator,10,1951,0.00325,0.034,1.448292,1.615625,3.107083,3403.107083
poia_zt_authenticator,PoIA with ZT-Authenticator,10,1952,0.003417,0.034,1.436458,1.653833,3.133291,3403.133291
poia_zt_authenticator,PoIA with ZT-Authenticator,10,1953,0.003375,0.034958,2.578375,1.703042,4.325791,3404.325791
poia_zt_authenticator,PoIA with ZT-Authenticator,10,1954,0.003583,0.041625,1.483542,2.89225,4.427166,3404.427166
poia_zt_authenticator,PoIA with ZT-Authenticator,10,1955,0.003542,0.033458,1.625916,0.250875,1.918584,3401.918584
poia_zt_authenticator,PoIA with ZT-Authenticator,10,1956,0.004042,0.036,1.621042,0.251542,1.9175,3401.9175
poia_zt_authenticator,PoIA with ZT-Authenticator,10,1957,0.003375,0.033417,1.586291,1.614,3.242875,3403.242875
poia_zt_authenticator,PoIA with ZT-Authenticator,10,1958,0.004667,0.0395,2.770208,1.538541,4.359125,3404.359125
poia_zt_authenticator,PoIA with ZT-Authenticator,10,1959,0.005166,0.051333,5.369417,2.894292,8.326458,3408.326458
poia_zt_authenticator,PoIA with ZT-Authenticator,10,1960,0.004167,0.04125,1.579542,1.492625,3.123167,3403.123167
poia_zt_authenticator,PoIA with ZT-Authenticator,10,1961,0.0035,0.040584,1.464542,0.26725,1.780667,3401.780667
poia_zt_authenticator,PoIA with ZT-Authenticator,10,1962,0.0035,0.042167,1.508625,1.521667,3.081708,3403.081708
poia_zt_authenticator,PoIA with ZT-Authenticator,10,1963,0.004292,0.042666,1.506833,1.488334,3.048083,3403.048083
poia_zt_authenticator,PoIA with ZT-Authenticator,10,1964,0.004,0.042583,2.865833,1.509458,4.427542,3404.427542
poia_zt_authenticator,PoIA with ZT-Authenticator,10,1965,0.004125,0.035041,1.4725,1.552083,3.069291,3403.069291
poia_zt_authenticator,PoIA with ZT-Authenticator,10,1966,0.0035,0.033666,1.4925,1.584584,3.11975,3403.11975
poia_zt_authenticator,PoIA with ZT-Authenticator,10,1967,0.00375,0.04025,1.540292,2.862792,4.452917,3404.452917
poia_zt_authenticator,PoIA with ZT-Authenticator,10,1968,0.003667,0.040417,1.586583,0.272875,1.908,3401.908
poia_zt_authenticator,PoIA with ZT-Authenticator,10,1969,0.003417,0.033583,1.617458,0.24725,1.9065,3401.9065
poia_zt_authenticator,PoIA with ZT-Authenticator,10,1970,0.004042,0.043292,1.472542,1.575333,3.101333,3403.101333
poia_zt_authenticator,PoIA with ZT-Authenticator,10,1971,0.0035,0.046541,1.505916,0.2455,1.806167,3401.806167
poia_zt_authenticator,PoIA with ZT-Authenticator,10,1972,0.003417,0.039959,1.466167,0.247875,1.762166,3401.762166
poia_zt_authenticator,PoIA with ZT-Authenticator,10,1973,0.00375,0.051875,1.472083,2.808625,4.342042,3404.342042
poia_zt_authenticator,PoIA with ZT-Authenticator,10,1974,0.004125,0.042458,1.544459,1.433792,3.03025,3403.03025
poia_zt_authenticator,PoIA with ZT-Authenticator,10,1975,0.003833,0.034,0.112916,0.222,0.376917,3400.376917
poia_zt_authenticator,PoIA with ZT-Authenticator,10,1976,0.003708,0.039666,2.480542,0.2445,2.773042,3402.773042
poia_zt_authenticator,PoIA with ZT-Authenticator,10,1977,0.003166,0.0335,1.433,1.257667,2.732959,3402.732959
poia_zt_authenticator,PoIA with ZT-Authenticator,10,1978,0.00325,0.032958,1.415958,1.313375,2.770042,3402.770042
poia_zt_authenticator,PoIA with ZT-Authenticator,10,1979,0.003917,0.041875,1.553125,2.524542,4.12925,3404.12925
poia_zt_authenticator,PoIA with ZT-Authenticator,10,1980,0.004083,0.042417,2.487333,0.266875,2.80575,3402.80575
poia_zt_authenticator,PoIA with ZT-Authenticator,10,1981,0.003291,0.039708,2.467667,0.265334,2.780917,3402.780917
poia_zt_authenticator,PoIA with ZT-Authenticator,10,1982,0.003292,0.03375,1.419959,0.268959,1.730459,3401.730459
poia_zt_authenticator,PoIA with ZT-Authenticator,10,1983,0.003916,0.0405,1.607917,0.44325,2.103042,3402.103042
poia_zt_authenticator,PoIA with ZT-Authenticator,10,1984,0.003417,0.03275,1.259625,3.153333,4.454167,3404.454167
poia_zt_authenticator,PoIA with ZT-Authenticator,10,1985,0.003333,0.034333,0.110917,2.078125,2.231416,3402.231416
poia_zt_authenticator,PoIA with ZT-Authenticator,10,1986,0.003875,0.043417,1.410125,2.144167,3.607708,3403.607708
poia_zt_authenticator,PoIA with ZT-Authenticator,10,1987,0.003542,0.034125,1.406125,2.202917,3.652458,3403.652458
poia_zt_authenticator,PoIA with ZT-Authenticator,10,1988,0.003667,0.03975,6.234125,2.135458,8.419,3408.419
poia_zt_authenticator,PoIA with ZT-Authenticator,10,1989,0.003291,0.033083,1.771625,1.912875,3.726208,3403.726208
poia_zt_authenticator,PoIA with ZT-Authenticator,10,1990,0.003292,0.032625,4.5545,0.272041,4.867208,3404.867208
poia_zt_authenticator,PoIA with ZT-Authenticator,10,1991,0.003792,0.039208,1.226333,4.8625,6.137459,3406.137459
poia_zt_authenticator,PoIA with ZT-Authenticator,10,1992,0.003375,0.033625,2.050333,1.690666,3.783833,3403.783833
poia_zt_authenticator,PoIA with ZT-Authenticator,10,1993,0.003292,0.167542,0.210916,1.764541,2.153542,3402.153542
poia_zt_authenticator,PoIA with ZT-Authenticator,10,1994,0.004792,0.043583,1.642625,0.248375,1.944125,3401.944125
poia_zt_authenticator,PoIA with ZT-Authenticator,10,1995,0.003958,0.040416,1.593625,0.252833,1.895958,3401.895958
poia_zt_authenticator,PoIA with ZT-Authenticator,10,1996,0.003792,0.0415,1.566833,0.250166,1.867375,3401.867375
poia_zt_authenticator,PoIA with ZT-Authenticator,10,1997,0.003959,0.04225,1.52725,0.247541,1.825875,3401.825875
poia_zt_authenticator,PoIA with ZT-Authenticator,10,1998,0.003084,0.033,1.375333,0.246667,1.663,3401.663
poia_zt_authenticator,PoIA with ZT-Authenticator,10,1999,0.005167,0.047833,4.479959,0.264458,4.803667,3404.803667
poia_zt_authenticator,PoIA with ZT-Authenticator,10,2000,0.003166,0.03375,1.524208,1.563458,3.130417,3403.130417
poia_zt_authenticator,PoIA with ZT-Authenticator,10,2001,0.004375,0.042875,1.694875,2.785917,4.533833,3404.533833
poia_zt_authenticator,PoIA with ZT-Authenticator,10,2002,0.003958,0.033709,1.521167,0.243625,1.807292,3401.807292
poia_zt_authenticator,PoIA with ZT-Authenticator,10,2003,0.003708,0.034125,1.534375,0.250542,1.827375,3401.827375
poia_zt_authenticator,PoIA with ZT-Authenticator,10,2004,0.0035,0.04125,1.517042,2.832916,4.400583,3404.400583
poia_zt_authenticator,PoIA with ZT-Authenticator,10,2005,0.00375,0.044625,1.538042,0.264791,1.856,3401.856
poia_zt_authenticator,PoIA with ZT-Authenticator,10,2006,0.003583,0.040042,2.653583,1.538375,4.24125,3404.24125
poia_zt_authenticator,PoIA with ZT-Authenticator,10,2007,0.004,0.041584,2.803292,2.812375,5.667083,3405.667083
poia_zt_authenticator,PoIA with ZT-Authenticator,10,2008,0.003708,0.03325,1.48725,0.249333,1.778292,3401.778292
poia_zt_authenticator,PoIA with ZT-Authenticator,10,2009,0.003917,0.039959,1.461167,0.244416,1.754292,3401.754292
poia_zt_authenticator,PoIA with ZT-Authenticator,10,2010,0.006791,0.043583,1.466042,1.426917,2.949292,3402.949292
poia_zt_authenticator,PoIA with ZT-Authenticator,10,2011,0.0045,0.034958,4.062125,1.434417,5.541833,3405.541833
poia_zt_authenticator,PoIA with ZT-Authenticator,10,2012,0.003333,0.033084,1.492459,1.464083,2.998583,3402.998583
poia_zt_authenticator,PoIA with ZT-Authenticator,10,2013,0.004625,0.037,1.550417,2.705292,4.303083,3404.303083
poia_zt_authenticator,PoIA with ZT-Authenticator,10,2014,0.004083,0.040083,3.959833,0.2475,4.256458,3404.256458
poia_zt_authenticator,PoIA with ZT-Authenticator,10,2015,0.003459,0.033167,1.432334,1.520959,2.995625,3402.995625
poia_zt_authenticator,PoIA with ZT-Authenticator,10,2016,0.003208,0.03425,1.479042,0.249916,1.771334,3401.771334
poia_zt_authenticator,PoIA with ZT-Authenticator,10,2017,0.003791,0.04125,1.395,1.501,2.947042,3402.947042
poia_zt_authenticator,PoIA with ZT-Authenticator,10,2018,0.003875,0.041208,1.449167,0.247,1.745875,3401.745875
poia_zt_authenticator,PoIA with ZT-Authenticator,10,2019,0.003416,0.033166,1.470167,0.249125,1.760291,3401.760291
poia_zt_authenticator,PoIA with ZT-Authenticator,10,2020,0.003875,0.041083,1.470834,1.510417,3.032375,3403.032375
poia_zt_authenticator,PoIA with ZT-Authenticator,10,2021,0.003375,0.047667,1.468625,1.525709,3.051208,3403.051208
poia_zt_authenticator,PoIA with ZT-Authenticator,10,2022,0.003917,0.039625,1.452458,1.550334,3.052084,3403.052084
poia_zt_authenticator,PoIA with ZT-Authenticator,10,2023,0.003667,0.034166,2.712833,1.5535,4.310083,3404.310083
poia_zt_authenticator,PoIA with ZT-Authenticator,10,2024,0.003666,0.039417,1.396125,4.098834,5.543542,3405.543542
poia_zt_authenticator,PoIA with ZT-Authenticator,10,2025,0.003333,0.033709,1.608084,0.244833,1.894375,3401.894375
poia_zt_authenticator,PoIA with ZT-Authenticator,10,2026,0.003708,0.034083,1.602375,0.246583,1.89175,3401.89175
poia_zt_authenticator,PoIA with ZT-Authenticator,10,2027,0.004083,0.042417,1.485709,1.609042,3.147125,3403.147125
poia_zt_authenticator,PoIA with ZT-Authenticator,10,2028,0.004542,0.042625,1.581375,0.266167,1.899875,3401.899875
poia_zt_authenticator,PoIA with ZT-Authenticator,10,2029,0.003625,0.040167,2.82375,1.463333,4.336625,3404.336625
poia_zt_authenticator,PoIA with ZT-Authenticator,10,2030,0.003958,0.035,1.451583,2.882292,4.378667,3404.378667
poia_zt_authenticator,PoIA with ZT-Authenticator,10,2031,0.003333,0.033708,1.483541,0.248125,1.773625,3401.773625
poia_zt_authenticator,PoIA with ZT-Authenticator,10,2032,0.003667,0.033916,1.474208,0.2485,1.764917,3401.764917
poia_zt_authenticator,PoIA with ZT-Authenticator,10,2033,0.004083,0.040292,1.540375,1.48875,3.079333,3403.079333
poia_zt_authenticator,PoIA with ZT-Authenticator,10,2034,0.0035,0.040917,1.447875,0.265708,1.763125,3401.763125
poia_zt_authenticator,PoIA with ZT-Authenticator,10,2035,0.003709,0.047917,1.450916,1.526042,3.034333,3403.034333
poia_zt_authenticator,PoIA with ZT-Authenticator,10,2036,0.003541,0.041666,1.769417,0.452917,2.274125,3402.274125
poia_zt_authenticator,PoIA with ZT-Authenticator,10,2037,0.003667,0.039667,3.221167,0.257833,3.527625,3403.527625
poia_zt_authenticator,PoIA with ZT-Authenticator,10,2038,0.0035,0.033917,1.9785,0.30975,2.352541,3402.352541
poia_zt_authenticator,PoIA with ZT-Authenticator,10,2039,0.003959,0.040167,2.081959,0.2845,2.415542,3402.415542
poia_zt_authenticator,PoIA with ZT-Authenticator,10,2040,0.003375,0.033125,2.091209,0.274542,2.406833,3402.406833
poia_zt_authenticator,PoIA with ZT-Authenticator,10,2041,0.004125,0.041459,4.287792,1.745375,6.084084,3406.084084
poia_zt_authenticator,PoIA with ZT-Authenticator,10,2042,0.004916,0.0515,1.73125,0.252125,2.044458,3402.044458
poia_zt_authenticator,PoIA with ZT-Authenticator,10,2043,0.003708,0.033667,3.368583,0.265417,3.675958,3403.675958
poia_zt_authenticator,PoIA with ZT-Authenticator,10,2044,0.003792,0.036333,1.52275,0.248208,1.815833,3401.815833
poia_zt_authenticator,PoIA with ZT-Authenticator,10,2045,0.004042,0.121666,3.222583,0.247958,3.605292,3403.605292
poia_zt_authenticator,PoIA with ZT-Authenticator,10,2046,0.003834,0.040958,1.500916,5.841583,7.393042,3407.393042
poia_zt_authenticator,PoIA with ZT-Authenticator,10,2047,0.003584,0.053959,1.473625,0.249125,1.785125,3401.785125
poia_zt_authenticator,PoIA with ZT-Authenticator,10,2048,0.0035,0.035,1.476583,0.246208,1.766,3401.766
poia_zt_authenticator,PoIA with ZT-Authenticator,10,2049,0.003375,0.033583,1.473041,1.550833,3.066375,3403.066375
poia_zt_authenticator,PoIA with ZT-Authenticator,10,2050,0.004,0.042417,1.417959,1.560416,3.031,3403.031
poia_zt_authenticator,PoIA with ZT-Authenticator,10,2051,0.004083,0.053667,2.8455,1.513167,4.422375,3404.422375
poia_zt_authenticator,PoIA with ZT-Authenticator,10,2052,0.003791,0.039875,1.778875,5.531959,7.3595,3407.3595
poia_zt_authenticator,PoIA with ZT-Authenticator,10,2053,0.003542,0.033417,1.492167,1.616292,3.151292,3403.151292
poia_zt_authenticator,PoIA with ZT-Authenticator,10,2054,0.003584,0.033042,1.513417,1.647541,3.203208,3403.203208
poia_zt_authenticator,PoIA with ZT-Authenticator,10,2055,0.004,0.040708,1.515167,1.618333,3.184334,3403.184334
poia_zt_authenticator,PoIA with ZT-Authenticator,10,2056,0.004,0.035917,4.109667,1.525541,5.680875,3405.680875
poia_zt_authenticator,PoIA with ZT-Authenticator,10,2057,0.004459,0.042916,1.495916,0.272542,1.8205,3401.8205
poia_zt_authenticator,PoIA with ZT-Authenticator,10,2058,0.003375,0.034083,1.597416,1.601959,3.242375,3403.242375
poia_zt_authenticator,PoIA with ZT-Authenticator,10,2059,0.003708,0.040834,1.627333,1.539334,3.217084,3403.217084
poia_zt_authenticator,PoIA with ZT-Authenticator,10,2060,0.003875,0.039875,1.522291,0.268833,1.839792,3401.839792
poia_zt_authenticator,PoIA with ZT-Authenticator,10,2061,0.003709,0.040792,1.583708,1.628375,3.2625,3403.2625
poia_zt_authenticator,PoIA with ZT-Authenticator,10,2062,0.003875,0.057666,1.583416,1.641125,3.291709,3403.291709
poia_zt_authenticator,PoIA with ZT-Authenticator,10,2063,0.004708,0.042875,1.606375,0.253459,1.9125,3401.9125
poia_zt_authenticator,PoIA with ZT-Authenticator,10,2064,0.004916,0.043875,1.562709,1.534167,3.151458,3403.151458
poia_zt_authenticator,PoIA with ZT-Authenticator,10,2065,0.003625,0.041,1.525041,0.246125,1.820625,3401.820625
poia_zt_authenticator,PoIA with ZT-Authenticator,10,2066,0.00425,0.041041,1.489083,0.252333,1.79125,3401.79125
poia_zt_authenticator,PoIA with ZT-Authenticator,10,2067,0.003834,0.03925,1.589959,1.490167,3.129042,3403.129042
poia_zt_authenticator,PoIA with ZT-Authenticator,10,2068,0.00325,0.034042,1.453375,0.270708,1.76625,3401.76625
poia_zt_authenticator,PoIA with ZT-Authenticator,10,2069,0.003875,0.041667,1.508333,1.541166,3.100917,3403.100917
poia_zt_authenticator,PoIA with ZT-Authenticator,10,2070,0.003667,0.040208,1.539584,1.381167,2.970459,3402.970459
poia_zt_authenticator,PoIA with ZT-Authenticator,10,2071,0.0035,0.083875,1.470583,0.246541,1.809417,3401.809417
poia_zt_authenticator,PoIA with ZT-Authenticator,10,2072,0.003708,0.033417,1.432,0.253958,1.728209,3401.728209
poia_zt_authenticator,PoIA with ZT-Authenticator,10,2073,0.003667,0.033375,1.446292,0.24825,1.736333,3401.736333
poia_zt_authenticator,PoIA with ZT-Authenticator,10,2074,0.003625,0.034375,1.594292,6.4375,8.075084,3408.075084
poia_zt_authenticator,PoIA with ZT-Authenticator,10,2075,0.003708,0.039542,1.381875,0.29075,1.720708,3401.720708
poia_zt_authenticator,PoIA with ZT-Authenticator,10,2076,0.0035,0.04,2.658292,1.361625,4.069042,3404.069042
poia_zt_authenticator,PoIA with ZT-Authenticator,10,2077,0.003209,0.033583,1.419041,0.24475,1.705375,3401.705375
poia_zt_authenticator,PoIA with ZT-Authenticator,10,2078,0.003458,0.034334,1.42025,1.460875,2.924875,3402.924875
poia_zt_authenticator,PoIA with ZT-Authenticator,10,2079,0.003958,0.035291,1.546833,5.031458,6.623333,3406.623333
poia_zt_authenticator,PoIA with ZT-Authenticator,10,2080,0.003542,0.03325,1.427208,0.271,1.73975,3401.73975
poia_zt_authenticator,PoIA with ZT-Authenticator,10,2081,0.003667,0.043458,2.598084,1.417708,4.068583,3404.068583
poia_zt_authenticator,PoIA with ZT-Authenticator,10,2082,0.003334,0.040542,1.44375,0.273625,1.766,3401.766
poia_zt_authenticator,PoIA with ZT-Authenticator,10,2083,0.003375,0.033834,1.397,1.523208,2.962875,3402.962875
poia_zt_authenticator,PoIA with ZT-Authenticator,10,2084,0.0035,0.04,2.615833,1.491333,4.156292,3404.156292
poia_zt_authenticator,PoIA with ZT-Authenticator,10,2085,0.004208,0.042958,1.4615,0.24875,1.762125,3401.762125
poia_zt_authenticator,PoIA with ZT-Authenticator,10,2086,0.003708,0.0405,1.477209,0.249667,1.775917,3401.775917
poia_zt_authenticator,PoIA with ZT-Authenticator,10,2087,0.00325,0.034834,1.466209,0.244083,1.753125,3401.753125
poia_zt_authenticator,PoIA with ZT-Authenticator,10,2088,0.003875,0.040209,1.455209,2.908958,4.415375,3404.415375
poia_zt_authenticator,PoIA with ZT-Authenticator,10,2089,0.003875,0.041125,1.423584,0.615125,2.090166,3402.090166
poia_zt_authenticator,PoIA with ZT-Authenticator,10,2090,0.003459,0.039459,2.648458,1.993375,4.690042,3404.690042
poia_zt_authenticator,PoIA with ZT-Authenticator,10,2091,0.008083,0.104541,0.131542,0.236458,0.486917,3400.486917
poia_zt_authenticator,PoIA with ZT-Authenticator,10,2092,0.003333,0.033458,1.427916,2.325083,3.795875,3403.795875
poia_zt_authenticator,PoIA with ZT-Authenticator,10,2093,0.003333,0.0325,0.198125,2.405875,2.645666,3402.645666
poia_zt_authenticator,PoIA with ZT-Authenticator,10,2094,0.003417,0.0405,3.59025,0.253208,3.892042,3403.892042
poia_zt_authenticator,PoIA with ZT-Authenticator,10,2095,0.007459,0.064792,2.111875,0.253667,2.442917,3402.442917
poia_zt_authenticator,PoIA with ZT-Authenticator,10,2096,0.003458,0.033125,1.386,6.165292,7.593792,3407.593792
poia_zt_authenticator,PoIA with ZT-Authenticator,10,2097,0.00325,0.032833,1.975208,1.806625,3.823416,3403.823416
poia_zt_authenticator,PoIA with ZT-Authenticator,10,2098,0.004167,0.039833,5.000916,0.25075,5.300417,3405.300417
poia_zt_authenticator,PoIA with ZT-Authenticator,10,2099,0.005625,0.044083,1.532958,0.251292,1.839375,3401.839375
poia_zt_authenticator,PoIA with ZT-Authenticator,10,2100,0.004166,0.042958,1.481375,0.280834,1.814292,3401.814292
poia_zt_authenticator,PoIA with ZT-Authenticator,10,2101,0.003541,0.033292,1.500208,0.281708,1.824417,3401.824417
poia_zt_authenticator,PoIA with ZT-Authenticator,10,2102,0.003792,0.035,1.494417,0.318584,1.857416,3401.857416
poia_zt_authenticator,PoIA with ZT-Authenticator,10,2103,0.003625,0.039958,1.498375,0.262083,1.808666,3401.808666
poia_zt_authenticator,PoIA with ZT-Authenticator,10,2104,0.003417,0.033458,1.524875,0.260916,1.827541,3401.827541
poia_zt_authenticator,PoIA with ZT-Authenticator,10,2105,0.003333,0.033667,1.915,4.586291,6.543833,3406.543833
poia_zt_authenticator,PoIA with ZT-Authenticator,10,2106,0.006875,0.041667,2.800584,0.266458,3.120666,3403.120666
poia_zt_authenticator,PoIA with ZT-Authenticator,10,2107,0.010708,0.107334,4.226792,0.249084,4.602916,3404.602916
poia_zt_authenticator,PoIA with ZT-Authenticator,10,2108,0.004333,0.0485,1.44775,0.269667,1.775625,3401.775625
poia_zt_authenticator,PoIA with ZT-Authenticator,10,2109,0.003541,0.041083,1.413333,0.271833,1.73475,3401.73475
poia_zt_authenticator,PoIA with ZT-Authenticator,10,2110,0.010375,0.033959,0.201125,1.46,1.711334,3401.711334
poia_zt_authenticator,PoIA with ZT-Authenticator,10,2111,0.003417,0.034,1.411791,0.296584,1.750666,3401.750666
poia_zt_authenticator,PoIA with ZT-Authenticator,10,2112,0.003625,0.053125,1.5985,2.585708,4.247166,3404.247166
poia_zt_authenticator,PoIA with ZT-Authenticator,10,2113,0.00375,0.034542,1.5965,2.722375,4.362708,3404.362708
poia_zt_authenticator,PoIA with ZT-Authenticator,10,2114,0.0035,0.040666,2.766542,1.5845,4.400958,3404.400958
poia_zt_authenticator,PoIA with ZT-Authenticator,10,2115,0.004208,0.040667,2.724917,1.644375,4.41975,3404.41975
poia_zt_authenticator,PoIA with ZT-Authenticator,10,2116,0.005,0.123417,6.868584,1.687166,8.690875,3408.690875
poia_zt_authenticator,PoIA with ZT-Authenticator,10,2117,0.003458,0.033459,1.482209,2.795541,4.3205,3404.3205
poia_zt_authenticator,PoIA with ZT-Authenticator,10,2118,0.003833,0.034958,1.536625,1.567333,3.148833,3403.148833
poia_zt_authenticator,PoIA with ZT-Authenticator,10,2119,0.003875,0.034959,1.548167,1.606625,3.199042,3403.199042
poia_zt_authenticator,PoIA with ZT-Authenticator,10,2120,0.003791,0.039667,1.705125,1.461291,3.215625,3403.215625
poia_zt_authenticator,PoIA with ZT-Authenticator,10,2121,0.003542,0.051875,1.411542,0.289625,1.761292,3401.761292
poia_zt_authenticator,PoIA with ZT-Authenticator,10,2122,0.003916,0.040792,1.626083,1.504375,3.180792,3403.180792
poia_zt_authenticator,PoIA with ZT-Authenticator,10,2123,0.003917,0.04175,1.576209,1.524,3.151583,3403.151583
poia_zt_authenticator,PoIA with ZT-Authenticator,10,2124,0.003792,0.040375,1.495708,0.264375,1.808958,3401.808958
poia_zt_authenticator,PoIA with ZT-Authenticator,10,2125,0.003792,0.039583,1.466333,0.268583,1.78275,3401.78275
poia_zt_authenticator,PoIA with ZT-Authenticator,10,2126,0.004334,0.040041,1.467125,1.552333,3.070083,3403.070083
poia_zt_authenticator,PoIA with ZT-Authenticator,10,2127,0.004167,0.037334,1.663666,2.792375,4.503375,3404.503375
poia_zt_authenticator,PoIA with ZT-Authenticator,10,2128,0.003667,0.059041,1.552917,2.740958,4.3625,3404.3625
poia_zt_authenticator,PoIA with ZT-Authenticator,10,2129,0.003625,0.039667,1.510167,2.792209,4.351167,3404.351167
poia_zt_authenticator,PoIA with ZT-Authenticator,10,2130,0.003625,0.038792,1.555417,1.458583,3.061917,3403.061917
poia_zt_authenticator,PoIA with ZT-Authenticator,10,2131,0.00375,0.033417,1.542667,1.505458,3.09075,3403.09075
poia_zt_authenticator,PoIA with ZT-Authenticator,10,2132,0.003666,0.039459,1.527209,1.537208,3.113208,3403.113208
poia_zt_authenticator,PoIA with ZT-Authenticator,10,2133,0.004083,0.040541,1.468083,1.573708,3.0925,3403.0925
poia_zt_authenticator,PoIA with ZT-Authenticator,10,2134,0.003458,0.033959,1.508334,1.543709,3.095333,3403.095333
poia_zt_authenticator,PoIA with ZT-Authenticator,10,2135,0.004125,0.039792,1.52175,0.268542,1.839,3401.839
poia_zt_authenticator,PoIA with ZT-Authenticator,10,2136,0.004084,0.041458,1.459375,1.591458,3.102167,3403.102167
poia_zt_authenticator,PoIA with ZT-Authenticator,10,2137,0.003708,0.041459,1.427167,1.624667,3.103209,3403.103209
poia_zt_authenticator,PoIA with ZT-Authenticator,10,2138,0.004291,0.042,1.53925,1.9505,3.542417,3403.542417
poia_zt_authenticator,PoIA with ZT-Authenticator,10,2139,0.003333,0.041667,1.500042,3.4215,4.972625,3404.972625
poia_zt_authenticator,PoIA with ZT-Authenticator,10,2140,0.00375,0.04025,2.292417,0.371334,2.713959,3402.713959
poia_zt_authenticator,PoIA with ZT-Authenticator,10,2141,0.004291,0.040458,1.552208,2.5405,4.143459,3404.143459
poia_zt_authenticator,PoIA with ZT-Authenticator,10,2142,0.003833,0.040958,1.529333,2.5795,4.159417,3404.159417
poia_zt_authenticator,PoIA with ZT-Authenticator,10,2143,0.003833,0.039791,1.867417,2.28725,4.205334,3404.205334
poia_zt_authenticator,PoIA with ZT-Authenticator,10,2144,0.025166,0.097209,2.126334,0.251333,2.507083,3402.507083
poia_zt_authenticator,PoIA with ZT-Authenticator,10,2145,0.007708,0.059958,1.989459,0.249583,2.312584,3402.312584
poia_zt_authenticator,PoIA with ZT-Authenticator,10,2146,0.003709,0.047667,1.581167,3.90775,5.54575,3405.54575
poia_zt_authenticator,PoIA with ZT-Authenticator,10,2147,0.003583,0.039708,2.374042,1.795958,4.219167,3404.219167
poia_zt_authenticator,PoIA with ZT-Authenticator,10,2148,0.004167,0.04225,1.629375,0.247041,1.927583,3401.927583
poia_zt_authenticator,PoIA with ZT-Authenticator,10,2149,0.003916,0.044709,1.5705,0.254834,1.879167,3401.879167
poia_zt_authenticator,PoIA with ZT-Authenticator,10,2150,0.004209,0.041375,2.250375,3.310125,5.615167,3405.615167
poia_zt_authenticator,PoIA with ZT-Authenticator,10,2151,0.003334,0.033916,2.260208,3.46175,5.764958,3405.764958
poia_zt_authenticator,PoIA with ZT-Authenticator,10,2152,0.003667,0.033625,1.80775,0.245625,2.095166,3402.095166
poia_zt_authenticator,PoIA with ZT-Authenticator,10,2153,0.003584,0.033083,1.805666,0.255542,2.102625,3402.102625
poia_zt_authenticator,PoIA with ZT-Authenticator,10,2154,0.006834,0.051959,1.700459,1.765875,3.532792,3403.532792
poia_zt_authenticator,PoIA with ZT-Authenticator,10,2155,0.003875,0.057291,3.066666,0.246042,3.378875,3403.378875
poia_zt_authenticator,PoIA with ZT-Authenticator,10,2156,0.003417,0.03375,1.759833,0.250792,2.052625,3402.052625
poia_zt_authenticator,PoIA with ZT-Authenticator,10,2157,0.00375,0.040625,3.017708,0.275875,3.342625,3403.342625
poia_zt_authenticator,PoIA with ZT-Authenticator,10,2158,0.003708,0.069125,2.966125,0.26125,3.305458,3403.305458
poia_zt_authenticator,PoIA with ZT-Authenticator,10,2159,0.004666,0.046459,1.482917,1.421417,2.961541,3402.961541
poia_zt_authenticator,PoIA with ZT-Authenticator,10,2160,0.003792,0.039917,1.450916,1.436792,2.937125,3402.937125
poia_zt_authenticator,PoIA with ZT-Authenticator,10,2161,0.003375,0.03325,1.400459,0.281708,1.723667,3401.723667
poia_zt_authenticator,PoIA with ZT-Authenticator,10,2162,0.008333,0.11475,2.692209,1.410708,4.233167,3404.233167
poia_zt_authenticator,PoIA with ZT-Authenticator,10,2163,0.003417,0.032875,1.356208,1.452,2.850208,3402.850208
poia_zt_authenticator,PoIA with ZT-Authenticator,10,2164,0.00375,0.033625,1.372208,1.568916,2.984167,3402.984167
poia_zt_authenticator,PoIA with ZT-Authenticator,10,2165,0.003375,0.032042,2.685583,1.548167,4.274959,3404.274959
poia_zt_authenticator,PoIA with ZT-Authenticator,10,2166,0.00375,0.033791,2.670833,1.613583,4.327584,3404.327584
poia_zt_authenticator,PoIA with ZT-Authenticator,10,2167,0.003709,0.040833,1.393459,1.65925,3.103291,3403.103291
poia_zt_authenticator,PoIA with ZT-Authenticator,10,2168,0.004208,0.035334,2.8345,2.884084,5.764084,3405.764084
poia_zt_authenticator,PoIA with ZT-Authenticator,10,2169,0.004083,0.039,1.612625,0.262125,1.922542,3401.922542
poia_zt_authenticator,PoIA with ZT-Authenticator,10,2170,0.003375,0.040208,1.571584,0.269792,1.889792,3401.889792
poia_zt_authenticator,PoIA with ZT-Authenticator,10,2171,0.004458,0.042917,1.52,1.626458,3.199917,3403.199917
poia_zt_authenticator,PoIA with ZT-Authenticator,10,2172,0.003667,0.040791,1.48125,0.263208,1.793917,3401.793917
poia_zt_authenticator,PoIA with ZT-Authenticator,10,2173,0.003583,0.040167,1.44375,0.277375,1.7695,3401.7695
poia_zt_authenticator,PoIA with ZT-Authenticator,10,2174,0.003792,0.041792,1.593375,1.407334,3.051875,3403.051875
poia_zt_authenticator,PoIA with ZT-Authenticator,10,2175,0.003666,0.041334,1.526583,1.489458,3.066667,3403.066667
poia_zt_authenticator,PoIA with ZT-Authenticator,10,2176,0.003709,0.039875,1.669083,2.749625,4.467833,3404.467833
poia_zt_authenticator,PoIA with ZT-Authenticator,10,2177,0.003708,0.033375,1.646958,2.79175,4.481333,3404.481333
poia_zt_authenticator,PoIA with ZT-Authenticator,10,2178,0.003541,0.040875,2.801541,1.4535,4.305375,3404.305375
poia_zt_authenticator,PoIA with ZT-Authenticator,10,2179,0.00375,0.032709,1.421292,1.524541,2.988,3402.988
poia_zt_authenticator,PoIA with ZT-Authenticator,10,2180,0.003417,0.041292,1.411708,1.563708,3.02575,3403.02575
poia_zt_authenticator,PoIA with ZT-Authenticator,10,2181,0.003542,0.040625,1.37775,1.701375,3.129,3403.129
poia_zt_authenticator,PoIA with ZT-Authenticator,10,2182,0.00375,0.041583,1.647791,0.2655,1.9635,3401.9635
poia_zt_authenticator,PoIA with ZT-Authenticator,10,2183,0.00375,0.04025,1.610041,0.264625,1.923292,3401.923292
poia_zt_authenticator,PoIA with ZT-Authenticator,10,2184,0.003333,0.03325,1.535542,1.607917,3.185667,3403.185667
poia_zt_authenticator,PoIA with ZT-Authenticator,10,2185,0.003375,0.03375,1.518917,1.774375,3.335917,3403.335917
poia_zt_authenticator,PoIA with ZT-Authenticator,10,2186,0.003458,0.065583,1.425,0.246083,1.745167,3401.745167
poia_zt_authenticator,PoIA with ZT-Authenticator,10,2187,0.00375,0.041667,1.579834,0.287666,1.917875,3401.917875
poia_zt_authenticator,PoIA with ZT-Authenticator,10,2188,0.003416,0.033208,1.716541,0.392417,2.154625,3402.154625
poia_zt_authenticator,PoIA with ZT-Authenticator,10,2189,0.0035,0.044334,0.288417,0.285958,0.628459,3400.628459
poia_zt_authenticator,PoIA with ZT-Authenticator,10,2190,0.003708,0.040334,2.927667,1.927375,4.90525,3404.90525
poia_zt_authenticator,PoIA with ZT-Authenticator,10,2191,0.005417,0.045375,1.814042,0.247541,2.118125,3402.118125
poia_zt_authenticator,PoIA with ZT-Authenticator,10,2192,0.003667,0.03975,3.251,0.250792,3.549959,3403.549959
poia_zt_authenticator,PoIA with ZT-Authenticator,10,2193,0.003584,0.039292,3.154625,1.677333,4.880916,3404.880916
poia_zt_authenticator,PoIA with ZT-Authenticator,10,2194,0.00375,0.040333,1.485333,3.349042,4.884208,3404.884208
poia_zt_authenticator,PoIA with ZT-Authenticator,10,2195,0.00375,0.033417,1.919209,1.68725,3.649583,3403.649583
poia_zt_authenticator,PoIA with ZT-Authenticator,10,2196,0.003708,0.039208,4.455833,1.630667,6.13525,3406.13525
poia_zt_authenticator,PoIA with ZT-Authenticator,10,2197,0.003417,0.042208,1.773,3.092875,4.91675,3404.91675
poia_zt_authenticator,PoIA with ZT-Authenticator,10,2198,0.003625,0.039625,4.600625,0.248291,4.896708,3404.896708
poia_zt_authenticator,PoIA with ZT-Authenticator,10,2199,0.004,0.040542,1.597917,0.247292,1.894333,3401.894333
poia_zt_authenticator,PoIA with ZT-Authenticator,10,2200,0.004,0.040583,1.547375,0.26875,1.865625,3401.865625
poia_zt_authenticator,PoIA with ZT-Authenticator,10,2201,0.004792,0.046,1.549167,1.532958,3.139041,3403.139041
poia_zt_authenticator,PoIA with ZT-Authenticator,10,2202,0.003834,0.042042,1.482334,0.242375,1.775625,3401.775625
poia_zt_authenticator,PoIA with ZT-Authenticator,10,2203,0.003625,0.046625,1.621208,2.7205,4.397417,3404.397417
poia_zt_authenticator,PoIA with ZT-Authenticator,10,2204,0.003292,0.032542,0.189291,0.250417,0.480084,3400.480084
poia_zt_authenticator,PoIA with ZT-Authenticator,10,2205,0.003667,0.051,1.496833,1.409208,2.966459,3402.966459
poia_zt_authenticator,PoIA with ZT-Authenticator,10,2206,0.003791,0.033792,1.581917,2.683834,4.308917,3404.308917
poia_zt_authenticator,PoIA with ZT-Authenticator,10,2207,0.003792,0.040875,1.389208,0.258875,1.697208,3401.697208
poia_zt_authenticator,PoIA with ZT-Authenticator,10,2208,0.003125,0.033167,1.482042,1.3875,2.910833,3402.910833
poia_zt_authenticator,PoIA with ZT-Authenticator,10,2209,0.003084,0.033417,2.542625,0.199875,2.801333,3402.801333
poia_zt_authenticator,PoIA with ZT-Authenticator,10,2210,0.0035,0.039417,1.336875,0.205917,1.58975,3401.58975
poia_zt_authenticator,PoIA with ZT-Authenticator,10,2211,0.00375,0.033833,2.835583,2.437083,5.315833,3405.315833
poia_zt_authenticator,PoIA with ZT-Authenticator,10,2212,0.003,0.033584,1.213625,0.200375,1.454417,3401.454417
poia_zt_authenticator,PoIA with ZT-Authenticator,10,2213,0.003209,0.028667,1.20075,0.205958,1.442417,3401.442417
poia_zt_authenticator,PoIA with ZT-Authenticator,10,2214,0.003542,0.037792,1.377959,2.351292,3.775833,3403.775833
poia_zt_authenticator,PoIA with ZT-Authenticator,10,2215,0.003625,0.03425,2.335875,0.259,2.637541,3402.637541
poia_zt_authenticator,PoIA with ZT-Authenticator,10,2216,0.004459,0.046084,1.276,1.26825,2.599875,3402.599875
poia_zt_authenticator,PoIA with ZT-Authenticator,10,2217,0.00275,0.037042,1.251167,0.200916,1.495792,3401.495792
poia_zt_authenticator,PoIA with ZT-Authenticator,10,2218,0.003875,0.041291,3.878833,2.293875,6.222708,3406.222708
poia_zt_authenticator,PoIA with ZT-Authenticator,10,2219,0.003208,0.03275,1.245667,0.201542,1.487083,3401.487083
poia_zt_authenticator,PoIA with ZT-Authenticator,10,2220,0.00275,0.026709,2.25575,0.204333,2.49325,3402.49325
poia_zt_authenticator,PoIA with ZT-Authenticator,10,2221,0.003125,0.032708,1.234875,0.204042,1.478667,3401.478667
poia_zt_authenticator,PoIA with ZT-Authenticator,10,2222,0.003292,0.033625,3.229083,0.203167,3.473084,3403.473084
poia_zt_authenticator,PoIA with ZT-Authenticator,10,2223,0.002833,0.032375,1.15375,0.221292,1.414125,3401.414125
poia_zt_authenticator,PoIA with ZT-Authenticator,10,2224,0.002875,0.028167,1.235666,1.259625,2.530916,3402.530916
poia_zt_authenticator,PoIA with ZT-Authenticator,10,2225,0.002708,0.033083,1.163375,1.233416,2.437125,3402.437125
poia_zt_authenticator,PoIA with ZT-Authenticator,10,2226,0.002708,0.02725,1.171417,1.261,2.466208,3402.466208
poia_zt_authenticator,PoIA with ZT-Authenticator,10,2227,0.002542,0.026916,1.238708,2.272167,3.544917,3403.544917
poia_zt_authenticator,PoIA with ZT-Authenticator,10,2228,0.002709,0.026875,2.239375,0.205333,2.477875,3402.477875
poia_zt_authenticator,PoIA with ZT-Authenticator,10,2229,0.002791,0.034541,2.239125,1.196167,3.477334,3403.477334
poia_zt_authenticator,PoIA with ZT-Authenticator,10,2230,0.002958,0.033459,1.17425,0.220666,1.435208,3401.435208
poia_zt_authenticator,PoIA with ZT-Authenticator,10,2231,0.00275,0.027542,1.205125,1.211041,2.451292,3402.451292
poia_zt_authenticator,PoIA with ZT-Authenticator,10,2232,0.002417,0.027625,1.189416,0.201167,1.424458,3401.424458
poia_zt_authenticator,PoIA with ZT-Authenticator,10,2233,0.002625,0.044583,2.229041,0.202625,2.482791,3402.482791
poia_zt_authenticator,PoIA with ZT-Authenticator,10,2234,0.002667,0.059291,1.2025,1.208666,2.477833,3402.477833
poia_zt_authenticator,PoIA with ZT-Authenticator,10,2235,0.002875,0.027125,1.209375,2.143084,3.387209,3403.387209
poia_zt_authenticator,PoIA with ZT-Authenticator,10,2236,0.002833,0.03275,1.218625,0.216,1.47425,3401.47425
poia_zt_authenticator,PoIA with ZT-Authenticator,10,2237,0.002583,0.027375,1.212167,0.218458,1.464458,3401.464458
poia_zt_authenticator,PoIA with ZT-Authenticator,10,2238,0.00325,0.034709,1.192916,1.250583,2.48625,3402.48625
poia_zt_authenticator,PoIA with ZT-Authenticator,10,2239,0.002583,0.032958,1.118916,0.202416,1.360708,3401.360708
poia_zt_authenticator,PoIA with ZT-Authenticator,10,2240,0.002333,0.026875,1.130041,0.206292,1.369542,3401.369542
poia_zt_authenticator,PoIA with ZT-Authenticator,10,2241,0.00275,0.027125,2.239542,1.15175,3.425834,3403.425834
poia_zt_authenticator,PoIA with ZT-Authenticator,10,2242,0.002458,0.026792,1.238167,1.18675,2.458709,3402.458709
poia_zt_authenticator,PoIA with ZT-Authenticator,10,2243,0.002542,0.027041,1.236,1.221042,2.491375,3402.491375
poia_zt_authenticator,PoIA with ZT-Authenticator,10,2244,0.002958,0.033041,1.206166,1.290042,2.537,3402.537
poia_zt_authenticator,PoIA with ZT-Authenticator,10,2245,0.003083,0.031834,1.172375,1.32525,2.53725,3402.53725
poia_zt_authenticator,PoIA with ZT-Authenticator,10,2246,0.002917,0.03275,2.186,1.268917,3.4955,3403.4955
poia_zt_authenticator,PoIA with ZT-Authenticator,10,2247,0.002792,0.033125,2.231708,2.298334,4.570458,3404.570458
poia_zt_authenticator,PoIA with ZT-Authenticator,10,2248,0.002792,0.033375,1.53875,0.30525,1.885,3401.885
poia_zt_authenticator,PoIA with ZT-Authenticator,10,2249,0.003208,0.032458,2.194875,1.819833,4.055417,3404.055417
poia_zt_authenticator,PoIA with ZT-Authenticator,10,2250,0.003,0.027375,1.384417,1.809333,3.229042,3403.229042
poia_zt_authenticator,PoIA with ZT-Authenticator,10,2251,0.003,0.033333,1.780959,0.241292,2.063,3402.063
poia_zt_authenticator,PoIA with ZT-Authenticator,10,2252,0.002958,0.032583,1.457459,1.760125,3.261667,3403.261667
poia_zt_authenticator,PoIA with ZT-Authenticator,10,2253,0.002833,0.054833,1.538166,1.667833,3.268583,3403.268583
poia_zt_authenticator,PoIA with ZT-Authenticator,10,2254,0.002958,0.03275,2.951292,0.22375,3.214625,3403.214625
poia_zt_authenticator,PoIA with ZT-Authenticator,10,2255,0.003083,0.032125,1.619084,1.543708,3.203042,3403.203042
poia_zt_authenticator,PoIA with ZT-Authenticator,10,2256,0.003084,0.032209,1.751834,1.387791,3.202625,3403.202625
poia_zt_authenticator,PoIA with ZT-Authenticator,10,2257,0.002541,0.0275,1.384584,2.959583,4.378875,3404.378875
poia_zt_authenticator,PoIA with ZT-Authenticator,10,2258,0.0035,0.035916,1.351042,0.202625,1.597166,3401.597166
poia_zt_authenticator,PoIA with ZT-Authenticator,10,2259,0.002917,0.028375,1.352041,0.205709,1.592792,3401.592792
poia_zt_authenticator,PoIA with ZT-Authenticator,10,2260,0.002792,0.028208,1.262833,0.226708,1.524625,3401.524625
poia_zt_authenticator,PoIA with ZT-Authenticator,10,2261,0.003375,0.045542,1.320958,1.281708,2.656666,3402.656666
poia_zt_authenticator,PoIA with ZT-Authenticator,10,2262,0.003125,0.067166,2.318833,0.202417,2.595666,3402.595666
poia_zt_authenticator,PoIA with ZT-Authenticator,10,2263,0.002834,0.027459,1.094417,0.2035,1.332,3401.332
poia_zt_authenticator,PoIA with ZT-Authenticator,10,2264,0.002959,0.033834,1.266291,1.245375,2.553042,3402.553042
poia_zt_authenticator,PoIA with ZT-Authenticator,10,2265,0.003084,0.031917,1.267917,1.257833,2.565625,3402.565625
poia_zt_authenticator,PoIA with ZT-Authenticator,10,2266,0.003083,0.033334,2.27125,0.218209,2.529792,3402.529792
poia_zt_authenticator,PoIA with ZT-Authenticator,10,2267,0.024916,0.036167,1.216292,1.141583,2.424083,3402.424083
poia_zt_authenticator,PoIA with ZT-Authenticator,10,2268,0.003084,0.0345,1.196125,0.22025,1.457833,3401.457833
poia_zt_authenticator,PoIA with ZT-Authenticator,10,2269,0.002834,0.028584,2.230083,0.203,2.468125,3402.468125
poia_zt_authenticator,PoIA with ZT-Authenticator,10,2270,0.002916,0.027375,1.189167,0.223333,1.446959,3401.446959
poia_zt_authenticator,PoIA with ZT-Authenticator,10,2271,0.002708,0.0325,1.152792,0.200042,1.391916,3401.391916
poia_zt_authenticator,PoIA with ZT-Authenticator,10,2272,0.002958,0.027875,1.155708,0.203334,1.393917,3401.393917
poia_zt_authenticator,PoIA with ZT-Authenticator,10,2273,0.002875,0.027875,2.221625,1.134833,3.391792,3403.391792
poia_zt_authenticator,PoIA with ZT-Authenticator,10,2274,0.00275,0.027083,1.135625,1.164917,2.334958,3402.334958
poia_zt_authenticator,PoIA with ZT-Authenticator,10,2275,0.002792,0.027667,1.134417,0.230458,1.39925,3401.39925
poia_zt_authenticator,PoIA with ZT-Authenticator,10,2276,0.003083,0.03275,2.126125,1.13075,3.297375,3403.297375
poia_zt_authenticator,PoIA with ZT-Authenticator,10,2277,0.002792,0.043125,1.097084,1.174667,2.322667,3402.322667
poia_zt_authenticator,PoIA with ZT-Authenticator,10,2278,0.002958,0.027,1.098209,1.286208,2.418833,3402.418833
poia_zt_authenticator,PoIA with ZT-Authenticator,10,2279,0.006166,0.039958,6.621084,1.281709,7.955917,3407.955917
poia_zt_authenticator,PoIA with ZT-Authenticator,10,2280,0.003375,0.033125,2.102916,1.3165,3.460542,3403.460542
poia_zt_authenticator,PoIA with ZT-Authenticator,10,2281,0.00275,0.027834,1.136125,1.364042,2.535333,3402.535333
poia_zt_authenticator,PoIA with ZT-Authenticator,10,2282,0.002583,0.035416,2.073542,2.360375,4.476333,3404.476333
poia_zt_authenticator,PoIA with ZT-Authenticator,10,2283,0.003041,0.028042,1.360292,0.200167,1.595208,3401.595208
poia_zt_authenticator,PoIA with ZT-Authenticator,10,2284,0.003,0.03825,1.325667,0.203125,1.574084,3401.574084
poia_zt_authenticator,PoIA with ZT-Authenticator,10,2285,0.002958,0.032875,1.25375,1.311792,2.606208,3402.606208
poia_zt_authenticator,PoIA with ZT-Authenticator,10,2286,0.003166,0.032583,1.380167,1.206083,2.626708,3402.626708
poia_zt_authenticator,PoIA with ZT-Authenticator,10,2287,0.002792,0.0325,1.186083,0.219833,1.445042,3401.445042
poia_zt_authenticator,PoIA with ZT-Authenticator,10,2288,0.002584,0.039291,1.160459,0.2135,1.419917,3401.419917
poia_zt_authenticator,PoIA with ZT-Authenticator,10,2289,0.002875,0.027291,1.167167,0.221375,1.422334,3401.422334
poia_zt_authenticator,PoIA with ZT-Authenticator,10,2290,0.003,0.033625,1.302209,1.190167,2.5335,3402.5335
poia_zt_authenticator,PoIA with ZT-Authenticator,10,2291,0.002959,0.033,1.267042,1.223,2.530458,3402.530458
poia_zt_authenticator,PoIA with ZT-Authenticator,10,2292,0.003042,0.032834,1.223083,1.255458,2.519167,3402.519167
poia_zt_authenticator,PoIA with ZT-Authenticator,10,2293,0.003042,0.034,1.288042,2.180542,3.510209,3403.510209
poia_zt_authenticator,PoIA with ZT-Authenticator,10,2294,0.002875,0.027041,1.227291,0.215542,1.476625,3401.476625
poia_zt_authenticator,PoIA with ZT-Authenticator,10,2295,0.003208,0.033458,3.375041,1.166458,4.582583,3404.582583
poia_zt_authenticator,PoIA with ZT-Authenticator,10,2296,0.002791,0.032833,1.141542,0.231792,1.413041,3401.413041
poia_zt_authenticator,PoIA with ZT-Authenticator,10,2297,0.003166,0.032417,1.125375,0.201042,1.365917,3401.365917
poia_zt_authenticator,PoIA with ZT-Authenticator,10,2298,0.002708,0.029708,1.130125,0.203375,1.369666,3401.369666
poia_zt_authenticator,PoIA with ZT-Authenticator,10,2299,0.00275,0.035,1.238125,1.183583,2.464083,3402.464083
poia_zt_authenticator,PoIA with ZT-Authenticator,10,2300,0.002916,0.032208,1.21,1.218625,2.468333,3402.468333
poia_zt_authenticator,PoIA with ZT-Authenticator,10,2301,0.003083,0.032375,1.175041,1.25375,2.468875,3402.468875
poia_zt_authenticator,PoIA with ZT-Authenticator,10,2302,0.002959,0.032333,1.234542,2.262625,3.537084,3403.537084
poia_zt_authenticator,PoIA with ZT-Authenticator,10,2303,0.003083,0.055917,2.225292,2.189375,4.478458,3404.478458
poia_zt_authenticator,PoIA with ZT-Authenticator,10,2304,0.002708,0.027083,1.245792,2.29925,3.579459,3403.579459
poia_zt_authenticator,PoIA with ZT-Authenticator,10,2305,0.002791,0.026625,1.329625,0.215416,1.578625,3401.578625
poia_zt_authenticator,PoIA with ZT-Authenticator,10,2306,0.002833,0.032334,1.285833,1.252917,2.578458,3402.578458
poia_zt_authenticator,PoIA with ZT-Authenticator,10,2307,0.002917,0.039459,1.228709,0.21925,1.494417,3401.494417
poia_zt_authenticator,PoIA with ZT-Authenticator,10,2308,0.003042,0.033458,1.153875,0.218458,1.412917,3401.412917
poia_zt_authenticator,PoIA with ZT-Authenticator,10,2309,0.003,0.032792,2.307041,0.200541,2.547166,3402.547166
poia_zt_authenticator,PoIA with ZT-Authenticator,10,2310,0.00275,0.03275,1.324,1.173209,2.537084,3402.537084
poia_zt_authenticator,PoIA with ZT-Authenticator,10,2311,0.002958,0.047209,1.27325,1.213291,2.541417,3402.541417
poia_zt_authenticator,PoIA with ZT-Authenticator,10,2312,0.002958,0.027958,1.269333,2.29425,3.598958,3403.598958
poia_zt_authenticator,PoIA with ZT-Authenticator,10,2313,0.002917,0.032792,1.207541,1.251417,2.499417,3402.499417
poia_zt_authenticator,PoIA with ZT-Authenticator,10,2314,0.002625,0.027166,1.218959,0.221333,1.474042,3401.474042
poia_zt_authenticator,PoIA with ZT-Authenticator,10,2315,0.002792,0.027417,1.378292,0.426458,1.843625,3401.843625
poia_zt_authenticator,PoIA with ZT-Authenticator,10,2316,0.002834,0.027333,1.58175,0.351458,1.968792,3401.968792
poia_zt_authenticator,PoIA with ZT-Authenticator,10,2317,0.002958,0.033042,1.224958,1.956583,3.223,3403.223
poia_zt_authenticator,PoIA with ZT-Authenticator,10,2318,0.002708,0.026917,1.338958,4.039792,5.413584,3405.413584
poia_zt_authenticator,PoIA with ZT-Authenticator,10,2319,0.003792,0.032708,2.257959,2.2715,4.573292,3404.573292
poia_zt_authenticator,PoIA with ZT-Authenticator,10,2320,0.003125,0.034542,3.436334,0.2315,3.709584,3403.709584
poia_zt_authenticator,PoIA with ZT-Authenticator,10,2321,0.002875,0.032542,1.847125,1.907833,3.795583,3403.795583
poia_zt_authenticator,PoIA with ZT-Authenticator,10,2322,0.005416,0.078709,1.750459,0.202625,2.04175,3402.04175
poia_zt_authenticator,PoIA with ZT-Authenticator,10,2323,0.004333,0.039834,1.660708,0.20425,1.913208,3401.913208
poia_zt_authenticator,PoIA with ZT-Authenticator,10,2324,0.003,0.033084,3.676667,1.538667,5.25625,3405.25625
poia_zt_authenticator,PoIA with ZT-Authenticator,10,2325,0.004333,0.05875,2.017375,1.59875,3.684542,3403.684542
poia_zt_authenticator,PoIA with ZT-Authenticator,10,2326,0.003167,0.033417,2.292958,2.866583,5.201459,3405.201459
poia_zt_authenticator,PoIA with ZT-Authenticator,10,2327,0.003333,0.032667,1.574083,0.226042,1.84075,3401.84075
poia_zt_authenticator,PoIA with ZT-Authenticator,10,2328,0.002625,0.026958,2.367083,2.945333,5.346667,3405.346667
poia_zt_authenticator,PoIA with ZT-Authenticator,10,2329,0.004875,0.035792,1.368916,1.577208,2.992833,3402.992833
poia_zt_authenticator,PoIA with ZT-Authenticator,10,2330,0.007292,0.04475,3.153416,1.566375,4.778917,3404.778917
poia_zt_authenticator,PoIA with ZT-Authenticator,10,2331,0.00325,0.029166,1.468542,1.463833,2.970208,3402.970208
poia_zt_authenticator,PoIA with ZT-Authenticator,10,2332,0.004083,0.03525,1.38325,0.204583,1.631167,3401.631167
poia_zt_authenticator,PoIA with ZT-Authenticator,10,2333,0.003041,0.064959,1.306166,0.204041,1.582458,3401.582458
poia_zt_authenticator,PoIA with ZT-Authenticator,10,2334,0.002708,0.027667,1.619333,1.269542,2.924125,3402.924125
poia_zt_authenticator,PoIA with ZT-Authenticator,10,2335,0.003042,0.046834,1.403084,0.200875,1.657792,3401.657792
poia_zt_authenticator,PoIA with ZT-Authenticator,10,2336,0.00325,0.0335,1.370333,0.202625,1.613666,3401.613666
poia_zt_authenticator,PoIA with ZT-Authenticator,10,2337,0.002792,0.032041,2.449916,0.201042,2.689625,3402.689625
poia_zt_authenticator,PoIA with ZT-Authenticator,10,2338,0.002709,0.027458,1.284458,1.381167,2.700334,3402.700334
poia_zt_authenticator,PoIA with ZT-Authenticator,10,2339,0.003292,0.032541,1.249542,1.423375,2.713417,3402.713417
poia_zt_authenticator,PoIA with ZT-Authenticator,10,2340,0.003292,0.027125,1.181333,0.200542,1.416125,3401.416125
poia_zt_authenticator,PoIA with ZT-Authenticator,10,2341,0.003041,0.027583,1.182875,0.204875,1.42225,3401.42225
poia_zt_authenticator,PoIA with ZT-Authenticator,10,2342,0.002709,0.026708,1.335042,1.243209,2.612375,3402.612375
poia_zt_authenticator,PoIA with ZT-Authenticator,10,2343,0.003084,0.033542,1.208958,0.200583,1.450042,3401.450042
poia_zt_authenticator,PoIA with ZT-Authenticator,10,2344,0.002958,0.032416,1.173875,0.203958,1.417167,3401.417167
poia_zt_authenticator,PoIA with ZT-Authenticator,10,2345,0.002875,0.027666,3.74425,2.141917,5.921375,3405.921375
poia_zt_authenticator,PoIA with ZT-Authenticator,10,2346,0.002667,0.027125,3.374083,0.225333,3.633084,3403.633084
poia_zt_authenticator,PoIA with ZT-Authenticator,10,2347,0.003042,0.026709,1.214333,0.20325,1.451292,3401.451292
poia_zt_authenticator,PoIA with ZT-Authenticator,10,2348,0.00275,0.026792,1.242167,1.211459,2.487667,3402.487667
poia_zt_authenticator,PoIA with ZT-Authenticator,10,2349,0.010334,0.116541,1.22975,2.24075,3.604709,3403.604709
poia_zt_authenticator,PoIA with ZT-Authenticator,10,2350,0.003,0.032667,2.363,2.190208,4.593792,3404.593792
poia_zt_authenticator,PoIA with ZT-Authenticator,10,2351,0.002584,0.027041,1.273041,0.217625,1.524,3401.524
poia_zt_authenticator,PoIA with ZT-Authenticator,10,2352,0.003333,0.02775,1.264209,0.218875,1.518167,3401.518167
poia_zt_authenticator,PoIA with ZT-Authenticator,10,2353,0.002583,0.027417,1.214542,0.203208,1.451667,3401.451667
poia_zt_authenticator,PoIA with ZT-Authenticator,10,2354,0.003,0.027,1.221334,0.205125,1.460333,3401.460333
poia_zt_authenticator,PoIA with ZT-Authenticator,10,2355,0.003083,0.027917,3.290292,0.200542,3.525833,3403.525833
poia_zt_authenticator,PoIA with ZT-Authenticator,10,2356,0.002708,0.026917,1.265917,0.207083,1.506542,3401.506542
poia_zt_authenticator,PoIA with ZT-Authenticator,10,2357,0.003125,0.03375,2.261208,0.21925,2.521542,3402.521542
poia_zt_authenticator,PoIA with ZT-Authenticator,10,2358,0.002708,0.027709,1.277917,0.201583,1.513834,3401.513834
poia_zt_authenticator,PoIA with ZT-Authenticator,10,2359,0.002917,0.033375,2.207917,1.318042,3.567,3403.567
poia_zt_authenticator,PoIA with ZT-Authenticator,10,2360,0.002875,0.039875,2.232125,2.222084,4.50175,3404.50175
poia_zt_authenticator,PoIA with ZT-Authenticator,10,2361,0.002666,0.026584,2.26875,0.218792,2.52075,3402.52075
poia_zt_authenticator,PoIA with ZT-Authenticator,10,2362,0.002709,0.03875,2.224375,1.216042,3.486583,3403.486583
poia_zt_authenticator,PoIA with ZT-Authenticator,10,2363,0.002833,0.027917,1.185333,0.24325,1.463167,3401.463167
poia_zt_authenticator,PoIA with ZT-Authenticator,10,2364,0.002959,0.033458,1.140667,2.366083,3.548042,3403.548042
poia_zt_authenticator,PoIA with ZT-Authenticator,10,2365,0.002916,0.027416,1.249333,0.204375,1.487959,3401.487959
poia_zt_authenticator,PoIA with ZT-Authenticator,10,2366,0.002958,0.028042,1.259583,0.202625,1.497042,3401.497042
poia_zt_authenticator,PoIA with ZT-Authenticator,10,2367,0.00275,0.026625,1.2075,0.221791,1.462458,3401.462458
poia_zt_authenticator,PoIA with ZT-Authenticator,10,2368,0.002917,0.027666,3.257166,0.206667,3.498375,3403.498375
poia_zt_authenticator,PoIA with ZT-Authenticator,10,2369,0.003042,0.035167,2.202417,0.202125,2.446667,3402.446667
poia_zt_authenticator,PoIA with ZT-Authenticator,10,2370,0.002667,0.032584,3.187958,0.202416,3.429625,3403.429625
poia_zt_authenticator,PoIA with ZT-Authenticator,10,2371,0.00325,0.033083,1.20975,1.249625,2.500291,3402.500291
poia_zt_authenticator,PoIA with ZT-Authenticator,10,2372,0.002959,0.048,2.250333,0.201083,2.50625,3402.50625
poia_zt_authenticator,PoIA with ZT-Authenticator,10,2373,0.002708,0.0275,2.237125,0.201333,2.4725,3402.4725
poia_zt_authenticator,PoIA with ZT-Authenticator,10,2374,0.002875,0.03325,1.160083,1.178583,2.379541,3402.379541
poia_zt_authenticator,PoIA with ZT-Authenticator,10,2375,0.003708,0.02825,2.478083,0.314542,2.829834,3402.829834
poia_zt_authenticator,PoIA with ZT-Authenticator,10,2376,0.002792,0.027542,2.142042,1.653459,3.8305,3403.8305
poia_zt_authenticator,PoIA with ZT-Authenticator,10,2377,0.002667,0.028417,2.2915,1.537541,3.867708,3403.867708
poia_zt_authenticator,PoIA with ZT-Authenticator,10,2378,0.003083,0.033709,1.403416,1.51025,2.973208,3402.973208
poia_zt_authenticator,PoIA with ZT-Authenticator,10,2379,0.002959,0.027458,1.455833,1.532666,3.023542,3403.023542
poia_zt_authenticator,PoIA with ZT-Authenticator,10,2380,0.003459,0.036167,1.352667,1.642959,3.039875,3403.039875
poia_zt_authenticator,PoIA with ZT-Authenticator,10,2381,0.003583,0.035083,0.096958,0.185208,0.324125,3400.324125
poia_zt_authenticator,PoIA with ZT-Authenticator,10,2382,0.002708,0.026958,2.811625,0.205667,3.050875,3403.050875
poia_zt_authenticator,PoIA with ZT-Authenticator,10,2383,0.003375,0.032375,1.617166,1.645166,3.302917,3403.302917
poia_zt_authenticator,PoIA with ZT-Authenticator,10,2384,0.003167,0.034541,0.09575,0.218917,0.355417,3400.355417
poia_zt_authenticator,PoIA with ZT-Authenticator,10,2385,0.0035,0.032875,1.615042,0.202959,1.858208,3401.858208
poia_zt_authenticator,PoIA with ZT-Authenticator,10,2386,0.002708,0.026875,2.421167,2.970625,5.425916,3405.425916
poia_zt_authenticator,PoIA with ZT-Authenticator,10,2387,0.00275,0.026917,1.546834,2.710625,4.292292,3404.292292
poia_zt_authenticator,PoIA with ZT-Authenticator,10,2388,0.002416,0.027,1.445708,0.269708,1.748791,3401.748791
poia_zt_authenticator,PoIA with ZT-Authenticator,10,2389,0.003041,0.034834,1.494375,0.224458,1.760708,3401.760708
poia_zt_authenticator,PoIA with ZT-Authenticator,10,2390,0.003416,0.070167,2.550041,0.200125,2.827958,3402.827958
poia_zt_authenticator,PoIA with ZT-Authenticator,10,2391,0.002917,0.032583,1.274125,0.222958,1.536292,3401.536292
poia_zt_authenticator,PoIA with ZT-Authenticator,10,2392,0.003583,0.033708,1.255584,0.202167,1.499042,3401.499042
poia_zt_authenticator,PoIA with ZT-Authenticator,10,2393,0.005625,0.035875,1.502375,2.647417,4.196583,3404.196583
poia_zt_authenticator,PoIA with ZT-Authenticator,10,2394,0.003125,0.034209,1.20775,0.272792,1.522958,3401.522958
poia_zt_authenticator,PoIA with ZT-Authenticator,10,2395,0.002916,0.027333,1.205459,0.30725,1.546916,3401.546916
poia_zt_authenticator,PoIA with ZT-Authenticator,10,2396,0.002375,0.026833,1.302666,1.397875,2.734583,3402.734583
poia_zt_authenticator,PoIA with ZT-Authenticator,10,2397,0.002833,0.02675,1.393917,0.201542,1.628791,3401.628791
poia_zt_authenticator,PoIA with ZT-Authenticator,10,2398,0.003459,0.035083,4.8475,0.203958,5.09375,3405.09375
poia_zt_authenticator,PoIA with ZT-Authenticator,10,2399,0.002584,0.027125,1.378667,0.201334,1.613375,3401.613375
poia_zt_authenticator,PoIA with ZT-Authenticator,10,2400,0.003291,0.035625,1.341667,0.2185,1.60325,3401.60325
poia_zt_authenticator,PoIA with ZT-Authenticator,10,2401,0.00325,0.045417,1.218,0.200375,1.471208,3401.471208
poia_zt_authenticator,PoIA with ZT-Authenticator,10,2402,0.00275,0.033083,1.18075,0.202792,1.423208,3401.423208
poia_zt_authenticator,PoIA with ZT-Authenticator,10,2403,0.003459,0.037,2.651708,3.385958,6.083,3406.083
poia_zt_authenticator,PoIA with ZT-Authenticator,10,2404,0.003041,0.027125,4.53075,0.201542,4.766333,3404.766333
poia_zt_authenticator,PoIA with ZT-Authenticator,10,2405,0.002833,0.026916,1.218709,0.201,1.453125,3401.453125
poia_zt_authenticator,PoIA with ZT-Authenticator,10,2406,0.002708,0.02675,3.383917,0.199584,3.616917,3403.616917
poia_zt_authenticator,PoIA with ZT-Authenticator,10,2407,0.002625,0.026791,1.189333,0.2025,1.425,3401.425
poia_zt_authenticator,PoIA with ZT-Authenticator,10,2408,0.003,0.027541,1.16925,1.260209,2.464542,3402.464542
poia_zt_authenticator,PoIA with ZT-Authenticator,10,2409,0.003125,0.034667,1.273542,2.255958,3.572083,3403.572083
poia_zt_authenticator,PoIA with ZT-Authenticator,10,2410,0.002959,0.026958,1.226916,0.199709,1.460292,3401.460292
poia_zt_authenticator,PoIA with ZT-Authenticator,10,2411,0.002833,0.027833,2.131666,0.203416,2.384,3402.384
poia_zt_authenticator,PoIA with ZT-Authenticator,10,2412,0.00325,0.050125,1.223792,1.205958,2.488167,3402.488167
poia_zt_authenticator,PoIA with ZT-Authenticator,10,2413,0.00325,0.039541,1.184125,0.2205,1.451375,3401.451375
poia_zt_authenticator,PoIA with ZT-Authenticator,10,2414,0.002833,0.027459,1.227958,1.207833,2.4705,3402.4705
poia_zt_authenticator,PoIA with ZT-Authenticator,10,2415,0.003291,0.033791,1.180042,0.220208,1.441209,3401.441209
poia_zt_authenticator,PoIA with ZT-Authenticator,10,2416,0.00275,0.026917,1.176833,3.297167,4.507667,3404.507667
poia_zt_authenticator,PoIA with ZT-Authenticator,10,2417,0.002875,0.026709,1.243292,1.208166,2.485916,3402.485916
poia_zt_authenticator,PoIA with ZT-Authenticator,10,2418,0.003,0.028166,1.246708,1.241959,2.5245,3402.5245
poia_zt_authenticator,PoIA with ZT-Authenticator,10,2419,0.003042,0.031,2.226666,2.274,4.539375,3404.539375
poia_zt_authenticator,PoIA with ZT-Authenticator,10,2420,0.002666,0.027459,1.216375,0.200708,1.451,3401.451
poia_zt_authenticator,PoIA with ZT-Authenticator,10,2421,0.002334,0.027,1.21,0.20125,1.444208,3401.444208
poia_zt_authenticator,PoIA with ZT-Authenticator,10,2422,0.003042,0.031666,1.169667,0.199,1.406958,3401.406958
poia_zt_authenticator,PoIA with ZT-Authenticator,10,2423,0.00275,0.032542,1.136375,0.219291,1.394958,3401.394958
poia_zt_authenticator,PoIA with ZT-Authenticator,10,2424,0.003083,0.033125,1.211,1.094542,2.346833,3402.346833
poia_zt_authenticator,PoIA with ZT-Authenticator,10,2425,0.002917,0.026875,1.202834,2.155583,3.392833,3403.392833
poia_zt_authenticator,PoIA with ZT-Authenticator,10,2426,0.002666,0.033375,1.178625,2.259583,3.479,3403.479
poia_zt_authenticator,PoIA with ZT-Authenticator,10,2427,0.002958,0.033417,1.199541,1.255542,2.496167,3402.496167
poia_zt_authenticator,PoIA with ZT-Authenticator,10,2428,0.003,0.033,1.2485,2.253958,3.543041,3403.543041
poia_zt_authenticator,PoIA with ZT-Authenticator,10,2429,0.002583,0.027542,1.241333,2.288959,3.565,3403.565
poia_zt_authenticator,PoIA with ZT-Authenticator,10,2430,0.002917,0.027625,1.305375,0.201417,1.541125,3401.541125
poia_zt_authenticator,PoIA with ZT-Authenticator,10,2431,0.003083,0.032542,1.277083,0.203792,1.520208,3401.520208
poia_zt_authenticator,PoIA with ZT-Authenticator,10,2432,0.00275,0.027291,1.208,1.27975,2.522625,3402.522625
poia_zt_authenticator,PoIA with ZT-Authenticator,10,2433,0.003083,0.032625,1.251958,0.234625,1.5265,3401.5265
poia_zt_authenticator,PoIA with ZT-Authenticator,10,2434,0.002791,0.032292,1.223209,0.201,1.462959,3401.462959
poia_zt_authenticator,PoIA with ZT-Authenticator,10,2435,0.003041,0.0335,1.188167,0.203,1.431458,3401.431458
poia_zt_authenticator,PoIA with ZT-Authenticator,10,2436,0.00275,0.027417,1.218541,2.282833,3.536208,3403.536208
poia_zt_authenticator,PoIA with ZT-Authenticator,10,2437,0.003041,0.032834,1.263833,1.184667,2.489042,3402.489042
poia_zt_authenticator,PoIA with ZT-Authenticator,10,2438,0.00275,0.036208,1.31875,2.571417,3.933958,3403.933958
poia_zt_authenticator,PoIA with ZT-Authenticator,10,2439,0.002833,0.027,1.170333,1.878375,3.083375,3403.083375
poia_zt_authenticator,PoIA with ZT-Authenticator,10,2440,0.002958,0.028125,1.16625,2.00325,3.205208,3403.205208
poia_zt_authenticator,PoIA with ZT-Authenticator,10,2441,0.002916,0.032208,3.116917,0.210084,3.366292,3403.366292
poia_zt_authenticator,PoIA with ZT-Authenticator,10,2442,0.024459,0.036583,2.075875,0.203333,2.345791,3402.345791
poia_zt_authenticator,PoIA with ZT-Authenticator,10,2443,0.003042,0.032375,3.812208,1.612042,5.464584,3405.464584
poia_zt_authenticator,PoIA with ZT-Authenticator,10,2444,0.002709,0.026875,1.768625,1.601709,3.406792,3403.406792
poia_zt_authenticator,PoIA with ZT-Authenticator,10,2445,0.002667,0.034084,1.854625,1.578584,3.474958,3403.474958
poia_zt_authenticator,PoIA with ZT-Authenticator,10,2446,0.00425,0.08925,1.412334,0.202209,1.713292,3401.713292
poia_zt_authenticator,PoIA with ZT-Authenticator,10,2447,0.003208,0.037167,1.354916,0.202791,1.602084,3401.602084
poia_zt_authenticator,PoIA with ZT-Authenticator,10,2448,0.003125,0.028708,1.302667,0.201833,1.54025,3401.54025
poia_zt_authenticator,PoIA with ZT-Authenticator,10,2449,0.003,0.027375,1.306292,0.202875,1.543584,3401.543584
poia_zt_authenticator,PoIA with ZT-Authenticator,10,2450,0.002875,0.035,1.248542,0.201458,1.491708,3401.491708
poia_zt_authenticator,PoIA with ZT-Authenticator,10,2451,0.012417,0.117208,1.917542,2.411583,4.467,3404.467
poia_zt_authenticator,PoIA with ZT-Authenticator,10,2452,0.003708,0.087916,1.6905,2.564667,4.352542,3404.352542
poia_zt_authenticator,PoIA with ZT-Authenticator,10,2453,0.00325,0.03475,1.269708,1.381333,2.69375,3402.69375
poia_zt_authenticator,PoIA with ZT-Authenticator,10,2454,0.003208,0.032875,1.241875,1.410875,2.693416,3402.693416
poia_zt_authenticator,PoIA with ZT-Authenticator,10,2455,0.002792,0.0275,1.14975,5.505291,6.690459,3406.690459
poia_zt_authenticator,PoIA with ZT-Authenticator,10,2456,0.002583,0.026917,1.251084,1.374458,2.65975,3402.65975
poia_zt_authenticator,PoIA with ZT-Authenticator,10,2457,0.002792,0.027917,1.256125,1.418166,2.709667,3402.709667
poia_zt_authenticator,PoIA with ZT-Authenticator,10,2458,0.002833,0.033708,1.190583,1.394083,2.626167,3402.626167
poia_zt_authenticator,PoIA with ZT-Authenticator,10,2459,0.002959,0.035625,1.378334,0.221125,1.656583,3401.656583
poia_zt_authenticator,PoIA with ZT-Authenticator,10,2460,0.002958,0.02775,1.33825,1.368958,2.742792,3402.742792
poia_zt_authenticator,PoIA with ZT-Authenticator,10,2461,0.003209,0.035042,1.34275,0.222625,1.607541,3401.607541
poia_zt_authenticator,PoIA with ZT-Authenticator,10,2462,0.002834,0.032708,1.348917,0.201542,1.589959,3401.589959
poia_zt_authenticator,PoIA with ZT-Authenticator,10,2463,0.002833,0.0275,1.319292,1.35575,2.731833,3402.731833
poia_zt_authenticator,PoIA with ZT-Authenticator,10,2464,0.003542,0.034041,1.310667,0.199167,1.551542,3401.551542
poia_zt_authenticator,PoIA with ZT-Authenticator,10,2465,0.003458,0.033083,1.26975,0.203958,1.514292,3401.514292
poia_zt_authenticator,PoIA with ZT-Authenticator,10,2466,0.002667,0.026875,1.2465,0.217459,1.497417,3401.497417
poia_zt_authenticator,PoIA with ZT-Authenticator,10,2467,0.002459,0.035958,1.18025,0.2,1.422417,3401.422417
poia_zt_authenticator,PoIA with ZT-Authenticator,10,2468,0.002792,0.027583,1.173292,0.205083,1.412459,3401.412459
poia_zt_authenticator,PoIA with ZT-Authenticator,10,2469,0.002792,0.032792,1.246458,1.1615,2.448292,3402.448292
poia_zt_authenticator,PoIA with ZT-Authenticator,10,2470,0.003583,0.034042,3.2955,0.220458,3.557708,3403.557708
poia_zt_authenticator,PoIA with ZT-Authenticator,10,2471,0.002708,0.032417,2.219041,1.162,3.420959,3403.420959
poia_zt_authenticator,PoIA with ZT-Authenticator,10,2472,0.002459,0.026916,1.14525,1.230542,2.409875,3402.409875
poia_zt_authenticator,PoIA with ZT-Authenticator,10,2473,0.002792,0.0275,1.152125,1.253709,2.44075,3402.44075
poia_zt_authenticator,PoIA with ZT-Authenticator,10,2474,0.003292,0.034042,2.042958,1.25425,3.339333,3403.339333
poia_zt_authenticator,PoIA with ZT-Authenticator,10,2475,0.003792,0.036208,4.336667,1.219958,5.601292,3405.601292
poia_zt_authenticator,PoIA with ZT-Authenticator,10,2476,0.002875,0.026875,1.122833,1.267917,2.425209,3402.425209
poia_zt_authenticator,PoIA with ZT-Authenticator,10,2477,0.002958,0.028208,1.125208,1.375709,2.536958,3402.536958
poia_zt_authenticator,PoIA with ZT-Authenticator,10,2478,0.002792,0.026542,2.207959,1.2785,3.52025,3403.52025
poia_zt_authenticator,PoIA with ZT-Authenticator,10,2479,0.003125,0.033458,1.254458,0.221625,1.516333,3401.516333
poia_zt_authenticator,PoIA with ZT-Authenticator,10,2480,0.003,0.027042,1.222,1.311167,2.567833,3402.567833
poia_zt_authenticator,PoIA with ZT-Authenticator,10,2481,0.003167,0.040083,1.304667,0.20275,1.554584,3401.554584
poia_zt_authenticator,PoIA with ZT-Authenticator,10,2482,0.003,0.038875,1.273666,0.202042,1.521459,3401.521459
poia_zt_authenticator,PoIA with ZT-Authenticator,10,2483,0.003333,0.035917,1.323542,1.250875,2.618459,3402.618459
poia_zt_authenticator,PoIA with ZT-Authenticator,10,2484,0.003167,0.033917,1.227708,0.20125,1.470084,3401.470084
poia_zt_authenticator,PoIA with ZT-Authenticator,10,2485,0.002917,0.03275,1.226209,2.333875,3.600375,3403.600375
poia_zt_authenticator,PoIA with ZT-Authenticator,10,2486,0.002667,0.027833,1.238584,0.205875,1.478958,3401.478958
poia_zt_authenticator,PoIA with ZT-Authenticator,10,2487,0.003042,0.057166,1.1925,0.202042,1.458833,3401.458833
poia_zt_authenticator,PoIA with ZT-Authenticator,10,2488,0.003209,0.032583,1.28975,2.25375,3.584125,3403.584125
poia_zt_authenticator,PoIA with ZT-Authenticator,10,2489,0.002708,0.032125,1.189625,0.216292,1.444583,3401.444583
poia_zt_authenticator,PoIA with ZT-Authenticator,10,2490,0.002959,0.02725,1.199167,0.224375,1.457625,3401.457625
poia_zt_authenticator,PoIA with ZT-Authenticator,10,2491,0.002541,0.027083,1.168041,0.20225,1.40375,3401.40375
poia_zt_authenticator,PoIA with ZT-Authenticator,10,2492,0.002458,0.026584,1.168791,0.203916,1.405583,3401.405583
poia_zt_authenticator,PoIA with ZT-Authenticator,10,2493,0.002959,0.033,1.232459,2.207959,3.481167,3403.481167
poia_zt_authenticator,PoIA with ZT-Authenticator,10,2494,0.002583,0.032166,2.180375,0.228792,2.447791,3402.447791
poia_zt_authenticator,PoIA with ZT-Authenticator,10,2495,0.002958,0.032875,3.252916,1.213333,4.506708,3404.506708
poia_zt_authenticator,PoIA with ZT-Authenticator,10,2496,0.00275,0.0265,1.185375,0.200417,1.41875,3401.41875
poia_zt_authenticator,PoIA with ZT-Authenticator,10,2497,0.002666,0.026875,1.1785,2.201708,3.414375,3403.414375
poia_zt_authenticator,PoIA with ZT-Authenticator,10,2498,0.002792,0.027583,1.193083,0.206375,1.452125,3401.452125
poia_zt_authenticator,PoIA with ZT-Authenticator,10,2499,0.002958,0.027375,1.228,0.213167,1.4755,3401.4755
poia_zt_authenticator,PoIA with ZT-Authenticator,10,2500,0.002625,0.032375,1.210125,0.201292,1.45025,3401.45025
poia_zt_authenticator,PoIA with ZT-Authenticator,10,2501,0.002709,0.027542,1.196583,0.203375,1.433917,3401.433917
poia_zt_authenticator,PoIA with ZT-Authenticator,10,2502,0.002916,0.039334,1.162459,2.514041,3.725291,3403.725291
poia_zt_authenticator,PoIA with ZT-Authenticator,10,2503,0.002792,0.027209,1.680375,0.267542,1.982208,3401.982208
poia_zt_authenticator,PoIA with ZT-Authenticator,10,2504,0.002709,0.02675,1.827625,0.223042,2.084083,3402.084083
poia_zt_authenticator,PoIA with ZT-Authenticator,10,2505,0.003459,0.033375,1.241208,1.805291,3.088625,3403.088625
poia_zt_authenticator,PoIA with ZT-Authenticator,10,2506,0.002541,0.026708,3.658666,1.436667,5.129958,3405.129958
poia_zt_authenticator,PoIA with ZT-Authenticator,10,2507,0.002542,0.026917,1.180125,5.84775,7.061959,3407.061959
poia_zt_authenticator,PoIA with ZT-Authenticator,10,2508,0.003208,0.028417,1.697042,1.449375,3.18575,3403.18575
poia_zt_authenticator,PoIA with ZT-Authenticator,10,2509,0.002958,0.032083,2.830459,1.350667,4.221,3404.221
poia_zt_authenticator,PoIA with ZT-Authenticator,10,2510,0.034375,0.066958,1.329333,0.224541,1.66225,3401.66225
poia_zt_authenticator,PoIA with ZT-Authenticator,10,2511,0.00275,0.033125,1.844792,1.466,3.353375,3403.353375
poia_zt_authenticator,PoIA with ZT-Authenticator,10,2512,0.003792,0.02775,1.213959,0.22175,1.47125,3401.47125
poia_zt_authenticator,PoIA with ZT-Authenticator,10,2513,0.007083,0.057625,1.502458,1.351042,2.923584,3402.923584
poia_zt_authenticator,PoIA with ZT-Authenticator,10,2514,0.00375,0.038417,1.330208,0.222917,1.59975,3401.59975
poia_zt_authenticator,PoIA with ZT-Authenticator,10,2515,0.002833,0.02675,1.206208,4.209084,5.449416,3405.449416
poia_zt_authenticator,PoIA with ZT-Authenticator,10,2516,0.002875,0.032917,1.349958,0.203292,1.592958,3401.592958
poia_zt_authenticator,PoIA with ZT-Authenticator,10,2517,0.002792,0.027125,1.353625,0.215209,1.60275,3401.60275
poia_zt_authenticator,PoIA with ZT-Authenticator,10,2518,0.00325,0.047333,1.344125,1.322875,2.722333,3402.722333
poia_zt_authenticator,PoIA with ZT-Authenticator,10,2519,0.003291,0.032959,1.310458,1.349208,2.700583,3402.700583
poia_zt_authenticator,PoIA with ZT-Authenticator,10,2520,0.003042,0.03325,1.407458,1.217917,2.666542,3402.666542
poia_zt_authenticator,PoIA with ZT-Authenticator,10,2521,0.00325,0.033583,1.206791,0.18925,1.436208,3401.436208
poia_zt_authenticator,PoIA with ZT-Authenticator,10,2522,0.002958,0.027625,1.143917,0.220834,1.399417,3401.399417
poia_zt_authenticator,PoIA with ZT-Authenticator,10,2523,0.003125,0.028916,1.156667,0.205292,1.397875,3401.397875
poia_zt_authenticator,PoIA with ZT-Authenticator,10,2524,0.002792,0.027792,1.400125,2.168042,3.603334,3403.603334
poia_zt_authenticator,PoIA with ZT-Authenticator,10,2525,0.002916,0.032084,1.106084,0.219416,1.36425,3401.36425
poia_zt_authenticator,PoIA with ZT-Authenticator,10,2526,0.003125,0.034541,3.381666,1.186542,4.6105,3404.6105
poia_zt_authenticator,PoIA with ZT-Authenticator,10,2527,0.002375,0.026708,1.154083,0.202666,1.389375,3401.389375
poia_zt_authenticator,PoIA with ZT-Authenticator,10,2528,0.004459,0.046666,1.308167,2.088667,3.453542,3403.453542
poia_zt_authenticator,PoIA with ZT-Authenticator,10,2529,0.003166,0.033375,2.143125,0.175292,2.358667,3402.358667
poia_zt_authenticator,PoIA with ZT-Authenticator,10,2530,0.002917,0.026791,1.1715,0.173209,1.377833,3401.377833
poia_zt_authenticator,PoIA with ZT-Authenticator,10,2531,0.003041,0.033458,1.116917,0.172292,1.329208,3401.329208
poia_zt_authenticator,PoIA with ZT-Authenticator,10,2532,0.002708,0.027208,1.096833,0.174542,1.304667,3401.304667
poia_zt_authenticator,PoIA with ZT-Authenticator,10,2533,0.003042,0.027375,1.051708,0.172917,1.2585,3401.2585
poia_zt_authenticator,PoIA with ZT-Authenticator,10,2534,0.002875,0.040958,1.006416,0.172667,1.226333,3401.226333
poia_zt_authenticator,PoIA with ZT-Authenticator,10,2535,0.002292,0.022958,0.993541,0.171458,1.193583,3401.193583
poia_zt_authenticator,PoIA with ZT-Authenticator,10,2536,0.002625,0.02425,0.997333,0.173833,1.201291,3401.201291
poia_zt_authenticator,PoIA with ZT-Authenticator,10,2537,0.0025,0.023375,0.998208,0.186,1.213417,3401.213417
poia_zt_authenticator,PoIA with ZT-Authenticator,10,2538,0.0025,0.024083,0.997541,0.170959,1.198375,3401.198375
poia_zt_authenticator,PoIA with ZT-Authenticator,10,2539,0.002959,0.032209,2.932708,1.022167,3.994125,3403.994125
poia_zt_authenticator,PoIA with ZT-Authenticator,10,2540,0.002834,0.032833,2.314583,3.737959,6.092459,3406.092459
poia_zt_authenticator,PoIA with ZT-Authenticator,10,2541,0.002833,0.032125,2.78775,0.171417,2.997666,3402.997666
poia_zt_authenticator,PoIA with ZT-Authenticator,10,2542,0.002333,0.023083,1.041625,0.175084,1.257625,3401.257625
poia_zt_authenticator,PoIA with ZT-Authenticator,10,2543,0.002166,0.023208,0.998875,1.051542,2.07975,3402.07975
poia_zt_authenticator,PoIA with ZT-Authenticator,10,2544,0.002375,0.02325,0.996833,1.093583,2.119916,3402.119916
poia_zt_authenticator,PoIA with ZT-Authenticator,10,2545,0.002875,0.027625,1.045167,0.171541,1.2505,3401.2505
poia_zt_authenticator,PoIA with ZT-Authenticator,10,2546,0.002417,0.023292,1.928834,0.173916,2.131666,3402.131666
poia_zt_authenticator,PoIA with ZT-Authenticator,10,2547,0.00225,0.022959,1.028084,1.000167,2.057208,3402.057208
poia_zt_authenticator,PoIA with ZT-Authenticator,10,2548,0.002208,0.028708,1.021,1.080125,2.135916,3402.135916
poia_zt_authenticator,PoIA with ZT-Authenticator,10,2549,0.002583,0.028625,1.072125,1.049,2.156334,3402.156334
poia_zt_authenticator,PoIA with ZT-Authenticator,10,2550,0.002584,0.028416,1.02825,0.186625,1.249333,3401.249333
poia_zt_authenticator,PoIA with ZT-Authenticator,10,2551,0.002333,0.028209,1.926083,0.185709,2.145625,3402.145625
poia_zt_authenticator,PoIA with ZT-Authenticator,10,2552,0.002292,0.022625,1.043084,0.186708,1.258042,3401.258042
poia_zt_authenticator,PoIA with ZT-Authenticator,10,2553,0.002958,0.030041,1.05625,1.002209,2.095708,3402.095708
poia_zt_authenticator,PoIA with ZT-Authenticator,10,2554,0.003042,0.027542,6.256,0.172042,6.461917,3406.461917
poia_zt_authenticator,PoIA with ZT-Authenticator,10,2555,0.0025,0.028,0.987,0.172042,1.192834,3401.192834
poia_zt_authenticator,PoIA with ZT-Authenticator,10,2556,0.002292,0.023417,1.049292,1.886583,2.965458,3402.965458
poia_zt_authenticator,PoIA with ZT-Authenticator,10,2557,0.002458,0.028458,1.016041,1.045584,2.096375,3402.096375
poia_zt_authenticator,PoIA with ZT-Authenticator,10,2558,0.002208,0.022542,1.016333,0.191792,1.236208,3401.236208
poia_zt_authenticator,PoIA with ZT-Authenticator,10,2559,0.002583,0.02775,0.985541,1.115583,2.135375,3402.135375
poia_zt_authenticator,PoIA with ZT-Authenticator,10,2560,0.002667,0.028875,1.082584,0.171125,1.288666,3401.288666
poia_zt_authenticator,PoIA with ZT-Authenticator,10,2561,0.00225,0.022917,1.9155,0.172375,2.116125,3402.116125
poia_zt_authenticator,PoIA with ZT-Authenticator,10,2562,0.002333,0.023167,1.091125,0.171916,1.29175,3401.29175
poia_zt_authenticator,PoIA with ZT-Authenticator,10,2563,0.002625,0.028291,1.0465,0.178875,1.259833,3401.259833
poia_zt_authenticator,PoIA with ZT-Authenticator,10,2564,0.002458,0.027833,1.032958,0.17175,1.23825,3401.23825
poia_zt_authenticator,PoIA with ZT-Authenticator,10,2565,0.0025,0.023708,1.024833,0.171291,1.225667,3401.225667
poia_zt_authenticator,PoIA with ZT-Authenticator,10,2566,0.002459,0.02825,1.916708,0.171625,2.122292,3402.122292
poia_zt_authenticator,PoIA with ZT-Authenticator,10,2567,0.002292,0.022917,1.023708,1.909125,2.961875,3402.961875
poia_zt_authenticator,PoIA with ZT-Authenticator,10,2568,0.002333,0.022625,1.015917,0.170792,1.214917,3401.214917
poia_zt_authenticator,PoIA with ZT-Authenticator,10,2569,0.002667,0.0235,1.009708,0.173959,1.213,3401.213
poia_zt_authenticator,PoIA with ZT-Authenticator,10,2570,0.002333,0.022792,1.012333,0.171584,1.212166,3401.212166
poia_zt_authenticator,PoIA with ZT-Authenticator,10,2571,0.002125,0.022916,1.012667,0.171667,1.212666,3401.212666
poia_zt_authenticator,PoIA with ZT-Authenticator,10,2572,0.002292,0.022666,1.050125,0.227458,1.306166,3401.306166
poia_zt_authenticator,PoIA with ZT-Authenticator,10,2573,0.002709,0.034125,1.069708,0.172709,1.282709,3401.282709
poia_zt_authenticator,PoIA with ZT-Authenticator,10,2574,0.002167,0.023084,1.064709,0.171,1.26425,3401.26425
poia_zt_authenticator,PoIA with ZT-Authenticator,10,2575,0.002375,0.023208,1.069583,0.174625,1.272959,3401.272959
poia_zt_authenticator,PoIA with ZT-Authenticator,10,2576,0.002,0.022792,1.069,0.262083,1.359833,3401.359833
poia_zt_authenticator,PoIA with ZT-Authenticator,10,2577,0.002291,0.043125,5.409,1.601292,7.060625,3407.060625
poia_zt_authenticator,PoIA with ZT-Authenticator,10,2578,0.002167,0.023458,1.470708,0.345125,1.847166,3401.847166
poia_zt_authenticator,PoIA with ZT-Authenticator,10,2579,0.00225,0.023291,4.372708,0.224959,4.627125,3404.627125
poia_zt_authenticator,PoIA with ZT-Authenticator,10,2580,0.002208,0.054375,1.077417,1.847208,2.985375,3402.985375
poia_zt_authenticator,PoIA with ZT-Authenticator,10,2581,0.002208,0.022375,1.267959,1.539791,2.836792,3402.836792
poia_zt_authenticator,PoIA with ZT-Authenticator,10,2582,0.004333,0.030208,1.169916,0.176125,1.384709,3401.384709
poia_zt_authenticator,PoIA with ZT-Authenticator,10,2583,0.002791,0.032416,1.150208,0.17525,1.364,3401.364
poia_zt_authenticator,PoIA with ZT-Authenticator,10,2584,0.00225,0.022958,1.709541,1.236709,2.975416,3402.975416
poia_zt_authenticator,PoIA with ZT-Authenticator,10,2585,0.002667,0.028166,5.212,1.123375,6.370208,3406.370208
poia_zt_authenticator,PoIA with ZT-Authenticator,10,2586,0.009875,0.070917,1.112,0.198291,1.396792,3401.396792
poia_zt_authenticator,PoIA with ZT-Authenticator,10,2587,0.002375,0.027417,1.795959,1.106333,2.936334,3402.936334
poia_zt_authenticator,PoIA with ZT-Authenticator,10,2588,0.00225,0.023042,0.990959,5.479042,6.49925,3406.49925
poia_zt_authenticator,PoIA with ZT-Authenticator,10,2589,0.002209,0.023458,3.652667,0.164166,3.845042,3403.845042
poia_zt_authenticator,PoIA with ZT-Authenticator,10,2590,0.002292,0.023458,1.0255,0.222667,1.277542,3401.277542
poia_zt_authenticator,PoIA with ZT-Authenticator,10,2591,0.003083,0.027958,1.979958,0.188417,2.202666,3402.202666
poia_zt_authenticator,PoIA with ZT-Authenticator,10,2592,0.002666,0.027708,1.057208,0.174875,1.265834,3401.265834
poia_zt_authenticator,PoIA with ZT-Authenticator,10,2593,0.003083,0.047083,1.059458,1.150792,2.264583,3402.264583
poia_zt_authenticator,PoIA with ZT-Authenticator,10,2594,0.002541,0.02825,0.923166,0.172166,1.129334,3401.129334
poia_zt_authenticator,PoIA with ZT-Authenticator,10,2595,0.002042,0.060041,0.903584,0.172041,1.14175,3401.14175
poia_zt_authenticator,PoIA with ZT-Authenticator,10,2596,0.002666,0.028583,1.989209,0.174583,2.198416,3402.198416
poia_zt_authenticator,PoIA with ZT-Authenticator,10,2597,0.002625,0.028333,1.856625,0.172208,2.063042,3402.063042
poia_zt_authenticator,PoIA with ZT-Authenticator,10,2598,0.00225,0.022959,0.96875,0.172042,1.169125,3401.169125
poia_zt_authenticator,PoIA with ZT-Authenticator,10,2599,0.002416,0.027708,0.951708,0.170667,1.155916,3401.155916
poia_zt_authenticator,PoIA with ZT-Authenticator,10,2600,0.00225,0.032333,0.952958,0.173417,1.16425,3401.16425
poia_zt_authenticator,PoIA with ZT-Authenticator,10,2601,0.002459,0.022833,0.973125,0.187084,1.188833,3401.188833
poia_zt_authenticator,PoIA with ZT-Authenticator,10,2602,0.00225,0.022917,0.99175,0.171584,1.191708,3401.191708
poia_zt_authenticator,PoIA with ZT-Authenticator,10,2603,0.00225,0.02275,0.974208,0.171,1.173459,3401.173459
poia_zt_authenticator,PoIA with ZT-Authenticator,10,2604,0.002208,0.023167,0.970083,0.173959,1.172417,3401.172417
poia_zt_authenticator,PoIA with ZT-Authenticator,10,2605,0.002375,0.022875,0.979625,1.012708,2.021709,3402.021709
poia_zt_authenticator,PoIA with ZT-Authenticator,10,2606,0.002541,0.023042,3.509292,1.060334,4.599208,3404.599208
poia_zt_authenticator,PoIA with ZT-Authenticator,10,2607,0.002333,0.022417,0.991917,1.084834,2.105542,3402.105542
poia_zt_authenticator,PoIA with ZT-Authenticator,10,2608,0.002375,0.022792,2.698541,1.850583,4.578209,3404.578209
poia_zt_authenticator,PoIA with ZT-Authenticator,10,2609,0.002166,0.023208,1.07475,0.170625,1.273875,3401.273875
poia_zt_authenticator,PoIA with ZT-Authenticator,10,2610,0.0025,0.022917,1.091667,0.18425,1.304875,3401.304875
poia_zt_authenticator,PoIA with ZT-Authenticator,10,2611,0.002333,0.023417,1.09525,0.195792,1.320167,3401.320167
poia_zt_authenticator,PoIA with ZT-Authenticator,10,2612,0.002459,0.02425,3.471583,1.058125,4.560375,3404.560375
poia_zt_authenticator,PoIA with ZT-Authenticator,10,2613,0.002459,0.028125,1.037083,0.186541,1.257583,3401.257583
poia_zt_authenticator,PoIA with ZT-Authenticator,10,2614,0.002292,0.027333,0.995167,0.170875,1.199,3401.199
poia_zt_authenticator,PoIA with ZT-Authenticator,10,2615,0.002375,0.023083,1.00425,0.174625,1.207625,3401.207625
poia_zt_authenticator,PoIA with ZT-Authenticator,10,2616,0.002292,0.023917,1.025167,1.904125,2.959,3402.959
poia_zt_authenticator,PoIA with ZT-Authenticator,10,2617,0.002334,0.02325,0.987625,0.172166,1.188625,3401.188625
poia_zt_authenticator,PoIA with ZT-Authenticator,10,2618,0.002625,0.024125,0.972833,0.172125,1.174917,3401.174917
poia_zt_authenticator,PoIA with ZT-Authenticator,10,2619,0.002542,0.023375,3.56325,1.764167,5.357125,3405.357125
poia_zt_authenticator,PoIA with ZT-Authenticator,10,2620,0.003333,0.056584,2.700875,0.172667,2.937042,3402.937042
poia_zt_authenticator,PoIA with ZT-Authenticator,10,2621,0.00225,0.0235,0.95175,0.189875,1.17075,3401.17075
poia_zt_authenticator,PoIA with ZT-Authenticator,10,2622,0.0025,0.027167,1.790084,0.171875,1.994875,3401.994875
poia_zt_authenticator,PoIA with ZT-Authenticator,10,2623,0.00225,0.022292,0.987708,0.173042,1.188583,3401.188583
poia_zt_authenticator,PoIA with ZT-Authenticator,10,2624,0.002334,0.028125,0.957916,0.185959,1.17775,3401.17775
poia_zt_authenticator,PoIA with ZT-Authenticator,10,2625,0.002542,0.02475,0.962209,0.178875,1.17175,3401.17175
poia_zt_authenticator,PoIA with ZT-Authenticator,10,2626,0.002208,0.02325,0.956917,1.837125,2.823375,3402.823375
poia_zt_authenticator,PoIA with ZT-Authenticator,10,2627,0.002333,0.022583,1.000417,0.170833,1.199417,3401.199417
poia_zt_authenticator,PoIA with ZT-Authenticator,10,2628,0.002375,0.0235,0.991292,0.171958,1.192417,3401.192417
poia_zt_authenticator,PoIA with ZT-Authenticator,10,2629,0.001834,0.023583,1.781875,0.960042,2.771125,3402.771125
poia_zt_authenticator,PoIA with ZT-Authenticator,10,2630,0.002459,0.032417,2.668,1.786708,4.4935,3404.4935
poia_zt_authenticator,PoIA with ZT-Authenticator,10,2631,0.002834,0.024,1.0575,0.171541,1.259375,3401.259375
poia_zt_authenticator,PoIA with ZT-Authenticator,10,2632,0.00275,0.027708,1.033583,0.17325,1.240625,3401.240625
poia_zt_authenticator,PoIA with ZT-Authenticator,10,2633,0.002208,0.0235,2.714875,0.914125,3.658708,3403.658708
poia_zt_authenticator,PoIA with ZT-Authenticator,10,2634,0.0025,0.027708,0.980333,0.198541,1.212417,3401.212417
poia_zt_authenticator,PoIA with ZT-Authenticator,10,2635,0.00225,0.027792,0.971417,2.663792,3.669334,3403.669334
poia_zt_authenticator,PoIA with ZT-Authenticator,10,2636,0.002125,0.023541,1.720042,2.752833,4.502208,3404.502208
poia_zt_authenticator,PoIA with ZT-Authenticator,10,2637,0.002542,0.022833,1.032,0.171584,1.232292,3401.232292
poia_zt_authenticator,PoIA with ZT-Authenticator,10,2638,0.002625,0.023292,1.036417,0.174792,1.240459,3401.240459
poia_zt_authenticator,PoIA with ZT-Authenticator,10,2639,0.002834,0.028417,1.007333,1.080666,2.123292,3402.123292
poia_zt_authenticator,PoIA with ZT-Authenticator,10,2640,0.002541,0.023291,1.054167,1.857208,2.941167,3402.941167
poia_zt_authenticator,PoIA with ZT-Authenticator,10,2641,0.002541,0.027791,1.10925,0.173417,1.316291,3401.316291
poia_zt_authenticator,PoIA with ZT-Authenticator,10,2642,0.00225,0.02875,1.100917,0.174541,1.309708,3401.309708
poia_zt_authenticator,PoIA with ZT-Authenticator,10,2643,0.00225,0.022542,1.034,1.98275,3.045417,3403.045417
poia_zt_authenticator,PoIA with ZT-Authenticator,10,2644,0.003,0.030041,1.077875,0.188209,1.302583,3401.302583
poia_zt_authenticator,PoIA with ZT-Authenticator,10,2645,0.002209,0.023291,1.088042,0.185792,1.302542,3401.302542
poia_zt_authenticator,PoIA with ZT-Authenticator,10,2646,0.002459,0.023,1.082083,0.185917,1.296792,3401.296792
poia_zt_authenticator,PoIA with ZT-Authenticator,10,2647,0.002417,0.023417,0.989166,0.173542,1.19175,3401.19175
poia_zt_authenticator,PoIA with ZT-Authenticator,10,2648,0.002458,0.022709,0.989167,0.189375,1.207209,3401.207209
poia_zt_authenticator,PoIA with ZT-Authenticator,10,2649,0.002583,0.02775,1.924542,0.189167,2.147375,3402.147375
poia_zt_authenticator,PoIA with ZT-Authenticator,10,2650,0.002583,0.028292,1.941875,1.05,3.02675,3403.02675
poia_zt_authenticator,PoIA with ZT-Authenticator,10,2651,0.00225,0.023041,1.022958,0.174792,1.226416,3401.226416
poia_zt_authenticator,PoIA with ZT-Authenticator,10,2652,0.002417,0.023791,1.015833,1.560375,2.606583,3402.606583
poia_zt_authenticator,PoIA with ZT-Authenticator,10,2653,0.002209,0.022916,2.5755,0.224375,2.933333,3402.933333
poia_zt_authenticator,PoIA with ZT-Authenticator,10,2654,0.002459,0.027917,1.807,0.1785,2.01925,3402.01925
poia_zt_authenticator,PoIA with ZT-Authenticator,10,2655,0.002459,0.0235,1.821416,0.176583,2.027125,3402.027125
poia_zt_authenticator,PoIA with ZT-Authenticator,10,2656,0.00225,0.022958,1.174458,1.625417,2.832875,3402.832875
poia_zt_authenticator,PoIA with ZT-Authenticator,10,2657,0.002417,0.023542,1.031334,5.983,7.044125,3407.044125
poia_zt_authenticator,PoIA with ZT-Authenticator,10,2658,0.002375,0.023916,1.66475,1.057083,2.752333,3402.752333
poia_zt_authenticator,PoIA with ZT-Authenticator,10,2659,0.002584,0.028167,1.883834,2.989417,4.908,3404.908
poia_zt_authenticator,PoIA with ZT-Authenticator,10,2660,0.002709,0.027792,1.836625,2.739833,4.610625,3404.610625
poia_zt_authenticator,PoIA with ZT-Authenticator,10,2661,0.002417,0.029833,0.999209,2.7895,3.825167,3403.825167
poia_zt_authenticator,PoIA with ZT-Authenticator,10,2662,0.0025,0.023833,1.173708,0.173792,1.377042,3401.377042
poia_zt_authenticator,PoIA with ZT-Authenticator,10,2663,0.002458,0.023459,1.1705,0.172625,1.372375,3401.372375
poia_zt_authenticator,PoIA with ZT-Authenticator,10,2664,0.002583,0.027916,1.123375,0.195625,1.353125,3401.353125
poia_zt_authenticator,PoIA with ZT-Authenticator,10,2665,0.002917,0.028291,1.102167,0.269541,1.407,3401.407
poia_zt_authenticator,PoIA with ZT-Authenticator,10,2666,0.00275,0.042541,1.062667,0.171792,1.283167,3401.283167
poia_zt_authenticator,PoIA with ZT-Authenticator,10,2667,0.002708,0.028375,1.0315,0.172834,1.238667,3401.238667
poia_zt_authenticator,PoIA with ZT-Authenticator,10,2668,0.002292,0.023458,1.031083,0.183334,1.243458,3401.243458
poia_zt_authenticator,PoIA with ZT-Authenticator,10,2669,0.002667,0.029167,1.925167,0.191459,2.152041,3402.152041
poia_zt_authenticator,PoIA with ZT-Authenticator,10,2670,0.0025,0.0285,0.984959,0.173,1.192333,3401.192333
poia_zt_authenticator,PoIA with ZT-Authenticator,10,2671,0.00275,0.028541,2.844916,0.173166,3.052708,3403.052708
poia_zt_authenticator,PoIA with ZT-Authenticator,10,2672,0.002292,0.023,1.031459,0.9985,2.059167,3402.059167
poia_zt_authenticator,PoIA with ZT-Authenticator,10,2673,0.002417,0.030084,0.972542,0.189458,1.197875,3401.197875
poia_zt_authenticator,PoIA with ZT-Authenticator,10,2674,0.003375,0.029458,1.119125,2.81525,3.970792,3403.970792
poia_zt_authenticator,PoIA with ZT-Authenticator,10,2675,0.003709,0.041625,1.176875,3.636292,4.862834,3404.862834
poia_zt_authenticator,PoIA with ZT-Authenticator,10,2676,0.002292,0.023334,1.837833,0.171833,2.038625,3402.038625
poia_zt_authenticator,PoIA with ZT-Authenticator,10,2677,0.0025,0.023166,0.999083,0.172459,1.200709,3401.200709
poia_zt_authenticator,PoIA with ZT-Authenticator,10,2678,0.002375,0.028125,0.987709,0.182167,1.2035,3401.2035
poia_zt_authenticator,PoIA with ZT-Authenticator,10,2679,0.001875,0.023666,0.992542,0.174375,1.1955,3401.1955
poia_zt_authenticator,PoIA with ZT-Authenticator,10,2680,0.002583,0.029875,0.977709,0.171333,1.18475,3401.18475
poia_zt_authenticator,PoIA with ZT-Authenticator,10,2681,0.002334,0.022875,1.764666,0.172791,1.965875,3401.965875
poia_zt_authenticator,PoIA with ZT-Authenticator,10,2682,0.002209,0.027917,0.999959,1.017417,2.051458,3402.051458
poia_zt_authenticator,PoIA with ZT-Authenticator,10,2683,0.00225,0.023125,0.992625,1.886375,2.908209,3402.908209
poia_zt_authenticator,PoIA with ZT-Authenticator,10,2684,0.002792,0.024417,0.978958,1.89825,2.908083,3402.908083
poia_zt_authenticator,PoIA with ZT-Authenticator,10,2685,0.002375,0.023416,1.033708,0.171916,1.234708,3401.234708
poia_zt_authenticator,PoIA with ZT-Authenticator,10,2686,0.002625,0.023167,1.0255,0.170833,1.2255,3401.2255
poia_zt_authenticator,PoIA with ZT-Authenticator,10,2687,0.002541,0.022833,0.988375,1.049834,2.067709,3402.067709
poia_zt_authenticator,PoIA with ZT-Authenticator,10,2688,0.00225,0.022917,0.992917,1.105709,2.127667,3402.127667
poia_zt_authenticator,PoIA with ZT-Authenticator,10,2689,0.002542,0.028625,1.096,0.174333,1.30475,3401.30475
poia_zt_authenticator,PoIA with ZT-Authenticator,10,2690,0.002458,0.026875,1.062458,0.171917,1.266959,3401.266959
poia_zt_authenticator,PoIA with ZT-Authenticator,10,2691,0.002209,0.023209,1.024167,1.0905,2.144042,3402.144042
poia_zt_authenticator,PoIA with ZT-Authenticator,10,2692,0.002334,0.022875,1.02325,1.116292,2.16875,3402.16875
poia_zt_authenticator,PoIA with ZT-Authenticator,10,2693,0.002208,0.022708,1.020208,0.171917,1.220334,3401.220334
poia_zt_authenticator,PoIA with ZT-Authenticator,10,2694,0.002375,0.023166,1.018625,0.172375,1.219916,3401.219916
poia_zt_authenticator,PoIA with ZT-Authenticator,10,2695,0.002208,0.023458,1.058916,1.060375,2.148792,3402.148792
poia_zt_authenticator,PoIA with ZT-Authenticator,10,2696,0.0025,0.053417,1.071708,1.026458,2.158375,3402.158375
poia_zt_authenticator,PoIA with ZT-Authenticator,10,2697,0.002542,0.02925,1.005959,0.225458,1.267542,3401.267542
poia_zt_authenticator,PoIA with ZT-Authenticator,10,2698,0.002083,0.023959,1.942125,1.113541,3.0855,3403.0855
poia_zt_authenticator,PoIA with ZT-Authenticator,10,2699,0.002333,0.02325,5.223625,1.932708,7.185875,3407.185875
poia_zt_authenticator,PoIA with ZT-Authenticator,10,2700,0.00225,0.022791,1.058791,2.022917,3.110583,3403.110583
poia_zt_authenticator,PoIA with ZT-Authenticator,10,2701,0.002333,0.023209,1.154375,0.17175,1.354958,3401.354958
poia_zt_authenticator,PoIA with ZT-Authenticator,10,2702,0.0025,0.024042,1.159458,0.1725,1.361667,3401.361667
poia_zt_authenticator,PoIA with ZT-Authenticator,10,2703,0.002625,0.028167,1.0405,2.027333,3.102583,3403.102583
poia_zt_authenticator,PoIA with ZT-Authenticator,10,2704,0.003083,0.035875,1.093917,0.1715,1.307875,3401.307875
poia_zt_authenticator,PoIA with ZT-Authenticator,10,2705,0.00275,0.03375,1.058084,0.174208,1.27225,3401.27225
poia_zt_authenticator,PoIA with ZT-Authenticator,10,2706,0.002541,0.027958,1.033083,2.035375,3.102917,3403.102917
poia_zt_authenticator,PoIA with ZT-Authenticator,10,2707,0.002333,0.0235,1.038416,0.188167,1.255708,3401.255708
poia_zt_authenticator,PoIA with ZT-Authenticator,10,2708,0.002375,0.02375,1.038625,0.192458,1.260542,3401.260542
poia_zt_authenticator,PoIA with ZT-Authenticator,10,2709,0.00225,0.022834,1.008375,0.17475,1.211542,3401.211542
poia_zt_authenticator,PoIA with ZT-Authenticator,10,2710,0.002375,0.02375,1.002375,0.174958,1.206709,3401.206709
poia_zt_authenticator,PoIA with ZT-Authenticator,10,2711,0.0025,0.028875,1.155208,1.879208,3.069833,3403.069833
poia_zt_authenticator,PoIA with ZT-Authenticator,10,2712,0.0025,0.02825,1.847708,0.203292,2.085042,3402.085042
poia_zt_authenticator,PoIA with ZT-Authenticator,10,2713,0.002792,0.02775,1.906917,1.025458,2.966833,3402.966833
poia_zt_authenticator,PoIA with ZT-Authenticator,10,2714,0.002917,0.036042,1.02775,1.826291,2.897208,3402.897208
poia_zt_authenticator,PoIA with ZT-Authenticator,10,2715,0.002459,0.027833,2.01,1.917291,3.961458,3403.961458
poia_zt_authenticator,PoIA with ZT-Authenticator,10,2716,0.0025,0.023333,1.057625,0.17225,1.259,3401.259
poia_zt_authenticator,PoIA with ZT-Authenticator,10,2717,0.002333,0.023375,1.066834,0.184708,1.280542,3401.280542
poia_zt_authenticator,PoIA with ZT-Authenticator,10,2718,0.0025,0.029625,1.045916,0.178041,1.259458,3401.259458
poia_zt_authenticator,PoIA with ZT-Authenticator,10,2719,0.002459,0.023125,1.046084,0.172583,1.247333,3401.247333
poia_zt_authenticator,PoIA with ZT-Authenticator,10,2720,0.0025,0.028167,0.986792,1.906542,2.928,3402.928
poia_zt_authenticator,PoIA with ZT-Authenticator,10,2721,0.00225,0.023458,2.729375,0.191208,2.949584,3402.949584
poia_zt_authenticator,PoIA with ZT-Authenticator,10,2722,0.002375,0.022916,0.994208,0.187166,1.209958,3401.209958
poia_zt_authenticator,PoIA with ZT-Authenticator,10,2723,0.002666,0.024333,0.992917,0.171292,1.194583,3401.194583
poia_zt_authenticator,PoIA with ZT-Authenticator,10,2724,0.002292,0.022708,0.997125,0.173375,1.198791,3401.198791
poia_zt_authenticator,PoIA with ZT-Authenticator,10,2725,0.002625,0.027833,0.969833,1.062375,2.066792,3402.066792
poia_zt_authenticator,PoIA with ZT-Authenticator,10,2726,0.002333,0.023125,1.001083,2.784333,3.814833,3403.814833
poia_zt_authenticator,PoIA with ZT-Authenticator,10,2727,0.002542,0.032375,1.876917,1.123666,3.039583,3403.039583
poia_zt_authenticator,PoIA with ZT-Authenticator,10,2728,0.002542,0.034583,0.221458,0.2705,0.537708,3400.537708
poia_zt_authenticator,PoIA with ZT-Authenticator,10,2729,0.002792,0.029083,1.027875,1.799833,2.864,3402.864
poia_zt_authenticator,PoIA with ZT-Authenticator,10,2730,0.00225,0.023042,1.110375,1.7775,2.917125,3402.917125
poia_zt_authenticator,PoIA with ZT-Authenticator,10,2731,0.002542,0.027917,1.006458,3.769834,4.810792,3404.810792
poia_zt_authenticator,PoIA with ZT-Authenticator,10,2732,0.00225,0.022792,1.615,1.301791,2.945875,3402.945875
poia_zt_authenticator,PoIA with ZT-Authenticator,10,2733,0.002584,0.023125,1.673,1.265708,2.969417,3402.969417
poia_zt_authenticator,PoIA with ZT-Authenticator,10,2734,0.002834,0.028,1.71225,1.234417,2.981958,3402.981958
poia_zt_authenticator,PoIA with ZT-Authenticator,10,2735,0.00225,0.023042,1.852792,2.998833,4.880834,3404.880834
poia_zt_authenticator,PoIA with ZT-Authenticator,10,2736,0.003958,0.030041,1.122,0.200917,1.36075,3401.36075
poia_zt_authenticator,PoIA with ZT-Authenticator,10,2737,0.002542,0.023375,2.708208,1.234208,3.972333,3403.972333
poia_zt_authenticator,PoIA with ZT-Authenticator,10,2738,0.002916,0.028542,1.741791,1.167875,2.94525,3402.94525
poia_zt_authenticator,PoIA with ZT-Authenticator,10,2739,0.003125,0.046292,1.150541,0.188708,1.392458,3401.392458
poia_zt_authenticator,PoIA with ZT-Authenticator,10,2740,0.003916,0.097333,1.618542,1.164792,2.890959,3402.890959
poia_zt_authenticator,PoIA with ZT-Authenticator,10,2741,0.002708,0.028208,1.152,0.179667,1.366042,3401.366042
poia_zt_authenticator,PoIA with ZT-Authenticator,10,2742,0.002833,0.027958,1.13025,0.333875,1.499291,3401.499291
poia_zt_authenticator,PoIA with ZT-Authenticator,10,2743,0.002417,0.049083,0.104542,0.187167,0.346541,3400.346541
poia_zt_authenticator,PoIA with ZT-Authenticator,10,2744,0.002583,0.028667,2.098834,0.173,2.306291,3402.306291
poia_zt_authenticator,PoIA with ZT-Authenticator,10,2745,0.002292,0.027667,1.121208,0.175083,1.329417,3401.329417
poia_zt_authenticator,PoIA with ZT-Authenticator,10,2746,0.002542,0.027875,2.035875,0.171083,2.24075,3402.24075
poia_zt_authenticator,PoIA with ZT-Authenticator,10,2747,0.002292,0.023792,2.021667,0.174125,2.225,3402.225
poia_zt_authenticator,PoIA with ZT-Authenticator,10,2748,0.003042,0.029958,1.019334,0.171583,1.227208,3401.227208
poia_zt_authenticator,PoIA with ZT-Authenticator,10,2749,0.002458,0.037292,1.947041,0.170833,2.160959,3402.160959
poia_zt_authenticator,PoIA with ZT-Authenticator,10,2750,0.002167,0.023125,1.007625,0.17375,1.20975,3401.20975
poia_zt_authenticator,PoIA with ZT-Authenticator,10,2751,0.002625,0.027834,1.145042,1.846958,3.026625,3403.026625
poia_zt_authenticator,PoIA with ZT-Authenticator,10,2752,0.002208,0.023125,1.981,1.025875,3.036042,3403.036042
poia_zt_authenticator,PoIA with ZT-Authenticator,10,2753,0.002333,0.037041,0.950708,0.975584,1.969875,3401.969875
poia_zt_authenticator,PoIA with ZT-Authenticator,10,2754,0.002458,0.023583,1.815916,1.08775,2.933666,3402.933666
poia_zt_authenticator,PoIA with ZT-Authenticator,10,2755,0.002083,0.023459,0.990583,1.08075,2.100834,3402.100834
poia_zt_authenticator,PoIA with ZT-Authenticator,10,2756,0.002666,0.029125,1.059666,0.188167,1.283083,3401.283083
poia_zt_authenticator,PoIA with ZT-Authenticator,10,2757,0.00225,0.0235,1.870916,1.078291,2.978958,3402.978958
poia_zt_authenticator,PoIA with ZT-Authenticator,10,2758,0.002625,0.027875,1.050208,0.188042,1.272042,3401.272042
poia_zt_authenticator,PoIA with ZT-Authenticator,10,2759,0.002208,0.022583,1.011542,1.107,2.14725,3402.14725
poia_zt_authenticator,PoIA with ZT-Authenticator,10,2760,0.0025,0.0235,1.006042,1.152542,2.188708,3402.188708
poia_zt_authenticator,PoIA with ZT-Authenticator,10,2761,0.002542,0.02325,0.992792,1.988042,3.010666,3403.010666
poia_zt_authenticator,PoIA with ZT-Authenticator,10,2762,0.002375,0.027375,1.067375,0.171917,1.272291,3401.272291
poia_zt_authenticator,PoIA with ZT-Authenticator,10,2763,0.002458,0.023333,1.062833,0.173125,1.264958,3401.264958
poia_zt_authenticator,PoIA with ZT-Authenticator,10,2764,0.002334,0.023,1.0495,0.187583,1.265542,3401.265542
poia_zt_authenticator,PoIA with ZT-Authenticator,10,2765,0.002583,0.027417,1.027458,0.1865,1.247292,3401.247292
poia_zt_authenticator,PoIA with ZT-Authenticator,10,2766,0.002834,0.027333,1.064708,1.021833,2.120625,3402.120625
poia_zt_authenticator,PoIA with ZT-Authenticator,10,2767,0.002708,0.028042,3.722625,2.849916,6.607375,3406.607375
poia_zt_authenticator,PoIA with ZT-Authenticator,10,2768,0.002708,0.028,1.004958,0.173542,1.212625,3401.212625
poia_zt_authenticator,PoIA with ZT-Authenticator,10,2769,0.0025,0.029084,1.003583,0.173416,1.211917,3401.211917
poia_zt_authenticator,PoIA with ZT-Authenticator,10,2770,0.002167,0.023625,1.0095,0.171,1.209708,3401.209708
poia_zt_authenticator,PoIA with ZT-Authenticator,10,2771,0.002542,0.02775,2.717625,0.171,2.922416,3402.922416
poia_zt_authenticator,PoIA with ZT-Authenticator,10,2772,0.002375,0.027917,0.948958,0.177916,1.160417,3401.160417
poia_zt_authenticator,PoIA with ZT-Authenticator,10,2773,0.002666,0.070791,1.087042,2.685458,3.850083,3403.850083
poia_zt_authenticator,PoIA with ZT-Authenticator,10,2774,0.002291,0.022916,1.007625,0.995458,2.032209,3402.032209
poia_zt_authenticator,PoIA with ZT-Authenticator,10,2775,0.002417,0.023125,1.009417,1.030834,2.069666,3402.069666
poia_zt_authenticator,PoIA with ZT-Authenticator,10,2776,0.002667,0.035958,0.977334,0.99075,2.010833,3402.010833
poia_zt_authenticator,PoIA with ZT-Authenticator,10,2777,0.002292,0.02275,1.044084,0.171375,1.244,3401.244
poia_zt_authenticator,PoIA with ZT-Authenticator,10,2778,0.00275,0.024667,1.042875,0.17525,1.248958,3401.248958
poia_zt_authenticator,PoIA with ZT-Authenticator,10,2779,0.002625,0.02325,0.9765,1.075417,2.081292,3402.081292
poia_zt_authenticator,PoIA with ZT-Authenticator,10,2780,0.003042,0.029958,1.061125,0.171583,1.269125,3401.269125
poia_zt_authenticator,PoIA with ZT-Authenticator,10,2781,0.002542,0.028167,1.029833,0.172208,1.235958,3401.235958
poia_zt_authenticator,PoIA with ZT-Authenticator,10,2782,0.00275,0.028958,3.5555,0.96725,4.558458,3404.558458
poia_zt_authenticator,PoIA with ZT-Authenticator,10,2783,0.002417,0.023375,0.996667,1.927125,2.953375,3402.953375
poia_zt_authenticator,PoIA with ZT-Authenticator,10,2784,0.002458,0.023083,1.078166,0.175209,1.282208,3401.282208
poia_zt_authenticator,PoIA with ZT-Authenticator,10,2785,0.002666,0.0235,1.074334,0.174042,1.277833,3401.277833
poia_zt_authenticator,PoIA with ZT-Authenticator,10,2786,0.0025,0.023083,1.805667,1.925042,3.760042,3403.760042
poia_zt_authenticator,PoIA with ZT-Authenticator,10,2787,0.002209,0.023125,1.075417,0.174125,1.278,3401.278
poia_zt_authenticator,PoIA with ZT-Authenticator,10,2788,0.002208,0.023083,1.078833,0.172,1.279416,3401.279416
poia_zt_authenticator,PoIA with ZT-Authenticator,10,2789,0.00275,0.029625,1.011083,0.189875,1.236875,3401.236875
poia_zt_authenticator,PoIA with ZT-Authenticator,10,2790,0.002542,0.032583,1.909792,0.174958,2.123084,3402.123084
poia_zt_authenticator,PoIA with ZT-Authenticator,10,2791,0.002458,0.023416,1.017125,0.171708,1.218,3401.218
poia_zt_authenticator,PoIA with ZT-Authenticator,10,2792,0.002584,0.027834,0.991334,0.174708,1.19975,3401.19975
poia_zt_authenticator,PoIA with ZT-Authenticator,10,2793,0.002333,0.023375,0.986708,0.171833,1.1875,3401.1875
poia_zt_authenticator,PoIA with ZT-Authenticator,10,2794,0.002375,0.02325,0.987292,0.172375,1.188459,3401.188459
poia_zt_authenticator,PoIA with ZT-Authenticator,10,2795,0.002334,0.022875,1.853541,0.156625,2.037875,3402.037875
poia_zt_authenticator,PoIA with ZT-Authenticator,10,2796,0.0025,0.023791,0.97075,0.171,1.171458,3401.171458
poia_zt_authenticator,PoIA with ZT-Authenticator,10,2797,0.002875,0.027833,1.835792,2.729958,4.600375,3404.600375
poia_zt_authenticator,PoIA with ZT-Authenticator,10,2798,0.002167,0.023709,0.985792,0.171166,1.186333,3401.186333
poia_zt_authenticator,PoIA with ZT-Authenticator,10,2799,0.002917,0.028334,4.332917,0.173917,4.541458,3404.541458
poia_zt_authenticator,PoIA with ZT-Authenticator,10,2800,0.002416,0.024292,1.818209,0.341041,2.203834,3402.203834
poia_zt_authenticator,PoIA with ZT-Authenticator,10,2801,0.008833,0.118,0.235333,0.248583,0.616375,3400.616375
poia_zt_authenticator,PoIA with ZT-Authenticator,10,2802,0.002375,0.027458,1.526459,0.290208,1.850625,3401.850625
poia_zt_authenticator,PoIA with ZT-Authenticator,10,2803,0.002958,0.028375,0.160875,0.1825,0.378167,3400.378167
poia_zt_authenticator,PoIA with ZT-Authenticator,10,2804,0.00225,0.023333,1.66875,0.173584,1.871167,3401.871167
poia_zt_authenticator,PoIA with ZT-Authenticator,10,2805,0.00275,0.027917,3.555917,1.705209,5.29575,3405.29575
poia_zt_authenticator,PoIA with ZT-Authenticator,10,2806,0.002291,0.023167,0.992459,2.603917,3.625625,3403.625625
poia_zt_authenticator,PoIA with ZT-Authenticator,10,2807,0.004459,0.030916,1.149458,0.171542,1.360625,3401.360625
poia_zt_authenticator,PoIA with ZT-Authenticator,10,2808,0.002333,0.022917,2.622417,0.173791,2.824583,3402.824583
poia_zt_authenticator,PoIA with ZT-Authenticator,10,2809,0.003083,0.024208,1.095042,0.190167,1.31575,3401.31575
poia_zt_authenticator,PoIA with ZT-Authenticator,10,2810,0.0025,0.023541,1.10075,0.187792,1.318,3401.318
poia_zt_authenticator,PoIA with ZT-Authenticator,10,2811,0.002125,0.028209,2.494708,1.8955,4.424417,3404.424417
poia_zt_authenticator,PoIA with ZT-Authenticator,10,2812,0.002625,0.03975,1.016917,0.261375,1.324625,3401.324625
poia_zt_authenticator,PoIA with ZT-Authenticator,10,2813,0.002375,0.022917,1.034459,0.203375,1.266833,3401.266833
poia_zt_authenticator,PoIA with ZT-Authenticator,10,2814,0.002416,0.023834,1.068875,0.173667,1.272084,3401.272084
poia_zt_authenticator,PoIA with ZT-Authenticator,10,2815,0.002208,0.022958,2.688208,1.994458,4.7115,3404.7115
poia_zt_authenticator,PoIA with ZT-Authenticator,10,2816,0.002333,0.023083,1.096833,0.171875,1.297291,3401.297291
poia_zt_authenticator,PoIA with ZT-Authenticator,10,2817,0.002542,0.023625,1.096708,0.173125,1.299334,3401.299334
poia_zt_authenticator,PoIA with ZT-Authenticator,10,2818,0.001875,0.022667,3.479375,1.944333,5.452333,3405.452333
poia_zt_authenticator,PoIA with ZT-Authenticator,10,2819,0.002625,0.023583,1.017166,0.188584,1.235083,3401.235083
poia_zt_authenticator,PoIA with ZT-Authenticator,10,2820,0.002375,0.023041,1.034667,0.191125,1.254709,3401.254709
poia_zt_authenticator,PoIA with ZT-Authenticator,10,2821,0.002333,0.029,0.976375,5.311125,6.322833,3406.322833
poia_zt_authenticator,PoIA with ZT-Authenticator,10,2822,0.002292,0.022625,1.053625,0.172292,1.254125,3401.254125
poia_zt_authenticator,PoIA with ZT-Authenticator,10,2823,0.002333,0.023041,1.050792,0.171125,1.2505,3401.2505
poia_zt_authenticator,PoIA with ZT-Authenticator,10,2824,0.00275,0.0285,2.861459,1.075291,3.972,3403.972
poia_zt_authenticator,PoIA with ZT-Authenticator,10,2825,0.002708,0.027709,1.046167,0.198958,1.279166,3401.279166
poia_zt_authenticator,PoIA with ZT-Authenticator,10,2826,0.0025,0.030709,1.060875,0.170417,1.267875,3401.267875
poia_zt_authenticator,PoIA with ZT-Authenticator,10,2827,0.003167,0.027208,1.042292,0.177583,1.253792,3401.253792
poia_zt_authenticator,PoIA with ZT-Authenticator,10,2828,0.002834,0.028292,1.051792,1.979958,3.067041,3403.067041
poia_zt_authenticator,PoIA with ZT-Authenticator,10,2829,0.00225,0.022875,1.047375,0.171791,1.247625,3401.247625
poia_zt_authenticator,PoIA with ZT-Authenticator,10,2830,0.002708,0.028167,2.780291,0.190375,3.004916,3403.004916
poia_zt_authenticator,PoIA with ZT-Authenticator,10,2831,0.002459,0.028292,2.748291,1.061292,3.844083,3403.844083
poia_zt_authenticator,PoIA with ZT-Authenticator,10,2832,0.002833,0.024041,1.028041,0.171084,1.22925,3401.22925
poia_zt_authenticator,PoIA with ZT-Authenticator,10,2833,0.002625,0.028167,1.001292,0.174417,1.209958,3401.209958
poia_zt_authenticator,PoIA with ZT-Authenticator,10,2834,0.0025,0.023209,0.995375,0.170916,1.195416,3401.195416
poia_zt_authenticator,PoIA with ZT-Authenticator,10,2835,0.002375,0.023875,0.988458,0.173667,1.191542,3401.191542
poia_zt_authenticator,PoIA with ZT-Authenticator,10,2836,0.00225,0.022667,1.03875,0.92675,1.99425,3401.99425
poia_zt_authenticator,PoIA with ZT-Authenticator,10,2837,0.002375,0.022416,1.049292,1.802834,2.880625,3402.880625
poia_zt_authenticator,PoIA with ZT-Authenticator,10,2838,0.002583,0.028334,2.742792,0.178541,2.955625,3402.955625
poia_zt_authenticator,PoIA with ZT-Authenticator,10,2839,0.002292,0.027875,1.000958,0.175584,1.209875,3401.209875
poia_zt_authenticator,PoIA with ZT-Authenticator,10,2840,0.002541,0.028042,1.92575,1.8715,3.831834,3403.831834
poia_zt_authenticator,PoIA with ZT-Authenticator,10,2841,0.002667,0.028042,1.852208,0.188125,2.074416,3402.074416
poia_zt_authenticator,PoIA with ZT-Authenticator,10,2842,0.002375,0.023709,1.05275,0.203417,1.285875,3401.285875
poia_zt_authenticator,PoIA with ZT-Authenticator,10,2843,0.00275,0.02775,1.056458,0.172333,1.262541,3401.262541
poia_zt_authenticator,PoIA with ZT-Authenticator,10,2844,0.00225,0.029916,1.867333,1.913167,3.816625,3403.816625
poia_zt_authenticator,PoIA with ZT-Authenticator,10,2845,0.002542,0.023333,1.043583,0.287042,1.360458,3401.360458
poia_zt_authenticator,PoIA with ZT-Authenticator,10,2846,0.020416,0.024125,1.093708,0.259,1.402833,3401.402833
poia_zt_authenticator,PoIA with ZT-Authenticator,10,2847,0.002416,0.023292,1.189541,0.174,1.392459,3401.392459
poia_zt_authenticator,PoIA with ZT-Authenticator,10,2848,0.002375,0.027167,2.039458,0.179459,2.252416,3402.252416
poia_zt_authenticator,PoIA with ZT-Authenticator,10,2849,0.002667,0.027542,1.168334,0.179084,1.381125,3401.381125
poia_zt_authenticator,PoIA with ZT-Authenticator,10,2850,0.002042,0.022833,2.929042,0.189416,3.146708,3403.146708
poia_zt_authenticator,PoIA with ZT-Authenticator,10,2851,0.002583,0.023417,3.696375,0.174041,3.900041,3403.900041
poia_zt_authenticator,PoIA with ZT-Authenticator,10,2852,0.00225,0.022959,0.918792,0.171917,1.119125,3401.119125
poia_zt_authenticator,PoIA with ZT-Authenticator,10,2853,0.00225,0.0225,1.189125,1.026,2.243959,3402.243959
poia_zt_authenticator,PoIA with ZT-Authenticator,10,2854,0.003042,0.035917,1.02575,0.975,2.043959,3402.043959
poia_zt_authenticator,PoIA with ZT-Authenticator,10,2855,0.003084,0.027583,1.7985,0.171209,2.003916,3402.003916
poia_zt_authenticator,PoIA with ZT-Authenticator,10,2856,0.0025,0.027541,2.844625,0.833875,3.712583,3403.712583
poia_zt_authenticator,PoIA with ZT-Authenticator,10,2857,0.004208,0.033375,1.883084,0.849,2.77525,3402.77525
poia_zt_authenticator,PoIA with ZT-Authenticator,10,2858,0.002833,0.024333,0.972166,0.8865,1.889875,3401.889875
poia_zt_authenticator,PoIA with ZT-Authenticator,10,2859,0.002417,0.023292,0.961958,0.965584,1.956875,3401.956875
poia_zt_authenticator,PoIA with ZT-Authenticator,10,2860,0.002208,0.025,2.926209,0.974917,3.932208,3403.932208
poia_zt_authenticator,PoIA with ZT-Authenticator,10,2861,0.00275,0.028167,0.948459,0.1725,1.155167,3401.155167
poia_zt_authenticator,PoIA with ZT-Authenticator,10,2862,0.002334,0.023167,0.900542,0.947666,1.876375,3401.876375
poia_zt_authenticator,PoIA with ZT-Authenticator,10,2863,0.002375,0.02375,0.925041,1.640833,2.59525,3402.59525
poia_zt_authenticator,PoIA with ZT-Authenticator,10,2864,0.002708,0.033042,0.874,0.171208,1.084375,3401.084375
poia_zt_authenticator,PoIA with ZT-Authenticator,10,2865,0.002292,0.022875,0.951334,0.865417,1.845708,3401.845708
poia_zt_authenticator,PoIA with ZT-Authenticator,10,2866,0.001875,0.023916,0.839958,0.170459,1.03925,3401.03925
poia_zt_authenticator,PoIA with ZT-Authenticator,10,2867,0.002541,0.027792,0.996667,0.902042,1.933125,3401.933125
poia_zt_authenticator,PoIA with ZT-Authenticator,10,2868,0.002875,0.036,0.944208,0.897125,1.883583,3401.883583
poia_zt_authenticator,PoIA with ZT-Authenticator,10,2869,0.00275,0.027458,0.916125,0.932167,1.882375,3401.882375
poia_zt_authenticator,PoIA with ZT-Authenticator,10,2870,0.002208,0.022959,0.856042,0.885625,1.770125,3401.770125
poia_zt_authenticator,PoIA with ZT-Authenticator,10,2871,0.002416,0.023084,0.847333,0.175709,1.051875,3401.051875
poia_zt_authenticator,PoIA with ZT-Authenticator,10,2872,0.002209,0.02275,0.8755,0.190416,1.094,3401.094
poia_zt_authenticator,PoIA with ZT-Authenticator,10,2873,0.0025,0.026917,0.078791,0.798375,0.90975,3400.90975
poia_zt_authenticator,PoIA with ZT-Authenticator,10,2874,0.002458,0.027458,0.853833,0.859833,1.7475,3401.7475
poia_zt_authenticator,PoIA with ZT-Authenticator,10,2875,0.002791,0.047375,1.876916,2.403292,4.334459,3404.334459
poia_zt_authenticator,PoIA with ZT-Authenticator,10,2876,0.002583,0.027375,0.939042,0.176334,1.148791,3401.148791
poia_zt_authenticator,PoIA with ZT-Authenticator,10,2877,0.002375,0.023334,0.952834,0.170791,1.152542,3401.152542
poia_zt_authenticator,PoIA with ZT-Authenticator,10,2878,0.001792,0.035333,0.811709,1.149417,2.001583,3402.001583
poia_zt_authenticator,PoIA with ZT-Authenticator,10,2879,0.002833,0.030042,1.150834,0.803083,1.991,3401.991
poia_zt_authenticator,PoIA with ZT-Authenticator,10,2880,0.002458,0.0285,0.883583,2.889875,3.809125,3403.809125
poia_zt_authenticator,PoIA with ZT-Authenticator,10,2881,0.0025,0.026959,0.850292,3.317,4.200417,3404.200417
poia_zt_authenticator,PoIA with ZT-Authenticator,10,2882,0.00225,0.023625,2.682708,0.179541,2.891542,3402.891542
poia_zt_authenticator,PoIA with ZT-Authenticator,10,2883,0.002375,0.02325,2.692209,0.174958,2.896125,3402.896125
poia_zt_authenticator,PoIA with ZT-Authenticator,10,2884,0.002375,0.027667,1.655333,2.049291,3.740875,3403.740875
poia_zt_authenticator,PoIA with ZT-Authenticator,10,2885,0.003709,0.118291,0.156875,1.806167,2.092083,3402.092083
poia_zt_authenticator,PoIA with ZT-Authenticator,10,2886,0.007375,0.153667,1.519166,0.172292,1.857875,3401.857875
poia_zt_authenticator,PoIA with ZT-Authenticator,10,2887,0.005375,0.034875,1.150875,0.173667,1.369084,3401.369084
poia_zt_authenticator,PoIA with ZT-Authenticator,10,2888,0.002708,0.034917,2.639041,1.123333,3.828,3403.828
poia_zt_authenticator,PoIA with ZT-Authenticator,10,2889,0.002583,0.027166,3.693833,1.107791,4.835208,3404.835208
poia_zt_authenticator,PoIA with ZT-Authenticator,10,2890,0.002458,0.027667,3.197209,4.643334,7.874541,3407.874541
poia_zt_authenticator,PoIA with ZT-Authenticator,10,2891,0.002083,0.028,0.949041,4.672791,5.656,3405.656
poia_zt_authenticator,PoIA with ZT-Authenticator,10,2892,0.002625,0.022917,1.168917,0.172459,1.370125,3401.370125
poia_zt_authenticator,PoIA with ZT-Authenticator,10,2893,0.002375,0.023125,1.169375,0.172833,1.370834,3401.370834
poia_zt_authenticator,PoIA with ZT-Authenticator,10,2894,0.003167,0.033209,1.063666,1.066292,2.169916,3402.169916
poia_zt_authenticator,PoIA with ZT-Authenticator,10,2895,0.002916,0.04875,1.093708,1.046875,2.196458,3402.196458
poia_zt_authenticator,PoIA with ZT-Authenticator,10,2896,0.002958,0.030125,0.983917,0.171,1.191458,3401.191458
poia_zt_authenticator,PoIA with ZT-Authenticator,10,2897,0.002625,0.028167,0.959542,0.172167,1.165792,3401.165792
poia_zt_authenticator,PoIA with ZT-Authenticator,10,2898,0.003208,0.02975,1.146,0.997041,2.179375,3402.179375
poia_zt_authenticator,PoIA with ZT-Authenticator,10,2899,0.002917,0.028917,1.046458,1.063458,2.146125,3402.146125
poia_zt_authenticator,PoIA with ZT-Authenticator,10,2900,0.002791,0.02375,1.096666,2.927209,4.054625,3404.054625
poia_zt_authenticator,PoIA with ZT-Authenticator,10,2901,0.00275,0.023666,1.098625,2.956458,4.085417,3404.085417
poia_zt_authenticator,PoIA with ZT-Authenticator,10,2902,0.002334,0.023083,1.130917,0.239875,1.399583,3401.399583
poia_zt_authenticator,PoIA with ZT-Authenticator,10,2903,0.002375,0.023333,1.132125,0.23475,1.39675,3401.39675
poia_zt_authenticator,PoIA with ZT-Authenticator,10,2904,0.001958,0.023625,1.043542,1.189584,2.262791,3402.262791
poia_zt_authenticator,PoIA with ZT-Authenticator,10,2905,0.002542,0.0285,1.073083,1.144959,2.253292,3402.253292
poia_zt_authenticator,PoIA with ZT-Authenticator,10,2906,0.002417,0.022625,0.954,2.09075,3.073917,3403.073917
poia_zt_authenticator,PoIA with ZT-Authenticator,10,2907,0.002334,0.02275,0.954,2.134084,3.117,3403.117
poia_zt_authenticator,PoIA with ZT-Authenticator,10,2908,0.002625,0.023875,1.080125,0.171666,1.281583,3401.281583
poia_zt_authenticator,PoIA with ZT-Authenticator,10,2909,0.003041,0.034166,1.067875,0.174833,1.283375,3401.283375
poia_zt_authenticator,PoIA with ZT-Authenticator,10,2910,0.002792,0.050083,1.128083,1.077292,2.262542,3402.262542
poia_zt_authenticator,PoIA with ZT-Authenticator,10,2911,0.002791,0.029583,1.116834,1.083583,2.236917,3402.236917
poia_zt_authenticator,PoIA with ZT-Authenticator,10,2912,0.002833,0.028541,1.054,0.188583,1.277584,3401.277584
poia_zt_authenticator,PoIA with ZT-Authenticator,10,2913,0.002833,0.043042,1.075208,0.178666,1.303208,3401.303208
poia_zt_authenticator,PoIA with ZT-Authenticator,10,2914,0.002875,0.028,1.05325,0.173458,1.261,3401.261
poia_zt_authenticator,PoIA with ZT-Authenticator,10,2915,0.002625,0.027958,1.092291,1.9375,3.064416,3403.064416
poia_zt_authenticator,PoIA with ZT-Authenticator,10,2916,0.003084,0.036791,1.180209,2.811125,4.035458,3404.035458
poia_zt_authenticator,PoIA with ZT-Authenticator,10,2917,0.002584,0.024,1.005375,0.171542,1.206792,3401.206792
poia_zt_authenticator,PoIA with ZT-Authenticator,10,2918,0.002583,0.023125,1.007708,0.175334,1.212042,3401.212042
poia_zt_authenticator,PoIA with ZT-Authenticator,10,2919,0.002708,0.028541,1.009875,1.0425,2.087708,3402.087708
poia_zt_authenticator,PoIA with ZT-Authenticator,10,2920,0.002584,0.027208,1.009875,1.052667,2.096333,3402.096333
poia_zt_authenticator,PoIA with ZT-Authenticator,10,2921,0.002333,0.047542,0.989875,1.077792,2.121875,3402.121875
poia_zt_authenticator,PoIA with ZT-Authenticator,10,2922,0.002583,0.028333,2.796458,1.074583,3.906,3403.906
poia_zt_authenticator,PoIA with ZT-Authenticator,10,2923,0.002708,0.03,1.055417,0.18975,1.281291,3401.281291
poia_zt_authenticator,PoIA with ZT-Authenticator,10,2924,0.002375,0.023125,1.036208,1.967708,3.033208,3403.033208
poia_zt_authenticator,PoIA with ZT-Authenticator,10,2925,0.002709,0.027667,1.023916,1.091791,2.15025,3402.15025
poia_zt_authenticator,PoIA with ZT-Authenticator,10,2926,0.00275,0.045375,1.088167,0.174334,1.313917,3401.313917
poia_zt_authenticator,PoIA with ZT-Authenticator,10,2927,0.002667,0.034791,1.066417,0.173541,1.280792,3401.280792
poia_zt_authenticator,PoIA with ZT-Authenticator,10,2928,0.002292,0.023708,1.042666,0.171875,1.243792,3401.243792
poia_zt_authenticator,PoIA with ZT-Authenticator,10,2929,0.002792,0.028292,1.018125,0.172209,1.224666,3401.224666
poia_zt_authenticator,PoIA with ZT-Authenticator,10,2930,0.002792,0.029375,1.070625,1.04075,2.147709,3402.147709
poia_zt_authenticator,PoIA with ZT-Authenticator,10,2931,0.002333,0.023333,1.046333,3.680291,4.756208,3404.756208
poia_zt_authenticator,PoIA with ZT-Authenticator,10,2932,0.002958,0.036791,0.997084,0.193459,1.234083,3401.234083
poia_zt_authenticator,PoIA with ZT-Authenticator,10,2933,0.002334,0.023292,1.013083,0.172666,1.214625,3401.214625
poia_zt_authenticator,PoIA with ZT-Authenticator,10,2934,0.00225,0.023542,1.013291,0.173041,1.215292,3401.215292
poia_zt_authenticator,PoIA with ZT-Authenticator,10,2935,0.002709,0.028208,0.9815,0.192125,1.208042,3401.208042
poia_zt_authenticator,PoIA with ZT-Authenticator,10,2936,0.002667,0.027584,2.717708,0.179833,2.931375,3402.931375
poia_zt_authenticator,PoIA with ZT-Authenticator,10,2937,0.002417,0.023042,1.098875,2.729333,3.85775,3403.85775
poia_zt_authenticator,PoIA with ZT-Authenticator,10,2938,0.002375,0.023583,1.095042,2.757167,3.881917,3403.881917
poia_zt_authenticator,PoIA with ZT-Authenticator,10,2939,0.00225,0.022917,1.017083,1.060708,2.106834,3402.106834
poia_zt_authenticator,PoIA with ZT-Authenticator,10,2940,0.002292,0.023416,1.017,1.08475,2.131375,3402.131375
poia_zt_authenticator,PoIA with ZT-Authenticator,10,2941,0.002583,0.02325,1.056709,0.171125,1.257041,3401.257041
poia_zt_authenticator,PoIA with ZT-Authenticator,10,2942,0.002584,0.023916,1.058792,0.172917,1.261625,3401.261625
poia_zt_authenticator,PoIA with ZT-Authenticator,10,2943,0.002292,0.023167,1.038625,1.03125,2.09925,3402.09925
poia_zt_authenticator,PoIA with ZT-Authenticator,10,2944,0.00225,0.023625,1.035959,1.059375,2.125042,3402.125042
poia_zt_authenticator,PoIA with ZT-Authenticator,10,2945,0.002459,0.0285,1.039125,0.186709,1.26,3401.26
poia_zt_authenticator,PoIA with ZT-Authenticator,10,2946,0.002458,0.027458,1.015458,0.195292,1.243792,3401.243792
poia_zt_authenticator,PoIA with ZT-Authenticator,10,2947,0.0025,0.023,1.020041,0.17025,1.219042,3401.219042
poia_zt_authenticator,PoIA with ZT-Authenticator,10,2948,0.002458,0.023916,1.019333,0.173042,1.222042,3401.222042
poia_zt_authenticator,PoIA with ZT-Authenticator,10,2949,0.002583,0.028417,1.832042,1.852542,3.719541,3403.719541
poia_zt_authenticator,PoIA with ZT-Authenticator,10,2950,0.002625,0.023708,1.884875,1.846375,3.761542,3403.761542
poia_zt_authenticator,PoIA with ZT-Authenticator,10,2951,0.002542,0.028541,1.853166,1.70475,3.59325,3403.59325
poia_zt_authenticator,PoIA with ZT-Authenticator,10,2952,0.002708,0.037,1.877083,1.837958,3.759041,3403.759041
poia_zt_authenticator,PoIA with ZT-Authenticator,10,2953,0.002834,0.028459,2.713375,0.179,2.927125,3402.927125
poia_zt_authenticator,PoIA with ZT-Authenticator,10,2954,0.002583,0.0235,2.040167,0.214958,2.284667,3402.284667
poia_zt_authenticator,PoIA with ZT-Authenticator,10,2955,0.002666,0.027917,2.083625,0.17625,2.293875,3402.293875
poia_zt_authenticator,PoIA with ZT-Authenticator,10,2956,0.002208,0.023334,1.562375,1.533584,3.128458,3403.128458
poia_zt_authenticator,PoIA with ZT-Authenticator,10,2957,0.00375,0.132958,1.264875,0.173666,1.58025,3401.58025
poia_zt_authenticator,PoIA with ZT-Authenticator,10,2958,0.002583,0.046625,1.19025,0.173625,1.416375,3401.416375
poia_zt_authenticator,PoIA with ZT-Authenticator,10,2959,0.002458,0.022875,2.040708,1.117875,3.187917,3403.187917
poia_zt_authenticator,PoIA with ZT-Authenticator,10,2960,0.003791,0.031625,1.107833,0.19,1.3375,3401.3375
poia_zt_authenticator,PoIA with ZT-Authenticator,10,2961,0.002333,0.023458,1.432375,2.653875,4.117042,3404.117042
poia_zt_authenticator,PoIA with ZT-Authenticator,10,2962,0.00275,0.024458,0.982375,0.178583,1.191417,3401.191417
poia_zt_authenticator,PoIA with ZT-Authenticator,10,2963,0.002791,0.029167,1.036584,0.174542,1.2465,3401.2465
poia_zt_authenticator,PoIA with ZT-Authenticator,10,2964,0.002834,0.028541,4.6815,0.177417,4.893667,3404.893667
poia_zt_authenticator,PoIA with ZT-Authenticator,10,2965,0.002417,0.023125,1.035084,0.203459,1.267875,3401.267875
poia_zt_authenticator,PoIA with ZT-Authenticator,10,2966,0.003375,0.239667,3.575583,0.194333,4.019791,3404.019791
poia_zt_authenticator,PoIA with ZT-Authenticator,10,2967,0.002792,0.026833,1.943208,0.160917,2.1365,3402.1365
poia_zt_authenticator,PoIA with ZT-Authenticator,10,2968,0.002292,0.028291,1.015792,0.174917,1.224375,3401.224375
poia_zt_authenticator,PoIA with ZT-Authenticator,10,2969,0.002042,0.023458,0.93375,0.190083,1.152958,3401.152958
poia_zt_authenticator,PoIA with ZT-Authenticator,10,2970,0.002375,0.023375,2.006334,0.171167,2.206458,3402.206458
poia_zt_authenticator,PoIA with ZT-Authenticator,10,2971,0.002792,0.032791,0.983625,0.171042,1.193791,3401.193791
poia_zt_authenticator,PoIA with ZT-Authenticator,10,2972,0.002542,0.023333,0.987875,0.173291,1.190542,3401.190542
poia_zt_authenticator,PoIA with ZT-Authenticator,10,2973,0.002083,0.023292,1.016125,0.172792,1.2175,3401.2175
poia_zt_authenticator,PoIA with ZT-Authenticator,10,2974,0.002125,0.023292,1.008209,0.209583,1.247042,3401.247042
poia_zt_authenticator,PoIA with ZT-Authenticator,10,2975,0.003,0.026666,1.018916,0.14875,1.20025,3401.20025
poia_zt_authenticator,PoIA with ZT-Authenticator,10,2976,0.00225,0.02275,1.02025,0.161042,1.209291,3401.209291
poia_zt_authenticator,PoIA with ZT-Authenticator,10,2977,0.002042,0.022333,1.001916,0.151708,1.180834,3401.180834
poia_zt_authenticator,PoIA with ZT-Authenticator,10,2978,0.002458,0.023375,0.986542,0.151125,1.1665,3401.1665
poia_zt_authenticator,PoIA with ZT-Authenticator,10,2979,0.002416,0.02825,3.636584,0.149959,3.820166,3403.820166
poia_zt_authenticator,PoIA with ZT-Authenticator,10,2980,0.002167,0.025375,0.906417,0.15025,1.087125,3401.087125
poia_zt_authenticator,PoIA with ZT-Authenticator,10,2981,0.002083,0.022292,1.572084,0.15,1.749292,3401.749292
poia_zt_authenticator,PoIA with ZT-Authenticator,10,2982,0.002375,0.0205,0.82175,0.149,0.996708,3400.996708
poia_zt_authenticator,PoIA with ZT-Authenticator,10,2983,0.002166,0.019834,0.81575,0.153583,0.994083,3400.994083
poia_zt_authenticator,PoIA with ZT-Authenticator,10,2984,0.002166,0.020375,0.818167,0.152959,0.996625,3400.996625
poia_zt_authenticator,PoIA with ZT-Authenticator,10,2985,0.002459,0.023708,3.34375,0.849333,4.223042,3404.223042
poia_zt_authenticator,PoIA with ZT-Authenticator,10,2986,0.0025,0.024083,1.882333,3.2205,5.133167,3405.133167
poia_zt_authenticator,PoIA with ZT-Authenticator,10,2987,0.002291,0.020458,0.878292,0.150125,1.054167,3401.054167
poia_zt_authenticator,PoIA with ZT-Authenticator,10,2988,0.002083,0.020167,0.887833,0.150125,1.062875,3401.062875
poia_zt_authenticator,PoIA with ZT-Authenticator,10,2989,0.002292,0.020375,0.882667,1.607209,2.516,3402.516
poia_zt_authenticator,PoIA with ZT-Authenticator,10,2990,0.001959,0.01975,0.915875,0.148417,1.088833,3401.088833
poia_zt_authenticator,PoIA with ZT-Authenticator,10,2991,0.001833,0.019833,0.911709,0.149083,1.085417,3401.085417
poia_zt_authenticator,PoIA with ZT-Authenticator,10,2992,0.002583,0.024291,4.178541,1.593833,5.802875,3405.802875
poia_zt_authenticator,PoIA with ZT-Authenticator,10,2993,0.001791,0.031291,0.891792,2.254292,3.182625,3403.182625
poia_zt_authenticator,PoIA with ZT-Authenticator,10,2994,0.002542,0.025458,0.820333,0.150292,1.00175,3401.00175
poia_zt_authenticator,PoIA with ZT-Authenticator,10,2995,0.002125,0.019958,0.690875,0.153958,0.869709,3400.869709
poia_zt_authenticator,PoIA with ZT-Authenticator,10,2996,0.002209,0.026625,1.500917,1.398209,2.931375,3402.931375
poia_zt_authenticator,PoIA with ZT-Authenticator,10,2997,0.001959,0.024333,0.674209,0.149833,0.853291,3400.853291
poia_zt_authenticator,PoIA with ZT-Authenticator,10,2998,0.001917,0.019459,0.075125,0.556542,0.655916,3400.655916
poia_zt_authenticator,PoIA with ZT-Authenticator,10,2999,0.002208,0.0205,1.100875,0.151709,1.277917,3401.277917
poia_zt_authenticator,PoIA with ZT-Authenticator,10,3000,0.002292,0.028583,1.678458,0.1665,1.879,3401.879
