category,attempt,expected_decision,independent_expected_decision,decision,reason,raised,malformed_kind,serialization_differs_before_normalization,app_canonical_equal,independent_canonical_equal,correct,oracle_agrees
exact_valid_match,1,accept,accept,accept,approved,,,,True,True,True,True
exact_valid_match,2,accept,accept,accept,approved,,,,True,True,True,True
exact_valid_match,3,accept,accept,accept,approved,,,,True,True,True,True
exact_valid_match,4,accept,accept,accept,approved,,,,True,True,True,True
exact_valid_match,5,accept,accept,accept,approved,,,,True,True,True,True
exact_valid_match,6,accept,accept,accept,approved,,,,True,True,True,True
exact_valid_match,7,accept,accept,accept,approved,,,,True,True,True,True
exact_valid_match,8,accept,accept,accept,approved,,,,True,True,True,True
exact_valid_match,9,accept,accept,accept,approved,,,,True,True,True,True
exact_valid_match,10,accept,accept,accept,approved,,,,True,True,True,True
exact_valid_match,11,accept,accept,accept,approved,,,,True,True,True,True
exact_valid_match,12,accept,accept,accept,approved,,,,True,True,True,True
exact_valid_match,13,accept,accept,accept,approved,,,,True,True,True,True
exact_valid_match,14,accept,accept,accept,approved,,,,True,True,True,True
exact_valid_match,15,accept,accept,accept,approved,,,,True,True,True,True
exact_valid_match,16,accept,accept,accept,approved,,,,True,True,True,True
exact_valid_match,17,accept,accept,accept,approved,,,,True,True,True,True
exact_valid_match,18,accept,accept,accept,approved,,,,True,True,True,True
exact_valid_match,19,accept,accept,accept,approved,,,,True,True,True,True
exact_valid_match,20,accept,accept,accept,approved,,,,True,True,True,True
exact_valid_match,21,accept,accept,accept,approved,,,,True,True,True,True
exact_valid_match,22,accept,accept,accept,approved,,,,True,True,True,True
exact_valid_match,23,accept,accept,accept,approved,,,,True,True,True,True
exact_valid_match,24,accept,accept,accept,approved,,,,True,True,True,True
exact_valid_match,25,accept,accept,accept,approved,,,,True,True,True,True
exact_valid_match,26,accept,accept,accept,approved,,,,True,True,True,True
exact_valid_match,27,accept,accept,accept,approved,,,,True,True,True,True
exact_valid_match,28,accept,accept,accept,approved,,,,True,True,True,True
exact_valid_match,29,accept,accept,accept,approved,,,,True,True,True,True
exact_valid_match,30,accept,accept,accept,approved,,,,True,True,True,True
exact_valid_match,31,accept,accept,accept,approved,,,,True,True,True,True
exact_valid_match,32,accept,accept,accept,approved,,,,True,True,True,True
exact_valid_match,33,accept,accept,accept,approved,,,,True,True,True,True
exact_valid_match,34,accept,accept,accept,approved,,,,True,True,True,True
exact_valid_match,35,accept,accept,accept,approved,,,,True,True,True,True
exact_valid_match,36,accept,accept,accept,approved,,,,True,True,True,True
exact_valid_match,37,accept,accept,accept,approved,,,,True,True,True,True
exact_valid_match,38,accept,accept,accept,approved,,,,True,True,True,True
exact_valid_match,39,accept,accept,accept,approved,,,,True,True,True,True
exact_valid_match,40,accept,accept,accept,approved,,,,True,True,True,True
exact_valid_match,41,accept,accept,accept,approved,,,,True,True,True,True
exact_valid_match,42,accept,accept,accept,approved,,,,True,True,True,True
exact_valid_match,43,accept,accept,accept,approved,,,,True,True,True,True
exact_valid_match,44,accept,accept,accept,approved,,,,True,True,True,True
exact_valid_match,45,accept,accept,accept,approved,,,,True,True,True,True
exact_valid_match,46,accept,accept,accept,approved,,,,True,True,True,True
exact_valid_match,47,accept,accept,accept,approved,,,,True,True,True,True
exact_valid_match,48,accept,accept,accept,approved,,,,True,True,True,True
exact_valid_match,49,accept,accept,accept,approved,,,,True,True,True,True
exact_valid_match,50,accept,accept,accept,approved,,,,True,True,True,True
exact_valid_match,51,accept,accept,accept,approved,,,,True,True,True,True
exact_valid_match,52,accept,accept,accept,approved,,,,True,True,True,True
exact_valid_match,53,accept,accept,accept,approved,,,,True,True,True,True
exact_valid_match,54,accept,accept,accept,approved,,,,True,True,True,True
exact_valid_match,55,accept,accept,accept,approved,,,,True,True,True,True
exact_valid_match,56,accept,accept,accept,approved,,,,True,True,True,True
exact_valid_match,57,accept,accept,accept,approved,,,,True,True,True,True
exact_valid_match,58,accept,accept,accept,approved,,,,True,True,True,True
exact_valid_match,59,accept,accept,accept,approved,,,,True,True,True,True
exact_valid_match,60,accept,accept,accept,approved,,,,True,True,True,True
exact_valid_match,61,accept,accept,accept,approved,,,,True,True,True,True
exact_valid_match,62,accept,accept,accept,approved,,,,True,True,True,True
exact_valid_match,63,accept,accept,accept,approved,,,,True,True,True,True
exact_valid_match,64,accept,accept,accept,approved,,,,True,True,True,True
exact_valid_match,65,accept,accept,accept,approved,,,,True,True,True,True
exact_valid_match,66,accept,accept,accept,approved,,,,True,True,True,True
exact_valid_match,67,accept,accept,accept,approved,,,,True,True,True,True
exact_valid_match,68,accept,accept,accept,approved,,,,True,True,True,True
exact_valid_match,69,accept,accept,accept,approved,,,,True,True,True,True
exact_valid_match,70,accept,accept,accept,approved,,,,True,True,True,True
exact_valid_match,71,accept,accept,accept,approved,,,,True,True,True,True
exact_valid_match,72,accept,accept,accept,approved,,,,True,True,True,True
exact_valid_match,73,accept,accept,accept,approved,,,,True,True,True,True
exact_valid_match,74,accept,accept,accept,approved,,,,True,True,True,True
exact_valid_match,75,accept,accept,accept,approved,,,,True,True,True,True
exact_valid_match,76,accept,accept,accept,approved,,,,True,True,True,True
exact_valid_match,77,accept,accept,accept,approved,,,,True,True,True,True
exact_valid_match,78,accept,accept,accept,approved,,,,True,True,True,True
exact_valid_match,79,accept,accept,accept,approved,,,,True,True,True,True
exact_valid_match,80,accept,accept,accept,approved,,,,True,True,True,True
exact_valid_match,81,accept,accept,accept,approved,,,,True,True,True,True
exact_valid_match,82,accept,accept,accept,approved,,,,True,True,True,True
exact_valid_match,83,accept,accept,accept,approved,,,,True,True,True,True
exact_valid_match,84,accept,accept,accept,approved,,,,True,True,True,True
exact_valid_match,85,accept,accept,accept,approved,,,,True,True,True,True
exact_valid_match,86,accept,accept,accept,approved,,,,True,True,True,True
exact_valid_match,87,accept,accept,accept,approved,,,,True,True,True,True
exact_valid_match,88,accept,accept,accept,approved,,,,True,True,True,True
exact_valid_match,89,accept,accept,accept,approved,,,,True,True,True,True
exact_valid_match,90,accept,accept,accept,approved,,,,True,True,True,True
exact_valid_match,91,accept,accept,accept,approved,,,,True,True,True,True
exact_valid_match,92,accept,accept,accept,approved,,,,True,True,True,True
exact_valid_match,93,accept,accept,accept,approved,,,,True,True,True,True
exact_valid_match,94,accept,accept,accept,approved,,,,True,True,True,True
exact_valid_match,95,accept,accept,accept,approved,,,,True,True,True,True
exact_valid_match,96,accept,accept,accept,approved,,,,True,True,True,True
exact_valid_match,97,accept,accept,accept,approved,,,,True,True,True,True
exact_valid_match,98,accept,accept,accept,approved,,,,True,True,True,True
exact_valid_match,99,accept,accept,accept,approved,,,,True,True,True,True
exact_valid_match,100,accept,accept,accept,approved,,,,True,True,True,True
exact_valid_match,101,accept,accept,accept,approved,,,,True,True,True,True
exact_valid_match,102,accept,accept,accept,approved,,,,True,True,True,True
exact_valid_match,103,accept,accept,accept,approved,,,,True,True,True,True
exact_valid_match,104,accept,accept,accept,approved,,,,True,True,True,True
exact_valid_match,105,accept,accept,accept,approved,,,,True,True,True,True
exact_valid_match,106,accept,accept,accept,approved,,,,True,True,True,True
exact_valid_match,107,accept,accept,accept,approved,,,,True,True,True,True
exact_valid_match,108,accept,accept,accept,approved,,,,True,True,True,True
exact_valid_match,109,accept,accept,accept,approved,,,,True,True,True,True
exact_valid_match,110,accept,accept,accept,approved,,,,True,True,True,True
exact_valid_match,111,accept,accept,accept,approved,,,,True,True,True,True
exact_valid_match,112,accept,accept,accept,approved,,,,True,True,True,True
exact_valid_match,113,accept,accept,accept,approved,,,,True,True,True,True
exact_valid_match,114,accept,accept,accept,approved,,,,True,True,True,True
exact_valid_match,115,accept,accept,accept,approved,,,,True,True,True,True
exact_valid_match,116,accept,accept,accept,approved,,,,True,True,True,True
exact_valid_match,117,accept,accept,accept,approved,,,,True,True,True,True
exact_valid_match,118,accept,accept,accept,approved,,,,True,True,True,True
exact_valid_match,119,accept,accept,accept,approved,,,,True,True,True,True
exact_valid_match,120,accept,accept,accept,approved,,,,True,True,True,True
exact_valid_match,121,accept,accept,accept,approved,,,,True,True,True,True
exact_valid_match,122,accept,accept,accept,approved,,,,True,True,True,True
exact_valid_match,123,accept,accept,accept,approved,,,,True,True,True,True
exact_valid_match,124,accept,accept,accept,approved,,,,True,True,True,True
exact_valid_match,125,accept,accept,accept,approved,,,,True,True,True,True
exact_valid_match,126,accept,accept,accept,approved,,,,True,True,True,True
exact_valid_match,127,accept,accept,accept,approved,,,,True,True,True,True
exact_valid_match,128,accept,accept,accept,approved,,,,True,True,True,True
exact_valid_match,129,accept,accept,accept,approved,,,,True,True,True,True
exact_valid_match,130,accept,accept,accept,approved,,,,True,True,True,True
exact_valid_match,131,accept,accept,accept,approved,,,,True,True,True,True
exact_valid_match,132,accept,accept,accept,approved,,,,True,True,True,True
exact_valid_match,133,accept,accept,accept,approved,,,,True,True,True,True
exact_valid_match,134,accept,accept,accept,approved,,,,True,True,True,True
exact_valid_match,135,accept,accept,accept,approved,,,,True,True,True,True
exact_valid_match,136,accept,accept,accept,approved,,,,True,True,True,True
exact_valid_match,137,accept,accept,accept,approved,,,,True,True,True,True
exact_valid_match,138,accept,accept,accept,approved,,,,True,True,True,True
exact_valid_match,139,accept,accept,accept,approved,,,,True,True,True,True
exact_valid_match,140,accept,accept,accept,approved,,,,True,True,True,True
exact_valid_match,141,accept,accept,accept,approved,,,,True,True,True,True
exact_valid_match,142,accept,accept,accept,approved,,,,True,True,True,True
exact_valid_match,143,accept,accept,accept,approved,,,,True,True,True,True
exact_valid_match,144,accept,accept,accept,approved,,,,True,True,True,True
exact_valid_match,145,accept,accept,accept,approved,,,,True,True,True,True
exact_valid_match,146,accept,accept,accept,approved,,,,True,True,True,True
exact_valid_match,147,accept,accept,accept,approved,,,,True,True,True,True
exact_valid_match,148,accept,accept,accept,approved,,,,True,True,True,True
exact_valid_match,149,accept,accept,accept,approved,,,,True,True,True,True
exact_valid_match,150,accept,accept,accept,approved,,,,True,True,True,True
exact_valid_match,151,accept,accept,accept,approved,,,,True,True,True,True
exact_valid_match,152,accept,accept,accept,approved,,,,True,True,True,True
exact_valid_match,153,accept,accept,accept,approved,,,,True,True,True,True
exact_valid_match,154,accept,accept,accept,approved,,,,True,True,True,True
exact_valid_match,155,accept,accept,accept,approved,,,,True,True,True,True
exact_valid_match,156,accept,accept,accept,approved,,,,True,True,True,True
exact_valid_match,157,accept,accept,accept,approved,,,,True,True,True,True
exact_valid_match,158,accept,accept,accept,approved,,,,True,True,True,True
exact_valid_match,159,accept,accept,accept,approved,,,,True,True,True,True
exact_valid_match,160,accept,accept,accept,approved,,,,True,True,True,True
exact_valid_match,161,accept,accept,accept,approved,,,,True,True,True,True
exact_valid_match,162,accept,accept,accept,approved,,,,True,True,True,True
exact_valid_match,163,accept,accept,accept,approved,,,,True,True,True,True
exact_valid_match,164,accept,accept,accept,approved,,,,True,True,True,True
exact_valid_match,165,accept,accept,accept,approved,,,,True,True,True,True
exact_valid_match,166,accept,accept,accept,approved,,,,True,True,True,True
exact_valid_match,167,accept,accept,accept,approved,,,,True,True,True,True
exact_valid_match,168,accept,accept,accept,approved,,,,True,True,True,True
exact_valid_match,169,accept,accept,accept,approved,,,,True,True,True,True
exact_valid_match,170,accept,accept,accept,approved,,,,True,True,True,True
exact_valid_match,171,accept,accept,accept,approved,,,,True,True,True,True
exact_valid_match,172,accept,accept,accept,approved,,,,True,True,True,True
exact_valid_match,173,accept,accept,accept,approved,,,,True,True,True,True
exact_valid_match,174,accept,accept,accept,approved,,,,True,True,True,True
exact_valid_match,175,accept,accept,accept,approved,,,,True,True,True,True
exact_valid_match,176,accept,accept,accept,approved,,,,True,True,True,True
exact_valid_match,177,accept,accept,accept,approved,,,,True,True,True,True
exact_valid_match,178,accept,accept,accept,approved,,,,True,True,True,True
exact_valid_match,179,accept,accept,accept,approved,,,,True,True,True,True
exact_valid_match,180,accept,accept,accept,approved,,,,True,True,True,True
exact_valid_match,181,accept,accept,accept,approved,,,,True,True,True,True
exact_valid_match,182,accept,accept,accept,approved,,,,True,True,True,True
exact_valid_match,183,accept,accept,accept,approved,,,,True,True,True,True
exact_valid_match,184,accept,accept,accept,approved,,,,True,True,True,True
exact_valid_match,185,accept,accept,accept,approved,,,,True,True,True,True
exact_valid_match,186,accept,accept,accept,approved,,,,True,True,True,True
exact_valid_match,187,accept,accept,accept,approved,,,,True,True,True,True
exact_valid_match,188,accept,accept,accept,approved,,,,True,True,True,True
exact_valid_match,189,accept,accept,accept,approved,,,,True,True,True,True
exact_valid_match,190,accept,accept,accept,approved,,,,True,True,True,True
exact_valid_match,191,accept,accept,accept,approved,,,,True,True,True,True
exact_valid_match,192,accept,accept,accept,approved,,,,True,True,True,True
exact_valid_match,193,accept,accept,accept,approved,,,,True,True,True,True
exact_valid_match,194,accept,accept,accept,approved,,,,True,True,True,True
exact_valid_match,195,accept,accept,accept,approved,,,,True,True,True,True
exact_valid_match,196,accept,accept,accept,approved,,,,True,True,True,True
exact_valid_match,197,accept,accept,accept,approved,,,,True,True,True,True
exact_valid_match,198,accept,accept,accept,approved,,,,True,True,True,True
exact_valid_match,199,accept,accept,accept,approved,,,,True,True,True,True
exact_valid_match,200,accept,accept,accept,approved,,,,True,True,True,True
canonical_equivalent_unicode,1,accept,accept,accept,approved,,,True,True,True,True,True
canonical_equivalent_unicode,2,accept,accept,accept,approved,,,True,True,True,True,True
canonical_equivalent_unicode,3,accept,accept,accept,approved,,,True,True,True,True,True
canonical_equivalent_unicode,4,accept,accept,accept,approved,,,True,True,True,True,True
canonical_equivalent_unicode,5,accept,accept,accept,approved,,,True,True,True,True,True
canonical_equivalent_unicode,6,accept,accept,accept,approved,,,True,True,True,True,True
canonical_equivalent_unicode,7,accept,accept,accept,approved,,,True,True,True,True,True
canonical_equivalent_unicode,8,accept,accept,accept,approved,,,True,True,True,True,True
canonical_equivalent_unicode,9,accept,accept,accept,approved,,,True,True,True,True,True
canonical_equivalent_unicode,10,accept,accept,accept,approved,,,True,True,True,True,True
canonical_equivalent_unicode,11,accept,accept,accept,approved,,,True,True,True,True,True
canonical_equivalent_unicode,12,accept,accept,accept,approved,,,True,True,True,True,True
canonical_equivalent_unicode,13,accept,accept,accept,approved,,,True,True,True,True,True
canonical_equivalent_unicode,14,accept,accept,accept,approved,,,True,True,True,True,True
canonical_equivalent_unicode,15,accept,accept,accept,approved,,,True,True,True,True,True
canonical_equivalent_unicode,16,accept,accept,accept,approved,,,True,True,True,True,True
canonical_equivalent_unicode,17,accept,accept,accept,approved,,,True,True,True,True,True
canonical_equivalent_unicode,18,accept,accept,accept,approved,,,True,True,True,True,True
canonical_equivalent_unicode,19,accept,accept,accept,approved,,,True,True,True,True,True
canonical_equivalent_unicode,20,accept,accept,accept,approved,,,True,True,True,True,True
canonical_equivalent_unicode,21,accept,accept,accept,approved,,,True,True,True,True,True
canonical_equivalent_unicode,22,accept,accept,accept,approved,,,True,True,True,True,True
canonical_equivalent_unicode,23,accept,accept,accept,approved,,,True,True,True,True,True
canonical_equivalent_unicode,24,accept,accept,accept,approved,,,True,True,True,True,True
canonical_equivalent_unicode,25,accept,accept,accept,approved,,,True,True,True,True,True
canonical_equivalent_unicode,26,accept,accept,accept,approved,,,True,True,True,True,True
canonical_equivalent_unicode,27,accept,accept,accept,approved,,,True,True,True,True,True
canonical_equivalent_unicode,28,accept,accept,accept,approved,,,True,True,True,True,True
canonical_equivalent_unicode,29,accept,accept,accept,approved,,,True,True,True,True,True
canonical_equivalent_unicode,30,accept,accept,accept,approved,,,True,True,True,True,True
canonical_equivalent_unicode,31,accept,accept,accept,approved,,,True,True,True,True,True
canonical_equivalent_unicode,32,accept,accept,accept,approved,,,True,True,True,True,True
canonical_equivalent_unicode,33,accept,accept,accept,approved,,,True,True,True,True,True
canonical_equivalent_unicode,34,accept,accept,accept,approved,,,True,True,True,True,True
canonical_equivalent_unicode,35,accept,accept,accept,approved,,,True,True,True,True,True
canonical_equivalent_unicode,36,accept,accept,accept,approved,,,True,True,True,True,True
canonical_equivalent_unicode,37,accept,accept,accept,approved,,,True,True,True,True,True
canonical_equivalent_unicode,38,accept,accept,accept,approved,,,True,True,True,True,True
canonical_equivalent_unicode,39,accept,accept,accept,approved,,,True,True,True,True,True
canonical_equivalent_unicode,40,accept,accept,accept,approved,,,True,True,True,True,True
canonical_equivalent_unicode,41,accept,accept,accept,approved,,,True,True,True,True,True
canonical_equivalent_unicode,42,accept,accept,accept,approved,,,True,True,True,True,True
canonical_equivalent_unicode,43,accept,accept,accept,approved,,,True,True,True,True,True
canonical_equivalent_unicode,44,accept,accept,accept,approved,,,True,True,True,True,True
canonical_equivalent_unicode,45,accept,accept,accept,approved,,,True,True,True,True,True
canonical_equivalent_unicode,46,accept,accept,accept,approved,,,True,True,True,True,True
canonical_equivalent_unicode,47,accept,accept,accept,approved,,,True,True,True,True,True
canonical_equivalent_unicode,48,accept,accept,accept,approved,,,True,True,True,True,True
canonical_equivalent_unicode,49,accept,accept,accept,approved,,,True,True,True,True,True
canonical_equivalent_unicode,50,accept,accept,accept,approved,,,True,True,True,True,True
canonical_equivalent_unicode,51,accept,accept,accept,approved,,,True,True,True,True,True
canonical_equivalent_unicode,52,accept,accept,accept,approved,,,True,True,True,True,True
canonical_equivalent_unicode,53,accept,accept,accept,approved,,,True,True,True,True,True
canonical_equivalent_unicode,54,accept,accept,accept,approved,,,True,True,True,True,True
canonical_equivalent_unicode,55,accept,accept,accept,approved,,,True,True,True,True,True
canonical_equivalent_unicode,56,accept,accept,accept,approved,,,True,True,True,True,True
canonical_equivalent_unicode,57,accept,accept,accept,approved,,,True,True,True,True,True
canonical_equivalent_unicode,58,accept,accept,accept,approved,,,True,True,True,True,True
canonical_equivalent_unicode,59,accept,accept,accept,approved,,,True,True,True,True,True
canonical_equivalent_unicode,60,accept,accept,accept,approved,,,True,True,True,True,True
canonical_equivalent_unicode,61,accept,accept,accept,approved,,,True,True,True,True,True
canonical_equivalent_unicode,62,accept,accept,accept,approved,,,True,True,True,True,True
canonical_equivalent_unicode,63,accept,accept,accept,approved,,,True,True,True,True,True
canonical_equivalent_unicode,64,accept,accept,accept,approved,,,True,True,True,True,True
canonical_equivalent_unicode,65,accept,accept,accept,approved,,,True,True,True,True,True
canonical_equivalent_unicode,66,accept,accept,accept,approved,,,True,True,True,True,True
canonical_equivalent_unicode,67,accept,accept,accept,approved,,,True,True,True,True,True
canonical_equivalent_unicode,68,accept,accept,accept,approved,,,True,True,True,True,True
canonical_equivalent_unicode,69,accept,accept,accept,approved,,,True,True,True,True,True
canonical_equivalent_unicode,70,accept,accept,accept,approved,,,True,True,True,True,True
canonical_equivalent_unicode,71,accept,accept,accept,approved,,,True,True,True,True,True
canonical_equivalent_unicode,72,accept,accept,accept,approved,,,True,True,True,True,True
canonical_equivalent_unicode,73,accept,accept,accept,approved,,,True,True,True,True,True
canonical_equivalent_unicode,74,accept,accept,accept,approved,,,True,True,True,True,True
canonical_equivalent_unicode,75,accept,accept,accept,approved,,,True,True,True,True,True
canonical_equivalent_unicode,76,accept,accept,accept,approved,,,True,True,True,True,True
canonical_equivalent_unicode,77,accept,accept,accept,approved,,,True,True,True,True,True
canonical_equivalent_unicode,78,accept,accept,accept,approved,,,True,True,True,True,True
canonical_equivalent_unicode,79,accept,accept,accept,approved,,,True,True,True,True,True
canonical_equivalent_unicode,80,accept,accept,accept,approved,,,True,True,True,True,True
canonical_equivalent_unicode,81,accept,accept,accept,approved,,,True,True,True,True,True
canonical_equivalent_unicode,82,accept,accept,accept,approved,,,True,True,True,True,True
canonical_equivalent_unicode,83,accept,accept,accept,approved,,,True,True,True,True,True
canonical_equivalent_unicode,84,accept,accept,accept,approved,,,True,True,True,True,True
canonical_equivalent_unicode,85,accept,accept,accept,approved,,,True,True,True,True,True
canonical_equivalent_unicode,86,accept,accept,accept,approved,,,True,True,True,True,True
canonical_equivalent_unicode,87,accept,accept,accept,approved,,,True,True,True,True,True
canonical_equivalent_unicode,88,accept,accept,accept,approved,,,True,True,True,True,True
canonical_equivalent_unicode,89,accept,accept,accept,approved,,,True,True,True,True,True
canonical_equivalent_unicode,90,accept,accept,accept,approved,,,True,True,True,True,True
canonical_equivalent_unicode,91,accept,accept,accept,approved,,,True,True,True,True,True
canonical_equivalent_unicode,92,accept,accept,accept,approved,,,True,True,True,True,True
canonical_equivalent_unicode,93,accept,accept,accept,approved,,,True,True,True,True,True
canonical_equivalent_unicode,94,accept,accept,accept,approved,,,True,True,True,True,True
canonical_equivalent_unicode,95,accept,accept,accept,approved,,,True,True,True,True,True
canonical_equivalent_unicode,96,accept,accept,accept,approved,,,True,True,True,True,True
canonical_equivalent_unicode,97,accept,accept,accept,approved,,,True,True,True,True,True
canonical_equivalent_unicode,98,accept,accept,accept,approved,,,True,True,True,True,True
canonical_equivalent_unicode,99,accept,accept,accept,approved,,,True,True,True,True,True
canonical_equivalent_unicode,100,accept,accept,accept,approved,,,True,True,True,True,True
canonical_equivalent_unicode,101,accept,accept,accept,approved,,,True,True,True,True,True
canonical_equivalent_unicode,102,accept,accept,accept,approved,,,True,True,True,True,True
canonical_equivalent_unicode,103,accept,accept,accept,approved,,,True,True,True,True,True
canonical_equivalent_unicode,104,accept,accept,accept,approved,,,True,True,True,True,True
canonical_equivalent_unicode,105,accept,accept,accept,approved,,,True,True,True,True,True
canonical_equivalent_unicode,106,accept,accept,accept,approved,,,True,True,True,True,True
canonical_equivalent_unicode,107,accept,accept,accept,approved,,,True,True,True,True,True
canonical_equivalent_unicode,108,accept,accept,accept,approved,,,True,True,True,True,True
canonical_equivalent_unicode,109,accept,accept,accept,approved,,,True,True,True,True,True
canonical_equivalent_unicode,110,accept,accept,accept,approved,,,True,True,True,True,True
canonical_equivalent_unicode,111,accept,accept,accept,approved,,,True,True,True,True,True
canonical_equivalent_unicode,112,accept,accept,accept,approved,,,True,True,True,True,True
canonical_equivalent_unicode,113,accept,accept,accept,approved,,,True,True,True,True,True
canonical_equivalent_unicode,114,accept,accept,accept,approved,,,True,True,True,True,True
canonical_equivalent_unicode,115,accept,accept,accept,approved,,,True,True,True,True,True
canonical_equivalent_unicode,116,accept,accept,accept,approved,,,True,True,True,True,True
canonical_equivalent_unicode,117,accept,accept,accept,approved,,,True,True,True,True,True
canonical_equivalent_unicode,118,accept,accept,accept,approved,,,True,True,True,True,True
canonical_equivalent_unicode,119,accept,accept,accept,approved,,,True,True,True,True,True
canonical_equivalent_unicode,120,accept,accept,accept,approved,,,True,True,True,True,True
canonical_equivalent_unicode,121,accept,accept,accept,approved,,,True,True,True,True,True
canonical_equivalent_unicode,122,accept,accept,accept,approved,,,True,True,True,True,True
canonical_equivalent_unicode,123,accept,accept,accept,approved,,,True,True,True,True,True
canonical_equivalent_unicode,124,accept,accept,accept,approved,,,True,True,True,True,True
canonical_equivalent_unicode,125,accept,accept,accept,approved,,,True,True,True,True,True
canonical_equivalent_unicode,126,accept,accept,accept,approved,,,True,True,True,True,True
canonical_equivalent_unicode,127,accept,accept,accept,approved,,,True,True,True,True,True
canonical_equivalent_unicode,128,accept,accept,accept,approved,,,True,True,True,True,True
canonical_equivalent_unicode,129,accept,accept,accept,approved,,,True,True,True,True,True
canonical_equivalent_unicode,130,accept,accept,accept,approved,,,True,True,True,True,True
canonical_equivalent_unicode,131,accept,accept,accept,approved,,,True,True,True,True,True
canonical_equivalent_unicode,132,accept,accept,accept,approved,,,True,True,True,True,True
canonical_equivalent_unicode,133,accept,accept,accept,approved,,,True,True,True,True,True
canonical_equivalent_unicode,134,accept,accept,accept,approved,,,True,True,True,True,True
canonical_equivalent_unicode,135,accept,accept,accept,approved,,,True,True,True,True,True
canonical_equivalent_unicode,136,accept,accept,accept,approved,,,True,True,True,True,True
canonical_equivalent_unicode,137,accept,accept,accept,approved,,,True,True,True,True,True
canonical_equivalent_unicode,138,accept,accept,accept,approved,,,True,True,True,True,True
canonical_equivalent_unicode,139,accept,accept,accept,approved,,,True,True,True,True,True
canonical_equivalent_unicode,140,accept,accept,accept,approved,,,True,True,True,True,True
canonical_equivalent_unicode,141,accept,accept,accept,approved,,,True,True,True,True,True
canonical_equivalent_unicode,142,accept,accept,accept,approved,,,True,True,True,True,True
canonical_equivalent_unicode,143,accept,accept,accept,approved,,,True,True,True,True,True
canonical_equivalent_unicode,144,accept,accept,accept,approved,,,True,True,True,True,True
canonical_equivalent_unicode,145,accept,accept,accept,approved,,,True,True,True,True,True
canonical_equivalent_unicode,146,accept,accept,accept,approved,,,True,True,True,True,True
canonical_equivalent_unicode,147,accept,accept,accept,approved,,,True,True,True,True,True
canonical_equivalent_unicode,148,accept,accept,accept,approved,,,True,True,True,True,True
canonical_equivalent_unicode,149,accept,accept,accept,approved,,,True,True,True,True,True
canonical_equivalent_unicode,150,accept,accept,accept,approved,,,True,True,True,True,True
canonical_equivalent_unicode,151,accept,accept,accept,approved,,,True,True,True,True,True
canonical_equivalent_unicode,152,accept,accept,accept,approved,,,True,True,True,True,True
canonical_equivalent_unicode,153,accept,accept,accept,approved,,,True,True,True,True,True
canonical_equivalent_unicode,154,accept,accept,accept,approved,,,True,True,True,True,True
canonical_equivalent_unicode,155,accept,accept,accept,approved,,,True,True,True,True,True
canonical_equivalent_unicode,156,accept,accept,accept,approved,,,True,True,True,True,True
canonical_equivalent_unicode,157,accept,accept,accept,approved,,,True,True,True,True,True
canonical_equivalent_unicode,158,accept,accept,accept,approved,,,True,True,True,True,True
canonical_equivalent_unicode,159,accept,accept,accept,approved,,,True,True,True,True,True
canonical_equivalent_unicode,160,accept,accept,accept,approved,,,True,True,True,True,True
canonical_equivalent_unicode,161,accept,accept,accept,approved,,,True,True,True,True,True
canonical_equivalent_unicode,162,accept,accept,accept,approved,,,True,True,True,True,True
canonical_equivalent_unicode,163,accept,accept,accept,approved,,,True,True,True,True,True
canonical_equivalent_unicode,164,accept,accept,accept,approved,,,True,True,True,True,True
canonical_equivalent_unicode,165,accept,accept,accept,approved,,,True,True,True,True,True
canonical_equivalent_unicode,166,accept,accept,accept,approved,,,True,True,True,True,True
canonical_equivalent_unicode,167,accept,accept,accept,approved,,,True,True,True,True,True
canonical_equivalent_unicode,168,accept,accept,accept,approved,,,True,True,True,True,True
canonical_equivalent_unicode,169,accept,accept,accept,approved,,,True,True,True,True,True
canonical_equivalent_unicode,170,accept,accept,accept,approved,,,True,True,True,True,True
canonical_equivalent_unicode,171,accept,accept,accept,approved,,,True,True,True,True,True
canonical_equivalent_unicode,172,accept,accept,accept,approved,,,True,True,True,True,True
canonical_equivalent_unicode,173,accept,accept,accept,approved,,,True,True,True,True,True
canonical_equivalent_unicode,174,accept,accept,accept,approved,,,True,True,True,True,True
canonical_equivalent_unicode,175,accept,accept,accept,approved,,,True,True,True,True,True
canonical_equivalent_unicode,176,accept,accept,accept,approved,,,True,True,True,True,True
canonical_equivalent_unicode,177,accept,accept,accept,approved,,,True,True,True,True,True
canonical_equivalent_unicode,178,accept,accept,accept,approved,,,True,True,True,True,True
canonical_equivalent_unicode,179,accept,accept,accept,approved,,,True,True,True,True,True
canonical_equivalent_unicode,180,accept,accept,accept,approved,,,True,True,True,True,True
canonical_equivalent_unicode,181,accept,accept,accept,approved,,,True,True,True,True,True
canonical_equivalent_unicode,182,accept,accept,accept,approved,,,True,True,True,True,True
canonical_equivalent_unicode,183,accept,accept,accept,approved,,,True,True,True,True,True
canonical_equivalent_unicode,184,accept,accept,accept,approved,,,True,True,True,True,True
canonical_equivalent_unicode,185,accept,accept,accept,approved,,,True,True,True,True,True
canonical_equivalent_unicode,186,accept,accept,accept,approved,,,True,True,True,True,True
canonical_equivalent_unicode,187,accept,accept,accept,approved,,,True,True,True,True,True
canonical_equivalent_unicode,188,accept,accept,accept,approved,,,True,True,True,True,True
canonical_equivalent_unicode,189,accept,accept,accept,approved,,,True,True,True,True,True
canonical_equivalent_unicode,190,accept,accept,accept,approved,,,True,True,True,True,True
canonical_equivalent_unicode,191,accept,accept,accept,approved,,,True,True,True,True,True
canonical_equivalent_unicode,192,accept,accept,accept,approved,,,True,True,True,True,True
canonical_equivalent_unicode,193,accept,accept,accept,approved,,,True,True,True,True,True
canonical_equivalent_unicode,194,accept,accept,accept,approved,,,True,True,True,True,True
canonical_equivalent_unicode,195,accept,accept,accept,approved,,,True,True,True,True,True
canonical_equivalent_unicode,196,accept,accept,accept,approved,,,True,True,True,True,True
canonical_equivalent_unicode,197,accept,accept,accept,approved,,,True,True,True,True,True
canonical_equivalent_unicode,198,accept,accept,accept,approved,,,True,True,True,True,True
canonical_equivalent_unicode,199,accept,accept,accept,approved,,,True,True,True,True,True
canonical_equivalent_unicode,200,accept,accept,accept,approved,,,True,True,True,True,True
canonical_equivalent_numeric,1,accept,accept,accept,approved,,,True,True,True,True,True
canonical_equivalent_numeric,2,accept,accept,accept,approved,,,True,True,True,True,True
canonical_equivalent_numeric,3,accept,accept,accept,approved,,,True,True,True,True,True
canonical_equivalent_numeric,4,accept,accept,accept,approved,,,True,True,True,True,True
canonical_equivalent_numeric,5,accept,accept,accept,approved,,,True,True,True,True,True
canonical_equivalent_numeric,6,accept,accept,accept,approved,,,True,True,True,True,True
canonical_equivalent_numeric,7,accept,accept,accept,approved,,,True,True,True,True,True
canonical_equivalent_numeric,8,accept,accept,accept,approved,,,True,True,True,True,True
canonical_equivalent_numeric,9,accept,accept,accept,approved,,,True,True,True,True,True
canonical_equivalent_numeric,10,accept,accept,accept,approved,,,True,True,True,True,True
canonical_equivalent_numeric,11,accept,accept,accept,approved,,,True,True,True,True,True
canonical_equivalent_numeric,12,accept,accept,accept,approved,,,True,True,True,True,True
canonical_equivalent_numeric,13,accept,accept,accept,approved,,,True,True,True,True,True
canonical_equivalent_numeric,14,accept,accept,accept,approved,,,True,True,True,True,True
canonical_equivalent_numeric,15,accept,accept,accept,approved,,,True,True,True,True,True
canonical_equivalent_numeric,16,accept,accept,accept,approved,,,True,True,True,True,True
canonical_equivalent_numeric,17,accept,accept,accept,approved,,,True,True,True,True,True
canonical_equivalent_numeric,18,accept,accept,accept,approved,,,True,True,True,True,True
canonical_equivalent_numeric,19,accept,accept,accept,approved,,,True,True,True,True,True
canonical_equivalent_numeric,20,accept,accept,accept,approved,,,True,True,True,True,True
canonical_equivalent_numeric,21,accept,accept,accept,approved,,,True,True,True,True,True
canonical_equivalent_numeric,22,accept,accept,accept,approved,,,True,True,True,True,True
canonical_equivalent_numeric,23,accept,accept,accept,approved,,,True,True,True,True,True
canonical_equivalent_numeric,24,accept,accept,accept,approved,,,True,True,True,True,True
canonical_equivalent_numeric,25,accept,accept,accept,approved,,,True,True,True,True,True
canonical_equivalent_numeric,26,accept,accept,accept,approved,,,True,True,True,True,True
canonical_equivalent_numeric,27,accept,accept,accept,approved,,,True,True,True,True,True
canonical_equivalent_numeric,28,accept,accept,accept,approved,,,True,True,True,True,True
canonical_equivalent_numeric,29,accept,accept,accept,approved,,,True,True,True,True,True
canonical_equivalent_numeric,30,accept,accept,accept,approved,,,True,True,True,True,True
canonical_equivalent_numeric,31,accept,accept,accept,approved,,,True,True,True,True,True
canonical_equivalent_numeric,32,accept,accept,accept,approved,,,True,True,True,True,True
canonical_equivalent_numeric,33,accept,accept,accept,approved,,,True,True,True,True,True
canonical_equivalent_numeric,34,accept,accept,accept,approved,,,True,True,True,True,True
canonical_equivalent_numeric,35,accept,accept,accept,approved,,,True,True,True,True,True
canonical_equivalent_numeric,36,accept,accept,accept,approved,,,True,True,True,True,True
canonical_equivalent_numeric,37,accept,accept,accept,approved,,,True,True,True,True,True
canonical_equivalent_numeric,38,accept,accept,accept,approved,,,True,True,True,True,True
canonical_equivalent_numeric,39,accept,accept,accept,approved,,,True,True,True,True,True
canonical_equivalent_numeric,40,accept,accept,accept,approved,,,True,True,True,True,True
canonical_equivalent_numeric,41,accept,accept,accept,approved,,,True,True,True,True,True
canonical_equivalent_numeric,42,accept,accept,accept,approved,,,True,True,True,True,True
canonical_equivalent_numeric,43,accept,accept,accept,approved,,,True,True,True,True,True
canonical_equivalent_numeric,44,accept,accept,accept,approved,,,True,True,True,True,True
canonical_equivalent_numeric,45,accept,accept,accept,approved,,,True,True,True,True,True
canonical_equivalent_numeric,46,accept,accept,accept,approved,,,True,True,True,True,True
canonical_equivalent_numeric,47,accept,accept,accept,approved,,,True,True,True,True,True
canonical_equivalent_numeric,48,accept,accept,accept,approved,,,True,True,True,True,True
canonical_equivalent_numeric,49,accept,accept,accept,approved,,,True,True,True,True,True
canonical_equivalent_numeric,50,accept,accept,accept,approved,,,True,True,True,True,True
canonical_equivalent_numeric,51,accept,accept,accept,approved,,,True,True,True,True,True
canonical_equivalent_numeric,52,accept,accept,accept,approved,,,True,True,True,True,True
canonical_equivalent_numeric,53,accept,accept,accept,approved,,,True,True,True,True,True
canonical_equivalent_numeric,54,accept,accept,accept,approved,,,True,True,True,True,True
canonical_equivalent_numeric,55,accept,accept,accept,approved,,,True,True,True,True,True
canonical_equivalent_numeric,56,accept,accept,accept,approved,,,True,True,True,True,True
canonical_equivalent_numeric,57,accept,accept,accept,approved,,,True,True,True,True,True
canonical_equivalent_numeric,58,accept,accept,accept,approved,,,True,True,True,True,True
canonical_equivalent_numeric,59,accept,accept,accept,approved,,,True,True,True,True,True
canonical_equivalent_numeric,60,accept,accept,accept,approved,,,True,True,True,True,True
canonical_equivalent_numeric,61,accept,accept,accept,approved,,,True,True,True,True,True
canonical_equivalent_numeric,62,accept,accept,accept,approved,,,True,True,True,True,True
canonical_equivalent_numeric,63,accept,accept,accept,approved,,,True,True,True,True,True
canonical_equivalent_numeric,64,accept,accept,accept,approved,,,True,True,True,True,True
canonical_equivalent_numeric,65,accept,accept,accept,approved,,,True,True,True,True,True
canonical_equivalent_numeric,66,accept,accept,accept,approved,,,True,True,True,True,True
canonical_equivalent_numeric,67,accept,accept,accept,approved,,,True,True,True,True,True
canonical_equivalent_numeric,68,accept,accept,accept,approved,,,True,True,True,True,True
canonical_equivalent_numeric,69,accept,accept,accept,approved,,,True,True,True,True,True
canonical_equivalent_numeric,70,accept,accept,accept,approved,,,True,True,True,True,True
canonical_equivalent_numeric,71,accept,accept,accept,approved,,,True,True,True,True,True
canonical_equivalent_numeric,72,accept,accept,accept,approved,,,True,True,True,True,True
canonical_equivalent_numeric,73,accept,accept,accept,approved,,,True,True,True,True,True
canonical_equivalent_numeric,74,accept,accept,accept,approved,,,True,True,True,True,True
canonical_equivalent_numeric,75,accept,accept,accept,approved,,,True,True,True,True,True
canonical_equivalent_numeric,76,accept,accept,accept,approved,,,True,True,True,True,True
canonical_equivalent_numeric,77,accept,accept,accept,approved,,,True,True,True,True,True
canonical_equivalent_numeric,78,accept,accept,accept,approved,,,True,True,True,True,True
canonical_equivalent_numeric,79,accept,accept,accept,approved,,,True,True,True,True,True
canonical_equivalent_numeric,80,accept,accept,accept,approved,,,True,True,True,True,True
canonical_equivalent_numeric,81,accept,accept,accept,approved,,,True,True,True,True,True
canonical_equivalent_numeric,82,accept,accept,accept,approved,,,True,True,True,True,True
canonical_equivalent_numeric,83,accept,accept,accept,approved,,,True,True,True,True,True
canonical_equivalent_numeric,84,accept,accept,accept,approved,,,True,True,True,True,True
canonical_equivalent_numeric,85,accept,accept,accept,approved,,,True,True,True,True,True
canonical_equivalent_numeric,86,accept,accept,accept,approved,,,True,True,True,True,True
canonical_equivalent_numeric,87,accept,accept,accept,approved,,,True,True,True,True,True
canonical_equivalent_numeric,88,accept,accept,accept,approved,,,True,True,True,True,True
canonical_equivalent_numeric,89,accept,accept,accept,approved,,,True,True,True,True,True
canonical_equivalent_numeric,90,accept,accept,accept,approved,,,True,True,True,True,True
canonical_equivalent_numeric,91,accept,accept,accept,approved,,,True,True,True,True,True
canonical_equivalent_numeric,92,accept,accept,accept,approved,,,True,True,True,True,True
canonical_equivalent_numeric,93,accept,accept,accept,approved,,,True,True,True,True,True
canonical_equivalent_numeric,94,accept,accept,accept,approved,,,True,True,True,True,True
canonical_equivalent_numeric,95,accept,accept,accept,approved,,,True,True,True,True,True
canonical_equivalent_numeric,96,accept,accept,accept,approved,,,True,True,True,True,True
canonical_equivalent_numeric,97,accept,accept,accept,approved,,,True,True,True,True,True
canonical_equivalent_numeric,98,accept,accept,accept,approved,,,True,True,True,True,True
canonical_equivalent_numeric,99,accept,accept,accept,approved,,,True,True,True,True,True
canonical_equivalent_numeric,100,accept,accept,accept,approved,,,True,True,True,True,True
canonical_equivalent_numeric,101,accept,accept,accept,approved,,,True,True,True,True,True
canonical_equivalent_numeric,102,accept,accept,accept,approved,,,True,True,True,True,True
canonical_equivalent_numeric,103,accept,accept,accept,approved,,,True,True,True,True,True
canonical_equivalent_numeric,104,accept,accept,accept,approved,,,True,True,True,True,True
canonical_equivalent_numeric,105,accept,accept,accept,approved,,,True,True,True,True,True
canonical_equivalent_numeric,106,accept,accept,accept,approved,,,True,True,True,True,True
canonical_equivalent_numeric,107,accept,accept,accept,approved,,,True,True,True,True,True
canonical_equivalent_numeric,108,accept,accept,accept,approved,,,True,True,True,True,True
canonical_equivalent_numeric,109,accept,accept,accept,approved,,,True,True,True,True,True
canonical_equivalent_numeric,110,accept,accept,accept,approved,,,True,True,True,True,True
canonical_equivalent_numeric,111,accept,accept,accept,approved,,,True,True,True,True,True
canonical_equivalent_numeric,112,accept,accept,accept,approved,,,True,True,True,True,True
canonical_equivalent_numeric,113,accept,accept,accept,approved,,,True,True,True,True,True
canonical_equivalent_numeric,114,accept,accept,accept,approved,,,True,True,True,True,True
canonical_equivalent_numeric,115,accept,accept,accept,approved,,,True,True,True,True,True
canonical_equivalent_numeric,116,accept,accept,accept,approved,,,True,True,True,True,True
canonical_equivalent_numeric,117,accept,accept,accept,approved,,,True,True,True,True,True
canonical_equivalent_numeric,118,accept,accept,accept,approved,,,True,True,True,True,True
canonical_equivalent_numeric,119,accept,accept,accept,approved,,,True,True,True,True,True
canonical_equivalent_numeric,120,accept,accept,accept,approved,,,True,True,True,True,True
canonical_equivalent_numeric,121,accept,accept,accept,approved,,,True,True,True,True,True
canonical_equivalent_numeric,122,accept,accept,accept,approved,,,True,True,True,True,True
canonical_equivalent_numeric,123,accept,accept,accept,approved,,,True,True,True,True,True
canonical_equivalent_numeric,124,accept,accept,accept,approved,,,True,True,True,True,True
canonical_equivalent_numeric,125,accept,accept,accept,approved,,,True,True,True,True,True
canonical_equivalent_numeric,126,accept,accept,accept,approved,,,True,True,True,True,True
canonical_equivalent_numeric,127,accept,accept,accept,approved,,,True,True,True,True,True
canonical_equivalent_numeric,128,accept,accept,accept,approved,,,True,True,True,True,True
canonical_equivalent_numeric,129,accept,accept,accept,approved,,,True,True,True,True,True
canonical_equivalent_numeric,130,accept,accept,accept,approved,,,True,True,True,True,True
canonical_equivalent_numeric,131,accept,accept,accept,approved,,,True,True,True,True,True
canonical_equivalent_numeric,132,accept,accept,accept,approved,,,True,True,True,True,True
canonical_equivalent_numeric,133,accept,accept,accept,approved,,,True,True,True,True,True
canonical_equivalent_numeric,134,accept,accept,accept,approved,,,True,True,True,True,True
canonical_equivalent_numeric,135,accept,accept,accept,approved,,,True,True,True,True,True
canonical_equivalent_numeric,136,accept,accept,accept,approved,,,True,True,True,True,True
canonical_equivalent_numeric,137,accept,accept,accept,approved,,,True,True,True,True,True
canonical_equivalent_numeric,138,accept,accept,accept,approved,,,True,True,True,True,True
canonical_equivalent_numeric,139,accept,accept,accept,approved,,,True,True,True,True,True
canonical_equivalent_numeric,140,accept,accept,accept,approved,,,True,True,True,True,True
canonical_equivalent_numeric,141,accept,accept,accept,approved,,,True,True,True,True,True
canonical_equivalent_numeric,142,accept,accept,accept,approved,,,True,True,True,True,True
canonical_equivalent_numeric,143,accept,accept,accept,approved,,,True,True,True,True,True
canonical_equivalent_numeric,144,accept,accept,accept,approved,,,True,True,True,True,True
canonical_equivalent_numeric,145,accept,accept,accept,approved,,,True,True,True,True,True
canonical_equivalent_numeric,146,accept,accept,accept,approved,,,True,True,True,True,True
canonical_equivalent_numeric,147,accept,accept,accept,approved,,,True,True,True,True,True
canonical_equivalent_numeric,148,accept,accept,accept,approved,,,True,True,True,True,True
canonical_equivalent_numeric,149,accept,accept,accept,approved,,,True,True,True,True,True
canonical_equivalent_numeric,150,accept,accept,accept,approved,,,True,True,True,True,True
canonical_equivalent_numeric,151,accept,accept,accept,approved,,,True,True,True,True,True
canonical_equivalent_numeric,152,accept,accept,accept,approved,,,True,True,True,True,True
canonical_equivalent_numeric,153,accept,accept,accept,approved,,,True,True,True,True,True
canonical_equivalent_numeric,154,accept,accept,accept,approved,,,True,True,True,True,True
canonical_equivalent_numeric,155,accept,accept,accept,approved,,,True,True,True,True,True
canonical_equivalent_numeric,156,accept,accept,accept,approved,,,True,True,True,True,True
canonical_equivalent_numeric,157,accept,accept,accept,approved,,,True,True,True,True,True
canonical_equivalent_numeric,158,accept,accept,accept,approved,,,True,True,True,True,True
canonical_equivalent_numeric,159,accept,accept,accept,approved,,,True,True,True,True,True
canonical_equivalent_numeric,160,accept,accept,accept,approved,,,True,True,True,True,True
canonical_equivalent_numeric,161,accept,accept,accept,approved,,,True,True,True,True,True
canonical_equivalent_numeric,162,accept,accept,accept,approved,,,True,True,True,True,True
canonical_equivalent_numeric,163,accept,accept,accept,approved,,,True,True,True,True,True
canonical_equivalent_numeric,164,accept,accept,accept,approved,,,True,True,True,True,True
canonical_equivalent_numeric,165,accept,accept,accept,approved,,,True,True,True,True,True
canonical_equivalent_numeric,166,accept,accept,accept,approved,,,True,True,True,True,True
canonical_equivalent_numeric,167,accept,accept,accept,approved,,,True,True,True,True,True
canonical_equivalent_numeric,168,accept,accept,accept,approved,,,True,True,True,True,True
canonical_equivalent_numeric,169,accept,accept,accept,approved,,,True,True,True,True,True
canonical_equivalent_numeric,170,accept,accept,accept,approved,,,True,True,True,True,True
canonical_equivalent_numeric,171,accept,accept,accept,approved,,,True,True,True,True,True
canonical_equivalent_numeric,172,accept,accept,accept,approved,,,True,True,True,True,True
canonical_equivalent_numeric,173,accept,accept,accept,approved,,,True,True,True,True,True
canonical_equivalent_numeric,174,accept,accept,accept,approved,,,True,True,True,True,True
canonical_equivalent_numeric,175,accept,accept,accept,approved,,,True,True,True,True,True
canonical_equivalent_numeric,176,accept,accept,accept,approved,,,True,True,True,True,True
canonical_equivalent_numeric,177,accept,accept,accept,approved,,,True,True,True,True,True
canonical_equivalent_numeric,178,accept,accept,accept,approved,,,True,True,True,True,True
canonical_equivalent_numeric,179,accept,accept,accept,approved,,,True,True,True,True,True
canonical_equivalent_numeric,180,accept,accept,accept,approved,,,True,True,True,True,True
canonical_equivalent_numeric,181,accept,accept,accept,approved,,,True,True,True,True,True
canonical_equivalent_numeric,182,accept,accept,accept,approved,,,True,True,True,True,True
canonical_equivalent_numeric,183,accept,accept,accept,approved,,,True,True,True,True,True
canonical_equivalent_numeric,184,accept,accept,accept,approved,,,True,True,True,True,True
canonical_equivalent_numeric,185,accept,accept,accept,approved,,,True,True,True,True,True
canonical_equivalent_numeric,186,accept,accept,accept,approved,,,True,True,True,True,True
canonical_equivalent_numeric,187,accept,accept,accept,approved,,,True,True,True,True,True
canonical_equivalent_numeric,188,accept,accept,accept,approved,,,True,True,True,True,True
canonical_equivalent_numeric,189,accept,accept,accept,approved,,,True,True,True,True,True
canonical_equivalent_numeric,190,accept,accept,accept,approved,,,True,True,True,True,True
canonical_equivalent_numeric,191,accept,accept,accept,approved,,,True,True,True,True,True
canonical_equivalent_numeric,192,accept,accept,accept,approved,,,True,True,True,True,True
canonical_equivalent_numeric,193,accept,accept,accept,approved,,,True,True,True,True,True
canonical_equivalent_numeric,194,accept,accept,accept,approved,,,True,True,True,True,True
canonical_equivalent_numeric,195,accept,accept,accept,approved,,,True,True,True,True,True
canonical_equivalent_numeric,196,accept,accept,accept,approved,,,True,True,True,True,True
canonical_equivalent_numeric,197,accept,accept,accept,approved,,,True,True,True,True,True
canonical_equivalent_numeric,198,accept,accept,accept,approved,,,True,True,True,True,True
canonical_equivalent_numeric,199,accept,accept,accept,approved,,,True,True,True,True,True
canonical_equivalent_numeric,200,accept,accept,accept,approved,,,True,True,True,True,True
action_mismatch,1,reject,reject,reject,action_mismatch,,,,False,False,True,True
action_mismatch,2,reject,reject,reject,action_mismatch,,,,False,False,True,True
action_mismatch,3,reject,reject,reject,action_mismatch,,,,False,False,True,True
action_mismatch,4,reject,reject,reject,action_mismatch,,,,False,False,True,True
action_mismatch,5,reject,reject,reject,action_mismatch,,,,False,False,True,True
action_mismatch,6,reject,reject,reject,action_mismatch,,,,False,False,True,True
action_mismatch,7,reject,reject,reject,action_mismatch,,,,False,False,True,True
action_mismatch,8,reject,reject,reject,action_mismatch,,,,False,False,True,True
action_mismatch,9,reject,reject,reject,action_mismatch,,,,False,False,True,True
action_mismatch,10,reject,reject,reject,action_mismatch,,,,False,False,True,True
action_mismatch,11,reject,reject,reject,action_mismatch,,,,False,False,True,True
action_mismatch,12,reject,reject,reject,action_mismatch,,,,False,False,True,True
action_mismatch,13,reject,reject,reject,action_mismatch,,,,False,False,True,True
action_mismatch,14,reject,reject,reject,action_mismatch,,,,False,False,True,True
action_mismatch,15,reject,reject,reject,action_mismatch,,,,False,False,True,True
action_mismatch,16,reject,reject,reject,action_mismatch,,,,False,False,True,True
action_mismatch,17,reject,reject,reject,action_mismatch,,,,False,False,True,True
action_mismatch,18,reject,reject,reject,action_mismatch,,,,False,False,True,True
action_mismatch,19,reject,reject,reject,action_mismatch,,,,False,False,True,True
action_mismatch,20,reject,reject,reject,action_mismatch,,,,False,False,True,True
action_mismatch,21,reject,reject,reject,action_mismatch,,,,False,False,True,True
action_mismatch,22,reject,reject,reject,action_mismatch,,,,False,False,True,True
action_mismatch,23,reject,reject,reject,action_mismatch,,,,False,False,True,True
action_mismatch,24,reject,reject,reject,action_mismatch,,,,False,False,True,True
action_mismatch,25,reject,reject,reject,action_mismatch,,,,False,False,True,True
action_mismatch,26,reject,reject,reject,action_mismatch,,,,False,False,True,True
action_mismatch,27,reject,reject,reject,action_mismatch,,,,False,False,True,True
action_mismatch,28,reject,reject,reject,action_mismatch,,,,False,False,True,True
action_mismatch,29,reject,reject,reject,action_mismatch,,,,False,False,True,True
action_mismatch,30,reject,reject,reject,action_mismatch,,,,False,False,True,True
action_mismatch,31,reject,reject,reject,action_mismatch,,,,False,False,True,True
action_mismatch,32,reject,reject,reject,action_mismatch,,,,False,False,True,True
action_mismatch,33,reject,reject,reject,action_mismatch,,,,False,False,True,True
action_mismatch,34,reject,reject,reject,action_mismatch,,,,False,False,True,True
action_mismatch,35,reject,reject,reject,action_mismatch,,,,False,False,True,True
action_mismatch,36,reject,reject,reject,action_mismatch,,,,False,False,True,True
action_mismatch,37,reject,reject,reject,action_mismatch,,,,False,False,True,True
action_mismatch,38,reject,reject,reject,action_mismatch,,,,False,False,True,True
action_mismatch,39,reject,reject,reject,action_mismatch,,,,False,False,True,True
action_mismatch,40,reject,reject,reject,action_mismatch,,,,False,False,True,True
action_mismatch,41,reject,reject,reject,action_mismatch,,,,False,False,True,True
action_mismatch,42,reject,reject,reject,action_mismatch,,,,False,False,True,True
action_mismatch,43,reject,reject,reject,action_mismatch,,,,False,False,True,True
action_mismatch,44,reject,reject,reject,action_mismatch,,,,False,False,True,True
action_mismatch,45,reject,reject,reject,action_mismatch,,,,False,False,True,True
action_mismatch,46,reject,reject,reject,action_mismatch,,,,False,False,True,True
action_mismatch,47,reject,reject,reject,action_mismatch,,,,False,False,True,True
action_mismatch,48,reject,reject,reject,action_mismatch,,,,False,False,True,True
action_mismatch,49,reject,reject,reject,action_mismatch,,,,False,False,True,True
action_mismatch,50,reject,reject,reject,action_mismatch,,,,False,False,True,True
action_mismatch,51,reject,reject,reject,action_mismatch,,,,False,False,True,True
action_mismatch,52,reject,reject,reject,action_mismatch,,,,False,False,True,True
action_mismatch,53,reject,reject,reject,action_mismatch,,,,False,False,True,True
action_mismatch,54,reject,reject,reject,action_mismatch,,,,False,False,True,True
action_mismatch,55,reject,reject,reject,action_mismatch,,,,False,False,True,True
action_mismatch,56,reject,reject,reject,action_mismatch,,,,False,False,True,True
action_mismatch,57,reject,reject,reject,action_mismatch,,,,False,False,True,True
action_mismatch,58,reject,reject,reject,action_mismatch,,,,False,False,True,True
action_mismatch,59,reject,reject,reject,action_mismatch,,,,False,False,True,True
action_mismatch,60,reject,reject,reject,action_mismatch,,,,False,False,True,True
action_mismatch,61,reject,reject,reject,action_mismatch,,,,False,False,True,True
action_mismatch,62,reject,reject,reject,action_mismatch,,,,False,False,True,True
action_mismatch,63,reject,reject,reject,action_mismatch,,,,False,False,True,True
action_mismatch,64,reject,reject,reject,action_mismatch,,,,False,False,True,True
action_mismatch,65,reject,reject,reject,action_mismatch,,,,False,False,True,True
action_mismatch,66,reject,reject,reject,action_mismatch,,,,False,False,True,True
action_mismatch,67,reject,reject,reject,action_mismatch,,,,False,False,True,True
action_mismatch,68,reject,reject,reject,action_mismatch,,,,False,False,True,True
action_mismatch,69,reject,reject,reject,action_mismatch,,,,False,False,True,True
action_mismatch,70,reject,reject,reject,action_mismatch,,,,False,False,True,True
action_mismatch,71,reject,reject,reject,action_mismatch,,,,False,False,True,True
action_mismatch,72,reject,reject,reject,action_mismatch,,,,False,False,True,True
action_mismatch,73,reject,reject,reject,action_mismatch,,,,False,False,True,True
action_mismatch,74,reject,reject,reject,action_mismatch,,,,False,False,True,True
action_mismatch,75,reject,reject,reject,action_mismatch,,,,False,False,True,True
action_mismatch,76,reject,reject,reject,action_mismatch,,,,False,False,True,True
action_mismatch,77,reject,reject,reject,action_mismatch,,,,False,False,True,True
action_mismatch,78,reject,reject,reject,action_mismatch,,,,False,False,True,True
action_mismatch,79,reject,reject,reject,action_mismatch,,,,False,False,True,True
action_mismatch,80,reject,reject,reject,action_mismatch,,,,False,False,True,True
action_mismatch,81,reject,reject,reject,action_mismatch,,,,False,False,True,True
action_mismatch,82,reject,reject,reject,action_mismatch,,,,False,False,True,True
action_mismatch,83,reject,reject,reject,action_mismatch,,,,False,False,True,True
action_mismatch,84,reject,reject,reject,action_mismatch,,,,False,False,True,True
action_mismatch,85,reject,reject,reject,action_mismatch,,,,False,False,True,True
action_mismatch,86,reject,reject,reject,action_mismatch,,,,False,False,True,True
action_mismatch,87,reject,reject,reject,action_mismatch,,,,False,False,True,True
action_mismatch,88,reject,reject,reject,action_mismatch,,,,False,False,True,True
action_mismatch,89,reject,reject,reject,action_mismatch,,,,False,False,True,True
action_mismatch,90,reject,reject,reject,action_mismatch,,,,False,False,True,True
action_mismatch,91,reject,reject,reject,action_mismatch,,,,False,False,True,True
action_mismatch,92,reject,reject,reject,action_mismatch,,,,False,False,True,True
action_mismatch,93,reject,reject,reject,action_mismatch,,,,False,False,True,True
action_mismatch,94,reject,reject,reject,action_mismatch,,,,False,False,True,True
action_mismatch,95,reject,reject,reject,action_mismatch,,,,False,False,True,True
action_mismatch,96,reject,reject,reject,action_mismatch,,,,False,False,True,True
action_mismatch,97,reject,reject,reject,action_mismatch,,,,False,False,True,True
action_mismatch,98,reject,reject,reject,action_mismatch,,,,False,False,True,True
action_mismatch,99,reject,reject,reject,action_mismatch,,,,False,False,True,True
action_mismatch,100,reject,reject,reject,action_mismatch,,,,False,False,True,True
action_mismatch,101,reject,reject,reject,action_mismatch,,,,False,False,True,True
action_mismatch,102,reject,reject,reject,action_mismatch,,,,False,False,True,True
action_mismatch,103,reject,reject,reject,action_mismatch,,,,False,False,True,True
action_mismatch,104,reject,reject,reject,action_mismatch,,,,False,False,True,True
action_mismatch,105,reject,reject,reject,action_mismatch,,,,False,False,True,True
action_mismatch,106,reject,reject,reject,action_mismatch,,,,False,False,True,True
action_mismatch,107,reject,reject,reject,action_mismatch,,,,False,False,True,True
action_mismatch,108,reject,reject,reject,action_mismatch,,,,False,False,True,True
action_mismatch,109,reject,reject,reject,action_mismatch,,,,False,False,True,True
action_mismatch,110,reject,reject,reject,action_mismatch,,,,False,False,True,True
action_mismatch,111,reject,reject,reject,action_mismatch,,,,False,False,True,True
action_mismatch,112,reject,reject,reject,action_mismatch,,,,False,False,True,True
action_mismatch,113,reject,reject,reject,action_mismatch,,,,False,False,True,True
action_mismatch,114,reject,reject,reject,action_mismatch,,,,False,False,True,True
action_mismatch,115,reject,reject,reject,action_mismatch,,,,False,False,True,True
action_mismatch,116,reject,reject,reject,action_mismatch,,,,False,False,True,True
action_mismatch,117,reject,reject,reject,action_mismatch,,,,False,False,True,True
action_mismatch,118,reject,reject,reject,action_mismatch,,,,False,False,True,True
action_mismatch,119,reject,reject,reject,action_mismatch,,,,False,False,True,True
action_mismatch,120,reject,reject,reject,action_mismatch,,,,False,False,True,True
action_mismatch,121,reject,reject,reject,action_mismatch,,,,False,False,True,True
action_mismatch,122,reject,reject,reject,action_mismatch,,,,False,False,True,True
action_mismatch,123,reject,reject,reject,action_mismatch,,,,False,False,True,True
action_mismatch,124,reject,reject,reject,action_mismatch,,,,False,False,True,True
action_mismatch,125,reject,reject,reject,action_mismatch,,,,False,False,True,True
action_mismatch,126,reject,reject,reject,action_mismatch,,,,False,False,True,True
action_mismatch,127,reject,reject,reject,action_mismatch,,,,False,False,True,True
action_mismatch,128,reject,reject,reject,action_mismatch,,,,False,False,True,True
action_mismatch,129,reject,reject,reject,action_mismatch,,,,False,False,True,True
action_mismatch,130,reject,reject,reject,action_mismatch,,,,False,False,True,True
action_mismatch,131,reject,reject,reject,action_mismatch,,,,False,False,True,True
action_mismatch,132,reject,reject,reject,action_mismatch,,,,False,False,True,True
action_mismatch,133,reject,reject,reject,action_mismatch,,,,False,False,True,True
action_mismatch,134,reject,reject,reject,action_mismatch,,,,False,False,True,True
action_mismatch,135,reject,reject,reject,action_mismatch,,,,False,False,True,True
action_mismatch,136,reject,reject,reject,action_mismatch,,,,False,False,True,True
action_mismatch,137,reject,reject,reject,action_mismatch,,,,False,False,True,True
action_mismatch,138,reject,reject,reject,action_mismatch,,,,False,False,True,True
action_mismatch,139,reject,reject,reject,action_mismatch,,,,False,False,True,True
action_mismatch,140,reject,reject,reject,action_mismatch,,,,False,False,True,True
action_mismatch,141,reject,reject,reject,action_mismatch,,,,False,False,True,True
action_mismatch,142,reject,reject,reject,action_mismatch,,,,False,False,True,True
action_mismatch,143,reject,reject,reject,action_mismatch,,,,False,False,True,True
action_mismatch,144,reject,reject,reject,action_mismatch,,,,False,False,True,True
action_mismatch,145,reject,reject,reject,action_mismatch,,,,False,False,True,True
action_mismatch,146,reject,reject,reject,action_mismatch,,,,False,False,True,True
action_mismatch,147,reject,reject,reject,action_mismatch,,,,False,False,True,True
action_mismatch,148,reject,reject,reject,action_mismatch,,,,False,False,True,True
action_mismatch,149,reject,reject,reject,action_mismatch,,,,False,False,True,True
action_mismatch,150,reject,reject,reject,action_mismatch,,,,False,False,True,True
action_mismatch,151,reject,reject,reject,action_mismatch,,,,False,False,True,True
action_mismatch,152,reject,reject,reject,action_mismatch,,,,False,False,True,True
action_mismatch,153,reject,reject,reject,action_mismatch,,,,False,False,True,True
action_mismatch,154,reject,reject,reject,action_mismatch,,,,False,False,True,True
action_mismatch,155,reject,reject,reject,action_mismatch,,,,False,False,True,True
action_mismatch,156,reject,reject,reject,action_mismatch,,,,False,False,True,True
action_mismatch,157,reject,reject,reject,action_mismatch,,,,False,False,True,True
action_mismatch,158,reject,reject,reject,action_mismatch,,,,False,False,True,True
action_mismatch,159,reject,reject,reject,action_mismatch,,,,False,False,True,True
action_mismatch,160,reject,reject,reject,action_mismatch,,,,False,False,True,True
action_mismatch,161,reject,reject,reject,action_mismatch,,,,False,False,True,True
action_mismatch,162,reject,reject,reject,action_mismatch,,,,False,False,True,True
action_mismatch,163,reject,reject,reject,action_mismatch,,,,False,False,True,True
action_mismatch,164,reject,reject,reject,action_mismatch,,,,False,False,True,True
action_mismatch,165,reject,reject,reject,action_mismatch,,,,False,False,True,True
action_mismatch,166,reject,reject,reject,action_mismatch,,,,False,False,True,True
action_mismatch,167,reject,reject,reject,action_mismatch,,,,False,False,True,True
action_mismatch,168,reject,reject,reject,action_mismatch,,,,False,False,True,True
action_mismatch,169,reject,reject,reject,action_mismatch,,,,False,False,True,True
action_mismatch,170,reject,reject,reject,action_mismatch,,,,False,False,True,True
action_mismatch,171,reject,reject,reject,action_mismatch,,,,False,False,True,True
action_mismatch,172,reject,reject,reject,action_mismatch,,,,False,False,True,True
action_mismatch,173,reject,reject,reject,action_mismatch,,,,False,False,True,True
action_mismatch,174,reject,reject,reject,action_mismatch,,,,False,False,True,True
action_mismatch,175,reject,reject,reject,action_mismatch,,,,False,False,True,True
action_mismatch,176,reject,reject,reject,action_mismatch,,,,False,False,True,True
action_mismatch,177,reject,reject,reject,action_mismatch,,,,False,False,True,True
action_mismatch,178,reject,reject,reject,action_mismatch,,,,False,False,True,True
action_mismatch,179,reject,reject,reject,action_mismatch,,,,False,False,True,True
action_mismatch,180,reject,reject,reject,action_mismatch,,,,False,False,True,True
action_mismatch,181,reject,reject,reject,action_mismatch,,,,False,False,True,True
action_mismatch,182,reject,reject,reject,action_mismatch,,,,False,False,True,True
action_mismatch,183,reject,reject,reject,action_mismatch,,,,False,False,True,True
action_mismatch,184,reject,reject,reject,action_mismatch,,,,False,False,True,True
action_mismatch,185,reject,reject,reject,action_mismatch,,,,False,False,True,True
action_mismatch,186,reject,reject,reject,action_mismatch,,,,False,False,True,True
action_mismatch,187,reject,reject,reject,action_mismatch,,,,False,False,True,True
action_mismatch,188,reject,reject,reject,action_mismatch,,,,False,False,True,True
action_mismatch,189,reject,reject,reject,action_mismatch,,,,False,False,True,True
action_mismatch,190,reject,reject,reject,action_mismatch,,,,False,False,True,True
action_mismatch,191,reject,reject,reject,action_mismatch,,,,False,False,True,True
action_mismatch,192,reject,reject,reject,action_mismatch,,,,False,False,True,True
action_mismatch,193,reject,reject,reject,action_mismatch,,,,False,False,True,True
action_mismatch,194,reject,reject,reject,action_mismatch,,,,False,False,True,True
action_mismatch,195,reject,reject,reject,action_mismatch,,,,False,False,True,True
action_mismatch,196,reject,reject,reject,action_mismatch,,,,False,False,True,True
action_mismatch,197,reject,reject,reject,action_mismatch,,,,False,False,True,True
action_mismatch,198,reject,reject,reject,action_mismatch,,,,False,False,True,True
action_mismatch,199,reject,reject,reject,action_mismatch,,,,False,False,True,True
action_mismatch,200,reject,reject,reject,action_mismatch,,,,False,False,True,True
scope_mismatch,1,reject,reject,reject,scope_mismatch,,,,False,False,True,True
scope_mismatch,2,reject,reject,reject,scope_mismatch,,,,False,False,True,True
scope_mismatch,3,reject,reject,reject,scope_mismatch,,,,False,False,True,True
scope_mismatch,4,reject,reject,reject,scope_mismatch,,,,False,False,True,True
scope_mismatch,5,reject,reject,reject,scope_mismatch,,,,False,False,True,True
scope_mismatch,6,reject,reject,reject,scope_mismatch,,,,False,False,True,True
scope_mismatch,7,reject,reject,reject,scope_mismatch,,,,False,False,True,True
scope_mismatch,8,reject,reject,reject,scope_mismatch,,,,False,False,True,True
scope_mismatch,9,reject,reject,reject,scope_mismatch,,,,False,False,True,True
scope_mismatch,10,reject,reject,reject,scope_mismatch,,,,False,False,True,True
scope_mismatch,11,reject,reject,reject,scope_mismatch,,,,False,False,True,True
scope_mismatch,12,reject,reject,reject,scope_mismatch,,,,False,False,True,True
scope_mismatch,13,reject,reject,reject,scope_mismatch,,,,False,False,True,True
scope_mismatch,14,reject,reject,reject,scope_mismatch,,,,False,False,True,True
scope_mismatch,15,reject,reject,reject,scope_mismatch,,,,False,False,True,True
scope_mismatch,16,reject,reject,reject,scope_mismatch,,,,False,False,True,True
scope_mismatch,17,reject,reject,reject,scope_mismatch,,,,False,False,True,True
scope_mismatch,18,reject,reject,reject,scope_mismatch,,,,False,False,True,True
scope_mismatch,19,reject,reject,reject,scope_mismatch,,,,False,False,True,True
scope_mismatch,20,reject,reject,reject,scope_mismatch,,,,False,False,True,True
scope_mismatch,21,reject,reject,reject,scope_mismatch,,,,False,False,True,True
scope_mismatch,22,reject,reject,reject,scope_mismatch,,,,False,False,True,True
scope_mismatch,23,reject,reject,reject,scope_mismatch,,,,False,False,True,True
scope_mismatch,24,reject,reject,reject,scope_mismatch,,,,False,False,True,True
scope_mismatch,25,reject,reject,reject,scope_mismatch,,,,False,False,True,True
scope_mismatch,26,reject,reject,reject,scope_mismatch,,,,False,False,True,True
scope_mismatch,27,reject,reject,reject,scope_mismatch,,,,False,False,True,True
scope_mismatch,28,reject,reject,reject,scope_mismatch,,,,False,False,True,True
scope_mismatch,29,reject,reject,reject,scope_mismatch,,,,False,False,True,True
scope_mismatch,30,reject,reject,reject,scope_mismatch,,,,False,False,True,True
scope_mismatch,31,reject,reject,reject,scope_mismatch,,,,False,False,True,True
scope_mismatch,32,reject,reject,reject,scope_mismatch,,,,False,False,True,True
scope_mismatch,33,reject,reject,reject,scope_mismatch,,,,False,False,True,True
scope_mismatch,34,reject,reject,reject,scope_mismatch,,,,False,False,True,True
scope_mismatch,35,reject,reject,reject,scope_mismatch,,,,False,False,True,True
scope_mismatch,36,reject,reject,reject,scope_mismatch,,,,False,False,True,True
scope_mismatch,37,reject,reject,reject,scope_mismatch,,,,False,False,True,True
scope_mismatch,38,reject,reject,reject,scope_mismatch,,,,False,False,True,True
scope_mismatch,39,reject,reject,reject,scope_mismatch,,,,False,False,True,True
scope_mismatch,40,reject,reject,reject,scope_mismatch,,,,False,False,True,True
scope_mismatch,41,reject,reject,reject,scope_mismatch,,,,False,False,True,True
scope_mismatch,42,reject,reject,reject,scope_mismatch,,,,False,False,True,True
scope_mismatch,43,reject,reject,reject,scope_mismatch,,,,False,False,True,True
scope_mismatch,44,reject,reject,reject,scope_mismatch,,,,False,False,True,True
scope_mismatch,45,reject,reject,reject,scope_mismatch,,,,False,False,True,True
scope_mismatch,46,reject,reject,reject,scope_mismatch,,,,False,False,True,True
scope_mismatch,47,reject,reject,reject,scope_mismatch,,,,False,False,True,True
scope_mismatch,48,reject,reject,reject,scope_mismatch,,,,False,False,True,True
scope_mismatch,49,reject,reject,reject,scope_mismatch,,,,False,False,True,True
scope_mismatch,50,reject,reject,reject,scope_mismatch,,,,False,False,True,True
scope_mismatch,51,reject,reject,reject,scope_mismatch,,,,False,False,True,True
scope_mismatch,52,reject,reject,reject,scope_mismatch,,,,False,False,True,True
scope_mismatch,53,reject,reject,reject,scope_mismatch,,,,False,False,True,True
scope_mismatch,54,reject,reject,reject,scope_mismatch,,,,False,False,True,True
scope_mismatch,55,reject,reject,reject,scope_mismatch,,,,False,False,True,True
scope_mismatch,56,reject,reject,reject,scope_mismatch,,,,False,False,True,True
scope_mismatch,57,reject,reject,reject,scope_mismatch,,,,False,False,True,True
scope_mismatch,58,reject,reject,reject,scope_mismatch,,,,False,False,True,True
scope_mismatch,59,reject,reject,reject,scope_mismatch,,,,False,False,True,True
scope_mismatch,60,reject,reject,reject,scope_mismatch,,,,False,False,True,True
scope_mismatch,61,reject,reject,reject,scope_mismatch,,,,False,False,True,True
scope_mismatch,62,reject,reject,reject,scope_mismatch,,,,False,False,True,True
scope_mismatch,63,reject,reject,reject,scope_mismatch,,,,False,False,True,True
scope_mismatch,64,reject,reject,reject,scope_mismatch,,,,False,False,True,True
scope_mismatch,65,reject,reject,reject,scope_mismatch,,,,False,False,True,True
scope_mismatch,66,reject,reject,reject,scope_mismatch,,,,False,False,True,True
scope_mismatch,67,reject,reject,reject,scope_mismatch,,,,False,False,True,True
scope_mismatch,68,reject,reject,reject,scope_mismatch,,,,False,False,True,True
scope_mismatch,69,reject,reject,reject,scope_mismatch,,,,False,False,True,True
scope_mismatch,70,reject,reject,reject,scope_mismatch,,,,False,False,True,True
scope_mismatch,71,reject,reject,reject,scope_mismatch,,,,False,False,True,True
scope_mismatch,72,reject,reject,reject,scope_mismatch,,,,False,False,True,True
scope_mismatch,73,reject,reject,reject,scope_mismatch,,,,False,False,True,True
scope_mismatch,74,reject,reject,reject,scope_mismatch,,,,False,False,True,True
scope_mismatch,75,reject,reject,reject,scope_mismatch,,,,False,False,True,True
scope_mismatch,76,reject,reject,reject,scope_mismatch,,,,False,False,True,True
scope_mismatch,77,reject,reject,reject,scope_mismatch,,,,False,False,True,True
scope_mismatch,78,reject,reject,reject,scope_mismatch,,,,False,False,True,True
scope_mismatch,79,reject,reject,reject,scope_mismatch,,,,False,False,True,True
scope_mismatch,80,reject,reject,reject,scope_mismatch,,,,False,False,True,True
scope_mismatch,81,reject,reject,reject,scope_mismatch,,,,False,False,True,True
scope_mismatch,82,reject,reject,reject,scope_mismatch,,,,False,False,True,True
scope_mismatch,83,reject,reject,reject,scope_mismatch,,,,False,False,True,True
scope_mismatch,84,reject,reject,reject,scope_mismatch,,,,False,False,True,True
scope_mismatch,85,reject,reject,reject,scope_mismatch,,,,False,False,True,True
scope_mismatch,86,reject,reject,reject,scope_mismatch,,,,False,False,True,True
scope_mismatch,87,reject,reject,reject,scope_mismatch,,,,False,False,True,True
scope_mismatch,88,reject,reject,reject,scope_mismatch,,,,False,False,True,True
scope_mismatch,89,reject,reject,reject,scope_mismatch,,,,False,False,True,True
scope_mismatch,90,reject,reject,reject,scope_mismatch,,,,False,False,True,True
scope_mismatch,91,reject,reject,reject,scope_mismatch,,,,False,False,True,True
scope_mismatch,92,reject,reject,reject,scope_mismatch,,,,False,False,True,True
scope_mismatch,93,reject,reject,reject,scope_mismatch,,,,False,False,True,True
scope_mismatch,94,reject,reject,reject,scope_mismatch,,,,False,False,True,True
scope_mismatch,95,reject,reject,reject,scope_mismatch,,,,False,False,True,True
scope_mismatch,96,reject,reject,reject,scope_mismatch,,,,False,False,True,True
scope_mismatch,97,reject,reject,reject,scope_mismatch,,,,False,False,True,True
scope_mismatch,98,reject,reject,reject,scope_mismatch,,,,False,False,True,True
scope_mismatch,99,reject,reject,reject,scope_mismatch,,,,False,False,True,True
scope_mismatch,100,reject,reject,reject,scope_mismatch,,,,False,False,True,True
scope_mismatch,101,reject,reject,reject,scope_mismatch,,,,False,False,True,True
scope_mismatch,102,reject,reject,reject,scope_mismatch,,,,False,False,True,True
scope_mismatch,103,reject,reject,reject,scope_mismatch,,,,False,False,True,True
scope_mismatch,104,reject,reject,reject,scope_mismatch,,,,False,False,True,True
scope_mismatch,105,reject,reject,reject,scope_mismatch,,,,False,False,True,True
scope_mismatch,106,reject,reject,reject,scope_mismatch,,,,False,False,True,True
scope_mismatch,107,reject,reject,reject,scope_mismatch,,,,False,False,True,True
scope_mismatch,108,reject,reject,reject,scope_mismatch,,,,False,False,True,True
scope_mismatch,109,reject,reject,reject,scope_mismatch,,,,False,False,True,True
scope_mismatch,110,reject,reject,reject,scope_mismatch,,,,False,False,True,True
scope_mismatch,111,reject,reject,reject,scope_mismatch,,,,False,False,True,True
scope_mismatch,112,reject,reject,reject,scope_mismatch,,,,False,False,True,True
scope_mismatch,113,reject,reject,reject,scope_mismatch,,,,False,False,True,True
scope_mismatch,114,reject,reject,reject,scope_mismatch,,,,False,False,True,True
scope_mismatch,115,reject,reject,reject,scope_mismatch,,,,False,False,True,True
scope_mismatch,116,reject,reject,reject,scope_mismatch,,,,False,False,True,True
scope_mismatch,117,reject,reject,reject,scope_mismatch,,,,False,False,True,True
scope_mismatch,118,reject,reject,reject,scope_mismatch,,,,False,False,True,True
scope_mismatch,119,reject,reject,reject,scope_mismatch,,,,False,False,True,True
scope_mismatch,120,reject,reject,reject,scope_mismatch,,,,False,False,True,True
scope_mismatch,121,reject,reject,reject,scope_mismatch,,,,False,False,True,True
scope_mismatch,122,reject,reject,reject,scope_mismatch,,,,False,False,True,True
scope_mismatch,123,reject,reject,reject,scope_mismatch,,,,False,False,True,True
scope_mismatch,124,reject,reject,reject,scope_mismatch,,,,False,False,True,True
scope_mismatch,125,reject,reject,reject,scope_mismatch,,,,False,False,True,True
scope_mismatch,126,reject,reject,reject,scope_mismatch,,,,False,False,True,True
scope_mismatch,127,reject,reject,reject,scope_mismatch,,,,False,False,True,True
scope_mismatch,128,reject,reject,reject,scope_mismatch,,,,False,False,True,True
scope_mismatch,129,reject,reject,reject,scope_mismatch,,,,False,False,True,True
scope_mismatch,130,reject,reject,reject,scope_mismatch,,,,False,False,True,True
scope_mismatch,131,reject,reject,reject,scope_mismatch,,,,False,False,True,True
scope_mismatch,132,reject,reject,reject,scope_mismatch,,,,False,False,True,True
scope_mismatch,133,reject,reject,reject,scope_mismatch,,,,False,False,True,True
scope_mismatch,134,reject,reject,reject,scope_mismatch,,,,False,False,True,True
scope_mismatch,135,reject,reject,reject,scope_mismatch,,,,False,False,True,True
scope_mismatch,136,reject,reject,reject,scope_mismatch,,,,False,False,True,True
scope_mismatch,137,reject,reject,reject,scope_mismatch,,,,False,False,True,True
scope_mismatch,138,reject,reject,reject,scope_mismatch,,,,False,False,True,True
scope_mismatch,139,reject,reject,reject,scope_mismatch,,,,False,False,True,True
scope_mismatch,140,reject,reject,reject,scope_mismatch,,,,False,False,True,True
scope_mismatch,141,reject,reject,reject,scope_mismatch,,,,False,False,True,True
scope_mismatch,142,reject,reject,reject,scope_mismatch,,,,False,False,True,True
scope_mismatch,143,reject,reject,reject,scope_mismatch,,,,False,False,True,True
scope_mismatch,144,reject,reject,reject,scope_mismatch,,,,False,False,True,True
scope_mismatch,145,reject,reject,reject,scope_mismatch,,,,False,False,True,True
scope_mismatch,146,reject,reject,reject,scope_mismatch,,,,False,False,True,True
scope_mismatch,147,reject,reject,reject,scope_mismatch,,,,False,False,True,True
scope_mismatch,148,reject,reject,reject,scope_mismatch,,,,False,False,True,True
scope_mismatch,149,reject,reject,reject,scope_mismatch,,,,False,False,True,True
scope_mismatch,150,reject,reject,reject,scope_mismatch,,,,False,False,True,True
scope_mismatch,151,reject,reject,reject,scope_mismatch,,,,False,False,True,True
scope_mismatch,152,reject,reject,reject,scope_mismatch,,,,False,False,True,True
scope_mismatch,153,reject,reject,reject,scope_mismatch,,,,False,False,True,True
scope_mismatch,154,reject,reject,reject,scope_mismatch,,,,False,False,True,True
scope_mismatch,155,reject,reject,reject,scope_mismatch,,,,False,False,True,True
scope_mismatch,156,reject,reject,reject,scope_mismatch,,,,False,False,True,True
scope_mismatch,157,reject,reject,reject,scope_mismatch,,,,False,False,True,True
scope_mismatch,158,reject,reject,reject,scope_mismatch,,,,False,False,True,True
scope_mismatch,159,reject,reject,reject,scope_mismatch,,,,False,False,True,True
scope_mismatch,160,reject,reject,reject,scope_mismatch,,,,False,False,True,True
scope_mismatch,161,reject,reject,reject,scope_mismatch,,,,False,False,True,True
scope_mismatch,162,reject,reject,reject,scope_mismatch,,,,False,False,True,True
scope_mismatch,163,reject,reject,reject,scope_mismatch,,,,False,False,True,True
scope_mismatch,164,reject,reject,reject,scope_mismatch,,,,False,False,True,True
scope_mismatch,165,reject,reject,reject,scope_mismatch,,,,False,False,True,True
scope_mismatch,166,reject,reject,reject,scope_mismatch,,,,False,False,True,True
scope_mismatch,167,reject,reject,reject,scope_mismatch,,,,False,False,True,True
scope_mismatch,168,reject,reject,reject,scope_mismatch,,,,False,False,True,True
scope_mismatch,169,reject,reject,reject,scope_mismatch,,,,False,False,True,True
scope_mismatch,170,reject,reject,reject,scope_mismatch,,,,False,False,True,True
scope_mismatch,171,reject,reject,reject,scope_mismatch,,,,False,False,True,True
scope_mismatch,172,reject,reject,reject,scope_mismatch,,,,False,False,True,True
scope_mismatch,173,reject,reject,reject,scope_mismatch,,,,False,False,True,True
scope_mismatch,174,reject,reject,reject,scope_mismatch,,,,False,False,True,True
scope_mismatch,175,reject,reject,reject,scope_mismatch,,,,False,False,True,True
scope_mismatch,176,reject,reject,reject,scope_mismatch,,,,False,False,True,True
scope_mismatch,177,reject,reject,reject,scope_mismatch,,,,False,False,True,True
scope_mismatch,178,reject,reject,reject,scope_mismatch,,,,False,False,True,True
scope_mismatch,179,reject,reject,reject,scope_mismatch,,,,False,False,True,True
scope_mismatch,180,reject,reject,reject,scope_mismatch,,,,False,False,True,True
scope_mismatch,181,reject,reject,reject,scope_mismatch,,,,False,False,True,True
scope_mismatch,182,reject,reject,reject,scope_mismatch,,,,False,False,True,True
scope_mismatch,183,reject,reject,reject,scope_mismatch,,,,False,False,True,True
scope_mismatch,184,reject,reject,reject,scope_mismatch,,,,False,False,True,True
scope_mismatch,185,reject,reject,reject,scope_mismatch,,,,False,False,True,True
scope_mismatch,186,reject,reject,reject,scope_mismatch,,,,False,False,True,True
scope_mismatch,187,reject,reject,reject,scope_mismatch,,,,False,False,True,True
scope_mismatch,188,reject,reject,reject,scope_mismatch,,,,False,False,True,True
scope_mismatch,189,reject,reject,reject,scope_mismatch,,,,False,False,True,True
scope_mismatch,190,reject,reject,reject,scope_mismatch,,,,False,False,True,True
scope_mismatch,191,reject,reject,reject,scope_mismatch,,,,False,False,True,True
scope_mismatch,192,reject,reject,reject,scope_mismatch,,,,False,False,True,True
scope_mismatch,193,reject,reject,reject,scope_mismatch,,,,False,False,True,True
scope_mismatch,194,reject,reject,reject,scope_mismatch,,,,False,False,True,True
scope_mismatch,195,reject,reject,reject,scope_mismatch,,,,False,False,True,True
scope_mismatch,196,reject,reject,reject,scope_mismatch,,,,False,False,True,True
scope_mismatch,197,reject,reject,reject,scope_mismatch,,,,False,False,True,True
scope_mismatch,198,reject,reject,reject,scope_mismatch,,,,False,False,True,True
scope_mismatch,199,reject,reject,reject,scope_mismatch,,,,False,False,True,True
scope_mismatch,200,reject,reject,reject,scope_mismatch,,,,False,False,True,True
context_mismatch,1,reject,reject,reject,rp_mismatch,,,,False,False,True,True
context_mismatch,2,reject,reject,reject,rp_mismatch,,,,False,False,True,True
context_mismatch,3,reject,reject,reject,rp_mismatch,,,,False,False,True,True
context_mismatch,4,reject,reject,reject,rp_mismatch,,,,False,False,True,True
context_mismatch,5,reject,reject,reject,rp_mismatch,,,,False,False,True,True
context_mismatch,6,reject,reject,reject,rp_mismatch,,,,False,False,True,True
context_mismatch,7,reject,reject,reject,rp_mismatch,,,,False,False,True,True
context_mismatch,8,reject,reject,reject,rp_mismatch,,,,False,False,True,True
context_mismatch,9,reject,reject,reject,rp_mismatch,,,,False,False,True,True
context_mismatch,10,reject,reject,reject,rp_mismatch,,,,False,False,True,True
context_mismatch,11,reject,reject,reject,rp_mismatch,,,,False,False,True,True
context_mismatch,12,reject,reject,reject,rp_mismatch,,,,False,False,True,True
context_mismatch,13,reject,reject,reject,rp_mismatch,,,,False,False,True,True
context_mismatch,14,reject,reject,reject,rp_mismatch,,,,False,False,True,True
context_mismatch,15,reject,reject,reject,rp_mismatch,,,,False,False,True,True
context_mismatch,16,reject,reject,reject,rp_mismatch,,,,False,False,True,True
context_mismatch,17,reject,reject,reject,rp_mismatch,,,,False,False,True,True
context_mismatch,18,reject,reject,reject,rp_mismatch,,,,False,False,True,True
context_mismatch,19,reject,reject,reject,rp_mismatch,,,,False,False,True,True
context_mismatch,20,reject,reject,reject,rp_mismatch,,,,False,False,True,True
context_mismatch,21,reject,reject,reject,rp_mismatch,,,,False,False,True,True
context_mismatch,22,reject,reject,reject,rp_mismatch,,,,False,False,True,True
context_mismatch,23,reject,reject,reject,rp_mismatch,,,,False,False,True,True
context_mismatch,24,reject,reject,reject,rp_mismatch,,,,False,False,True,True
context_mismatch,25,reject,reject,reject,rp_mismatch,,,,False,False,True,True
context_mismatch,26,reject,reject,reject,rp_mismatch,,,,False,False,True,True
context_mismatch,27,reject,reject,reject,rp_mismatch,,,,False,False,True,True
context_mismatch,28,reject,reject,reject,rp_mismatch,,,,False,False,True,True
context_mismatch,29,reject,reject,reject,rp_mismatch,,,,False,False,True,True
context_mismatch,30,reject,reject,reject,rp_mismatch,,,,False,False,True,True
context_mismatch,31,reject,reject,reject,rp_mismatch,,,,False,False,True,True
context_mismatch,32,reject,reject,reject,rp_mismatch,,,,False,False,True,True
context_mismatch,33,reject,reject,reject,rp_mismatch,,,,False,False,True,True
context_mismatch,34,reject,reject,reject,rp_mismatch,,,,False,False,True,True
context_mismatch,35,reject,reject,reject,rp_mismatch,,,,False,False,True,True
context_mismatch,36,reject,reject,reject,rp_mismatch,,,,False,False,True,True
context_mismatch,37,reject,reject,reject,rp_mismatch,,,,False,False,True,True
context_mismatch,38,reject,reject,reject,rp_mismatch,,,,False,False,True,True
context_mismatch,39,reject,reject,reject,rp_mismatch,,,,False,False,True,True
context_mismatch,40,reject,reject,reject,rp_mismatch,,,,False,False,True,True
context_mismatch,41,reject,reject,reject,rp_mismatch,,,,False,False,True,True
context_mismatch,42,reject,reject,reject,rp_mismatch,,,,False,False,True,True
context_mismatch,43,reject,reject,reject,rp_mismatch,,,,False,False,True,True
context_mismatch,44,reject,reject,reject,rp_mismatch,,,,False,False,True,True
context_mismatch,45,reject,reject,reject,rp_mismatch,,,,False,False,True,True
context_mismatch,46,reject,reject,reject,rp_mismatch,,,,False,False,True,True
context_mismatch,47,reject,reject,reject,rp_mismatch,,,,False,False,True,True
context_mismatch,48,reject,reject,reject,rp_mismatch,,,,False,False,True,True
context_mismatch,49,reject,reject,reject,rp_mismatch,,,,False,False,True,True
context_mismatch,50,reject,reject,reject,rp_mismatch,,,,False,False,True,True
context_mismatch,51,reject,reject,reject,rp_mismatch,,,,False,False,True,True
context_mismatch,52,reject,reject,reject,rp_mismatch,,,,False,False,True,True
context_mismatch,53,reject,reject,reject,rp_mismatch,,,,False,False,True,True
context_mismatch,54,reject,reject,reject,rp_mismatch,,,,False,False,True,True
context_mismatch,55,reject,reject,reject,rp_mismatch,,,,False,False,True,True
context_mismatch,56,reject,reject,reject,rp_mismatch,,,,False,False,True,True
context_mismatch,57,reject,reject,reject,rp_mismatch,,,,False,False,True,True
context_mismatch,58,reject,reject,reject,rp_mismatch,,,,False,False,True,True
context_mismatch,59,reject,reject,reject,rp_mismatch,,,,False,False,True,True
context_mismatch,60,reject,reject,reject,rp_mismatch,,,,False,False,True,True
context_mismatch,61,reject,reject,reject,rp_mismatch,,,,False,False,True,True
context_mismatch,62,reject,reject,reject,rp_mismatch,,,,False,False,True,True
context_mismatch,63,reject,reject,reject,rp_mismatch,,,,False,False,True,True
context_mismatch,64,reject,reject,reject,rp_mismatch,,,,False,False,True,True
context_mismatch,65,reject,reject,reject,rp_mismatch,,,,False,False,True,True
context_mismatch,66,reject,reject,reject,rp_mismatch,,,,False,False,True,True
context_mismatch,67,reject,reject,reject,rp_mismatch,,,,False,False,True,True
context_mismatch,68,reject,reject,reject,rp_mismatch,,,,False,False,True,True
context_mismatch,69,reject,reject,reject,rp_mismatch,,,,False,False,True,True
context_mismatch,70,reject,reject,reject,rp_mismatch,,,,False,False,True,True
context_mismatch,71,reject,reject,reject,rp_mismatch,,,,False,False,True,True
context_mismatch,72,reject,reject,reject,rp_mismatch,,,,False,False,True,True
context_mismatch,73,reject,reject,reject,rp_mismatch,,,,False,False,True,True
context_mismatch,74,reject,reject,reject,rp_mismatch,,,,False,False,True,True
context_mismatch,75,reject,reject,reject,rp_mismatch,,,,False,False,True,True
context_mismatch,76,reject,reject,reject,rp_mismatch,,,,False,False,True,True
context_mismatch,77,reject,reject,reject,rp_mismatch,,,,False,False,True,True
context_mismatch,78,reject,reject,reject,rp_mismatch,,,,False,False,True,True
context_mismatch,79,reject,reject,reject,rp_mismatch,,,,False,False,True,True
context_mismatch,80,reject,reject,reject,rp_mismatch,,,,False,False,True,True
context_mismatch,81,reject,reject,reject,rp_mismatch,,,,False,False,True,True
context_mismatch,82,reject,reject,reject,rp_mismatch,,,,False,False,True,True
context_mismatch,83,reject,reject,reject,rp_mismatch,,,,False,False,True,True
context_mismatch,84,reject,reject,reject,rp_mismatch,,,,False,False,True,True
context_mismatch,85,reject,reject,reject,rp_mismatch,,,,False,False,True,True
context_mismatch,86,reject,reject,reject,rp_mismatch,,,,False,False,True,True
context_mismatch,87,reject,reject,reject,rp_mismatch,,,,False,False,True,True
context_mismatch,88,reject,reject,reject,rp_mismatch,,,,False,False,True,True
context_mismatch,89,reject,reject,reject,rp_mismatch,,,,False,False,True,True
context_mismatch,90,reject,reject,reject,rp_mismatch,,,,False,False,True,True
context_mismatch,91,reject,reject,reject,rp_mismatch,,,,False,False,True,True
context_mismatch,92,reject,reject,reject,rp_mismatch,,,,False,False,True,True
context_mismatch,93,reject,reject,reject,rp_mismatch,,,,False,False,True,True
context_mismatch,94,reject,reject,reject,rp_mismatch,,,,False,False,True,True
context_mismatch,95,reject,reject,reject,rp_mismatch,,,,False,False,True,True
context_mismatch,96,reject,reject,reject,rp_mismatch,,,,False,False,True,True
context_mismatch,97,reject,reject,reject,rp_mismatch,,,,False,False,True,True
context_mismatch,98,reject,reject,reject,rp_mismatch,,,,False,False,True,True
context_mismatch,99,reject,reject,reject,rp_mismatch,,,,False,False,True,True
context_mismatch,100,reject,reject,reject,rp_mismatch,,,,False,False,True,True
context_mismatch,101,reject,reject,reject,rp_mismatch,,,,False,False,True,True
context_mismatch,102,reject,reject,reject,rp_mismatch,,,,False,False,True,True
context_mismatch,103,reject,reject,reject,rp_mismatch,,,,False,False,True,True
context_mismatch,104,reject,reject,reject,rp_mismatch,,,,False,False,True,True
context_mismatch,105,reject,reject,reject,rp_mismatch,,,,False,False,True,True
context_mismatch,106,reject,reject,reject,rp_mismatch,,,,False,False,True,True
context_mismatch,107,reject,reject,reject,rp_mismatch,,,,False,False,True,True
context_mismatch,108,reject,reject,reject,rp_mismatch,,,,False,False,True,True
context_mismatch,109,reject,reject,reject,rp_mismatch,,,,False,False,True,True
context_mismatch,110,reject,reject,reject,rp_mismatch,,,,False,False,True,True
context_mismatch,111,reject,reject,reject,rp_mismatch,,,,False,False,True,True
context_mismatch,112,reject,reject,reject,rp_mismatch,,,,False,False,True,True
context_mismatch,113,reject,reject,reject,rp_mismatch,,,,False,False,True,True
context_mismatch,114,reject,reject,reject,rp_mismatch,,,,False,False,True,True
context_mismatch,115,reject,reject,reject,rp_mismatch,,,,False,False,True,True
context_mismatch,116,reject,reject,reject,rp_mismatch,,,,False,False,True,True
context_mismatch,117,reject,reject,reject,rp_mismatch,,,,False,False,True,True
context_mismatch,118,reject,reject,reject,rp_mismatch,,,,False,False,True,True
context_mismatch,119,reject,reject,reject,rp_mismatch,,,,False,False,True,True
context_mismatch,120,reject,reject,reject,rp_mismatch,,,,False,False,True,True
context_mismatch,121,reject,reject,reject,rp_mismatch,,,,False,False,True,True
context_mismatch,122,reject,reject,reject,rp_mismatch,,,,False,False,True,True
context_mismatch,123,reject,reject,reject,rp_mismatch,,,,False,False,True,True
context_mismatch,124,reject,reject,reject,rp_mismatch,,,,False,False,True,True
context_mismatch,125,reject,reject,reject,rp_mismatch,,,,False,False,True,True
context_mismatch,126,reject,reject,reject,rp_mismatch,,,,False,False,True,True
context_mismatch,127,reject,reject,reject,rp_mismatch,,,,False,False,True,True
context_mismatch,128,reject,reject,reject,rp_mismatch,,,,False,False,True,True
context_mismatch,129,reject,reject,reject,rp_mismatch,,,,False,False,True,True
context_mismatch,130,reject,reject,reject,rp_mismatch,,,,False,False,True,True
context_mismatch,131,reject,reject,reject,rp_mismatch,,,,False,False,True,True
context_mismatch,132,reject,reject,reject,rp_mismatch,,,,False,False,True,True
context_mismatch,133,reject,reject,reject,rp_mismatch,,,,False,False,True,True
context_mismatch,134,reject,reject,reject,rp_mismatch,,,,False,False,True,True
context_mismatch,135,reject,reject,reject,rp_mismatch,,,,False,False,True,True
context_mismatch,136,reject,reject,reject,rp_mismatch,,,,False,False,True,True
context_mismatch,137,reject,reject,reject,rp_mismatch,,,,False,False,True,True
context_mismatch,138,reject,reject,reject,rp_mismatch,,,,False,False,True,True
context_mismatch,139,reject,reject,reject,rp_mismatch,,,,False,False,True,True
context_mismatch,140,reject,reject,reject,rp_mismatch,,,,False,False,True,True
context_mismatch,141,reject,reject,reject,rp_mismatch,,,,False,False,True,True
context_mismatch,142,reject,reject,reject,rp_mismatch,,,,False,False,True,True
context_mismatch,143,reject,reject,reject,rp_mismatch,,,,False,False,True,True
context_mismatch,144,reject,reject,reject,rp_mismatch,,,,False,False,True,True
context_mismatch,145,reject,reject,reject,rp_mismatch,,,,False,False,True,True
context_mismatch,146,reject,reject,reject,rp_mismatch,,,,False,False,True,True
context_mismatch,147,reject,reject,reject,rp_mismatch,,,,False,False,True,True
context_mismatch,148,reject,reject,reject,rp_mismatch,,,,False,False,True,True
context_mismatch,149,reject,reject,reject,rp_mismatch,,,,False,False,True,True
context_mismatch,150,reject,reject,reject,rp_mismatch,,,,False,False,True,True
context_mismatch,151,reject,reject,reject,rp_mismatch,,,,False,False,True,True
context_mismatch,152,reject,reject,reject,rp_mismatch,,,,False,False,True,True
context_mismatch,153,reject,reject,reject,rp_mismatch,,,,False,False,True,True
context_mismatch,154,reject,reject,reject,rp_mismatch,,,,False,False,True,True
context_mismatch,155,reject,reject,reject,rp_mismatch,,,,False,False,True,True
context_mismatch,156,reject,reject,reject,rp_mismatch,,,,False,False,True,True
context_mismatch,157,reject,reject,reject,rp_mismatch,,,,False,False,True,True
context_mismatch,158,reject,reject,reject,rp_mismatch,,,,False,False,True,True
context_mismatch,159,reject,reject,reject,rp_mismatch,,,,False,False,True,True
context_mismatch,160,reject,reject,reject,rp_mismatch,,,,False,False,True,True
context_mismatch,161,reject,reject,reject,rp_mismatch,,,,False,False,True,True
context_mismatch,162,reject,reject,reject,rp_mismatch,,,,False,False,True,True
context_mismatch,163,reject,reject,reject,rp_mismatch,,,,False,False,True,True
context_mismatch,164,reject,reject,reject,rp_mismatch,,,,False,False,True,True
context_mismatch,165,reject,reject,reject,rp_mismatch,,,,False,False,True,True
context_mismatch,166,reject,reject,reject,rp_mismatch,,,,False,False,True,True
context_mismatch,167,reject,reject,reject,rp_mismatch,,,,False,False,True,True
context_mismatch,168,reject,reject,reject,rp_mismatch,,,,False,False,True,True
context_mismatch,169,reject,reject,reject,rp_mismatch,,,,False,False,True,True
context_mismatch,170,reject,reject,reject,rp_mismatch,,,,False,False,True,True
context_mismatch,171,reject,reject,reject,rp_mismatch,,,,False,False,True,True
context_mismatch,172,reject,reject,reject,rp_mismatch,,,,False,False,True,True
context_mismatch,173,reject,reject,reject,rp_mismatch,,,,False,False,True,True
context_mismatch,174,reject,reject,reject,rp_mismatch,,,,False,False,True,True
context_mismatch,175,reject,reject,reject,rp_mismatch,,,,False,False,True,True
context_mismatch,176,reject,reject,reject,rp_mismatch,,,,False,False,True,True
context_mismatch,177,reject,reject,reject,rp_mismatch,,,,False,False,True,True
context_mismatch,178,reject,reject,reject,rp_mismatch,,,,False,False,True,True
context_mismatch,179,reject,reject,reject,rp_mismatch,,,,False,False,True,True
context_mismatch,180,reject,reject,reject,rp_mismatch,,,,False,False,True,True
context_mismatch,181,reject,reject,reject,rp_mismatch,,,,False,False,True,True
context_mismatch,182,reject,reject,reject,rp_mismatch,,,,False,False,True,True
context_mismatch,183,reject,reject,reject,rp_mismatch,,,,False,False,True,True
context_mismatch,184,reject,reject,reject,rp_mismatch,,,,False,False,True,True
context_mismatch,185,reject,reject,reject,rp_mismatch,,,,False,False,True,True
context_mismatch,186,reject,reject,reject,rp_mismatch,,,,False,False,True,True
context_mismatch,187,reject,reject,reject,rp_mismatch,,,,False,False,True,True
context_mismatch,188,reject,reject,reject,rp_mismatch,,,,False,False,True,True
context_mismatch,189,reject,reject,reject,rp_mismatch,,,,False,False,True,True
context_mismatch,190,reject,reject,reject,rp_mismatch,,,,False,False,True,True
context_mismatch,191,reject,reject,reject,rp_mismatch,,,,False,False,True,True
context_mismatch,192,reject,reject,reject,rp_mismatch,,,,False,False,True,True
context_mismatch,193,reject,reject,reject,rp_mismatch,,,,False,False,True,True
context_mismatch,194,reject,reject,reject,rp_mismatch,,,,False,False,True,True
context_mismatch,195,reject,reject,reject,rp_mismatch,,,,False,False,True,True
context_mismatch,196,reject,reject,reject,rp_mismatch,,,,False,False,True,True
context_mismatch,197,reject,reject,reject,rp_mismatch,,,,False,False,True,True
context_mismatch,198,reject,reject,reject,rp_mismatch,,,,False,False,True,True
context_mismatch,199,reject,reject,reject,rp_mismatch,,,,False,False,True,True
context_mismatch,200,reject,reject,reject,rp_mismatch,,,,False,False,True,True
expired_intent,1,reject,reject,reject,expired,,,,True,True,True,True
expired_intent,2,reject,reject,reject,expired,,,,True,True,True,True
expired_intent,3,reject,reject,reject,expired,,,,True,True,True,True
expired_intent,4,reject,reject,reject,expired,,,,True,True,True,True
expired_intent,5,reject,reject,reject,expired,,,,True,True,True,True
expired_intent,6,reject,reject,reject,expired,,,,True,True,True,True
expired_intent,7,reject,reject,reject,expired,,,,True,True,True,True
expired_intent,8,reject,reject,reject,expired,,,,True,True,True,True
expired_intent,9,reject,reject,reject,expired,,,,True,True,True,True
expired_intent,10,reject,reject,reject,expired,,,,True,True,True,True
expired_intent,11,reject,reject,reject,expired,,,,True,True,True,True
expired_intent,12,reject,reject,reject,expired,,,,True,True,True,True
expired_intent,13,reject,reject,reject,expired,,,,True,True,True,True
expired_intent,14,reject,reject,reject,expired,,,,True,True,True,True
expired_intent,15,reject,reject,reject,expired,,,,True,True,True,True
expired_intent,16,reject,reject,reject,expired,,,,True,True,True,True
expired_intent,17,reject,reject,reject,expired,,,,True,True,True,True
expired_intent,18,reject,reject,reject,expired,,,,True,True,True,True
expired_intent,19,reject,reject,reject,expired,,,,True,True,True,True
expired_intent,20,reject,reject,reject,expired,,,,True,True,True,True
expired_intent,21,reject,reject,reject,expired,,,,True,True,True,True
expired_intent,22,reject,reject,reject,expired,,,,True,True,True,True
expired_intent,23,reject,reject,reject,expired,,,,True,True,True,True
expired_intent,24,reject,reject,reject,expired,,,,True,True,True,True
expired_intent,25,reject,reject,reject,expired,,,,True,True,True,True
expired_intent,26,reject,reject,reject,expired,,,,True,True,True,True
expired_intent,27,reject,reject,reject,expired,,,,True,True,True,True
expired_intent,28,reject,reject,reject,expired,,,,True,True,True,True
expired_intent,29,reject,reject,reject,expired,,,,True,True,True,True
expired_intent,30,reject,reject,reject,expired,,,,True,True,True,True
expired_intent,31,reject,reject,reject,expired,,,,True,True,True,True
expired_intent,32,reject,reject,reject,expired,,,,True,True,True,True
expired_intent,33,reject,reject,reject,expired,,,,True,True,True,True
expired_intent,34,reject,reject,reject,expired,,,,True,True,True,True
expired_intent,35,reject,reject,reject,expired,,,,True,True,True,True
expired_intent,36,reject,reject,reject,expired,,,,True,True,True,True
expired_intent,37,reject,reject,reject,expired,,,,True,True,True,True
expired_intent,38,reject,reject,reject,expired,,,,True,True,True,True
expired_intent,39,reject,reject,reject,expired,,,,True,True,True,True
expired_intent,40,reject,reject,reject,expired,,,,True,True,True,True
expired_intent,41,reject,reject,reject,expired,,,,True,True,True,True
expired_intent,42,reject,reject,reject,expired,,,,True,True,True,True
expired_intent,43,reject,reject,reject,expired,,,,True,True,True,True
expired_intent,44,reject,reject,reject,expired,,,,True,True,True,True
expired_intent,45,reject,reject,reject,expired,,,,True,True,True,True
expired_intent,46,reject,reject,reject,expired,,,,True,True,True,True
expired_intent,47,reject,reject,reject,expired,,,,True,True,True,True
expired_intent,48,reject,reject,reject,expired,,,,True,True,True,True
expired_intent,49,reject,reject,reject,expired,,,,True,True,True,True
expired_intent,50,reject,reject,reject,expired,,,,True,True,True,True
expired_intent,51,reject,reject,reject,expired,,,,True,True,True,True
expired_intent,52,reject,reject,reject,expired,,,,True,True,True,True
expired_intent,53,reject,reject,reject,expired,,,,True,True,True,True
expired_intent,54,reject,reject,reject,expired,,,,True,True,True,True
expired_intent,55,reject,reject,reject,expired,,,,True,True,True,True
expired_intent,56,reject,reject,reject,expired,,,,True,True,True,True
expired_intent,57,reject,reject,reject,expired,,,,True,True,True,True
expired_intent,58,reject,reject,reject,expired,,,,True,True,True,True
expired_intent,59,reject,reject,reject,expired,,,,True,True,True,True
expired_intent,60,reject,reject,reject,expired,,,,True,True,True,True
expired_intent,61,reject,reject,reject,expired,,,,True,True,True,True
expired_intent,62,reject,reject,reject,expired,,,,True,True,True,True
expired_intent,63,reject,reject,reject,expired,,,,True,True,True,True
expired_intent,64,reject,reject,reject,expired,,,,True,True,True,True
expired_intent,65,reject,reject,reject,expired,,,,True,True,True,True
expired_intent,66,reject,reject,reject,expired,,,,True,True,True,True
expired_intent,67,reject,reject,reject,expired,,,,True,True,True,True
expired_intent,68,reject,reject,reject,expired,,,,True,True,True,True
expired_intent,69,reject,reject,reject,expired,,,,True,True,True,True
expired_intent,70,reject,reject,reject,expired,,,,True,True,True,True
expired_intent,71,reject,reject,reject,expired,,,,True,True,True,True
expired_intent,72,reject,reject,reject,expired,,,,True,True,True,True
expired_intent,73,reject,reject,reject,expired,,,,True,True,True,True
expired_intent,74,reject,reject,reject,expired,,,,True,True,True,True
expired_intent,75,reject,reject,reject,expired,,,,True,True,True,True
expired_intent,76,reject,reject,reject,expired,,,,True,True,True,True
expired_intent,77,reject,reject,reject,expired,,,,True,True,True,True
expired_intent,78,reject,reject,reject,expired,,,,True,True,True,True
expired_intent,79,reject,reject,reject,expired,,,,True,True,True,True
expired_intent,80,reject,reject,reject,expired,,,,True,True,True,True
expired_intent,81,reject,reject,reject,expired,,,,True,True,True,True
expired_intent,82,reject,reject,reject,expired,,,,True,True,True,True
expired_intent,83,reject,reject,reject,expired,,,,True,True,True,True
expired_intent,84,reject,reject,reject,expired,,,,True,True,True,True
expired_intent,85,reject,reject,reject,expired,,,,True,True,True,True
expired_intent,86,reject,reject,reject,expired,,,,True,True,True,True
expired_intent,87,reject,reject,reject,expired,,,,True,True,True,True
expired_intent,88,reject,reject,reject,expired,,,,True,True,True,True
expired_intent,89,reject,reject,reject,expired,,,,True,True,True,True
expired_intent,90,reject,reject,reject,expired,,,,True,True,True,True
expired_intent,91,reject,reject,reject,expired,,,,True,True,True,True
expired_intent,92,reject,reject,reject,expired,,,,True,True,True,True
expired_intent,93,reject,reject,reject,expired,,,,True,True,True,True
expired_intent,94,reject,reject,reject,expired,,,,True,True,True,True
expired_intent,95,reject,reject,reject,expired,,,,True,True,True,True
expired_intent,96,reject,reject,reject,expired,,,,True,True,True,True
expired_intent,97,reject,reject,reject,expired,,,,True,True,True,True
expired_intent,98,reject,reject,reject,expired,,,,True,True,True,True
expired_intent,99,reject,reject,reject,expired,,,,True,True,True,True
expired_intent,100,reject,reject,reject,expired,,,,True,True,True,True
expired_intent,101,reject,reject,reject,expired,,,,True,True,True,True
expired_intent,102,reject,reject,reject,expired,,,,True,True,True,True
expired_intent,103,reject,reject,reject,expired,,,,True,True,True,True
expired_intent,104,reject,reject,reject,expired,,,,True,True,True,True
expired_intent,105,reject,reject,reject,expired,,,,True,True,True,True
expired_intent,106,reject,reject,reject,expired,,,,True,True,True,True
expired_intent,107,reject,reject,reject,expired,,,,True,True,True,True
expired_intent,108,reject,reject,reject,expired,,,,True,True,True,True
expired_intent,109,reject,reject,reject,expired,,,,True,True,True,True
expired_intent,110,reject,reject,reject,expired,,,,True,True,True,True
expired_intent,111,reject,reject,reject,expired,,,,True,True,True,True
expired_intent,112,reject,reject,reject,expired,,,,True,True,True,True
expired_intent,113,reject,reject,reject,expired,,,,True,True,True,True
expired_intent,114,reject,reject,reject,expired,,,,True,True,True,True
expired_intent,115,reject,reject,reject,expired,,,,True,True,True,True
expired_intent,116,reject,reject,reject,expired,,,,True,True,True,True
expired_intent,117,reject,reject,reject,expired,,,,True,True,True,True
expired_intent,118,reject,reject,reject,expired,,,,True,True,True,True
expired_intent,119,reject,reject,reject,expired,,,,True,True,True,True
expired_intent,120,reject,reject,reject,expired,,,,True,True,True,True
expired_intent,121,reject,reject,reject,expired,,,,True,True,True,True
expired_intent,122,reject,reject,reject,expired,,,,True,True,True,True
expired_intent,123,reject,reject,reject,expired,,,,True,True,True,True
expired_intent,124,reject,reject,reject,expired,,,,True,True,True,True
expired_intent,125,reject,reject,reject,expired,,,,True,True,True,True
expired_intent,126,reject,reject,reject,expired,,,,True,True,True,True
expired_intent,127,reject,reject,reject,expired,,,,True,True,True,True
expired_intent,128,reject,reject,reject,expired,,,,True,True,True,True
expired_intent,129,reject,reject,reject,expired,,,,True,True,True,True
expired_intent,130,reject,reject,reject,expired,,,,True,True,True,True
expired_intent,131,reject,reject,reject,expired,,,,True,True,True,True
expired_intent,132,reject,reject,reject,expired,,,,True,True,True,True
expired_intent,133,reject,reject,reject,expired,,,,True,True,True,True
expired_intent,134,reject,reject,reject,expired,,,,True,True,True,True
expired_intent,135,reject,reject,reject,expired,,,,True,True,True,True
expired_intent,136,reject,reject,reject,expired,,,,True,True,True,True
expired_intent,137,reject,reject,reject,expired,,,,True,True,True,True
expired_intent,138,reject,reject,reject,expired,,,,True,True,True,True
expired_intent,139,reject,reject,reject,expired,,,,True,True,True,True
expired_intent,140,reject,reject,reject,expired,,,,True,True,True,True
expired_intent,141,reject,reject,reject,expired,,,,True,True,True,True
expired_intent,142,reject,reject,reject,expired,,,,True,True,True,True
expired_intent,143,reject,reject,reject,expired,,,,True,True,True,True
expired_intent,144,reject,reject,reject,expired,,,,True,True,True,True
expired_intent,145,reject,reject,reject,expired,,,,True,True,True,True
expired_intent,146,reject,reject,reject,expired,,,,True,True,True,True
expired_intent,147,reject,reject,reject,expired,,,,True,True,True,True
expired_intent,148,reject,reject,reject,expired,,,,True,True,True,True
expired_intent,149,reject,reject,reject,expired,,,,True,True,True,True
expired_intent,150,reject,reject,reject,expired,,,,True,True,True,True
expired_intent,151,reject,reject,reject,expired,,,,True,True,True,True
expired_intent,152,reject,reject,reject,expired,,,,True,True,True,True
expired_intent,153,reject,reject,reject,expired,,,,True,True,True,True
expired_intent,154,reject,reject,reject,expired,,,,True,True,True,True
expired_intent,155,reject,reject,reject,expired,,,,True,True,True,True
expired_intent,156,reject,reject,reject,expired,,,,True,True,True,True
expired_intent,157,reject,reject,reject,expired,,,,True,True,True,True
expired_intent,158,reject,reject,reject,expired,,,,True,True,True,True
expired_intent,159,reject,reject,reject,expired,,,,True,True,True,True
expired_intent,160,reject,reject,reject,expired,,,,True,True,True,True
expired_intent,161,reject,reject,reject,expired,,,,True,True,True,True
expired_intent,162,reject,reject,reject,expired,,,,True,True,True,True
expired_intent,163,reject,reject,reject,expired,,,,True,True,True,True
expired_intent,164,reject,reject,reject,expired,,,,True,True,True,True
expired_intent,165,reject,reject,reject,expired,,,,True,True,True,True
expired_intent,166,reject,reject,reject,expired,,,,True,True,True,True
expired_intent,167,reject,reject,reject,expired,,,,True,True,True,True
expired_intent,168,reject,reject,reject,expired,,,,True,True,True,True
expired_intent,169,reject,reject,reject,expired,,,,True,True,True,True
expired_intent,170,reject,reject,reject,expired,,,,True,True,True,True
expired_intent,171,reject,reject,reject,expired,,,,True,True,True,True
expired_intent,172,reject,reject,reject,expired,,,,True,True,True,True
expired_intent,173,reject,reject,reject,expired,,,,True,True,True,True
expired_intent,174,reject,reject,reject,expired,,,,True,True,True,True
expired_intent,175,reject,reject,reject,expired,,,,True,True,True,True
expired_intent,176,reject,reject,reject,expired,,,,True,True,True,True
expired_intent,177,reject,reject,reject,expired,,,,True,True,True,True
expired_intent,178,reject,reject,reject,expired,,,,True,True,True,True
expired_intent,179,reject,reject,reject,expired,,,,True,True,True,True
expired_intent,180,reject,reject,reject,expired,,,,True,True,True,True
expired_intent,181,reject,reject,reject,expired,,,,True,True,True,True
expired_intent,182,reject,reject,reject,expired,,,,True,True,True,True
expired_intent,183,reject,reject,reject,expired,,,,True,True,True,True
expired_intent,184,reject,reject,reject,expired,,,,True,True,True,True
expired_intent,185,reject,reject,reject,expired,,,,True,True,True,True
expired_intent,186,reject,reject,reject,expired,,,,True,True,True,True
expired_intent,187,reject,reject,reject,expired,,,,True,True,True,True
expired_intent,188,reject,reject,reject,expired,,,,True,True,True,True
expired_intent,189,reject,reject,reject,expired,,,,True,True,True,True
expired_intent,190,reject,reject,reject,expired,,,,True,True,True,True
expired_intent,191,reject,reject,reject,expired,,,,True,True,True,True
expired_intent,192,reject,reject,reject,expired,,,,True,True,True,True
expired_intent,193,reject,reject,reject,expired,,,,True,True,True,True
expired_intent,194,reject,reject,reject,expired,,,,True,True,True,True
expired_intent,195,reject,reject,reject,expired,,,,True,True,True,True
expired_intent,196,reject,reject,reject,expired,,,,True,True,True,True
expired_intent,197,reject,reject,reject,expired,,,,True,True,True,True
expired_intent,198,reject,reject,reject,expired,,,,True,True,True,True
expired_intent,199,reject,reject,reject,expired,,,,True,True,True,True
expired_intent,200,reject,reject,reject,expired,,,,True,True,True,True
nonce_reuse,1,reject,reject,reject,proof_consumed,,,,True,True,True,True
nonce_reuse,2,reject,reject,reject,proof_consumed,,,,True,True,True,True
nonce_reuse,3,reject,reject,reject,proof_consumed,,,,True,True,True,True
nonce_reuse,4,reject,reject,reject,proof_consumed,,,,True,True,True,True
nonce_reuse,5,reject,reject,reject,proof_consumed,,,,True,True,True,True
nonce_reuse,6,reject,reject,reject,proof_consumed,,,,True,True,True,True
nonce_reuse,7,reject,reject,reject,proof_consumed,,,,True,True,True,True
nonce_reuse,8,reject,reject,reject,proof_consumed,,,,True,True,True,True
nonce_reuse,9,reject,reject,reject,proof_consumed,,,,True,True,True,True
nonce_reuse,10,reject,reject,reject,proof_consumed,,,,True,True,True,True
nonce_reuse,11,reject,reject,reject,proof_consumed,,,,True,True,True,True
nonce_reuse,12,reject,reject,reject,proof_consumed,,,,True,True,True,True
nonce_reuse,13,reject,reject,reject,proof_consumed,,,,True,True,True,True
nonce_reuse,14,reject,reject,reject,proof_consumed,,,,True,True,True,True
nonce_reuse,15,reject,reject,reject,proof_consumed,,,,True,True,True,True
nonce_reuse,16,reject,reject,reject,proof_consumed,,,,True,True,True,True
nonce_reuse,17,reject,reject,reject,proof_consumed,,,,True,True,True,True
nonce_reuse,18,reject,reject,reject,proof_consumed,,,,True,True,True,True
nonce_reuse,19,reject,reject,reject,proof_consumed,,,,True,True,True,True
nonce_reuse,20,reject,reject,reject,proof_consumed,,,,True,True,True,True
nonce_reuse,21,reject,reject,reject,proof_consumed,,,,True,True,True,True
nonce_reuse,22,reject,reject,reject,proof_consumed,,,,True,True,True,True
nonce_reuse,23,reject,reject,reject,proof_consumed,,,,True,True,True,True
nonce_reuse,24,reject,reject,reject,proof_consumed,,,,True,True,True,True
nonce_reuse,25,reject,reject,reject,proof_consumed,,,,True,True,True,True
nonce_reuse,26,reject,reject,reject,proof_consumed,,,,True,True,True,True
nonce_reuse,27,reject,reject,reject,proof_consumed,,,,True,True,True,True
nonce_reuse,28,reject,reject,reject,proof_consumed,,,,True,True,True,True
nonce_reuse,29,reject,reject,reject,proof_consumed,,,,True,True,True,True
nonce_reuse,30,reject,reject,reject,proof_consumed,,,,True,True,True,True
nonce_reuse,31,reject,reject,reject,proof_consumed,,,,True,True,True,True
nonce_reuse,32,reject,reject,reject,proof_consumed,,,,True,True,True,True
nonce_reuse,33,reject,reject,reject,proof_consumed,,,,True,True,True,True
nonce_reuse,34,reject,reject,reject,proof_consumed,,,,True,True,True,True
nonce_reuse,35,reject,reject,reject,proof_consumed,,,,True,True,True,True
nonce_reuse,36,reject,reject,reject,proof_consumed,,,,True,True,True,True
nonce_reuse,37,reject,reject,reject,proof_consumed,,,,True,True,True,True
nonce_reuse,38,reject,reject,reject,proof_consumed,,,,True,True,True,True
nonce_reuse,39,reject,reject,reject,proof_consumed,,,,True,True,True,True
nonce_reuse,40,reject,reject,reject,proof_consumed,,,,True,True,True,True
nonce_reuse,41,reject,reject,reject,proof_consumed,,,,True,True,True,True
nonce_reuse,42,reject,reject,reject,proof_consumed,,,,True,True,True,True
nonce_reuse,43,reject,reject,reject,proof_consumed,,,,True,True,True,True
nonce_reuse,44,reject,reject,reject,proof_consumed,,,,True,True,True,True
nonce_reuse,45,reject,reject,reject,proof_consumed,,,,True,True,True,True
nonce_reuse,46,reject,reject,reject,proof_consumed,,,,True,True,True,True
nonce_reuse,47,reject,reject,reject,proof_consumed,,,,True,True,True,True
nonce_reuse,48,reject,reject,reject,proof_consumed,,,,True,True,True,True
nonce_reuse,49,reject,reject,reject,proof_consumed,,,,True,True,True,True
nonce_reuse,50,reject,reject,reject,proof_consumed,,,,True,True,True,True
nonce_reuse,51,reject,reject,reject,proof_consumed,,,,True,True,True,True
nonce_reuse,52,reject,reject,reject,proof_consumed,,,,True,True,True,True
nonce_reuse,53,reject,reject,reject,proof_consumed,,,,True,True,True,True
nonce_reuse,54,reject,reject,reject,proof_consumed,,,,True,True,True,True
nonce_reuse,55,reject,reject,reject,proof_consumed,,,,True,True,True,True
nonce_reuse,56,reject,reject,reject,proof_consumed,,,,True,True,True,True
nonce_reuse,57,reject,reject,reject,proof_consumed,,,,True,True,True,True
nonce_reuse,58,reject,reject,reject,proof_consumed,,,,True,True,True,True
nonce_reuse,59,reject,reject,reject,proof_consumed,,,,True,True,True,True
nonce_reuse,60,reject,reject,reject,proof_consumed,,,,True,True,True,True
nonce_reuse,61,reject,reject,reject,proof_consumed,,,,True,True,True,True
nonce_reuse,62,reject,reject,reject,proof_consumed,,,,True,True,True,True
nonce_reuse,63,reject,reject,reject,proof_consumed,,,,True,True,True,True
nonce_reuse,64,reject,reject,reject,proof_consumed,,,,True,True,True,True
nonce_reuse,65,reject,reject,reject,proof_consumed,,,,True,True,True,True
nonce_reuse,66,reject,reject,reject,proof_consumed,,,,True,True,True,True
nonce_reuse,67,reject,reject,reject,proof_consumed,,,,True,True,True,True
nonce_reuse,68,reject,reject,reject,proof_consumed,,,,True,True,True,True
nonce_reuse,69,reject,reject,reject,proof_consumed,,,,True,True,True,True
nonce_reuse,70,reject,reject,reject,proof_consumed,,,,True,True,True,True
nonce_reuse,71,reject,reject,reject,proof_consumed,,,,True,True,True,True
nonce_reuse,72,reject,reject,reject,proof_consumed,,,,True,True,True,True
nonce_reuse,73,reject,reject,reject,proof_consumed,,,,True,True,True,True
nonce_reuse,74,reject,reject,reject,proof_consumed,,,,True,True,True,True
nonce_reuse,75,reject,reject,reject,proof_consumed,,,,True,True,True,True
nonce_reuse,76,reject,reject,reject,proof_consumed,,,,True,True,True,True
nonce_reuse,77,reject,reject,reject,proof_consumed,,,,True,True,True,True
nonce_reuse,78,reject,reject,reject,proof_consumed,,,,True,True,True,True
nonce_reuse,79,reject,reject,reject,proof_consumed,,,,True,True,True,True
nonce_reuse,80,reject,reject,reject,proof_consumed,,,,True,True,True,True
nonce_reuse,81,reject,reject,reject,proof_consumed,,,,True,True,True,True
nonce_reuse,82,reject,reject,reject,proof_consumed,,,,True,True,True,True
nonce_reuse,83,reject,reject,reject,proof_consumed,,,,True,True,True,True
nonce_reuse,84,reject,reject,reject,proof_consumed,,,,True,True,True,True
nonce_reuse,85,reject,reject,reject,proof_consumed,,,,True,True,True,True
nonce_reuse,86,reject,reject,reject,proof_consumed,,,,True,True,True,True
nonce_reuse,87,reject,reject,reject,proof_consumed,,,,True,True,True,True
nonce_reuse,88,reject,reject,reject,proof_consumed,,,,True,True,True,True
nonce_reuse,89,reject,reject,reject,proof_consumed,,,,True,True,True,True
nonce_reuse,90,reject,reject,reject,proof_consumed,,,,True,True,True,True
nonce_reuse,91,reject,reject,reject,proof_consumed,,,,True,True,True,True
nonce_reuse,92,reject,reject,reject,proof_consumed,,,,True,True,True,True
nonce_reuse,93,reject,reject,reject,proof_consumed,,,,True,True,True,True
nonce_reuse,94,reject,reject,reject,proof_consumed,,,,True,True,True,True
nonce_reuse,95,reject,reject,reject,proof_consumed,,,,True,True,True,True
nonce_reuse,96,reject,reject,reject,proof_consumed,,,,True,True,True,True
nonce_reuse,97,reject,reject,reject,proof_consumed,,,,True,True,True,True
nonce_reuse,98,reject,reject,reject,proof_consumed,,,,True,True,True,True
nonce_reuse,99,reject,reject,reject,proof_consumed,,,,True,True,True,True
nonce_reuse,100,reject,reject,reject,proof_consumed,,,,True,True,True,True
nonce_reuse,101,reject,reject,reject,proof_consumed,,,,True,True,True,True
nonce_reuse,102,reject,reject,reject,proof_consumed,,,,True,True,True,True
nonce_reuse,103,reject,reject,reject,proof_consumed,,,,True,True,True,True
nonce_reuse,104,reject,reject,reject,proof_consumed,,,,True,True,True,True
nonce_reuse,105,reject,reject,reject,proof_consumed,,,,True,True,True,True
nonce_reuse,106,reject,reject,reject,proof_consumed,,,,True,True,True,True
nonce_reuse,107,reject,reject,reject,proof_consumed,,,,True,True,True,True
nonce_reuse,108,reject,reject,reject,proof_consumed,,,,True,True,True,True
nonce_reuse,109,reject,reject,reject,proof_consumed,,,,True,True,True,True
nonce_reuse,110,reject,reject,reject,proof_consumed,,,,True,True,True,True
nonce_reuse,111,reject,reject,reject,proof_consumed,,,,True,True,True,True
nonce_reuse,112,reject,reject,reject,proof_consumed,,,,True,True,True,True
nonce_reuse,113,reject,reject,reject,proof_consumed,,,,True,True,True,True
nonce_reuse,114,reject,reject,reject,proof_consumed,,,,True,True,True,True
nonce_reuse,115,reject,reject,reject,proof_consumed,,,,True,True,True,True
nonce_reuse,116,reject,reject,reject,proof_consumed,,,,True,True,True,True
nonce_reuse,117,reject,reject,reject,proof_consumed,,,,True,True,True,True
nonce_reuse,118,reject,reject,reject,proof_consumed,,,,True,True,True,True
nonce_reuse,119,reject,reject,reject,proof_consumed,,,,True,True,True,True
nonce_reuse,120,reject,reject,reject,proof_consumed,,,,True,True,True,True
nonce_reuse,121,reject,reject,reject,proof_consumed,,,,True,True,True,True
nonce_reuse,122,reject,reject,reject,proof_consumed,,,,True,True,True,True
nonce_reuse,123,reject,reject,reject,proof_consumed,,,,True,True,True,True
nonce_reuse,124,reject,reject,reject,proof_consumed,,,,True,True,True,True
nonce_reuse,125,reject,reject,reject,proof_consumed,,,,True,True,True,True
nonce_reuse,126,reject,reject,reject,proof_consumed,,,,True,True,True,True
nonce_reuse,127,reject,reject,reject,proof_consumed,,,,True,True,True,True
nonce_reuse,128,reject,reject,reject,proof_consumed,,,,True,True,True,True
nonce_reuse,129,reject,reject,reject,proof_consumed,,,,True,True,True,True
nonce_reuse,130,reject,reject,reject,proof_consumed,,,,True,True,True,True
nonce_reuse,131,reject,reject,reject,proof_consumed,,,,True,True,True,True
nonce_reuse,132,reject,reject,reject,proof_consumed,,,,True,True,True,True
nonce_reuse,133,reject,reject,reject,proof_consumed,,,,True,True,True,True
nonce_reuse,134,reject,reject,reject,proof_consumed,,,,True,True,True,True
nonce_reuse,135,reject,reject,reject,proof_consumed,,,,True,True,True,True
nonce_reuse,136,reject,reject,reject,proof_consumed,,,,True,True,True,True
nonce_reuse,137,reject,reject,reject,proof_consumed,,,,True,True,True,True
nonce_reuse,138,reject,reject,reject,proof_consumed,,,,True,True,True,True
nonce_reuse,139,reject,reject,reject,proof_consumed,,,,True,True,True,True
nonce_reuse,140,reject,reject,reject,proof_consumed,,,,True,True,True,True
nonce_reuse,141,reject,reject,reject,proof_consumed,,,,True,True,True,True
nonce_reuse,142,reject,reject,reject,proof_consumed,,,,True,True,True,True
nonce_reuse,143,reject,reject,reject,proof_consumed,,,,True,True,True,True
nonce_reuse,144,reject,reject,reject,proof_consumed,,,,True,True,True,True
nonce_reuse,145,reject,reject,reject,proof_consumed,,,,True,True,True,True
nonce_reuse,146,reject,reject,reject,proof_consumed,,,,True,True,True,True
nonce_reuse,147,reject,reject,reject,proof_consumed,,,,True,True,True,True
nonce_reuse,148,reject,reject,reject,proof_consumed,,,,True,True,True,True
nonce_reuse,149,reject,reject,reject,proof_consumed,,,,True,True,True,True
nonce_reuse,150,reject,reject,reject,proof_consumed,,,,True,True,True,True
nonce_reuse,151,reject,reject,reject,proof_consumed,,,,True,True,True,True
nonce_reuse,152,reject,reject,reject,proof_consumed,,,,True,True,True,True
nonce_reuse,153,reject,reject,reject,proof_consumed,,,,True,True,True,True
nonce_reuse,154,reject,reject,reject,proof_consumed,,,,True,True,True,True
nonce_reuse,155,reject,reject,reject,proof_consumed,,,,True,True,True,True
nonce_reuse,156,reject,reject,reject,proof_consumed,,,,True,True,True,True
nonce_reuse,157,reject,reject,reject,proof_consumed,,,,True,True,True,True
nonce_reuse,158,reject,reject,reject,proof_consumed,,,,True,True,True,True
nonce_reuse,159,reject,reject,reject,proof_consumed,,,,True,True,True,True
nonce_reuse,160,reject,reject,reject,proof_consumed,,,,True,True,True,True
nonce_reuse,161,reject,reject,reject,proof_consumed,,,,True,True,True,True
nonce_reuse,162,reject,reject,reject,proof_consumed,,,,True,True,True,True
nonce_reuse,163,reject,reject,reject,proof_consumed,,,,True,True,True,True
nonce_reuse,164,reject,reject,reject,proof_consumed,,,,True,True,True,True
nonce_reuse,165,reject,reject,reject,proof_consumed,,,,True,True,True,True
nonce_reuse,166,reject,reject,reject,proof_consumed,,,,True,True,True,True
nonce_reuse,167,reject,reject,reject,proof_consumed,,,,True,True,True,True
nonce_reuse,168,reject,reject,reject,proof_consumed,,,,True,True,True,True
nonce_reuse,169,reject,reject,reject,proof_consumed,,,,True,True,True,True
nonce_reuse,170,reject,reject,reject,proof_consumed,,,,True,True,True,True
nonce_reuse,171,reject,reject,reject,proof_consumed,,,,True,True,True,True
nonce_reuse,172,reject,reject,reject,proof_consumed,,,,True,True,True,True
nonce_reuse,173,reject,reject,reject,proof_consumed,,,,True,True,True,True
nonce_reuse,174,reject,reject,reject,proof_consumed,,,,True,True,True,True
nonce_reuse,175,reject,reject,reject,proof_consumed,,,,True,True,True,True
nonce_reuse,176,reject,reject,reject,proof_consumed,,,,True,True,True,True
nonce_reuse,177,reject,reject,reject,proof_consumed,,,,True,True,True,True
nonce_reuse,178,reject,reject,reject,proof_consumed,,,,True,True,True,True
nonce_reuse,179,reject,reject,reject,proof_consumed,,,,True,True,True,True
nonce_reuse,180,reject,reject,reject,proof_consumed,,,,True,True,True,True
nonce_reuse,181,reject,reject,reject,proof_consumed,,,,True,True,True,True
nonce_reuse,182,reject,reject,reject,proof_consumed,,,,True,True,True,True
nonce_reuse,183,reject,reject,reject,proof_consumed,,,,True,True,True,True
nonce_reuse,184,reject,reject,reject,proof_consumed,,,,True,True,True,True
nonce_reuse,185,reject,reject,reject,proof_consumed,,,,True,True,True,True
nonce_reuse,186,reject,reject,reject,proof_consumed,,,,True,True,True,True
nonce_reuse,187,reject,reject,reject,proof_consumed,,,,True,True,True,True
nonce_reuse,188,reject,reject,reject,proof_consumed,,,,True,True,True,True
nonce_reuse,189,reject,reject,reject,proof_consumed,,,,True,True,True,True
nonce_reuse,190,reject,reject,reject,proof_consumed,,,,True,True,True,True
nonce_reuse,191,reject,reject,reject,proof_consumed,,,,True,True,True,True
nonce_reuse,192,reject,reject,reject,proof_consumed,,,,True,True,True,True
nonce_reuse,193,reject,reject,reject,proof_consumed,,,,True,True,True,True
nonce_reuse,194,reject,reject,reject,proof_consumed,,,,True,True,True,True
nonce_reuse,195,reject,reject,reject,proof_consumed,,,,True,True,True,True
nonce_reuse,196,reject,reject,reject,proof_consumed,,,,True,True,True,True
nonce_reuse,197,reject,reject,reject,proof_consumed,,,,True,True,True,True
nonce_reuse,198,reject,reject,reject,proof_consumed,,,,True,True,True,True
nonce_reuse,199,reject,reject,reject,proof_consumed,,,,True,True,True,True
nonce_reuse,200,reject,reject,reject,proof_consumed,,,,True,True,True,True
malformed_serialization,1,reject,reject,reject,exception:TypeError,TypeError: intent object keys must be strings,non_string_key,,,,True,True
malformed_serialization,2,reject,reject,reject,exception:ValueError,ValueError: intent numbers must be finite,non_finite_float,,,,True,True
malformed_serialization,3,reject,reject,reject,exception:ValueError,ValueError: intent contains keys that collide after Unicode normalization,nfc_key_collision,,,,True,True
malformed_serialization,4,reject,reject,reject,exception:TypeError,TypeError: intent object keys must be strings,non_string_key,,,,True,True
malformed_serialization,5,reject,reject,reject,exception:ValueError,ValueError: intent contains keys that collide after Unicode normalization,nfc_key_collision,,,,True,True
malformed_serialization,6,reject,reject,reject,exception:TypeError,TypeError: unsupported intent value type: bytes,unsupported_type,,,,True,True
malformed_serialization,7,reject,reject,reject,exception:TypeError,TypeError: unsupported intent value type: bytes,unsupported_type,,,,True,True
malformed_serialization,8,reject,reject,reject,exception:TypeError,TypeError: unsupported intent value type: bytes,unsupported_type,,,,True,True
malformed_serialization,9,reject,reject,reject,exception:TypeError,TypeError: unsupported intent value type: bytes,unsupported_type,,,,True,True
malformed_serialization,10,reject,reject,reject,exception:TypeError,TypeError: intent object keys must be strings,non_string_key,,,,True,True
malformed_serialization,11,reject,reject,reject,exception:TypeError,TypeError: unsupported intent value type: bytes,unsupported_type,,,,True,True
malformed_serialization,12,reject,reject,reject,exception:ValueError,ValueError: intent numbers must be finite,non_finite_float,,,,True,True
malformed_serialization,13,reject,reject,reject,exception:TypeError,TypeError: intent object keys must be strings,non_string_key,,,,True,True
malformed_serialization,14,reject,reject,reject,exception:ValueError,ValueError: intent contains keys that collide after Unicode normalization,nfc_key_collision,,,,True,True
malformed_serialization,15,reject,reject,reject,exception:ValueError,ValueError: intent contains keys that collide after Unicode normalization,nfc_key_collision,,,,True,True
malformed_serialization,16,reject,reject,reject,exception:TypeError,TypeError: intent object keys must be strings,non_string_key,,,,True,True
malformed_serialization,17,reject,reject,reject,exception:ValueError,ValueError: intent numbers must be finite,non_finite_float,,,,True,True
malformed_serialization,18,reject,reject,reject,exception:ValueError,ValueError: intent contains keys that collide after Unicode normalization,nfc_key_collision,,,,True,True
malformed_serialization,19,reject,reject,reject,exception:TypeError,TypeError: unsupported intent value type: bytes,unsupported_type,,,,True,True
malformed_serialization,20,reject,reject,reject,exception:ValueError,ValueError: intent numbers must be finite,non_finite_float,,,,True,True
malformed_serialization,21,reject,reject,reject,exception:ValueError,ValueError: intent contains keys that collide after Unicode normalization,nfc_key_collision,,,,True,True
malformed_serialization,22,reject,reject,reject,exception:ValueError,ValueError: intent contains keys that collide after Unicode normalization,nfc_key_collision,,,,True,True
malformed_serialization,23,reject,reject,reject,exception:TypeError,TypeError: intent object keys must be strings,non_string_key,,,,True,True
malformed_serialization,24,reject,reject,reject,exception:TypeError,TypeError: unsupported intent value type: bytes,unsupported_type,,,,True,True
malformed_serialization,25,reject,reject,reject,exception:TypeError,TypeError: intent object keys must be strings,non_string_key,,,,True,True
malformed_serialization,26,reject,reject,reject,exception:ValueError,ValueError: intent numbers must be finite,non_finite_float,,,,True,True
malformed_serialization,27,reject,reject,reject,exception:TypeError,TypeError: intent object keys must be strings,non_string_key,,,,True,True
malformed_serialization,28,reject,reject,reject,exception:TypeError,TypeError: unsupported intent value type: bytes,unsupported_type,,,,True,True
malformed_serialization,29,reject,reject,reject,exception:ValueError,ValueError: intent contains keys that collide after Unicode normalization,nfc_key_collision,,,,True,True
malformed_serialization,30,reject,reject,reject,exception:TypeError,TypeError: intent object keys must be strings,non_string_key,,,,True,True
malformed_serialization,31,reject,reject,reject,exception:TypeError,TypeError: intent object keys must be strings,non_string_key,,,,True,True
malformed_serialization,32,reject,reject,reject,exception:TypeError,TypeError: intent object keys must be strings,non_string_key,,,,True,True
malformed_serialization,33,reject,reject,reject,exception:TypeError,TypeError: intent object keys must be strings,non_string_key,,,,True,True
malformed_serialization,34,reject,reject,reject,exception:TypeError,TypeError: unsupported intent value type: bytes,unsupported_type,,,,True,True
malformed_serialization,35,reject,reject,reject,exception:ValueError,ValueError: intent contains keys that collide after Unicode normalization,nfc_key_collision,,,,True,True
malformed_serialization,36,reject,reject,reject,exception:ValueError,ValueError: intent numbers must be finite,non_finite_float,,,,True,True
malformed_serialization,37,reject,reject,reject,exception:ValueError,ValueError: intent contains keys that collide after Unicode normalization,nfc_key_collision,,,,True,True
malformed_serialization,38,reject,reject,reject,exception:ValueError,ValueError: intent contains keys that collide after Unicode normalization,nfc_key_collision,,,,True,True
malformed_serialization,39,reject,reject,reject,exception:TypeError,TypeError: intent object keys must be strings,non_string_key,,,,True,True
malformed_serialization,40,reject,reject,reject,exception:TypeError,TypeError: unsupported intent value type: bytes,unsupported_type,,,,True,True
malformed_serialization,41,reject,reject,reject,exception:ValueError,ValueError: intent numbers must be finite,non_finite_float,,,,True,True
malformed_serialization,42,reject,reject,reject,exception:ValueError,ValueError: intent numbers must be finite,non_finite_float,,,,True,True
malformed_serialization,43,reject,reject,reject,exception:TypeError,TypeError: intent object keys must be strings,non_string_key,,,,True,True
malformed_serialization,44,reject,reject,reject,exception:ValueError,ValueError: intent contains keys that collide after Unicode normalization,nfc_key_collision,,,,True,True
malformed_serialization,45,reject,reject,reject,exception:ValueError,ValueError: intent contains keys that collide after Unicode normalization,nfc_key_collision,,,,True,True
malformed_serialization,46,reject,reject,reject,exception:ValueError,ValueError: intent contains keys that collide after Unicode normalization,nfc_key_collision,,,,True,True
malformed_serialization,47,reject,reject,reject,exception:TypeError,TypeError: unsupported intent value type: bytes,unsupported_type,,,,True,True
malformed_serialization,48,reject,reject,reject,exception:ValueError,ValueError: intent numbers must be finite,non_finite_float,,,,True,True
malformed_serialization,49,reject,reject,reject,exception:TypeError,TypeError: unsupported intent value type: bytes,unsupported_type,,,,True,True
malformed_serialization,50,reject,reject,reject,exception:ValueError,ValueError: intent contains keys that collide after Unicode normalization,nfc_key_collision,,,,True,True
malformed_serialization,51,reject,reject,reject,exception:ValueError,ValueError: intent numbers must be finite,non_finite_float,,,,True,True
malformed_serialization,52,reject,reject,reject,exception:TypeError,TypeError: intent object keys must be strings,non_string_key,,,,True,True
malformed_serialization,53,reject,reject,reject,exception:TypeError,TypeError: unsupported intent value type: bytes,unsupported_type,,,,True,True
malformed_serialization,54,reject,reject,reject,exception:ValueError,ValueError: intent contains keys that collide after Unicode normalization,nfc_key_collision,,,,True,True
malformed_serialization,55,reject,reject,reject,exception:TypeError,TypeError: unsupported intent value type: bytes,unsupported_type,,,,True,True
malformed_serialization,56,reject,reject,reject,exception:TypeError,TypeError: intent object keys must be strings,non_string_key,,,,True,True
malformed_serialization,57,reject,reject,reject,exception:TypeError,TypeError: intent object keys must be strings,non_string_key,,,,True,True
malformed_serialization,58,reject,reject,reject,exception:TypeError,TypeError: intent object keys must be strings,non_string_key,,,,True,True
malformed_serialization,59,reject,reject,reject,exception:TypeError,TypeError: unsupported intent value type: bytes,unsupported_type,,,,True,True
malformed_serialization,60,reject,reject,reject,exception:TypeError,TypeError: unsupported intent value type: bytes,unsupported_type,,,,True,True
malformed_serialization,61,reject,reject,reject,exception:ValueError,ValueError: intent contains keys that collide after Unicode normalization,nfc_key_collision,,,,True,True
malformed_serialization,62,reject,reject,reject,exception:ValueError,ValueError: intent contains keys that collide after Unicode normalization,nfc_key_collision,,,,True,True
malformed_serialization,63,reject,reject,reject,exception:ValueError,ValueError: intent numbers must be finite,non_finite_float,,,,True,True
malformed_serialization,64,reject,reject,reject,exception:TypeError,TypeError: intent object keys must be strings,non_string_key,,,,True,True
malformed_serialization,65,reject,reject,reject,exception:TypeError,TypeError: unsupported intent value type: bytes,unsupported_type,,,,True,True
malformed_serialization,66,reject,reject,reject,exception:ValueError,ValueError: intent numbers must be finite,non_finite_float,,,,True,True
malformed_serialization,67,reject,reject,reject,exception:ValueError,ValueError: intent numbers must be finite,non_finite_float,,,,True,True
malformed_serialization,68,reject,reject,reject,exception:TypeError,TypeError: intent object keys must be strings,non_string_key,,,,True,True
malformed_serialization,69,reject,reject,reject,exception:TypeError,TypeError: unsupported intent value type: bytes,unsupported_type,,,,True,True
malformed_serialization,70,reject,reject,reject,exception:ValueError,ValueError: intent contains keys that collide after Unicode normalization,nfc_key_collision,,,,True,True
malformed_serialization,71,reject,reject,reject,exception:ValueError,ValueError: intent numbers must be finite,non_finite_float,,,,True,True
malformed_serialization,72,reject,reject,reject,exception:TypeError,TypeError: intent object keys must be strings,non_string_key,,,,True,True
malformed_serialization,73,reject,reject,reject,exception:TypeError,TypeError: intent object keys must be strings,non_string_key,,,,True,True
malformed_serialization,74,reject,reject,reject,exception:TypeError,TypeError: intent object keys must be strings,non_string_key,,,,True,True
malformed_serialization,75,reject,reject,reject,exception:TypeError,TypeError: unsupported intent value type: bytes,unsupported_type,,,,True,True
malformed_serialization,76,reject,reject,reject,exception:ValueError,ValueError: intent numbers must be finite,non_finite_float,,,,True,True
malformed_serialization,77,reject,reject,reject,exception:TypeError,TypeError: unsupported intent value type: bytes,unsupported_type,,,,True,True
malformed_serialization,78,reject,reject,reject,exception:ValueError,ValueError: intent numbers must be finite,non_finite_float,,,,True,True
malformed_serialization,79,reject,reject,reject,exception:TypeError,TypeError: intent object keys must be strings,non_string_key,,,,True,True
malformed_serialization,80,reject,reject,reject,exception:TypeError,TypeError: unsupported intent value type: bytes,unsupported_type,,,,True,True
malformed_serialization,81,reject,reject,reject,exception:ValueError,ValueError: intent contains keys that collide after Unicode normalization,nfc_key_collision,,,,True,True
malformed_serialization,82,reject,reject,reject,exception:ValueError,ValueError: intent contains keys that collide after Unicode normalization,nfc_key_collision,,,,True,True
malformed_serialization,83,reject,reject,reject,exception:ValueError,ValueError: intent numbers must be finite,non_finite_float,,,,True,True
malformed_serialization,84,reject,reject,reject,exception:TypeError,TypeError: intent object keys must be strings,non_string_key,,,,True,True
malformed_serialization,85,reject,reject,reject,exception:TypeError,TypeError: unsupported intent value type: bytes,unsupported_type,,,,True,True
malformed_serialization,86,reject,reject,reject,exception:TypeError,TypeError: intent object keys must be strings,non_string_key,,,,True,True
malformed_serialization,87,reject,reject,reject,exception:TypeError,TypeError: intent object keys must be strings,non_string_key,,,,True,True
malformed_serialization,88,reject,reject,reject,exception:TypeError,TypeError: intent object keys must be strings,non_string_key,,,,True,True
malformed_serialization,89,reject,reject,reject,exception:ValueError,ValueError: intent contains keys that collide after Unicode normalization,nfc_key_collision,,,,True,True
malformed_serialization,90,reject,reject,reject,exception:TypeError,TypeError: unsupported intent value type: bytes,unsupported_type,,,,True,True
malformed_serialization,91,reject,reject,reject,exception:ValueError,ValueError: intent contains keys that collide after Unicode normalization,nfc_key_collision,,,,True,True
malformed_serialization,92,reject,reject,reject,exception:ValueError,ValueError: intent numbers must be finite,non_finite_float,,,,True,True
malformed_serialization,93,reject,reject,reject,exception:ValueError,ValueError: intent contains keys that collide after Unicode normalization,nfc_key_collision,,,,True,True
malformed_serialization,94,reject,reject,reject,exception:ValueError,ValueError: intent contains keys that collide after Unicode normalization,nfc_key_collision,,,,True,True
malformed_serialization,95,reject,reject,reject,exception:ValueError,ValueError: intent numbers must be finite,non_finite_float,,,,True,True
malformed_serialization,96,reject,reject,reject,exception:ValueError,ValueError: intent numbers must be finite,non_finite_float,,,,True,True
malformed_serialization,97,reject,reject,reject,exception:ValueError,ValueError: intent contains keys that collide after Unicode normalization,nfc_key_collision,,,,True,True
malformed_serialization,98,reject,reject,reject,exception:TypeError,TypeError: intent object keys must be strings,non_string_key,,,,True,True
malformed_serialization,99,reject,reject,reject,exception:TypeError,TypeError: unsupported intent value type: bytes,unsupported_type,,,,True,True
malformed_serialization,100,reject,reject,reject,exception:TypeError,TypeError: intent object keys must be strings,non_string_key,,,,True,True
malformed_serialization,101,reject,reject,reject,exception:ValueError,ValueError: intent contains keys that collide after Unicode normalization,nfc_key_collision,,,,True,True
malformed_serialization,102,reject,reject,reject,exception:ValueError,ValueError: intent contains keys that collide after Unicode normalization,nfc_key_collision,,,,True,True
malformed_serialization,103,reject,reject,reject,exception:TypeError,TypeError: intent object keys must be strings,non_string_key,,,,True,True
malformed_serialization,104,reject,reject,reject,exception:ValueError,ValueError: intent numbers must be finite,non_finite_float,,,,True,True
malformed_serialization,105,reject,reject,reject,exception:TypeError,TypeError: intent object keys must be strings,non_string_key,,,,True,True
malformed_serialization,106,reject,reject,reject,exception:TypeError,TypeError: unsupported intent value type: bytes,unsupported_type,,,,True,True
malformed_serialization,107,reject,reject,reject,exception:TypeError,TypeError: intent object keys must be strings,non_string_key,,,,True,True
malformed_serialization,108,reject,reject,reject,exception:ValueError,ValueError: intent contains keys that collide after Unicode normalization,nfc_key_collision,,,,True,True
malformed_serialization,109,reject,reject,reject,exception:ValueError,ValueError: intent numbers must be finite,non_finite_float,,,,True,True
malformed_serialization,110,reject,reject,reject,exception:ValueError,ValueError: intent numbers must be finite,non_finite_float,,,,True,True
malformed_serialization,111,reject,reject,reject,exception:ValueError,ValueError: intent numbers must be finite,non_finite_float,,,,True,True
malformed_serialization,112,reject,reject,reject,exception:TypeError,TypeError: unsupported intent value type: bytes,unsupported_type,,,,True,True
malformed_serialization,113,reject,reject,reject,exception:ValueError,ValueError: intent numbers must be finite,non_finite_float,,,,True,True
malformed_serialization,114,reject,reject,reject,exception:ValueError,ValueError: intent contains keys that collide after Unicode normalization,nfc_key_collision,,,,True,True
malformed_serialization,115,reject,reject,reject,exception:TypeError,TypeError: intent object keys must be strings,non_string_key,,,,True,True
malformed_serialization,116,reject,reject,reject,exception:ValueError,ValueError: intent numbers must be finite,non_finite_float,,,,True,True
malformed_serialization,117,reject,reject,reject,exception:ValueError,ValueError: intent contains keys that collide after Unicode normalization,nfc_key_collision,,,,True,True
malformed_serialization,118,reject,reject,reject,exception:ValueError,ValueError: intent numbers must be finite,non_finite_float,,,,True,True
malformed_serialization,119,reject,reject,reject,exception:TypeError,TypeError: unsupported intent value type: bytes,unsupported_type,,,,True,True
malformed_serialization,120,reject,reject,reject,exception:TypeError,TypeError: intent object keys must be strings,non_string_key,,,,True,True
malformed_serialization,121,reject,reject,reject,exception:ValueError,ValueError: intent numbers must be finite,non_finite_float,,,,True,True
malformed_serialization,122,reject,reject,reject,exception:ValueError,ValueError: intent contains keys that collide after Unicode normalization,nfc_key_collision,,,,True,True
malformed_serialization,123,reject,reject,reject,exception:TypeError,TypeError: unsupported intent value type: bytes,unsupported_type,,,,True,True
malformed_serialization,124,reject,reject,reject,exception:TypeError,TypeError: intent object keys must be strings,non_string_key,,,,True,True
malformed_serialization,125,reject,reject,reject,exception:TypeError,TypeError: intent object keys must be strings,non_string_key,,,,True,True
malformed_serialization,126,reject,reject,reject,exception:ValueError,ValueError: intent contains keys that collide after Unicode normalization,nfc_key_collision,,,,True,True
malformed_serialization,127,reject,reject,reject,exception:ValueError,ValueError: intent contains keys that collide after Unicode normalization,nfc_key_collision,,,,True,True
malformed_serialization,128,reject,reject,reject,exception:ValueError,ValueError: intent contains keys that collide after Unicode normalization,nfc_key_collision,,,,True,True
malformed_serialization,129,reject,reject,reject,exception:TypeError,TypeError: intent object keys must be strings,non_string_key,,,,True,True
malformed_serialization,130,reject,reject,reject,exception:TypeError,TypeError: intent object keys must be strings,non_string_key,,,,True,True
malformed_serialization,131,reject,reject,reject,exception:TypeError,TypeError: intent object keys must be strings,non_string_key,,,,True,True
malformed_serialization,132,reject,reject,reject,exception:TypeError,TypeError: unsupported intent value type: bytes,unsupported_type,,,,True,True
malformed_serialization,133,reject,reject,reject,exception:ValueError,ValueError: intent contains keys that collide after Unicode normalization,nfc_key_collision,,,,True,True
malformed_serialization,134,reject,reject,reject,exception:TypeError,TypeError: intent object keys must be strings,non_string_key,,,,True,True
malformed_serialization,135,reject,reject,reject,exception:TypeError,TypeError: intent object keys must be strings,non_string_key,,,,True,True
malformed_serialization,136,reject,reject,reject,exception:TypeError,TypeError: intent object keys must be strings,non_string_key,,,,True,True
malformed_serialization,137,reject,reject,reject,exception:ValueError,ValueError: intent contains keys that collide after Unicode normalization,nfc_key_collision,,,,True,True
malformed_serialization,138,reject,reject,reject,exception:ValueError,ValueError: intent contains keys that collide after Unicode normalization,nfc_key_collision,,,,True,True
malformed_serialization,139,reject,reject,reject,exception:ValueError,ValueError: intent contains keys that collide after Unicode normalization,nfc_key_collision,,,,True,True
malformed_serialization,140,reject,reject,reject,exception:ValueError,ValueError: intent numbers must be finite,non_finite_float,,,,True,True
malformed_serialization,141,reject,reject,reject,exception:ValueError,ValueError: intent contains keys that collide after Unicode normalization,nfc_key_collision,,,,True,True
malformed_serialization,142,reject,reject,reject,exception:ValueError,ValueError: intent contains keys that collide after Unicode normalization,nfc_key_collision,,,,True,True
malformed_serialization,143,reject,reject,reject,exception:ValueError,ValueError: intent numbers must be finite,non_finite_float,,,,True,True
malformed_serialization,144,reject,reject,reject,exception:ValueError,ValueError: intent numbers must be finite,non_finite_float,,,,True,True
malformed_serialization,145,reject,reject,reject,exception:ValueError,ValueError: intent contains keys that collide after Unicode normalization,nfc_key_collision,,,,True,True
malformed_serialization,146,reject,reject,reject,exception:TypeError,TypeError: intent object keys must be strings,non_string_key,,,,True,True
malformed_serialization,147,reject,reject,reject,exception:TypeError,TypeError: unsupported intent value type: bytes,unsupported_type,,,,True,True
malformed_serialization,148,reject,reject,reject,exception:TypeError,TypeError: unsupported intent value type: bytes,unsupported_type,,,,True,True
malformed_serialization,149,reject,reject,reject,exception:ValueError,ValueError: intent numbers must be finite,non_finite_float,,,,True,True
malformed_serialization,150,reject,reject,reject,exception:TypeError,TypeError: unsupported intent value type: bytes,unsupported_type,,,,True,True
malformed_serialization,151,reject,reject,reject,exception:TypeError,TypeError: intent object keys must be strings,non_string_key,,,,True,True
malformed_serialization,152,reject,reject,reject,exception:TypeError,TypeError: intent object keys must be strings,non_string_key,,,,True,True
malformed_serialization,153,reject,reject,reject,exception:TypeError,TypeError: unsupported intent value type: bytes,unsupported_type,,,,True,True
malformed_serialization,154,reject,reject,reject,exception:ValueError,ValueError: intent numbers must be finite,non_finite_float,,,,True,True
malformed_serialization,155,reject,reject,reject,exception:TypeError,TypeError: unsupported intent value type: bytes,unsupported_type,,,,True,True
malformed_serialization,156,reject,reject,reject,exception:ValueError,ValueError: intent contains keys that collide after Unicode normalization,nfc_key_collision,,,,True,True
malformed_serialization,157,reject,reject,reject,exception:ValueError,ValueError: intent numbers must be finite,non_finite_float,,,,True,True
malformed_serialization,158,reject,reject,reject,exception:TypeError,TypeError: unsupported intent value type: bytes,unsupported_type,,,,True,True
malformed_serialization,159,reject,reject,reject,exception:TypeError,TypeError: unsupported intent value type: bytes,unsupported_type,,,,True,True
malformed_serialization,160,reject,reject,reject,exception:ValueError,ValueError: intent numbers must be finite,non_finite_float,,,,True,True
malformed_serialization,161,reject,reject,reject,exception:TypeError,TypeError: unsupported intent value type: bytes,unsupported_type,,,,True,True
malformed_serialization,162,reject,reject,reject,exception:ValueError,ValueError: intent contains keys that collide after Unicode normalization,nfc_key_collision,,,,True,True
malformed_serialization,163,reject,reject,reject,exception:ValueError,ValueError: intent contains keys that collide after Unicode normalization,nfc_key_collision,,,,True,True
malformed_serialization,164,reject,reject,reject,exception:ValueError,ValueError: intent contains keys that collide after Unicode normalization,nfc_key_collision,,,,True,True
malformed_serialization,165,reject,reject,reject,exception:ValueError,ValueError: intent numbers must be finite,non_finite_float,,,,True,True
malformed_serialization,166,reject,reject,reject,exception:TypeError,TypeError: intent object keys must be strings,non_string_key,,,,True,True
malformed_serialization,167,reject,reject,reject,exception:ValueError,ValueError: intent contains keys that collide after Unicode normalization,nfc_key_collision,,,,True,True
malformed_serialization,168,reject,reject,reject,exception:ValueError,ValueError: intent contains keys that collide after Unicode normalization,nfc_key_collision,,,,True,True
malformed_serialization,169,reject,reject,reject,exception:TypeError,TypeError: unsupported intent value type: bytes,unsupported_type,,,,True,True
malformed_serialization,170,reject,reject,reject,exception:TypeError,TypeError: intent object keys must be strings,non_string_key,,,,True,True
malformed_serialization,171,reject,reject,reject,exception:ValueError,ValueError: intent numbers must be finite,non_finite_float,,,,True,True
malformed_serialization,172,reject,reject,reject,exception:ValueError,ValueError: intent numbers must be finite,non_finite_float,,,,True,True
malformed_serialization,173,reject,reject,reject,exception:TypeError,TypeError: intent object keys must be strings,non_string_key,,,,True,True
malformed_serialization,174,reject,reject,reject,exception:ValueError,ValueError: intent numbers must be finite,non_finite_float,,,,True,True
malformed_serialization,175,reject,reject,reject,exception:ValueError,ValueError: intent numbers must be finite,non_finite_float,,,,True,True
malformed_serialization,176,reject,reject,reject,exception:TypeError,TypeError: unsupported intent value type: bytes,unsupported_type,,,,True,True
malformed_serialization,177,reject,reject,reject,exception:TypeError,TypeError: intent object keys must be strings,non_string_key,,,,True,True
malformed_serialization,178,reject,reject,reject,exception:ValueError,ValueError: intent contains keys that collide after Unicode normalization,nfc_key_collision,,,,True,True
malformed_serialization,179,reject,reject,reject,exception:ValueError,ValueError: intent contains keys that collide after Unicode normalization,nfc_key_collision,,,,True,True
malformed_serialization,180,reject,reject,reject,exception:TypeError,TypeError: intent object keys must be strings,non_string_key,,,,True,True
malformed_serialization,181,reject,reject,reject,exception:ValueError,ValueError: intent numbers must be finite,non_finite_float,,,,True,True
malformed_serialization,182,reject,reject,reject,exception:ValueError,ValueError: intent numbers must be finite,non_finite_float,,,,True,True
malformed_serialization,183,reject,reject,reject,exception:TypeError,TypeError: intent object keys must be strings,non_string_key,,,,True,True
malformed_serialization,184,reject,reject,reject,exception:ValueError,ValueError: intent contains keys that collide after Unicode normalization,nfc_key_collision,,,,True,True
malformed_serialization,185,reject,reject,reject,exception:TypeError,TypeError: unsupported intent value type: bytes,unsupported_type,,,,True,True
malformed_serialization,186,reject,reject,reject,exception:TypeError,TypeError: unsupported intent value type: bytes,unsupported_type,,,,True,True
malformed_serialization,187,reject,reject,reject,exception:TypeError,TypeError: intent object keys must be strings,non_string_key,,,,True,True
malformed_serialization,188,reject,reject,reject,exception:TypeError,TypeError: unsupported intent value type: bytes,unsupported_type,,,,True,True
malformed_serialization,189,reject,reject,reject,exception:ValueError,ValueError: intent contains keys that collide after Unicode normalization,nfc_key_collision,,,,True,True
malformed_serialization,190,reject,reject,reject,exception:TypeError,TypeError: unsupported intent value type: bytes,unsupported_type,,,,True,True
malformed_serialization,191,reject,reject,reject,exception:ValueError,ValueError: intent numbers must be finite,non_finite_float,,,,True,True
malformed_serialization,192,reject,reject,reject,exception:TypeError,TypeError: intent object keys must be strings,non_string_key,,,,True,True
malformed_serialization,193,reject,reject,reject,exception:ValueError,ValueError: intent numbers must be finite,non_finite_float,,,,True,True
malformed_serialization,194,reject,reject,reject,exception:TypeError,TypeError: unsupported intent value type: bytes,unsupported_type,,,,True,True
malformed_serialization,195,reject,reject,reject,exception:ValueError,ValueError: intent numbers must be finite,non_finite_float,,,,True,True
malformed_serialization,196,reject,reject,reject,exception:ValueError,ValueError: intent numbers must be finite,non_finite_float,,,,True,True
malformed_serialization,197,reject,reject,reject,exception:TypeError,TypeError: intent object keys must be strings,non_string_key,,,,True,True
malformed_serialization,198,reject,reject,reject,exception:ValueError,ValueError: intent contains keys that collide after Unicode normalization,nfc_key_collision,,,,True,True
malformed_serialization,199,reject,reject,reject,exception:TypeError,TypeError: unsupported intent value type: bytes,unsupported_type,,,,True,True
malformed_serialization,200,reject,reject,reject,exception:ValueError,ValueError: intent contains keys that collide after Unicode normalization,nfc_key_collision,,,,True,True
