mode,configuration,users,sample,intent_construction_ms,canonicalization_ms,signature_generation_ms,verification_ms,server_side_latency_ms,end_to_end_latency_ms
baseline,Baseline session authorization,80,1,0.000291,0.00375,0.0,0.005791,0.010667,0.010667
baseline,Baseline session authorization,80,2,0.000334,0.003917,0.0,0.005708,0.010709,0.010709
baseline,Baseline session authorization,80,3,0.000333,0.00375,0.0,0.005791,0.010667,0.010667
baseline,Baseline session authorization,80,4,0.001167,0.015209,0.0,0.011708,0.029833,0.029833
baseline,Baseline session authorization,80,5,0.001334,0.00925,0.0,0.009792,0.022125,0.022125
baseline,Baseline session authorization,80,6,0.00125,0.01525,0.0,0.013167,0.031375,0.031375
baseline,Baseline session authorization,80,7,0.000333,0.00375,0.0,0.00575,0.010583,0.010583
baseline,Baseline session authorization,80,8,0.000292,0.003792,0.0,0.005708,0.010584,0.010584
baseline,Baseline session authorization,80,9,0.0015,0.031708,0.0,0.016333,0.051625,0.051625
baseline,Baseline session authorization,80,10,0.000292,0.00525,0.0,0.005916,0.01225,0.01225
baseline,Baseline session authorization,80,11,0.000292,0.006083,0.0,0.005875,0.013083,0.013083
baseline,Baseline session authorization,80,12,0.000291,0.00375,0.0,0.005625,0.010584,0.010584
baseline,Baseline session authorization,80,13,0.00125,0.014458,0.0,0.011209,0.028625,0.028625
baseline,Baseline session authorization,80,14,0.000333,0.003791,0.0,0.005791,0.010667,0.010667
baseline,Baseline session authorization,80,15,0.000417,0.0045,0.0,0.005875,0.011667,0.011667
baseline,Baseline session authorization,80,16,0.000375,0.0045,0.0,0.005875,0.011583,0.011583
baseline,Baseline session authorization,80,17,0.000333,0.003834,0.0,0.005833,0.010834,0.010834
baseline,Baseline session authorization,80,18,0.000292,0.004042,0.0,0.005792,0.010958,0.010958
baseline,Baseline session authorization,80,19,0.000292,0.003834,0.0,0.005708,0.010584,0.010584
baseline,Baseline session authorization,80,20,0.000375,0.005125,0.0,0.006125,0.012584,0.012584
baseline,Baseline session authorization,80,21,0.000417,0.004709,0.0,0.006,0.012,0.012
baseline,Baseline session authorization,80,22,0.000375,0.003791,0.0,0.005791,0.010667,0.010667
baseline,Baseline session authorization,80,23,0.000375,0.004375,0.0,0.005958,0.011584,0.011584
baseline,Baseline session authorization,80,24,0.000291,0.003791,0.0,0.005625,0.0105,0.0105
baseline,Baseline session authorization,80,25,0.000292,0.003792,0.0,0.005709,0.010625,0.010625
baseline,Baseline session authorization,80,26,0.000375,0.004416,0.0,0.005917,0.011583,0.011583
baseline,Baseline session authorization,80,27,0.000334,0.004458,0.0,0.00575,0.011333,0.011333
baseline,Baseline session authorization,80,28,0.000291,0.004041,0.0,0.015625,0.020833,0.020833
baseline,Baseline session authorization,80,29,0.000334,0.003833,0.0,0.005833,0.010791,0.010791
baseline,Baseline session authorization,80,30,0.000292,0.003834,0.0,0.005875,0.010833,0.010833
baseline,Baseline session authorization,80,31,0.000291,0.00575,0.0,0.006042,0.012833,0.012833
baseline,Baseline session authorization,80,32,0.001167,0.013084,0.0,0.010083,0.026,0.026
baseline,Baseline session authorization,80,33,0.000291,0.003833,0.0,0.005834,0.01075,0.01075
baseline,Baseline session authorization,80,34,0.000333,0.003833,0.0,0.005667,0.010625,0.010625
baseline,Baseline session authorization,80,35,0.001042,0.011,0.0,0.009292,0.02275,0.02275
baseline,Baseline session authorization,80,36,0.000292,0.005542,0.0,0.005959,0.012541,0.012541
baseline,Baseline session authorization,80,37,0.000292,0.003959,0.0,0.005792,0.010833,0.010833
baseline,Baseline session authorization,80,38,0.000333,0.003833,0.0,0.005709,0.010667,0.010667
baseline,Baseline session authorization,80,39,0.000333,0.004,0.0,0.005917,0.011083,0.011083
baseline,Baseline session authorization,80,40,0.000333,0.003959,0.0,0.005833,0.010875,0.010875
baseline,Baseline session authorization,80,41,0.000375,0.003958,0.0,0.005792,0.010958,0.010958
baseline,Baseline session authorization,80,42,0.000334,0.004125,0.0,0.005958,0.01125,0.01125
baseline,Baseline session authorization,80,43,0.000375,0.004084,0.0,0.005791,0.011084,0.011084
baseline,Baseline session authorization,80,44,0.000334,0.003958,0.0,0.005834,0.010958,0.010958
baseline,Baseline session authorization,80,45,0.000333,0.007125,0.0,0.005959,0.01425,0.01425
baseline,Baseline session authorization,80,46,0.000334,0.003792,0.0,0.005708,0.010584,0.010584
baseline,Baseline session authorization,80,47,0.000333,0.003875,0.0,0.00575,0.01075,0.01075
baseline,Baseline session authorization,80,48,0.000334,0.003875,0.0,0.005875,0.010916,0.010916
baseline,Baseline session authorization,80,49,0.000375,0.003958,0.0,0.005917,0.011083,0.011083
baseline,Baseline session authorization,80,50,0.000333,0.003875,0.0,0.005791,0.010708,0.010708
baseline,Baseline session authorization,80,51,0.000292,0.003958,0.0,0.005833,0.010875,0.010875
baseline,Baseline session authorization,80,52,0.000334,0.003875,0.0,0.005709,0.010667,0.010667
baseline,Baseline session authorization,80,53,0.001292,0.013417,0.0,0.010583,0.027083,0.027083
baseline,Baseline session authorization,80,54,0.000292,0.014417,0.0,0.0065,0.022166,0.022166
baseline,Baseline session authorization,80,55,0.000542,0.004666,0.0,0.006375,0.012458,0.012458
baseline,Baseline session authorization,80,56,0.000333,0.003833,0.0,0.00575,0.010709,0.010709
baseline,Baseline session authorization,80,57,0.000334,0.005292,0.0,0.005958,0.012375,0.012375
baseline,Baseline session authorization,80,58,0.001292,0.014125,0.0,0.009625,0.02675,0.02675
baseline,Baseline session authorization,80,59,0.000333,0.003958,0.0,0.005708,0.010792,0.010792
baseline,Baseline session authorization,80,60,0.000333,0.004,0.0,0.005708,0.010791,0.010791
baseline,Baseline session authorization,80,61,0.000292,0.005584,0.0,0.005958,0.012667,0.012667
baseline,Baseline session authorization,80,62,0.0005,0.005792,0.0,0.006583,0.013833,0.013833
baseline,Baseline session authorization,80,63,0.000333,0.005584,0.0,0.006,0.012708,0.012708
baseline,Baseline session authorization,80,64,0.000292,0.003875,0.0,0.005833,0.010791,0.010791
baseline,Baseline session authorization,80,65,0.000291,0.004042,0.0,0.005833,0.011042,0.011042
baseline,Baseline session authorization,80,66,0.000375,0.004084,0.0,0.005875,0.011167,0.011167
baseline,Baseline session authorization,80,67,0.000291,0.003833,0.0,0.005834,0.01075,0.01075
baseline,Baseline session authorization,80,68,0.000333,0.003833,0.0,0.005708,0.010667,0.010667
baseline,Baseline session authorization,80,69,0.000291,0.003791,0.0,0.005667,0.010583,0.010583
baseline,Baseline session authorization,80,70,0.000292,0.003834,0.0,0.005667,0.010625,0.010625
baseline,Baseline session authorization,80,71,0.000292,0.005208,0.0,0.005958,0.012291,0.012291
baseline,Baseline session authorization,80,72,0.000333,0.003708,0.0,0.005792,0.010625,0.010625
baseline,Baseline session authorization,80,73,0.000333,0.004167,0.0,0.00575,0.011083,0.011083
baseline,Baseline session authorization,80,74,0.000333,0.003959,0.0,0.00575,0.010833,0.010833
baseline,Baseline session authorization,80,75,0.000334,0.005458,0.0,0.005958,0.0125,0.0125
baseline,Baseline session authorization,80,76,0.000292,0.003833,0.0,0.005625,0.010625,0.010625
baseline,Baseline session authorization,80,77,0.000333,0.003791,0.0,0.00575,0.010666,0.010666
baseline,Baseline session authorization,80,78,0.000333,0.00375,0.0,0.005708,0.010584,0.010584
baseline,Baseline session authorization,80,79,0.000334,0.003917,0.0,0.005792,0.010791,0.010791
baseline,Baseline session authorization,80,80,0.000333,0.004,0.0,0.005833,0.010917,0.010917
baseline,Baseline session authorization,80,81,0.000334,0.005083,0.0,0.005959,0.012208,0.012208
baseline,Baseline session authorization,80,82,0.000334,0.003917,0.0,0.005833,0.010916,0.010916
baseline,Baseline session authorization,80,83,0.000375,0.004458,0.0,0.006,0.011667,0.011667
baseline,Baseline session authorization,80,84,0.000459,0.004458,0.0,0.006416,0.012166,0.012166
baseline,Baseline session authorization,80,85,0.000291,0.005666,0.0,0.006083,0.013084,0.013084
baseline,Baseline session authorization,80,86,0.000334,0.003958,0.0,0.005875,0.011042,0.011042
baseline,Baseline session authorization,80,87,0.000292,0.003917,0.0,0.005791,0.010834,0.010834
baseline,Baseline session authorization,80,88,0.000292,0.00375,0.0,0.00575,0.010625,0.010625
baseline,Baseline session authorization,80,89,0.000333,0.003791,0.0,0.005709,0.010625,0.010625
baseline,Baseline session authorization,80,90,0.000291,0.003833,0.0,0.005667,0.010625,0.010625
baseline,Baseline session authorization,80,91,0.000333,0.003917,0.0,0.005792,0.010792,0.010792
baseline,Baseline session authorization,80,92,0.000334,0.003875,0.0,0.00575,0.01075,0.01075
baseline,Baseline session authorization,80,93,0.000375,0.003792,0.0,0.015667,0.020666,0.020666
baseline,Baseline session authorization,80,94,0.0005,0.005792,0.0,0.006291,0.0135,0.0135
baseline,Baseline session authorization,80,95,0.000291,0.003791,0.0,0.00575,0.010625,0.010625
baseline,Baseline session authorization,80,96,0.000291,0.00375,0.0,0.00575,0.010584,0.010584
baseline,Baseline session authorization,80,97,0.000459,0.005167,0.0,0.006041,0.012583,0.012583
baseline,Baseline session authorization,80,98,0.000375,0.003958,0.0,0.005792,0.010875,0.010875
baseline,Baseline session authorization,80,99,0.000292,0.004,0.0,0.005792,0.010833,0.010833
baseline,Baseline session authorization,80,100,0.000333,0.003792,0.0,0.005833,0.01075,0.01075
baseline,Baseline session authorization,80,101,0.000292,0.003834,0.0,0.005792,0.010708,0.010708
baseline,Baseline session authorization,80,102,0.000333,0.004,0.0,0.005833,0.011042,0.011042
baseline,Baseline session authorization,80,103,0.000291,0.003833,0.0,0.005708,0.010667,0.010667
baseline,Baseline session authorization,80,104,0.000292,0.003917,0.0,0.005833,0.010916,0.010916
baseline,Baseline session authorization,80,105,0.000333,0.003917,0.0,0.005917,0.010958,0.010958
baseline,Baseline session authorization,80,106,0.000292,0.00375,0.0,0.005708,0.010541,0.010541
baseline,Baseline session authorization,80,107,0.000375,0.004042,0.0,0.005917,0.011167,0.011167
baseline,Baseline session authorization,80,108,0.000291,0.00375,0.0,0.005667,0.0105,0.0105
baseline,Baseline session authorization,80,109,0.000334,0.003833,0.0,0.005791,0.010709,0.010709
baseline,Baseline session authorization,80,110,0.000292,0.005375,0.0,0.006083,0.012584,0.012584
baseline,Baseline session authorization,80,111,0.000333,0.003834,0.0,0.005708,0.010708,0.010708
baseline,Baseline session authorization,80,112,0.000333,0.004042,0.0,0.005875,0.011042,0.011042
baseline,Baseline session authorization,80,113,0.000334,0.00375,0.0,0.00575,0.010666,0.010666
baseline,Baseline session authorization,80,114,0.000375,0.004417,0.0,0.006,0.011625,0.011625
baseline,Baseline session authorization,80,115,0.000333,0.003791,0.0,0.00575,0.010625,0.010625
baseline,Baseline session authorization,80,116,0.000292,0.005,0.0,0.005917,0.012,0.012
baseline,Baseline session authorization,80,117,0.000334,0.003875,0.0,0.005875,0.010875,0.010875
baseline,Baseline session authorization,80,118,0.000292,0.003834,0.0,0.005708,0.010584,0.010584
baseline,Baseline session authorization,80,119,0.000292,0.003792,0.0,0.005709,0.010541,0.010541
baseline,Baseline session authorization,80,120,0.000375,0.003959,0.0,0.005833,0.010959,0.010959
baseline,Baseline session authorization,80,121,0.000292,0.003792,0.0,0.00575,0.010625,0.010625
baseline,Baseline session authorization,80,122,0.000333,0.003833,0.0,0.005792,0.010833,0.010833
baseline,Baseline session authorization,80,123,0.000292,0.00375,0.0,0.005792,0.010625,0.010625
baseline,Baseline session authorization,80,124,0.000333,0.004083,0.0,0.005792,0.010958,0.010958
baseline,Baseline session authorization,80,125,0.000291,0.003791,0.0,0.00575,0.010667,0.010667
baseline,Baseline session authorization,80,126,0.000334,0.004,0.0,0.005916,0.011,0.011
baseline,Baseline session authorization,80,127,0.000292,0.005459,0.0,0.005958,0.012583,0.012583
baseline,Baseline session authorization,80,128,0.000334,0.003917,0.0,0.005875,0.010916,0.010916
baseline,Baseline session authorization,80,129,0.000375,0.004083,0.0,0.005834,0.011083,0.011083
baseline,Baseline session authorization,80,130,0.000333,0.006792,0.0,0.006084,0.014125,0.014125
baseline,Baseline session authorization,80,131,0.000291,0.003666,0.0,0.005625,0.010417,0.010417
baseline,Baseline session authorization,80,132,0.000333,0.00375,0.0,0.005791,0.010667,0.010667
baseline,Baseline session authorization,80,133,0.000333,0.003792,0.0,0.005667,0.010583,0.010583
baseline,Baseline session authorization,80,134,0.000292,0.005666,0.0,0.005917,0.01275,0.01275
baseline,Baseline session authorization,80,135,0.000375,0.00525,0.0,0.006042,0.012458,0.012458
baseline,Baseline session authorization,80,136,0.000292,0.005333,0.0,0.006,0.0125,0.0125
baseline,Baseline session authorization,80,137,0.000292,0.003833,0.0,0.00575,0.010667,0.010667
baseline,Baseline session authorization,80,138,0.000416,0.004666,0.0,0.005875,0.011792,0.011792
baseline,Baseline session authorization,80,139,0.001,0.008041,0.0,0.009542,0.020041,0.020041
baseline,Baseline session authorization,80,140,0.000291,0.0055,0.0,0.006125,0.012708,0.012708
baseline,Baseline session authorization,80,141,0.000333,0.004,0.0,0.005875,0.011,0.011
baseline,Baseline session authorization,80,142,0.000333,0.003958,0.0,0.005709,0.01075,0.01075
baseline,Baseline session authorization,80,143,0.000334,0.003917,0.0,0.005792,0.010791,0.010791
baseline,Baseline session authorization,80,144,0.000333,0.00375,0.0,0.00575,0.010625,0.010625
baseline,Baseline session authorization,80,145,0.000291,0.003833,0.0,0.005709,0.010667,0.010667
baseline,Baseline session authorization,80,146,0.000291,0.004,0.0,0.005791,0.010917,0.010917
baseline,Baseline session authorization,80,147,0.000292,0.004083,0.0,0.00575,0.010959,0.010959
baseline,Baseline session authorization,80,148,0.000333,0.003916,0.0,0.00575,0.010792,0.010792
baseline,Baseline session authorization,80,149,0.001,0.010833,0.0,0.009708,0.023,0.023
baseline,Baseline session authorization,80,150,0.000333,0.003916,0.0,0.005709,0.010792,0.010792
baseline,Baseline session authorization,80,151,0.000291,0.003875,0.0,0.005791,0.010792,0.010792
baseline,Baseline session authorization,80,152,0.000333,0.003916,0.0,0.005792,0.010916,0.010916
baseline,Baseline session authorization,80,153,0.000292,0.004209,0.0,0.005917,0.011208,0.011208
baseline,Baseline session authorization,80,154,0.000333,0.003916,0.0,0.005833,0.010833,0.010833
baseline,Baseline session authorization,80,155,0.000292,0.00375,0.0,0.005792,0.010625,0.010625
baseline,Baseline session authorization,80,156,0.000292,0.003792,0.0,0.00575,0.010625,0.010625
baseline,Baseline session authorization,80,157,0.000334,0.00375,0.0,0.00575,0.010666,0.010666
baseline,Baseline session authorization,80,158,0.000334,0.004042,0.0,0.005792,0.010916,0.010916
baseline,Baseline session authorization,80,159,0.000333,0.003959,0.0,0.005833,0.010958,0.010958
baseline,Baseline session authorization,80,160,0.000292,0.00375,0.0,0.005792,0.010625,0.010625
baseline,Baseline session authorization,80,161,0.000333,0.004084,0.0,0.006041,0.011334,0.011334
baseline,Baseline session authorization,80,162,0.000334,0.003792,0.0,0.00575,0.010584,0.010584
baseline,Baseline session authorization,80,163,0.000333,0.004,0.0,0.005791,0.010917,0.010917
baseline,Baseline session authorization,80,164,0.000292,0.003875,0.0,0.005708,0.010666,0.010666
baseline,Baseline session authorization,80,165,0.000333,0.00375,0.0,0.005666,0.010542,0.010542
baseline,Baseline session authorization,80,166,0.000333,0.004,0.0,0.005792,0.010917,0.010917
baseline,Baseline session authorization,80,167,0.000292,0.004042,0.0,0.005792,0.010917,0.010917
baseline,Baseline session authorization,80,168,0.000334,0.003792,0.0,0.00575,0.010625,0.010625
baseline,Baseline session authorization,80,169,0.000292,0.005209,0.0,0.006041,0.012375,0.012375
baseline,Baseline session authorization,80,170,0.000292,0.003833,0.0,0.00575,0.010708,0.010708
baseline,Baseline session authorization,80,171,0.000334,0.003917,0.0,0.005833,0.010958,0.010958
baseline,Baseline session authorization,80,172,0.000333,0.003958,0.0,0.005834,0.010917,0.010917
baseline,Baseline session authorization,80,173,0.000333,0.005416,0.0,0.006084,0.012625,0.012625
baseline,Baseline session authorization,80,174,0.000333,0.003833,0.0,0.00575,0.010667,0.010667
baseline,Baseline session authorization,80,175,0.000334,0.004042,0.0,0.005834,0.010958,0.010958
baseline,Baseline session authorization,80,176,0.000333,0.005166,0.0,0.006,0.012334,0.012334
baseline,Baseline session authorization,80,177,0.000291,0.003666,0.0,0.005709,0.010458,0.010458
baseline,Baseline session authorization,80,178,0.000334,0.003958,0.0,0.005791,0.010875,0.010875
baseline,Baseline session authorization,80,179,0.000291,0.003958,0.0,0.005834,0.010875,0.010875
baseline,Baseline session authorization,80,180,0.000291,0.003833,0.0,0.00575,0.010667,0.010667
baseline,Baseline session authorization,80,181,0.000334,0.00725,0.0,0.005959,0.014333,0.014333
baseline,Baseline session authorization,80,182,0.000459,0.005125,0.0,0.006,0.012417,0.012417
baseline,Baseline session authorization,80,183,0.000291,0.004,0.0,0.005917,0.011042,0.011042
baseline,Baseline session authorization,80,184,0.000334,0.005667,0.0,0.006041,0.012875,0.012875
baseline,Baseline session authorization,80,185,0.000333,0.003833,0.0,0.00575,0.010709,0.010709
baseline,Baseline session authorization,80,186,0.000291,0.003791,0.0,0.00575,0.010667,0.010667
baseline,Baseline session authorization,80,187,0.000292,0.005208,0.0,0.005875,0.012209,0.012209
baseline,Baseline session authorization,80,188,0.000292,0.003875,0.0,0.005667,0.010625,0.010625
baseline,Baseline session authorization,80,189,0.000334,0.004,0.0,0.005709,0.010792,0.010792
baseline,Baseline session authorization,80,190,0.000334,0.004,0.0,0.005833,0.011042,0.011042
baseline,Baseline session authorization,80,191,0.000292,0.003833,0.0,0.00575,0.010708,0.010708
baseline,Baseline session authorization,80,192,0.000375,0.003875,0.0,0.006042,0.011041,0.011041
baseline,Baseline session authorization,80,193,0.000333,0.003792,0.0,0.005625,0.010583,0.010583
baseline,Baseline session authorization,80,194,0.000333,0.003833,0.0,0.005875,0.010833,0.010833
baseline,Baseline session authorization,80,195,0.000333,0.003958,0.0,0.005834,0.010917,0.010917
baseline,Baseline session authorization,80,196,0.000333,0.003958,0.0,0.005875,0.011,0.011
baseline,Baseline session authorization,80,197,0.000333,0.005291,0.0,0.006167,0.012583,0.012583
baseline,Baseline session authorization,80,198,0.000292,0.003792,0.0,0.005666,0.010542,0.010542
baseline,Baseline session authorization,80,199,0.000291,0.003709,0.0,0.005666,0.010542,0.010542
baseline,Baseline session authorization,80,200,0.000334,0.004083,0.0,0.005667,0.010875,0.010875
baseline,Baseline session authorization,80,201,0.000333,0.003958,0.0,0.005708,0.010792,0.010792
baseline,Baseline session authorization,80,202,0.000292,0.004,0.0,0.005834,0.010958,0.010958
baseline,Baseline session authorization,80,203,0.000291,0.007125,0.0,0.005958,0.014208,0.014208
baseline,Baseline session authorization,80,204,0.000333,0.003833,0.0,0.00575,0.01075,0.01075
baseline,Baseline session authorization,80,205,0.001083,0.01125,0.0,0.010792,0.024625,0.024625
baseline,Baseline session authorization,80,206,0.000333,0.003709,0.0,0.005708,0.0105,0.0105
baseline,Baseline session authorization,80,207,0.000417,0.003834,0.0,0.005916,0.011,0.011
baseline,Baseline session authorization,80,208,0.000292,0.003792,0.0,0.00575,0.010625,0.010625
baseline,Baseline session authorization,80,209,0.000291,0.003875,0.0,0.005666,0.010625,0.010625
baseline,Baseline session authorization,80,210,0.000292,0.004,0.0,0.00575,0.010834,0.010834
baseline,Baseline session authorization,80,211,0.000291,0.004,0.0,0.00575,0.010959,0.010959
baseline,Baseline session authorization,80,212,0.000333,0.00375,0.0,0.005666,0.0105,0.0105
baseline,Baseline session authorization,80,213,0.000292,0.003834,0.0,0.006041,0.010958,0.010958
baseline,Baseline session authorization,80,214,0.000292,0.003834,0.0,0.005708,0.010667,0.010667
baseline,Baseline session authorization,80,215,0.000291,0.005458,0.0,0.006083,0.01275,0.01275
baseline,Baseline session authorization,80,216,0.000333,0.004,0.0,0.005875,0.011,0.011
baseline,Baseline session authorization,80,217,0.000334,0.003958,0.0,0.005958,0.011041,0.011041
baseline,Baseline session authorization,80,218,0.000334,0.003917,0.0,0.006,0.011,0.011
baseline,Baseline session authorization,80,219,0.000333,0.003791,0.0,0.005709,0.010667,0.010667
baseline,Baseline session authorization,80,220,0.000333,0.003792,0.0,0.00575,0.010625,0.010625
baseline,Baseline session authorization,80,221,0.000333,0.003917,0.0,0.005792,0.010833,0.010833
baseline,Baseline session authorization,80,222,0.000291,0.004,0.0,0.005833,0.010917,0.010917
baseline,Baseline session authorization,80,223,0.000292,0.003875,0.0,0.00575,0.010667,0.010667
baseline,Baseline session authorization,80,224,0.000375,0.004,0.0,0.005833,0.010958,0.010958
baseline,Baseline session authorization,80,225,0.000375,0.004291,0.0,0.005958,0.0115,0.0115
baseline,Baseline session authorization,80,226,0.000292,0.00375,0.0,0.00575,0.010584,0.010584
baseline,Baseline session authorization,80,227,0.000333,0.003959,0.0,0.005875,0.010958,0.010958
baseline,Baseline session authorization,80,228,0.000334,0.004,0.0,0.005792,0.010958,0.010958
baseline,Baseline session authorization,80,229,0.000334,0.00375,0.0,0.005709,0.010541,0.010541
baseline,Baseline session authorization,80,230,0.000333,0.004084,0.0,0.006166,0.011417,0.011417
baseline,Baseline session authorization,80,231,0.000291,0.003833,0.0,0.005709,0.010625,0.010625
baseline,Baseline session authorization,80,232,0.000333,0.00375,0.0,0.005709,0.010583,0.010583
baseline,Baseline session authorization,80,233,0.000291,0.004,0.0,0.005792,0.010875,0.010875
baseline,Baseline session authorization,80,234,0.000291,0.003958,0.0,0.005834,0.010875,0.010875
baseline,Baseline session authorization,80,235,0.000291,0.003833,0.0,0.005834,0.01075,0.01075
baseline,Baseline session authorization,80,236,0.000333,0.003708,0.0,0.005709,0.010542,0.010542
baseline,Baseline session authorization,80,237,0.000334,0.003833,0.0,0.00575,0.01075,0.01075
baseline,Baseline session authorization,80,238,0.000334,0.003833,0.0,0.005833,0.01075,0.01075
baseline,Baseline session authorization,80,239,0.000333,0.004,0.0,0.005875,0.011041,0.011041
baseline,Baseline session authorization,80,240,0.000292,0.004042,0.0,0.005834,0.010916,0.010916
baseline,Baseline session authorization,80,241,0.000333,0.007875,0.0,0.006167,0.015083,0.015083
baseline,Baseline session authorization,80,242,0.000333,0.003709,0.0,0.005708,0.010541,0.010541
baseline,Baseline session authorization,80,243,0.000292,0.003708,0.0,0.005709,0.010583,0.010583
baseline,Baseline session authorization,80,244,0.000334,0.003834,0.0,0.00575,0.01075,0.01075
baseline,Baseline session authorization,80,245,0.000334,0.003958,0.0,0.005708,0.01075,0.01075
baseline,Baseline session authorization,80,246,0.000333,0.003916,0.0,0.005792,0.010875,0.010875
baseline,Baseline session authorization,80,247,0.000334,0.003833,0.0,0.005834,0.010792,0.010792
baseline,Baseline session authorization,80,248,0.000291,0.003833,0.0,0.005708,0.010583,0.010583
baseline,Baseline session authorization,80,249,0.00175,0.017292,0.0,0.013958,0.035166,0.035166
baseline,Baseline session authorization,80,250,0.000291,0.003875,0.0,0.005959,0.011,0.011
baseline,Baseline session authorization,80,251,0.000333,0.003792,0.0,0.005708,0.010583,0.010583
baseline,Baseline session authorization,80,252,0.000291,0.00375,0.0,0.005708,0.010625,0.010625
baseline,Baseline session authorization,80,253,0.000333,0.004042,0.0,0.005792,0.010958,0.010958
baseline,Baseline session authorization,80,254,0.000291,0.003958,0.0,0.005792,0.010875,0.010875
baseline,Baseline session authorization,80,255,0.000292,0.003708,0.0,0.005708,0.010458,0.010458
baseline,Baseline session authorization,80,256,0.000334,0.003833,0.0,0.005792,0.010791,0.010791
baseline,Baseline session authorization,80,257,0.000291,0.003875,0.0,0.005833,0.010792,0.010792
baseline,Baseline session authorization,80,258,0.000333,0.003916,0.0,0.005959,0.011042,0.011042
baseline,Baseline session authorization,80,259,0.000334,0.004,0.0,0.005834,0.010917,0.010917
baseline,Baseline session authorization,80,260,0.000333,0.004,0.0,0.005875,0.011,0.011
baseline,Baseline session authorization,80,261,0.000333,0.00375,0.0,0.005791,0.010625,0.010625
baseline,Baseline session authorization,80,262,0.000291,0.003708,0.0,0.005708,0.010542,0.010542
baseline,Baseline session authorization,80,263,0.000333,0.003916,0.0,0.005875,0.010917,0.010917
baseline,Baseline session authorization,80,264,0.000333,0.005084,0.0,0.005958,0.01225,0.01225
baseline,Baseline session authorization,80,265,0.000334,0.004042,0.0,0.00575,0.010916,0.010916
baseline,Baseline session authorization,80,266,0.000291,0.003708,0.0,0.005666,0.010584,0.010584
baseline,Baseline session authorization,80,267,0.000334,0.00375,0.0,0.005667,0.0105,0.0105
baseline,Baseline session authorization,80,268,0.000333,0.00425,0.0,0.005958,0.011333,0.011333
baseline,Baseline session authorization,80,269,0.000333,0.003958,0.0,0.005834,0.010917,0.010917
baseline,Baseline session authorization,80,270,0.000333,0.003875,0.0,0.005875,0.010958,0.010958
baseline,Baseline session authorization,80,271,0.000334,0.003917,0.0,0.005875,0.010875,0.010875
baseline,Baseline session authorization,80,272,0.000334,0.003708,0.0,0.005709,0.010542,0.010542
baseline,Baseline session authorization,80,273,0.000292,0.005083,0.0,0.005917,0.012041,0.012041
baseline,Baseline session authorization,80,274,0.000334,0.0055,0.0,0.005917,0.012583,0.012583
baseline,Baseline session authorization,80,275,0.000334,0.004042,0.0,0.005792,0.010916,0.010916
baseline,Baseline session authorization,80,276,0.000334,0.003834,0.0,0.005708,0.010625,0.010625
baseline,Baseline session authorization,80,277,0.000333,0.005375,0.0,0.006,0.012542,0.012542
baseline,Baseline session authorization,80,278,0.000334,0.003834,0.0,0.00575,0.010708,0.010708
baseline,Baseline session authorization,80,279,0.000333,0.003833,0.0,0.005792,0.010708,0.010708
baseline,Baseline session authorization,80,280,0.000375,0.003958,0.0,0.005833,0.010959,0.010959
baseline,Baseline session authorization,80,281,0.000291,0.003958,0.0,0.005792,0.010833,0.010833
baseline,Baseline session authorization,80,282,0.000375,0.004,0.0,0.005959,0.011125,0.011125
baseline,Baseline session authorization,80,283,0.000333,0.003666,0.0,0.005708,0.010458,0.010458
baseline,Baseline session authorization,80,284,0.000333,0.00375,0.0,0.005708,0.0105,0.0105
baseline,Baseline session authorization,80,285,0.000333,0.003875,0.0,0.005792,0.01075,0.01075
baseline,Baseline session authorization,80,286,0.000333,0.004,0.0,0.00575,0.010875,0.010875
baseline,Baseline session authorization,80,287,0.000375,0.005917,0.0,0.006042,0.013167,0.013167
baseline,Baseline session authorization,80,288,0.000375,0.00375,0.0,0.00575,0.010708,0.010708
baseline,Baseline session authorization,80,289,0.000292,0.00375,0.0,0.005708,0.010584,0.010584
baseline,Baseline session authorization,80,290,0.000334,0.003833,0.0,0.005709,0.010708,0.010708
baseline,Baseline session authorization,80,291,0.000334,0.003958,0.0,0.005875,0.011,0.011
baseline,Baseline session authorization,80,292,0.000292,0.003875,0.0,0.005708,0.010709,0.010709
baseline,Baseline session authorization,80,293,0.000375,0.003958,0.0,0.005917,0.011,0.011
baseline,Baseline session authorization,80,294,0.000334,0.003833,0.0,0.005666,0.010584,0.010584
baseline,Baseline session authorization,80,295,0.000375,0.003791,0.0,0.00575,0.010625,0.010625
baseline,Baseline session authorization,80,296,0.000292,0.003958,0.0,0.005792,0.010875,0.010875
baseline,Baseline session authorization,80,297,0.000334,0.00425,0.0,0.006042,0.011458,0.011458
baseline,Baseline session authorization,80,298,0.000334,0.003833,0.0,0.005791,0.01075,0.01075
baseline,Baseline session authorization,80,299,0.000334,0.003833,0.0,0.005833,0.01075,0.01075
baseline,Baseline session authorization,80,300,0.000292,0.003708,0.0,0.005708,0.010541,0.010541
baseline,Baseline session authorization,80,301,0.000292,0.003917,0.0,0.005834,0.010833,0.010833
baseline,Baseline session authorization,80,302,0.000334,0.004,0.0,0.00575,0.010875,0.010875
baseline,Baseline session authorization,80,303,0.000333,0.003959,0.0,0.005833,0.010958,0.010958
baseline,Baseline session authorization,80,304,0.000291,0.003875,0.0,0.005708,0.010709,0.010709
baseline,Baseline session authorization,80,305,0.000375,0.004125,0.0,0.005917,0.011208,0.011208
baseline,Baseline session authorization,80,306,0.00025,0.003708,0.0,0.005625,0.010584,0.010584
baseline,Baseline session authorization,80,307,0.000291,0.003791,0.0,0.005791,0.010625,0.010625
baseline,Baseline session authorization,80,308,0.000291,0.003958,0.0,0.00575,0.010833,0.010833
baseline,Baseline session authorization,80,309,0.000333,0.004125,0.0,0.005833,0.011083,0.011083
baseline,Baseline session authorization,80,310,0.000291,0.003791,0.0,0.005709,0.010625,0.010625
baseline,Baseline session authorization,80,311,0.000292,0.00375,0.0,0.005791,0.010584,0.010584
baseline,Baseline session authorization,80,312,0.000334,0.00525,0.0,0.005958,0.012334,0.012334
baseline,Baseline session authorization,80,313,0.000375,0.004084,0.0,0.005833,0.011166,0.011166
baseline,Baseline session authorization,80,314,0.000333,0.004,0.0,0.005875,0.011042,0.011042
baseline,Baseline session authorization,80,315,0.000333,0.004,0.0,0.005875,0.011,0.011
baseline,Baseline session authorization,80,316,0.000334,0.003917,0.0,0.005666,0.01075,0.01075
baseline,Baseline session authorization,80,317,0.000292,0.003792,0.0,0.005666,0.010625,0.010625
baseline,Baseline session authorization,80,318,0.000625,0.005791,0.0,0.006292,0.013709,0.013709
baseline,Baseline session authorization,80,319,0.000291,0.003791,0.0,0.00575,0.010625,0.010625
baseline,Baseline session authorization,80,320,0.000291,0.004,0.0,0.00575,0.010875,0.010875
baseline,Baseline session authorization,80,321,0.000334,0.00375,0.0,0.00575,0.010584,0.010584
baseline,Baseline session authorization,80,322,0.0025,0.010375,0.0,0.00925,0.023625,0.023625
baseline,Baseline session authorization,80,323,0.000333,0.00375,0.0,0.00575,0.010667,0.010667
baseline,Baseline session authorization,80,324,0.000291,0.003833,0.0,0.005709,0.010625,0.010625
baseline,Baseline session authorization,80,325,0.000291,0.003916,0.0,0.00575,0.01075,0.01075
baseline,Baseline session authorization,80,326,0.000292,0.003958,0.0,0.005833,0.011,0.011
baseline,Baseline session authorization,80,327,0.000292,0.005292,0.0,0.005833,0.012167,0.012167
baseline,Baseline session authorization,80,328,0.000291,0.005208,0.0,0.005792,0.012125,0.012125
baseline,Baseline session authorization,80,329,0.000333,0.028958,0.0,0.011125,0.042125,0.042125
baseline,Baseline session authorization,80,330,0.000291,0.003833,0.0,0.005708,0.010667,0.010667
baseline,Baseline session authorization,80,331,0.000334,0.003792,0.0,0.005708,0.01075,0.01075
baseline,Baseline session authorization,80,332,0.000375,0.004083,0.0,0.005834,0.011,0.011
baseline,Baseline session authorization,80,333,0.000292,0.003833,0.0,0.005708,0.010625,0.010625
baseline,Baseline session authorization,80,334,0.000333,0.00625,0.0,0.016583,0.02425,0.02425
baseline,Baseline session authorization,80,335,0.000292,0.003833,0.0,0.005708,0.010584,0.010584
baseline,Baseline session authorization,80,336,0.000333,0.007041,0.0,0.005959,0.014167,0.014167
baseline,Baseline session authorization,80,337,0.000333,0.005416,0.0,0.006041,0.012584,0.012584
baseline,Baseline session authorization,80,338,0.000292,0.003875,0.0,0.00575,0.010709,0.010709
baseline,Baseline session authorization,80,339,0.000333,0.003833,0.0,0.005709,0.010667,0.010667
baseline,Baseline session authorization,80,340,0.000333,0.003791,0.0,0.00575,0.010667,0.010667
baseline,Baseline session authorization,80,341,0.000333,0.003917,0.0,0.005667,0.010708,0.010708
baseline,Baseline session authorization,80,342,0.000291,0.00375,0.0,0.005667,0.0105,0.0105
baseline,Baseline session authorization,80,343,0.000375,0.004,0.0,0.005959,0.011125,0.011125
baseline,Baseline session authorization,80,344,0.000333,0.003875,0.0,0.005833,0.010834,0.010834
baseline,Baseline session authorization,80,345,0.000291,0.003916,0.0,0.005709,0.01075,0.01075
baseline,Baseline session authorization,80,346,0.000292,0.003834,0.0,0.005708,0.010625,0.010625
baseline,Baseline session authorization,80,347,0.000333,0.005292,0.0,0.005833,0.012208,0.012208
baseline,Baseline session authorization,80,348,0.000333,0.003959,0.0,0.005708,0.010875,0.010875
baseline,Baseline session authorization,80,349,0.000292,0.003834,0.0,0.00575,0.010666,0.010666
baseline,Baseline session authorization,80,350,0.000333,0.003917,0.0,0.005875,0.011,0.011
baseline,Baseline session authorization,80,351,0.000375,0.004375,0.0,0.005916,0.0115,0.0115
baseline,Baseline session authorization,80,352,0.000291,0.003875,0.0,0.005792,0.01075,0.01075
baseline,Baseline session authorization,80,353,0.000292,0.003834,0.0,0.00575,0.010708,0.010708
baseline,Baseline session authorization,80,354,0.000292,0.00375,0.0,0.005709,0.010541,0.010541
baseline,Baseline session authorization,80,355,0.000333,0.004,0.0,0.00575,0.010833,0.010833
baseline,Baseline session authorization,80,356,0.000375,0.004042,0.0,0.005792,0.011,0.011
baseline,Baseline session authorization,80,357,0.000333,0.003792,0.0,0.005667,0.010542,0.010542
baseline,Baseline session authorization,80,358,0.000291,0.003791,0.0,0.00575,0.010708,0.010708
baseline,Baseline session authorization,80,359,0.000291,0.00375,0.0,0.005708,0.010583,0.010583
baseline,Baseline session authorization,80,360,0.000375,0.004208,0.0,0.005917,0.011417,0.011417
baseline,Baseline session authorization,80,361,0.000334,0.004,0.0,0.005834,0.010958,0.010958
baseline,Baseline session authorization,80,362,0.000333,0.003833,0.0,0.005791,0.010792,0.010792
baseline,Baseline session authorization,80,363,0.000334,0.003834,0.0,0.00575,0.010708,0.010708
baseline,Baseline session authorization,80,364,0.000333,0.003792,0.0,0.005708,0.010667,0.010667
baseline,Baseline session authorization,80,365,0.000334,0.003917,0.0,0.005875,0.010875,0.010875
baseline,Baseline session authorization,80,366,0.000333,0.003958,0.0,0.005834,0.010917,0.010917
baseline,Baseline session authorization,80,367,0.000334,0.003958,0.0,0.005791,0.010875,0.010875
baseline,Baseline session authorization,80,368,0.000292,0.00375,0.0,0.005833,0.01075,0.01075
baseline,Baseline session authorization,80,369,0.000292,0.003958,0.0,0.005875,0.010917,0.010917
baseline,Baseline session authorization,80,370,0.000292,0.003792,0.0,0.00575,0.010584,0.010584
baseline,Baseline session authorization,80,371,0.000334,0.004,0.0,0.005875,0.010958,0.010958
baseline,Baseline session authorization,80,372,0.000333,0.004084,0.0,0.00575,0.010958,0.010958
baseline,Baseline session authorization,80,373,0.000333,0.003917,0.0,0.005708,0.01075,0.01075
baseline,Baseline session authorization,80,374,0.000334,0.003875,0.0,0.005792,0.010791,0.010791
baseline,Baseline session authorization,80,375,0.000292,0.003875,0.0,0.005708,0.010667,0.010667
baseline,Baseline session authorization,80,376,0.000333,0.00375,0.0,0.005708,0.010583,0.010583
baseline,Baseline session authorization,80,377,0.000333,0.004,0.0,0.005834,0.011,0.011
baseline,Baseline session authorization,80,378,0.000417,0.004,0.0,0.005834,0.011,0.011
baseline,Baseline session authorization,80,379,0.000333,0.003834,0.0,0.005708,0.010708,0.010708
baseline,Baseline session authorization,80,380,0.000292,0.003834,0.0,0.00575,0.010625,0.010625
baseline,Baseline session authorization,80,381,0.000334,0.003875,0.0,0.005792,0.010792,0.010792
baseline,Baseline session authorization,80,382,0.000333,0.003792,0.0,0.005708,0.010625,0.010625
baseline,Baseline session authorization,80,383,0.000333,0.003709,0.0,0.005708,0.010541,0.010541
baseline,Baseline session authorization,80,384,0.000333,0.003959,0.0,0.00575,0.010833,0.010833
baseline,Baseline session authorization,80,385,0.000333,0.004125,0.0,0.005917,0.011208,0.011208
baseline,Baseline session authorization,80,386,0.000333,0.00375,0.0,0.00575,0.010625,0.010625
baseline,Baseline session authorization,80,387,0.000333,0.003833,0.0,0.005834,0.010792,0.010792
baseline,Baseline session authorization,80,388,0.000292,0.003875,0.0,0.005709,0.010708,0.010708
baseline,Baseline session authorization,80,389,0.000333,0.003917,0.0,0.005875,0.011,0.011
baseline,Baseline session authorization,80,390,0.000292,0.004042,0.0,0.005833,0.011,0.011
baseline,Baseline session authorization,80,391,0.000333,0.004083,0.0,0.00575,0.010958,0.010958
baseline,Baseline session authorization,80,392,0.000333,0.003875,0.0,0.005833,0.010792,0.010792
baseline,Baseline session authorization,80,393,0.000291,0.003791,0.0,0.00575,0.010667,0.010667
baseline,Baseline session authorization,80,394,0.000333,0.004,0.0,0.005833,0.010916,0.010916
baseline,Baseline session authorization,80,395,0.000334,0.003875,0.0,0.005917,0.010958,0.010958
baseline,Baseline session authorization,80,396,0.000333,0.003916,0.0,0.00575,0.010792,0.010792
baseline,Baseline session authorization,80,397,0.000375,0.003958,0.0,0.00575,0.010791,0.010791
baseline,Baseline session authorization,80,398,0.000375,0.003709,0.0,0.005792,0.010667,0.010667
baseline,Baseline session authorization,80,399,0.000334,0.003708,0.0,0.005916,0.01075,0.01075
baseline,Baseline session authorization,80,400,0.000292,0.005917,0.0,0.005958,0.013,0.013
baseline,Baseline session authorization,80,401,0.000292,0.004042,0.0,0.005833,0.011,0.011
baseline,Baseline session authorization,80,402,0.000292,0.003917,0.0,0.00575,0.010792,0.010792
baseline,Baseline session authorization,80,403,0.000334,0.003792,0.0,0.00575,0.010708,0.010708
baseline,Baseline session authorization,80,404,0.000291,0.003916,0.0,0.005709,0.010708,0.010708
baseline,Baseline session authorization,80,405,0.000292,0.003917,0.0,0.005792,0.010792,0.010792
baseline,Baseline session authorization,80,406,0.000291,0.003792,0.0,0.00575,0.010667,0.010667
baseline,Baseline session authorization,80,407,0.000291,0.007166,0.0,0.006209,0.0145,0.0145
baseline,Baseline session authorization,80,408,0.000292,0.004,0.0,0.005792,0.010875,0.010875
baseline,Baseline session authorization,80,409,0.000292,0.003792,0.0,0.00575,0.010708,0.010708
baseline,Baseline session authorization,80,410,0.000333,0.003791,0.0,0.005834,0.01075,0.01075
baseline,Baseline session authorization,80,411,0.000292,0.003792,0.0,0.00575,0.010583,0.010583
baseline,Baseline session authorization,80,412,0.000333,0.003916,0.0,0.00575,0.01075,0.01075
baseline,Baseline session authorization,80,413,0.000333,0.004125,0.0,0.005833,0.011,0.011
baseline,Baseline session authorization,80,414,0.000292,0.003917,0.0,0.005792,0.010833,0.010833
baseline,Baseline session authorization,80,415,0.000333,0.004041,0.0,0.005833,0.010958,0.010958
baseline,Baseline session authorization,80,416,0.000291,0.003916,0.0,0.005792,0.010833,0.010833
baseline,Baseline session authorization,80,417,0.000291,0.003833,0.0,0.005667,0.010625,0.010625
baseline,Baseline session authorization,80,418,0.000333,0.00375,0.0,0.005833,0.010708,0.010708
baseline,Baseline session authorization,80,419,0.000333,0.003834,0.0,0.005792,0.010708,0.010708
baseline,Baseline session authorization,80,420,0.000333,0.003959,0.0,0.005708,0.01075,0.01075
baseline,Baseline session authorization,80,421,0.000292,0.004083,0.0,0.005792,0.011,0.011
baseline,Baseline session authorization,80,422,0.000333,0.003833,0.0,0.005792,0.010708,0.010708
baseline,Baseline session authorization,80,423,0.000292,0.003917,0.0,0.00575,0.010709,0.010709
baseline,Baseline session authorization,80,424,0.000292,0.003875,0.0,0.005833,0.010791,0.010791
baseline,Baseline session authorization,80,425,0.000375,0.004,0.0,0.005833,0.010917,0.010917
baseline,Baseline session authorization,80,426,0.000375,0.005459,0.0,0.006166,0.01275,0.01275
baseline,Baseline session authorization,80,427,0.000292,0.003792,0.0,0.00575,0.010666,0.010666
baseline,Baseline session authorization,80,428,0.000292,0.003833,0.0,0.005791,0.010709,0.010709
baseline,Baseline session authorization,80,429,0.000292,0.003792,0.0,0.005792,0.010708,0.010708
baseline,Baseline session authorization,80,430,0.000292,0.00375,0.0,0.005709,0.010542,0.010542
baseline,Baseline session authorization,80,431,0.000333,0.003916,0.0,0.005833,0.010834,0.010834
baseline,Baseline session authorization,80,432,0.000292,0.004083,0.0,0.005708,0.010875,0.010875
baseline,Baseline session authorization,80,433,0.000292,0.003833,0.0,0.005834,0.010792,0.010792
baseline,Baseline session authorization,80,434,0.000292,0.003917,0.0,0.00575,0.01075,0.01075
baseline,Baseline session authorization,80,435,0.000333,0.003833,0.0,0.00575,0.010709,0.010709
baseline,Baseline session authorization,80,436,0.000334,0.003792,0.0,0.005708,0.010666,0.010666
baseline,Baseline session authorization,80,437,0.000292,0.003833,0.0,0.005792,0.010709,0.010709
baseline,Baseline session authorization,80,438,0.000334,0.003833,0.0,0.005791,0.010833,0.010833
baseline,Baseline session authorization,80,439,0.000333,0.004,0.0,0.00575,0.010833,0.010833
baseline,Baseline session authorization,80,440,0.000334,0.004,0.0,0.005834,0.010917,0.010917
baseline,Baseline session authorization,80,441,0.000291,0.005083,0.0,0.006,0.01225,0.01225
baseline,Baseline session authorization,80,442,0.000333,0.003834,0.0,0.005792,0.010708,0.010708
baseline,Baseline session authorization,80,443,0.000334,0.004042,0.0,0.005958,0.011125,0.011125
baseline,Baseline session authorization,80,444,0.000292,0.003875,0.0,0.005792,0.010709,0.010709
baseline,Baseline session authorization,80,445,0.000417,0.003959,0.0,0.005833,0.011,0.011
baseline,Baseline session authorization,80,446,0.000333,0.004166,0.0,0.005958,0.01125,0.01125
baseline,Baseline session authorization,80,447,0.000292,0.00375,0.0,0.005833,0.010792,0.010792
baseline,Baseline session authorization,80,448,0.00025,0.003792,0.0,0.005792,0.010833,0.010833
baseline,Baseline session authorization,80,449,0.000292,0.003792,0.0,0.005709,0.010542,0.010542
baseline,Baseline session authorization,80,450,0.000292,0.003875,0.0,0.005667,0.010667,0.010667
baseline,Baseline session authorization,80,451,0.000334,0.003834,0.0,0.005792,0.010666,0.010666
baseline,Baseline session authorization,80,452,0.000333,0.004042,0.0,0.005792,0.010875,0.010875
baseline,Baseline session authorization,80,453,0.000292,0.003917,0.0,0.00575,0.01075,0.01075
baseline,Baseline session authorization,80,454,0.000292,0.003792,0.0,0.005708,0.010625,0.010625
baseline,Baseline session authorization,80,455,0.000292,0.004,0.0,0.005791,0.010875,0.010875
baseline,Baseline session authorization,80,456,0.000333,0.004,0.0,0.005791,0.010875,0.010875
baseline,Baseline session authorization,80,457,0.000292,0.004,0.0,0.005708,0.010791,0.010791
baseline,Baseline session authorization,80,458,0.000333,0.003791,0.0,0.005791,0.010667,0.010667
baseline,Baseline session authorization,80,459,0.000292,0.003792,0.0,0.00575,0.010666,0.010666
baseline,Baseline session authorization,80,460,0.000291,0.003958,0.0,0.005792,0.010792,0.010792
baseline,Baseline session authorization,80,461,0.000333,0.004,0.0,0.005709,0.010875,0.010875
baseline,Baseline session authorization,80,462,0.000292,0.003834,0.0,0.005792,0.010708,0.010708
baseline,Baseline session authorization,80,463,0.000291,0.003666,0.0,0.005833,0.010583,0.010583
baseline,Baseline session authorization,80,464,0.000333,0.003916,0.0,0.005792,0.010875,0.010875
baseline,Baseline session authorization,80,465,0.000375,0.003917,0.0,0.00575,0.010792,0.010792
baseline,Baseline session authorization,80,466,0.000333,0.003916,0.0,0.006,0.011,0.011
baseline,Baseline session authorization,80,467,0.000334,0.003875,0.0,0.005792,0.010791,0.010791
baseline,Baseline session authorization,80,468,0.000333,0.003875,0.0,0.005833,0.010792,0.010792
baseline,Baseline session authorization,80,469,0.000333,0.00375,0.0,0.00575,0.010667,0.010667
baseline,Baseline session authorization,80,470,0.000333,0.003875,0.0,0.00575,0.010708,0.010708
baseline,Baseline session authorization,80,471,0.000291,0.0055,0.0,0.006042,0.012583,0.012583
baseline,Baseline session authorization,80,472,0.000333,0.003875,0.0,0.00575,0.010792,0.010792
baseline,Baseline session authorization,80,473,0.000375,0.004084,0.0,0.005833,0.011166,0.011166
baseline,Baseline session authorization,80,474,0.000292,0.003791,0.0,0.005875,0.01075,0.01075
baseline,Baseline session authorization,80,475,0.000334,0.004042,0.0,0.005791,0.011,0.011
baseline,Baseline session authorization,80,476,0.000333,0.003917,0.0,0.005917,0.011,0.011
baseline,Baseline session authorization,80,477,0.000291,0.005125,0.0,0.005916,0.012125,0.012125
baseline,Baseline session authorization,80,478,0.000375,0.004333,0.0,0.005834,0.011417,0.011417
baseline,Baseline session authorization,80,479,0.000333,0.005042,0.0,0.006,0.012083,0.012083
baseline,Baseline session authorization,80,480,0.000292,0.00375,0.0,0.005708,0.010541,0.010541
baseline,Baseline session authorization,80,481,0.000334,0.004,0.0,0.005833,0.011,0.011
baseline,Baseline session authorization,80,482,0.000291,0.004041,0.0,0.005791,0.010917,0.010917
baseline,Baseline session authorization,80,483,0.000333,0.005791,0.0,0.005916,0.012875,0.012875
baseline,Baseline session authorization,80,484,0.000291,0.003834,0.0,0.005833,0.010792,0.010792
baseline,Baseline session authorization,80,485,0.000292,0.003833,0.0,0.005791,0.01075,0.01075
baseline,Baseline session authorization,80,486,0.000375,0.003916,0.0,0.005834,0.010875,0.010875
baseline,Baseline session authorization,80,487,0.000292,0.003958,0.0,0.006,0.011125,0.011125
baseline,Baseline session authorization,80,488,0.000291,0.00375,0.0,0.005625,0.0105,0.0105
baseline,Baseline session authorization,80,489,0.000333,0.003833,0.0,0.005792,0.01075,0.01075
baseline,Baseline session authorization,80,490,0.000292,0.003833,0.0,0.00575,0.010709,0.010709
baseline,Baseline session authorization,80,491,0.000291,0.003791,0.0,0.005709,0.010583,0.010583
baseline,Baseline session authorization,80,492,0.000333,0.003917,0.0,0.005708,0.010667,0.010667
baseline,Baseline session authorization,80,493,0.000291,0.004083,0.0,0.00575,0.010958,0.010958
baseline,Baseline session authorization,80,494,0.000333,0.003916,0.0,0.00575,0.010792,0.010792
baseline,Baseline session authorization,80,495,0.000292,0.003833,0.0,0.005792,0.01075,0.01075
baseline,Baseline session authorization,80,496,0.000333,0.003917,0.0,0.005834,0.010875,0.010875
baseline,Baseline session authorization,80,497,0.000334,0.006292,0.0,0.006125,0.013667,0.013667
baseline,Baseline session authorization,80,498,0.000333,0.003959,0.0,0.005833,0.010875,0.010875
baseline,Baseline session authorization,80,499,0.000333,0.003875,0.0,0.00575,0.010708,0.010708
baseline,Baseline session authorization,80,500,0.000333,0.005208,0.0,0.005833,0.012209,0.012209
baseline,Baseline session authorization,80,501,0.000334,0.003833,0.0,0.005792,0.01075,0.01075
baseline,Baseline session authorization,80,502,0.000291,0.003833,0.0,0.005708,0.010583,0.010583
baseline,Baseline session authorization,80,503,0.00025,0.003958,0.0,0.00575,0.011083,0.011083
baseline,Baseline session authorization,80,504,0.000292,0.004083,0.0,0.005833,0.011,0.011
baseline,Baseline session authorization,80,505,0.000291,0.003833,0.0,0.00575,0.010667,0.010667
baseline,Baseline session authorization,80,506,0.000334,0.003917,0.0,0.00575,0.010708,0.010708
baseline,Baseline session authorization,80,507,0.000333,0.026709,0.0,0.007042,0.035041,0.035041
baseline,Baseline session authorization,80,508,0.000333,0.005917,0.0,0.006,0.012958,0.012958
baseline,Baseline session authorization,80,509,0.000375,0.004042,0.0,0.005875,0.011166,0.011166
baseline,Baseline session authorization,80,510,0.000334,0.004,0.0,0.005834,0.010958,0.010958
baseline,Baseline session authorization,80,511,0.000292,0.003917,0.0,0.005708,0.01075,0.01075
baseline,Baseline session authorization,80,512,0.000333,0.005292,0.0,0.006,0.012459,0.012459
baseline,Baseline session authorization,80,513,0.000334,0.003833,0.0,0.00575,0.010792,0.010792
baseline,Baseline session authorization,80,514,0.000333,0.003833,0.0,0.005791,0.010625,0.010625
baseline,Baseline session authorization,80,515,0.000292,0.003917,0.0,0.00575,0.010709,0.010709
baseline,Baseline session authorization,80,516,0.000292,0.004042,0.0,0.005792,0.010917,0.010917
baseline,Baseline session authorization,80,517,0.000292,0.004958,0.0,0.005792,0.011916,0.011916
baseline,Baseline session authorization,80,518,0.000334,0.003917,0.0,0.005833,0.010833,0.010833
baseline,Baseline session authorization,80,519,0.000333,0.003959,0.0,0.005833,0.010917,0.010917
baseline,Baseline session authorization,80,520,0.000333,0.004125,0.0,0.005791,0.011042,0.011042
baseline,Baseline session authorization,80,521,0.000291,0.003833,0.0,0.005667,0.010625,0.010625
baseline,Baseline session authorization,80,522,0.000333,0.003917,0.0,0.005791,0.010916,0.010916
baseline,Baseline session authorization,80,523,0.000333,0.003834,0.0,0.00575,0.010625,0.010625
baseline,Baseline session authorization,80,524,0.000292,0.006625,0.0,0.005959,0.013667,0.013667
baseline,Baseline session authorization,80,525,0.000291,0.004041,0.0,0.00575,0.010917,0.010917
baseline,Baseline session authorization,80,526,0.000292,0.003792,0.0,0.005792,0.010667,0.010667
baseline,Baseline session authorization,80,527,0.000375,0.004167,0.0,0.005792,0.011125,0.011125
baseline,Baseline session authorization,80,528,0.001041,0.013375,0.0,0.010417,0.026334,0.026334
baseline,Baseline session authorization,80,529,0.000292,0.005083,0.0,0.005875,0.012083,0.012083
baseline,Baseline session authorization,80,530,0.000375,0.004084,0.0,0.005958,0.01125,0.01125
baseline,Baseline session authorization,80,531,0.000333,0.004125,0.0,0.005875,0.011125,0.011125
baseline,Baseline session authorization,80,532,0.000333,0.003834,0.0,0.005667,0.010625,0.010625
baseline,Baseline session authorization,80,533,0.000292,0.003875,0.0,0.005792,0.01075,0.01075
baseline,Baseline session authorization,80,534,0.000375,0.004,0.0,0.005917,0.011125,0.011125
baseline,Baseline session authorization,80,535,0.000333,0.003792,0.0,0.00575,0.010666,0.010666
baseline,Baseline session authorization,80,536,0.000333,0.00375,0.0,0.005834,0.01075,0.01075
baseline,Baseline session authorization,80,537,0.000333,0.003958,0.0,0.005792,0.010875,0.010875
baseline,Baseline session authorization,80,538,0.000375,0.003834,0.0,0.005666,0.010667,0.010667
baseline,Baseline session authorization,80,539,0.000333,0.003875,0.0,0.00575,0.010709,0.010709
baseline,Baseline session authorization,80,540,0.000291,0.003917,0.0,0.008667,0.013708,0.013708
baseline,Baseline session authorization,80,541,0.000291,0.004083,0.0,0.005917,0.011083,0.011083
baseline,Baseline session authorization,80,542,0.000375,0.003834,0.0,0.00575,0.010792,0.010792
baseline,Baseline session authorization,80,543,0.000333,0.003834,0.0,0.005708,0.010708,0.010708
baseline,Baseline session authorization,80,544,0.000292,0.00425,0.0,0.006042,0.011583,0.011583
baseline,Baseline session authorization,80,545,0.000334,0.005334,0.0,0.006,0.012417,0.012417
baseline,Baseline session authorization,80,546,0.000333,0.003792,0.0,0.005709,0.010625,0.010625
baseline,Baseline session authorization,80,547,0.000292,0.003875,0.0,0.005708,0.010666,0.010666
baseline,Baseline session authorization,80,548,0.000333,0.004125,0.0,0.005833,0.011041,0.011041
baseline,Baseline session authorization,80,549,0.000333,0.003917,0.0,0.005708,0.010792,0.010792
baseline,Baseline session authorization,80,550,0.000333,0.003834,0.0,0.005792,0.010792,0.010792
baseline,Baseline session authorization,80,551,0.000291,0.003791,0.0,0.005625,0.0105,0.0105
baseline,Baseline session authorization,80,552,0.000292,0.005833,0.0,0.006041,0.012959,0.012959
baseline,Baseline session authorization,80,553,0.000458,0.003958,0.0,0.005917,0.011083,0.011083
baseline,Baseline session authorization,80,554,0.000333,0.003791,0.0,0.006,0.010917,0.010917
baseline,Baseline session authorization,80,555,0.000334,0.00525,0.0,0.005916,0.012209,0.012209
baseline,Baseline session authorization,80,556,0.000333,0.003625,0.0,0.005667,0.010458,0.010458
baseline,Baseline session authorization,80,557,0.000334,0.004208,0.0,0.005916,0.01125,0.01125
baseline,Baseline session authorization,80,558,0.000292,0.003834,0.0,0.005708,0.010625,0.010625
baseline,Baseline session authorization,80,559,0.000291,0.005291,0.0,0.005917,0.012292,0.012292
baseline,Baseline session authorization,80,560,0.000333,0.003833,0.0,0.005791,0.01075,0.01075
baseline,Baseline session authorization,80,561,0.000417,0.003916,0.0,0.005791,0.010875,0.010875
baseline,Baseline session authorization,80,562,0.000334,0.003833,0.0,0.005791,0.01075,0.01075
baseline,Baseline session authorization,80,563,0.000292,0.004084,0.0,0.005792,0.010958,0.010958
baseline,Baseline session authorization,80,564,0.000292,0.003792,0.0,0.005667,0.010542,0.010542
baseline,Baseline session authorization,80,565,0.000333,0.003792,0.0,0.005667,0.010583,0.010583
baseline,Baseline session authorization,80,566,0.000333,0.003791,0.0,0.005792,0.010666,0.010666
baseline,Baseline session authorization,80,567,0.000333,0.003917,0.0,0.005833,0.010875,0.010875
baseline,Baseline session authorization,80,568,0.000291,0.003916,0.0,0.005625,0.010667,0.010667
baseline,Baseline session authorization,80,569,0.000292,0.003959,0.0,0.00575,0.010917,0.010917
baseline,Baseline session authorization,80,570,0.000292,0.00375,0.0,0.005792,0.010667,0.010667
baseline,Baseline session authorization,80,571,0.000334,0.007625,0.0,0.005959,0.014708,0.014708
baseline,Baseline session authorization,80,572,0.000333,0.004,0.0,0.00575,0.010833,0.010833
baseline,Baseline session authorization,80,573,0.000375,0.00375,0.0,0.00575,0.010708,0.010708
baseline,Baseline session authorization,80,574,0.000292,0.004,0.0,0.00575,0.010791,0.010791
baseline,Baseline session authorization,80,575,0.000292,0.003917,0.0,0.00575,0.010792,0.010792
baseline,Baseline session authorization,80,576,0.000291,0.003875,0.0,0.00575,0.010708,0.010708
baseline,Baseline session authorization,80,577,0.000292,0.004042,0.0,0.00575,0.010875,0.010875
baseline,Baseline session authorization,80,578,0.000334,0.00425,0.0,0.005834,0.011208,0.011208
baseline,Baseline session authorization,80,579,0.000291,0.003833,0.0,0.00575,0.010667,0.010667
baseline,Baseline session authorization,80,580,0.000333,0.003834,0.0,0.005708,0.01075,0.01075
baseline,Baseline session authorization,80,581,0.000292,0.003917,0.0,0.005792,0.010833,0.010833
baseline,Baseline session authorization,80,582,0.000334,0.004042,0.0,0.00575,0.010916,0.010916
baseline,Baseline session authorization,80,583,0.000333,0.004,0.0,0.005875,0.011,0.011
baseline,Baseline session authorization,80,584,0.000333,0.004083,0.0,0.005792,0.011,0.011
baseline,Baseline session authorization,80,585,0.000292,0.00375,0.0,0.005708,0.010541,0.010541
baseline,Baseline session authorization,80,586,0.000333,0.004792,0.0,0.005917,0.011917,0.011917
baseline,Baseline session authorization,80,587,0.000333,0.003834,0.0,0.005708,0.010666,0.010666
baseline,Baseline session authorization,80,588,0.000291,0.003833,0.0,0.005792,0.010708,0.010708
baseline,Baseline session authorization,80,589,0.000458,0.004834,0.0,0.006125,0.01225,0.01225
baseline,Baseline session authorization,80,590,0.000292,0.003792,0.0,0.005708,0.010625,0.010625
baseline,Baseline session authorization,80,591,0.000291,0.003875,0.0,0.00575,0.010667,0.010667
baseline,Baseline session authorization,80,592,0.000291,0.003875,0.0,0.005833,0.010834,0.010834
baseline,Baseline session authorization,80,593,0.000333,0.003833,0.0,0.00925,0.014125,0.014125
baseline,Baseline session authorization,80,594,0.000333,0.003959,0.0,0.005833,0.010958,0.010958
baseline,Baseline session authorization,80,595,0.000334,0.004083,0.0,0.00575,0.011,0.011
baseline,Baseline session authorization,80,596,0.000333,0.004042,0.0,0.005875,0.011042,0.011042
baseline,Baseline session authorization,80,597,0.000292,0.003791,0.0,0.00575,0.010583,0.010583
baseline,Baseline session authorization,80,598,0.000291,0.004166,0.0,0.005834,0.011125,0.011125
baseline,Baseline session authorization,80,599,0.000292,0.003834,0.0,0.005667,0.010625,0.010625
baseline,Baseline session authorization,80,600,0.000333,0.006166,0.0,0.006,0.013334,0.013334
baseline,Baseline session authorization,80,601,0.000292,0.003917,0.0,0.00575,0.01075,0.01075
baseline,Baseline session authorization,80,602,0.000292,0.003833,0.0,0.00575,0.010708,0.010708
baseline,Baseline session authorization,80,603,0.000291,0.003875,0.0,0.005708,0.010709,0.010709
baseline,Baseline session authorization,80,604,0.000333,0.003875,0.0,0.00575,0.010666,0.010666
baseline,Baseline session authorization,80,605,0.000334,0.00425,0.0,0.005833,0.01125,0.01125
baseline,Baseline session authorization,80,606,0.000333,0.004,0.0,0.005834,0.010958,0.010958
baseline,Baseline session authorization,80,607,0.000291,0.003791,0.0,0.00575,0.010625,0.010625
baseline,Baseline session authorization,80,608,0.000333,0.003916,0.0,0.015083,0.020209,0.020209
baseline,Baseline session authorization,80,609,0.000291,0.004125,0.0,0.005791,0.011042,0.011042
baseline,Baseline session authorization,80,610,0.000292,0.003792,0.0,0.00575,0.010625,0.010625
baseline,Baseline session authorization,80,611,0.000333,0.006417,0.0,0.006,0.013583,0.013583
baseline,Baseline session authorization,80,612,0.000333,0.003792,0.0,0.005708,0.010584,0.010584
baseline,Baseline session authorization,80,613,0.000333,0.003791,0.0,0.00575,0.010667,0.010667
baseline,Baseline session authorization,80,614,0.000291,0.003875,0.0,0.005834,0.010875,0.010875
baseline,Baseline session authorization,80,615,0.000292,0.003834,0.0,0.005792,0.01075,0.01075
baseline,Baseline session authorization,80,616,0.000333,0.005625,0.0,0.005916,0.012667,0.012667
baseline,Baseline session authorization,80,617,0.000333,0.014584,0.0,0.0065,0.022333,0.022333
baseline,Baseline session authorization,80,618,0.000333,0.004041,0.0,0.005833,0.010958,0.010958
baseline,Baseline session authorization,80,619,0.000291,0.005083,0.0,0.005917,0.012125,0.012125
baseline,Baseline session authorization,80,620,0.000292,0.003875,0.0,0.005791,0.01075,0.01075
baseline,Baseline session authorization,80,621,0.000334,0.003958,0.0,0.00575,0.010875,0.010875
baseline,Baseline session authorization,80,622,0.000333,0.005208,0.0,0.005875,0.012209,0.012209
baseline,Baseline session authorization,80,623,0.000333,0.003833,0.0,0.00575,0.010667,0.010667
baseline,Baseline session authorization,80,624,0.000417,0.006042,0.0,0.006458,0.014125,0.014125
baseline,Baseline session authorization,80,625,0.000333,0.003834,0.0,0.005833,0.01075,0.01075
baseline,Baseline session authorization,80,626,0.000333,0.003917,0.0,0.00575,0.010875,0.010875
baseline,Baseline session authorization,80,627,0.000334,0.003833,0.0,0.005834,0.010833,0.010833
baseline,Baseline session authorization,80,628,0.000334,0.003792,0.0,0.005792,0.010667,0.010667
baseline,Baseline session authorization,80,629,0.000333,0.003875,0.0,0.00575,0.01075,0.01075
baseline,Baseline session authorization,80,630,0.000333,0.004166,0.0,0.005834,0.011125,0.011125
baseline,Baseline session authorization,80,631,0.000333,0.005459,0.0,0.006041,0.012667,0.012667
baseline,Baseline session authorization,80,632,0.000334,0.003875,0.0,0.00575,0.010667,0.010667
baseline,Baseline session authorization,80,633,0.000291,0.00375,0.0,0.005666,0.010542,0.010542
baseline,Baseline session authorization,80,634,0.000334,0.004,0.0,0.020625,0.025916,0.025916
baseline,Baseline session authorization,80,635,0.000333,0.003792,0.0,0.005791,0.010667,0.010667
baseline,Baseline session authorization,80,636,0.000333,0.003792,0.0,0.00575,0.010667,0.010667
baseline,Baseline session authorization,80,637,0.000583,0.00525,0.0,0.006959,0.013875,0.013875
baseline,Baseline session authorization,80,638,0.000333,0.003834,0.0,0.005708,0.010666,0.010666
baseline,Baseline session authorization,80,639,0.000333,0.004,0.0,0.00575,0.010958,0.010958
baseline,Baseline session authorization,80,640,0.000334,0.004,0.0,0.005792,0.010958,0.010958
baseline,Baseline session authorization,80,641,0.000292,0.003709,0.0,0.005708,0.0105,0.0105
baseline,Baseline session authorization,80,642,0.000375,0.003792,0.0,0.00575,0.010708,0.010708
baseline,Baseline session authorization,80,643,0.000292,0.004,0.0,0.005792,0.010875,0.010875
baseline,Baseline session authorization,80,644,0.000334,0.003833,0.0,0.005791,0.01075,0.01075
baseline,Baseline session authorization,80,645,0.000416,0.004417,0.0,0.005917,0.011625,0.011625
baseline,Baseline session authorization,80,646,0.000292,0.003833,0.0,0.00575,0.010709,0.010709
baseline,Baseline session authorization,80,647,0.000291,0.003875,0.0,0.005708,0.010708,0.010708
baseline,Baseline session authorization,80,648,0.000291,0.005791,0.0,0.005917,0.012875,0.012875
baseline,Baseline session authorization,80,649,0.000333,0.00375,0.0,0.005708,0.0105,0.0105
baseline,Baseline session authorization,80,650,0.000291,0.003916,0.0,0.005792,0.010875,0.010875
baseline,Baseline session authorization,80,651,0.000292,0.004083,0.0,0.00575,0.010917,0.010917
baseline,Baseline session authorization,80,652,0.000292,0.003792,0.0,0.005709,0.010583,0.010583
baseline,Baseline session authorization,80,653,0.000292,0.00375,0.0,0.005708,0.010541,0.010541
baseline,Baseline session authorization,80,654,0.000333,0.004,0.0,0.005917,0.011083,0.011083
baseline,Baseline session authorization,80,655,0.000334,0.00375,0.0,0.00575,0.010625,0.010625
baseline,Baseline session authorization,80,656,0.000333,0.003916,0.0,0.005833,0.010833,0.010833
baseline,Baseline session authorization,80,657,0.000334,0.004,0.0,0.005834,0.010917,0.010917
baseline,Baseline session authorization,80,658,0.000333,0.003875,0.0,0.005667,0.010708,0.010708
baseline,Baseline session authorization,80,659,0.000333,0.004042,0.0,0.00575,0.011,0.011
baseline,Baseline session authorization,80,660,0.000292,0.003792,0.0,0.005667,0.010541,0.010541
baseline,Baseline session authorization,80,661,0.000334,0.003958,0.0,0.005791,0.010875,0.010875
baseline,Baseline session authorization,80,662,0.000334,0.004,0.0,0.005792,0.010958,0.010958
baseline,Baseline session authorization,80,663,0.000292,0.00375,0.0,0.005834,0.010666,0.010666
baseline,Baseline session authorization,80,664,0.000291,0.003833,0.0,0.00575,0.010625,0.010625
baseline,Baseline session authorization,80,665,0.000333,0.003959,0.0,0.005833,0.010958,0.010958
baseline,Baseline session authorization,80,666,0.000333,0.00375,0.0,0.005709,0.010583,0.010583
baseline,Baseline session authorization,80,667,0.000375,0.003833,0.0,0.005708,0.010791,0.010791
baseline,Baseline session authorization,80,668,0.000333,0.004083,0.0,0.005875,0.011042,0.011042
baseline,Baseline session authorization,80,669,0.000333,0.003916,0.0,0.00825,0.01325,0.01325
baseline,Baseline session authorization,80,670,0.000375,0.004084,0.0,0.005834,0.01125,0.01125
baseline,Baseline session authorization,80,671,0.000333,0.003834,0.0,0.00575,0.010708,0.010708
baseline,Baseline session authorization,80,672,0.000334,0.00375,0.0,0.005792,0.010625,0.010625
baseline,Baseline session authorization,80,673,0.000333,0.003917,0.0,0.005875,0.010917,0.010917
baseline,Baseline session authorization,80,674,0.000333,0.004041,0.0,0.005791,0.010959,0.010959
baseline,Baseline session authorization,80,675,0.000291,0.003791,0.0,0.005708,0.010583,0.010583
baseline,Baseline session authorization,80,676,0.000333,0.003917,0.0,0.005833,0.010917,0.010917
baseline,Baseline session authorization,80,677,0.000291,0.003833,0.0,0.005709,0.010625,0.010625
baseline,Baseline session authorization,80,678,0.000333,0.003917,0.0,0.005875,0.010917,0.010917
baseline,Baseline session authorization,80,679,0.000333,0.0055,0.0,0.005875,0.012416,0.012416
baseline,Baseline session authorization,80,680,0.000334,0.003833,0.0,0.005667,0.010708,0.010708
baseline,Baseline session authorization,80,681,0.000333,0.003791,0.0,0.005791,0.010667,0.010667
baseline,Baseline session authorization,80,682,0.000333,0.003959,0.0,0.00575,0.010875,0.010875
baseline,Baseline session authorization,80,683,0.000334,0.005458,0.0,0.005959,0.012583,0.012583
baseline,Baseline session authorization,80,684,0.000292,0.003917,0.0,0.005792,0.010792,0.010792
baseline,Baseline session authorization,80,685,0.000292,0.00375,0.0,0.005708,0.0105,0.0105
baseline,Baseline session authorization,80,686,0.000334,0.004,0.0,0.005792,0.010916,0.010916
baseline,Baseline session authorization,80,687,0.000291,0.003833,0.0,0.00575,0.010667,0.010667
baseline,Baseline session authorization,80,688,0.000333,0.004041,0.0,0.005875,0.011125,0.011125
baseline,Baseline session authorization,80,689,0.000292,0.004,0.0,0.005792,0.010916,0.010916
baseline,Baseline session authorization,80,690,0.000333,0.003792,0.0,0.005666,0.010542,0.010542
baseline,Baseline session authorization,80,691,0.000333,0.003792,0.0,0.005708,0.010542,0.010542
baseline,Baseline session authorization,80,692,0.000333,0.003917,0.0,0.00575,0.010792,0.010792
baseline,Baseline session authorization,80,693,0.000333,0.003791,0.0,0.005791,0.010667,0.010667
baseline,Baseline session authorization,80,694,0.000292,0.005209,0.0,0.006041,0.012417,0.012417
baseline,Baseline session authorization,80,695,0.000333,0.003958,0.0,0.005792,0.010875,0.010875
baseline,Baseline session authorization,80,696,0.000416,0.0045,0.0,0.006333,0.012084,0.012084
baseline,Baseline session authorization,80,697,0.000334,0.004042,0.0,0.005791,0.011,0.011
baseline,Baseline session authorization,80,698,0.000291,0.003958,0.0,0.005833,0.011,0.011
baseline,Baseline session authorization,80,699,0.000291,0.005166,0.0,0.005959,0.01225,0.01225
baseline,Baseline session authorization,80,700,0.000333,0.004041,0.0,0.005958,0.011125,0.011125
baseline,Baseline session authorization,80,701,0.000334,0.003792,0.0,0.00575,0.010708,0.010708
baseline,Baseline session authorization,80,702,0.000292,0.00375,0.0,0.005625,0.010458,0.010458
baseline,Baseline session authorization,80,703,0.000292,0.003833,0.0,0.005708,0.010666,0.010666
baseline,Baseline session authorization,80,704,0.000333,0.00375,0.0,0.005792,0.010625,0.010625
baseline,Baseline session authorization,80,705,0.000333,0.003834,0.0,0.005833,0.010875,0.010875
baseline,Baseline session authorization,80,706,0.000333,0.003958,0.0,0.005833,0.010917,0.010917
baseline,Baseline session authorization,80,707,0.000458,0.003833,0.0,0.00575,0.01075,0.01075
baseline,Baseline session authorization,80,708,0.000334,0.003833,0.0,0.00575,0.010666,0.010666
baseline,Baseline session authorization,80,709,0.000334,0.004042,0.0,0.005833,0.011041,0.011041
baseline,Baseline session authorization,80,710,0.000333,0.005209,0.0,0.005916,0.012292,0.012292
baseline,Baseline session authorization,80,711,0.000291,0.003792,0.0,0.00575,0.010625,0.010625
baseline,Baseline session authorization,80,712,0.000291,0.003791,0.0,0.00575,0.010625,0.010625
baseline,Baseline session authorization,80,713,0.000292,0.004042,0.0,0.005792,0.010916,0.010916
baseline,Baseline session authorization,80,714,0.000333,0.00375,0.0,0.005625,0.010458,0.010458
baseline,Baseline session authorization,80,715,0.000333,0.007208,0.0,0.005959,0.014333,0.014333
baseline,Baseline session authorization,80,716,0.000333,0.003917,0.0,0.005834,0.010917,0.010917
baseline,Baseline session authorization,80,717,0.000292,0.00375,0.0,0.016167,0.021166,0.021166
baseline,Baseline session authorization,80,718,0.000333,0.003875,0.0,0.005875,0.010917,0.010917
baseline,Baseline session authorization,80,719,0.000333,0.004084,0.0,0.006708,0.011958,0.011958
baseline,Baseline session authorization,80,720,0.000459,0.005959,0.0,0.006041,0.013375,0.013375
baseline,Baseline session authorization,80,721,0.000375,0.003958,0.0,0.005916,0.011042,0.011042
baseline,Baseline session authorization,80,722,0.000333,0.003833,0.0,0.005792,0.01075,0.01075
baseline,Baseline session authorization,80,723,0.000333,0.004042,0.0,0.005834,0.010958,0.010958
baseline,Baseline session authorization,80,724,0.000292,0.00575,0.0,0.005834,0.012708,0.012708
baseline,Baseline session authorization,80,725,0.000334,0.003792,0.0,0.005583,0.010459,0.010459
baseline,Baseline session authorization,80,726,0.000333,0.003875,0.0,0.00575,0.010708,0.010708
baseline,Baseline session authorization,80,727,0.000334,0.003917,0.0,0.005792,0.010833,0.010833
baseline,Baseline session authorization,80,728,0.000292,0.003917,0.0,0.005834,0.010833,0.010833
baseline,Baseline session authorization,80,729,0.000334,0.004084,0.0,0.005875,0.011083,0.011083
baseline,Baseline session authorization,80,730,0.000292,0.003834,0.0,0.005625,0.0105,0.0105
baseline,Baseline session authorization,80,731,0.000292,0.003792,0.0,0.005667,0.010583,0.010583
baseline,Baseline session authorization,80,732,0.000292,0.003917,0.0,0.005708,0.010792,0.010792
baseline,Baseline session authorization,80,733,0.000375,0.003959,0.0,0.005708,0.010792,0.010792
baseline,Baseline session authorization,80,734,0.000292,0.003875,0.0,0.005625,0.010584,0.010584
baseline,Baseline session authorization,80,735,0.000333,0.004,0.0,0.005833,0.010959,0.010959
baseline,Baseline session authorization,80,736,0.000333,0.003833,0.0,0.005833,0.010834,0.010834
baseline,Baseline session authorization,80,737,0.000291,0.003833,0.0,0.005708,0.010625,0.010625
baseline,Baseline session authorization,80,738,0.000334,0.003917,0.0,0.005666,0.010667,0.010667
baseline,Baseline session authorization,80,739,0.000375,0.003875,0.0,0.005833,0.010875,0.010875
baseline,Baseline session authorization,80,740,0.000291,0.003875,0.0,0.00575,0.010708,0.010708
baseline,Baseline session authorization,80,741,0.000292,0.00375,0.0,0.005792,0.010667,0.010667
baseline,Baseline session authorization,80,742,0.000292,0.004042,0.0,0.00575,0.010916,0.010916
baseline,Baseline session authorization,80,743,0.000291,0.0085,0.0,0.006042,0.015709,0.015709
baseline,Baseline session authorization,80,744,0.001125,0.013542,0.0,0.013042,0.029333,0.029333
baseline,Baseline session authorization,80,745,0.000375,0.003875,0.0,0.00575,0.01075,0.01075
baseline,Baseline session authorization,80,746,0.000459,0.004833,0.0,0.006375,0.012667,0.012667
baseline,Baseline session authorization,80,747,0.000292,0.003792,0.0,0.005708,0.010542,0.010542
baseline,Baseline session authorization,80,748,0.000291,0.005,0.0,0.005958,0.012084,0.012084
baseline,Baseline session authorization,80,749,0.000333,0.003958,0.0,0.005792,0.010875,0.010875
baseline,Baseline session authorization,80,750,0.000333,0.003917,0.0,0.005709,0.01075,0.01075
baseline,Baseline session authorization,80,751,0.000292,0.003791,0.0,0.005708,0.010541,0.010541
baseline,Baseline session authorization,80,752,0.000333,0.004,0.0,0.006125,0.01125,0.01125
baseline,Baseline session authorization,80,753,0.000334,0.003958,0.0,0.005917,0.011041,0.011041
baseline,Baseline session authorization,80,754,0.000334,0.004125,0.0,0.006084,0.011375,0.011375
baseline,Baseline session authorization,80,755,0.000292,0.003709,0.0,0.005667,0.010458,0.010458
baseline,Baseline session authorization,80,756,0.000375,0.004,0.0,0.005708,0.010834,0.010834
baseline,Baseline session authorization,80,757,0.000333,0.003916,0.0,0.005833,0.010833,0.010833
baseline,Baseline session authorization,80,758,0.000334,0.003791,0.0,0.00575,0.01075,0.01075
baseline,Baseline session authorization,80,759,0.000292,0.003667,0.0,0.005792,0.010583,0.010583
baseline,Baseline session authorization,80,760,0.000333,0.004042,0.0,0.005792,0.011,0.011
baseline,Baseline session authorization,80,761,0.000291,0.00375,0.0,0.00575,0.010583,0.010583
baseline,Baseline session authorization,80,762,0.000333,0.003959,0.0,0.005791,0.010917,0.010917
baseline,Baseline session authorization,80,763,0.000333,0.006291,0.0,0.006375,0.013834,0.013834
baseline,Baseline session authorization,80,764,0.000334,0.003875,0.0,0.005834,0.010833,0.010833
baseline,Baseline session authorization,80,765,0.000292,0.005584,0.0,0.005958,0.012708,0.012708
baseline,Baseline session authorization,80,766,0.000292,0.004042,0.0,0.00575,0.010875,0.010875
baseline,Baseline session authorization,80,767,0.000292,0.003792,0.0,0.005667,0.010583,0.010583
baseline,Baseline session authorization,80,768,0.000291,0.01375,0.0,0.006459,0.021333,0.021333
baseline,Baseline session authorization,80,769,0.000333,0.003833,0.0,0.005958,0.010916,0.010916
baseline,Baseline session authorization,80,770,0.000291,0.003791,0.0,0.005792,0.010708,0.010708
baseline,Baseline session authorization,80,771,0.000291,0.003666,0.0,0.00575,0.010542,0.010542
baseline,Baseline session authorization,80,772,0.000292,0.003833,0.0,0.00575,0.010625,0.010625
baseline,Baseline session authorization,80,773,0.000333,0.003792,0.0,0.005708,0.010542,0.010542
baseline,Baseline session authorization,80,774,0.000416,0.004125,0.0,0.006125,0.011458,0.011458
baseline,Baseline session authorization,80,775,0.000333,0.003791,0.0,0.00575,0.010667,0.010667
baseline,Baseline session authorization,80,776,0.000333,0.00375,0.0,0.00575,0.010583,0.010583
baseline,Baseline session authorization,80,777,0.000333,0.004,0.0,0.006041,0.011209,0.011209
baseline,Baseline session authorization,80,778,0.000291,0.003875,0.0,0.005708,0.010667,0.010667
baseline,Baseline session authorization,80,779,0.000292,0.00375,0.0,0.00575,0.010583,0.010583
baseline,Baseline session authorization,80,780,0.000334,0.004084,0.0,0.005875,0.011,0.011
baseline,Baseline session authorization,80,781,0.000333,0.003791,0.0,0.00575,0.010667,0.010667
baseline,Baseline session authorization,80,782,0.000292,0.003875,0.0,0.005709,0.010666,0.010666
baseline,Baseline session authorization,80,783,0.000334,0.003917,0.0,0.005875,0.010916,0.010916
baseline,Baseline session authorization,80,784,0.000334,0.00525,0.0,0.005917,0.01225,0.01225
baseline,Baseline session authorization,80,785,0.000333,0.003875,0.0,0.006,0.011042,0.011042
baseline,Baseline session authorization,80,786,0.000333,0.003792,0.0,0.00575,0.010583,0.010583
baseline,Baseline session authorization,80,787,0.000334,0.004541,0.0,0.006042,0.011917,0.011917
baseline,Baseline session authorization,80,788,0.000334,0.003958,0.0,0.005875,0.010958,0.010958
baseline,Baseline session authorization,80,789,0.000292,0.00375,0.0,0.005708,0.010542,0.010542
baseline,Baseline session authorization,80,790,0.000291,0.003791,0.0,0.005708,0.010542,0.010542
baseline,Baseline session authorization,80,791,0.000292,0.006792,0.0,0.005958,0.013875,0.013875
baseline,Baseline session authorization,80,792,0.000333,0.003875,0.0,0.005792,0.010792,0.010792
baseline,Baseline session authorization,80,793,0.000292,0.003834,0.0,0.00575,0.010625,0.010625
baseline,Baseline session authorization,80,794,0.000291,0.003791,0.0,0.005666,0.010584,0.010584
baseline,Baseline session authorization,80,795,0.000292,0.003833,0.0,0.005708,0.010583,0.010583
baseline,Baseline session authorization,80,796,0.000292,0.003708,0.0,0.005791,0.010542,0.010542
baseline,Baseline session authorization,80,797,0.000334,0.004083,0.0,0.006084,0.011375,0.011375
baseline,Baseline session authorization,80,798,0.000292,0.003792,0.0,0.00575,0.010667,0.010667
baseline,Baseline session authorization,80,799,0.000333,0.004084,0.0,0.005833,0.011042,0.011042
baseline,Baseline session authorization,80,800,0.000334,0.003958,0.0,0.006042,0.011166,0.011166
baseline,Baseline session authorization,80,801,0.000292,0.00375,0.0,0.005625,0.0105,0.0105
baseline,Baseline session authorization,80,802,0.000291,0.003833,0.0,0.005708,0.010625,0.010625
baseline,Baseline session authorization,80,803,0.000334,0.003833,0.0,0.00575,0.010709,0.010709
baseline,Baseline session authorization,80,804,0.000334,0.005167,0.0,0.005875,0.012166,0.012166
baseline,Baseline session authorization,80,805,0.000292,0.003792,0.0,0.005792,0.010625,0.010625
baseline,Baseline session authorization,80,806,0.000292,0.003834,0.0,0.005792,0.010625,0.010625
baseline,Baseline session authorization,80,807,0.000291,0.003916,0.0,0.005792,0.010875,0.010875
baseline,Baseline session authorization,80,808,0.000334,0.004083,0.0,0.006166,0.011416,0.011416
baseline,Baseline session authorization,80,809,0.000333,0.003792,0.0,0.005792,0.010708,0.010708
baseline,Baseline session authorization,80,810,0.000333,0.003959,0.0,0.00575,0.010875,0.010875
baseline,Baseline session authorization,80,811,0.000292,0.004042,0.0,0.005833,0.011,0.011
baseline,Baseline session authorization,80,812,0.000292,0.003667,0.0,0.005667,0.010458,0.010458
baseline,Baseline session authorization,80,813,0.000291,0.005125,0.0,0.005792,0.011958,0.011958
baseline,Baseline session authorization,80,814,0.000292,0.003875,0.0,0.005792,0.01075,0.01075
baseline,Baseline session authorization,80,815,0.000291,0.00375,0.0,0.005667,0.0105,0.0105
baseline,Baseline session authorization,80,816,0.000333,0.003791,0.0,0.005708,0.010584,0.010584
baseline,Baseline session authorization,80,817,0.000291,0.003708,0.0,0.005709,0.010542,0.010542
baseline,Baseline session authorization,80,818,0.000333,0.005459,0.0,0.005958,0.012541,0.012541
baseline,Baseline session authorization,80,819,0.000292,0.004042,0.0,0.00575,0.010958,0.010958
baseline,Baseline session authorization,80,820,0.000333,0.003958,0.0,0.006042,0.011125,0.011125
baseline,Baseline session authorization,80,821,0.000333,0.00375,0.0,0.00575,0.010583,0.010583
baseline,Baseline session authorization,80,822,0.000333,0.003959,0.0,0.00575,0.010833,0.010833
baseline,Baseline session authorization,80,823,0.000333,0.003917,0.0,0.005959,0.011,0.011
baseline,Baseline session authorization,80,824,0.000291,0.003833,0.0,0.005709,0.010583,0.010583
baseline,Baseline session authorization,80,825,0.000334,0.003833,0.0,0.00575,0.010708,0.010708
baseline,Baseline session authorization,80,826,0.000333,0.005041,0.0,0.005958,0.012166,0.012166
baseline,Baseline session authorization,80,827,0.000375,0.003708,0.0,0.005708,0.010584,0.010584
baseline,Baseline session authorization,80,828,0.000334,0.00375,0.0,0.00575,0.010625,0.010625
baseline,Baseline session authorization,80,829,0.00025,0.003708,0.0,0.005625,0.010417,0.010417
baseline,Baseline session authorization,80,830,0.000292,0.003792,0.0,0.005792,0.010708,0.010708
baseline,Baseline session authorization,80,831,0.000333,0.004166,0.0,0.005875,0.01125,0.01125
baseline,Baseline session authorization,80,832,0.000291,0.003791,0.0,0.00575,0.010709,0.010709
baseline,Baseline session authorization,80,833,0.000375,0.004041,0.0,0.00575,0.010916,0.010916
baseline,Baseline session authorization,80,834,0.000334,0.004167,0.0,0.006458,0.01175,0.01175
baseline,Baseline session authorization,80,835,0.000292,0.00375,0.0,0.005667,0.010542,0.010542
baseline,Baseline session authorization,80,836,0.000292,0.00375,0.0,0.00575,0.010666,0.010666
baseline,Baseline session authorization,80,837,0.000334,0.003875,0.0,0.00575,0.010709,0.010709
baseline,Baseline session authorization,80,838,0.000292,0.00375,0.0,0.005667,0.0105,0.0105
baseline,Baseline session authorization,80,839,0.000333,0.003916,0.0,0.005708,0.010708,0.010708
baseline,Baseline session authorization,80,840,0.000333,0.00375,0.0,0.005791,0.010625,0.010625
baseline,Baseline session authorization,80,841,0.000333,0.005375,0.0,0.005958,0.0125,0.0125
baseline,Baseline session authorization,80,842,0.000375,0.004333,0.0,0.006041,0.011708,0.011708
baseline,Baseline session authorization,80,843,0.000291,0.003833,0.0,0.005792,0.010667,0.010667
baseline,Baseline session authorization,80,844,0.000333,0.003792,0.0,0.005708,0.010584,0.010584
baseline,Baseline session authorization,80,845,0.000375,0.004041,0.0,0.005875,0.011041,0.011041
baseline,Baseline session authorization,80,846,0.000292,0.004125,0.0,0.006375,0.011584,0.011584
baseline,Baseline session authorization,80,847,0.000333,0.003791,0.0,0.005708,0.010625,0.010625
baseline,Baseline session authorization,80,848,0.000333,0.00375,0.0,0.005791,0.010667,0.010667
baseline,Baseline session authorization,80,849,0.000334,0.004042,0.0,0.005875,0.011041,0.011041
baseline,Baseline session authorization,80,850,0.000333,0.003916,0.0,0.006,0.011084,0.011084
baseline,Baseline session authorization,80,851,0.000292,0.003709,0.0,0.005667,0.010458,0.010458
baseline,Baseline session authorization,80,852,0.000375,0.004333,0.0,0.00575,0.011291,0.011291
baseline,Baseline session authorization,80,853,0.000292,0.003959,0.0,0.005833,0.010875,0.010875
baseline,Baseline session authorization,80,854,0.000292,0.00375,0.0,0.00575,0.010625,0.010625
baseline,Baseline session authorization,80,855,0.000292,0.003792,0.0,0.005708,0.010584,0.010584
baseline,Baseline session authorization,80,856,0.000334,0.005792,0.0,0.006083,0.013041,0.013041
baseline,Baseline session authorization,80,857,0.000375,0.004125,0.0,0.006416,0.011667,0.011667
baseline,Baseline session authorization,80,858,0.000292,0.003834,0.0,0.00575,0.010708,0.010708
baseline,Baseline session authorization,80,859,0.000333,0.004083,0.0,0.005792,0.010958,0.010958
baseline,Baseline session authorization,80,860,0.000334,0.003792,0.0,0.00575,0.010708,0.010708
baseline,Baseline session authorization,80,861,0.000292,0.00525,0.0,0.005917,0.01225,0.01225
baseline,Baseline session authorization,80,862,0.000333,0.003875,0.0,0.005875,0.010834,0.010834
baseline,Baseline session authorization,80,863,0.000291,0.003792,0.0,0.00575,0.010625,0.010625
baseline,Baseline session authorization,80,864,0.000292,0.00375,0.0,0.005709,0.010541,0.010541
baseline,Baseline session authorization,80,865,0.000334,0.003875,0.0,0.005708,0.010625,0.010625
baseline,Baseline session authorization,80,866,0.000333,0.004125,0.0,0.005791,0.011042,0.011042
baseline,Baseline session authorization,80,867,0.000292,0.003959,0.0,0.006083,0.011166,0.011166
baseline,Baseline session authorization,80,868,0.000334,0.00375,0.0,0.005792,0.010625,0.010625
baseline,Baseline session authorization,80,869,0.000333,0.004,0.0,0.005833,0.011,0.011
baseline,Baseline session authorization,80,870,0.000334,0.004125,0.0,0.0085,0.013875,0.013875
baseline,Baseline session authorization,80,871,0.000292,0.003958,0.0,0.005708,0.01075,0.01075
baseline,Baseline session authorization,80,872,0.000583,0.004917,0.0,0.006541,0.013084,0.013084
baseline,Baseline session authorization,80,873,0.000333,0.003916,0.0,0.005792,0.010875,0.010875
baseline,Baseline session authorization,80,874,0.000375,0.005417,0.0,0.005958,0.0125,0.0125
baseline,Baseline session authorization,80,875,0.000291,0.00375,0.0,0.00575,0.010625,0.010625
baseline,Baseline session authorization,80,876,0.000292,0.00375,0.0,0.005834,0.010708,0.010708
baseline,Baseline session authorization,80,877,0.000375,0.003834,0.0,0.005667,0.010625,0.010625
baseline,Baseline session authorization,80,878,0.000375,0.004042,0.0,0.005958,0.011167,0.011167
baseline,Baseline session authorization,80,879,0.000333,0.004208,0.0,0.006208,0.011542,0.011542
baseline,Baseline session authorization,80,880,0.000333,0.003834,0.0,0.005666,0.010583,0.010583
baseline,Baseline session authorization,80,881,0.000334,0.003958,0.0,0.005708,0.010791,0.010791
baseline,Baseline session authorization,80,882,0.000333,0.00375,0.0,0.005667,0.010584,0.010584
baseline,Baseline session authorization,80,883,0.000333,0.004083,0.0,0.006458,0.011834,0.011834
baseline,Baseline session authorization,80,884,0.000375,0.003958,0.0,0.006,0.011125,0.011125
baseline,Baseline session authorization,80,885,0.001208,0.014584,0.0,0.012458,0.030125,0.030125
baseline,Baseline session authorization,80,886,0.001,0.0105,0.0,0.029708,0.043375,0.043375
baseline,Baseline session authorization,80,887,0.001,0.011125,0.0,0.010792,0.024375,0.024375
baseline,Baseline session authorization,80,888,0.000334,0.005375,0.0,0.005958,0.0125,0.0125
baseline,Baseline session authorization,80,889,0.000375,0.003917,0.0,0.005833,0.010958,0.010958
baseline,Baseline session authorization,80,890,0.000375,0.004167,0.0,0.006625,0.012041,0.012041
baseline,Baseline session authorization,80,891,0.000334,0.004042,0.0,0.006,0.011208,0.011208
baseline,Baseline session authorization,80,892,0.000583,0.004792,0.0,0.006625,0.012917,0.012917
baseline,Baseline session authorization,80,893,0.00075,0.008542,0.0,0.006458,0.016625,0.016625
baseline,Baseline session authorization,80,894,0.000375,0.004625,0.0,0.00625,0.012167,0.012167
baseline,Baseline session authorization,80,895,0.000333,0.003875,0.0,0.005791,0.010792,0.010792
baseline,Baseline session authorization,80,896,0.000292,0.003792,0.0,0.00575,0.010708,0.010708
baseline,Baseline session authorization,80,897,0.000375,0.004,0.0,0.005791,0.010959,0.010959
baseline,Baseline session authorization,80,898,0.000333,0.003959,0.0,0.006041,0.011208,0.011208
baseline,Baseline session authorization,80,899,0.000375,0.004,0.0,0.006041,0.01125,0.01125
baseline,Baseline session authorization,80,900,0.000291,0.003791,0.0,0.00575,0.010625,0.010625
baseline,Baseline session authorization,80,901,0.000291,0.005666,0.0,0.005958,0.012708,0.012708
baseline,Baseline session authorization,80,902,0.000333,0.004083,0.0,0.006167,0.0115,0.0115
baseline,Baseline session authorization,80,903,0.000375,0.004,0.0,0.005959,0.011125,0.011125
baseline,Baseline session authorization,80,904,0.000292,0.003875,0.0,0.005584,0.010542,0.010542
baseline,Baseline session authorization,80,905,0.000292,0.004125,0.0,0.006083,0.011417,0.011417
baseline,Baseline session authorization,80,906,0.000333,0.003709,0.0,0.005708,0.010542,0.010542
baseline,Baseline session authorization,80,907,0.000334,0.004167,0.0,0.005875,0.011166,0.011166
baseline,Baseline session authorization,80,908,0.000334,0.003916,0.0,0.006084,0.01125,0.01125
baseline,Baseline session authorization,80,909,0.001334,0.013667,0.0,0.011625,0.028333,0.028333
baseline,Baseline session authorization,80,910,0.000292,0.00375,0.0,0.00575,0.010542,0.010542
baseline,Baseline session authorization,80,911,0.000333,0.004125,0.0,0.006041,0.011334,0.011334
baseline,Baseline session authorization,80,912,0.000291,0.004,0.0,0.005959,0.011125,0.011125
baseline,Baseline session authorization,80,913,0.000291,0.003708,0.0,0.005667,0.0105,0.0105
baseline,Baseline session authorization,80,914,0.000333,0.004,0.0,0.005833,0.010917,0.010917
baseline,Baseline session authorization,80,915,0.000333,0.005208,0.0,0.00625,0.012584,0.012584
baseline,Baseline session authorization,80,916,0.000334,0.003709,0.0,0.005708,0.0105,0.0105
baseline,Baseline session authorization,80,917,0.000333,0.004167,0.0,0.006334,0.011583,0.011583
baseline,Baseline session authorization,80,918,0.000292,0.003833,0.0,0.005791,0.010709,0.010709
baseline,Baseline session authorization,80,919,0.000583,0.006375,0.0,0.012625,0.020959,0.020959
baseline,Baseline session authorization,80,920,0.000333,0.003667,0.0,0.005667,0.010417,0.010417
baseline,Baseline session authorization,80,921,0.000334,0.00425,0.0,0.006209,0.011583,0.011583
baseline,Baseline session authorization,80,922,0.000375,0.003917,0.0,0.005834,0.010917,0.010917
baseline,Baseline session authorization,80,923,0.000917,0.013792,0.0,0.013083,0.029334,0.029334
baseline,Baseline session authorization,80,924,0.000292,0.003792,0.0,0.005708,0.010584,0.010584
baseline,Baseline session authorization,80,925,0.000333,0.003959,0.0,0.006375,0.011542,0.011542
baseline,Baseline session authorization,80,926,0.000916,0.011541,0.0,0.010833,0.024792,0.024792
baseline,Baseline session authorization,80,927,0.000292,0.005208,0.0,0.005875,0.012208,0.012208
baseline,Baseline session authorization,80,928,0.000708,0.011291,0.0,0.01175,0.025583,0.025583
baseline,Baseline session authorization,80,929,0.000333,0.004042,0.0,0.006,0.011208,0.011208
baseline,Baseline session authorization,80,930,0.000292,0.003792,0.0,0.005708,0.010625,0.010625
baseline,Baseline session authorization,80,931,0.000333,0.004,0.0,0.006,0.011167,0.011167
baseline,Baseline session authorization,80,932,0.001083,0.011167,0.0,0.010792,0.0245,0.0245
baseline,Baseline session authorization,80,933,0.000334,0.003917,0.0,0.00575,0.010833,0.010833
baseline,Baseline session authorization,80,934,0.000333,0.003917,0.0,0.006,0.011125,0.011125
baseline,Baseline session authorization,80,935,0.000333,0.004,0.0,0.005958,0.011208,0.011208
baseline,Baseline session authorization,80,936,0.000625,0.005917,0.0,0.007083,0.014708,0.014708
baseline,Baseline session authorization,80,937,0.000292,0.00375,0.0,0.005708,0.010542,0.010542
baseline,Baseline session authorization,80,938,0.000334,0.004125,0.0,0.005958,0.011333,0.011333
baseline,Baseline session authorization,80,939,0.000333,0.003875,0.0,0.005792,0.010708,0.010708
baseline,Baseline session authorization,80,940,0.000666,0.007,0.0,0.009041,0.017917,0.017917
baseline,Baseline session authorization,80,941,0.000292,0.003833,0.0,0.005666,0.010584,0.010584
baseline,Baseline session authorization,80,942,0.000958,0.008208,0.0,0.009208,0.019875,0.019875
baseline,Baseline session authorization,80,943,0.000334,0.003958,0.0,0.005917,0.011125,0.011125
baseline,Baseline session authorization,80,944,0.000333,0.004042,0.0,0.006041,0.011292,0.011292
baseline,Baseline session authorization,80,945,0.000292,0.00375,0.0,0.005709,0.0105,0.0105
baseline,Baseline session authorization,80,946,0.000334,0.005375,0.0,0.006458,0.013,0.013
baseline,Baseline session authorization,80,947,0.000375,0.003958,0.0,0.005875,0.011042,0.011042
baseline,Baseline session authorization,80,948,0.000375,0.003958,0.0,0.005959,0.011083,0.011083
baseline,Baseline session authorization,80,949,0.000375,0.004167,0.0,0.006166,0.011542,0.011542
baseline,Baseline session authorization,80,950,0.000292,0.003792,0.0,0.005709,0.010625,0.010625
baseline,Baseline session authorization,80,951,0.000333,0.004125,0.0,0.006,0.01125,0.01125
baseline,Baseline session authorization,80,952,0.000375,0.004209,0.0,0.006417,0.011833,0.011833
baseline,Baseline session authorization,80,953,0.000333,0.004,0.0,0.005916,0.011125,0.011125
baseline,Baseline session authorization,80,954,0.000292,0.005125,0.0,0.005875,0.012083,0.012083
baseline,Baseline session authorization,80,955,0.000333,0.003875,0.0,0.005958,0.011,0.011
baseline,Baseline session authorization,80,956,0.000334,0.003833,0.0,0.005833,0.010791,0.010791
baseline,Baseline session authorization,80,957,0.000333,0.004166,0.0,0.006083,0.011334,0.011334
baseline,Baseline session authorization,80,958,0.000333,0.003916,0.0,0.006125,0.011209,0.011209
baseline,Baseline session authorization,80,959,0.000333,0.004167,0.0,0.006167,0.0115,0.0115
baseline,Baseline session authorization,80,960,0.000292,0.00375,0.0,0.005708,0.010584,0.010584
baseline,Baseline session authorization,80,961,0.000333,0.004,0.0,0.005959,0.011167,0.011167
baseline,Baseline session authorization,80,962,0.000291,0.003833,0.0,0.00575,0.010667,0.010667
baseline,Baseline session authorization,80,963,0.000291,0.003916,0.0,0.00625,0.011292,0.011292
baseline,Baseline session authorization,80,964,0.000333,0.003791,0.0,0.005791,0.010667,0.010667
baseline,Baseline session authorization,80,965,0.0005,0.005167,0.0,0.006208,0.01275,0.01275
baseline,Baseline session authorization,80,966,0.000333,0.003958,0.0,0.006,0.011042,0.011042
baseline,Baseline session authorization,80,967,0.000333,0.005417,0.0,0.006208,0.012792,0.012792
baseline,Baseline session authorization,80,968,0.000291,0.00375,0.0,0.005792,0.010667,0.010667
baseline,Baseline session authorization,80,969,0.000333,0.004084,0.0,0.006,0.011292,0.011292
baseline,Baseline session authorization,80,970,0.001208,0.016084,0.0,0.012458,0.031625,0.031625
baseline,Baseline session authorization,80,971,0.000291,0.003875,0.0,0.00575,0.01075,0.01075
baseline,Baseline session authorization,80,972,0.000375,0.003958,0.0,0.005958,0.011041,0.011041
baseline,Baseline session authorization,80,973,0.000333,0.004,0.0,0.006041,0.01125,0.01125
baseline,Baseline session authorization,80,974,0.000292,0.003708,0.0,0.00575,0.010584,0.010584
baseline,Baseline session authorization,80,975,0.000375,0.004125,0.0,0.00625,0.011542,0.011542
baseline,Baseline session authorization,80,976,0.000333,0.004083,0.0,0.006208,0.011417,0.011417
baseline,Baseline session authorization,80,977,0.000375,0.004083,0.0,0.005916,0.011167,0.011167
baseline,Baseline session authorization,80,978,0.000334,0.003958,0.0,0.005917,0.011083,0.011083
baseline,Baseline session authorization,80,979,0.000416,0.004625,0.0,0.006334,0.012208,0.012208
baseline,Baseline session authorization,80,980,0.000292,0.003792,0.0,0.005708,0.010667,0.010667
baseline,Baseline session authorization,80,981,0.000333,0.004084,0.0,0.006167,0.011333,0.011333
baseline,Baseline session authorization,80,982,0.000375,0.003875,0.0,0.005792,0.010792,0.010792
baseline,Baseline session authorization,80,983,0.000333,0.008292,0.0,0.006417,0.015875,0.015875
baseline,Baseline session authorization,80,984,0.000333,0.004042,0.0,0.005958,0.011208,0.011208
baseline,Baseline session authorization,80,985,0.000292,0.003834,0.0,0.005708,0.01075,0.01075
baseline,Baseline session authorization,80,986,0.000334,0.004,0.0,0.006417,0.011666,0.011666
baseline,Baseline session authorization,80,987,0.000292,0.004125,0.0,0.006208,0.011416,0.011416
baseline,Baseline session authorization,80,988,0.000333,0.003833,0.0,0.005708,0.010583,0.010583
baseline,Baseline session authorization,80,989,0.000291,0.003791,0.0,0.005833,0.01075,0.01075
baseline,Baseline session authorization,80,990,0.000334,0.004042,0.0,0.006459,0.011708,0.011708
baseline,Baseline session authorization,80,991,0.000375,0.004708,0.0,0.006083,0.012083,0.012083
baseline,Baseline session authorization,80,992,0.000333,0.004083,0.0,0.006375,0.011584,0.011584
baseline,Baseline session authorization,80,993,0.000375,0.004125,0.0,0.006209,0.0115,0.0115
baseline,Baseline session authorization,80,994,0.001292,0.012125,0.0,0.01,0.025084,0.025084
baseline,Baseline session authorization,80,995,0.000417,0.005334,0.0,0.00625,0.012875,0.012875
baseline,Baseline session authorization,80,996,0.000375,0.00575,0.0,0.006208,0.013167,0.013167
baseline,Baseline session authorization,80,997,0.000333,0.003791,0.0,0.00575,0.010667,0.010667
baseline,Baseline session authorization,80,998,0.000416,0.004416,0.0,0.006292,0.013875,0.013875
baseline,Baseline session authorization,80,999,0.000417,0.004458,0.0,0.00625,0.011959,0.011959
baseline,Baseline session authorization,80,1000,0.000375,0.003875,0.0,0.005875,0.010958,0.010958
baseline,Baseline session authorization,80,1001,0.000334,0.003792,0.0,0.005792,0.01075,0.01075
baseline,Baseline session authorization,80,1002,0.000334,0.004208,0.0,0.006,0.011417,0.011417
baseline,Baseline session authorization,80,1003,0.000459,0.00525,0.0,0.006334,0.012834,0.012834
baseline,Baseline session authorization,80,1004,0.000334,0.003875,0.0,0.005708,0.010792,0.010792
baseline,Baseline session authorization,80,1005,0.001167,0.009,0.0,0.010542,0.022292,0.022292
baseline,Baseline session authorization,80,1006,0.000333,0.005459,0.0,0.00625,0.012875,0.012875
baseline,Baseline session authorization,80,1007,0.000292,0.003875,0.0,0.005709,0.010708,0.010708
baseline,Baseline session authorization,80,1008,0.000333,0.004042,0.0,0.005958,0.011125,0.011125
baseline,Baseline session authorization,80,1009,0.000333,0.004042,0.0,0.006208,0.011417,0.011417
baseline,Baseline session authorization,80,1010,0.000333,0.004,0.0,0.006,0.011209,0.011209
baseline,Baseline session authorization,80,1011,0.000375,0.005458,0.0,0.005959,0.012542,0.012542
baseline,Baseline session authorization,80,1012,0.000333,0.003709,0.0,0.00575,0.010541,0.010541
baseline,Baseline session authorization,80,1013,0.000333,0.004125,0.0,0.006083,0.011291,0.011291
baseline,Baseline session authorization,80,1014,0.000459,0.004041,0.0,0.006125,0.0115,0.0115
baseline,Baseline session authorization,80,1015,0.000375,0.004292,0.0,0.006208,0.011709,0.011709
baseline,Baseline session authorization,80,1016,0.000375,0.004084,0.0,0.005833,0.011125,0.011125
baseline,Baseline session authorization,80,1017,0.000334,0.004125,0.0,0.00625,0.011541,0.011541
baseline,Baseline session authorization,80,1018,0.000375,0.004083,0.0,0.006,0.011292,0.011292
baseline,Baseline session authorization,80,1019,0.000333,0.007,0.0,0.006041,0.014209,0.014209
baseline,Baseline session authorization,80,1020,0.000416,0.004917,0.0,0.006875,0.013208,0.013208
baseline,Baseline session authorization,80,1021,0.000375,0.004125,0.0,0.006084,0.011375,0.011375
baseline,Baseline session authorization,80,1022,0.000333,0.004,0.0,0.006042,0.011208,0.011208
baseline,Baseline session authorization,80,1023,0.000292,0.003792,0.0,0.00575,0.010625,0.010625
baseline,Baseline session authorization,80,1024,0.000292,0.003917,0.0,0.00575,0.010791,0.010791
baseline,Baseline session authorization,80,1025,0.000291,0.004,0.0,0.006083,0.011167,0.011167
baseline,Baseline session authorization,80,1026,0.000375,0.004083,0.0,0.006,0.011292,0.011292
baseline,Baseline session authorization,80,1027,0.000333,0.004125,0.0,0.006208,0.0115,0.0115
baseline,Baseline session authorization,80,1028,0.000375,0.004833,0.0,0.006208,0.012292,0.012292
baseline,Baseline session authorization,80,1029,0.000292,0.003833,0.0,0.005666,0.010542,0.010542
baseline,Baseline session authorization,80,1030,0.000333,0.004042,0.0,0.006209,0.011417,0.011417
baseline,Baseline session authorization,80,1031,0.000334,0.003917,0.0,0.005958,0.011041,0.011041
baseline,Baseline session authorization,80,1032,0.000375,0.003875,0.0,0.00575,0.010792,0.010792
baseline,Baseline session authorization,80,1033,0.000333,0.004041,0.0,0.006,0.011125,0.011125
baseline,Baseline session authorization,80,1034,0.000333,0.004167,0.0,0.006083,0.0115,0.0115
baseline,Baseline session authorization,80,1035,0.000333,0.003959,0.0,0.006,0.011083,0.011083
baseline,Baseline session authorization,80,1036,0.000291,0.003875,0.0,0.005708,0.010667,0.010667
baseline,Baseline session authorization,80,1037,0.000333,0.003834,0.0,0.006,0.010916,0.010916
baseline,Baseline session authorization,80,1038,0.000292,0.004084,0.0,0.006,0.011208,0.011208
baseline,Baseline session authorization,80,1039,0.000375,0.004125,0.0,0.00625,0.011583,0.011583
baseline,Baseline session authorization,80,1040,0.000334,0.004042,0.0,0.006125,0.01125,0.01125
baseline,Baseline session authorization,80,1041,0.000292,0.004833,0.0,0.005875,0.011834,0.011834
baseline,Baseline session authorization,80,1042,0.000375,0.006125,0.0,0.006333,0.013708,0.013708
baseline,Baseline session authorization,80,1043,0.000375,0.003792,0.0,0.005709,0.010667,0.010667
baseline,Baseline session authorization,80,1044,0.000292,0.004,0.0,0.006,0.011125,0.011125
baseline,Baseline session authorization,80,1045,0.000333,0.004125,0.0,0.005875,0.011125,0.011125
baseline,Baseline session authorization,80,1046,0.000291,0.00375,0.0,0.005666,0.0105,0.0105
baseline,Baseline session authorization,80,1047,0.000291,0.003875,0.0,0.005834,0.010917,0.010917
baseline,Baseline session authorization,80,1048,0.000292,0.004042,0.0,0.005958,0.011125,0.011125
baseline,Baseline session authorization,80,1049,0.000333,0.004,0.0,0.006209,0.011375,0.011375
baseline,Baseline session authorization,80,1050,0.000291,0.003833,0.0,0.005667,0.010583,0.010583
baseline,Baseline session authorization,80,1051,0.000333,0.004292,0.0,0.006417,0.011916,0.011916
baseline,Baseline session authorization,80,1052,0.000292,0.00375,0.0,0.005708,0.010625,0.010625
baseline,Baseline session authorization,80,1053,0.000334,0.003917,0.0,0.006083,0.011125,0.011125
baseline,Baseline session authorization,80,1054,0.000291,0.003792,0.0,0.005708,0.010667,0.010667
baseline,Baseline session authorization,80,1055,0.000333,0.00375,0.0,0.005666,0.010542,0.010542
baseline,Baseline session authorization,80,1056,0.000959,0.011292,0.0,0.010875,0.024667,0.024667
baseline,Baseline session authorization,80,1057,0.000333,0.003959,0.0,0.006125,0.01125,0.01125
baseline,Baseline session authorization,80,1058,0.000334,0.004,0.0,0.006125,0.011291,0.011291
baseline,Baseline session authorization,80,1059,0.000333,0.004208,0.0,0.006167,0.011542,0.011542
baseline,Baseline session authorization,80,1060,0.000292,0.003833,0.0,0.00575,0.010667,0.010667
baseline,Baseline session authorization,80,1061,0.000334,0.004042,0.0,0.006167,0.011333,0.011333
baseline,Baseline session authorization,80,1062,0.000333,0.004,0.0,0.006,0.011209,0.011209
baseline,Baseline session authorization,80,1063,0.000292,0.003709,0.0,0.005708,0.010583,0.010583
baseline,Baseline session authorization,80,1064,0.000333,0.004041,0.0,0.006,0.011125,0.011125
baseline,Baseline session authorization,80,1065,0.000375,0.004041,0.0,0.006959,0.012208,0.012208
baseline,Baseline session authorization,80,1066,0.000292,0.003833,0.0,0.005791,0.010709,0.010709
baseline,Baseline session authorization,80,1067,0.000375,0.004708,0.0,0.006209,0.012209,0.012209
baseline,Baseline session authorization,80,1068,0.000333,0.004042,0.0,0.005834,0.011042,0.011042
baseline,Baseline session authorization,80,1069,0.000333,0.003958,0.0,0.006,0.011084,0.011084
baseline,Baseline session authorization,80,1070,0.000333,0.004083,0.0,0.006125,0.011417,0.011417
baseline,Baseline session authorization,80,1071,0.000333,0.004,0.0,0.006,0.011125,0.011125
baseline,Baseline session authorization,80,1072,0.000291,0.003875,0.0,0.00575,0.010667,0.010667
baseline,Baseline session authorization,80,1073,0.000292,0.003959,0.0,0.006167,0.011208,0.011208
baseline,Baseline session authorization,80,1074,0.000292,0.003958,0.0,0.005959,0.011125,0.011125
baseline,Baseline session authorization,80,1075,0.000292,0.003792,0.0,0.005791,0.010709,0.010709
baseline,Baseline session authorization,80,1076,0.000292,0.005459,0.0,0.00625,0.012833,0.012833
baseline,Baseline session authorization,80,1077,0.000333,0.004084,0.0,0.005958,0.011208,0.011208
baseline,Baseline session authorization,80,1078,0.000334,0.003875,0.0,0.00575,0.01075,0.01075
baseline,Baseline session authorization,80,1079,0.000375,0.004084,0.0,0.006083,0.011417,0.011417
baseline,Baseline session authorization,80,1080,0.000334,0.015125,0.0,0.0065,0.022792,0.022792
baseline,Baseline session authorization,80,1081,0.000333,0.003959,0.0,0.006083,0.011125,0.011125
baseline,Baseline session authorization,80,1082,0.000334,0.005667,0.0,0.006458,0.013291,0.013291
baseline,Baseline session authorization,80,1083,0.000333,0.004084,0.0,0.006,0.01125,0.01125
baseline,Baseline session authorization,80,1084,0.000333,0.004084,0.0,0.005791,0.011,0.011
baseline,Baseline session authorization,80,1085,0.000333,0.004,0.0,0.006,0.011208,0.011208
baseline,Baseline session authorization,80,1086,0.000333,0.003666,0.0,0.005709,0.010542,0.010542
baseline,Baseline session authorization,80,1087,0.000334,0.003958,0.0,0.006084,0.01125,0.01125
baseline,Baseline session authorization,80,1088,0.000334,0.004083,0.0,0.006,0.01125,0.01125
baseline,Baseline session authorization,80,1089,0.000292,0.005334,0.0,0.008458,0.014916,0.014916
baseline,Baseline session authorization,80,1090,0.000333,0.005458,0.0,0.006625,0.013333,0.013333
baseline,Baseline session authorization,80,1091,0.000375,0.00425,0.0,0.005875,0.011292,0.011292
baseline,Baseline session authorization,80,1092,0.000333,0.004,0.0,0.006084,0.01125,0.01125
baseline,Baseline session authorization,80,1093,0.000291,0.003791,0.0,0.005708,0.010541,0.010541
baseline,Baseline session authorization,80,1094,0.000375,0.004042,0.0,0.006125,0.011375,0.011375
baseline,Baseline session authorization,80,1095,0.000292,0.003792,0.0,0.005709,0.010625,0.010625
baseline,Baseline session authorization,80,1096,0.000375,0.004125,0.0,0.006041,0.011334,0.011334
baseline,Baseline session authorization,80,1097,0.000334,0.003875,0.0,0.00575,0.01075,0.01075
baseline,Baseline session authorization,80,1098,0.000334,0.003958,0.0,0.006833,0.012083,0.012083
baseline,Baseline session authorization,80,1099,0.000375,0.004542,0.0,0.005875,0.011667,0.011667
baseline,Baseline session authorization,80,1100,0.000333,0.004125,0.0,0.006167,0.011416,0.011416
baseline,Baseline session authorization,80,1101,0.000333,0.004084,0.0,0.006,0.01125,0.01125
baseline,Baseline session authorization,80,1102,0.000292,0.003833,0.0,0.005709,0.010667,0.010667
baseline,Baseline session authorization,80,1103,0.000333,0.004042,0.0,0.006125,0.011375,0.011375
baseline,Baseline session authorization,80,1104,0.000333,0.003833,0.0,0.005834,0.010792,0.010792
baseline,Baseline session authorization,80,1105,0.000292,0.004,0.0,0.006042,0.011166,0.011166
baseline,Baseline session authorization,80,1106,0.000333,0.003959,0.0,0.006083,0.011209,0.011209
baseline,Baseline session authorization,80,1107,0.000333,0.003834,0.0,0.005833,0.01075,0.01075
baseline,Baseline session authorization,80,1108,0.000416,0.00475,0.0,0.005875,0.011833,0.011833
baseline,Baseline session authorization,80,1109,0.000333,0.003958,0.0,0.006042,0.011125,0.011125
baseline,Baseline session authorization,80,1110,0.000292,0.005417,0.0,0.006333,0.012917,0.012917
baseline,Baseline session authorization,80,1111,0.000292,0.00375,0.0,0.005708,0.010541,0.010541
baseline,Baseline session authorization,80,1112,0.000334,0.003916,0.0,0.006083,0.011166,0.011166
baseline,Baseline session authorization,80,1113,0.000334,0.003709,0.0,0.00575,0.010583,0.010583
baseline,Baseline session authorization,80,1114,0.000292,0.003875,0.0,0.00575,0.010709,0.010709
baseline,Baseline session authorization,80,1115,0.001542,0.015542,0.0,0.014666,0.034,0.034
baseline,Baseline session authorization,80,1116,0.000334,0.003958,0.0,0.006042,0.011125,0.011125
baseline,Baseline session authorization,80,1117,0.000334,0.003875,0.0,0.005875,0.010916,0.010916
baseline,Baseline session authorization,80,1118,0.000334,0.004042,0.0,0.006,0.01125,0.01125
baseline,Baseline session authorization,80,1119,0.000333,0.004125,0.0,0.006167,0.011417,0.011417
baseline,Baseline session authorization,80,1120,0.000417,0.004666,0.0,0.006834,0.012834,0.012834
baseline,Baseline session authorization,80,1121,0.000333,0.003917,0.0,0.005833,0.010875,0.010875
baseline,Baseline session authorization,80,1122,0.000333,0.003958,0.0,0.006083,0.011167,0.011167
baseline,Baseline session authorization,80,1123,0.000333,0.003791,0.0,0.00575,0.010667,0.010667
baseline,Baseline session authorization,80,1124,0.000333,0.004,0.0,0.005958,0.011125,0.011125
baseline,Baseline session authorization,80,1125,0.000375,0.004333,0.0,0.006125,0.01175,0.01175
baseline,Baseline session authorization,80,1126,0.000334,0.007875,0.0,0.006583,0.015666,0.015666
baseline,Baseline session authorization,80,1127,0.000542,0.010292,0.0,0.007083,0.018916,0.018916
baseline,Baseline session authorization,80,1128,0.000334,0.003792,0.0,0.005792,0.010667,0.010667
baseline,Baseline session authorization,80,1129,0.000958,0.010458,0.0,0.006375,0.01875,0.01875
baseline,Baseline session authorization,80,1130,0.000333,0.004042,0.0,0.006084,0.01125,0.01125
baseline,Baseline session authorization,80,1131,0.000333,0.026,0.0,0.007084,0.034459,0.034459
baseline,Baseline session authorization,80,1132,0.000333,0.005875,0.0,0.00625,0.01325,0.01325
baseline,Baseline session authorization,80,1133,0.000292,0.003917,0.0,0.006083,0.011167,0.011167
baseline,Baseline session authorization,80,1134,0.000291,0.003833,0.0,0.00575,0.010667,0.010667
baseline,Baseline session authorization,80,1135,0.000333,0.004041,0.0,0.006083,0.01125,0.01125
baseline,Baseline session authorization,80,1136,0.000333,0.003792,0.0,0.005625,0.010583,0.010583
baseline,Baseline session authorization,80,1137,0.000333,0.004292,0.0,0.005958,0.011417,0.011417
baseline,Baseline session authorization,80,1138,0.000334,0.003958,0.0,0.006,0.011166,0.011166
baseline,Baseline session authorization,80,1139,0.000375,0.004583,0.0,0.006375,0.012209,0.012209
baseline,Baseline session authorization,80,1140,0.000334,0.003833,0.0,0.005792,0.01075,0.01075
baseline,Baseline session authorization,80,1141,0.000291,0.003833,0.0,0.005667,0.010583,0.010583
baseline,Baseline session authorization,80,1142,0.000334,0.005834,0.0,0.006291,0.013209,0.013209
baseline,Baseline session authorization,80,1143,0.000333,0.004,0.0,0.006041,0.011209,0.011209
baseline,Baseline session authorization,80,1144,0.000333,0.004584,0.0,0.006292,0.01225,0.01225
baseline,Baseline session authorization,80,1145,0.000333,0.003875,0.0,0.00575,0.010791,0.010791
baseline,Baseline session authorization,80,1146,0.000333,0.004042,0.0,0.015625,0.021042,0.021042
baseline,Baseline session authorization,80,1147,0.000291,0.004,0.0,0.006041,0.011167,0.011167
baseline,Baseline session authorization,80,1148,0.000333,0.003792,0.0,0.005709,0.010625,0.010625
baseline,Baseline session authorization,80,1149,0.000333,0.003917,0.0,0.006125,0.011208,0.011208
baseline,Baseline session authorization,80,1150,0.000334,0.004,0.0,0.006125,0.011291,0.011291
baseline,Baseline session authorization,80,1151,0.000375,0.004209,0.0,0.006208,0.011542,0.011542
baseline,Baseline session authorization,80,1152,0.000334,0.003958,0.0,0.005667,0.010792,0.010792
baseline,Baseline session authorization,80,1153,0.000333,0.003916,0.0,0.031666,0.037583,0.037583
baseline,Baseline session authorization,80,1154,0.000333,0.003916,0.0,0.006042,0.011083,0.011083
baseline,Baseline session authorization,80,1155,0.000333,0.004084,0.0,0.005958,0.011208,0.011208
baseline,Baseline session authorization,80,1156,0.000417,0.004167,0.0,0.006208,0.011625,0.011625
baseline,Baseline session authorization,80,1157,0.000375,0.006208,0.0,0.006084,0.0135,0.0135
baseline,Baseline session authorization,80,1158,0.000291,0.004041,0.0,0.006042,0.011208,0.011208
baseline,Baseline session authorization,80,1159,0.000291,0.005208,0.0,0.005875,0.012208,0.012208
baseline,Baseline session authorization,80,1160,0.000333,0.003916,0.0,0.005959,0.011084,0.011084
baseline,Baseline session authorization,80,1161,0.000333,0.004084,0.0,0.006166,0.011417,0.011417
baseline,Baseline session authorization,80,1162,0.000333,0.003958,0.0,0.015709,0.020958,0.020958
baseline,Baseline session authorization,80,1163,0.000291,0.004125,0.0,0.006125,0.011375,0.011375
baseline,Baseline session authorization,80,1164,0.000292,0.003875,0.0,0.00575,0.010667,0.010667
baseline,Baseline session authorization,80,1165,0.000333,0.004084,0.0,0.006083,0.011333,0.011333
baseline,Baseline session authorization,80,1166,0.000333,0.004417,0.0,0.006042,0.011833,0.011833
baseline,Baseline session authorization,80,1167,0.000334,0.004,0.0,0.006125,0.01125,0.01125
baseline,Baseline session authorization,80,1168,0.000375,0.003875,0.0,0.00575,0.010791,0.010791
baseline,Baseline session authorization,80,1169,0.000334,0.004042,0.0,0.006083,0.011291,0.011291
baseline,Baseline session authorization,80,1170,0.000416,0.004416,0.0,0.006458,0.012208,0.012208
baseline,Baseline session authorization,80,1171,0.000333,0.004,0.0,0.006083,0.011125,0.011125
baseline,Baseline session authorization,80,1172,0.000334,0.003959,0.0,0.006125,0.011208,0.011208
baseline,Baseline session authorization,80,1173,0.000333,0.004166,0.0,0.006041,0.011292,0.011292
baseline,Baseline session authorization,80,1174,0.000292,0.004125,0.0,0.005917,0.011167,0.011167
baseline,Baseline session authorization,80,1175,0.000416,0.004625,0.0,0.006208,0.012041,0.012041
baseline,Baseline session authorization,80,1176,0.000291,0.003875,0.0,0.00575,0.010708,0.010708
baseline,Baseline session authorization,80,1177,0.000333,0.004042,0.0,0.006041,0.01125,0.01125
baseline,Baseline session authorization,80,1178,0.000375,0.004,0.0,0.006,0.011208,0.011208
baseline,Baseline session authorization,80,1179,0.000334,0.003875,0.0,0.005792,0.01075,0.01075
baseline,Baseline session authorization,80,1180,0.000333,0.003792,0.0,0.005833,0.010792,0.010792
baseline,Baseline session authorization,80,1181,0.000292,0.004084,0.0,0.006,0.011208,0.011208
baseline,Baseline session authorization,80,1182,0.000291,0.004,0.0,0.006042,0.011125,0.011125
baseline,Baseline session authorization,80,1183,0.000333,0.003833,0.0,0.005834,0.010792,0.010792
baseline,Baseline session authorization,80,1184,0.000375,0.004041,0.0,0.006042,0.011291,0.011291
baseline,Baseline session authorization,80,1185,0.000333,0.004084,0.0,0.006042,0.01125,0.01125
baseline,Baseline session authorization,80,1186,0.000333,0.003875,0.0,0.00575,0.01075,0.01075
baseline,Baseline session authorization,80,1187,0.00125,0.011958,0.0,0.009375,0.024209,0.024209
baseline,Baseline session authorization,80,1188,0.000375,0.00425,0.0,0.006084,0.011542,0.011542
baseline,Baseline session authorization,80,1189,0.000292,0.003958,0.0,0.00575,0.010834,0.010834
baseline,Baseline session authorization,80,1190,0.000333,0.004042,0.0,0.006125,0.011375,0.011375
baseline,Baseline session authorization,80,1191,0.000292,0.004125,0.0,0.006084,0.011292,0.011292
baseline,Baseline session authorization,80,1192,0.000292,0.003791,0.0,0.005667,0.010625,0.010625
baseline,Baseline session authorization,80,1193,0.000333,0.012459,0.0,0.006709,0.020417,0.020417
baseline,Baseline session authorization,80,1194,0.000333,0.004,0.0,0.006084,0.01125,0.01125
baseline,Baseline session authorization,80,1195,0.000417,0.0045,0.0,0.006291,0.012166,0.012166
baseline,Baseline session authorization,80,1196,0.000375,0.004125,0.0,0.006083,0.011416,0.011416
baseline,Baseline session authorization,80,1197,0.000333,0.004,0.0,0.006041,0.011167,0.011167
baseline,Baseline session authorization,80,1198,0.000292,0.003792,0.0,0.005792,0.010625,0.010625
baseline,Baseline session authorization,80,1199,0.000333,0.004042,0.0,0.006,0.011125,0.011125
baseline,Baseline session authorization,80,1200,0.000333,0.003959,0.0,0.006083,0.011208,0.011208
baseline,Baseline session authorization,80,1201,0.000333,0.004042,0.0,0.006083,0.011375,0.011375
baseline,Baseline session authorization,80,1202,0.000333,0.003875,0.0,0.005625,0.010584,0.010584
baseline,Baseline session authorization,80,1203,0.000292,0.003792,0.0,0.00575,0.010542,0.010542
baseline,Baseline session authorization,80,1204,0.000334,0.004083,0.0,0.006042,0.01125,0.01125
baseline,Baseline session authorization,80,1205,0.000334,0.004042,0.0,0.006041,0.01125,0.01125
baseline,Baseline session authorization,80,1206,0.000333,0.004,0.0,0.006125,0.01125,0.01125
baseline,Baseline session authorization,80,1207,0.000333,0.003917,0.0,0.00575,0.010791,0.010791
baseline,Baseline session authorization,80,1208,0.000333,0.004042,0.0,0.006083,0.011333,0.011333
baseline,Baseline session authorization,80,1209,0.000333,0.005416,0.0,0.006292,0.012833,0.012833
baseline,Baseline session authorization,80,1210,0.000292,0.005208,0.0,0.006,0.01225,0.01225
baseline,Baseline session authorization,80,1211,0.000334,0.006708,0.0,0.006625,0.014584,0.014584
baseline,Baseline session authorization,80,1212,0.000333,0.004125,0.0,0.006,0.011292,0.011292
baseline,Baseline session authorization,80,1213,0.000333,0.003958,0.0,0.006083,0.011167,0.011167
baseline,Baseline session authorization,80,1214,0.000333,0.003875,0.0,0.005708,0.010709,0.010709
baseline,Baseline session authorization,80,1215,0.000375,0.004084,0.0,0.005958,0.011208,0.011208
baseline,Baseline session authorization,80,1216,0.000292,0.003875,0.0,0.005792,0.010833,0.010833
baseline,Baseline session authorization,80,1217,0.000292,0.006667,0.0,0.006375,0.014166,0.014166
baseline,Baseline session authorization,80,1218,0.000333,0.005375,0.0,0.005917,0.012458,0.012458
baseline,Baseline session authorization,80,1219,0.000334,0.004125,0.0,0.006042,0.011333,0.011333
baseline,Baseline session authorization,80,1220,0.000333,0.003833,0.0,0.005834,0.01075,0.01075
baseline,Baseline session authorization,80,1221,0.000292,0.003958,0.0,0.006042,0.011166,0.011166
baseline,Baseline session authorization,80,1222,0.000334,0.003875,0.0,0.005667,0.010708,0.010708
baseline,Baseline session authorization,80,1223,0.000292,0.003833,0.0,0.005875,0.010834,0.010834
baseline,Baseline session authorization,80,1224,0.000375,0.004,0.0,0.006083,0.01125,0.01125
baseline,Baseline session authorization,80,1225,0.000333,0.004,0.0,0.006,0.011292,0.011292
baseline,Baseline session authorization,80,1226,0.000292,0.003875,0.0,0.005792,0.01075,0.01075
baseline,Baseline session authorization,80,1227,0.000333,0.004042,0.0,0.006,0.011167,0.011167
baseline,Baseline session authorization,80,1228,0.000334,0.004,0.0,0.006042,0.011208,0.011208
baseline,Baseline session authorization,80,1229,0.000291,0.003834,0.0,0.00575,0.010708,0.010708
baseline,Baseline session authorization,80,1230,0.000333,0.004166,0.0,0.006125,0.011459,0.011459
baseline,Baseline session authorization,80,1231,0.000291,0.004,0.0,0.005625,0.01075,0.01075
baseline,Baseline session authorization,80,1232,0.000333,0.004166,0.0,0.006,0.01125,0.01125
baseline,Baseline session authorization,80,1233,0.000375,0.006334,0.0,0.006334,0.013917,0.013917
baseline,Baseline session authorization,80,1234,0.000417,0.004875,0.0,0.005917,0.012125,0.012125
baseline,Baseline session authorization,80,1235,0.000334,0.004042,0.0,0.016417,0.021667,0.021667
baseline,Baseline session authorization,80,1236,0.000334,0.004917,0.0,0.006083,0.012125,0.012125
baseline,Baseline session authorization,80,1237,0.000292,0.003834,0.0,0.005708,0.010708,0.010708
baseline,Baseline session authorization,80,1238,0.000333,0.004,0.0,0.006041,0.011125,0.011125
baseline,Baseline session authorization,80,1239,0.000333,0.004084,0.0,0.006041,0.011292,0.011292
baseline,Baseline session authorization,80,1240,0.000334,0.003792,0.0,0.005667,0.010542,0.010542
baseline,Baseline session authorization,80,1241,0.000292,0.003959,0.0,0.006167,0.011167,0.011167
baseline,Baseline session authorization,80,1242,0.000333,0.004083,0.0,0.006,0.011292,0.011292
baseline,Baseline session authorization,80,1243,0.000292,0.003834,0.0,0.005708,0.010667,0.010667
baseline,Baseline session authorization,80,1244,0.000292,0.004042,0.0,0.006083,0.01125,0.01125
baseline,Baseline session authorization,80,1245,0.000333,0.004084,0.0,0.006041,0.011334,0.011334
baseline,Baseline session authorization,80,1246,0.000292,0.003792,0.0,0.005875,0.010792,0.010792
baseline,Baseline session authorization,80,1247,0.000375,0.004458,0.0,0.006042,0.011708,0.011708
baseline,Baseline session authorization,80,1248,0.000375,0.004,0.0,0.006042,0.01125,0.01125
baseline,Baseline session authorization,80,1249,0.000292,0.00375,0.0,0.005666,0.010542,0.010542
baseline,Baseline session authorization,80,1250,0.000333,0.004041,0.0,0.006,0.011125,0.011125
baseline,Baseline session authorization,80,1251,0.0005,0.004917,0.0,0.006667,0.013,0.013
baseline,Baseline session authorization,80,1252,0.000291,0.003709,0.0,0.005667,0.010542,0.010542
baseline,Baseline session authorization,80,1253,0.000333,0.005542,0.0,0.006375,0.013084,0.013084
baseline,Baseline session authorization,80,1254,0.000292,0.003875,0.0,0.006083,0.011083,0.011083
baseline,Baseline session authorization,80,1255,0.000375,0.004083,0.0,0.006084,0.011333,0.011333
baseline,Baseline session authorization,80,1256,0.000334,0.003875,0.0,0.005709,0.010708,0.010708
baseline,Baseline session authorization,80,1257,0.000333,0.004084,0.0,0.005958,0.011125,0.011125
baseline,Baseline session authorization,80,1258,0.000334,0.004042,0.0,0.020666,0.026041,0.026041
baseline,Baseline session authorization,80,1259,0.000333,0.003708,0.0,0.005667,0.010542,0.010542
baseline,Baseline session authorization,80,1260,0.000375,0.004125,0.0,0.006083,0.011417,0.011417
baseline,Baseline session authorization,80,1261,0.000291,0.003875,0.0,0.005708,0.010709,0.010709
baseline,Baseline session authorization,80,1262,0.000375,0.004042,0.0,0.006041,0.01125,0.01125
baseline,Baseline session authorization,80,1263,0.000291,0.003791,0.0,0.005708,0.010583,0.010583
baseline,Baseline session authorization,80,1264,0.000333,0.004125,0.0,0.006125,0.011375,0.011375
baseline,Baseline session authorization,80,1265,0.000334,0.003792,0.0,0.005708,0.010625,0.010625
baseline,Baseline session authorization,80,1266,0.000291,0.003833,0.0,0.005875,0.01075,0.01075
baseline,Baseline session authorization,80,1267,0.000292,0.003791,0.0,0.005708,0.010583,0.010583
baseline,Baseline session authorization,80,1268,0.000292,0.003792,0.0,0.005667,0.010542,0.010542
baseline,Baseline session authorization,80,1269,0.000334,0.003958,0.0,0.006084,0.011208,0.011208
baseline,Baseline session authorization,80,1270,0.000333,0.003875,0.0,0.005791,0.010792,0.010792
baseline,Baseline session authorization,80,1271,0.000291,0.004,0.0,0.006,0.011083,0.011083
baseline,Baseline session authorization,80,1272,0.000334,0.003792,0.0,0.00575,0.010625,0.010625
baseline,Baseline session authorization,80,1273,0.000334,0.005625,0.0,0.006292,0.013083,0.013083
baseline,Baseline session authorization,80,1274,0.000292,0.003875,0.0,0.005667,0.010666,0.010666
baseline,Baseline session authorization,80,1275,0.000333,0.003917,0.0,0.006042,0.011,0.011
baseline,Baseline session authorization,80,1276,0.000334,0.003958,0.0,0.006042,0.01125,0.01125
baseline,Baseline session authorization,80,1277,0.000333,0.003708,0.0,0.00575,0.010625,0.010625
baseline,Baseline session authorization,80,1278,0.000333,0.004042,0.0,0.006,0.011166,0.011166
baseline,Baseline session authorization,80,1279,0.000334,0.005458,0.0,0.006334,0.013,0.013
baseline,Baseline session authorization,80,1280,0.000291,0.005291,0.0,0.005958,0.012375,0.012375
baseline,Baseline session authorization,80,1281,0.000333,0.003958,0.0,0.005958,0.011042,0.011042
baseline,Baseline session authorization,80,1282,0.000334,0.003792,0.0,0.00575,0.010625,0.010625
baseline,Baseline session authorization,80,1283,0.000333,0.004042,0.0,0.006167,0.011375,0.011375
baseline,Baseline session authorization,80,1284,0.000333,0.003958,0.0,0.005958,0.011083,0.011083
baseline,Baseline session authorization,80,1285,0.000292,0.003833,0.0,0.005666,0.010583,0.010583
baseline,Baseline session authorization,80,1286,0.000291,0.005416,0.0,0.006292,0.012833,0.012833
baseline,Baseline session authorization,80,1287,0.000375,0.004,0.0,0.006167,0.011333,0.011333
baseline,Baseline session authorization,80,1288,0.000333,0.003708,0.0,0.00575,0.010625,0.010625
baseline,Baseline session authorization,80,1289,0.000334,0.004083,0.0,0.006166,0.011334,0.011334
baseline,Baseline session authorization,80,1290,0.000292,0.004042,0.0,0.005917,0.011125,0.011125
baseline,Baseline session authorization,80,1291,0.000292,0.003709,0.0,0.005667,0.010542,0.010542
baseline,Baseline session authorization,80,1292,0.000333,0.003958,0.0,0.006,0.011083,0.011083
baseline,Baseline session authorization,80,1293,0.000375,0.005708,0.0,0.006333,0.01325,0.01325
baseline,Baseline session authorization,80,1294,0.000291,0.003833,0.0,0.005709,0.010625,0.010625
baseline,Baseline session authorization,80,1295,0.000334,0.004042,0.0,0.006125,0.01125,0.01125
baseline,Baseline session authorization,80,1296,0.000375,0.004125,0.0,0.005917,0.011292,0.011292
baseline,Baseline session authorization,80,1297,0.000333,0.003791,0.0,0.005708,0.010625,0.010625
baseline,Baseline session authorization,80,1298,0.000334,0.004,0.0,0.006,0.011125,0.011125
baseline,Baseline session authorization,80,1299,0.000333,0.003958,0.0,0.006,0.011125,0.011125
baseline,Baseline session authorization,80,1300,0.000292,0.003833,0.0,0.005667,0.010666,0.010666
baseline,Baseline session authorization,80,1301,0.000292,0.004,0.0,0.006125,0.011292,0.011292
baseline,Baseline session authorization,80,1302,0.000292,0.004042,0.0,0.005958,0.011166,0.011166
baseline,Baseline session authorization,80,1303,0.000292,0.003792,0.0,0.00575,0.010666,0.010666
baseline,Baseline session authorization,80,1304,0.000292,0.004,0.0,0.005959,0.011083,0.011083
baseline,Baseline session authorization,80,1305,0.000375,0.005458,0.0,0.0065,0.013125,0.013125
baseline,Baseline session authorization,80,1306,0.000334,0.005458,0.0,0.006166,0.012708,0.012708
baseline,Baseline session authorization,80,1307,0.000292,0.004042,0.0,0.006083,0.011209,0.011209
baseline,Baseline session authorization,80,1308,0.000334,0.004042,0.0,0.005875,0.011083,0.011083
baseline,Baseline session authorization,80,1309,0.000334,0.003792,0.0,0.005666,0.010625,0.010625
baseline,Baseline session authorization,80,1310,0.000333,0.003958,0.0,0.005959,0.011,0.011
baseline,Baseline session authorization,80,1311,0.000375,0.004042,0.0,0.006083,0.011333,0.011333
baseline,Baseline session authorization,80,1312,0.000292,0.005208,0.0,0.005958,0.012334,0.012334
baseline,Baseline session authorization,80,1313,0.000291,0.004125,0.0,0.006125,0.011333,0.011333
baseline,Baseline session authorization,80,1314,0.000333,0.004,0.0,0.005916,0.011084,0.011084
baseline,Baseline session authorization,80,1315,0.000333,0.003958,0.0,0.005791,0.010834,0.010834
baseline,Baseline session authorization,80,1316,0.000334,0.003792,0.0,0.00575,0.010666,0.010666
baseline,Baseline session authorization,80,1317,0.002083,0.009375,0.0,0.009584,0.022541,0.022541
baseline,Baseline session authorization,80,1318,0.000292,0.003917,0.0,0.005791,0.010834,0.010834
baseline,Baseline session authorization,80,1319,0.000292,0.003834,0.0,0.005708,0.010667,0.010667
baseline,Baseline session authorization,80,1320,0.000333,0.003792,0.0,0.005792,0.010666,0.010666
baseline,Baseline session authorization,80,1321,0.000959,0.010667,0.0,0.009625,0.022792,0.022792
baseline,Baseline session authorization,80,1322,0.000291,0.00375,0.0,0.005583,0.010458,0.010458
baseline,Baseline session authorization,80,1323,0.000333,0.003792,0.0,0.005667,0.010541,0.010541
baseline,Baseline session authorization,80,1324,0.000375,0.004084,0.0,0.00575,0.011,0.011
baseline,Baseline session authorization,80,1325,0.000375,0.004333,0.0,0.005875,0.011416,0.011416
baseline,Baseline session authorization,80,1326,0.000375,0.00375,0.0,0.005625,0.010584,0.010584
baseline,Baseline session authorization,80,1327,0.000292,0.003792,0.0,0.005667,0.010541,0.010541
baseline,Baseline session authorization,80,1328,0.000292,0.003917,0.0,0.00575,0.010791,0.010791
baseline,Baseline session authorization,80,1329,0.000333,0.003875,0.0,0.005792,0.01075,0.01075
baseline,Baseline session authorization,80,1330,0.000334,0.003917,0.0,0.005958,0.011,0.011
baseline,Baseline session authorization,80,1331,0.000292,0.003708,0.0,0.005584,0.010417,0.010417
baseline,Baseline session authorization,80,1332,0.000333,0.003875,0.0,0.00575,0.010709,0.010709
baseline,Baseline session authorization,80,1333,0.000292,0.005375,0.0,0.005959,0.012458,0.012458
baseline,Baseline session authorization,80,1334,0.000334,0.003917,0.0,0.005833,0.010875,0.010875
baseline,Baseline session authorization,80,1335,0.000292,0.003792,0.0,0.005667,0.0105,0.0105
baseline,Baseline session authorization,80,1336,0.000334,0.005458,0.0,0.005917,0.012542,0.012542
baseline,Baseline session authorization,80,1337,0.000333,0.003833,0.0,0.005709,0.010667,0.010667
baseline,Baseline session authorization,80,1338,0.000292,0.003708,0.0,0.005666,0.010459,0.010459
baseline,Baseline session authorization,80,1339,0.000292,0.003792,0.0,0.005875,0.010833,0.010833
baseline,Baseline session authorization,80,1340,0.000292,0.003834,0.0,0.005791,0.01075,0.01075
baseline,Baseline session authorization,80,1341,0.000334,0.003875,0.0,0.005791,0.01075,0.01075
baseline,Baseline session authorization,80,1342,0.000292,0.003792,0.0,0.005625,0.010542,0.010542
baseline,Baseline session authorization,80,1343,0.000333,0.00375,0.0,0.005708,0.0105,0.0105
baseline,Baseline session authorization,80,1344,0.000333,0.005084,0.0,0.005916,0.012167,0.012167
baseline,Baseline session authorization,80,1345,0.000291,0.005625,0.0,0.006,0.012625,0.012625
baseline,Baseline session authorization,80,1346,0.000291,0.00375,0.0,0.005708,0.010583,0.010583
baseline,Baseline session authorization,80,1347,0.000333,0.003709,0.0,0.005708,0.010541,0.010541
baseline,Baseline session authorization,80,1348,0.000333,0.00375,0.0,0.005666,0.010584,0.010584
baseline,Baseline session authorization,80,1349,0.000333,0.003834,0.0,0.00575,0.010625,0.010625
baseline,Baseline session authorization,80,1350,0.000292,0.003708,0.0,0.00575,0.010542,0.010542
baseline,Baseline session authorization,80,1351,0.000333,0.003791,0.0,0.005709,0.010667,0.010667
baseline,Baseline session authorization,80,1352,0.000417,0.004334,0.0,0.005875,0.011458,0.011458
baseline,Baseline session authorization,80,1353,0.000291,0.003708,0.0,0.00575,0.010583,0.010583
baseline,Baseline session authorization,80,1354,0.000292,0.003792,0.0,0.005666,0.010584,0.010584
baseline,Baseline session authorization,80,1355,0.000333,0.003792,0.0,0.005667,0.010542,0.010542
baseline,Baseline session authorization,80,1356,0.000334,0.003875,0.0,0.005792,0.010709,0.010709
baseline,Baseline session authorization,80,1357,0.000334,0.003792,0.0,0.005667,0.010583,0.010583
baseline,Baseline session authorization,80,1358,0.000292,0.003958,0.0,0.00575,0.010833,0.010833
baseline,Baseline session authorization,80,1359,0.000333,0.003791,0.0,0.005791,0.010709,0.010709
baseline,Baseline session authorization,80,1360,0.000334,0.003833,0.0,0.005791,0.010709,0.010709
baseline,Baseline session authorization,80,1361,0.000291,0.004916,0.0,0.005875,0.011958,0.011958
baseline,Baseline session authorization,80,1362,0.000333,0.005166,0.0,0.006,0.012292,0.012292
baseline,Baseline session authorization,80,1363,0.000292,0.003834,0.0,0.005583,0.010541,0.010541
baseline,Baseline session authorization,80,1364,0.000292,0.003792,0.0,0.005792,0.010666,0.010666
baseline,Baseline session authorization,80,1365,0.000292,0.003792,0.0,0.005792,0.010708,0.010708
baseline,Baseline session authorization,80,1366,0.000333,0.003792,0.0,0.005709,0.010541,0.010541
baseline,Baseline session authorization,80,1367,0.000917,0.011542,0.0,0.011334,0.025375,0.025375
baseline,Baseline session authorization,80,1368,0.000292,0.003916,0.0,0.005666,0.010625,0.010625
baseline,Baseline session authorization,80,1369,0.000334,0.003875,0.0,0.005792,0.010709,0.010709
baseline,Baseline session authorization,80,1370,0.000292,0.003708,0.0,0.005667,0.010458,0.010458
baseline,Baseline session authorization,80,1371,0.000333,0.003791,0.0,0.005791,0.010709,0.010709
baseline,Baseline session authorization,80,1372,0.000292,0.005042,0.0,0.005875,0.012083,0.012083
baseline,Baseline session authorization,80,1373,0.000333,0.005291,0.0,0.006,0.012375,0.012375
baseline,Baseline session authorization,80,1374,0.000292,0.003792,0.0,0.005667,0.010542,0.010542
baseline,Baseline session authorization,80,1375,0.000292,0.00375,0.0,0.005709,0.010583,0.010583
baseline,Baseline session authorization,80,1376,0.000333,0.00375,0.0,0.005625,0.010458,0.010458
baseline,Baseline session authorization,80,1377,0.000416,0.004584,0.0,0.006,0.011833,0.011833
baseline,Baseline session authorization,80,1378,0.000292,0.003792,0.0,0.005709,0.010583,0.010583
baseline,Baseline session authorization,80,1379,0.000292,0.003708,0.0,0.005709,0.010542,0.010542
baseline,Baseline session authorization,80,1380,0.000292,0.00375,0.0,0.00575,0.010584,0.010584
baseline,Baseline session authorization,80,1381,0.000334,0.004,0.0,0.005791,0.010875,0.010875
baseline,Baseline session authorization,80,1382,0.000292,0.003792,0.0,0.005625,0.0105,0.0105
baseline,Baseline session authorization,80,1383,0.000334,0.003625,0.0,0.005667,0.010375,0.010375
baseline,Baseline session authorization,80,1384,0.000334,0.003833,0.0,0.00575,0.01075,0.01075
baseline,Baseline session authorization,80,1385,0.000333,0.003875,0.0,0.005667,0.010583,0.010583
baseline,Baseline session authorization,80,1386,0.000916,0.009667,0.0,0.009875,0.021875,0.021875
baseline,Baseline session authorization,80,1387,0.000292,0.00375,0.0,0.005667,0.0105,0.0105
baseline,Baseline session authorization,80,1388,0.000333,0.003792,0.0,0.005625,0.010458,0.010458
baseline,Baseline session authorization,80,1389,0.000291,0.003833,0.0,0.005792,0.010708,0.010708
baseline,Baseline session authorization,80,1390,0.000292,0.00375,0.0,0.005666,0.010459,0.010459
baseline,Baseline session authorization,80,1391,0.000375,0.003875,0.0,0.005708,0.01075,0.01075
baseline,Baseline session authorization,80,1392,0.000333,0.003875,0.0,0.00575,0.01075,0.01075
baseline,Baseline session authorization,80,1393,0.000292,0.003875,0.0,0.005875,0.010875,0.010875
baseline,Baseline session authorization,80,1394,0.000334,0.005042,0.0,0.00575,0.011875,0.011875
baseline,Baseline session authorization,80,1395,0.000292,0.003792,0.0,0.005625,0.010541,0.010541
baseline,Baseline session authorization,80,1396,0.000292,0.00375,0.0,0.005791,0.010625,0.010625
baseline,Baseline session authorization,80,1397,0.000291,0.00375,0.0,0.00575,0.010625,0.010625
baseline,Baseline session authorization,80,1398,0.000292,0.00375,0.0,0.005709,0.0105,0.0105
baseline,Baseline session authorization,80,1399,0.000291,0.00375,0.0,0.005791,0.010625,0.010625
baseline,Baseline session authorization,80,1400,0.000333,0.005334,0.0,0.006125,0.012625,0.012625
baseline,Baseline session authorization,80,1401,0.000292,0.00375,0.0,0.005709,0.010583,0.010583
baseline,Baseline session authorization,80,1402,0.000292,0.00375,0.0,0.005667,0.010458,0.010458
baseline,Baseline session authorization,80,1403,0.000333,0.003917,0.0,0.005833,0.010917,0.010917
baseline,Baseline session authorization,80,1404,0.000333,0.004041,0.0,0.005916,0.011084,0.011084
baseline,Baseline session authorization,80,1405,0.000292,0.00375,0.0,0.00575,0.010542,0.010542
baseline,Baseline session authorization,80,1406,0.000292,0.003667,0.0,0.005708,0.010417,0.010417
baseline,Baseline session authorization,80,1407,0.000292,0.003834,0.0,0.005708,0.010667,0.010667
baseline,Baseline session authorization,80,1408,0.000291,0.00375,0.0,0.005834,0.01075,0.01075
baseline,Baseline session authorization,80,1409,0.000292,0.003917,0.0,0.005792,0.010792,0.010792
baseline,Baseline session authorization,80,1410,0.000333,0.00375,0.0,0.005709,0.0105,0.0105
baseline,Baseline session authorization,80,1411,0.000292,0.003792,0.0,0.005708,0.010542,0.010542
baseline,Baseline session authorization,80,1412,0.000292,0.003834,0.0,0.005667,0.010583,0.010583
baseline,Baseline session authorization,80,1413,0.000334,0.003792,0.0,0.005709,0.010583,0.010583
baseline,Baseline session authorization,80,1414,0.000292,0.003875,0.0,0.00575,0.010666,0.010666
baseline,Baseline session authorization,80,1415,0.00025,0.003792,0.0,0.005667,0.010708,0.010708
baseline,Baseline session authorization,80,1416,0.000333,0.003792,0.0,0.005792,0.01075,0.01075
baseline,Baseline session authorization,80,1417,0.000292,0.00375,0.0,0.005708,0.010541,0.010541
baseline,Baseline session authorization,80,1418,0.000292,0.003792,0.0,0.005625,0.010417,0.010417
baseline,Baseline session authorization,80,1419,0.000334,0.003958,0.0,0.005792,0.010916,0.010916
baseline,Baseline session authorization,80,1420,0.000333,0.003833,0.0,0.005708,0.010583,0.010583
baseline,Baseline session authorization,80,1421,0.000292,0.00375,0.0,0.005709,0.010542,0.010542
baseline,Baseline session authorization,80,1422,0.000291,0.003792,0.0,0.005666,0.010542,0.010542
baseline,Baseline session authorization,80,1423,0.000333,0.003833,0.0,0.005792,0.010708,0.010708
baseline,Baseline session authorization,80,1424,0.000292,0.003792,0.0,0.00575,0.010625,0.010625
baseline,Baseline session authorization,80,1425,0.000292,0.00375,0.0,0.00575,0.010625,0.010625
baseline,Baseline session authorization,80,1426,0.000292,0.00375,0.0,0.005708,0.0105,0.0105
baseline,Baseline session authorization,80,1427,0.000334,0.003792,0.0,0.00575,0.010625,0.010625
baseline,Baseline session authorization,80,1428,0.000292,0.003833,0.0,0.005709,0.010625,0.010625
baseline,Baseline session authorization,80,1429,0.000333,0.00375,0.0,0.005708,0.0105,0.0105
baseline,Baseline session authorization,80,1430,0.000292,0.003875,0.0,0.005667,0.010584,0.010584
baseline,Baseline session authorization,80,1431,0.000333,0.003792,0.0,0.00575,0.010667,0.010667
baseline,Baseline session authorization,80,1432,0.000333,0.003916,0.0,0.005708,0.010666,0.010666
baseline,Baseline session authorization,80,1433,0.000292,0.00375,0.0,0.005709,0.010458,0.010458
baseline,Baseline session authorization,80,1434,0.000334,0.003958,0.0,0.005833,0.010916,0.010916
baseline,Baseline session authorization,80,1435,0.000375,0.003792,0.0,0.005791,0.01075,0.01075
baseline,Baseline session authorization,80,1436,0.000333,0.003875,0.0,0.00575,0.010709,0.010709
baseline,Baseline session authorization,80,1437,0.000292,0.003792,0.0,0.005666,0.010584,0.010584
baseline,Baseline session authorization,80,1438,0.000291,0.003833,0.0,0.00575,0.010667,0.010667
baseline,Baseline session authorization,80,1439,0.000333,0.00375,0.0,0.005709,0.010625,0.010625
baseline,Baseline session authorization,80,1440,0.000334,0.003792,0.0,0.005791,0.01075,0.01075
baseline,Baseline session authorization,80,1441,0.000333,0.003791,0.0,0.005625,0.010542,0.010542
baseline,Baseline session authorization,80,1442,0.000334,0.003958,0.0,0.00575,0.010792,0.010792
baseline,Baseline session authorization,80,1443,0.000292,0.003792,0.0,0.005709,0.010583,0.010583
baseline,Baseline session authorization,80,1444,0.000334,0.006458,0.0,0.005959,0.013542,0.013542
baseline,Baseline session authorization,80,1445,0.000292,0.005291,0.0,0.005875,0.012166,0.012166
baseline,Baseline session authorization,80,1446,0.000292,0.005333,0.0,0.005916,0.012292,0.012292
baseline,Baseline session authorization,80,1447,0.000334,0.003833,0.0,0.00575,0.010708,0.010708
baseline,Baseline session authorization,80,1448,0.000333,0.003916,0.0,0.005708,0.010708,0.010708
baseline,Baseline session authorization,80,1449,0.000292,0.003833,0.0,0.005708,0.010625,0.010625
baseline,Baseline session authorization,80,1450,0.000375,0.004,0.0,0.005917,0.011125,0.011125
baseline,Baseline session authorization,80,1451,0.000291,0.003958,0.0,0.005792,0.010875,0.010875
baseline,Baseline session authorization,80,1452,0.000333,0.003792,0.0,0.005792,0.010666,0.010666
baseline,Baseline session authorization,80,1453,0.000291,0.003875,0.0,0.00575,0.010667,0.010667
baseline,Baseline session authorization,80,1454,0.000333,0.003792,0.0,0.005709,0.010583,0.010583
baseline,Baseline session authorization,80,1455,0.000292,0.004125,0.0,0.005875,0.011334,0.011334
baseline,Baseline session authorization,80,1456,0.000292,0.00375,0.0,0.00575,0.010583,0.010583
baseline,Baseline session authorization,80,1457,0.000292,0.003792,0.0,0.005667,0.010583,0.010583
baseline,Baseline session authorization,80,1458,0.000334,0.003792,0.0,0.005709,0.010583,0.010583
baseline,Baseline session authorization,80,1459,0.000291,0.005541,0.0,0.005875,0.012542,0.012542
baseline,Baseline session authorization,80,1460,0.000291,0.00375,0.0,0.005708,0.0105,0.0105
baseline,Baseline session authorization,80,1461,0.000292,0.003708,0.0,0.005541,0.010334,0.010334
baseline,Baseline session authorization,80,1462,0.000333,0.00375,0.0,0.005708,0.010584,0.010584
baseline,Baseline session authorization,80,1463,0.000333,0.003833,0.0,0.005708,0.010625,0.010625
baseline,Baseline session authorization,80,1464,0.000292,0.003792,0.0,0.005625,0.010542,0.010542
baseline,Baseline session authorization,80,1465,0.000292,0.003833,0.0,0.005875,0.01075,0.01075
baseline,Baseline session authorization,80,1466,0.000334,0.003833,0.0,0.005834,0.010792,0.010792
baseline,Baseline session authorization,80,1467,0.000292,0.003791,0.0,0.005666,0.0105,0.0105
baseline,Baseline session authorization,80,1468,0.000334,0.00375,0.0,0.005667,0.0105,0.0105
baseline,Baseline session authorization,80,1469,0.000334,0.003792,0.0,0.005667,0.010583,0.010583
baseline,Baseline session authorization,80,1470,0.000334,0.00375,0.0,0.005834,0.010667,0.010667
baseline,Baseline session authorization,80,1471,0.000291,0.003833,0.0,0.005667,0.010583,0.010583
baseline,Baseline session authorization,80,1472,0.000333,0.00375,0.0,0.005708,0.010542,0.010542
baseline,Baseline session authorization,80,1473,0.000292,0.003792,0.0,0.00575,0.010584,0.010584
baseline,Baseline session authorization,80,1474,0.001042,0.012041,0.0,0.010958,0.0255,0.0255
baseline,Baseline session authorization,80,1475,0.000291,0.003875,0.0,0.005833,0.010792,0.010792
baseline,Baseline session authorization,80,1476,0.000292,0.003708,0.0,0.005667,0.0105,0.0105
baseline,Baseline session authorization,80,1477,0.000333,0.004042,0.0,0.005917,0.011083,0.011083
baseline,Baseline session authorization,80,1478,0.000333,0.004042,0.0,0.005833,0.011042,0.011042
baseline,Baseline session authorization,80,1479,0.000333,0.003833,0.0,0.00575,0.010667,0.010667
baseline,Baseline session authorization,80,1480,0.000291,0.003791,0.0,0.005709,0.010625,0.010625
baseline,Baseline session authorization,80,1481,0.000291,0.003792,0.0,0.005625,0.0105,0.0105
baseline,Baseline session authorization,80,1482,0.000334,0.003792,0.0,0.005708,0.010666,0.010666
baseline,Baseline session authorization,80,1483,0.000333,0.003916,0.0,0.005667,0.010666,0.010666
baseline,Baseline session authorization,80,1484,0.000291,0.005083,0.0,0.005958,0.012125,0.012125
baseline,Baseline session authorization,80,1485,0.000291,0.00375,0.0,0.005708,0.010583,0.010583
baseline,Baseline session authorization,80,1486,0.000334,0.003833,0.0,0.00575,0.010792,0.010792
baseline,Baseline session authorization,80,1487,0.000334,0.003959,0.0,0.00575,0.01075,0.01075
baseline,Baseline session authorization,80,1488,0.000292,0.003792,0.0,0.005833,0.01075,0.01075
baseline,Baseline session authorization,80,1489,0.000333,0.003833,0.0,0.005667,0.010583,0.010583
baseline,Baseline session authorization,80,1490,0.000291,0.003833,0.0,0.005792,0.01075,0.01075
baseline,Baseline session authorization,80,1491,0.000291,0.005791,0.0,0.005959,0.012875,0.012875
baseline,Baseline session authorization,80,1492,0.000292,0.003875,0.0,0.005708,0.010625,0.010625
baseline,Baseline session authorization,80,1493,0.000333,0.003875,0.0,0.00575,0.010791,0.010791
baseline,Baseline session authorization,80,1494,0.000292,0.00375,0.0,0.005708,0.010583,0.010583
baseline,Baseline session authorization,80,1495,0.000291,0.003791,0.0,0.005667,0.010583,0.010583
baseline,Baseline session authorization,80,1496,0.000334,0.003917,0.0,0.005625,0.010667,0.010667
baseline,Baseline session authorization,80,1497,0.000292,0.00375,0.0,0.005708,0.0105,0.0105
baseline,Baseline session authorization,80,1498,0.000333,0.003958,0.0,0.005666,0.01075,0.01075
baseline,Baseline session authorization,80,1499,0.000291,0.003833,0.0,0.00575,0.010625,0.010625
baseline,Baseline session authorization,80,1500,0.000292,0.003791,0.0,0.005709,0.010667,0.010667
baseline,Baseline session authorization,80,1501,0.000292,0.005667,0.0,0.006125,0.013209,0.013209
baseline,Baseline session authorization,80,1502,0.000375,0.003875,0.0,0.00575,0.010792,0.010792
baseline,Baseline session authorization,80,1503,0.000291,0.003833,0.0,0.00575,0.010625,0.010625
baseline,Baseline session authorization,80,1504,0.000333,0.003708,0.0,0.005834,0.010541,0.010541
baseline,Baseline session authorization,80,1505,0.00025,0.00375,0.0,0.00575,0.010542,0.010542
baseline,Baseline session authorization,80,1506,0.000333,0.00375,0.0,0.00575,0.010667,0.010667
baseline,Baseline session authorization,80,1507,0.000333,0.003917,0.0,0.005834,0.010833,0.010833
baseline,Baseline session authorization,80,1508,0.000417,0.004,0.0,0.005791,0.011084,0.011084
baseline,Baseline session authorization,80,1509,0.000292,0.003875,0.0,0.005667,0.010667,0.010667
baseline,Baseline session authorization,80,1510,0.000292,0.003917,0.0,0.005917,0.010917,0.010917
baseline,Baseline session authorization,80,1511,0.000334,0.003875,0.0,0.005792,0.010709,0.010709
baseline,Baseline session authorization,80,1512,0.00025,0.003833,0.0,0.005625,0.010625,0.010625
baseline,Baseline session authorization,80,1513,0.000333,0.003916,0.0,0.005709,0.010833,0.010833
baseline,Baseline session authorization,80,1514,0.0005,0.004833,0.0,0.0065,0.012875,0.012875
baseline,Baseline session authorization,80,1515,0.000333,0.00375,0.0,0.00575,0.010542,0.010542
baseline,Baseline session authorization,80,1516,0.000333,0.003833,0.0,0.005792,0.010792,0.010792
baseline,Baseline session authorization,80,1517,0.000333,0.006209,0.0,0.006208,0.013625,0.013625
baseline,Baseline session authorization,80,1518,0.000292,0.00375,0.0,0.005666,0.0105,0.0105
baseline,Baseline session authorization,80,1519,0.000375,0.004,0.0,0.005833,0.011041,0.011041
baseline,Baseline session authorization,80,1520,0.000292,0.003792,0.0,0.005625,0.0105,0.0105
baseline,Baseline session authorization,80,1521,0.000333,0.00375,0.0,0.005833,0.01075,0.01075
baseline,Baseline session authorization,80,1522,0.000292,0.003833,0.0,0.005708,0.010625,0.010625
baseline,Baseline session authorization,80,1523,0.000334,0.003792,0.0,0.00575,0.010625,0.010625
baseline,Baseline session authorization,80,1524,0.000333,0.003833,0.0,0.005791,0.010708,0.010708
baseline,Baseline session authorization,80,1525,0.000375,0.003916,0.0,0.005875,0.010916,0.010916
baseline,Baseline session authorization,80,1526,0.000333,0.003875,0.0,0.00575,0.010708,0.010708
baseline,Baseline session authorization,80,1527,0.000333,0.0055,0.0,0.005875,0.0125,0.0125
baseline,Baseline session authorization,80,1528,0.000291,0.003791,0.0,0.005666,0.010584,0.010584
baseline,Baseline session authorization,80,1529,0.000333,0.005,0.0,0.006,0.012209,0.012209
baseline,Baseline session authorization,80,1530,0.000292,0.003792,0.0,0.005792,0.010667,0.010667
baseline,Baseline session authorization,80,1531,0.000292,0.003709,0.0,0.005666,0.0105,0.0105
baseline,Baseline session authorization,80,1532,0.000334,0.003792,0.0,0.005708,0.010625,0.010625
baseline,Baseline session authorization,80,1533,0.000334,0.003917,0.0,0.00575,0.010791,0.010791
baseline,Baseline session authorization,80,1534,0.000333,0.00525,0.0,0.005917,0.012291,0.012291
baseline,Baseline session authorization,80,1535,0.000334,0.00375,0.0,0.005792,0.01075,0.01075
baseline,Baseline session authorization,80,1536,0.000333,0.003791,0.0,0.005709,0.010625,0.010625
baseline,Baseline session authorization,80,1537,0.000333,0.003667,0.0,0.005708,0.010542,0.010542
baseline,Baseline session authorization,80,1538,0.000333,0.003791,0.0,0.00575,0.010625,0.010625
baseline,Baseline session authorization,80,1539,0.000291,0.003791,0.0,0.005667,0.010583,0.010583
baseline,Baseline session authorization,80,1540,0.000291,0.003791,0.0,0.005709,0.010583,0.010583
baseline,Baseline session authorization,80,1541,0.000292,0.003709,0.0,0.005625,0.010458,0.010458
baseline,Baseline session authorization,80,1542,0.000292,0.003791,0.0,0.005833,0.01075,0.01075
baseline,Baseline session authorization,80,1543,0.000292,0.00375,0.0,0.005708,0.010583,0.010583
baseline,Baseline session authorization,80,1544,0.000292,0.003792,0.0,0.005667,0.010541,0.010541
baseline,Baseline session authorization,80,1545,0.000292,0.003792,0.0,0.005792,0.010625,0.010625
baseline,Baseline session authorization,80,1546,0.000333,0.003833,0.0,0.005709,0.010625,0.010625
baseline,Baseline session authorization,80,1547,0.000333,0.003834,0.0,0.005708,0.010667,0.010667
baseline,Baseline session authorization,80,1548,0.000292,0.00375,0.0,0.00575,0.010583,0.010583
baseline,Baseline session authorization,80,1549,0.000292,0.005208,0.0,0.005958,0.01225,0.01225
baseline,Baseline session authorization,80,1550,0.000291,0.003791,0.0,0.00575,0.010667,0.010667
baseline,Baseline session authorization,80,1551,0.000375,0.003791,0.0,0.005792,0.010833,0.010833
baseline,Baseline session authorization,80,1552,0.000292,0.003792,0.0,0.005708,0.010583,0.010583
baseline,Baseline session authorization,80,1553,0.000333,0.003959,0.0,0.005792,0.010875,0.010875
baseline,Baseline session authorization,80,1554,0.000333,0.003834,0.0,0.005708,0.010667,0.010667
baseline,Baseline session authorization,80,1555,0.000333,0.003792,0.0,0.00575,0.010583,0.010583
baseline,Baseline session authorization,80,1556,0.000375,0.003792,0.0,0.005875,0.010875,0.010875
baseline,Baseline session authorization,80,1557,0.000334,0.005625,0.0,0.005834,0.012583,0.012583
baseline,Baseline session authorization,80,1558,0.000333,0.003792,0.0,0.005708,0.010584,0.010584
baseline,Baseline session authorization,80,1559,0.000333,0.003708,0.0,0.00575,0.010584,0.010584
baseline,Baseline session authorization,80,1560,0.000292,0.003875,0.0,0.005625,0.010625,0.010625
baseline,Baseline session authorization,80,1561,0.000333,0.003833,0.0,0.005667,0.010583,0.010583
baseline,Baseline session authorization,80,1562,0.000333,0.0055,0.0,0.005917,0.012542,0.012542
baseline,Baseline session authorization,80,1563,0.000292,0.003791,0.0,0.005791,0.010667,0.010667
baseline,Baseline session authorization,80,1564,0.000292,0.00375,0.0,0.005708,0.0105,0.0105
baseline,Baseline session authorization,80,1565,0.000334,0.00375,0.0,0.005834,0.010666,0.010666
baseline,Baseline session authorization,80,1566,0.000333,0.00375,0.0,0.00575,0.010625,0.010625
baseline,Baseline session authorization,80,1567,0.000292,0.00375,0.0,0.005709,0.010542,0.010542
baseline,Baseline session authorization,80,1568,0.000292,0.003875,0.0,0.00575,0.010708,0.010708
baseline,Baseline session authorization,80,1569,0.000292,0.003708,0.0,0.00575,0.010542,0.010542
baseline,Baseline session authorization,80,1570,0.000333,0.003791,0.0,0.005667,0.010666,0.010666
baseline,Baseline session authorization,80,1571,0.000292,0.003875,0.0,0.005833,0.01075,0.01075
baseline,Baseline session authorization,80,1572,0.000333,0.003791,0.0,0.00575,0.010583,0.010583
baseline,Baseline session authorization,80,1573,0.000334,0.003833,0.0,0.005791,0.010709,0.010709
baseline,Baseline session authorization,80,1574,0.000291,0.003875,0.0,0.005708,0.010667,0.010667
baseline,Baseline session authorization,80,1575,0.000333,0.00375,0.0,0.00575,0.010583,0.010583
baseline,Baseline session authorization,80,1576,0.000333,0.003875,0.0,0.005666,0.010709,0.010709
baseline,Baseline session authorization,80,1577,0.000292,0.003792,0.0,0.005667,0.010541,0.010541
baseline,Baseline session authorization,80,1578,0.000292,0.003708,0.0,0.005708,0.010541,0.010541
baseline,Baseline session authorization,80,1579,0.000333,0.00375,0.0,0.005708,0.010583,0.010583
baseline,Baseline session authorization,80,1580,0.000334,0.003708,0.0,0.00575,0.010542,0.010542
baseline,Baseline session authorization,80,1581,0.000334,0.003833,0.0,0.005834,0.010792,0.010792
baseline,Baseline session authorization,80,1582,0.000292,0.003834,0.0,0.00575,0.010667,0.010667
baseline,Baseline session authorization,80,1583,0.000333,0.003833,0.0,0.005792,0.010708,0.010708
baseline,Baseline session authorization,80,1584,0.000292,0.005125,0.0,0.005875,0.012042,0.012042
baseline,Baseline session authorization,80,1585,0.000334,0.003875,0.0,0.005709,0.010708,0.010708
baseline,Baseline session authorization,80,1586,0.000292,0.003792,0.0,0.005667,0.0105,0.0105
baseline,Baseline session authorization,80,1587,0.000334,0.003792,0.0,0.005708,0.010625,0.010625
baseline,Baseline session authorization,80,1588,0.000333,0.00375,0.0,0.00575,0.010583,0.010583
baseline,Baseline session authorization,80,1589,0.000333,0.005041,0.0,0.005958,0.012083,0.012083
baseline,Baseline session authorization,80,1590,0.000291,0.003833,0.0,0.00575,0.010667,0.010667
baseline,Baseline session authorization,80,1591,0.000292,0.00375,0.0,0.005667,0.010542,0.010542
baseline,Baseline session authorization,80,1592,0.000333,0.00375,0.0,0.00575,0.010583,0.010583
baseline,Baseline session authorization,80,1593,0.000291,0.00375,0.0,0.005708,0.010542,0.010542
baseline,Baseline session authorization,80,1594,0.000375,0.003709,0.0,0.005791,0.010667,0.010667
baseline,Baseline session authorization,80,1595,0.000333,0.00375,0.0,0.005708,0.010584,0.010584
baseline,Baseline session authorization,80,1596,0.000334,0.003792,0.0,0.005708,0.010584,0.010584
baseline,Baseline session authorization,80,1597,0.000292,0.00375,0.0,0.00575,0.010625,0.010625
baseline,Baseline session authorization,80,1598,0.000292,0.005209,0.0,0.005958,0.01225,0.01225
baseline,Baseline session authorization,80,1599,0.000333,0.003792,0.0,0.005792,0.01075,0.01075
baseline,Baseline session authorization,80,1600,0.000291,0.003833,0.0,0.005792,0.010708,0.010708
baseline,Baseline session authorization,80,1601,0.000291,0.003833,0.0,0.005667,0.010625,0.010625
baseline,Baseline session authorization,80,1602,0.000292,0.005125,0.0,0.005875,0.012125,0.012125
baseline,Baseline session authorization,80,1603,0.000333,0.003708,0.0,0.005625,0.0105,0.0105
baseline,Baseline session authorization,80,1604,0.000334,0.00375,0.0,0.005834,0.010667,0.010667
baseline,Baseline session authorization,80,1605,0.000334,0.00375,0.0,0.005834,0.010667,0.010667
baseline,Baseline session authorization,80,1606,0.000333,0.003875,0.0,0.00575,0.010667,0.010667
baseline,Baseline session authorization,80,1607,0.000291,0.003708,0.0,0.005708,0.010417,0.010417
baseline,Baseline session authorization,80,1608,0.000334,0.003708,0.0,0.005834,0.010667,0.010667
baseline,Baseline session authorization,80,1609,0.000292,0.003917,0.0,0.005834,0.010791,0.010791
baseline,Baseline session authorization,80,1610,0.000333,0.00375,0.0,0.005667,0.010542,0.010542
baseline,Baseline session authorization,80,1611,0.000292,0.00375,0.0,0.00575,0.010584,0.010584
baseline,Baseline session authorization,80,1612,0.000333,0.003791,0.0,0.005833,0.010666,0.010666
baseline,Baseline session authorization,80,1613,0.000292,0.003834,0.0,0.005667,0.010583,0.010583
baseline,Baseline session authorization,80,1614,0.000292,0.003792,0.0,0.005708,0.010625,0.010625
baseline,Baseline session authorization,80,1615,0.000291,0.00375,0.0,0.005708,0.010542,0.010542
baseline,Baseline session authorization,80,1616,0.000334,0.00375,0.0,0.00575,0.010542,0.010542
baseline,Baseline session authorization,80,1617,0.000333,0.003792,0.0,0.005667,0.010542,0.010542
baseline,Baseline session authorization,80,1618,0.000333,0.003833,0.0,0.005667,0.010667,0.010667
baseline,Baseline session authorization,80,1619,0.000333,0.004,0.0,0.006083,0.011125,0.011125
baseline,Baseline session authorization,80,1620,0.001,0.019417,0.0,0.014041,0.036416,0.036416
baseline,Baseline session authorization,80,1621,0.000334,0.004,0.0,0.006209,0.011291,0.011291
baseline,Baseline session authorization,80,1622,0.001,0.011084,0.0,0.011292,0.024791,0.024791
baseline,Baseline session authorization,80,1623,0.000334,0.003958,0.0,0.006083,0.011125,0.011125
baseline,Baseline session authorization,80,1624,0.000542,0.005458,0.0,0.006292,0.013167,0.013167
baseline,Baseline session authorization,80,1625,0.000292,0.004,0.0,0.00625,0.011375,0.011375
baseline,Baseline session authorization,80,1626,0.000333,0.004125,0.0,0.006083,0.011375,0.011375
baseline,Baseline session authorization,80,1627,0.000333,0.004,0.0,0.006041,0.011125,0.011125
baseline,Baseline session authorization,80,1628,0.000333,0.004083,0.0,0.006167,0.011375,0.011375
baseline,Baseline session authorization,80,1629,0.001208,0.0095,0.0,0.01,0.022458,0.022458
baseline,Baseline session authorization,80,1630,0.000459,0.004875,0.0,0.00675,0.013209,0.013209
baseline,Baseline session authorization,80,1631,0.000292,0.004042,0.0,0.006083,0.011209,0.011209
baseline,Baseline session authorization,80,1632,0.000292,0.005167,0.0,0.006208,0.012459,0.012459
baseline,Baseline session authorization,80,1633,0.000416,0.004875,0.0,0.00625,0.012333,0.012333
baseline,Baseline session authorization,80,1634,0.000333,0.004042,0.0,0.005959,0.011167,0.011167
baseline,Baseline session authorization,80,1635,0.001542,0.00875,0.0,0.009917,0.022,0.022
baseline,Baseline session authorization,80,1636,0.000333,0.004125,0.0,0.006,0.011292,0.011292
baseline,Baseline session authorization,80,1637,0.000375,0.004125,0.0,0.006167,0.011417,0.011417
baseline,Baseline session authorization,80,1638,0.000417,0.0065,0.0,0.00625,0.013959,0.013959
baseline,Baseline session authorization,80,1639,0.000333,0.004041,0.0,0.006084,0.011292,0.011292
baseline,Baseline session authorization,80,1640,0.000334,0.004,0.0,0.006,0.011084,0.011084
baseline,Baseline session authorization,80,1641,0.000333,0.004,0.0,0.006083,0.01125,0.01125
baseline,Baseline session authorization,80,1642,0.000333,0.004042,0.0,0.006,0.011125,0.011125
baseline,Baseline session authorization,80,1643,0.001333,0.0145,0.0,0.011916,0.029542,0.029542
baseline,Baseline session authorization,80,1644,0.000334,0.003917,0.0,0.005958,0.011083,0.011083
baseline,Baseline session authorization,80,1645,0.000375,0.004041,0.0,0.006042,0.011209,0.011209
baseline,Baseline session authorization,80,1646,0.000333,0.004,0.0,0.006,0.011167,0.011167
baseline,Baseline session authorization,80,1647,0.000292,0.004167,0.0,0.006167,0.011458,0.011458
baseline,Baseline session authorization,80,1648,0.000375,0.004,0.0,0.006084,0.01125,0.01125
baseline,Baseline session authorization,80,1649,0.000333,0.004042,0.0,0.006,0.011167,0.011167
baseline,Baseline session authorization,80,1650,0.000333,0.004,0.0,0.006,0.011083,0.011083
baseline,Baseline session authorization,80,1651,0.000334,0.008208,0.0,0.006458,0.015958,0.015958
baseline,Baseline session authorization,80,1652,0.000334,0.003917,0.0,0.006083,0.011166,0.011166
baseline,Baseline session authorization,80,1653,0.000333,0.004,0.0,0.006041,0.011167,0.011167
baseline,Baseline session authorization,80,1654,0.000334,0.003958,0.0,0.005917,0.011042,0.011042
baseline,Baseline session authorization,80,1655,0.000292,0.003959,0.0,0.006125,0.011208,0.011208
baseline,Baseline session authorization,80,1656,0.000292,0.003792,0.0,0.005625,0.010583,0.010583
baseline,Baseline session authorization,80,1657,0.000333,0.004,0.0,0.006,0.011041,0.011041
baseline,Baseline session authorization,80,1658,0.000459,0.004958,0.0,0.006167,0.012458,0.012458
baseline,Baseline session authorization,80,1659,0.000333,0.003917,0.0,0.006,0.011041,0.011041
baseline,Baseline session authorization,80,1660,0.000958,0.00875,0.0,0.01875,0.030333,0.030333
baseline,Baseline session authorization,80,1661,0.000291,0.003958,0.0,0.006042,0.011125,0.011125
baseline,Baseline session authorization,80,1662,0.000333,0.004334,0.0,0.006042,0.0115,0.0115
baseline,Baseline session authorization,80,1663,0.000416,0.003958,0.0,0.006167,0.011333,0.011333
baseline,Baseline session authorization,80,1664,0.000333,0.004,0.0,0.006083,0.011167,0.011167
baseline,Baseline session authorization,80,1665,0.000333,0.003958,0.0,0.006042,0.011167,0.011167
baseline,Baseline session authorization,80,1666,0.000375,0.004167,0.0,0.006,0.011375,0.011375
baseline,Baseline session authorization,80,1667,0.000375,0.004041,0.0,0.006,0.011167,0.011167
baseline,Baseline session authorization,80,1668,0.000292,0.003917,0.0,0.006083,0.011125,0.011125
baseline,Baseline session authorization,80,1669,0.000333,0.004,0.0,0.006042,0.011167,0.011167
baseline,Baseline session authorization,80,1670,0.000333,0.004209,0.0,0.006,0.011417,0.011417
baseline,Baseline session authorization,80,1671,0.000417,0.005417,0.0,0.006208,0.012916,0.012916
baseline,Baseline session authorization,80,1672,0.000375,0.004083,0.0,0.006167,0.011416,0.011416
baseline,Baseline session authorization,80,1673,0.000417,0.004333,0.0,0.006083,0.011833,0.011833
baseline,Baseline session authorization,80,1674,0.000334,0.003875,0.0,0.006,0.011125,0.011125
baseline,Baseline session authorization,80,1675,0.000334,0.004042,0.0,0.006041,0.011291,0.011291
baseline,Baseline session authorization,80,1676,0.000333,0.00625,0.0,0.006458,0.014125,0.014125
baseline,Baseline session authorization,80,1677,0.000375,0.004125,0.0,0.006208,0.011583,0.011583
baseline,Baseline session authorization,80,1678,0.000333,0.004125,0.0,0.006,0.01125,0.01125
baseline,Baseline session authorization,80,1679,0.000333,0.004041,0.0,0.006041,0.011209,0.011209
baseline,Baseline session authorization,80,1680,0.000333,0.003959,0.0,0.006041,0.01125,0.01125
baseline,Baseline session authorization,80,1681,0.000333,0.007375,0.0,0.006375,0.014875,0.014875
baseline,Baseline session authorization,80,1682,0.000416,0.005708,0.0,0.006292,0.013292,0.013292
baseline,Baseline session authorization,80,1683,0.000292,0.003917,0.0,0.006,0.011,0.011
baseline,Baseline session authorization,80,1684,0.000292,0.004083,0.0,0.006084,0.011292,0.011292
baseline,Baseline session authorization,80,1685,0.000333,0.004208,0.0,0.006084,0.011542,0.011542
baseline,Baseline session authorization,80,1686,0.000334,0.004,0.0,0.006,0.011166,0.011166
baseline,Baseline session authorization,80,1687,0.000333,0.004292,0.0,0.006084,0.011542,0.011542
baseline,Baseline session authorization,80,1688,0.000333,0.003959,0.0,0.006,0.011083,0.011083
baseline,Baseline session authorization,80,1689,0.000292,0.004042,0.0,0.006042,0.011208,0.011208
baseline,Baseline session authorization,80,1690,0.000333,0.004041,0.0,0.006,0.011125,0.011125
baseline,Baseline session authorization,80,1691,0.000375,0.01975,0.0,0.00725,0.028333,0.028333
baseline,Baseline session authorization,80,1692,0.000334,0.003917,0.0,0.006,0.011041,0.011041
baseline,Baseline session authorization,80,1693,0.000333,0.004042,0.0,0.006042,0.011208,0.011208
baseline,Baseline session authorization,80,1694,0.000333,0.004,0.0,0.005959,0.011041,0.011041
baseline,Baseline session authorization,80,1695,0.00125,0.013917,0.0,0.011916,0.028833,0.028833
baseline,Baseline session authorization,80,1696,0.000459,0.00425,0.0,0.006083,0.011584,0.011584
baseline,Baseline session authorization,80,1697,0.000334,0.003958,0.0,0.005959,0.011,0.011
baseline,Baseline session authorization,80,1698,0.000292,0.003958,0.0,0.006,0.011042,0.011042
baseline,Baseline session authorization,80,1699,0.000292,0.003917,0.0,0.006083,0.011125,0.011125
baseline,Baseline session authorization,80,1700,0.000333,0.004084,0.0,0.006125,0.011375,0.011375
baseline,Baseline session authorization,80,1701,0.000291,0.003875,0.0,0.005958,0.010958,0.010958
baseline,Baseline session authorization,80,1702,0.000334,0.004041,0.0,0.006125,0.011375,0.011375
baseline,Baseline session authorization,80,1703,0.000375,0.004834,0.0,0.00625,0.012375,0.012375
baseline,Baseline session authorization,80,1704,0.001625,0.021792,0.0,0.016,0.041583,0.041583
baseline,Baseline session authorization,80,1705,0.000333,0.003958,0.0,0.006125,0.011125,0.011125
baseline,Baseline session authorization,80,1706,0.000292,0.003917,0.0,0.006042,0.011083,0.011083
baseline,Baseline session authorization,80,1707,0.000333,0.003917,0.0,0.006,0.011042,0.011042
baseline,Baseline session authorization,80,1708,0.000334,0.004,0.0,0.006083,0.01125,0.01125
baseline,Baseline session authorization,80,1709,0.000375,0.004,0.0,0.005958,0.011041,0.011041
baseline,Baseline session authorization,80,1710,0.000375,0.004084,0.0,0.006125,0.011834,0.011834
baseline,Baseline session authorization,80,1711,0.000334,0.004083,0.0,0.006,0.01125,0.01125
baseline,Baseline session authorization,80,1712,0.000333,0.004042,0.0,0.006042,0.011167,0.011167
baseline,Baseline session authorization,80,1713,0.000416,0.004667,0.0,0.006083,0.012042,0.012042
baseline,Baseline session authorization,80,1714,0.000417,0.005333,0.0,0.006333,0.013041,0.013041
baseline,Baseline session authorization,80,1715,0.000333,0.025166,0.0,0.007166,0.033709,0.033709
baseline,Baseline session authorization,80,1716,0.000292,0.005667,0.0,0.00625,0.013041,0.013041
baseline,Baseline session authorization,80,1717,0.000333,0.003958,0.0,0.006,0.011125,0.011125
baseline,Baseline session authorization,80,1718,0.000375,0.004042,0.0,0.006125,0.011292,0.011292
baseline,Baseline session authorization,80,1719,0.000375,0.004083,0.0,0.005959,0.011208,0.011208
baseline,Baseline session authorization,80,1720,0.000334,0.003875,0.0,0.006042,0.011042,0.011042
baseline,Baseline session authorization,80,1721,0.000334,0.005542,0.0,0.006166,0.012875,0.012875
baseline,Baseline session authorization,80,1722,0.000334,0.003958,0.0,0.006042,0.011166,0.011166
baseline,Baseline session authorization,80,1723,0.000375,0.004042,0.0,0.006,0.011167,0.011167
baseline,Baseline session authorization,80,1724,0.000333,0.003959,0.0,0.006125,0.011208,0.011208
baseline,Baseline session authorization,80,1725,0.000334,0.004042,0.0,0.006042,0.011208,0.011208
baseline,Baseline session authorization,80,1726,0.000292,0.004042,0.0,0.006042,0.011167,0.011167
baseline,Baseline session authorization,80,1727,0.000334,0.003917,0.0,0.006041,0.011125,0.011125
baseline,Baseline session authorization,80,1728,0.000333,0.003958,0.0,0.006,0.011125,0.011125
baseline,Baseline session authorization,80,1729,0.000375,0.004042,0.0,0.006083,0.01125,0.01125
baseline,Baseline session authorization,80,1730,0.000292,0.004,0.0,0.005959,0.011083,0.011083
baseline,Baseline session authorization,80,1731,0.000333,0.004042,0.0,0.006167,0.011375,0.011375
baseline,Baseline session authorization,80,1732,0.000333,0.00525,0.0,0.006208,0.012625,0.012625
baseline,Baseline session authorization,80,1733,0.000333,0.005667,0.0,0.006125,0.013,0.013
baseline,Baseline session authorization,80,1734,0.000333,0.004,0.0,0.006,0.011167,0.011167
baseline,Baseline session authorization,80,1735,0.000334,0.004,0.0,0.006,0.011125,0.011125
baseline,Baseline session authorization,80,1736,0.000334,0.004167,0.0,0.006042,0.011333,0.011333
baseline,Baseline session authorization,80,1737,0.000334,0.004041,0.0,0.006041,0.01125,0.01125
baseline,Baseline session authorization,80,1738,0.000333,0.003959,0.0,0.005916,0.011,0.011
baseline,Baseline session authorization,80,1739,0.000333,0.004042,0.0,0.005958,0.011208,0.011208
baseline,Baseline session authorization,80,1740,0.000333,0.005333,0.0,0.006167,0.012667,0.012667
baseline,Baseline session authorization,80,1741,0.000334,0.004083,0.0,0.005959,0.011208,0.011208
baseline,Baseline session authorization,80,1742,0.000333,0.004,0.0,0.005958,0.011125,0.011125
baseline,Baseline session authorization,80,1743,0.000333,0.003875,0.0,0.006,0.011,0.011
baseline,Baseline session authorization,80,1744,0.000292,0.004,0.0,0.005917,0.011042,0.011042
baseline,Baseline session authorization,80,1745,0.000291,0.004041,0.0,0.005959,0.011167,0.011167
baseline,Baseline session authorization,80,1746,0.000333,0.003958,0.0,0.005917,0.010958,0.010958
baseline,Baseline session authorization,80,1747,0.000333,0.003958,0.0,0.005958,0.011,0.011
baseline,Baseline session authorization,80,1748,0.000291,0.003875,0.0,0.005916,0.010917,0.010917
baseline,Baseline session authorization,80,1749,0.000334,0.004083,0.0,0.006125,0.011333,0.011333
baseline,Baseline session authorization,80,1750,0.000459,0.004,0.0,0.005917,0.011208,0.011208
baseline,Baseline session authorization,80,1751,0.000292,0.003875,0.0,0.006,0.011,0.011
baseline,Baseline session authorization,80,1752,0.000291,0.004041,0.0,0.006084,0.01125,0.01125
baseline,Baseline session authorization,80,1753,0.000333,0.003917,0.0,0.005958,0.011083,0.011083
baseline,Baseline session authorization,80,1754,0.000333,0.004,0.0,0.006,0.01125,0.01125
baseline,Baseline session authorization,80,1755,0.000334,0.003958,0.0,0.006,0.011125,0.011125
baseline,Baseline session authorization,80,1756,0.000333,0.003916,0.0,0.006042,0.011083,0.011083
baseline,Baseline session authorization,80,1757,0.000333,0.003958,0.0,0.006042,0.011208,0.011208
baseline,Baseline session authorization,80,1758,0.000333,0.004125,0.0,0.005916,0.011209,0.011209
baseline,Baseline session authorization,80,1759,0.000333,0.003958,0.0,0.006,0.011167,0.011167
baseline,Baseline session authorization,80,1760,0.000334,0.004,0.0,0.006041,0.01125,0.01125
baseline,Baseline session authorization,80,1761,0.000333,0.004042,0.0,0.006042,0.011208,0.011208
baseline,Baseline session authorization,80,1762,0.000334,0.00375,0.0,0.005667,0.010541,0.010541
baseline,Baseline session authorization,80,1763,0.000333,0.003792,0.0,0.00575,0.010625,0.010625
baseline,Baseline session authorization,80,1764,0.000333,0.003709,0.0,0.00575,0.010625,0.010625
baseline,Baseline session authorization,80,1765,0.001209,0.008958,0.0,0.009375,0.021166,0.021166
baseline,Baseline session authorization,80,1766,0.000334,0.003834,0.0,0.005625,0.010625,0.010625
baseline,Baseline session authorization,80,1767,0.000916,0.010042,0.0,0.009458,0.021917,0.021917
baseline,Baseline session authorization,80,1768,0.000916,0.011083,0.0,0.008875,0.022167,0.022167
baseline,Baseline session authorization,80,1769,0.000833,0.011291,0.0,0.009458,0.023083,0.023083
baseline,Baseline session authorization,80,1770,0.000333,0.003833,0.0,0.005625,0.0105,0.0105
baseline,Baseline session authorization,80,1771,0.000292,0.00375,0.0,0.005791,0.010625,0.010625
baseline,Baseline session authorization,80,1772,0.000292,0.003708,0.0,0.005583,0.010375,0.010375
baseline,Baseline session authorization,80,1773,0.000292,0.00375,0.0,0.005709,0.010625,0.010625
baseline,Baseline session authorization,80,1774,0.000334,0.00375,0.0,0.005792,0.010625,0.010625
baseline,Baseline session authorization,80,1775,0.000333,0.00375,0.0,0.005667,0.010541,0.010541
baseline,Baseline session authorization,80,1776,0.000334,0.004042,0.0,0.005833,0.011,0.011
baseline,Baseline session authorization,80,1777,0.000333,0.003791,0.0,0.005708,0.0105,0.0105
baseline,Baseline session authorization,80,1778,0.000375,0.004375,0.0,0.005833,0.011459,0.011459
baseline,Baseline session authorization,80,1779,0.000333,0.003833,0.0,0.005667,0.010583,0.010583
baseline,Baseline session authorization,80,1780,0.000334,0.004167,0.0,0.005709,0.010958,0.010958
baseline,Baseline session authorization,80,1781,0.000375,0.003709,0.0,0.005708,0.0105,0.0105
baseline,Baseline session authorization,80,1782,0.000375,0.00425,0.0,0.005792,0.011166,0.011166
baseline,Baseline session authorization,80,1783,0.000291,0.003791,0.0,0.005791,0.010667,0.010667
baseline,Baseline session authorization,80,1784,0.000417,0.004334,0.0,0.005875,0.011333,0.011333
baseline,Baseline session authorization,80,1785,0.000334,0.004125,0.0,0.005917,0.011208,0.011208
baseline,Baseline session authorization,80,1786,0.000375,0.003792,0.0,0.005709,0.010625,0.010625
baseline,Baseline session authorization,80,1787,0.000292,0.00375,0.0,0.005667,0.010542,0.010542
baseline,Baseline session authorization,80,1788,0.000292,0.003709,0.0,0.005708,0.010583,0.010583
baseline,Baseline session authorization,80,1789,0.001,0.010375,0.0,0.009583,0.022417,0.022417
baseline,Baseline session authorization,80,1790,0.000333,0.003792,0.0,0.005791,0.010709,0.010709
baseline,Baseline session authorization,80,1791,0.000917,0.010333,0.0,0.009417,0.022083,0.022083
baseline,Baseline session authorization,80,1792,0.000333,0.003708,0.0,0.00575,0.010542,0.010542
baseline,Baseline session authorization,80,1793,0.000375,0.003958,0.0,0.005834,0.010917,0.010917
baseline,Baseline session authorization,80,1794,0.000333,0.006542,0.0,0.005958,0.013584,0.013584
baseline,Baseline session authorization,80,1795,0.000333,0.003792,0.0,0.005667,0.010583,0.010583
baseline,Baseline session authorization,80,1796,0.000292,0.003834,0.0,0.005833,0.010791,0.010791
baseline,Baseline session authorization,80,1797,0.000333,0.003917,0.0,0.005792,0.010833,0.010833
baseline,Baseline session authorization,80,1798,0.000333,0.003916,0.0,0.005875,0.010917,0.010917
baseline,Baseline session authorization,80,1799,0.000375,0.003917,0.0,0.005875,0.011,0.011
baseline,Baseline session authorization,80,1800,0.000333,0.00375,0.0,0.005875,0.010833,0.010833
baseline,Baseline session authorization,80,1801,0.000333,0.003791,0.0,0.00575,0.010667,0.010667
baseline,Baseline session authorization,80,1802,0.000292,0.00375,0.0,0.005792,0.010625,0.010625
baseline,Baseline session authorization,80,1803,0.000292,0.003792,0.0,0.005584,0.010416,0.010416
baseline,Baseline session authorization,80,1804,0.000291,0.003958,0.0,0.00575,0.010834,0.010834
baseline,Baseline session authorization,80,1805,0.000333,0.005209,0.0,0.005958,0.012292,0.012292
baseline,Baseline session authorization,80,1806,0.000292,0.003875,0.0,0.005708,0.010709,0.010709
baseline,Baseline session authorization,80,1807,0.000333,0.003833,0.0,0.005667,0.010542,0.010542
baseline,Baseline session authorization,80,1808,0.000292,0.003875,0.0,0.00575,0.01075,0.01075
baseline,Baseline session authorization,80,1809,0.000334,0.003792,0.0,0.00575,0.010583,0.010583
baseline,Baseline session authorization,80,1810,0.000334,0.003833,0.0,0.005708,0.010666,0.010666
baseline,Baseline session authorization,80,1811,0.000375,0.003875,0.0,0.005917,0.010875,0.010875
baseline,Baseline session authorization,80,1812,0.000333,0.00375,0.0,0.005667,0.010583,0.010583
baseline,Baseline session authorization,80,1813,0.000334,0.003792,0.0,0.005833,0.010791,0.010791
baseline,Baseline session authorization,80,1814,0.000333,0.003792,0.0,0.005792,0.010708,0.010708
baseline,Baseline session authorization,80,1815,0.000333,0.00375,0.0,0.005792,0.010625,0.010625
baseline,Baseline session authorization,80,1816,0.000333,0.00375,0.0,0.005667,0.0105,0.0105
baseline,Baseline session authorization,80,1817,0.000958,0.009375,0.0,0.00925,0.021042,0.021042
baseline,Baseline session authorization,80,1818,0.000333,0.003709,0.0,0.005708,0.010542,0.010542
baseline,Baseline session authorization,80,1819,0.001041,0.012541,0.0,0.01025,0.025334,0.025334
baseline,Baseline session authorization,80,1820,0.000292,0.00375,0.0,0.005791,0.010583,0.010583
baseline,Baseline session authorization,80,1821,0.000333,0.003791,0.0,0.005625,0.010542,0.010542
baseline,Baseline session authorization,80,1822,0.000334,0.003875,0.0,0.005875,0.010833,0.010833
baseline,Baseline session authorization,80,1823,0.000333,0.003833,0.0,0.005709,0.010667,0.010667
baseline,Baseline session authorization,80,1824,0.000334,0.003833,0.0,0.00575,0.010666,0.010666
baseline,Baseline session authorization,80,1825,0.000333,0.003834,0.0,0.00575,0.010708,0.010708
baseline,Baseline session authorization,80,1826,0.000333,0.003791,0.0,0.005833,0.010667,0.010667
baseline,Baseline session authorization,80,1827,0.000292,0.003792,0.0,0.005709,0.010583,0.010583
baseline,Baseline session authorization,80,1828,0.000292,0.005042,0.0,0.005917,0.012125,0.012125
baseline,Baseline session authorization,80,1829,0.000291,0.00375,0.0,0.005667,0.010458,0.010458
baseline,Baseline session authorization,80,1830,0.000292,0.00375,0.0,0.005625,0.010458,0.010458
baseline,Baseline session authorization,80,1831,0.000334,0.003792,0.0,0.005708,0.010708,0.010708
baseline,Baseline session authorization,80,1832,0.000333,0.00375,0.0,0.005709,0.010542,0.010542
baseline,Baseline session authorization,80,1833,0.000334,0.003833,0.0,0.00575,0.010666,0.010666
baseline,Baseline session authorization,80,1834,0.000417,0.003792,0.0,0.005792,0.01075,0.01075
baseline,Baseline session authorization,80,1835,0.000333,0.003708,0.0,0.00575,0.010542,0.010542
baseline,Baseline session authorization,80,1836,0.000292,0.003792,0.0,0.005625,0.010542,0.010542
baseline,Baseline session authorization,80,1837,0.000292,0.003792,0.0,0.00575,0.010625,0.010625
baseline,Baseline session authorization,80,1838,0.000375,0.003917,0.0,0.005792,0.010875,0.010875
baseline,Baseline session authorization,80,1839,0.000292,0.00375,0.0,0.005667,0.010459,0.010459
baseline,Baseline session authorization,80,1840,0.000333,0.00375,0.0,0.005708,0.010583,0.010583
baseline,Baseline session authorization,80,1841,0.000375,0.003959,0.0,0.00575,0.010833,0.010833
baseline,Baseline session authorization,80,1842,0.000333,0.003833,0.0,0.00575,0.010708,0.010708
baseline,Baseline session authorization,80,1843,0.000333,0.004125,0.0,0.005917,0.01125,0.01125
baseline,Baseline session authorization,80,1844,0.000334,0.003833,0.0,0.005792,0.010792,0.010792
baseline,Baseline session authorization,80,1845,0.000333,0.003791,0.0,0.00575,0.010667,0.010667
baseline,Baseline session authorization,80,1846,0.000292,0.005334,0.0,0.006,0.012458,0.012458
baseline,Baseline session authorization,80,1847,0.000292,0.003792,0.0,0.005708,0.010542,0.010542
baseline,Baseline session authorization,80,1848,0.000375,0.004375,0.0,0.005875,0.011458,0.011458
baseline,Baseline session authorization,80,1849,0.000291,0.00375,0.0,0.005708,0.010542,0.010542
baseline,Baseline session authorization,80,1850,0.0005,0.004625,0.0,0.005916,0.011833,0.011833
baseline,Baseline session authorization,80,1851,0.000333,0.003834,0.0,0.005708,0.010625,0.010625
baseline,Baseline session authorization,80,1852,0.000334,0.003709,0.0,0.005708,0.010541,0.010541
baseline,Baseline session authorization,80,1853,0.000333,0.00375,0.0,0.00575,0.010583,0.010583
baseline,Baseline session authorization,80,1854,0.000333,0.003875,0.0,0.00575,0.010708,0.010708
baseline,Baseline session authorization,80,1855,0.000292,0.003833,0.0,0.005708,0.010625,0.010625
baseline,Baseline session authorization,80,1856,0.000291,0.003833,0.0,0.00575,0.010667,0.010667
baseline,Baseline session authorization,80,1857,0.000333,0.003833,0.0,0.005709,0.010625,0.010625
baseline,Baseline session authorization,80,1858,0.000291,0.003791,0.0,0.005666,0.010542,0.010542
baseline,Baseline session authorization,80,1859,0.000292,0.003708,0.0,0.00575,0.010542,0.010542
baseline,Baseline session authorization,80,1860,0.000292,0.00375,0.0,0.005708,0.010625,0.010625
baseline,Baseline session authorization,80,1861,0.000292,0.003875,0.0,0.005791,0.010708,0.010708
baseline,Baseline session authorization,80,1862,0.000292,0.00375,0.0,0.00575,0.010625,0.010625
baseline,Baseline session authorization,80,1863,0.000334,0.003875,0.0,0.005791,0.01075,0.01075
baseline,Baseline session authorization,80,1864,0.000292,0.003833,0.0,0.005708,0.010625,0.010625
baseline,Baseline session authorization,80,1865,0.000333,0.003917,0.0,0.005833,0.010917,0.010917
baseline,Baseline session authorization,80,1866,0.000333,0.003791,0.0,0.005792,0.010708,0.010708
baseline,Baseline session authorization,80,1867,0.000333,0.00375,0.0,0.005917,0.010708,0.010708
baseline,Baseline session authorization,80,1868,0.000334,0.00375,0.0,0.005834,0.010708,0.010708
baseline,Baseline session authorization,80,1869,0.000292,0.003792,0.0,0.005792,0.010667,0.010667
baseline,Baseline session authorization,80,1870,0.000333,0.003833,0.0,0.005666,0.010584,0.010584
baseline,Baseline session authorization,80,1871,0.000333,0.007375,0.0,0.006,0.0145,0.0145
baseline,Baseline session authorization,80,1872,0.000292,0.003833,0.0,0.005791,0.010667,0.010667
baseline,Baseline session authorization,80,1873,0.000334,0.003875,0.0,0.005959,0.010917,0.010917
baseline,Baseline session authorization,80,1874,0.000334,0.003833,0.0,0.005625,0.010625,0.010625
baseline,Baseline session authorization,80,1875,0.000292,0.003833,0.0,0.005708,0.010625,0.010625
baseline,Baseline session authorization,80,1876,0.000333,0.003875,0.0,0.00575,0.010708,0.010708
baseline,Baseline session authorization,80,1877,0.000333,0.003833,0.0,0.005792,0.010708,0.010708
baseline,Baseline session authorization,80,1878,0.000292,0.003833,0.0,0.005708,0.010625,0.010625
baseline,Baseline session authorization,80,1879,0.000292,0.00375,0.0,0.005792,0.010666,0.010666
baseline,Baseline session authorization,80,1880,0.000333,0.003791,0.0,0.00575,0.010667,0.010667
baseline,Baseline session authorization,80,1881,0.000291,0.003833,0.0,0.005667,0.010583,0.010583
baseline,Baseline session authorization,80,1882,0.000333,0.003792,0.0,0.00575,0.010625,0.010625
baseline,Baseline session authorization,80,1883,0.000292,0.00375,0.0,0.005708,0.010583,0.010583
baseline,Baseline session authorization,80,1884,0.000334,0.003792,0.0,0.00575,0.010625,0.010625
baseline,Baseline session authorization,80,1885,0.001209,0.013791,0.0,0.009791,0.026416,0.026416
baseline,Baseline session authorization,80,1886,0.000334,0.005625,0.0,0.005917,0.012708,0.012708
baseline,Baseline session authorization,80,1887,0.000333,0.003875,0.0,0.005875,0.010875,0.010875
baseline,Baseline session authorization,80,1888,0.000292,0.00375,0.0,0.005833,0.010709,0.010709
baseline,Baseline session authorization,80,1889,0.000291,0.00375,0.0,0.005667,0.0105,0.0105
baseline,Baseline session authorization,80,1890,0.000292,0.003833,0.0,0.00575,0.010667,0.010667
baseline,Baseline session authorization,80,1891,0.000291,0.00375,0.0,0.005708,0.010583,0.010583
baseline,Baseline session authorization,80,1892,0.000292,0.005292,0.0,0.005958,0.012292,0.012292
baseline,Baseline session authorization,80,1893,0.000292,0.00375,0.0,0.005708,0.010584,0.010584
baseline,Baseline session authorization,80,1894,0.000333,0.003875,0.0,0.00575,0.010792,0.010792
baseline,Baseline session authorization,80,1895,0.000458,0.004916,0.0,0.006083,0.012291,0.012291
baseline,Baseline session authorization,80,1896,0.000291,0.003791,0.0,0.00575,0.010625,0.010625
baseline,Baseline session authorization,80,1897,0.000292,0.003792,0.0,0.005834,0.01075,0.01075
baseline,Baseline session authorization,80,1898,0.000333,0.003875,0.0,0.005792,0.010708,0.010708
baseline,Baseline session authorization,80,1899,0.000291,0.003792,0.0,0.00575,0.010583,0.010583
baseline,Baseline session authorization,80,1900,0.000333,0.003833,0.0,0.00575,0.010708,0.010708
baseline,Baseline session authorization,80,1901,0.000375,0.005333,0.0,0.005958,0.012542,0.012542
baseline,Baseline session authorization,80,1902,0.000333,0.003791,0.0,0.005791,0.010709,0.010709
baseline,Baseline session authorization,80,1903,0.000292,0.004042,0.0,0.005708,0.010875,0.010875
baseline,Baseline session authorization,80,1904,0.000334,0.00375,0.0,0.005667,0.0105,0.0105
baseline,Baseline session authorization,80,1905,0.000291,0.003791,0.0,0.005791,0.010667,0.010667
baseline,Baseline session authorization,80,1906,0.000291,0.003791,0.0,0.005791,0.010625,0.010625
baseline,Baseline session authorization,80,1907,0.000333,0.00375,0.0,0.00575,0.010625,0.010625
baseline,Baseline session authorization,80,1908,0.000292,0.003792,0.0,0.005625,0.010541,0.010541
baseline,Baseline session authorization,80,1909,0.000334,0.003875,0.0,0.005709,0.010708,0.010708
baseline,Baseline session authorization,80,1910,0.000292,0.003792,0.0,0.00575,0.010583,0.010583
baseline,Baseline session authorization,80,1911,0.000334,0.003792,0.0,0.00575,0.010666,0.010666
baseline,Baseline session authorization,80,1912,0.000292,0.003792,0.0,0.005708,0.010625,0.010625
baseline,Baseline session authorization,80,1913,0.000291,0.003791,0.0,0.005709,0.010667,0.010667
baseline,Baseline session authorization,80,1914,0.000334,0.003875,0.0,0.005792,0.01075,0.01075
baseline,Baseline session authorization,80,1915,0.000292,0.003833,0.0,0.005791,0.010667,0.010667
baseline,Baseline session authorization,80,1916,0.000334,0.003917,0.0,0.00575,0.010792,0.010792
baseline,Baseline session authorization,80,1917,0.000333,0.00375,0.0,0.00575,0.010667,0.010667
baseline,Baseline session authorization,80,1918,0.000334,0.003792,0.0,0.005791,0.01075,0.01075
baseline,Baseline session authorization,80,1919,0.000458,0.003958,0.0,0.0215,0.026875,0.026875
baseline,Baseline session authorization,80,1920,0.000292,0.00525,0.0,0.006,0.012375,0.012375
baseline,Baseline session authorization,80,1921,0.000375,0.003833,0.0,0.005834,0.010875,0.010875
baseline,Baseline session authorization,80,1922,0.000292,0.00375,0.0,0.00575,0.010542,0.010542
baseline,Baseline session authorization,80,1923,0.000333,0.003917,0.0,0.00575,0.010833,0.010833
baseline,Baseline session authorization,80,1924,0.000333,0.003917,0.0,0.00575,0.010833,0.010833
baseline,Baseline session authorization,80,1925,0.000334,0.003792,0.0,0.005708,0.010584,0.010584
baseline,Baseline session authorization,80,1926,0.000292,0.003833,0.0,0.005709,0.010667,0.010667
baseline,Baseline session authorization,80,1927,0.000292,0.003875,0.0,0.00575,0.010792,0.010792
baseline,Baseline session authorization,80,1928,0.000459,0.004125,0.0,0.005875,0.011333,0.011333
baseline,Baseline session authorization,80,1929,0.000291,0.003791,0.0,0.00575,0.010625,0.010625
baseline,Baseline session authorization,80,1930,0.000333,0.003833,0.0,0.005708,0.010667,0.010667
baseline,Baseline session authorization,80,1931,0.000333,0.005333,0.0,0.006,0.012459,0.012459
baseline,Baseline session authorization,80,1932,0.000417,0.004584,0.0,0.005875,0.011666,0.011666
baseline,Baseline session authorization,80,1933,0.000292,0.003792,0.0,0.005709,0.010583,0.010583
baseline,Baseline session authorization,80,1934,0.000333,0.005667,0.0,0.006208,0.013292,0.013292
baseline,Baseline session authorization,80,1935,0.000334,0.003833,0.0,0.005708,0.010666,0.010666
baseline,Baseline session authorization,80,1936,0.000375,0.003833,0.0,0.007042,0.012041,0.012041
baseline,Baseline session authorization,80,1937,0.000292,0.003834,0.0,0.00575,0.010666,0.010666
baseline,Baseline session authorization,80,1938,0.000333,0.003791,0.0,0.005708,0.010625,0.010625
baseline,Baseline session authorization,80,1939,0.000334,0.003917,0.0,0.005667,0.010708,0.010708
baseline,Baseline session authorization,80,1940,0.000291,0.003833,0.0,0.005792,0.01075,0.01075
baseline,Baseline session authorization,80,1941,0.000292,0.003875,0.0,0.005791,0.01075,0.01075
baseline,Baseline session authorization,80,1942,0.000291,0.003791,0.0,0.00575,0.010625,0.010625
baseline,Baseline session authorization,80,1943,0.000291,0.003833,0.0,0.005833,0.010834,0.010834
baseline,Baseline session authorization,80,1944,0.000333,0.003875,0.0,0.005667,0.010583,0.010583
baseline,Baseline session authorization,80,1945,0.000292,0.003875,0.0,0.005708,0.010625,0.010625
baseline,Baseline session authorization,80,1946,0.000333,0.003875,0.0,0.005708,0.010708,0.010708
baseline,Baseline session authorization,80,1947,0.000291,0.003791,0.0,0.005875,0.010708,0.010708
baseline,Baseline session authorization,80,1948,0.000291,0.00375,0.0,0.005792,0.010625,0.010625
baseline,Baseline session authorization,80,1949,0.000333,0.00375,0.0,0.005834,0.01075,0.01075
baseline,Baseline session authorization,80,1950,0.000292,0.003917,0.0,0.005708,0.01075,0.01075
baseline,Baseline session authorization,80,1951,0.000292,0.00375,0.0,0.005667,0.010541,0.010541
baseline,Baseline session authorization,80,1952,0.000333,0.005125,0.0,0.006,0.012333,0.012333
baseline,Baseline session authorization,80,1953,0.000292,0.003833,0.0,0.005791,0.010667,0.010667
baseline,Baseline session authorization,80,1954,0.000292,0.004,0.0,0.005834,0.010917,0.010917
baseline,Baseline session authorization,80,1955,0.000292,0.003708,0.0,0.00575,0.010583,0.010583
baseline,Baseline session authorization,80,1956,0.000333,0.003875,0.0,0.005791,0.010792,0.010792
baseline,Baseline session authorization,80,1957,0.000292,0.003792,0.0,0.005667,0.010583,0.010583
baseline,Baseline session authorization,80,1958,0.000291,0.003875,0.0,0.005792,0.010708,0.010708
baseline,Baseline session authorization,80,1959,0.000334,0.003833,0.0,0.005666,0.010584,0.010584
baseline,Baseline session authorization,80,1960,0.000291,0.00375,0.0,0.005792,0.010625,0.010625
baseline,Baseline session authorization,80,1961,0.000333,0.003791,0.0,0.005791,0.010667,0.010667
baseline,Baseline session authorization,80,1962,0.000333,0.003834,0.0,0.005792,0.01075,0.01075
baseline,Baseline session authorization,80,1963,0.000292,0.003625,0.0,0.005708,0.010416,0.010416
baseline,Baseline session authorization,80,1964,0.000334,0.005792,0.0,0.005917,0.012792,0.012792
baseline,Baseline session authorization,80,1965,0.000333,0.003791,0.0,0.00575,0.010583,0.010583
baseline,Baseline session authorization,80,1966,0.000291,0.003875,0.0,0.00575,0.010708,0.010708
baseline,Baseline session authorization,80,1967,0.000375,0.00575,0.0,0.005792,0.012708,0.012708
baseline,Baseline session authorization,80,1968,0.000292,0.003833,0.0,0.005791,0.010667,0.010667
baseline,Baseline session authorization,80,1969,0.000333,0.003917,0.0,0.00575,0.010833,0.010833
baseline,Baseline session authorization,80,1970,0.000334,0.003959,0.0,0.005792,0.010875,0.010875
baseline,Baseline session authorization,80,1971,0.000292,0.00375,0.0,0.00575,0.010583,0.010583
baseline,Baseline session authorization,80,1972,0.000333,0.003958,0.0,0.005834,0.010833,0.010833
baseline,Baseline session authorization,80,1973,0.000291,0.003875,0.0,0.005708,0.010708,0.010708
baseline,Baseline session authorization,80,1974,0.000292,0.006417,0.0,0.005916,0.013459,0.013459
baseline,Baseline session authorization,80,1975,0.000333,0.003834,0.0,0.015875,0.020958,0.020958
baseline,Baseline session authorization,80,1976,0.000334,0.00375,0.0,0.005792,0.010625,0.010625
baseline,Baseline session authorization,80,1977,0.000292,0.00375,0.0,0.005708,0.010541,0.010541
baseline,Baseline session authorization,80,1978,0.000292,0.003875,0.0,0.005792,0.010792,0.010792
baseline,Baseline session authorization,80,1979,0.000291,0.00375,0.0,0.005708,0.010625,0.010625
baseline,Baseline session authorization,80,1980,0.000333,0.004125,0.0,0.006,0.011291,0.011291
baseline,Baseline session authorization,80,1981,0.000291,0.003833,0.0,0.005708,0.010583,0.010583
baseline,Baseline session authorization,80,1982,0.000292,0.006042,0.0,0.005916,0.013042,0.013042
baseline,Baseline session authorization,80,1983,0.000292,0.003917,0.0,0.005833,0.010875,0.010875
baseline,Baseline session authorization,80,1984,0.000292,0.003792,0.0,0.005709,0.010583,0.010583
baseline,Baseline session authorization,80,1985,0.000333,0.003833,0.0,0.005708,0.01075,0.01075
baseline,Baseline session authorization,80,1986,0.000292,0.003667,0.0,0.005708,0.010417,0.010417
baseline,Baseline session authorization,80,1987,0.000333,0.003833,0.0,0.005709,0.010667,0.010667
baseline,Baseline session authorization,80,1988,0.000333,0.003792,0.0,0.00575,0.010666,0.010666
baseline,Baseline session authorization,80,1989,0.000333,0.003834,0.0,0.005792,0.010708,0.010708
baseline,Baseline session authorization,80,1990,0.000333,0.004,0.0,0.005833,0.010916,0.010916
baseline,Baseline session authorization,80,1991,0.000292,0.004125,0.0,0.005667,0.010875,0.010875
baseline,Baseline session authorization,80,1992,0.000291,0.003791,0.0,0.00575,0.010625,0.010625
baseline,Baseline session authorization,80,1993,0.000292,0.003833,0.0,0.005709,0.010625,0.010625
baseline,Baseline session authorization,80,1994,0.000333,0.003833,0.0,0.005834,0.01075,0.01075
baseline,Baseline session authorization,80,1995,0.000333,0.00375,0.0,0.005708,0.0105,0.0105
baseline,Baseline session authorization,80,1996,0.000292,0.003833,0.0,0.005791,0.010667,0.010667
baseline,Baseline session authorization,80,1997,0.000292,0.005667,0.0,0.005917,0.012708,0.012708
baseline,Baseline session authorization,80,1998,0.000334,0.00375,0.0,0.005708,0.010584,0.010584
baseline,Baseline session authorization,80,1999,0.000333,0.003875,0.0,0.005708,0.01075,0.01075
baseline,Baseline session authorization,80,2000,0.000334,0.003875,0.0,0.005792,0.01075,0.01075
baseline,Baseline session authorization,80,2001,0.000375,0.004209,0.0,0.00575,0.011125,0.011125
baseline,Baseline session authorization,80,2002,0.000292,0.003875,0.0,0.005708,0.010708,0.010708
baseline,Baseline session authorization,80,2003,0.000292,0.003792,0.0,0.005666,0.010583,0.010583
baseline,Baseline session authorization,80,2004,0.000292,0.003833,0.0,0.005791,0.010709,0.010709
baseline,Baseline session authorization,80,2005,0.000292,0.00375,0.0,0.005708,0.010541,0.010541
baseline,Baseline session authorization,80,2006,0.000291,0.003791,0.0,0.005666,0.010542,0.010542
baseline,Baseline session authorization,80,2007,0.000333,0.004417,0.0,0.005958,0.011542,0.011542
baseline,Baseline session authorization,80,2008,0.000334,0.003834,0.0,0.005875,0.01075,0.01075
baseline,Baseline session authorization,80,2009,0.000333,0.003833,0.0,0.00575,0.010625,0.010625
baseline,Baseline session authorization,80,2010,0.000333,0.003833,0.0,0.00575,0.010667,0.010667
baseline,Baseline session authorization,80,2011,0.000333,0.00375,0.0,0.005708,0.010584,0.010584
baseline,Baseline session authorization,80,2012,0.000333,0.003791,0.0,0.00575,0.010709,0.010709
baseline,Baseline session authorization,80,2013,0.000334,0.00375,0.0,0.005708,0.010584,0.010584
baseline,Baseline session authorization,80,2014,0.000334,0.00375,0.0,0.005625,0.010459,0.010459
baseline,Baseline session authorization,80,2015,0.000292,0.003792,0.0,0.00575,0.010667,0.010667
baseline,Baseline session authorization,80,2016,0.000334,0.003875,0.0,0.005666,0.010584,0.010584
baseline,Baseline session authorization,80,2017,0.000333,0.003959,0.0,0.005958,0.012417,0.012417
baseline,Baseline session authorization,80,2018,0.000334,0.003833,0.0,0.00575,0.010666,0.010666
baseline,Baseline session authorization,80,2019,0.000292,0.003917,0.0,0.005792,0.01075,0.01075
baseline,Baseline session authorization,80,2020,0.000334,0.003875,0.0,0.00575,0.010709,0.010709
baseline,Baseline session authorization,80,2021,0.000292,0.006375,0.0,0.006125,0.013583,0.013583
baseline,Baseline session authorization,80,2022,0.000334,0.003792,0.0,0.005667,0.010583,0.010583
baseline,Baseline session authorization,80,2023,0.000333,0.003834,0.0,0.005708,0.010583,0.010583
baseline,Baseline session authorization,80,2024,0.000292,0.005834,0.0,0.006,0.012958,0.012958
baseline,Baseline session authorization,80,2025,0.000292,0.005417,0.0,0.006,0.0125,0.0125
baseline,Baseline session authorization,80,2026,0.000333,0.00525,0.0,0.005916,0.012292,0.012292
baseline,Baseline session authorization,80,2027,0.000375,0.00375,0.0,0.00575,0.010708,0.010708
baseline,Baseline session authorization,80,2028,0.000333,0.003916,0.0,0.005834,0.010833,0.010833
baseline,Baseline session authorization,80,2029,0.000291,0.003791,0.0,0.005666,0.010542,0.010542
baseline,Baseline session authorization,80,2030,0.000333,0.003666,0.0,0.005792,0.010625,0.010625
baseline,Baseline session authorization,80,2031,0.000333,0.003791,0.0,0.00575,0.010667,0.010667
baseline,Baseline session authorization,80,2032,0.000292,0.003875,0.0,0.005708,0.010709,0.010709
baseline,Baseline session authorization,80,2033,0.000292,0.003833,0.0,0.00575,0.010708,0.010708
baseline,Baseline session authorization,80,2034,0.000334,0.003875,0.0,0.005708,0.010708,0.010708
baseline,Baseline session authorization,80,2035,0.000334,0.003834,0.0,0.005833,0.010708,0.010708
baseline,Baseline session authorization,80,2036,0.000334,0.003792,0.0,0.005708,0.010625,0.010625
baseline,Baseline session authorization,80,2037,0.000333,0.003834,0.0,0.005708,0.010625,0.010625
baseline,Baseline session authorization,80,2038,0.000375,0.004292,0.0,0.005833,0.011291,0.011291
baseline,Baseline session authorization,80,2039,0.000334,0.003792,0.0,0.005792,0.010708,0.010708
baseline,Baseline session authorization,80,2040,0.000333,0.003833,0.0,0.005792,0.010667,0.010667
baseline,Baseline session authorization,80,2041,0.000333,0.003916,0.0,0.005833,0.01075,0.01075
baseline,Baseline session authorization,80,2042,0.000333,0.003833,0.0,0.005834,0.010917,0.010917
baseline,Baseline session authorization,80,2043,0.000334,0.003833,0.0,0.005791,0.01075,0.01075
baseline,Baseline session authorization,80,2044,0.000417,0.0045,0.0,0.005917,0.011708,0.011708
baseline,Baseline session authorization,80,2045,0.000292,0.003833,0.0,0.005708,0.010625,0.010625
baseline,Baseline session authorization,80,2046,0.000334,0.003833,0.0,0.005791,0.01075,0.01075
baseline,Baseline session authorization,80,2047,0.000291,0.003791,0.0,0.005709,0.010625,0.010625
baseline,Baseline session authorization,80,2048,0.000292,0.003875,0.0,0.005667,0.010708,0.010708
baseline,Baseline session authorization,80,2049,0.000292,0.00375,0.0,0.005625,0.0105,0.0105
baseline,Baseline session authorization,80,2050,0.000291,0.003708,0.0,0.005667,0.0105,0.0105
baseline,Baseline session authorization,80,2051,0.000375,0.004083,0.0,0.005834,0.011208,0.011208
baseline,Baseline session authorization,80,2052,0.000292,0.003875,0.0,0.005833,0.010791,0.010791
baseline,Baseline session authorization,80,2053,0.000292,0.003708,0.0,0.022291,0.02725,0.02725
baseline,Baseline session authorization,80,2054,0.000292,0.003792,0.0,0.005833,0.01075,0.01075
baseline,Baseline session authorization,80,2055,0.000291,0.003833,0.0,0.005667,0.010583,0.010583
baseline,Baseline session authorization,80,2056,0.000333,0.00375,0.0,0.00575,0.010584,0.010584
baseline,Baseline session authorization,80,2057,0.000334,0.003792,0.0,0.005708,0.010584,0.010584
baseline,Baseline session authorization,80,2058,0.000292,0.003833,0.0,0.005792,0.01075,0.01075
baseline,Baseline session authorization,80,2059,0.000416,0.004333,0.0,0.005916,0.011375,0.011375
baseline,Baseline session authorization,80,2060,0.000334,0.003792,0.0,0.005709,0.010583,0.010583
baseline,Baseline session authorization,80,2061,0.000291,0.003833,0.0,0.00575,0.010667,0.010667
baseline,Baseline session authorization,80,2062,0.000333,0.003791,0.0,0.00575,0.010667,0.010667
baseline,Baseline session authorization,80,2063,0.000333,0.00525,0.0,0.006041,0.012459,0.012459
baseline,Baseline session authorization,80,2064,0.000333,0.003875,0.0,0.00575,0.01075,0.01075
baseline,Baseline session authorization,80,2065,0.000334,0.005333,0.0,0.016333,0.022916,0.022916
baseline,Baseline session authorization,80,2066,0.000292,0.00375,0.0,0.005583,0.0105,0.0105
baseline,Baseline session authorization,80,2067,0.000333,0.003958,0.0,0.00575,0.010792,0.010792
baseline,Baseline session authorization,80,2068,0.000333,0.003666,0.0,0.005833,0.010542,0.010542
baseline,Baseline session authorization,80,2069,0.000292,0.00375,0.0,0.005791,0.010583,0.010583
baseline,Baseline session authorization,80,2070,0.000291,0.00375,0.0,0.005791,0.010667,0.010667
baseline,Baseline session authorization,80,2071,0.000292,0.003792,0.0,0.005667,0.010542,0.010542
baseline,Baseline session authorization,80,2072,0.000625,0.005458,0.0,0.00675,0.013708,0.013708
baseline,Baseline session authorization,80,2073,0.000375,0.004791,0.0,0.006209,0.012334,0.012334
baseline,Baseline session authorization,80,2074,0.000334,0.003917,0.0,0.005875,0.010958,0.010958
baseline,Baseline session authorization,80,2075,0.000291,0.003791,0.0,0.005708,0.010542,0.010542
baseline,Baseline session authorization,80,2076,0.000333,0.00375,0.0,0.005625,0.010542,0.010542
baseline,Baseline session authorization,80,2077,0.000333,0.013959,0.0,0.0065,0.021625,0.021625
baseline,Baseline session authorization,80,2078,0.000292,0.007375,0.0,0.005875,0.014333,0.014333
baseline,Baseline session authorization,80,2079,0.000292,0.003791,0.0,0.00575,0.010625,0.010625
baseline,Baseline session authorization,80,2080,0.000333,0.003833,0.0,0.005709,0.010667,0.010667
baseline,Baseline session authorization,80,2081,0.000333,0.003875,0.0,0.005666,0.010625,0.010625
baseline,Baseline session authorization,80,2082,0.000292,0.003791,0.0,0.005625,0.0105,0.0105
baseline,Baseline session authorization,80,2083,0.000292,0.003708,0.0,0.005709,0.010542,0.010542
baseline,Baseline session authorization,80,2084,0.000291,0.003875,0.0,0.005625,0.010583,0.010583
baseline,Baseline session authorization,80,2085,0.000292,0.003792,0.0,0.005834,0.010708,0.010708
baseline,Baseline session authorization,80,2086,0.000334,0.005334,0.0,0.005875,0.012333,0.012333
baseline,Baseline session authorization,80,2087,0.000333,0.003875,0.0,0.00575,0.010792,0.010792
baseline,Baseline session authorization,80,2088,0.000292,0.003792,0.0,0.005792,0.010666,0.010666
baseline,Baseline session authorization,80,2089,0.000333,0.005041,0.0,0.005875,0.012042,0.012042
baseline,Baseline session authorization,80,2090,0.000292,0.003792,0.0,0.00575,0.010625,0.010625
baseline,Baseline session authorization,80,2091,0.000292,0.003834,0.0,0.005833,0.01075,0.01075
baseline,Baseline session authorization,80,2092,0.000292,0.003792,0.0,0.005792,0.010666,0.010666
baseline,Baseline session authorization,80,2093,0.000333,0.00375,0.0,0.005708,0.010542,0.010542
baseline,Baseline session authorization,80,2094,0.000292,0.00375,0.0,0.005709,0.0105,0.0105
baseline,Baseline session authorization,80,2095,0.000292,0.003834,0.0,0.005666,0.010625,0.010625
baseline,Baseline session authorization,80,2096,0.000292,0.003791,0.0,0.015459,0.020541,0.020541
baseline,Baseline session authorization,80,2097,0.000333,0.003834,0.0,0.005625,0.010583,0.010583
baseline,Baseline session authorization,80,2098,0.000334,0.003875,0.0,0.005709,0.010708,0.010708
baseline,Baseline session authorization,80,2099,0.000292,0.003875,0.0,0.005709,0.010667,0.010667
baseline,Baseline session authorization,80,2100,0.000334,0.00375,0.0,0.005792,0.010667,0.010667
baseline,Baseline session authorization,80,2101,0.000291,0.006833,0.0,0.005958,0.013917,0.013917
baseline,Baseline session authorization,80,2102,0.000292,0.003833,0.0,0.005791,0.01075,0.01075
baseline,Baseline session authorization,80,2103,0.000291,0.003708,0.0,0.005625,0.010417,0.010417
baseline,Baseline session authorization,80,2104,0.000333,0.003791,0.0,0.00575,0.010667,0.010667
baseline,Baseline session authorization,80,2105,0.000291,0.00375,0.0,0.005708,0.010625,0.010625
baseline,Baseline session authorization,80,2106,0.000334,0.003792,0.0,0.005833,0.010709,0.010709
baseline,Baseline session authorization,80,2107,0.000708,0.006541,0.0,0.007917,0.016416,0.016416
baseline,Baseline session authorization,80,2108,0.000292,0.003708,0.0,0.005792,0.010542,0.010542
baseline,Baseline session authorization,80,2109,0.000334,0.004958,0.0,0.005959,0.012083,0.012083
baseline,Baseline session authorization,80,2110,0.000291,0.003834,0.0,0.005708,0.010667,0.010667
baseline,Baseline session authorization,80,2111,0.000417,0.004333,0.0,0.005792,0.011333,0.011333
baseline,Baseline session authorization,80,2112,0.000333,0.003834,0.0,0.005875,0.010791,0.010791
baseline,Baseline session authorization,80,2113,0.000292,0.003792,0.0,0.005708,0.010625,0.010625
baseline,Baseline session authorization,80,2114,0.000333,0.003792,0.0,0.00575,0.010666,0.010666
baseline,Baseline session authorization,80,2115,0.000625,0.006084,0.0,0.01275,0.021167,0.021167
baseline,Baseline session authorization,80,2116,0.000292,0.003792,0.0,0.005791,0.010667,0.010667
baseline,Baseline session authorization,80,2117,0.000292,0.00375,0.0,0.005792,0.010625,0.010625
baseline,Baseline session authorization,80,2118,0.000333,0.003833,0.0,0.00575,0.010625,0.010625
baseline,Baseline session authorization,80,2119,0.000292,0.005209,0.0,0.006,0.012333,0.012333
baseline,Baseline session authorization,80,2120,0.000334,0.003875,0.0,0.00575,0.010709,0.010709
baseline,Baseline session authorization,80,2121,0.000292,0.003875,0.0,0.005667,0.010584,0.010584
baseline,Baseline session authorization,80,2122,0.000292,0.003875,0.0,0.005709,0.010666,0.010666
baseline,Baseline session authorization,80,2123,0.000333,0.003833,0.0,0.009292,0.015084,0.015084
baseline,Baseline session authorization,80,2124,0.000334,0.003792,0.0,0.007417,0.012292,0.012292
baseline,Baseline session authorization,80,2125,0.000334,0.003833,0.0,0.00575,0.010667,0.010667
baseline,Baseline session authorization,80,2126,0.000333,0.00375,0.0,0.005666,0.010542,0.010542
baseline,Baseline session authorization,80,2127,0.000292,0.003792,0.0,0.005708,0.010625,0.010625
baseline,Baseline session authorization,80,2128,0.000333,0.004042,0.0,0.005667,0.01075,0.01075
baseline,Baseline session authorization,80,2129,0.000333,0.00375,0.0,0.005667,0.010583,0.010583
baseline,Baseline session authorization,80,2130,0.000292,0.00375,0.0,0.005792,0.010625,0.010625
baseline,Baseline session authorization,80,2131,0.000625,0.005834,0.0,0.006666,0.013917,0.013917
baseline,Baseline session authorization,80,2132,0.000333,0.003792,0.0,0.005792,0.010666,0.010666
baseline,Baseline session authorization,80,2133,0.000292,0.003709,0.0,0.005666,0.0105,0.0105
baseline,Baseline session authorization,80,2134,0.000334,0.00375,0.0,0.005666,0.0105,0.0105
baseline,Baseline session authorization,80,2135,0.000333,0.007125,0.0,0.006041,0.014292,0.014292
baseline,Baseline session authorization,80,2136,0.000292,0.003792,0.0,0.005666,0.010584,0.010584
baseline,Baseline session authorization,80,2137,0.000292,0.003833,0.0,0.005833,0.010875,0.010875
baseline,Baseline session authorization,80,2138,0.000542,0.005667,0.0,0.012125,0.019583,0.019583
baseline,Baseline session authorization,80,2139,0.000292,0.006625,0.0,0.005916,0.013584,0.013584
baseline,Baseline session authorization,80,2140,0.000333,0.003666,0.0,0.00575,0.010458,0.010458
baseline,Baseline session authorization,80,2141,0.000333,0.003792,0.0,0.00575,0.010667,0.010667
baseline,Baseline session authorization,80,2142,0.000292,0.003875,0.0,0.005791,0.01075,0.01075
baseline,Baseline session authorization,80,2143,0.000333,0.003875,0.0,0.005958,0.010917,0.010917
baseline,Baseline session authorization,80,2144,0.000334,0.004958,0.0,0.005875,0.011958,0.011958
baseline,Baseline session authorization,80,2145,0.000292,0.006333,0.0,0.005917,0.013375,0.013375
baseline,Baseline session authorization,80,2146,0.000459,0.010958,0.0,0.014875,0.027916,0.027916
baseline,Baseline session authorization,80,2147,0.000291,0.003791,0.0,0.00575,0.010625,0.010625
baseline,Baseline session authorization,80,2148,0.000291,0.00375,0.0,0.005708,0.010541,0.010541
baseline,Baseline session authorization,80,2149,0.000291,0.00375,0.0,0.005833,0.010709,0.010709
baseline,Baseline session authorization,80,2150,0.000334,0.003708,0.0,0.005708,0.010583,0.010583
baseline,Baseline session authorization,80,2151,0.000334,0.003875,0.0,0.005875,0.010834,0.010834
baseline,Baseline session authorization,80,2152,0.000334,0.003792,0.0,0.00575,0.010625,0.010625
baseline,Baseline session authorization,80,2153,0.00025,0.00375,0.0,0.005625,0.010583,0.010583
baseline,Baseline session authorization,80,2154,0.000375,0.008459,0.0,0.008042,0.017958,0.017958
baseline,Baseline session authorization,80,2155,0.000292,0.003708,0.0,0.005667,0.0105,0.0105
baseline,Baseline session authorization,80,2156,0.000334,0.003709,0.0,0.00575,0.010541,0.010541
baseline,Baseline session authorization,80,2157,0.000334,0.00375,0.0,0.005667,0.010583,0.010583
baseline,Baseline session authorization,80,2158,0.000292,0.003708,0.0,0.00575,0.010667,0.010667
baseline,Baseline session authorization,80,2159,0.000292,0.00375,0.0,0.005833,0.010666,0.010666
baseline,Baseline session authorization,80,2160,0.000291,0.003916,0.0,0.00575,0.01075,0.01075
baseline,Baseline session authorization,80,2161,0.000292,0.003917,0.0,0.005667,0.010666,0.010666
baseline,Baseline session authorization,80,2162,0.000334,0.003917,0.0,0.00575,0.010792,0.010792
baseline,Baseline session authorization,80,2163,0.000292,0.003833,0.0,0.005875,0.010792,0.010792
baseline,Baseline session authorization,80,2164,0.000292,0.00375,0.0,0.005625,0.010417,0.010417
baseline,Baseline session authorization,80,2165,0.000292,0.00375,0.0,0.005958,0.01075,0.01075
baseline,Baseline session authorization,80,2166,0.000333,0.00375,0.0,0.016708,0.021709,0.021709
baseline,Baseline session authorization,80,2167,0.000334,0.003917,0.0,0.005791,0.010834,0.010834
baseline,Baseline session authorization,80,2168,0.000333,0.003792,0.0,0.00575,0.010625,0.010625
baseline,Baseline session authorization,80,2169,0.000334,0.003708,0.0,0.005791,0.010625,0.010625
baseline,Baseline session authorization,80,2170,0.000334,0.003792,0.0,0.005708,0.010666,0.010666
baseline,Baseline session authorization,80,2171,0.000292,0.003792,0.0,0.005792,0.010666,0.010666
baseline,Baseline session authorization,80,2172,0.000334,0.003792,0.0,0.005708,0.010625,0.010625
baseline,Baseline session authorization,80,2173,0.000334,0.003792,0.0,0.005792,0.010667,0.010667
baseline,Baseline session authorization,80,2174,0.000292,0.003917,0.0,0.00575,0.01075,0.01075
baseline,Baseline session authorization,80,2175,0.000292,0.003834,0.0,0.005792,0.010708,0.010708
baseline,Baseline session authorization,80,2176,0.000333,0.003792,0.0,0.005709,0.010625,0.010625
baseline,Baseline session authorization,80,2177,0.000625,0.006333,0.0,0.007833,0.015917,0.015917
baseline,Baseline session authorization,80,2178,0.000417,0.004209,0.0,0.005833,0.01125,0.01125
baseline,Baseline session authorization,80,2179,0.000292,0.005334,0.0,0.005958,0.012334,0.012334
baseline,Baseline session authorization,80,2180,0.000333,0.003792,0.0,0.00575,0.010584,0.010584
baseline,Baseline session authorization,80,2181,0.000292,0.003833,0.0,0.005708,0.010584,0.010584
baseline,Baseline session authorization,80,2182,0.000292,0.00375,0.0,0.00575,0.010583,0.010583
baseline,Baseline session authorization,80,2183,0.000291,0.003916,0.0,0.005833,0.010833,0.010833
baseline,Baseline session authorization,80,2184,0.000334,0.003792,0.0,0.005667,0.010542,0.010542
baseline,Baseline session authorization,80,2185,0.000292,0.005292,0.0,0.005875,0.012291,0.012291
baseline,Baseline session authorization,80,2186,0.000333,0.00375,0.0,0.005791,0.010625,0.010625
baseline,Baseline session authorization,80,2187,0.000292,0.003833,0.0,0.005708,0.010625,0.010625
baseline,Baseline session authorization,80,2188,0.000291,0.003875,0.0,0.005792,0.010708,0.010708
baseline,Baseline session authorization,80,2189,0.000292,0.003792,0.0,0.005708,0.010625,0.010625
baseline,Baseline session authorization,80,2190,0.000375,0.003875,0.0,0.00575,0.01075,0.01075
baseline,Baseline session authorization,80,2191,0.000333,0.003709,0.0,0.005666,0.010542,0.010542
baseline,Baseline session authorization,80,2192,0.000292,0.003875,0.0,0.005833,0.010791,0.010791
baseline,Baseline session authorization,80,2193,0.000333,0.006916,0.0,0.006042,0.014084,0.014084
baseline,Baseline session authorization,80,2194,0.000584,0.006791,0.0,0.00675,0.015125,0.015125
baseline,Baseline session authorization,80,2195,0.000292,0.003875,0.0,0.005667,0.010625,0.010625
baseline,Baseline session authorization,80,2196,0.000291,0.004125,0.0,0.005792,0.011,0.011
baseline,Baseline session authorization,80,2197,0.000291,0.003791,0.0,0.005667,0.010541,0.010541
baseline,Baseline session authorization,80,2198,0.000292,0.003875,0.0,0.005666,0.010584,0.010584
baseline,Baseline session authorization,80,2199,0.000334,0.019125,0.0,0.006667,0.027042,0.027042
baseline,Baseline session authorization,80,2200,0.000333,0.003791,0.0,0.005792,0.010708,0.010708
baseline,Baseline session authorization,80,2201,0.000291,0.003875,0.0,0.00575,0.01075,0.01075
baseline,Baseline session authorization,80,2202,0.000333,0.003834,0.0,0.00575,0.010625,0.010625
baseline,Baseline session authorization,80,2203,0.000333,0.005125,0.0,0.005916,0.012167,0.012167
baseline,Baseline session authorization,80,2204,0.000292,0.003875,0.0,0.005875,0.010834,0.010834
baseline,Baseline session authorization,80,2205,0.000333,0.003708,0.0,0.005709,0.0105,0.0105
baseline,Baseline session authorization,80,2206,0.000291,0.003833,0.0,0.00575,0.010625,0.010625
baseline,Baseline session authorization,80,2207,0.000333,0.003791,0.0,0.005625,0.010542,0.010542
baseline,Baseline session authorization,80,2208,0.000292,0.003834,0.0,0.005708,0.010625,0.010625
baseline,Baseline session authorization,80,2209,0.014792,0.005167,0.0,0.006458,0.027459,0.027459
baseline,Baseline session authorization,80,2210,0.000333,0.003958,0.0,0.00575,0.010834,0.010834
baseline,Baseline session authorization,80,2211,0.000334,0.003833,0.0,0.005666,0.010625,0.010625
baseline,Baseline session authorization,80,2212,0.000292,0.005708,0.0,0.006,0.012792,0.012792
baseline,Baseline session authorization,80,2213,0.000333,0.003834,0.0,0.00575,0.010708,0.010708
baseline,Baseline session authorization,80,2214,0.000292,0.00375,0.0,0.005666,0.010459,0.010459
baseline,Baseline session authorization,80,2215,0.000333,0.003792,0.0,0.005833,0.010709,0.010709
baseline,Baseline session authorization,80,2216,0.000333,0.003875,0.0,0.005792,0.010792,0.010792
baseline,Baseline session authorization,80,2217,0.000333,0.003833,0.0,0.005792,0.01075,0.01075
baseline,Baseline session authorization,80,2218,0.000334,0.00375,0.0,0.005709,0.0105,0.0105
baseline,Baseline session authorization,80,2219,0.000333,0.003708,0.0,0.005667,0.010417,0.010417
baseline,Baseline session authorization,80,2220,0.000291,0.003833,0.0,0.005834,0.010666,0.010666
baseline,Baseline session authorization,80,2221,0.000334,0.003875,0.0,0.005792,0.01075,0.01075
baseline,Baseline session authorization,80,2222,0.000333,0.00375,0.0,0.005709,0.010541,0.010541
baseline,Baseline session authorization,80,2223,0.000292,0.003792,0.0,0.005709,0.010541,0.010541
baseline,Baseline session authorization,80,2224,0.000334,0.0075,0.0,0.006125,0.014833,0.014833
baseline,Baseline session authorization,80,2225,0.000291,0.003916,0.0,0.00575,0.01075,0.01075
baseline,Baseline session authorization,80,2226,0.000333,0.004,0.0,0.005917,0.010958,0.010958
baseline,Baseline session authorization,80,2227,0.000334,0.003792,0.0,0.005667,0.0105,0.0105
baseline,Baseline session authorization,80,2228,0.000292,0.005708,0.0,0.005959,0.012792,0.012792
baseline,Baseline session authorization,80,2229,0.001166,0.013083,0.0,0.011708,0.027541,0.027541
baseline,Baseline session authorization,80,2230,0.000292,0.003875,0.0,0.005667,0.010583,0.010583
baseline,Baseline session authorization,80,2231,0.000333,0.003875,0.0,0.005666,0.010625,0.010625
baseline,Baseline session authorization,80,2232,0.000292,0.005209,0.0,0.005917,0.012208,0.012208
baseline,Baseline session authorization,80,2233,0.000333,0.003833,0.0,0.005791,0.010709,0.010709
baseline,Baseline session authorization,80,2234,0.000291,0.003791,0.0,0.00575,0.010625,0.010625
baseline,Baseline session authorization,80,2235,0.000292,0.003834,0.0,0.005667,0.010583,0.010583
baseline,Baseline session authorization,80,2236,0.000333,0.003917,0.0,0.00575,0.01075,0.01075
baseline,Baseline session authorization,80,2237,0.000291,0.005375,0.0,0.005791,0.01225,0.01225
baseline,Baseline session authorization,80,2238,0.000334,0.005209,0.0,0.005958,0.012209,0.012209
baseline,Baseline session authorization,80,2239,0.000292,0.003833,0.0,0.005666,0.010584,0.010584
baseline,Baseline session authorization,80,2240,0.000333,0.003959,0.0,0.005792,0.010875,0.010875
baseline,Baseline session authorization,80,2241,0.000334,0.004125,0.0,0.005875,0.011084,0.011084
baseline,Baseline session authorization,80,2242,0.000375,0.004166,0.0,0.006041,0.011417,0.011417
baseline,Baseline session authorization,80,2243,0.000333,0.003833,0.0,0.005667,0.010542,0.010542
baseline,Baseline session authorization,80,2244,0.000292,0.003792,0.0,0.00575,0.010625,0.010625
baseline,Baseline session authorization,80,2245,0.000334,0.004042,0.0,0.00575,0.010916,0.010916
baseline,Baseline session authorization,80,2246,0.000334,0.003792,0.0,0.005708,0.010625,0.010625
baseline,Baseline session authorization,80,2247,0.000334,0.003792,0.0,0.005708,0.010625,0.010625
baseline,Baseline session authorization,80,2248,0.000334,0.005458,0.0,0.006041,0.012625,0.012625
baseline,Baseline session authorization,80,2249,0.000291,0.00375,0.0,0.00575,0.010667,0.010667
baseline,Baseline session authorization,80,2250,0.000292,0.003875,0.0,0.00575,0.01075,0.01075
baseline,Baseline session authorization,80,2251,0.000334,0.003833,0.0,0.005708,0.010584,0.010584
baseline,Baseline session authorization,80,2252,0.000292,0.003833,0.0,0.005792,0.010708,0.010708
baseline,Baseline session authorization,80,2253,0.000292,0.00375,0.0,0.005792,0.010625,0.010625
baseline,Baseline session authorization,80,2254,0.000292,0.003792,0.0,0.00575,0.010625,0.010625
baseline,Baseline session authorization,80,2255,0.000334,0.003792,0.0,0.005625,0.010541,0.010541
baseline,Baseline session authorization,80,2256,0.000291,0.003833,0.0,0.005792,0.01075,0.01075
baseline,Baseline session authorization,80,2257,0.000333,0.004,0.0,0.005792,0.010833,0.010833
baseline,Baseline session authorization,80,2258,0.000333,0.005334,0.0,0.006083,0.012458,0.012458
baseline,Baseline session authorization,80,2259,0.000333,0.003875,0.0,0.00575,0.010667,0.010667
baseline,Baseline session authorization,80,2260,0.000291,0.003833,0.0,0.00575,0.010666,0.010666
baseline,Baseline session authorization,80,2261,0.000333,0.003875,0.0,0.005667,0.010583,0.010583
baseline,Baseline session authorization,80,2262,0.000291,0.005291,0.0,0.005834,0.012208,0.012208
baseline,Baseline session authorization,80,2263,0.000333,0.003792,0.0,0.005667,0.010583,0.010583
baseline,Baseline session authorization,80,2264,0.000375,0.003708,0.0,0.005791,0.010583,0.010583
baseline,Baseline session authorization,80,2265,0.000333,0.003792,0.0,0.005666,0.010584,0.010584
baseline,Baseline session authorization,80,2266,0.000333,0.003834,0.0,0.00575,0.010666,0.010666
baseline,Baseline session authorization,80,2267,0.000291,0.003791,0.0,0.00575,0.010583,0.010583
baseline,Baseline session authorization,80,2268,0.000291,0.003833,0.0,0.005625,0.010583,0.010583
baseline,Baseline session authorization,80,2269,0.000292,0.00375,0.0,0.005667,0.0105,0.0105
baseline,Baseline session authorization,80,2270,0.000292,0.010125,0.0,0.012583,0.024666,0.024666
baseline,Baseline session authorization,80,2271,0.000375,0.003875,0.0,0.005667,0.010666,0.010666
baseline,Baseline session authorization,80,2272,0.000291,0.003875,0.0,0.005667,0.010625,0.010625
baseline,Baseline session authorization,80,2273,0.000333,0.00375,0.0,0.005791,0.010667,0.010667
baseline,Baseline session authorization,80,2274,0.000334,0.003792,0.0,0.00575,0.010625,0.010625
baseline,Baseline session authorization,80,2275,0.000334,0.003792,0.0,0.00575,0.010625,0.010625
baseline,Baseline session authorization,80,2276,0.000333,0.003792,0.0,0.00575,0.010709,0.010709
baseline,Baseline session authorization,80,2277,0.000334,0.003792,0.0,0.005875,0.010833,0.010833
baseline,Baseline session authorization,80,2278,0.000333,0.003833,0.0,0.005708,0.010667,0.010667
baseline,Baseline session authorization,80,2279,0.000292,0.003833,0.0,0.00575,0.010667,0.010667
baseline,Baseline session authorization,80,2280,0.000334,0.003625,0.0,0.005833,0.010584,0.010584
baseline,Baseline session authorization,80,2281,0.000291,0.003708,0.0,0.005709,0.010458,0.010458
baseline,Baseline session authorization,80,2282,0.000541,0.005458,0.0,0.005834,0.01275,0.01275
baseline,Baseline session authorization,80,2283,0.000292,0.003917,0.0,0.005708,0.010709,0.010709
baseline,Baseline session authorization,80,2284,0.000333,0.003791,0.0,0.005708,0.010625,0.010625
baseline,Baseline session authorization,80,2285,0.000333,0.003917,0.0,0.005875,0.010875,0.010875
baseline,Baseline session authorization,80,2286,0.000292,0.00375,0.0,0.00575,0.010583,0.010583
baseline,Baseline session authorization,80,2287,0.000333,0.003833,0.0,0.005709,0.010625,0.010625
baseline,Baseline session authorization,80,2288,0.000292,0.003917,0.0,0.005667,0.010667,0.010667
baseline,Baseline session authorization,80,2289,0.000333,0.003792,0.0,0.00575,0.010625,0.010625
baseline,Baseline session authorization,80,2290,0.000334,0.003833,0.0,0.00575,0.01075,0.01075
baseline,Baseline session authorization,80,2291,0.000333,0.003791,0.0,0.00575,0.010667,0.010667
baseline,Baseline session authorization,80,2292,0.000292,0.003792,0.0,0.00575,0.010667,0.010667
baseline,Baseline session authorization,80,2293,0.000333,0.003875,0.0,0.00575,0.010708,0.010708
baseline,Baseline session authorization,80,2294,0.000292,0.003792,0.0,0.00575,0.010542,0.010542
baseline,Baseline session authorization,80,2295,0.000333,0.003833,0.0,0.005834,0.010792,0.010792
baseline,Baseline session authorization,80,2296,0.000292,0.003833,0.0,0.005667,0.010625,0.010625
baseline,Baseline session authorization,80,2297,0.000333,0.003791,0.0,0.005667,0.010625,0.010625
baseline,Baseline session authorization,80,2298,0.000625,0.009125,0.0,0.008334,0.019417,0.019417
baseline,Baseline session authorization,80,2299,0.000333,0.003875,0.0,0.005666,0.010625,0.010625
baseline,Baseline session authorization,80,2300,0.000292,0.005292,0.0,0.005875,0.012208,0.012208
baseline,Baseline session authorization,80,2301,0.000333,0.003917,0.0,0.00575,0.010708,0.010708
baseline,Baseline session authorization,80,2302,0.000333,0.00375,0.0,0.005666,0.010542,0.010542
baseline,Baseline session authorization,80,2303,0.000375,0.003916,0.0,0.00575,0.010958,0.010958
baseline,Baseline session authorization,80,2304,0.000292,0.00375,0.0,0.005834,0.010708,0.010708
baseline,Baseline session authorization,80,2305,0.000291,0.003916,0.0,0.005708,0.010625,0.010625
baseline,Baseline session authorization,80,2306,0.000292,0.003917,0.0,0.00575,0.010792,0.010792
baseline,Baseline session authorization,80,2307,0.000292,0.003875,0.0,0.005666,0.010625,0.010625
baseline,Baseline session authorization,80,2308,0.000333,0.005125,0.0,0.005917,0.012125,0.012125
baseline,Baseline session authorization,80,2309,0.000417,0.007208,0.0,0.008417,0.017334,0.017334
baseline,Baseline session authorization,80,2310,0.000292,0.003875,0.0,0.005708,0.010667,0.010667
baseline,Baseline session authorization,80,2311,0.000291,0.003791,0.0,0.005666,0.010542,0.010542
baseline,Baseline session authorization,80,2312,0.000292,0.003875,0.0,0.005833,0.010709,0.010709
baseline,Baseline session authorization,80,2313,0.000333,0.003792,0.0,0.005667,0.010583,0.010583
baseline,Baseline session authorization,80,2314,0.000292,0.003833,0.0,0.005625,0.010583,0.010583
baseline,Baseline session authorization,80,2315,0.000333,0.003834,0.0,0.005791,0.01075,0.01075
baseline,Baseline session authorization,80,2316,0.000333,0.005334,0.0,0.005834,0.012583,0.012583
baseline,Baseline session authorization,80,2317,0.000334,0.003708,0.0,0.005709,0.010542,0.010542
baseline,Baseline session authorization,80,2318,0.000333,0.003792,0.0,0.00575,0.010666,0.010666
baseline,Baseline session authorization,80,2319,0.000291,0.00375,0.0,0.005667,0.010458,0.010458
baseline,Baseline session authorization,80,2320,0.000292,0.003958,0.0,0.005833,0.010834,0.010834
baseline,Baseline session authorization,80,2321,0.000334,0.005167,0.0,0.005959,0.012167,0.012167
baseline,Baseline session authorization,80,2322,0.000333,0.003791,0.0,0.005667,0.010541,0.010541
baseline,Baseline session authorization,80,2323,0.000291,0.005375,0.0,0.005792,0.01225,0.01225
baseline,Baseline session authorization,80,2324,0.000458,0.008625,0.0,0.008084,0.018292,0.018292
baseline,Baseline session authorization,80,2325,0.000291,0.005416,0.0,0.005875,0.012333,0.012333
baseline,Baseline session authorization,80,2326,0.000333,0.00375,0.0,0.005625,0.010458,0.010458
baseline,Baseline session authorization,80,2327,0.000292,0.00375,0.0,0.005667,0.010541,0.010541
baseline,Baseline session authorization,80,2328,0.00025,0.005291,0.0,0.006083,0.012708,0.012708
baseline,Baseline session authorization,80,2329,0.000291,0.0055,0.0,0.005916,0.012542,0.012542
baseline,Baseline session authorization,80,2330,0.000292,0.003833,0.0,0.005709,0.010667,0.010667
baseline,Baseline session authorization,80,2331,0.000292,0.003792,0.0,0.005708,0.010625,0.010625
baseline,Baseline session authorization,80,2332,0.000333,0.004375,0.0,0.006041,0.011708,0.011708
baseline,Baseline session authorization,80,2333,0.000291,0.003708,0.0,0.005834,0.010583,0.010583
baseline,Baseline session authorization,80,2334,0.000292,0.003833,0.0,0.005708,0.010583,0.010583
baseline,Baseline session authorization,80,2335,0.000291,0.003833,0.0,0.00575,0.01075,0.01075
baseline,Baseline session authorization,80,2336,0.000334,0.003875,0.0,0.005792,0.01075,0.01075
baseline,Baseline session authorization,80,2337,0.000334,0.003834,0.0,0.00575,0.010625,0.010625
baseline,Baseline session authorization,80,2338,0.000333,0.003791,0.0,0.005667,0.010625,0.010625
baseline,Baseline session authorization,80,2339,0.000333,0.003875,0.0,0.005667,0.010625,0.010625
baseline,Baseline session authorization,80,2340,0.000458,0.007334,0.0,0.005875,0.014458,0.014458
baseline,Baseline session authorization,80,2341,0.000291,0.003916,0.0,0.00575,0.010708,0.010708
baseline,Baseline session authorization,80,2342,0.000292,0.003959,0.0,0.00575,0.01075,0.01075
baseline,Baseline session authorization,80,2343,0.000292,0.00375,0.0,0.005667,0.010584,0.010584
baseline,Baseline session authorization,80,2344,0.000292,0.003917,0.0,0.005792,0.01075,0.01075
baseline,Baseline session authorization,80,2345,0.000334,0.003875,0.0,0.00575,0.010709,0.010709
baseline,Baseline session authorization,80,2346,0.000334,0.004,0.0,0.005792,0.010917,0.010917
baseline,Baseline session authorization,80,2347,0.000333,0.003791,0.0,0.005708,0.010583,0.010583
baseline,Baseline session authorization,80,2348,0.000334,0.00375,0.0,0.005666,0.0105,0.0105
baseline,Baseline session authorization,80,2349,0.000333,0.003791,0.0,0.005667,0.010541,0.010541
baseline,Baseline session authorization,80,2350,0.000292,0.005458,0.0,0.005833,0.012375,0.012375
baseline,Baseline session authorization,80,2351,0.000292,0.003792,0.0,0.005667,0.010583,0.010583
baseline,Baseline session authorization,80,2352,0.000333,0.003875,0.0,0.005791,0.010708,0.010708
baseline,Baseline session authorization,80,2353,0.000417,0.004417,0.0,0.006042,0.011625,0.011625
baseline,Baseline session authorization,80,2354,0.000333,0.003833,0.0,0.005709,0.010583,0.010583
baseline,Baseline session authorization,80,2355,0.000291,0.003708,0.0,0.005625,0.010458,0.010458
baseline,Baseline session authorization,80,2356,0.000292,0.004,0.0,0.005791,0.010875,0.010875
baseline,Baseline session authorization,80,2357,0.000333,0.003833,0.0,0.005833,0.01075,0.01075
baseline,Baseline session authorization,80,2358,0.000333,0.003792,0.0,0.00575,0.010583,0.010583
baseline,Baseline session authorization,80,2359,0.000292,0.003917,0.0,0.00575,0.01075,0.01075
baseline,Baseline session authorization,80,2360,0.000291,0.004041,0.0,0.005834,0.010958,0.010958
baseline,Baseline session authorization,80,2361,0.000333,0.003833,0.0,0.01875,0.023792,0.023792
baseline,Baseline session authorization,80,2362,0.000292,0.003834,0.0,0.007958,0.012917,0.012917
baseline,Baseline session authorization,80,2363,0.000375,0.003833,0.0,0.005792,0.01075,0.01075
baseline,Baseline session authorization,80,2364,0.000375,0.003916,0.0,0.00575,0.010792,0.010792
baseline,Baseline session authorization,80,2365,0.000291,0.003708,0.0,0.00575,0.010583,0.010583
baseline,Baseline session authorization,80,2366,0.000333,0.00575,0.0,0.005958,0.012875,0.012875
baseline,Baseline session authorization,80,2367,0.000291,0.003833,0.0,0.00575,0.010625,0.010625
baseline,Baseline session authorization,80,2368,0.000291,0.005208,0.0,0.005875,0.012209,0.012209
baseline,Baseline session authorization,80,2369,0.000334,0.003958,0.0,0.00575,0.010792,0.010792
baseline,Baseline session authorization,80,2370,0.000292,0.003792,0.0,0.005833,0.010667,0.010667
baseline,Baseline session authorization,80,2371,0.000292,0.003792,0.0,0.005667,0.010542,0.010542
baseline,Baseline session authorization,80,2372,0.000292,0.003792,0.0,0.005667,0.010542,0.010542
baseline,Baseline session authorization,80,2373,0.000291,0.00375,0.0,0.005708,0.010542,0.010542
baseline,Baseline session authorization,80,2374,0.000292,0.003875,0.0,0.005791,0.010708,0.010708
baseline,Baseline session authorization,80,2375,0.000292,0.00375,0.0,0.005708,0.010541,0.010541
baseline,Baseline session authorization,80,2376,0.000334,0.003875,0.0,0.00575,0.010791,0.010791
baseline,Baseline session authorization,80,2377,0.000292,0.003875,0.0,0.00575,0.010708,0.010708
baseline,Baseline session authorization,80,2378,0.000291,0.003791,0.0,0.005708,0.0105,0.0105
baseline,Baseline session authorization,80,2379,0.000333,0.00375,0.0,0.005708,0.010625,0.010625
baseline,Baseline session authorization,80,2380,0.000292,0.003792,0.0,0.005625,0.010541,0.010541
baseline,Baseline session authorization,80,2381,0.000333,0.003833,0.0,0.005792,0.010708,0.010708
baseline,Baseline session authorization,80,2382,0.000292,0.003667,0.0,0.00575,0.0105,0.0105
baseline,Baseline session authorization,80,2383,0.001083,0.013541,0.0,0.010541,0.026666,0.026666
baseline,Baseline session authorization,80,2384,0.000333,0.003792,0.0,0.005792,0.010625,0.010625
baseline,Baseline session authorization,80,2385,0.001042,0.012792,0.0,0.011458,0.02675,0.02675
baseline,Baseline session authorization,80,2386,0.000292,0.003875,0.0,0.005667,0.010583,0.010583
baseline,Baseline session authorization,80,2387,0.000417,0.005208,0.0,0.006167,0.012666,0.012666
baseline,Baseline session authorization,80,2388,0.000333,0.003791,0.0,0.005666,0.010542,0.010542
baseline,Baseline session authorization,80,2389,0.000334,0.003792,0.0,0.00575,0.010625,0.010625
baseline,Baseline session authorization,80,2390,0.000334,0.003833,0.0,0.005708,0.010625,0.010625
baseline,Baseline session authorization,80,2391,0.000334,0.004042,0.0,0.005875,0.011,0.011
baseline,Baseline session authorization,80,2392,0.000292,0.005583,0.0,0.005958,0.012625,0.012625
baseline,Baseline session authorization,80,2393,0.001041,0.022875,0.0,0.010083,0.035542,0.035542
baseline,Baseline session authorization,80,2394,0.000291,0.003833,0.0,0.005709,0.010625,0.010625
baseline,Baseline session authorization,80,2395,0.000333,0.003833,0.0,0.005834,0.01075,0.01075
baseline,Baseline session authorization,80,2396,0.000333,0.003875,0.0,0.00575,0.010708,0.010708
baseline,Baseline session authorization,80,2397,0.000291,0.003791,0.0,0.005792,0.010708,0.010708
baseline,Baseline session authorization,80,2398,0.000292,0.003833,0.0,0.005708,0.010583,0.010583
baseline,Baseline session authorization,80,2399,0.000292,0.003875,0.0,0.005709,0.010667,0.010667
baseline,Baseline session authorization,80,2400,0.000334,0.003917,0.0,0.005792,0.010792,0.010792
baseline,Baseline session authorization,80,2401,0.000417,0.004584,0.0,0.005958,0.011833,0.011833
baseline,Baseline session authorization,80,2402,0.000375,0.003833,0.0,0.005708,0.010666,0.010666
baseline,Baseline session authorization,80,2403,0.000333,0.003791,0.0,0.00575,0.010625,0.010625
baseline,Baseline session authorization,80,2404,0.000292,0.003875,0.0,0.00575,0.010709,0.010709
baseline,Baseline session authorization,80,2405,0.000291,0.003916,0.0,0.00575,0.01075,0.01075
baseline,Baseline session authorization,80,2406,0.000333,0.003875,0.0,0.005709,0.010708,0.010708
baseline,Baseline session authorization,80,2407,0.000333,0.003833,0.0,0.00575,0.010667,0.010667
baseline,Baseline session authorization,80,2408,0.000292,0.003833,0.0,0.00575,0.010625,0.010625
baseline,Baseline session authorization,80,2409,0.000333,0.003791,0.0,0.005708,0.010583,0.010583
baseline,Baseline session authorization,80,2410,0.000333,0.004625,0.0,0.005958,0.011708,0.011708
baseline,Baseline session authorization,80,2411,0.000458,0.003959,0.0,0.005791,0.011,0.011
baseline,Baseline session authorization,80,2412,0.000292,0.00375,0.0,0.005708,0.010541,0.010541
baseline,Baseline session authorization,80,2413,0.000334,0.016458,0.0,0.006541,0.024209,0.024209
baseline,Baseline session authorization,80,2414,0.000333,0.005167,0.0,0.005959,0.012208,0.012208
baseline,Baseline session authorization,80,2415,0.000291,0.003833,0.0,0.005709,0.010583,0.010583
baseline,Baseline session authorization,80,2416,0.000334,0.005292,0.0,0.005958,0.012375,0.012375
baseline,Baseline session authorization,80,2417,0.000334,0.003875,0.0,0.00575,0.010791,0.010791
baseline,Baseline session authorization,80,2418,0.000291,0.003792,0.0,0.005708,0.010667,0.010667
baseline,Baseline session authorization,80,2419,0.00025,0.003667,0.0,0.005791,0.010792,0.010792
baseline,Baseline session authorization,80,2420,0.000375,0.003875,0.0,0.005834,0.010917,0.010917
baseline,Baseline session authorization,80,2421,0.000333,0.004042,0.0,0.005834,0.011042,0.011042
baseline,Baseline session authorization,80,2422,0.000417,0.005125,0.0,0.006208,0.012584,0.012584
baseline,Baseline session authorization,80,2423,0.000292,0.00375,0.0,0.005792,0.010584,0.010584
baseline,Baseline session authorization,80,2424,0.000291,0.003791,0.0,0.00575,0.010583,0.010583
baseline,Baseline session authorization,80,2425,0.000416,0.007667,0.0,0.006791,0.015916,0.015916
baseline,Baseline session authorization,80,2426,0.000375,0.003917,0.0,0.005833,0.010875,0.010875
baseline,Baseline session authorization,80,2427,0.000334,0.004125,0.0,0.00575,0.011,0.011
baseline,Baseline session authorization,80,2428,0.000292,0.003875,0.0,0.005834,0.01075,0.01075
baseline,Baseline session authorization,80,2429,0.000333,0.004,0.0,0.005792,0.010875,0.010875
baseline,Baseline session authorization,80,2430,0.000333,0.004125,0.0,0.005791,0.011042,0.011042
baseline,Baseline session authorization,80,2431,0.000292,0.003833,0.0,0.005833,0.010875,0.010875
baseline,Baseline session authorization,80,2432,0.000292,0.003833,0.0,0.005667,0.010625,0.010625
baseline,Baseline session authorization,80,2433,0.000333,0.003875,0.0,0.005791,0.010792,0.010792
baseline,Baseline session authorization,80,2434,0.000333,0.003791,0.0,0.005791,0.010667,0.010667
baseline,Baseline session authorization,80,2435,0.000333,0.003959,0.0,0.005708,0.010833,0.010833
baseline,Baseline session authorization,80,2436,0.000334,0.003875,0.0,0.00575,0.010667,0.010667
baseline,Baseline session authorization,80,2437,0.000291,0.003958,0.0,0.005708,0.010833,0.010833
baseline,Baseline session authorization,80,2438,0.000333,0.004042,0.0,0.00575,0.010917,0.010917
baseline,Baseline session authorization,80,2439,0.000292,0.003792,0.0,0.005667,0.0105,0.0105
baseline,Baseline session authorization,80,2440,0.000291,0.00375,0.0,0.005666,0.010542,0.010542
baseline,Baseline session authorization,80,2441,0.000334,0.006167,0.0,0.006041,0.013375,0.013375
baseline,Baseline session authorization,80,2442,0.000333,0.003792,0.0,0.005834,0.01075,0.01075
baseline,Baseline session authorization,80,2443,0.000292,0.004125,0.0,0.005709,0.010917,0.010917
baseline,Baseline session authorization,80,2444,0.000291,0.005208,0.0,0.005875,0.012166,0.012166
baseline,Baseline session authorization,80,2445,0.000334,0.004,0.0,0.005792,0.010917,0.010917
baseline,Baseline session authorization,80,2446,0.000333,0.004083,0.0,0.005792,0.010958,0.010958
baseline,Baseline session authorization,80,2447,0.000333,0.003791,0.0,0.005791,0.010667,0.010667
baseline,Baseline session authorization,80,2448,0.000292,0.004,0.0,0.005833,0.011,0.011
baseline,Baseline session authorization,80,2449,0.000333,0.004041,0.0,0.005834,0.011,0.011
baseline,Baseline session authorization,80,2450,0.000292,0.003792,0.0,0.005709,0.010583,0.010583
baseline,Baseline session authorization,80,2451,0.000334,0.004083,0.0,0.00575,0.010959,0.010959
baseline,Baseline session authorization,80,2452,0.000333,0.004042,0.0,0.005834,0.011,0.011
baseline,Baseline session authorization,80,2453,0.000334,0.004042,0.0,0.005833,0.010959,0.010959
baseline,Baseline session authorization,80,2454,0.000291,0.004042,0.0,0.005792,0.010958,0.010958
baseline,Baseline session authorization,80,2455,0.000292,0.004209,0.0,0.005917,0.011166,0.011166
baseline,Baseline session authorization,80,2456,0.000333,0.004042,0.0,0.005834,0.010958,0.010958
baseline,Baseline session authorization,80,2457,0.000292,0.003792,0.0,0.00575,0.010625,0.010625
baseline,Baseline session authorization,80,2458,0.000333,0.004083,0.0,0.006,0.011125,0.011125
baseline,Baseline session authorization,80,2459,0.000292,0.004,0.0,0.005792,0.010875,0.010875
baseline,Baseline session authorization,80,2460,0.000375,0.003959,0.0,0.00575,0.010875,0.010875
baseline,Baseline session authorization,80,2461,0.000375,0.003834,0.0,0.005792,0.01075,0.01075
baseline,Baseline session authorization,80,2462,0.000292,0.003958,0.0,0.005792,0.010917,0.010917
baseline,Baseline session authorization,80,2463,0.000334,0.003833,0.0,0.00575,0.01075,0.01075
baseline,Baseline session authorization,80,2464,0.000333,0.004083,0.0,0.005708,0.010917,0.010917
baseline,Baseline session authorization,80,2465,0.000333,0.004125,0.0,0.005833,0.011083,0.011083
baseline,Baseline session authorization,80,2466,0.000291,0.003833,0.0,0.00575,0.010667,0.010667
baseline,Baseline session authorization,80,2467,0.000334,0.005208,0.0,0.005959,0.012291,0.012291
baseline,Baseline session authorization,80,2468,0.000334,0.00525,0.0,0.005958,0.012458,0.012458
baseline,Baseline session authorization,80,2469,0.000334,0.004,0.0,0.00575,0.010834,0.010834
baseline,Baseline session authorization,80,2470,0.000291,0.004,0.0,0.005875,0.011042,0.011042
baseline,Baseline session authorization,80,2471,0.000292,0.004041,0.0,0.005791,0.011,0.011
baseline,Baseline session authorization,80,2472,0.000334,0.005667,0.0,0.006208,0.013,0.013
baseline,Baseline session authorization,80,2473,0.000292,0.00375,0.0,0.005708,0.010459,0.010459
baseline,Baseline session authorization,80,2474,0.000333,0.004,0.0,0.00575,0.010959,0.010959
baseline,Baseline session authorization,80,2475,0.000292,0.004042,0.0,0.005833,0.011,0.011
baseline,Baseline session authorization,80,2476,0.000333,0.004041,0.0,0.005792,0.011,0.011
baseline,Baseline session authorization,80,2477,0.000334,0.003834,0.0,0.005708,0.010583,0.010583
baseline,Baseline session authorization,80,2478,0.000292,0.003958,0.0,0.00575,0.010958,0.010958
baseline,Baseline session authorization,80,2479,0.000291,0.003833,0.0,0.005667,0.010583,0.010583
baseline,Baseline session authorization,80,2480,0.000333,0.003958,0.0,0.005792,0.010916,0.010916
baseline,Baseline session authorization,80,2481,0.000333,0.004,0.0,0.005792,0.011,0.011
baseline,Baseline session authorization,80,2482,0.000334,0.003834,0.0,0.005708,0.010625,0.010625
baseline,Baseline session authorization,80,2483,0.000334,0.004042,0.0,0.005792,0.010958,0.010958
baseline,Baseline session authorization,80,2484,0.000333,0.004042,0.0,0.005791,0.011042,0.011042
baseline,Baseline session authorization,80,2485,0.000375,0.004042,0.0,0.00575,0.010917,0.010917
baseline,Baseline session authorization,80,2486,0.000334,0.004,0.0,0.00575,0.010875,0.010875
baseline,Baseline session authorization,80,2487,0.000292,0.003958,0.0,0.005833,0.010875,0.010875
baseline,Baseline session authorization,80,2488,0.000291,0.005,0.0,0.005875,0.011958,0.011958
baseline,Baseline session authorization,80,2489,0.000333,0.003792,0.0,0.005708,0.010542,0.010542
baseline,Baseline session authorization,80,2490,0.000333,0.004125,0.0,0.005709,0.011,0.011
baseline,Baseline session authorization,80,2491,0.000334,0.004083,0.0,0.00575,0.011041,0.011041
baseline,Baseline session authorization,80,2492,0.000333,0.003833,0.0,0.005792,0.01075,0.01075
baseline,Baseline session authorization,80,2493,0.000417,0.00725,0.0,0.006209,0.014708,0.014708
baseline,Baseline session authorization,80,2494,0.000375,0.004125,0.0,0.005834,0.011125,0.011125
baseline,Baseline session authorization,80,2495,0.000292,0.004083,0.0,0.005833,0.011084,0.011084
baseline,Baseline session authorization,80,2496,0.000291,0.003791,0.0,0.005625,0.0105,0.0105
baseline,Baseline session authorization,80,2497,0.000291,0.003958,0.0,0.005833,0.010959,0.010959
baseline,Baseline session authorization,80,2498,0.000333,0.004584,0.0,0.006208,0.012,0.012
baseline,Baseline session authorization,80,2499,0.000334,0.004042,0.0,0.005833,0.010959,0.010959
baseline,Baseline session authorization,80,2500,0.000334,0.003917,0.0,0.00575,0.01075,0.01075
baseline,Baseline session authorization,80,2501,0.000375,0.004125,0.0,0.005791,0.011042,0.011042
baseline,Baseline session authorization,80,2502,0.000333,0.004042,0.0,0.006,0.011125,0.011125
baseline,Baseline session authorization,80,2503,0.000334,0.004,0.0,0.005834,0.010958,0.010958
baseline,Baseline session authorization,80,2504,0.000292,0.003958,0.0,0.005791,0.010834,0.010834
baseline,Baseline session authorization,80,2505,0.000291,0.003791,0.0,0.00575,0.010625,0.010625
baseline,Baseline session authorization,80,2506,0.000292,0.003958,0.0,0.005792,0.010875,0.010875
baseline,Baseline session authorization,80,2507,0.000334,0.003958,0.0,0.005833,0.010916,0.010916
baseline,Baseline session authorization,80,2508,0.000334,0.003917,0.0,0.00575,0.010791,0.010791
baseline,Baseline session authorization,80,2509,0.000292,0.004042,0.0,0.00575,0.010917,0.010917
baseline,Baseline session authorization,80,2510,0.000292,0.004083,0.0,0.005833,0.011,0.011
baseline,Baseline session authorization,80,2511,0.000291,0.004375,0.0,0.00575,0.01125,0.01125
baseline,Baseline session authorization,80,2512,0.000375,0.004042,0.0,0.005958,0.011125,0.011125
baseline,Baseline session authorization,80,2513,0.000292,0.004292,0.0,0.005791,0.011209,0.011209
baseline,Baseline session authorization,80,2514,0.000292,0.004,0.0,0.005792,0.010917,0.010917
baseline,Baseline session authorization,80,2515,0.000292,0.003958,0.0,0.005792,0.010916,0.010916
baseline,Baseline session authorization,80,2516,0.000334,0.003958,0.0,0.00575,0.010833,0.010833
baseline,Baseline session authorization,80,2517,0.000333,0.004,0.0,0.005791,0.010875,0.010875
baseline,Baseline session authorization,80,2518,0.000333,0.0055,0.0,0.006084,0.012708,0.012708
baseline,Baseline session authorization,80,2519,0.000333,0.003917,0.0,0.005792,0.010875,0.010875
baseline,Baseline session authorization,80,2520,0.000291,0.003958,0.0,0.005917,0.010958,0.010958
baseline,Baseline session authorization,80,2521,0.000334,0.003792,0.0,0.005708,0.010584,0.010584
baseline,Baseline session authorization,80,2522,0.000292,0.003917,0.0,0.005791,0.010834,0.010834
baseline,Baseline session authorization,80,2523,0.000333,0.003959,0.0,0.005792,0.010917,0.010917
baseline,Baseline session authorization,80,2524,0.000333,0.004,0.0,0.00575,0.010917,0.010917
baseline,Baseline session authorization,80,2525,0.000292,0.003958,0.0,0.005833,0.010917,0.010917
baseline,Baseline session authorization,80,2526,0.000333,0.004,0.0,0.005833,0.010917,0.010917
baseline,Baseline session authorization,80,2527,0.000333,0.003959,0.0,0.005833,0.010917,0.010917
baseline,Baseline session authorization,80,2528,0.000333,0.003791,0.0,0.005667,0.010583,0.010583
baseline,Baseline session authorization,80,2529,0.000292,0.004125,0.0,0.005833,0.011084,0.011084
baseline,Baseline session authorization,80,2530,0.000333,0.00375,0.0,0.005792,0.010708,0.010708
baseline,Baseline session authorization,80,2531,0.000375,0.004,0.0,0.005833,0.011041,0.011041
baseline,Baseline session authorization,80,2532,0.000291,0.006042,0.0,0.006,0.013167,0.013167
baseline,Baseline session authorization,80,2533,0.000333,0.004083,0.0,0.005833,0.011042,0.011042
baseline,Baseline session authorization,80,2534,0.000292,0.003917,0.0,0.005791,0.010875,0.010875
baseline,Baseline session authorization,80,2535,0.000292,0.003875,0.0,0.005791,0.01075,0.01075
baseline,Baseline session authorization,80,2536,0.001166,0.013292,0.0,0.012875,0.028917,0.028917
baseline,Baseline session authorization,80,2537,0.00125,0.021458,0.0,0.01125,0.036167,0.036167
baseline,Baseline session authorization,80,2538,0.000375,0.004,0.0,0.005917,0.011083,0.011083
baseline,Baseline session authorization,80,2539,0.000333,0.003875,0.0,0.005709,0.01075,0.01075
baseline,Baseline session authorization,80,2540,0.000333,0.003917,0.0,0.005708,0.010792,0.010792
baseline,Baseline session authorization,80,2541,0.000333,0.003792,0.0,0.00575,0.010667,0.010667
baseline,Baseline session authorization,80,2542,0.001042,0.011542,0.0,0.011417,0.025542,0.025542
baseline,Baseline session authorization,80,2543,0.000333,0.006583,0.0,0.006458,0.01425,0.01425
baseline,Baseline session authorization,80,2544,0.000291,0.004084,0.0,0.005875,0.011083,0.011083
baseline,Baseline session authorization,80,2545,0.00125,0.009167,0.0,0.00975,0.021833,0.021833
baseline,Baseline session authorization,80,2546,0.000333,0.004042,0.0,0.00575,0.011,0.011
baseline,Baseline session authorization,80,2547,0.000333,0.005791,0.0,0.006333,0.013375,0.013375
baseline,Baseline session authorization,80,2548,0.000375,0.004333,0.0,0.005958,0.0115,0.0115
baseline,Baseline session authorization,80,2549,0.000375,0.006458,0.0,0.006458,0.014125,0.014125
baseline,Baseline session authorization,80,2550,0.000375,0.004917,0.0,0.006208,0.012416,0.012416
baseline,Baseline session authorization,80,2551,0.000375,0.003792,0.0,0.005708,0.010583,0.010583
baseline,Baseline session authorization,80,2552,0.000291,0.003958,0.0,0.00575,0.010875,0.010875
baseline,Baseline session authorization,80,2553,0.000334,0.004167,0.0,0.006125,0.011416,0.011416
baseline,Baseline session authorization,80,2554,0.000333,0.003917,0.0,0.005834,0.010833,0.010833
baseline,Baseline session authorization,80,2555,0.000292,0.003833,0.0,0.005667,0.010541,0.010541
baseline,Baseline session authorization,80,2556,0.000333,0.004084,0.0,0.006041,0.011333,0.011333
baseline,Baseline session authorization,80,2557,0.000333,0.003875,0.0,0.005667,0.010542,0.010542
baseline,Baseline session authorization,80,2558,0.000333,0.003958,0.0,0.00575,0.010834,0.010834
baseline,Baseline session authorization,80,2559,0.000292,0.003875,0.0,0.005625,0.010583,0.010583
baseline,Baseline session authorization,80,2560,0.000292,0.004,0.0,0.006042,0.011208,0.011208
baseline,Baseline session authorization,80,2561,0.000333,0.004333,0.0,0.006167,0.011583,0.011583
baseline,Baseline session authorization,80,2562,0.000375,0.004125,0.0,0.006125,0.011541,0.011541
baseline,Baseline session authorization,80,2563,0.000333,0.003917,0.0,0.005709,0.01075,0.01075
baseline,Baseline session authorization,80,2564,0.000292,0.003958,0.0,0.005834,0.010917,0.010917
baseline,Baseline session authorization,80,2565,0.000333,0.004041,0.0,0.006084,0.011292,0.011292
baseline,Baseline session authorization,80,2566,0.000333,0.003834,0.0,0.005875,0.010791,0.010791
baseline,Baseline session authorization,80,2567,0.000334,0.004083,0.0,0.006,0.01125,0.01125
baseline,Baseline session authorization,80,2568,0.000916,0.011833,0.0,0.011042,0.025417,0.025417
baseline,Baseline session authorization,80,2569,0.000334,0.003792,0.0,0.005792,0.010625,0.010625
baseline,Baseline session authorization,80,2570,0.000334,0.004042,0.0,0.005833,0.011,0.011
baseline,Baseline session authorization,80,2571,0.000334,0.004167,0.0,0.006083,0.011416,0.011416
baseline,Baseline session authorization,80,2572,0.00125,0.013333,0.0,0.011375,0.027667,0.027667
baseline,Baseline session authorization,80,2573,0.000334,0.004125,0.0,0.005958,0.01125,0.01125
baseline,Baseline session authorization,80,2574,0.000375,0.004,0.0,0.005959,0.011125,0.011125
baseline,Baseline session authorization,80,2575,0.000333,0.003791,0.0,0.00575,0.010667,0.010667
baseline,Baseline session authorization,80,2576,0.000333,0.003916,0.0,0.005709,0.010792,0.010792
baseline,Baseline session authorization,80,2577,0.000291,0.003833,0.0,0.005875,0.010792,0.010792
baseline,Baseline session authorization,80,2578,0.0005,0.004958,0.0,0.006042,0.012458,0.012458
baseline,Baseline session authorization,80,2579,0.000291,0.003833,0.0,0.00575,0.010667,0.010667
baseline,Baseline session authorization,80,2580,0.000333,0.004,0.0,0.005833,0.010959,0.010959
baseline,Baseline session authorization,80,2581,0.000291,0.003833,0.0,0.005667,0.010583,0.010583
baseline,Baseline session authorization,80,2582,0.000333,0.004084,0.0,0.005958,0.011125,0.011125
baseline,Baseline session authorization,80,2583,0.000333,0.003791,0.0,0.00575,0.010667,0.010667
baseline,Baseline session authorization,80,2584,0.000291,0.00525,0.0,0.005958,0.012334,0.012334
baseline,Baseline session authorization,80,2585,0.000333,0.003875,0.0,0.005875,0.010792,0.010792
baseline,Baseline session authorization,80,2586,0.000291,0.005709,0.0,0.006083,0.012917,0.012917
baseline,Baseline session authorization,80,2587,0.000292,0.003834,0.0,0.005667,0.010541,0.010541
baseline,Baseline session authorization,80,2588,0.000292,0.004,0.0,0.005834,0.011,0.011
baseline,Baseline session authorization,80,2589,0.000875,0.011917,0.0,0.010875,0.025125,0.025125
baseline,Baseline session authorization,80,2590,0.000375,0.004125,0.0,0.005917,0.011167,0.011167
baseline,Baseline session authorization,80,2591,0.000334,0.004083,0.0,0.005875,0.011083,0.011083
baseline,Baseline session authorization,80,2592,0.000333,0.004084,0.0,0.006,0.01125,0.01125
baseline,Baseline session authorization,80,2593,0.00125,0.043583,0.0,0.011792,0.058208,0.058208
baseline,Baseline session authorization,80,2594,0.000333,0.003958,0.0,0.005708,0.010791,0.010791
baseline,Baseline session authorization,80,2595,0.000291,0.004,0.0,0.005916,0.011084,0.011084
baseline,Baseline session authorization,80,2596,0.000333,0.003875,0.0,0.005792,0.01075,0.01075
baseline,Baseline session authorization,80,2597,0.000334,0.004167,0.0,0.005958,0.011333,0.011333
baseline,Baseline session authorization,80,2598,0.000417,0.004875,0.0,0.006209,0.012333,0.012333
baseline,Baseline session authorization,80,2599,0.000333,0.003958,0.0,0.00575,0.010792,0.010792
baseline,Baseline session authorization,80,2600,0.000291,0.004,0.0,0.006,0.011125,0.011125
baseline,Baseline session authorization,80,2601,0.000292,0.004042,0.0,0.006417,0.011667,0.011667
baseline,Baseline session authorization,80,2602,0.000333,0.004125,0.0,0.005833,0.011084,0.011084
baseline,Baseline session authorization,80,2603,0.000333,0.004042,0.0,0.006083,0.011292,0.011292
baseline,Baseline session authorization,80,2604,0.000292,0.007833,0.0,0.006042,0.015041,0.015041
baseline,Baseline session authorization,80,2605,0.000292,0.003958,0.0,0.005917,0.011041,0.011041
baseline,Baseline session authorization,80,2606,0.000375,0.003958,0.0,0.005958,0.011125,0.011125
baseline,Baseline session authorization,80,2607,0.000292,0.003792,0.0,0.00575,0.010625,0.010625
baseline,Baseline session authorization,80,2608,0.000333,0.003916,0.0,0.005833,0.010833,0.010833
baseline,Baseline session authorization,80,2609,0.000333,0.005417,0.0,0.006292,0.012875,0.012875
baseline,Baseline session authorization,80,2610,0.000333,0.004125,0.0,0.005792,0.011,0.011
baseline,Baseline session authorization,80,2611,0.000333,0.004042,0.0,0.006125,0.011375,0.011375
baseline,Baseline session authorization,80,2612,0.000375,0.003834,0.0,0.00575,0.01075,0.01075
baseline,Baseline session authorization,80,2613,0.000292,0.004042,0.0,0.00575,0.010958,0.010958
baseline,Baseline session authorization,80,2614,0.000292,0.003792,0.0,0.005708,0.010584,0.010584
baseline,Baseline session authorization,80,2615,0.000333,0.006166,0.0,0.006375,0.014084,0.014084
baseline,Baseline session authorization,80,2616,0.000334,0.004,0.0,0.006042,0.011166,0.011166
baseline,Baseline session authorization,80,2617,0.000333,0.003875,0.0,0.00575,0.01075,0.01075
baseline,Baseline session authorization,80,2618,0.000333,0.004042,0.0,0.005917,0.011042,0.011042
baseline,Baseline session authorization,80,2619,0.000333,0.007833,0.0,0.006333,0.015417,0.015417
baseline,Baseline session authorization,80,2620,0.000333,0.005958,0.0,0.007458,0.030083,0.030083
baseline,Baseline session authorization,80,2621,0.000333,0.004333,0.0,0.005958,0.011459,0.011459
baseline,Baseline session authorization,80,2622,0.000334,0.004,0.0,0.006042,0.011208,0.011208
baseline,Baseline session authorization,80,2623,0.000333,0.003792,0.0,0.005708,0.010625,0.010625
baseline,Baseline session authorization,80,2624,0.000334,0.004167,0.0,0.005833,0.011084,0.011084
baseline,Baseline session authorization,80,2625,0.000334,0.003875,0.0,0.005708,0.010666,0.010666
baseline,Baseline session authorization,80,2626,0.000375,0.004459,0.0,0.005958,0.01175,0.01175
baseline,Baseline session authorization,80,2627,0.000334,0.003792,0.0,0.005708,0.010625,0.010625
baseline,Baseline session authorization,80,2628,0.000333,0.004208,0.0,0.006042,0.011375,0.011375
baseline,Baseline session authorization,80,2629,0.000292,0.003875,0.0,0.00575,0.010709,0.010709
baseline,Baseline session authorization,80,2630,0.000333,0.003959,0.0,0.005833,0.010958,0.010958
baseline,Baseline session authorization,80,2631,0.000333,0.003875,0.0,0.00575,0.010667,0.010667
baseline,Baseline session authorization,80,2632,0.000292,0.004042,0.0,0.00575,0.010875,0.010875
baseline,Baseline session authorization,80,2633,0.000291,0.003916,0.0,0.005833,0.010833,0.010833
baseline,Baseline session authorization,80,2634,0.000375,0.004166,0.0,0.005834,0.01125,0.01125
baseline,Baseline session authorization,80,2635,0.000958,0.013167,0.0,0.011375,0.026833,0.026833
baseline,Baseline session authorization,80,2636,0.000333,0.003834,0.0,0.005708,0.010625,0.010625
baseline,Baseline session authorization,80,2637,0.000333,0.004083,0.0,0.00575,0.010917,0.010917
baseline,Baseline session authorization,80,2638,0.000292,0.003917,0.0,0.006042,0.011083,0.011083
baseline,Baseline session authorization,80,2639,0.000375,0.003875,0.0,0.005916,0.011042,0.011042
baseline,Baseline session authorization,80,2640,0.000375,0.00425,0.0,0.005833,0.011291,0.011291
baseline,Baseline session authorization,80,2641,0.000458,0.004834,0.0,0.006125,0.01225,0.01225
baseline,Baseline session authorization,80,2642,0.000334,0.003792,0.0,0.00575,0.010666,0.010666
baseline,Baseline session authorization,80,2643,0.000292,0.004083,0.0,0.005834,0.011083,0.011083
baseline,Baseline session authorization,80,2644,0.000292,0.003958,0.0,0.005708,0.01075,0.01075
baseline,Baseline session authorization,80,2645,0.000333,0.004,0.0,0.006125,0.011375,0.011375
baseline,Baseline session authorization,80,2646,0.000334,0.004125,0.0,0.005958,0.011167,0.011167
baseline,Baseline session authorization,80,2647,0.000417,0.004667,0.0,0.00625,0.012125,0.012125
baseline,Baseline session authorization,80,2648,0.000333,0.003875,0.0,0.00575,0.01075,0.01075
baseline,Baseline session authorization,80,2649,0.000334,0.004208,0.0,0.005792,0.011208,0.011208
baseline,Baseline session authorization,80,2650,0.001042,0.010834,0.0,0.009792,0.023167,0.023167
baseline,Baseline session authorization,80,2651,0.000333,0.003958,0.0,0.006,0.011167,0.011167
baseline,Baseline session authorization,80,2652,0.000333,0.003792,0.0,0.005875,0.01075,0.01075
baseline,Baseline session authorization,80,2653,0.000292,0.003958,0.0,0.005958,0.011084,0.011084
baseline,Baseline session authorization,80,2654,0.000417,0.005084,0.0,0.006333,0.012708,0.012708
baseline,Baseline session authorization,80,2655,0.000292,0.003875,0.0,0.005792,0.010833,0.010833
baseline,Baseline session authorization,80,2656,0.000333,0.006875,0.0,0.005959,0.014042,0.014042
baseline,Baseline session authorization,80,2657,0.000334,0.004125,0.0,0.005958,0.01125,0.01125
baseline,Baseline session authorization,80,2658,0.000292,0.003833,0.0,0.005708,0.010666,0.010666
baseline,Baseline session authorization,80,2659,0.000291,0.004041,0.0,0.005958,0.011083,0.011083
baseline,Baseline session authorization,80,2660,0.000334,0.004208,0.0,0.006083,0.0115,0.0115
baseline,Baseline session authorization,80,2661,0.000333,0.003834,0.0,0.00575,0.010708,0.010708
baseline,Baseline session authorization,80,2662,0.000334,0.004125,0.0,0.006042,0.011375,0.011375
baseline,Baseline session authorization,80,2663,0.000333,0.003791,0.0,0.005834,0.01075,0.01075
baseline,Baseline session authorization,80,2664,0.000333,0.004,0.0,0.017375,0.022667,0.022667
baseline,Baseline session authorization,80,2665,0.000334,0.003875,0.0,0.00575,0.010791,0.010791
baseline,Baseline session authorization,80,2666,0.000291,0.003875,0.0,0.00575,0.01075,0.01075
baseline,Baseline session authorization,80,2667,0.000458,0.004416,0.0,0.006,0.011667,0.011667
baseline,Baseline session authorization,80,2668,0.000333,0.003834,0.0,0.005708,0.010708,0.010708
baseline,Baseline session authorization,80,2669,0.000333,0.004083,0.0,0.005875,0.011042,0.011042
baseline,Baseline session authorization,80,2670,0.000333,0.005084,0.0,0.015542,0.021833,0.021833
baseline,Baseline session authorization,80,2671,0.000292,0.004084,0.0,0.005916,0.011125,0.011125
baseline,Baseline session authorization,80,2672,0.000333,0.003833,0.0,0.005709,0.010625,0.010625
baseline,Baseline session authorization,80,2673,0.000334,0.004208,0.0,0.005792,0.011166,0.011166
baseline,Baseline session authorization,80,2674,0.000541,0.004917,0.0,0.006125,0.012542,0.012542
baseline,Baseline session authorization,80,2675,0.004416,0.010667,0.0,0.010333,0.027333,0.027333
baseline,Baseline session authorization,80,2676,0.000333,0.004208,0.0,0.006125,0.011459,0.011459
baseline,Baseline session authorization,80,2677,0.000292,0.003875,0.0,0.005833,0.010834,0.010834
baseline,Baseline session authorization,80,2678,0.000292,0.004209,0.0,0.006,0.011333,0.011333
baseline,Baseline session authorization,80,2679,0.000291,0.004042,0.0,0.005834,0.011,0.011
baseline,Baseline session authorization,80,2680,0.000334,0.003792,0.0,0.005708,0.010584,0.010584
baseline,Baseline session authorization,80,2681,0.000334,0.004083,0.0,0.006083,0.011375,0.011375
baseline,Baseline session authorization,80,2682,0.000292,0.003833,0.0,0.005833,0.01075,0.01075
baseline,Baseline session authorization,80,2683,0.000291,0.005333,0.0,0.006042,0.012458,0.012458
baseline,Baseline session authorization,80,2684,0.000334,0.004166,0.0,0.006,0.011375,0.011375
baseline,Baseline session authorization,80,2685,0.000333,0.004083,0.0,0.005792,0.011,0.011
baseline,Baseline session authorization,80,2686,0.000375,0.004875,0.0,0.006333,0.0125,0.0125
baseline,Baseline session authorization,80,2687,0.000333,0.003791,0.0,0.00575,0.010583,0.010583
baseline,Baseline session authorization,80,2688,0.000291,0.004041,0.0,0.005834,0.011167,0.011167
baseline,Baseline session authorization,80,2689,0.000375,0.003875,0.0,0.005792,0.010917,0.010917
baseline,Baseline session authorization,80,2690,0.000875,0.011666,0.0,0.009541,0.023583,0.023583
baseline,Baseline session authorization,80,2691,0.000334,0.007708,0.0,0.006291,0.015125,0.015125
baseline,Baseline session authorization,80,2692,0.000416,0.005459,0.0,0.006208,0.013042,0.013042
baseline,Baseline session authorization,80,2693,0.000333,0.00375,0.0,0.005708,0.010542,0.010542
baseline,Baseline session authorization,80,2694,0.000333,0.004041,0.0,0.006,0.01125,0.01125
baseline,Baseline session authorization,80,2695,0.000333,0.003834,0.0,0.005708,0.010666,0.010666
baseline,Baseline session authorization,80,2696,0.000416,0.004084,0.0,0.005833,0.011125,0.011125
baseline,Baseline session authorization,80,2697,0.000333,0.00425,0.0,0.005958,0.011375,0.011375
baseline,Baseline session authorization,80,2698,0.000375,0.004083,0.0,0.006125,0.011375,0.011375
baseline,Baseline session authorization,80,2699,0.000333,0.004291,0.0,0.006125,0.011625,0.011625
baseline,Baseline session authorization,80,2700,0.000333,0.003708,0.0,0.00575,0.010542,0.010542
baseline,Baseline session authorization,80,2701,0.000334,0.005417,0.0,0.006042,0.012542,0.012542
baseline,Baseline session authorization,80,2702,0.000291,0.004125,0.0,0.006042,0.011375,0.011375
baseline,Baseline session authorization,80,2703,0.000292,0.004083,0.0,0.005833,0.011,0.011
baseline,Baseline session authorization,80,2704,0.000292,0.004167,0.0,0.005833,0.011042,0.011042
baseline,Baseline session authorization,80,2705,0.000333,0.004,0.0,0.005958,0.011125,0.011125
baseline,Baseline session authorization,80,2706,0.000292,0.004083,0.0,0.006,0.011167,0.011167
baseline,Baseline session authorization,80,2707,0.000333,0.003792,0.0,0.00575,0.010667,0.010667
baseline,Baseline session authorization,80,2708,0.000291,0.004125,0.0,0.005958,0.011167,0.011167
baseline,Baseline session authorization,80,2709,0.000334,0.003792,0.0,0.00575,0.010625,0.010625
baseline,Baseline session authorization,80,2710,0.000333,0.0075,0.0,0.006333,0.015,0.015
baseline,Baseline session authorization,80,2711,0.00125,0.009375,0.0,0.009875,0.022084,0.022084
baseline,Baseline session authorization,80,2712,0.000291,0.003834,0.0,0.005791,0.01075,0.01075
baseline,Baseline session authorization,80,2713,0.000291,0.004041,0.0,0.005875,0.011042,0.011042
baseline,Baseline session authorization,80,2714,0.000333,0.004084,0.0,0.006041,0.011292,0.011292
baseline,Baseline session authorization,80,2715,0.000333,0.004,0.0,0.006,0.011167,0.011167
baseline,Baseline session authorization,80,2716,0.000334,0.003792,0.0,0.005708,0.010625,0.010625
baseline,Baseline session authorization,80,2717,0.000333,0.004041,0.0,0.006,0.011167,0.011167
baseline,Baseline session authorization,80,2718,0.000334,0.003792,0.0,0.00575,0.010666,0.010666
baseline,Baseline session authorization,80,2719,0.000333,0.004084,0.0,0.005958,0.011167,0.011167
baseline,Baseline session authorization,80,2720,0.000333,0.004125,0.0,0.006,0.011333,0.011333
baseline,Baseline session authorization,80,2721,0.000334,0.005542,0.0,0.006291,0.013,0.013
baseline,Baseline session authorization,80,2722,0.000292,0.005875,0.0,0.005917,0.012917,0.012917
baseline,Baseline session authorization,80,2723,0.000291,0.004083,0.0,0.005917,0.011167,0.011167
baseline,Baseline session authorization,80,2724,0.000583,0.005042,0.0,0.006083,0.012625,0.012625
baseline,Baseline session authorization,80,2725,0.000292,0.004375,0.0,0.005917,0.011417,0.011417
baseline,Baseline session authorization,80,2726,0.000333,0.004125,0.0,0.006084,0.011375,0.011375
baseline,Baseline session authorization,80,2727,0.000333,0.004041,0.0,0.006042,0.011292,0.011292
baseline,Baseline session authorization,80,2728,0.000292,0.003875,0.0,0.00575,0.010709,0.010709
baseline,Baseline session authorization,80,2729,0.000333,0.004208,0.0,0.006,0.011458,0.011458
baseline,Baseline session authorization,80,2730,0.000334,0.003791,0.0,0.005667,0.010667,0.010667
baseline,Baseline session authorization,80,2731,0.000333,0.004083,0.0,0.005958,0.011084,0.011084
baseline,Baseline session authorization,80,2732,0.000375,0.004209,0.0,0.006041,0.0115,0.0115
baseline,Baseline session authorization,80,2733,0.000375,0.004167,0.0,0.006042,0.011459,0.011459
baseline,Baseline session authorization,80,2734,0.000333,0.00375,0.0,0.00575,0.010625,0.010625
baseline,Baseline session authorization,80,2735,0.000333,0.004042,0.0,0.005917,0.011167,0.011167
baseline,Baseline session authorization,80,2736,0.000291,0.003833,0.0,0.00575,0.010708,0.010708
baseline,Baseline session authorization,80,2737,0.000292,0.004042,0.0,0.005959,0.011083,0.011083
baseline,Baseline session authorization,80,2738,0.000292,0.018833,0.0,0.006667,0.02675,0.02675
baseline,Baseline session authorization,80,2739,0.000333,0.004,0.0,0.006,0.011083,0.011083
baseline,Baseline session authorization,80,2740,0.000334,0.004125,0.0,0.005917,0.011166,0.011166
baseline,Baseline session authorization,80,2741,0.000291,0.003791,0.0,0.005667,0.010542,0.010542
baseline,Baseline session authorization,80,2742,0.000333,0.004041,0.0,0.005667,0.010875,0.010875
baseline,Baseline session authorization,80,2743,0.000292,0.00375,0.0,0.005667,0.010541,0.010541
baseline,Baseline session authorization,80,2744,0.000333,0.004042,0.0,0.005959,0.011083,0.011083
baseline,Baseline session authorization,80,2745,0.000333,0.00375,0.0,0.00575,0.010583,0.010583
baseline,Baseline session authorization,80,2746,0.000333,0.004083,0.0,0.005917,0.011125,0.011125
baseline,Baseline session authorization,80,2747,0.000375,0.004042,0.0,0.006042,0.01125,0.01125
baseline,Baseline session authorization,80,2748,0.000333,0.003709,0.0,0.005792,0.010583,0.010583
baseline,Baseline session authorization,80,2749,0.000333,0.006667,0.0,0.006083,0.013833,0.013833
baseline,Baseline session authorization,80,2750,0.000333,0.004125,0.0,0.006084,0.011375,0.011375
baseline,Baseline session authorization,80,2751,0.000292,0.003709,0.0,0.005708,0.010541,0.010541
baseline,Baseline session authorization,80,2752,0.000291,0.004,0.0,0.005833,0.010959,0.010959
baseline,Baseline session authorization,80,2753,0.000333,0.004209,0.0,0.006041,0.011458,0.011458
baseline,Baseline session authorization,80,2754,0.000291,0.003833,0.0,0.005708,0.010667,0.010667
baseline,Baseline session authorization,80,2755,0.000334,0.004167,0.0,0.006125,0.011458,0.011458
baseline,Baseline session authorization,80,2756,0.000333,0.004042,0.0,0.006167,0.011333,0.011333
baseline,Baseline session authorization,80,2757,0.000292,0.003792,0.0,0.005709,0.010583,0.010583
baseline,Baseline session authorization,80,2758,0.000334,0.004125,0.0,0.005875,0.011084,0.011084
baseline,Baseline session authorization,80,2759,0.000333,0.003834,0.0,0.005667,0.010625,0.010625
baseline,Baseline session authorization,80,2760,0.000292,0.004,0.0,0.006167,0.011291,0.011291
baseline,Baseline session authorization,80,2761,0.000334,0.003792,0.0,0.005667,0.010583,0.010583
baseline,Baseline session authorization,80,2762,0.000292,0.004125,0.0,0.005917,0.011208,0.011208
baseline,Baseline session authorization,80,2763,0.000333,0.004084,0.0,0.014125,0.01975,0.01975
baseline,Baseline session authorization,80,2764,0.000292,0.004125,0.0,0.005959,0.01125,0.01125
baseline,Baseline session authorization,80,2765,0.000333,0.003791,0.0,0.005666,0.010542,0.010542
baseline,Baseline session authorization,80,2766,0.000334,0.004125,0.0,0.005833,0.011166,0.011166
baseline,Baseline session authorization,80,2767,0.000292,0.003792,0.0,0.005708,0.010666,0.010666
baseline,Baseline session authorization,80,2768,0.000333,0.004209,0.0,0.005833,0.011291,0.011291
baseline,Baseline session authorization,80,2769,0.001292,0.009917,0.0,0.010166,0.023083,0.023083
baseline,Baseline session authorization,80,2770,0.000292,0.00375,0.0,0.005708,0.010583,0.010583
baseline,Baseline session authorization,80,2771,0.000375,0.004083,0.0,0.006083,0.011334,0.011334
baseline,Baseline session authorization,80,2772,0.000291,0.003959,0.0,0.005792,0.010833,0.010833
baseline,Baseline session authorization,80,2773,0.000375,0.0045,0.0,0.006292,0.012,0.012
baseline,Baseline session authorization,80,2774,0.000333,0.003791,0.0,0.005666,0.010542,0.010542
baseline,Baseline session authorization,80,2775,0.000333,0.004166,0.0,0.006125,0.011417,0.011417
baseline,Baseline session authorization,80,2776,0.000334,0.00375,0.0,0.005709,0.010542,0.010542
baseline,Baseline session authorization,80,2777,0.000416,0.004875,0.0,0.00625,0.012375,0.012375
baseline,Baseline session authorization,80,2778,0.000333,0.003917,0.0,0.005709,0.01075,0.01075
baseline,Baseline session authorization,80,2779,0.000292,0.003792,0.0,0.005834,0.010708,0.010708
baseline,Baseline session authorization,80,2780,0.000375,0.004083,0.0,0.006042,0.011291,0.011291
baseline,Baseline session authorization,80,2781,0.000292,0.003875,0.0,0.005792,0.01075,0.01075
baseline,Baseline session authorization,80,2782,0.000333,0.004041,0.0,0.005833,0.011,0.011
baseline,Baseline session authorization,80,2783,0.000375,0.003959,0.0,0.006083,0.01125,0.01125
baseline,Baseline session authorization,80,2784,0.000333,0.004916,0.0,0.005792,0.011875,0.011875
baseline,Baseline session authorization,80,2785,0.000417,0.006167,0.0,0.006167,0.013667,0.013667
baseline,Baseline session authorization,80,2786,0.000291,0.003709,0.0,0.005625,0.010458,0.010458
baseline,Baseline session authorization,80,2787,0.000333,0.004083,0.0,0.005834,0.011083,0.011083
baseline,Baseline session authorization,80,2788,0.000334,0.003708,0.0,0.005791,0.010625,0.010625
baseline,Baseline session authorization,80,2789,0.000291,0.004208,0.0,0.005875,0.011209,0.011209
baseline,Baseline session authorization,80,2790,0.000292,0.0055,0.0,0.006,0.012542,0.012542
baseline,Baseline session authorization,80,2791,0.000292,0.003958,0.0,0.005834,0.010875,0.010875
baseline,Baseline session authorization,80,2792,0.000291,0.003709,0.0,0.00575,0.010583,0.010583
baseline,Baseline session authorization,80,2793,0.000333,0.00425,0.0,0.006,0.011417,0.011417
baseline,Baseline session authorization,80,2794,0.000333,0.003834,0.0,0.00575,0.010625,0.010625
baseline,Baseline session authorization,80,2795,0.000333,0.004,0.0,0.005959,0.011125,0.011125
baseline,Baseline session authorization,80,2796,0.000292,0.003875,0.0,0.005875,0.010917,0.010917
baseline,Baseline session authorization,80,2797,0.001291,0.014333,0.0,0.011542,0.029,0.029
baseline,Baseline session authorization,80,2798,0.000583,0.005708,0.0,0.005958,0.013041,0.013041
baseline,Baseline session authorization,80,2799,0.000416,0.004416,0.0,0.006125,0.01175,0.01175
baseline,Baseline session authorization,80,2800,0.000333,0.007542,0.0,0.006292,0.015,0.015
baseline,Baseline session authorization,80,2801,0.000291,0.003958,0.0,0.005792,0.010833,0.010833
baseline,Baseline session authorization,80,2802,0.000292,0.004959,0.0,0.005916,0.012,0.012
baseline,Baseline session authorization,80,2803,0.000375,0.005292,0.0,0.006375,0.012916,0.012916
baseline,Baseline session authorization,80,2804,0.000333,0.004042,0.0,0.005834,0.010958,0.010958
baseline,Baseline session authorization,80,2805,0.000333,0.003833,0.0,0.005709,0.010625,0.010625
baseline,Baseline session authorization,80,2806,0.000334,0.004042,0.0,0.006166,0.011416,0.011416
baseline,Baseline session authorization,80,2807,0.000334,0.004042,0.0,0.005792,0.010958,0.010958
baseline,Baseline session authorization,80,2808,0.000417,0.005,0.0,0.006292,0.012541,0.012541
baseline,Baseline session authorization,80,2809,0.000292,0.003791,0.0,0.005708,0.010583,0.010583
baseline,Baseline session authorization,80,2810,0.000292,0.004042,0.0,0.006625,0.01175,0.01175
baseline,Baseline session authorization,80,2811,0.000292,0.00375,0.0,0.005791,0.010584,0.010584
baseline,Baseline session authorization,80,2812,0.000291,0.00425,0.0,0.006083,0.0115,0.0115
baseline,Baseline session authorization,80,2813,0.000334,0.004,0.0,0.005875,0.011,0.011
baseline,Baseline session authorization,80,2814,0.000292,0.00375,0.0,0.00575,0.010584,0.010584
baseline,Baseline session authorization,80,2815,0.000333,0.003958,0.0,0.005917,0.011,0.011
baseline,Baseline session authorization,80,2816,0.000292,0.005083,0.0,0.005917,0.012166,0.012166
baseline,Baseline session authorization,80,2817,0.000333,0.004125,0.0,0.005833,0.011041,0.011041
baseline,Baseline session authorization,80,2818,0.000291,0.003791,0.0,0.005708,0.010583,0.010583
baseline,Baseline session authorization,80,2819,0.000291,0.004,0.0,0.005958,0.011042,0.011042
baseline,Baseline session authorization,80,2820,0.000416,0.004542,0.0,0.005875,0.011708,0.011708
baseline,Baseline session authorization,80,2821,0.000291,0.005541,0.0,0.006167,0.012833,0.012833
baseline,Baseline session authorization,80,2822,0.000291,0.00375,0.0,0.005708,0.010542,0.010542
baseline,Baseline session authorization,80,2823,0.000333,0.004083,0.0,0.005959,0.011125,0.011125
baseline,Baseline session authorization,80,2824,0.000334,0.00375,0.0,0.00575,0.010666,0.010666
baseline,Baseline session authorization,80,2825,0.000292,0.003959,0.0,0.005708,0.010833,0.010833
baseline,Baseline session authorization,80,2826,0.001208,0.009333,0.0,0.010042,0.02225,0.02225
baseline,Baseline session authorization,80,2827,0.000292,0.003833,0.0,0.005791,0.010709,0.010709
baseline,Baseline session authorization,80,2828,0.000375,0.004208,0.0,0.005917,0.011333,0.011333
baseline,Baseline session authorization,80,2829,0.000292,0.004125,0.0,0.006166,0.011459,0.011459
baseline,Baseline session authorization,80,2830,0.000292,0.003917,0.0,0.005917,0.010875,0.010875
baseline,Baseline session authorization,80,2831,0.000375,0.00425,0.0,0.006083,0.0115,0.0115
baseline,Baseline session authorization,80,2832,0.000292,0.004125,0.0,0.005834,0.011083,0.011083
baseline,Baseline session authorization,80,2833,0.000292,0.003792,0.0,0.00575,0.010666,0.010666
baseline,Baseline session authorization,80,2834,0.000333,0.018959,0.0,0.00675,0.026916,0.026916
baseline,Baseline session authorization,80,2835,0.000333,0.004667,0.0,0.006208,0.012083,0.012083
baseline,Baseline session authorization,80,2836,0.000292,0.003834,0.0,0.005667,0.010583,0.010583
baseline,Baseline session authorization,80,2837,0.000375,0.004791,0.0,0.006292,0.012375,0.012375
baseline,Baseline session authorization,80,2838,0.000333,0.003959,0.0,0.005875,0.011,0.011
baseline,Baseline session authorization,80,2839,0.000334,0.00375,0.0,0.00575,0.010625,0.010625
baseline,Baseline session authorization,80,2840,0.000292,0.0055,0.0,0.008667,0.015708,0.015708
baseline,Baseline session authorization,80,2841,0.000333,0.004125,0.0,0.005958,0.011125,0.011125
baseline,Baseline session authorization,80,2842,0.000334,0.004,0.0,0.005875,0.011041,0.011041
baseline,Baseline session authorization,80,2843,0.000334,0.003833,0.0,0.00575,0.010708,0.010708
baseline,Baseline session authorization,80,2844,0.000375,0.004291,0.0,0.006,0.011417,0.011417
baseline,Baseline session authorization,80,2845,0.000292,0.003791,0.0,0.005667,0.010584,0.010584
baseline,Baseline session authorization,80,2846,0.000333,0.004042,0.0,0.00575,0.010917,0.010917
baseline,Baseline session authorization,80,2847,0.000333,0.00925,0.0,0.006292,0.01675,0.01675
baseline,Baseline session authorization,80,2848,0.000292,0.065042,0.0,0.007833,0.074375,0.074375
baseline,Baseline session authorization,80,2849,0.001334,0.015875,0.0,0.014417,0.033375,0.033375
baseline,Baseline session authorization,80,2850,0.000375,0.004542,0.0,0.006042,0.011792,0.011792
baseline,Baseline session authorization,80,2851,0.000375,0.00425,0.0,0.006208,0.011708,0.011708
baseline,Baseline session authorization,80,2852,0.000334,0.004083,0.0,0.005834,0.011042,0.011042
baseline,Baseline session authorization,80,2853,0.000375,0.004291,0.0,0.006084,0.011583,0.011583
baseline,Baseline session authorization,80,2854,0.001667,0.010625,0.0,0.010333,0.024625,0.024625
baseline,Baseline session authorization,80,2855,0.000375,0.004833,0.0,0.006542,0.012583,0.012583
baseline,Baseline session authorization,80,2856,0.000292,0.003833,0.0,0.007167,0.012166,0.012166
baseline,Baseline session authorization,80,2857,0.000458,0.004833,0.0,0.006,0.012125,0.012125
baseline,Baseline session authorization,80,2858,0.000333,0.003666,0.0,0.005709,0.010625,0.010625
baseline,Baseline session authorization,80,2859,0.000292,0.004,0.0,0.005875,0.010916,0.010916
baseline,Baseline session authorization,80,2860,0.000333,0.00375,0.0,0.005792,0.010667,0.010667
baseline,Baseline session authorization,80,2861,0.000292,0.004042,0.0,0.005792,0.010958,0.010958
baseline,Baseline session authorization,80,2862,0.000292,0.00375,0.0,0.00575,0.010625,0.010625
baseline,Baseline session authorization,80,2863,0.000334,0.004084,0.0,0.005833,0.011,0.011
baseline,Baseline session authorization,80,2864,0.000334,0.00375,0.0,0.005667,0.010541,0.010541
baseline,Baseline session authorization,80,2865,0.000333,0.004,0.0,0.006,0.011084,0.011084
baseline,Baseline session authorization,80,2866,0.000334,0.003708,0.0,0.005709,0.010583,0.010583
baseline,Baseline session authorization,80,2867,0.000292,0.004,0.0,0.005875,0.011,0.011
baseline,Baseline session authorization,80,2868,0.00125,0.01325,0.0,0.010208,0.026458,0.026458
baseline,Baseline session authorization,80,2869,0.000333,0.003709,0.0,0.005792,0.010625,0.010625
baseline,Baseline session authorization,80,2870,0.0005,0.006291,0.0,0.006542,0.01425,0.01425
baseline,Baseline session authorization,80,2871,0.000333,0.003708,0.0,0.005708,0.010542,0.010542
baseline,Baseline session authorization,80,2872,0.000333,0.004167,0.0,0.005875,0.01125,0.01125
baseline,Baseline session authorization,80,2873,0.0005,0.005334,0.0,0.00575,0.012375,0.012375
baseline,Baseline session authorization,80,2874,0.0005,0.006125,0.0,0.00675,0.014333,0.014333
baseline,Baseline session authorization,80,2875,0.000334,0.004167,0.0,0.005958,0.011209,0.011209
baseline,Baseline session authorization,80,2876,0.000334,0.004166,0.0,0.006083,0.011458,0.011458
baseline,Baseline session authorization,80,2877,0.000334,0.003792,0.0,0.005708,0.010666,0.010666
baseline,Baseline session authorization,80,2878,0.000334,0.003792,0.0,0.00575,0.010708,0.010708
baseline,Baseline session authorization,80,2879,0.000292,0.00375,0.0,0.00575,0.010583,0.010583
baseline,Baseline session authorization,80,2880,0.000583,0.0075,0.0,0.007083,0.016125,0.016125
baseline,Baseline session authorization,80,2881,0.000333,0.003792,0.0,0.005625,0.010542,0.010542
baseline,Baseline session authorization,80,2882,0.000333,0.00375,0.0,0.00575,0.010708,0.010708
baseline,Baseline session authorization,80,2883,0.001375,0.014208,0.0,0.013542,0.031083,0.031083
baseline,Baseline session authorization,80,2884,0.000292,0.003792,0.0,0.005791,0.010667,0.010667
baseline,Baseline session authorization,80,2885,0.000334,0.004125,0.0,0.00575,0.011083,0.011083
baseline,Baseline session authorization,80,2886,0.000334,0.003792,0.0,0.005708,0.010625,0.010625
baseline,Baseline session authorization,80,2887,0.000375,0.00475,0.0,0.006084,0.012042,0.012042
baseline,Baseline session authorization,80,2888,0.000334,0.003875,0.0,0.005833,0.010834,0.010834
baseline,Baseline session authorization,80,2889,0.000291,0.003875,0.0,0.005833,0.010792,0.010792
baseline,Baseline session authorization,80,2890,0.000291,0.004,0.0,0.005792,0.010917,0.010917
baseline,Baseline session authorization,80,2891,0.000334,0.003791,0.0,0.005875,0.010875,0.010875
baseline,Baseline session authorization,80,2892,0.000333,0.003833,0.0,0.00575,0.010709,0.010709
baseline,Baseline session authorization,80,2893,0.000292,0.003709,0.0,0.005792,0.010625,0.010625
baseline,Baseline session authorization,80,2894,0.000333,0.017083,0.0,0.006542,0.024875,0.024875
baseline,Baseline session authorization,80,2895,0.001209,0.022417,0.0,0.031958,0.057958,0.057958
baseline,Baseline session authorization,80,2896,0.000334,0.00625,0.0,0.005833,0.013292,0.013292
baseline,Baseline session authorization,80,2897,0.000291,0.004125,0.0,0.005916,0.011125,0.011125
baseline,Baseline session authorization,80,2898,0.000333,0.003625,0.0,0.005667,0.010375,0.010375
baseline,Baseline session authorization,80,2899,0.000292,0.004,0.0,0.005875,0.010959,0.010959
baseline,Baseline session authorization,80,2900,0.000375,0.003833,0.0,0.005625,0.010667,0.010667
baseline,Baseline session authorization,80,2901,0.000333,0.003917,0.0,0.005792,0.010875,0.010875
baseline,Baseline session authorization,80,2902,0.000292,0.003792,0.0,0.00575,0.010625,0.010625
baseline,Baseline session authorization,80,2903,0.000291,0.005541,0.0,0.006125,0.012792,0.012792
baseline,Baseline session authorization,80,2904,0.000334,0.003792,0.0,0.005625,0.010583,0.010583
baseline,Baseline session authorization,80,2905,0.000291,0.003958,0.0,0.005792,0.010792,0.010792
baseline,Baseline session authorization,80,2906,0.000333,0.003875,0.0,0.005792,0.01075,0.01075
baseline,Baseline session authorization,80,2907,0.000334,0.003917,0.0,0.005791,0.010875,0.010875
baseline,Baseline session authorization,80,2908,0.000334,0.003833,0.0,0.005625,0.010625,0.010625
baseline,Baseline session authorization,80,2909,0.000334,0.004333,0.0,0.005791,0.01125,0.01125
baseline,Baseline session authorization,80,2910,0.000291,0.003791,0.0,0.005791,0.010667,0.010667
baseline,Baseline session authorization,80,2911,0.000292,0.004125,0.0,0.005834,0.011042,0.011042
baseline,Baseline session authorization,80,2912,0.000291,0.003791,0.0,0.00575,0.010667,0.010667
baseline,Baseline session authorization,80,2913,0.000333,0.004041,0.0,0.00575,0.010875,0.010875
baseline,Baseline session authorization,80,2914,0.000375,0.003709,0.0,0.005583,0.010417,0.010417
baseline,Baseline session authorization,80,2915,0.000334,0.003958,0.0,0.005792,0.010916,0.010916
baseline,Baseline session authorization,80,2916,0.000333,0.00375,0.0,0.00575,0.010584,0.010584
baseline,Baseline session authorization,80,2917,0.000292,0.003959,0.0,0.00575,0.010791,0.010791
baseline,Baseline session authorization,80,2918,0.000333,0.004042,0.0,0.005792,0.010875,0.010875
baseline,Baseline session authorization,80,2919,0.000292,0.00375,0.0,0.005792,0.010625,0.010625
baseline,Baseline session authorization,80,2920,0.000333,0.003875,0.0,0.005667,0.010667,0.010667
baseline,Baseline session authorization,80,2921,0.000292,0.003917,0.0,0.00575,0.010791,0.010791
baseline,Baseline session authorization,80,2922,0.000291,0.003833,0.0,0.005792,0.010708,0.010708
baseline,Baseline session authorization,80,2923,0.000291,0.004041,0.0,0.005875,0.011,0.011
baseline,Baseline session authorization,80,2924,0.000334,0.003792,0.0,0.005667,0.010583,0.010583
baseline,Baseline session authorization,80,2925,0.000333,0.003959,0.0,0.005791,0.010833,0.010833
baseline,Baseline session authorization,80,2926,0.000291,0.005167,0.0,0.005833,0.012125,0.012125
baseline,Baseline session authorization,80,2927,0.001584,0.012292,0.0,0.011292,0.027583,0.027583
baseline,Baseline session authorization,80,2928,0.000458,0.005375,0.0,0.006292,0.013042,0.013042
baseline,Baseline session authorization,80,2929,0.000375,0.004334,0.0,0.005958,0.011417,0.011417
baseline,Baseline session authorization,80,2930,0.000333,0.004,0.0,0.005875,0.011,0.011
baseline,Baseline session authorization,80,2931,0.000375,0.003958,0.0,0.005791,0.010917,0.010917
baseline,Baseline session authorization,80,2932,0.000417,0.003875,0.0,0.005791,0.010959,0.010959
baseline,Baseline session authorization,80,2933,0.000333,0.007625,0.0,0.006,0.014792,0.014792
baseline,Baseline session authorization,80,2934,0.000292,0.003875,0.0,0.005875,0.010833,0.010833
baseline,Baseline session authorization,80,2935,0.000334,0.003875,0.0,0.005834,0.010791,0.010791
baseline,Baseline session authorization,80,2936,0.000333,0.003834,0.0,0.005792,0.010792,0.010792
baseline,Baseline session authorization,80,2937,0.000334,0.003834,0.0,0.00575,0.010666,0.010666
baseline,Baseline session authorization,80,2938,0.000291,0.003875,0.0,0.005917,0.010833,0.010833
baseline,Baseline session authorization,80,2939,0.000333,0.003875,0.0,0.005916,0.010917,0.010917
baseline,Baseline session authorization,80,2940,0.000584,0.004916,0.0,0.006791,0.01325,0.01325
baseline,Baseline session authorization,80,2941,0.000375,0.004042,0.0,0.005958,0.011167,0.011167
baseline,Baseline session authorization,80,2942,0.000334,0.003917,0.0,0.005916,0.011042,0.011042
baseline,Baseline session authorization,80,2943,0.000333,0.004,0.0,0.005916,0.011042,0.011042
baseline,Baseline session authorization,80,2944,0.000333,0.004,0.0,0.005834,0.011042,0.011042
baseline,Baseline session authorization,80,2945,0.000375,0.003916,0.0,0.005834,0.010916,0.010916
baseline,Baseline session authorization,80,2946,0.000375,0.003875,0.0,0.005833,0.010834,0.010834
baseline,Baseline session authorization,80,2947,0.000333,0.006125,0.0,0.006083,0.013375,0.013375
baseline,Baseline session authorization,80,2948,0.000334,0.004,0.0,0.005834,0.010916,0.010916
baseline,Baseline session authorization,80,2949,0.000292,0.003875,0.0,0.005792,0.010833,0.010833
baseline,Baseline session authorization,80,2950,0.000292,0.003917,0.0,0.005834,0.010875,0.010875
baseline,Baseline session authorization,80,2951,0.000333,0.003875,0.0,0.005875,0.010958,0.010958
baseline,Baseline session authorization,80,2952,0.000291,0.004041,0.0,0.005875,0.011084,0.011084
baseline,Baseline session authorization,80,2953,0.000333,0.003875,0.0,0.005833,0.010875,0.010875
baseline,Baseline session authorization,80,2954,0.000333,0.003958,0.0,0.005833,0.010959,0.010959
baseline,Baseline session authorization,80,2955,0.000333,0.003875,0.0,0.005833,0.010875,0.010875
baseline,Baseline session authorization,80,2956,0.000292,0.003917,0.0,0.005833,0.010875,0.010875
baseline,Baseline session authorization,80,2957,0.000333,0.004041,0.0,0.005833,0.010959,0.010959
baseline,Baseline session authorization,80,2958,0.000333,0.004,0.0,0.005917,0.011,0.011
baseline,Baseline session authorization,80,2959,0.000333,0.004083,0.0,0.005875,0.011125,0.011125
baseline,Baseline session authorization,80,2960,0.000417,0.005708,0.0,0.006125,0.013084,0.013084
poia_webauthn,PoIA with WebAuthn,80,1,0.001875,0.022041,1.989166,0.127167,2.142792,5502.142792
poia_webauthn,PoIA with WebAuthn,80,2,0.001709,0.01825,1.138708,0.367,1.528292,5501.528292
poia_webauthn,PoIA with WebAuthn,80,3,0.00225,0.022458,0.067042,0.33625,0.431041,5500.431041
poia_webauthn,PoIA with WebAuthn,80,4,0.002417,0.022375,0.072542,0.304416,0.404708,5500.404708
poia_webauthn,PoIA with WebAuthn,80,5,0.001958,0.017959,1.841458,0.151584,2.0155,5502.0155
poia_webauthn,PoIA with WebAuthn,80,6,0.0025,0.025375,0.071291,0.120958,0.222667,5500.222667
poia_webauthn,PoIA with WebAuthn,80,7,0.001792,0.017958,0.05625,0.117375,0.195125,5500.195125
poia_webauthn,PoIA with WebAuthn,80,8,0.002417,0.023166,0.070292,0.2335,0.332167,5500.332167
poia_webauthn,PoIA with WebAuthn,80,9,0.001709,0.017791,2.287709,0.1365,2.446375,5502.446375
poia_webauthn,PoIA with WebAuthn,80,10,0.0015,0.017875,2.386708,3.456542,5.864959,5505.864959
poia_webauthn,PoIA with WebAuthn,80,11,0.002083,0.022125,1.586083,0.145041,1.758083,5501.758083
poia_webauthn,PoIA with WebAuthn,80,12,0.001875,0.017625,1.929125,0.127375,2.078417,5502.078417
poia_webauthn,PoIA with WebAuthn,80,13,0.001917,0.021708,1.1655,0.131625,1.323458,5501.323458
poia_webauthn,PoIA with WebAuthn,80,14,0.001708,0.017625,1.774375,3.651917,5.448667,5505.448667
poia_webauthn,PoIA with WebAuthn,80,15,0.001542,0.017833,1.281584,0.127167,1.430625,5501.430625
poia_webauthn,PoIA with WebAuthn,80,16,0.001667,0.017959,1.456083,0.1315,1.609625,5501.609625
poia_webauthn,PoIA with WebAuthn,80,17,0.002375,0.022167,0.186583,0.378834,0.593416,5500.593416
poia_webauthn,PoIA with WebAuthn,80,18,0.001792,0.021584,1.361125,0.132375,1.519458,5501.519458
poia_webauthn,PoIA with WebAuthn,80,19,0.001667,0.01825,0.967,0.1305,1.119875,5501.119875
poia_webauthn,PoIA with WebAuthn,80,20,0.002167,0.037458,2.015791,0.13325,2.1915,5502.1915
poia_webauthn,PoIA with WebAuthn,80,21,0.001625,0.018292,1.746459,1.506375,3.275791,5503.275791
poia_webauthn,PoIA with WebAuthn,80,22,0.001875,0.017792,13.821583,0.1185,13.961625,5513.961625
poia_webauthn,PoIA with WebAuthn,80,23,0.002584,0.023625,0.072042,0.12225,0.222959,5500.222959
poia_webauthn,PoIA with WebAuthn,80,24,0.001584,0.01775,3.133584,0.127667,3.283166,5503.283166
poia_webauthn,PoIA with WebAuthn,80,25,0.00175,0.019,4.177,0.135334,4.335709,5504.335709
poia_webauthn,PoIA with WebAuthn,80,26,0.002375,0.022458,0.071958,0.308916,0.408708,5500.408708
poia_webauthn,PoIA with WebAuthn,80,27,0.002083,0.021833,1.186417,0.144625,1.357666,5501.357666
poia_webauthn,PoIA with WebAuthn,80,28,0.002459,0.028334,0.20175,0.413125,0.649,5500.649
poia_webauthn,PoIA with WebAuthn,80,29,0.00175,0.01775,5.378375,0.134542,5.534916,5505.534916
poia_webauthn,PoIA with WebAuthn,80,30,0.001625,0.017708,1.256,0.1455,1.423459,5501.423459
poia_webauthn,PoIA with WebAuthn,80,31,0.002333,0.025958,0.213667,0.157417,0.4025,5500.4025
poia_webauthn,PoIA with WebAuthn,80,32,0.001917,0.0235,2.285542,4.320333,6.634625,5506.634625
poia_webauthn,PoIA with WebAuthn,80,33,0.001542,0.018167,1.948875,0.127625,2.098708,5502.098708
poia_webauthn,PoIA with WebAuthn,80,34,0.002333,0.022458,0.643709,0.397458,1.069417,5501.069417
poia_webauthn,PoIA with WebAuthn,80,35,0.002416,0.022333,0.641125,0.131125,0.799916,5500.799916
poia_webauthn,PoIA with WebAuthn,80,36,0.002041,0.021875,1.906417,0.136,2.069042,5502.069042
poia_webauthn,PoIA with WebAuthn,80,37,0.001792,0.017917,1.554125,1.831958,3.408208,5503.408208
poia_webauthn,PoIA with WebAuthn,80,38,0.001333,0.028834,1.946375,0.138875,2.118208,5502.118208
poia_webauthn,PoIA with WebAuthn,80,39,0.001708,0.017875,5.467625,0.132709,5.622458,5505.622458
poia_webauthn,PoIA with WebAuthn,80,40,0.001625,0.017875,1.232875,1.401208,2.656708,5502.656708
poia_webauthn,PoIA with WebAuthn,80,41,0.002083,0.021834,0.061083,2.471958,2.5595,5502.5595
poia_webauthn,PoIA with WebAuthn,80,42,0.002208,0.0255,1.421709,0.133166,1.585334,5501.585334
poia_webauthn,PoIA with WebAuthn,80,43,0.00225,0.022084,1.911208,0.131333,2.069833,5502.069833
poia_webauthn,PoIA with WebAuthn,80,44,0.001417,0.017708,2.636167,13.102417,15.760583,5515.760583
poia_webauthn,PoIA with WebAuthn,80,45,0.002458,0.022416,0.781583,0.32225,1.132125,5501.132125
poia_webauthn,PoIA with WebAuthn,80,46,0.002375,0.022541,0.30875,0.141333,0.478,5500.478
poia_webauthn,PoIA with WebAuthn,80,47,0.002,0.02175,1.959416,0.132166,2.117542,5502.117542
poia_webauthn,PoIA with WebAuthn,80,48,0.001791,0.0185,3.096792,0.116041,3.234959,5503.234959
poia_webauthn,PoIA with WebAuthn,80,49,0.002125,0.022166,1.297209,0.135708,1.459791,5501.459791
poia_webauthn,PoIA with WebAuthn,80,50,0.002084,0.021458,0.060959,0.1235,0.209875,5500.209875
poia_webauthn,PoIA with WebAuthn,80,51,0.001458,0.017708,1.925,2.2005,4.147833,5504.147833
poia_webauthn,PoIA with WebAuthn,80,52,0.001791,0.017625,0.055917,0.114125,0.191292,5500.191292
poia_webauthn,PoIA with WebAuthn,80,53,0.001833,0.018125,1.467458,0.13075,1.620625,5501.620625
poia_webauthn,PoIA with WebAuthn,80,54,0.001959,0.02175,2.557667,0.140125,2.724042,5502.724042
poia_webauthn,PoIA with WebAuthn,80,55,0.00175,0.018209,1.546584,1.693167,3.26275,5503.26275
poia_webauthn,PoIA with WebAuthn,80,56,0.001916,0.017708,2.556334,2.802708,5.38175,5505.38175
poia_webauthn,PoIA with WebAuthn,80,57,0.00225,0.027583,4.457042,0.134333,4.624167,5504.624167
poia_webauthn,PoIA with WebAuthn,80,58,0.002458,0.02275,0.303916,0.161084,0.493125,5500.493125
poia_webauthn,PoIA with WebAuthn,80,59,0.002416,0.027083,1.670375,1.624375,3.33775,5503.33775
poia_webauthn,PoIA with WebAuthn,80,60,0.002083,0.021583,1.925417,1.904875,3.857209,5503.857209
poia_webauthn,PoIA with WebAuthn,80,61,0.002417,0.0225,0.253875,0.319083,0.601333,5500.601333
poia_webauthn,PoIA with WebAuthn,80,62,0.001958,0.02225,1.704125,1.686875,3.418417,5503.418417
poia_webauthn,PoIA with WebAuthn,80,63,0.002291,0.022459,2.012375,0.147291,2.186834,5502.186834
poia_webauthn,PoIA with WebAuthn,80,64,0.002084,0.022208,1.162459,7.684208,8.874083,5508.874083
poia_webauthn,PoIA with WebAuthn,80,65,0.002083,0.023333,5.537584,0.133875,5.6995,5505.6995
poia_webauthn,PoIA with WebAuthn,80,66,0.002334,0.022291,0.206542,0.557167,0.791875,5500.791875
poia_webauthn,PoIA with WebAuthn,80,67,0.002166,0.022125,2.004792,0.131875,2.163417,5502.163417
poia_webauthn,PoIA with WebAuthn,80,68,0.001791,0.017958,5.329959,0.137458,5.489708,5505.489708
poia_webauthn,PoIA with WebAuthn,80,69,0.00575,0.024292,0.38625,0.561458,0.98125,5500.98125
poia_webauthn,PoIA with WebAuthn,80,70,0.001958,0.0445,6.295792,0.137958,6.483,5506.483
poia_webauthn,PoIA with WebAuthn,80,71,0.001875,0.018292,1.982875,2.282125,4.288208,5504.288208
poia_webauthn,PoIA with WebAuthn,80,72,0.001834,0.017708,3.911042,0.131375,4.0645,5504.0645
poia_webauthn,PoIA with WebAuthn,80,73,0.001708,0.017542,1.562083,0.129042,1.712875,5501.712875
poia_webauthn,PoIA with WebAuthn,80,74,0.002417,0.025708,0.090875,1.194291,1.316417,5501.316417
poia_webauthn,PoIA with WebAuthn,80,75,0.002375,0.022,0.070625,0.311125,0.409042,5500.409042
poia_webauthn,PoIA with WebAuthn,80,76,0.002,0.019083,2.186542,2.294459,4.505125,5504.505125
poia_webauthn,PoIA with WebAuthn,80,77,0.001625,0.01825,1.08775,0.977958,2.088792,5502.088792
poia_webauthn,PoIA with WebAuthn,80,78,0.002417,0.022833,0.224709,0.147583,0.4005,5500.4005
poia_webauthn,PoIA with WebAuthn,80,79,0.00175,0.018,1.265833,0.135208,1.423334,5501.423334
poia_webauthn,PoIA with WebAuthn,80,80,0.002583,0.023125,0.226917,0.133958,0.389542,5500.389542
poia_webauthn,PoIA with WebAuthn,80,81,0.0025,0.092875,2.484292,0.127583,2.714167,5502.714167
poia_webauthn,PoIA with WebAuthn,80,82,0.001875,0.018792,1.751292,16.2325,18.008167,5518.008167
poia_webauthn,PoIA with WebAuthn,80,83,0.001792,0.017917,2.384416,0.133833,2.540666,5502.540666
poia_webauthn,PoIA with WebAuthn,80,84,0.00175,0.017959,1.561125,0.128667,1.711917,5501.711917
poia_webauthn,PoIA with WebAuthn,80,85,0.001959,0.024666,14.769375,0.118875,14.917333,5514.917333
poia_webauthn,PoIA with WebAuthn,80,86,0.001792,0.018208,1.6515,0.135083,1.809042,5501.809042
poia_webauthn,PoIA with WebAuthn,80,87,0.001791,0.018375,1.561875,0.127667,1.712208,5501.712208
poia_webauthn,PoIA with WebAuthn,80,88,0.001875,0.018666,1.413292,0.12725,1.563625,5501.563625
poia_webauthn,PoIA with WebAuthn,80,89,0.002416,0.026333,4.177583,1.696542,5.906542,5505.906542
poia_webauthn,PoIA with WebAuthn,80,90,0.001917,0.022292,1.354667,0.137708,1.519042,5501.519042
poia_webauthn,PoIA with WebAuthn,80,91,0.001666,0.017959,3.14775,0.135875,3.305708,5503.305708
poia_webauthn,PoIA with WebAuthn,80,92,0.001792,0.017833,2.236417,2.119166,4.378208,5504.378208
poia_webauthn,PoIA with WebAuthn,80,93,0.0025,0.022458,0.275583,0.437125,0.740875,5500.740875
poia_webauthn,PoIA with WebAuthn,80,94,0.002458,0.02275,0.236334,0.525292,0.790291,5500.790291
poia_webauthn,PoIA with WebAuthn,80,95,0.002417,0.022625,2.401542,0.134375,2.564209,5502.564209
poia_webauthn,PoIA with WebAuthn,80,96,0.002334,0.022291,0.223666,0.131875,0.382959,5500.382959
poia_webauthn,PoIA with WebAuthn,80,97,0.001666,0.018042,1.501,0.128125,1.65125,5501.65125
poia_webauthn,PoIA with WebAuthn,80,98,0.002083,0.019292,4.337792,2.132166,6.494625,5506.494625
poia_webauthn,PoIA with WebAuthn,80,99,0.002041,0.021583,1.242792,0.130208,1.399125,5501.399125
poia_webauthn,PoIA with WebAuthn,80,100,0.001583,0.018292,0.907292,0.999958,1.930166,5501.930166
poia_webauthn,PoIA with WebAuthn,80,101,0.001958,0.022209,1.697708,0.133042,1.857583,5501.857583
poia_webauthn,PoIA with WebAuthn,80,102,0.001875,0.021833,4.043125,0.131667,4.200958,5504.200958
poia_webauthn,PoIA with WebAuthn,80,103,0.002167,0.022125,1.134125,0.127791,1.288916,5501.288916
poia_webauthn,PoIA with WebAuthn,80,104,0.001875,0.017625,3.94375,0.134375,4.112417,5504.112417
poia_webauthn,PoIA with WebAuthn,80,105,0.012875,0.019167,1.272208,0.147625,1.4545,5501.4545
poia_webauthn,PoIA with WebAuthn,80,106,0.001959,0.023208,2.723167,0.133167,2.884083,5502.884083
poia_webauthn,PoIA with WebAuthn,80,107,0.002292,0.022,0.068375,0.309958,0.405542,5500.405542
poia_webauthn,PoIA with WebAuthn,80,108,0.001958,0.01925,1.680584,0.137667,1.842291,5501.842291
poia_webauthn,PoIA with WebAuthn,80,109,0.00225,0.025791,4.625583,0.135084,4.79175,5504.79175
poia_webauthn,PoIA with WebAuthn,80,110,0.002708,0.02325,0.224875,0.131375,0.385083,5500.385083
poia_webauthn,PoIA with WebAuthn,80,111,0.001833,0.018041,19.554292,0.142,19.718833,5519.718833
poia_webauthn,PoIA with WebAuthn,80,112,0.001917,0.021875,1.076167,0.137917,1.240458,5501.240458
poia_webauthn,PoIA with WebAuthn,80,113,0.002416,0.022583,0.100083,0.346125,0.474583,5500.474583
poia_webauthn,PoIA with WebAuthn,80,114,0.001792,0.018208,0.994833,2.010292,3.028208,5503.028208
poia_webauthn,PoIA with WebAuthn,80,115,0.001625,0.01825,1.516375,0.118625,1.656959,5501.656959
poia_webauthn,PoIA with WebAuthn,80,116,0.001625,0.017917,0.055708,1.58425,1.661875,5501.661875
poia_webauthn,PoIA with WebAuthn,80,117,0.00175,0.01775,1.025792,0.131083,1.178917,5501.178917
poia_webauthn,PoIA with WebAuthn,80,118,0.001625,0.030125,3.116833,0.13225,3.2835,5503.2835
poia_webauthn,PoIA with WebAuthn,80,119,0.00125,0.017583,1.414917,8.157875,9.594708,5509.594708
poia_webauthn,PoIA with WebAuthn,80,120,0.00175,0.017917,1.859791,0.14575,2.027916,5502.027916
poia_webauthn,PoIA with WebAuthn,80,121,0.001792,0.018084,1.065417,0.132458,1.220208,5501.220208
poia_webauthn,PoIA with WebAuthn,80,122,0.002125,0.021625,2.470959,0.131125,2.6285,5502.6285
poia_webauthn,PoIA with WebAuthn,80,123,0.002375,0.023291,0.28025,0.330709,0.639917,5500.639917
poia_webauthn,PoIA with WebAuthn,80,124,0.001458,0.018042,1.974583,9.38925,11.385667,5511.385667
poia_webauthn,PoIA with WebAuthn,80,125,0.001625,0.017459,1.968833,1.923042,3.913584,5503.913584
poia_webauthn,PoIA with WebAuthn,80,126,0.002416,0.021625,0.196542,0.130625,0.354,5500.354
poia_webauthn,PoIA with WebAuthn,80,127,0.002333,0.025625,4.058958,3.387458,7.478083,5507.478083
poia_webauthn,PoIA with WebAuthn,80,128,0.002791,0.025166,1.079083,1.206584,2.317208,5502.317208
poia_webauthn,PoIA with WebAuthn,80,129,0.002375,0.023792,1.922958,0.134167,2.086,5502.086
poia_webauthn,PoIA with WebAuthn,80,130,0.001958,0.022084,1.444708,0.131917,1.60325,5501.60325
poia_webauthn,PoIA with WebAuthn,80,131,0.002083,0.0185,3.11725,0.130041,3.270417,5503.270417
poia_webauthn,PoIA with WebAuthn,80,132,0.002375,0.023042,0.247083,0.317334,0.593333,5500.593333
poia_webauthn,PoIA with WebAuthn,80,133,0.00225,0.022,0.305375,0.250625,0.58375,5500.58375
poia_webauthn,PoIA with WebAuthn,80,134,0.001792,0.017583,1.441208,0.130291,1.593291,5501.593291
poia_webauthn,PoIA with WebAuthn,80,135,0.002375,0.023167,0.269583,0.14725,0.445375,5500.445375
poia_webauthn,PoIA with WebAuthn,80,136,0.002083,0.024166,2.703458,7.399334,10.13225,5510.13225
poia_webauthn,PoIA with WebAuthn,80,137,0.001833,0.017959,4.235,1.709208,5.967042,5505.967042
poia_webauthn,PoIA with WebAuthn,80,138,0.002458,0.022208,0.260292,0.323916,0.612625,5500.612625
poia_webauthn,PoIA with WebAuthn,80,139,0.001625,0.017708,4.862459,0.13025,5.014791,5505.014791
poia_webauthn,PoIA with WebAuthn,80,140,0.00175,0.028709,2.535833,0.133334,2.70225,5502.70225
poia_webauthn,PoIA with WebAuthn,80,141,0.002291,0.022,0.070291,0.307125,0.404792,5500.404792
poia_webauthn,PoIA with WebAuthn,80,142,0.002167,0.022291,3.892042,0.131625,4.050834,5504.050834
poia_webauthn,PoIA with WebAuthn,80,143,0.001875,0.017916,2.099917,0.135375,2.257583,5502.257583
poia_webauthn,PoIA with WebAuthn,80,144,0.002166,0.021833,0.069916,0.135333,0.23175,5500.23175
poia_webauthn,PoIA with WebAuthn,80,145,0.001625,0.018333,12.4195,0.136416,12.578459,5512.578459
poia_webauthn,PoIA with WebAuthn,80,146,0.002458,0.023084,0.3415,0.35475,0.725375,5500.725375
poia_webauthn,PoIA with WebAuthn,80,147,0.001833,0.021458,2.516417,0.132167,2.674458,5502.674458
poia_webauthn,PoIA with WebAuthn,80,148,0.002208,0.022375,1.581875,0.131584,1.740667,5501.740667
poia_webauthn,PoIA with WebAuthn,80,149,0.002125,0.022041,1.563542,0.1315,1.721916,5501.721916
poia_webauthn,PoIA with WebAuthn,80,150,0.00175,0.034458,2.123667,0.131583,2.294292,5502.294292
poia_webauthn,PoIA with WebAuthn,80,151,0.001833,0.017916,2.180417,0.12825,2.330958,5502.330958
poia_webauthn,PoIA with WebAuthn,80,152,0.001667,0.017833,1.29425,0.120083,1.435625,5501.435625
poia_webauthn,PoIA with WebAuthn,80,153,0.001916,0.021875,1.207459,0.136208,1.370084,5501.370084
poia_webauthn,PoIA with WebAuthn,80,154,0.001833,0.018292,1.599417,0.132125,1.754125,5501.754125
poia_webauthn,PoIA with WebAuthn,80,155,0.0015,0.017417,2.652125,0.130166,2.803625,5502.803625
poia_webauthn,PoIA with WebAuthn,80,156,0.0015,0.018,2.875625,0.134375,3.032083,5503.032083
poia_webauthn,PoIA with WebAuthn,80,157,0.002292,0.025083,0.076209,0.323875,0.430709,5500.430709
poia_webauthn,PoIA with WebAuthn,80,158,0.001416,0.018,1.964125,1.796,3.782583,5503.782583
poia_webauthn,PoIA with WebAuthn,80,159,0.001791,0.021292,3.084,0.977459,4.087709,5504.087709
poia_webauthn,PoIA with WebAuthn,80,160,0.002083,0.022334,0.0615,0.120583,0.208417,5500.208417
poia_webauthn,PoIA with WebAuthn,80,161,0.001917,0.018208,1.990625,0.131791,2.145125,5502.145125
poia_webauthn,PoIA with WebAuthn,80,162,0.001666,0.01825,4.685959,0.1325,4.841084,5504.841084
poia_webauthn,PoIA with WebAuthn,80,163,0.001958,0.018334,4.122042,0.128375,4.273292,5504.273292
poia_webauthn,PoIA with WebAuthn,80,164,0.001667,0.018375,1.835209,2.167708,4.026208,5504.026208
poia_webauthn,PoIA with WebAuthn,80,165,0.001917,0.021292,1.647125,0.134625,1.80775,5501.80775
poia_webauthn,PoIA with WebAuthn,80,166,0.001458,0.017625,1.931916,0.342959,2.296459,5502.296459
poia_webauthn,PoIA with WebAuthn,80,167,0.002542,0.026583,1.685167,0.132333,1.84925,5501.84925
poia_webauthn,PoIA with WebAuthn,80,168,0.001667,0.018,9.909584,0.1285,10.060083,5510.060083
poia_webauthn,PoIA with WebAuthn,80,169,0.00225,0.02375,1.489792,0.128083,1.646459,5501.646459
poia_webauthn,PoIA with WebAuthn,80,170,0.002,0.021708,0.083583,0.119083,0.228417,5500.228417
poia_webauthn,PoIA with WebAuthn,80,171,0.001666,0.017958,4.653459,0.131459,4.807125,5504.807125
poia_webauthn,PoIA with WebAuthn,80,172,0.002333,0.022333,0.079542,0.136459,0.243125,5500.243125
poia_webauthn,PoIA with WebAuthn,80,173,0.002041,0.022333,3.266792,3.170667,6.464708,5506.464708
poia_webauthn,PoIA with WebAuthn,80,174,0.001917,0.018208,0.956875,0.128417,1.107875,5501.107875
poia_webauthn,PoIA with WebAuthn,80,175,0.001625,0.017791,3.283667,6.027125,9.333375,5509.333375
poia_webauthn,PoIA with WebAuthn,80,176,0.002375,0.02275,0.070125,0.34775,0.446041,5500.446041
poia_webauthn,PoIA with WebAuthn,80,177,0.001708,0.017875,2.516625,3.734958,6.274167,5506.274167
poia_webauthn,PoIA with WebAuthn,80,178,0.002209,0.022542,1.936333,1.321583,3.286,5503.286
poia_webauthn,PoIA with WebAuthn,80,179,0.001791,0.017542,1.890583,0.350208,2.262667,5502.262667
poia_webauthn,PoIA with WebAuthn,80,180,0.001666,0.017833,1.263583,0.144208,1.430125,5501.430125
poia_webauthn,PoIA with WebAuthn,80,181,0.001875,0.017625,4.791334,0.131375,4.94475,5504.94475
poia_webauthn,PoIA with WebAuthn,80,182,0.002333,0.022334,0.0705,0.316708,0.414958,5500.414958
poia_webauthn,PoIA with WebAuthn,80,183,0.002375,0.028042,0.073125,0.122667,0.228625,5500.228625
poia_webauthn,PoIA with WebAuthn,80,184,0.002125,0.021708,0.069417,0.319042,0.415292,5500.415292
poia_webauthn,PoIA with WebAuthn,80,185,0.001791,0.02225,1.397166,0.167875,1.591667,5501.591667
poia_webauthn,PoIA with WebAuthn,80,186,0.001958,0.021625,0.791458,1.076708,1.894166,5501.894166
poia_webauthn,PoIA with WebAuthn,80,187,0.002083,0.023375,3.966917,1.757708,5.752667,5505.752667
poia_webauthn,PoIA with WebAuthn,80,188,0.001792,0.021209,1.653958,1.777791,3.457916,5503.457916
poia_webauthn,PoIA with WebAuthn,80,189,0.001833,0.021209,2.057,0.131,2.213666,5502.213666
poia_webauthn,PoIA with WebAuthn,80,190,0.001958,0.018291,1.578042,0.144667,1.7455,5501.7455
poia_webauthn,PoIA with WebAuthn,80,191,0.002041,0.021959,4.663875,0.114334,4.804209,5504.804209
poia_webauthn,PoIA with WebAuthn,80,192,0.001459,0.0175,1.249542,0.982042,2.252833,5502.252833
poia_webauthn,PoIA with WebAuthn,80,193,0.002458,0.022584,0.067458,0.326708,0.42225,5500.42225
poia_webauthn,PoIA with WebAuthn,80,194,0.002708,0.023417,0.378417,0.263875,0.671792,5500.671792
poia_webauthn,PoIA with WebAuthn,80,195,0.001667,0.017583,1.18975,11.634917,12.846917,5512.846917
poia_webauthn,PoIA with WebAuthn,80,196,0.002125,0.024625,0.797375,0.128458,0.955125,5500.955125
poia_webauthn,PoIA with WebAuthn,80,197,0.001625,0.01775,3.514334,0.15025,3.686625,5503.686625
poia_webauthn,PoIA with WebAuthn,80,198,0.001834,0.017625,1.430958,4.680542,6.132958,5506.132958
poia_webauthn,PoIA with WebAuthn,80,199,0.001792,0.0185,2.1835,0.136167,2.342459,5502.342459
poia_webauthn,PoIA with WebAuthn,80,200,0.001875,0.017875,2.059834,0.134458,2.216625,5502.216625
poia_webauthn,PoIA with WebAuthn,80,201,0.001958,0.021959,1.395125,0.131291,1.552917,5501.552917
poia_webauthn,PoIA with WebAuthn,80,202,0.001708,0.018208,4.628416,0.131458,4.782291,5504.782291
poia_webauthn,PoIA with WebAuthn,80,203,0.002,0.021709,2.4745,1.40175,3.903084,5503.903084
poia_webauthn,PoIA with WebAuthn,80,204,0.001792,0.018125,1.065292,0.130459,1.21825,5501.21825
poia_webauthn,PoIA with WebAuthn,80,205,0.001875,0.018292,0.056792,6.137041,6.21625,5506.21625
poia_webauthn,PoIA with WebAuthn,80,206,0.002291,0.022125,0.070292,0.310458,0.408125,5500.408125
poia_webauthn,PoIA with WebAuthn,80,207,0.00225,0.022041,0.071666,0.353375,0.452458,5500.452458
poia_webauthn,PoIA with WebAuthn,80,208,0.001584,0.01775,2.1455,0.131542,2.298916,5502.298916
poia_webauthn,PoIA with WebAuthn,80,209,0.002083,0.022625,3.363167,3.097416,6.48825,5506.48825
poia_webauthn,PoIA with WebAuthn,80,210,0.002417,0.022458,0.070125,0.139625,0.237167,5500.237167
poia_webauthn,PoIA with WebAuthn,80,211,0.002209,0.023209,1.940792,7.076792,9.045958,5509.045958
poia_webauthn,PoIA with WebAuthn,80,212,0.001667,0.017917,1.598084,0.131125,1.751334,5501.751334
poia_webauthn,PoIA with WebAuthn,80,213,0.001541,0.01775,3.246,0.145959,3.413708,5503.413708
poia_webauthn,PoIA with WebAuthn,80,214,0.002375,0.022875,0.340583,0.756,1.125417,5501.125417
poia_webauthn,PoIA with WebAuthn,80,215,0.002042,0.021792,2.665083,0.131208,2.822708,5502.822708
poia_webauthn,PoIA with WebAuthn,80,216,0.002083,0.026458,0.829417,0.131792,0.992833,5500.992833
poia_webauthn,PoIA with WebAuthn,80,217,0.001625,0.018666,1.428791,1.688166,3.14025,5503.14025
poia_webauthn,PoIA with WebAuthn,80,218,0.001833,0.0175,1.987208,2.167291,4.177084,5504.177084
poia_webauthn,PoIA with WebAuthn,80,219,0.001959,0.022333,1.33275,0.13125,1.490875,5501.490875
poia_webauthn,PoIA with WebAuthn,80,220,0.002375,0.022167,0.070667,0.317375,0.415667,5500.415667
poia_webauthn,PoIA with WebAuthn,80,221,0.001709,0.017959,2.0135,0.131416,2.167125,5502.167125
poia_webauthn,PoIA with WebAuthn,80,222,0.002416,0.026417,0.071084,0.120417,0.222791,5500.222791
poia_webauthn,PoIA with WebAuthn,80,223,0.003291,0.052375,6.215084,2.242417,8.517542,5508.517542
poia_webauthn,PoIA with WebAuthn,80,224,0.0025,0.026,0.215292,0.661291,0.908541,5500.908541
poia_webauthn,PoIA with WebAuthn,80,225,0.002042,0.021625,1.803791,2.061083,3.891584,5503.891584
poia_webauthn,PoIA with WebAuthn,80,226,0.001833,0.018208,1.451542,0.130917,1.605042,5501.605042
poia_webauthn,PoIA with WebAuthn,80,227,0.002459,0.022708,0.420666,0.448583,0.898042,5500.898042
poia_webauthn,PoIA with WebAuthn,80,228,0.002125,0.022125,1.556125,0.13975,1.722791,5501.722791
poia_webauthn,PoIA with WebAuthn,80,229,0.001875,0.018042,2.556625,0.138291,2.71725,5502.71725
poia_webauthn,PoIA with WebAuthn,80,230,0.001834,0.017916,1.226792,1.3255,2.575125,5502.575125
poia_webauthn,PoIA with WebAuthn,80,231,0.002084,0.022,2.23025,0.144292,2.401208,5502.401208
poia_webauthn,PoIA with WebAuthn,80,232,0.002333,0.026042,2.784542,0.130542,2.946583,5502.946583
poia_webauthn,PoIA with WebAuthn,80,233,0.0015,0.017625,0.052833,9.613917,9.687833,5509.687833
poia_webauthn,PoIA with WebAuthn,80,234,0.001708,0.017667,4.695,0.132375,4.848792,5504.848792
poia_webauthn,PoIA with WebAuthn,80,235,0.001583,0.018333,0.808084,0.135375,0.965917,5500.965917
poia_webauthn,PoIA with WebAuthn,80,236,0.0015,0.017917,6.483916,2.384542,8.890875,5508.890875
poia_webauthn,PoIA with WebAuthn,80,237,0.002375,0.022625,2.192375,0.130834,2.351291,5502.351291
poia_webauthn,PoIA with WebAuthn,80,238,0.001916,0.017917,0.403416,0.147834,0.573625,5500.573625
poia_webauthn,PoIA with WebAuthn,80,239,0.00175,0.01775,2.230042,1.941875,4.193791,5504.193791
poia_webauthn,PoIA with WebAuthn,80,240,0.002583,0.022625,0.2695,0.444542,0.742792,5500.742792
poia_webauthn,PoIA with WebAuthn,80,241,0.002209,0.026458,5.322167,2.898084,8.2525,5508.2525
poia_webauthn,PoIA with WebAuthn,80,242,0.001875,0.018084,2.05525,0.135041,2.212875,5502.212875
poia_webauthn,PoIA with WebAuthn,80,243,0.001958,0.017833,0.056625,0.119708,0.198,5500.198
poia_webauthn,PoIA with WebAuthn,80,244,0.00175,0.017833,2.338667,0.120542,2.480667,5502.480667
poia_webauthn,PoIA with WebAuthn,80,245,0.001667,0.017833,2.217625,0.130875,2.370666,5502.370666
poia_webauthn,PoIA with WebAuthn,80,246,0.002375,0.023042,1.728875,0.131667,1.888792,5501.888792
poia_webauthn,PoIA with WebAuthn,80,247,0.001875,0.018125,1.941167,0.134625,2.0985,5502.0985
poia_webauthn,PoIA with WebAuthn,80,248,0.001708,0.0185,0.81625,0.131958,0.970834,5500.970834
poia_webauthn,PoIA with WebAuthn,80,249,0.002333,0.022917,0.212875,0.271542,0.513291,5500.513291
poia_webauthn,PoIA with WebAuthn,80,250,0.002416,0.022167,0.238583,0.3145,0.581,5500.581
poia_webauthn,PoIA with WebAuthn,80,251,0.002,0.021625,0.061,1.153375,1.2405,5501.2405
poia_webauthn,PoIA with WebAuthn,80,252,0.001834,0.018167,1.556208,0.135041,1.713791,5501.713791
poia_webauthn,PoIA with WebAuthn,80,253,0.001666,0.019792,1.71825,0.132584,1.874708,5501.874708
poia_webauthn,PoIA with WebAuthn,80,254,0.00175,0.017875,1.397792,0.144125,1.564084,5501.564084
poia_webauthn,PoIA with WebAuthn,80,255,0.002417,0.022334,0.225791,0.135,0.388375,5500.388375
poia_webauthn,PoIA with WebAuthn,80,256,0.001833,0.018083,12.29875,0.120625,12.441166,5512.441166
poia_webauthn,PoIA with WebAuthn,80,257,0.001625,0.017875,4.535541,0.131958,4.689375,5504.689375
poia_webauthn,PoIA with WebAuthn,80,258,0.002333,0.025,2.242125,0.130708,2.403125,5502.403125
poia_webauthn,PoIA with WebAuthn,80,259,0.002209,0.0225,1.304375,1.47425,2.806583,5502.806583
poia_webauthn,PoIA with WebAuthn,80,260,0.00175,0.018458,0.804333,0.133917,0.961083,5500.961083
poia_webauthn,PoIA with WebAuthn,80,261,0.001583,0.017708,1.273333,0.131584,1.42675,5501.42675
poia_webauthn,PoIA with WebAuthn,80,262,0.001417,0.017542,11.289375,2.193833,13.505084,5513.505084
poia_webauthn,PoIA with WebAuthn,80,263,0.002334,0.01875,1.9235,0.127833,2.075042,5502.075042
poia_webauthn,PoIA with WebAuthn,80,264,0.0025,0.022167,7.001,0.13325,7.162042,5507.162042
poia_webauthn,PoIA with WebAuthn,80,265,0.002292,0.022833,0.063625,0.125125,0.215958,5500.215958
poia_webauthn,PoIA with WebAuthn,80,266,0.001667,0.018041,2.172542,2.239208,4.434541,5504.434541
poia_webauthn,PoIA with WebAuthn,80,267,0.001792,0.017583,1.941667,0.132958,2.096417,5502.096417
poia_webauthn,PoIA with WebAuthn,80,268,0.001667,0.0175,4.918125,2.559,7.4995,5507.4995
poia_webauthn,PoIA with WebAuthn,80,269,0.002,0.022208,5.224,0.130958,5.381667,5505.381667
poia_webauthn,PoIA with WebAuthn,80,270,0.002416,0.025666,0.0665,0.140792,0.237958,5500.237958
poia_webauthn,PoIA with WebAuthn,80,271,0.001792,0.01775,1.844125,0.128542,1.994709,5501.994709
poia_webauthn,PoIA with WebAuthn,80,272,0.001625,0.018042,4.033167,0.142166,4.197541,5504.197541
poia_webauthn,PoIA with WebAuthn,80,273,0.002416,0.027041,0.38375,0.134417,0.5505,5500.5505
poia_webauthn,PoIA with WebAuthn,80,274,0.001458,0.018458,3.677917,0.139125,3.839875,5503.839875
poia_webauthn,PoIA with WebAuthn,80,275,0.001708,0.02175,2.213167,0.134125,2.373292,5502.373292
poia_webauthn,PoIA with WebAuthn,80,276,0.00225,0.021875,0.07125,0.309167,0.407458,5500.407458
poia_webauthn,PoIA with WebAuthn,80,277,0.001667,0.018041,1.560542,0.131417,1.714208,5501.714208
poia_webauthn,PoIA with WebAuthn,80,278,0.001833,0.018416,1.731917,0.132958,1.887708,5501.887708
poia_webauthn,PoIA with WebAuthn,80,279,0.00175,0.017875,1.649125,0.132541,1.803792,5501.803792
poia_webauthn,PoIA with WebAuthn,80,280,0.001959,0.022833,2.265875,2.05875,4.352625,5504.352625
poia_webauthn,PoIA with WebAuthn,80,281,0.001792,0.018459,1.563916,0.135458,1.722042,5501.722042
poia_webauthn,PoIA with WebAuthn,80,282,0.002209,0.022333,0.194875,0.25025,0.473083,5500.473083
poia_webauthn,PoIA with WebAuthn,80,283,0.00275,0.023083,0.336458,0.443334,0.809041,5500.809041
poia_webauthn,PoIA with WebAuthn,80,284,0.002375,0.022292,0.066125,0.321542,0.415625,5500.415625
poia_webauthn,PoIA with WebAuthn,80,285,0.00175,0.018083,1.604625,0.134417,1.761375,5501.761375
poia_webauthn,PoIA with WebAuthn,80,286,0.00225,0.022292,0.305208,0.473334,0.8065,5500.8065
poia_webauthn,PoIA with WebAuthn,80,287,0.001583,0.017667,1.317875,1.4755,2.815875,5502.815875
poia_webauthn,PoIA with WebAuthn,80,288,0.002125,0.023458,1.68375,0.137375,1.849458,5501.849458
poia_webauthn,PoIA with WebAuthn,80,289,0.001625,0.017792,1.310792,0.127584,1.460333,5501.460333
poia_webauthn,PoIA with WebAuthn,80,290,0.001916,0.022041,0.0615,0.120584,0.207917,5500.207917
poia_webauthn,PoIA with WebAuthn,80,291,0.001791,0.018125,0.922667,1.234958,2.180625,5502.180625
poia_webauthn,PoIA with WebAuthn,80,292,0.001292,0.01775,1.473084,0.127834,1.622458,5501.622458
poia_webauthn,PoIA with WebAuthn,80,293,0.001708,0.01825,2.518834,1.653708,4.195542,5504.195542
poia_webauthn,PoIA with WebAuthn,80,294,0.002375,0.022667,3.908208,0.135083,4.071708,5504.071708
poia_webauthn,PoIA with WebAuthn,80,295,0.00275,0.02775,0.500334,0.38875,0.923125,5500.923125
poia_webauthn,PoIA with WebAuthn,80,296,0.001625,0.018084,1.308,0.1345,1.46475,5501.46475
poia_webauthn,PoIA with WebAuthn,80,297,0.001916,0.021709,0.062,1.394667,1.482875,5501.482875
poia_webauthn,PoIA with WebAuthn,80,298,0.002375,0.022833,0.777667,0.411042,1.216667,5501.216667
poia_webauthn,PoIA with WebAuthn,80,299,0.001875,0.025083,2.801167,0.132792,2.963583,5502.963583
poia_webauthn,PoIA with WebAuthn,80,300,0.002416,0.023084,1.755083,0.1345,1.918209,5501.918209
poia_webauthn,PoIA with WebAuthn,80,301,0.002375,0.023083,0.290375,0.133583,0.452417,5500.452417
poia_webauthn,PoIA with WebAuthn,80,302,0.002583,0.022208,1.312292,0.1315,1.471625,5501.471625
poia_webauthn,PoIA with WebAuthn,80,303,0.002417,0.023833,2.271583,0.135,2.436042,5502.436042
poia_webauthn,PoIA with WebAuthn,80,304,0.001625,0.018125,1.947167,0.150084,2.1195,5502.1195
poia_webauthn,PoIA with WebAuthn,80,305,0.001583,0.017791,3.436417,0.142333,3.600875,5503.600875
poia_webauthn,PoIA with WebAuthn,80,306,0.002292,0.02225,0.06975,0.133917,0.230708,5500.230708
poia_webauthn,PoIA with WebAuthn,80,307,0.001791,0.017959,0.261166,0.12275,0.407125,5500.407125
poia_webauthn,PoIA with WebAuthn,80,308,0.002042,0.021708,0.061334,4.367542,4.455291,5504.455291
poia_webauthn,PoIA with WebAuthn,80,309,0.001875,0.017916,1.658792,0.1285,1.809417,5501.809417
poia_webauthn,PoIA with WebAuthn,80,310,0.001292,0.017959,1.5925,0.131292,1.745375,5501.745375
poia_webauthn,PoIA with WebAuthn,80,311,0.002541,0.024166,0.7545,0.95,1.735041,5501.735041
poia_webauthn,PoIA with WebAuthn,80,312,0.002,0.021541,4.388333,0.134042,4.5485,5504.5485
poia_webauthn,PoIA with WebAuthn,80,313,0.002291,0.0255,3.187917,5.153542,8.373,5508.373
poia_webauthn,PoIA with WebAuthn,80,314,0.001625,0.017792,4.032542,0.127958,4.182292,5504.182292
poia_webauthn,PoIA with WebAuthn,80,315,0.002375,0.022042,0.348542,0.131458,0.507208,5500.507208
poia_webauthn,PoIA with WebAuthn,80,316,0.002042,0.021209,2.045375,2.149333,4.220625,5504.220625
poia_webauthn,PoIA with WebAuthn,80,317,0.001666,0.017667,1.305416,3.103834,4.431708,5504.431708
poia_webauthn,PoIA with WebAuthn,80,318,0.001875,0.04025,1.116625,0.136375,1.298167,5501.298167
poia_webauthn,PoIA with WebAuthn,80,319,0.002417,0.022708,0.178334,0.14375,0.350125,5500.350125
poia_webauthn,PoIA with WebAuthn,80,320,0.002458,0.024875,1.650125,0.1575,1.83825,5501.83825
poia_webauthn,PoIA with WebAuthn,80,321,0.002209,0.022209,1.308208,0.13525,1.4705,5501.4705
poia_webauthn,PoIA with WebAuthn,80,322,0.002083,0.022042,1.681209,0.143959,1.852084,5501.852084
poia_webauthn,PoIA with WebAuthn,80,323,0.001708,0.017792,1.561333,0.131125,1.7145,5501.7145
poia_webauthn,PoIA with WebAuthn,80,324,0.002,0.022291,1.24625,0.140958,1.414083,5501.414083
poia_webauthn,PoIA with WebAuthn,80,325,0.001791,0.019,9.782417,0.120042,9.925333,5509.925333
poia_webauthn,PoIA with WebAuthn,80,326,0.002291,0.024417,1.419625,0.132666,1.581583,5501.581583
poia_webauthn,PoIA with WebAuthn,80,327,0.001834,0.017666,1.256167,0.137334,1.415375,5501.415375
poia_webauthn,PoIA with WebAuthn,80,328,0.001708,0.017875,1.528334,0.136334,1.686792,5501.686792
poia_webauthn,PoIA with WebAuthn,80,329,0.001709,0.017542,5.16975,0.150917,5.342542,5505.342542
poia_webauthn,PoIA with WebAuthn,80,330,0.001959,0.018167,1.166458,1.028958,2.218541,5502.218541
poia_webauthn,PoIA with WebAuthn,80,331,0.002333,0.022209,0.070833,0.322291,0.420583,5500.420583
poia_webauthn,PoIA with WebAuthn,80,332,0.0025,0.022666,0.631166,0.333667,0.993583,5500.993583
poia_webauthn,PoIA with WebAuthn,80,333,0.001875,0.021417,4.729791,0.143125,4.898958,5504.898958
poia_webauthn,PoIA with WebAuthn,80,334,0.001625,0.017417,6.012292,0.124458,6.157625,5506.157625
poia_webauthn,PoIA with WebAuthn,80,335,0.001583,0.017708,1.221042,0.129792,1.372666,5501.372666
poia_webauthn,PoIA with WebAuthn,80,336,0.002542,0.021917,0.197084,0.231666,0.4565,5500.4565
poia_webauthn,PoIA with WebAuthn,80,337,0.00225,0.022375,0.181958,0.31325,0.523166,5500.523166
poia_webauthn,PoIA with WebAuthn,80,338,0.001834,0.017709,1.414208,0.136458,1.572833,5501.572833
poia_webauthn,PoIA with WebAuthn,80,339,0.002417,0.022708,0.429208,0.863083,1.320625,5501.320625
poia_webauthn,PoIA with WebAuthn,80,340,0.001625,0.017625,0.055417,1.228958,1.3055,5501.3055
poia_webauthn,PoIA with WebAuthn,80,341,0.002083,0.022,1.186542,0.127834,1.341042,5501.341042
poia_webauthn,PoIA with WebAuthn,80,342,0.002,0.021917,1.702667,0.14675,1.876041,5501.876041
poia_webauthn,PoIA with WebAuthn,80,343,0.001667,0.017959,1.971167,0.134541,2.12775,5502.12775
poia_webauthn,PoIA with WebAuthn,80,344,0.002084,0.018625,1.832917,0.134333,1.9905,5501.9905
poia_webauthn,PoIA with WebAuthn,80,345,0.00175,0.01775,3.014833,0.123375,3.159625,5503.159625
poia_webauthn,PoIA with WebAuthn,80,346,0.001541,0.017792,1.70275,2.039292,3.7645,5503.7645
poia_webauthn,PoIA with WebAuthn,80,347,0.001792,0.017875,1.378417,0.130542,1.531084,5501.531084
poia_webauthn,PoIA with WebAuthn,80,348,0.002666,0.022875,0.701125,0.686667,1.416917,5501.416917
poia_webauthn,PoIA with WebAuthn,80,349,0.002292,0.022208,0.071334,0.309959,0.40875,5500.40875
poia_webauthn,PoIA with WebAuthn,80,350,0.001292,0.018208,1.41175,1.549458,2.983042,5502.983042
poia_webauthn,PoIA with WebAuthn,80,351,0.002417,0.021875,1.918708,0.127084,2.073208,5502.073208
poia_webauthn,PoIA with WebAuthn,80,352,0.001875,0.030959,2.742459,2.851458,5.63,5505.63
poia_webauthn,PoIA with WebAuthn,80,353,0.002041,0.028042,2.361791,0.137125,2.531792,5502.531792
poia_webauthn,PoIA with WebAuthn,80,354,0.002084,0.024292,2.219333,3.832875,6.08175,5506.08175
poia_webauthn,PoIA with WebAuthn,80,355,0.001667,0.018334,3.107917,0.131625,3.262,5503.262
poia_webauthn,PoIA with WebAuthn,80,356,0.00175,0.0175,3.658208,0.131083,3.818916,5503.818916
poia_webauthn,PoIA with WebAuthn,80,357,0.001708,0.017667,1.598208,0.12775,1.747834,5501.747834
poia_webauthn,PoIA with WebAuthn,80,358,0.002375,0.028041,2.54375,0.132167,2.709375,5502.709375
poia_webauthn,PoIA with WebAuthn,80,359,0.002333,0.02275,0.083209,0.140916,0.251833,5500.251833
poia_webauthn,PoIA with WebAuthn,80,360,0.00275,0.023375,0.246042,0.351083,0.626875,5500.626875
poia_webauthn,PoIA with WebAuthn,80,361,0.002083,0.0185,1.314541,0.131375,1.469167,5501.469167
poia_webauthn,PoIA with WebAuthn,80,362,0.002458,0.022541,0.381334,0.131,0.540125,5500.540125
poia_webauthn,PoIA with WebAuthn,80,363,0.001583,0.017667,3.408875,0.132958,3.56375,5503.56375
poia_webauthn,PoIA with WebAuthn,80,364,0.001666,0.017709,1.850375,2.731875,4.604042,5504.604042
poia_webauthn,PoIA with WebAuthn,80,365,0.002292,0.022375,0.256958,0.134084,0.418791,5500.418791
poia_webauthn,PoIA with WebAuthn,80,366,0.002292,0.026833,10.986166,0.131917,11.150292,5511.150292
poia_webauthn,PoIA with WebAuthn,80,367,0.003791,0.024,2.112,0.133042,2.276583,5502.276583
poia_webauthn,PoIA with WebAuthn,80,368,0.001667,0.01775,4.500833,1.584083,6.107417,5506.107417
poia_webauthn,PoIA with WebAuthn,80,369,0.001791,0.017792,1.729667,1.396333,3.147958,5503.147958
poia_webauthn,PoIA with WebAuthn,80,370,0.001583,0.018125,0.209375,1.152458,1.384,5501.384
poia_webauthn,PoIA with WebAuthn,80,371,0.002375,0.022625,0.070459,0.308166,0.406542,5500.406542
poia_webauthn,PoIA with WebAuthn,80,372,0.002459,0.022625,0.062875,0.119792,0.210375,5500.210375
poia_webauthn,PoIA with WebAuthn,80,373,0.001958,0.021666,8.568625,1.789584,10.385042,5510.385042
poia_webauthn,PoIA with WebAuthn,80,374,0.002084,0.025042,1.57575,4.880958,6.487125,5506.487125
poia_webauthn,PoIA with WebAuthn,80,375,0.001708,0.017792,2.010375,0.130625,2.162875,5502.162875
poia_webauthn,PoIA with WebAuthn,80,376,0.00175,0.017542,4.683583,0.131167,4.8365,5504.8365
poia_webauthn,PoIA with WebAuthn,80,377,0.023625,0.023625,2.196959,0.129,2.376125,5502.376125
poia_webauthn,PoIA with WebAuthn,80,378,0.002375,0.022375,0.069375,0.475834,0.572958,5500.572958
poia_webauthn,PoIA with WebAuthn,80,379,0.002209,0.024292,0.063084,1.583625,1.675833,5501.675833
poia_webauthn,PoIA with WebAuthn,80,380,0.002417,0.022542,2.052542,0.146833,2.227708,5502.227708
poia_webauthn,PoIA with WebAuthn,80,381,0.001708,0.017875,1.312125,0.127958,1.46225,5501.46225
poia_webauthn,PoIA with WebAuthn,80,382,0.0015,0.020833,12.623375,0.119709,12.767208,5512.767208
poia_webauthn,PoIA with WebAuthn,80,383,0.00175,0.017541,1.914167,0.132,2.068041,5502.068041
poia_webauthn,PoIA with WebAuthn,80,384,0.001667,0.017791,1.246084,2.385042,3.652958,5503.652958
poia_webauthn,PoIA with WebAuthn,80,385,0.001875,0.022833,2.099166,2.304458,4.431916,5504.431916
poia_webauthn,PoIA with WebAuthn,80,386,0.001708,0.017833,9.248042,0.132375,9.402542,5509.402542
poia_webauthn,PoIA with WebAuthn,80,387,0.001583,0.017792,1.704125,0.13675,1.862792,5501.862792
poia_webauthn,PoIA with WebAuthn,80,388,0.002375,0.022,0.06675,0.307333,0.4015,5500.4015
poia_webauthn,PoIA with WebAuthn,80,389,0.002083,0.017958,2.283,0.132292,2.43775,5502.43775
poia_webauthn,PoIA with WebAuthn,80,390,0.002083,0.019167,0.580208,0.14675,0.750791,5500.750791
poia_webauthn,PoIA with WebAuthn,80,391,0.001791,0.017958,1.531791,0.128959,1.682958,5501.682958
poia_webauthn,PoIA with WebAuthn,80,392,0.001625,0.017708,1.626709,2.632167,4.28125,5504.28125
poia_webauthn,PoIA with WebAuthn,80,393,0.001917,0.021958,2.082542,3.886833,5.996416,5505.996416
poia_webauthn,PoIA with WebAuthn,80,394,0.001708,0.017708,1.845292,0.132458,1.99975,5501.99975
poia_webauthn,PoIA with WebAuthn,80,395,0.002333,0.022208,1.526417,1.732833,3.286958,5503.286958
poia_webauthn,PoIA with WebAuthn,80,396,0.002041,0.018792,5.958792,0.13275,6.114916,5506.114916
poia_webauthn,PoIA with WebAuthn,80,397,0.002083,0.021375,2.049208,4.687958,6.763875,5506.763875
poia_webauthn,PoIA with WebAuthn,80,398,0.001959,0.022958,1.123334,0.762541,1.913916,5501.913916
poia_webauthn,PoIA with WebAuthn,80,399,0.002042,0.021583,1.527125,0.130875,1.684167,5501.684167
poia_webauthn,PoIA with WebAuthn,80,400,0.001833,0.0175,6.995042,0.13125,7.148208,5507.148208
poia_webauthn,PoIA with WebAuthn,80,401,0.001667,0.018958,0.578625,1.434167,2.036458,5502.036458
poia_webauthn,PoIA with WebAuthn,80,402,0.001959,0.017667,2.15625,2.812417,4.991333,5504.991333
poia_webauthn,PoIA with WebAuthn,80,403,0.002333,0.022458,0.131125,0.286375,0.445959,5500.445959
poia_webauthn,PoIA with WebAuthn,80,404,0.001709,0.018125,1.589625,1.977209,3.589708,5503.589708
poia_webauthn,PoIA with WebAuthn,80,405,0.003833,0.023666,0.07225,0.304875,0.407542,5500.407542
poia_webauthn,PoIA with WebAuthn,80,406,0.00175,0.018125,2.412166,0.142166,2.576667,5502.576667
poia_webauthn,PoIA with WebAuthn,80,407,0.002375,0.022417,0.6525,0.386958,1.067875,5501.067875
poia_webauthn,PoIA with WebAuthn,80,408,0.002333,0.022416,3.002875,0.136292,3.167125,5503.167125
poia_webauthn,PoIA with WebAuthn,80,409,0.001917,0.022,2.328583,0.13625,2.491458,5502.491458
poia_webauthn,PoIA with WebAuthn,80,410,0.001792,0.018875,0.922958,0.487167,1.433167,5501.433167
poia_webauthn,PoIA with WebAuthn,80,411,0.002375,0.022333,0.070625,0.134959,0.232709,5500.232709
poia_webauthn,PoIA with WebAuthn,80,412,0.001958,0.02325,1.531666,2.932875,4.492291,5504.492291
poia_webauthn,PoIA with WebAuthn,80,413,0.002583,0.025542,1.152916,0.131583,1.315875,5501.315875
poia_webauthn,PoIA with WebAuthn,80,414,0.002417,0.022792,0.375667,0.452042,0.856125,5500.856125
poia_webauthn,PoIA with WebAuthn,80,415,0.001667,0.018208,1.716792,0.132459,1.871708,5501.871708
poia_webauthn,PoIA with WebAuthn,80,416,0.001917,0.018458,1.716833,0.136125,1.875792,5501.875792
poia_webauthn,PoIA with WebAuthn,80,417,0.001958,0.021167,3.748958,1.306959,5.08225,5505.08225
poia_webauthn,PoIA with WebAuthn,80,418,0.002458,0.0225,1.046209,0.131083,1.205375,5501.205375
poia_webauthn,PoIA with WebAuthn,80,419,0.002375,0.022875,0.293542,0.131458,0.453208,5500.453208
poia_webauthn,PoIA with WebAuthn,80,420,0.001834,0.017666,3.656584,0.144916,3.824042,5503.824042
poia_webauthn,PoIA with WebAuthn,80,421,0.002334,0.022208,0.070083,0.318334,0.415875,5500.415875
poia_webauthn,PoIA with WebAuthn,80,422,0.001792,0.018208,1.576542,1.716834,3.3165,5503.3165
poia_webauthn,PoIA with WebAuthn,80,423,0.00175,0.022,0.688416,0.828833,1.544375,5501.544375
poia_webauthn,PoIA with WebAuthn,80,424,0.001917,0.017959,1.321708,0.131167,1.475209,5501.475209
poia_webauthn,PoIA with WebAuthn,80,425,0.00175,0.017917,1.250375,0.132166,1.404792,5501.404792
poia_webauthn,PoIA with WebAuthn,80,426,0.00175,0.018084,5.794917,0.146417,5.963583,5505.963583
poia_webauthn,PoIA with WebAuthn,80,427,0.002375,0.02225,0.071125,0.308458,0.407166,5500.407166
poia_webauthn,PoIA with WebAuthn,80,428,0.002042,0.018625,1.488542,0.130208,1.641959,5501.641959
poia_webauthn,PoIA with WebAuthn,80,429,0.001625,0.017875,1.272709,0.128,1.422666,5501.422666
poia_webauthn,PoIA with WebAuthn,80,430,0.002209,0.024125,0.063583,0.120584,0.212541,5500.212541
poia_webauthn,PoIA with WebAuthn,80,431,0.001834,0.018,1.305167,0.140333,1.467958,5501.467958
poia_webauthn,PoIA with WebAuthn,80,432,0.002042,0.021458,9.150167,1.525834,10.702416,5510.702416
poia_webauthn,PoIA with WebAuthn,80,433,0.001542,0.018166,1.6345,0.142208,1.798917,5501.798917
poia_webauthn,PoIA with WebAuthn,80,434,0.002,0.022042,0.966667,0.14775,1.140958,5501.140958
poia_webauthn,PoIA with WebAuthn,80,435,0.002125,0.024458,1.037292,0.153042,1.219667,5501.219667
poia_webauthn,PoIA with WebAuthn,80,436,0.0025,0.022833,0.379958,0.401209,0.809959,5500.809959
poia_webauthn,PoIA with WebAuthn,80,437,0.001708,0.0175,0.056167,0.131333,0.208667,5500.208667
poia_webauthn,PoIA with WebAuthn,80,438,0.001625,0.017625,4.848042,0.143,5.012792,5505.012792
poia_webauthn,PoIA with WebAuthn,80,439,0.001833,0.018167,1.409375,0.15125,1.583292,5501.583292
poia_webauthn,PoIA with WebAuthn,80,440,0.002542,0.022375,0.349542,0.328042,0.706042,5500.706042
poia_webauthn,PoIA with WebAuthn,80,441,0.00175,0.017584,2.102291,0.132333,2.2565,5502.2565
poia_webauthn,PoIA with WebAuthn,80,442,0.001875,0.017458,0.057083,0.114125,0.192417,5500.192417
poia_webauthn,PoIA with WebAuthn,80,443,0.001958,0.021834,1.665708,0.130917,1.823042,5501.823042
poia_webauthn,PoIA with WebAuthn,80,444,0.002291,0.021916,1.516334,0.132625,1.676083,5501.676083
poia_webauthn,PoIA with WebAuthn,80,445,0.0025,0.022208,0.212917,0.131958,0.3725,5500.3725
poia_webauthn,PoIA with WebAuthn,80,446,0.002,0.021291,1.711958,0.131291,1.869167,5501.869167
poia_webauthn,PoIA with WebAuthn,80,447,0.001875,0.0225,1.139666,0.118042,1.283958,5501.283958
poia_webauthn,PoIA with WebAuthn,80,448,0.00225,0.022209,0.246,0.351542,0.625416,5500.625416
poia_webauthn,PoIA with WebAuthn,80,449,0.001875,0.018042,4.495208,0.132917,4.650542,5504.650542
poia_webauthn,PoIA with WebAuthn,80,450,0.001667,0.018041,1.397209,0.132083,1.5515,5501.5515
poia_webauthn,PoIA with WebAuthn,80,451,0.002291,0.022167,0.070125,0.387625,0.485125,5500.485125
poia_webauthn,PoIA with WebAuthn,80,452,0.001583,0.017958,0.055542,0.197417,0.274958,5500.274958
poia_webauthn,PoIA with WebAuthn,80,453,0.001875,0.02175,1.961167,0.145125,2.132542,5502.132542
poia_webauthn,PoIA with WebAuthn,80,454,0.002417,0.022459,1.15825,0.126708,1.312834,5501.312834
poia_webauthn,PoIA with WebAuthn,80,455,0.00175,0.017959,2.34675,0.135209,2.504292,5502.504292
poia_webauthn,PoIA with WebAuthn,80,456,0.002042,0.021792,14.916875,3.177958,18.121208,5518.121208
poia_webauthn,PoIA with WebAuthn,80,457,0.00225,0.021916,0.419042,0.166167,0.612792,5500.612792
poia_webauthn,PoIA with WebAuthn,80,458,0.002209,0.025791,0.066875,0.338833,0.436875,5500.436875
poia_webauthn,PoIA with WebAuthn,80,459,0.001917,0.018584,5.883333,1.666125,7.572334,5507.572334
poia_webauthn,PoIA with WebAuthn,80,460,0.001625,0.017709,3.99125,0.131875,4.144917,5504.144917
poia_webauthn,PoIA with WebAuthn,80,461,0.001666,0.017375,21.533417,0.133,21.688125,5521.688125
poia_webauthn,PoIA with WebAuthn,80,462,0.002333,0.0285,2.875625,0.941167,3.850708,5503.850708
poia_webauthn,PoIA with WebAuthn,80,463,0.001792,0.017792,3.663375,1.035,4.721083,5504.721083
poia_webauthn,PoIA with WebAuthn,80,464,0.002375,0.023541,2.231584,2.089166,4.349834,5504.349834
poia_webauthn,PoIA with WebAuthn,80,465,0.001875,0.021791,2.975709,0.116875,3.118167,5503.118167
poia_webauthn,PoIA with WebAuthn,80,466,0.002417,0.022417,0.318208,0.374875,0.72125,5500.72125
poia_webauthn,PoIA with WebAuthn,80,467,0.001833,0.021209,2.157875,2.305166,4.489375,5504.489375
poia_webauthn,PoIA with WebAuthn,80,468,0.001708,0.018417,2.422833,2.952875,5.398375,5505.398375
poia_webauthn,PoIA with WebAuthn,80,469,0.002541,0.022708,0.098375,0.313041,0.440083,5500.440083
poia_webauthn,PoIA with WebAuthn,80,470,0.002083,0.021916,1.239375,0.132,1.397958,5501.397958
poia_webauthn,PoIA with WebAuthn,80,471,0.002375,0.022959,1.762209,2.477958,4.268625,5504.268625
poia_webauthn,PoIA with WebAuthn,80,472,0.001959,0.021584,1.963209,2.094375,4.08425,5504.08425
poia_webauthn,PoIA with WebAuthn,80,473,0.002083,0.02475,1.273416,0.144667,1.447625,5501.447625
poia_webauthn,PoIA with WebAuthn,80,474,0.001875,0.017833,1.929083,0.12825,2.0795,5502.0795
poia_webauthn,PoIA with WebAuthn,80,475,0.002625,0.027167,0.989792,0.164542,1.18675,5501.18675
poia_webauthn,PoIA with WebAuthn,80,476,0.001333,0.017667,3.774042,0.271791,4.067417,5504.067417
poia_webauthn,PoIA with WebAuthn,80,477,0.001708,0.017666,2.619625,0.141292,2.782834,5502.782834
poia_webauthn,PoIA with WebAuthn,80,478,0.001334,0.017417,1.386625,0.136583,1.5445,5501.5445
poia_webauthn,PoIA with WebAuthn,80,479,0.001667,0.017792,10.165125,0.148208,10.335333,5510.335333
poia_webauthn,PoIA with WebAuthn,80,480,0.002334,0.021792,0.071,0.336916,0.435,5500.435
poia_webauthn,PoIA with WebAuthn,80,481,0.001709,0.017875,1.593708,0.147458,1.763375,5501.763375
poia_webauthn,PoIA with WebAuthn,80,482,0.00225,0.02175,0.071166,0.122125,0.219667,5500.219667
poia_webauthn,PoIA with WebAuthn,80,483,0.001709,0.027584,1.607167,0.135875,1.774916,5501.774916
poia_webauthn,PoIA with WebAuthn,80,484,0.002542,0.025916,1.607,1.593792,3.232917,5503.232917
poia_webauthn,PoIA with WebAuthn,80,485,0.0025,0.023208,0.0675,0.120333,0.216125,5500.216125
poia_webauthn,PoIA with WebAuthn,80,486,0.00225,0.022458,0.066292,0.364834,0.458875,5500.458875
poia_webauthn,PoIA with WebAuthn,80,487,0.001666,0.019083,0.761834,0.730958,1.516625,5501.516625
poia_webauthn,PoIA with WebAuthn,80,488,0.001875,0.018042,1.701292,3.163792,4.887917,5504.887917
poia_webauthn,PoIA with WebAuthn,80,489,0.001666,0.018292,1.579916,0.170875,1.773917,5501.773917
poia_webauthn,PoIA with WebAuthn,80,490,0.002083,0.018583,0.057084,4.730875,4.81125,5504.81125
poia_webauthn,PoIA with WebAuthn,80,491,0.001459,0.018,9.350875,1.90925,11.28275,5511.28275
poia_webauthn,PoIA with WebAuthn,80,492,0.002083,0.022,1.932125,1.326625,3.286042,5503.286042
poia_webauthn,PoIA with WebAuthn,80,493,0.001916,0.018917,1.988417,1.567792,3.579667,5503.579667
poia_webauthn,PoIA with WebAuthn,80,494,0.00175,0.017917,1.316083,0.131875,1.470083,5501.470083
poia_webauthn,PoIA with WebAuthn,80,495,0.00175,0.017916,1.751541,0.134,1.908209,5501.908209
poia_webauthn,PoIA with WebAuthn,80,496,0.002125,0.01875,1.190917,0.130958,1.345375,5501.345375
poia_webauthn,PoIA with WebAuthn,80,497,0.00175,0.018208,2.255708,0.147833,2.426125,5502.426125
poia_webauthn,PoIA with WebAuthn,80,498,0.001625,0.01775,0.055917,0.118666,0.196,5500.196
poia_webauthn,PoIA with WebAuthn,80,499,0.001875,0.017833,4.66925,0.129167,4.820833,5504.820833
poia_webauthn,PoIA with WebAuthn,80,500,0.002417,0.022958,2.640875,14.347666,17.017542,5517.017542
poia_webauthn,PoIA with WebAuthn,80,501,0.002,0.022291,2.021667,2.28475,4.334,5504.334
poia_webauthn,PoIA with WebAuthn,80,502,0.002042,0.021417,2.346709,2.818084,5.191416,5505.191416
poia_webauthn,PoIA with WebAuthn,80,503,0.001583,0.017875,3.282417,0.131792,3.436167,5503.436167
poia_webauthn,PoIA with WebAuthn,80,504,0.002,0.021833,1.31425,0.144625,1.485333,5501.485333
poia_webauthn,PoIA with WebAuthn,80,505,0.002,0.021792,1.043208,1.047667,2.117625,5502.117625
poia_webauthn,PoIA with WebAuthn,80,506,0.00225,0.021959,0.065916,0.311416,0.404375,5500.404375
poia_webauthn,PoIA with WebAuthn,80,507,0.002541,0.02375,0.310083,0.130958,0.482,5500.482
poia_webauthn,PoIA with WebAuthn,80,508,0.00225,0.022458,0.071667,0.3075,0.406708,5500.406708
poia_webauthn,PoIA with WebAuthn,80,509,0.002083,0.025625,1.340667,0.134208,1.5055,5501.5055
poia_webauthn,PoIA with WebAuthn,80,510,0.002458,0.026,6.005542,2.078541,8.116166,5508.116166
poia_webauthn,PoIA with WebAuthn,80,511,0.001916,0.017917,1.558333,0.132042,1.712708,5501.712708
poia_webauthn,PoIA with WebAuthn,80,512,0.0025,0.027292,2.504208,0.131209,2.668458,5502.668458
poia_webauthn,PoIA with WebAuthn,80,513,0.001792,0.018584,0.69,0.176542,0.890042,5500.890042
poia_webauthn,PoIA with WebAuthn,80,514,0.002458,0.022125,1.915667,0.301,2.244833,5502.244833
poia_webauthn,PoIA with WebAuthn,80,515,0.002,0.021375,2.248541,0.131,2.405541,5502.405541
poia_webauthn,PoIA with WebAuthn,80,516,0.002333,0.032625,0.069042,0.303958,0.410875,5500.410875
poia_webauthn,PoIA with WebAuthn,80,517,0.001917,0.021333,1.578375,2.64925,4.253917,5504.253917
poia_webauthn,PoIA with WebAuthn,80,518,0.001584,0.017459,1.661833,0.127458,1.810916,5501.810916
poia_webauthn,PoIA with WebAuthn,80,519,0.001667,0.018,3.094875,0.131417,3.248458,5503.248458
poia_webauthn,PoIA with WebAuthn,80,520,0.001458,0.018666,0.973,0.132417,1.127917,5501.127917
poia_webauthn,PoIA with WebAuthn,80,521,0.001959,0.018,2.376334,0.133833,2.532583,5502.532583
poia_webauthn,PoIA with WebAuthn,80,522,0.001959,0.021625,0.752042,0.843083,1.621875,5501.621875
poia_webauthn,PoIA with WebAuthn,80,523,0.002375,0.022792,0.215791,0.142125,0.386041,5500.386041
poia_webauthn,PoIA with WebAuthn,80,524,0.001625,0.017625,3.636542,0.148833,3.807166,5503.807166
poia_webauthn,PoIA with WebAuthn,80,525,0.001792,0.017875,2.758167,0.135,2.915458,5502.915458
poia_webauthn,PoIA with WebAuthn,80,526,0.001708,0.017833,3.101042,0.129667,3.252708,5503.252708
poia_webauthn,PoIA with WebAuthn,80,527,0.001791,0.018208,1.826,0.134417,1.983,5501.983
poia_webauthn,PoIA with WebAuthn,80,528,0.001875,0.01925,0.57825,0.132875,0.734833,5500.734833
poia_webauthn,PoIA with WebAuthn,80,529,0.00175,0.018083,2.115417,0.127792,2.265583,5502.265583
poia_webauthn,PoIA with WebAuthn,80,530,0.002375,0.02175,0.311041,0.162084,0.50025,5500.50025
poia_webauthn,PoIA with WebAuthn,80,531,0.001708,0.017667,1.066375,0.127834,1.216084,5501.216084
poia_webauthn,PoIA with WebAuthn,80,532,0.002,0.022459,1.595542,1.690792,3.313875,5503.313875
poia_webauthn,PoIA with WebAuthn,80,533,0.001667,0.017917,1.630625,0.131709,1.784375,5501.784375
poia_webauthn,PoIA with WebAuthn,80,534,0.001417,0.018208,2.352458,0.121334,2.49525,5502.49525
poia_webauthn,PoIA with WebAuthn,80,535,0.00225,0.022041,0.957208,0.317333,1.30175,5501.30175
poia_webauthn,PoIA with WebAuthn,80,536,0.002084,0.021875,1.60175,0.128041,1.756375,5501.756375
poia_webauthn,PoIA with WebAuthn,80,537,0.001583,0.018,1.654875,0.133291,1.810292,5501.810292
poia_webauthn,PoIA with WebAuthn,80,538,0.002666,0.026125,0.693958,0.130834,0.856583,5500.856583
poia_webauthn,PoIA with WebAuthn,80,539,0.002125,0.021625,0.06325,0.121,0.209958,5500.209958
poia_webauthn,PoIA with WebAuthn,80,540,0.002084,0.02225,5.249125,0.132125,5.408125,5505.408125
poia_webauthn,PoIA with WebAuthn,80,541,0.002416,0.023541,0.066042,0.942666,1.037875,5501.037875
poia_webauthn,PoIA with WebAuthn,80,542,0.001625,0.01775,1.304792,0.133,1.459708,5501.459708
poia_webauthn,PoIA with WebAuthn,80,543,0.001958,0.02225,1.098625,0.135208,1.260709,5501.260709
poia_webauthn,PoIA with WebAuthn,80,544,0.001791,0.018,1.828667,0.134167,1.985083,5501.985083
poia_webauthn,PoIA with WebAuthn,80,545,0.002416,0.021916,0.070291,0.319416,0.417,5500.417
poia_webauthn,PoIA with WebAuthn,80,546,0.001584,0.017875,1.897791,0.134666,2.0545,5502.0545
poia_webauthn,PoIA with WebAuthn,80,547,0.001958,0.018292,0.951041,0.130625,1.104417,5501.104417
poia_webauthn,PoIA with WebAuthn,80,548,0.002542,0.022625,1.637834,4.015333,5.682,5505.682
poia_webauthn,PoIA with WebAuthn,80,549,0.002,0.018708,2.236625,0.130959,2.39075,5502.39075
poia_webauthn,PoIA with WebAuthn,80,550,0.001958,0.022042,0.89775,0.1355,1.06,5501.06
poia_webauthn,PoIA with WebAuthn,80,551,0.002583,0.022625,0.35425,1.058917,1.442,5501.442
poia_webauthn,PoIA with WebAuthn,80,552,0.001709,0.017709,2.728291,0.133208,2.883667,5502.883667
poia_webauthn,PoIA with WebAuthn,80,553,0.002292,0.022042,0.252958,0.326459,0.607208,5500.607208
poia_webauthn,PoIA with WebAuthn,80,554,0.001667,0.017792,1.767,1.893208,3.682833,5503.682833
poia_webauthn,PoIA with WebAuthn,80,555,0.002583,0.022042,0.411208,0.474917,0.914333,5500.914333
poia_webauthn,PoIA with WebAuthn,80,556,0.001709,0.018,1.638625,18.854333,20.51575,5520.51575
poia_webauthn,PoIA with WebAuthn,80,557,0.001958,0.02175,2.2775,2.059917,4.364208,5504.364208
poia_webauthn,PoIA with WebAuthn,80,558,0.00225,0.021833,0.07,0.303,0.400084,5500.400084
poia_webauthn,PoIA with WebAuthn,80,559,0.001834,0.017875,7.628291,0.134958,7.7855,5507.7855
poia_webauthn,PoIA with WebAuthn,80,560,0.00225,0.025916,3.182417,1.607416,4.821541,5504.821541
poia_webauthn,PoIA with WebAuthn,80,561,0.002041,0.018334,1.826125,0.131667,1.980833,5501.980833
poia_webauthn,PoIA with WebAuthn,80,562,0.001709,0.017791,2.699125,0.156416,2.877583,5502.877583
poia_webauthn,PoIA with WebAuthn,80,563,0.002333,0.02225,0.267375,0.14625,0.441333,5500.441333
poia_webauthn,PoIA with WebAuthn,80,564,0.002084,0.022125,1.637708,1.616458,3.281416,5503.281416
poia_webauthn,PoIA with WebAuthn,80,565,0.001625,0.017417,1.729333,0.143875,1.895334,5501.895334
poia_webauthn,PoIA with WebAuthn,80,566,0.002042,0.02175,1.621833,2.760417,4.40975,5504.40975
poia_webauthn,PoIA with WebAuthn,80,567,0.001875,0.018625,1.582583,0.128583,1.734166,5501.734166
poia_webauthn,PoIA with WebAuthn,80,568,0.002166,0.018333,1.068917,0.128208,1.220083,5501.220083
poia_webauthn,PoIA with WebAuthn,80,569,0.002292,0.022584,0.098375,0.3235,0.450334,5500.450334
poia_webauthn,PoIA with WebAuthn,80,570,0.002,0.018084,4.93975,3.308917,8.271875,5508.271875
poia_webauthn,PoIA with WebAuthn,80,571,0.001667,0.017792,0.797042,1.237084,2.056209,5502.056209
poia_webauthn,PoIA with WebAuthn,80,572,0.001958,0.022083,1.301041,0.136417,1.464042,5501.464042
poia_webauthn,PoIA with WebAuthn,80,573,0.002375,0.022667,0.070833,0.120166,0.218542,5500.218542
poia_webauthn,PoIA with WebAuthn,80,574,0.0025,0.02225,0.070041,0.304208,0.401959,5500.401959
poia_webauthn,PoIA with WebAuthn,80,575,0.001375,0.018125,1.501042,0.133708,1.656667,5501.656667
poia_webauthn,PoIA with WebAuthn,80,576,0.002542,0.02275,0.336375,0.460792,0.825834,5500.825834
poia_webauthn,PoIA with WebAuthn,80,577,0.001958,0.022,2.192542,0.134791,2.353959,5502.353959
poia_webauthn,PoIA with WebAuthn,80,578,0.0015,0.017541,4.472417,0.147334,4.641292,5504.641292
poia_webauthn,PoIA with WebAuthn,80,579,0.001833,0.017917,2.170375,0.13075,2.323334,5502.323334
poia_webauthn,PoIA with WebAuthn,80,580,0.002417,0.02375,1.755625,0.156125,1.941208,5501.941208
poia_webauthn,PoIA with WebAuthn,80,581,0.0015,0.018667,6.284292,1.422291,7.729791,5507.729791
poia_webauthn,PoIA with WebAuthn,80,582,0.001709,0.017792,1.29675,0.131792,1.450541,5501.450541
poia_webauthn,PoIA with WebAuthn,80,583,0.002292,0.021917,2.055959,0.131291,2.214166,5502.214166
poia_webauthn,PoIA with WebAuthn,80,584,0.001708,0.01875,2.128917,0.136458,2.288417,5502.288417
poia_webauthn,PoIA with WebAuthn,80,585,0.002541,0.022459,0.079833,0.22125,0.328958,5500.328958
poia_webauthn,PoIA with WebAuthn,80,586,0.002333,0.022167,0.081084,0.307625,0.416083,5500.416083
poia_webauthn,PoIA with WebAuthn,80,587,0.00225,0.023291,1.895125,0.138333,2.061875,5502.061875
poia_webauthn,PoIA with WebAuthn,80,588,0.001666,0.01775,1.195917,0.131667,1.349542,5501.349542
poia_webauthn,PoIA with WebAuthn,80,589,0.001541,0.017417,2.988958,0.124125,3.133833,5503.133833
poia_webauthn,PoIA with WebAuthn,80,590,0.001958,0.022166,1.329875,0.123416,1.479333,5501.479333
poia_webauthn,PoIA with WebAuthn,80,591,0.002416,0.0225,0.351208,0.362833,0.7425,5500.7425
poia_webauthn,PoIA with WebAuthn,80,592,0.00175,0.01775,3.256334,3.188042,6.466958,5506.466958
poia_webauthn,PoIA with WebAuthn,80,593,0.001625,0.017875,2.781167,0.135459,2.938708,5502.938708
poia_webauthn,PoIA with WebAuthn,80,594,0.002625,0.026459,0.325667,0.149375,0.507292,5500.507292
poia_webauthn,PoIA with WebAuthn,80,595,0.00175,0.018209,1.812291,0.132167,1.966958,5501.966958
poia_webauthn,PoIA with WebAuthn,80,596,0.001791,0.021125,2.505792,0.130958,2.662167,5502.662167
poia_webauthn,PoIA with WebAuthn,80,597,0.001875,0.017833,1.520125,0.132,1.674292,5501.674292
poia_webauthn,PoIA with WebAuthn,80,598,0.001834,0.017625,2.706166,0.131084,2.859167,5502.859167
poia_webauthn,PoIA with WebAuthn,80,599,0.001708,0.01825,2.0005,2.303,4.326542,5504.326542
poia_webauthn,PoIA with WebAuthn,80,600,0.002417,0.023125,0.299708,0.144167,0.472375,5500.472375
poia_webauthn,PoIA with WebAuthn,80,601,0.002417,0.02575,1.446625,0.130583,1.608375,5501.608375
poia_webauthn,PoIA with WebAuthn,80,602,0.001583,0.017667,2.013666,0.127084,2.162375,5502.162375
poia_webauthn,PoIA with WebAuthn,80,603,0.001959,0.021583,2.089209,0.166875,2.282791,5502.282791
poia_webauthn,PoIA with WebAuthn,80,604,0.001667,0.017875,2.928,0.134333,3.084458,5503.084458
poia_webauthn,PoIA with WebAuthn,80,605,0.002208,0.024417,1.379292,0.135375,1.543833,5501.543833
poia_webauthn,PoIA with WebAuthn,80,606,0.002042,0.018208,1.090875,0.13725,1.251041,5501.251041
poia_webauthn,PoIA with WebAuthn,80,607,0.002333,0.025917,2.004792,0.138125,2.17425,5502.17425
poia_webauthn,PoIA with WebAuthn,80,608,0.002291,0.022166,0.171625,0.285709,0.485166,5500.485166
poia_webauthn,PoIA with WebAuthn,80,609,0.002208,0.018959,4.144208,2.078292,6.247083,5506.247083
poia_webauthn,PoIA with WebAuthn,80,610,0.001917,0.021917,8.652083,0.13925,8.817875,5508.817875
poia_webauthn,PoIA with WebAuthn,80,611,0.0025,0.022208,0.268125,0.130958,0.42675,5500.42675
poia_webauthn,PoIA with WebAuthn,80,612,0.001708,0.018167,2.198042,0.130459,2.350875,5502.350875
poia_webauthn,PoIA with WebAuthn,80,613,0.001625,0.018042,2.763083,0.136625,2.921875,5502.921875
poia_webauthn,PoIA with WebAuthn,80,614,0.012208,0.0195,1.650333,0.132875,1.817583,5501.817583
poia_webauthn,PoIA with WebAuthn,80,615,0.001583,0.018333,0.994042,0.128084,1.1445,5501.1445
poia_webauthn,PoIA with WebAuthn,80,616,0.002417,0.022542,6.678375,0.117167,6.823083,5506.823083
poia_webauthn,PoIA with WebAuthn,80,617,0.002167,0.020042,1.426875,0.142666,1.594334,5501.594334
poia_webauthn,PoIA with WebAuthn,80,618,0.0015,0.018125,1.84,1.139458,3.002083,5503.002083
poia_webauthn,PoIA with WebAuthn,80,619,0.001916,0.017541,9.584542,1.741958,11.349167,5511.349167
poia_webauthn,PoIA with WebAuthn,80,620,0.001583,0.017916,1.304834,0.14175,1.468708,5501.468708
poia_webauthn,PoIA with WebAuthn,80,621,0.0025,0.02225,0.066167,0.136875,0.230458,5500.230458
poia_webauthn,PoIA with WebAuthn,80,622,0.0015,0.017666,1.991167,0.1305,2.143292,5502.143292
poia_webauthn,PoIA with WebAuthn,80,623,0.001667,0.017917,1.679459,0.134458,1.836042,5501.836042
poia_webauthn,PoIA with WebAuthn,80,624,0.001917,0.01825,5.713625,0.124041,5.859917,5505.859917
poia_webauthn,PoIA with WebAuthn,80,625,0.002042,0.0215,1.13375,2.313167,3.4725,5503.4725
poia_webauthn,PoIA with WebAuthn,80,626,0.001792,0.017833,0.912916,2.087209,3.022709,5503.022709
poia_webauthn,PoIA with WebAuthn,80,627,0.002125,0.018709,1.364541,0.131459,1.519417,5501.519417
poia_webauthn,PoIA with WebAuthn,80,628,0.001958,0.019208,1.021875,0.135084,1.180667,5501.180667
poia_webauthn,PoIA with WebAuthn,80,629,0.001916,0.018125,2.209583,0.144208,2.376333,5502.376333
poia_webauthn,PoIA with WebAuthn,80,630,0.002333,0.022583,0.230084,0.141291,0.399334,5500.399334
poia_webauthn,PoIA with WebAuthn,80,631,0.001917,0.018708,1.785125,0.129791,1.938,5501.938
poia_webauthn,PoIA with WebAuthn,80,632,0.002042,0.022,1.461459,1.736958,3.225583,5503.225583
poia_webauthn,PoIA with WebAuthn,80,633,0.001916,0.021917,1.094333,0.130792,1.2515,5501.2515
poia_webauthn,PoIA with WebAuthn,80,634,0.001625,0.018041,1.902875,0.13175,2.05675,5502.05675
poia_webauthn,PoIA with WebAuthn,80,635,0.0025,0.021958,0.352709,0.765625,1.146334,5501.146334
poia_webauthn,PoIA with WebAuthn,80,636,0.001833,0.017625,2.643583,0.134625,2.80025,5502.80025
poia_webauthn,PoIA with WebAuthn,80,637,0.001625,0.017916,1.52175,0.143209,1.687125,5501.687125
poia_webauthn,PoIA with WebAuthn,80,638,0.002167,0.021791,1.586709,0.132333,1.745708,5501.745708
poia_webauthn,PoIA with WebAuthn,80,639,0.002458,0.022042,1.737333,3.608958,5.374709,5505.374709
poia_webauthn,PoIA with WebAuthn,80,640,0.002291,0.02725,3.834458,2.177083,6.04475,5506.04475
poia_webauthn,PoIA with WebAuthn,80,641,0.002417,0.022583,0.067,0.123208,0.217708,5500.217708
poia_webauthn,PoIA with WebAuthn,80,642,0.001792,0.017917,2.649458,0.128,2.799666,5502.799666
poia_webauthn,PoIA with WebAuthn,80,643,0.002208,0.025791,2.208833,2.86625,5.106708,5505.106708
poia_webauthn,PoIA with WebAuthn,80,644,0.002625,0.025709,4.198375,0.129125,4.358958,5504.358958
poia_webauthn,PoIA with WebAuthn,80,645,0.002,0.01825,3.88425,0.12675,4.033167,5504.033167
poia_webauthn,PoIA with WebAuthn,80,646,0.001709,0.018375,1.678542,1.169041,2.870708,5502.870708
poia_webauthn,PoIA with WebAuthn,80,647,0.002416,0.022625,0.547625,0.437416,1.013458,5501.013458
poia_webauthn,PoIA with WebAuthn,80,648,0.0025,0.021792,0.067375,0.307291,0.401875,5500.401875
poia_webauthn,PoIA with WebAuthn,80,649,0.001833,0.021666,1.37175,0.119834,1.516833,5501.516833
poia_webauthn,PoIA with WebAuthn,80,650,0.002,0.018625,2.214209,4.552167,6.790083,5506.790083
poia_webauthn,PoIA with WebAuthn,80,651,0.001667,0.017833,3.206667,0.140916,3.369667,5503.369667
poia_webauthn,PoIA with WebAuthn,80,652,0.001667,0.01875,0.731625,0.131916,0.886416,5500.886416
poia_webauthn,PoIA with WebAuthn,80,653,0.001791,0.022041,2.803541,2.452,5.282542,5505.282542
poia_webauthn,PoIA with WebAuthn,80,654,0.002,0.019958,4.175792,4.671833,8.872667,5508.872667
poia_webauthn,PoIA with WebAuthn,80,655,0.002333,0.02325,0.961667,0.135459,1.125833,5501.125833
poia_webauthn,PoIA with WebAuthn,80,656,0.002417,0.022583,0.216,0.316916,0.561292,5500.561292
poia_webauthn,PoIA with WebAuthn,80,657,0.002083,0.018833,2.060625,0.127958,2.212042,5502.212042
poia_webauthn,PoIA with WebAuthn,80,658,0.0025,0.027917,0.076333,0.1255,0.234958,5500.234958
poia_webauthn,PoIA with WebAuthn,80,659,0.00225,0.032291,0.063709,4.991875,5.092333,5505.092333
poia_webauthn,PoIA with WebAuthn,80,660,0.001875,0.022458,1.612417,0.132833,1.772292,5501.772292
poia_webauthn,PoIA with WebAuthn,80,661,0.001625,0.017875,1.30875,0.132625,1.463416,5501.463416
poia_webauthn,PoIA with WebAuthn,80,662,0.001834,0.021708,2.569041,0.150667,2.745917,5502.745917
poia_webauthn,PoIA with WebAuthn,80,663,0.002041,0.018333,2.746834,0.135916,2.905667,5502.905667
poia_webauthn,PoIA with WebAuthn,80,664,0.002208,0.022083,3.419,1.292458,4.738416,5504.738416
poia_webauthn,PoIA with WebAuthn,80,665,0.002666,0.022917,0.231833,0.407542,0.668375,5500.668375
poia_webauthn,PoIA with WebAuthn,80,666,0.002458,0.023167,0.321875,0.394583,0.74525,5500.74525
poia_webauthn,PoIA with WebAuthn,80,667,0.002166,0.0255,1.991791,2.093458,4.116417,5504.116417
poia_webauthn,PoIA with WebAuthn,80,668,0.001833,0.017917,2.2725,0.130625,2.425375,5502.425375
poia_webauthn,PoIA with WebAuthn,80,669,0.001708,0.018167,1.680458,0.1275,1.83025,5501.83025
poia_webauthn,PoIA with WebAuthn,80,670,0.001625,0.017792,1.950917,1.872417,3.84575,5503.84575
poia_webauthn,PoIA with WebAuthn,80,671,0.001709,0.018417,1.5495,0.132583,1.704708,5501.704708
poia_webauthn,PoIA with WebAuthn,80,672,0.002542,0.022875,0.0795,0.765375,0.873417,5500.873417
poia_webauthn,PoIA with WebAuthn,80,673,0.001709,0.017416,1.543625,0.131125,1.696375,5501.696375
poia_webauthn,PoIA with WebAuthn,80,674,0.001917,0.021541,2.690167,0.132583,2.848875,5502.848875
poia_webauthn,PoIA with WebAuthn,80,675,0.002084,0.021542,1.591333,0.135667,1.753125,5501.753125
poia_webauthn,PoIA with WebAuthn,80,676,0.001792,0.018375,1.209459,0.127834,1.360083,5501.360083
poia_webauthn,PoIA with WebAuthn,80,677,0.001958,0.017708,5.895709,0.12775,6.045542,5506.045542
poia_webauthn,PoIA with WebAuthn,80,678,0.001833,0.017583,2.260208,0.131042,2.413167,5502.413167
poia_webauthn,PoIA with WebAuthn,80,679,0.001708,0.017625,2.943292,0.138375,3.103458,5503.103458
poia_webauthn,PoIA with WebAuthn,80,680,0.001709,0.017916,1.27275,0.128292,1.423167,5501.423167
poia_webauthn,PoIA with WebAuthn,80,681,0.00225,0.022125,0.186709,0.313417,0.527875,5500.527875
poia_webauthn,PoIA with WebAuthn,80,682,0.00175,0.017834,2.36,0.129,2.51125,5502.51125
poia_webauthn,PoIA with WebAuthn,80,683,0.001834,0.018125,4.728125,0.134375,4.885042,5504.885042
poia_webauthn,PoIA with WebAuthn,80,684,0.001833,0.017875,1.253584,1.438833,2.715209,5502.715209
poia_webauthn,PoIA with WebAuthn,80,685,0.001625,0.017959,1.399291,0.131667,1.553125,5501.553125
poia_webauthn,PoIA with WebAuthn,80,686,0.002375,0.022333,0.75025,0.133875,0.911625,5500.911625
poia_webauthn,PoIA with WebAuthn,80,687,0.002125,0.023042,4.651458,0.151041,4.8305,5504.8305
poia_webauthn,PoIA with WebAuthn,80,688,0.002458,0.021959,0.488708,0.130583,0.646709,5500.646709
poia_webauthn,PoIA with WebAuthn,80,689,0.002083,0.022291,4.704958,0.14025,4.872333,5504.872333
poia_webauthn,PoIA with WebAuthn,80,690,0.0025,0.021917,0.0685,0.464,0.55975,5500.55975
poia_webauthn,PoIA with WebAuthn,80,691,0.002083,0.021584,2.219958,0.13075,2.376917,5502.376917
poia_webauthn,PoIA with WebAuthn,80,692,0.001959,0.021167,1.491833,0.135375,1.652958,5501.652958
poia_webauthn,PoIA with WebAuthn,80,693,0.002625,0.022583,0.222167,0.28425,0.535042,5500.535042
poia_webauthn,PoIA with WebAuthn,80,694,0.002542,0.023209,2.198875,0.13075,2.358458,5502.358458
poia_webauthn,PoIA with WebAuthn,80,695,0.001291,0.017791,1.573375,0.128083,1.722875,5501.722875
poia_webauthn,PoIA with WebAuthn,80,696,0.001791,0.018167,1.736833,3.144292,4.904209,5504.904209
poia_webauthn,PoIA with WebAuthn,80,697,0.001708,0.018416,2.08,0.160166,2.263417,5502.263417
poia_webauthn,PoIA with WebAuthn,80,698,0.002292,0.025416,2.367542,0.134125,2.532333,5502.532333
poia_webauthn,PoIA with WebAuthn,80,699,0.00175,0.017625,4.194833,0.13125,4.347875,5504.347875
poia_webauthn,PoIA with WebAuthn,80,700,0.001709,0.017791,1.722917,0.131333,1.876292,5501.876292
poia_webauthn,PoIA with WebAuthn,80,701,0.001583,0.018166,0.735291,0.133959,0.891542,5500.891542
poia_webauthn,PoIA with WebAuthn,80,702,0.002583,0.022208,0.231042,0.135375,0.394208,5500.394208
poia_webauthn,PoIA with WebAuthn,80,703,0.002083,0.021708,4.682583,0.132708,4.841709,5504.841709
poia_webauthn,PoIA with WebAuthn,80,704,0.002375,0.026041,5.225958,0.132083,5.389167,5505.389167
poia_webauthn,PoIA with WebAuthn,80,705,0.0025,0.022459,0.267125,0.37675,0.672417,5500.672417
poia_webauthn,PoIA with WebAuthn,80,706,0.002541,0.02325,0.409541,0.329583,0.768375,5500.768375
poia_webauthn,PoIA with WebAuthn,80,707,0.001625,0.017667,1.54675,0.134167,1.702708,5501.702708
poia_webauthn,PoIA with WebAuthn,80,708,0.00175,0.017875,1.193125,0.134542,1.349791,5501.349791
poia_webauthn,PoIA with WebAuthn,80,709,0.001667,0.0175,0.056791,1.299292,1.377583,5501.377583
poia_webauthn,PoIA with WebAuthn,80,710,0.002125,0.021959,1.232166,2.436375,3.69575,5503.69575
poia_webauthn,PoIA with WebAuthn,80,711,0.001708,0.018167,2.169792,0.131083,2.323209,5502.323209
poia_webauthn,PoIA with WebAuthn,80,712,0.002,0.021583,3.487834,0.132625,3.646625,5503.646625
poia_webauthn,PoIA with WebAuthn,80,713,0.002458,0.023584,1.415292,1.287375,2.732375,5502.732375
poia_webauthn,PoIA with WebAuthn,80,714,0.001458,0.017875,1.505583,0.140291,1.668,5501.668
poia_webauthn,PoIA with WebAuthn,80,715,0.002333,0.022333,0.599709,0.423333,1.051125,5501.051125
poia_webauthn,PoIA with WebAuthn,80,716,0.001708,0.0175,2.660833,0.131416,2.814,5502.814
poia_webauthn,PoIA with WebAuthn,80,717,0.001666,0.018167,2.806,0.136041,2.964459,5502.964459
poia_webauthn,PoIA with WebAuthn,80,718,0.002333,0.022084,0.301375,0.994459,1.323542,5501.323542
poia_webauthn,PoIA with WebAuthn,80,719,0.002083,0.018583,0.05925,0.120458,0.20225,5500.20225
poia_webauthn,PoIA with WebAuthn,80,720,0.001791,0.018,3.845208,0.132125,3.99975,5503.99975
poia_webauthn,PoIA with WebAuthn,80,721,0.001917,0.018917,19.850625,3.229166,23.103875,5523.103875
poia_webauthn,PoIA with WebAuthn,80,722,0.002,0.021917,2.032958,0.1475,2.207042,5502.207042
poia_webauthn,PoIA with WebAuthn,80,723,0.001709,0.017625,15.027125,0.122875,15.171084,5515.171084
poia_webauthn,PoIA with WebAuthn,80,724,0.002333,0.022417,0.30675,0.264083,0.598958,5500.598958
poia_webauthn,PoIA with WebAuthn,80,725,0.001583,0.019375,0.880709,0.129375,1.033417,5501.033417
poia_webauthn,PoIA with WebAuthn,80,726,0.001709,0.0185,2.178875,0.128917,2.330583,5502.330583
poia_webauthn,PoIA with WebAuthn,80,727,0.001583,0.018083,1.710792,6.226333,7.959833,5507.959833
poia_webauthn,PoIA with WebAuthn,80,728,0.002334,0.022125,0.069416,0.308125,0.404834,5500.404834
poia_webauthn,PoIA with WebAuthn,80,729,0.001625,0.017792,1.058,1.286125,2.366583,5502.366583
poia_webauthn,PoIA with WebAuthn,80,730,0.00175,0.017583,2.175583,0.131292,2.328791,5502.328791
poia_webauthn,PoIA with WebAuthn,80,731,0.00175,0.018041,3.829125,0.134334,3.98575,5503.98575
poia_webauthn,PoIA with WebAuthn,80,732,0.002208,0.024208,15.955625,0.134083,16.118708,5516.118708
poia_webauthn,PoIA with WebAuthn,80,733,0.002583,0.022666,1.990042,2.070416,4.089541,5504.089541
poia_webauthn,PoIA with WebAuthn,80,734,0.00175,0.018166,2.80025,0.1355,2.958084,5502.958084
poia_webauthn,PoIA with WebAuthn,80,735,0.002,0.018833,1.813334,0.964167,2.801292,5502.801292
poia_webauthn,PoIA with WebAuthn,80,736,0.0025,0.021959,0.070875,0.305208,0.4035,5500.4035
poia_webauthn,PoIA with WebAuthn,80,737,0.002583,0.02375,1.1095,0.131791,1.270792,5501.270792
poia_webauthn,PoIA with WebAuthn,80,738,0.002375,0.027042,0.347875,0.157583,0.53775,5500.53775
poia_webauthn,PoIA with WebAuthn,80,739,0.00175,0.018,1.342292,0.127,1.491583,5501.491583
poia_webauthn,PoIA with WebAuthn,80,740,0.001708,0.018333,1.288625,0.144208,1.455583,5501.455583
poia_webauthn,PoIA with WebAuthn,80,741,0.001916,0.017833,3.977125,0.131625,4.131042,5504.131042
poia_webauthn,PoIA with WebAuthn,80,742,0.002375,0.022333,3.169292,0.153334,3.350792,5503.350792
poia_webauthn,PoIA with WebAuthn,80,743,0.001833,0.018542,4.099917,0.134333,4.257209,5504.257209
poia_webauthn,PoIA with WebAuthn,80,744,0.002292,0.02225,0.070042,0.135291,0.232334,5500.232334
poia_webauthn,PoIA with WebAuthn,80,745,0.001708,0.018291,1.377958,5.065083,6.466167,5506.466167
poia_webauthn,PoIA with WebAuthn,80,746,0.001541,0.018375,0.920458,0.131625,1.074375,5501.074375
poia_webauthn,PoIA with WebAuthn,80,747,0.001792,0.018041,1.696792,1.938792,3.658417,5503.658417
poia_webauthn,PoIA with WebAuthn,80,748,0.001917,0.022042,2.043375,0.133125,2.203,5502.203
poia_webauthn,PoIA with WebAuthn,80,749,0.00225,0.022666,0.071333,0.408917,0.508083,5500.508083
poia_webauthn,PoIA with WebAuthn,80,750,0.001917,0.021458,3.867459,0.133167,4.026625,5504.026625
poia_webauthn,PoIA with WebAuthn,80,751,0.00175,0.01775,2.167208,0.136125,2.3255,5502.3255
poia_webauthn,PoIA with WebAuthn,80,752,0.001959,0.01775,1.535791,0.144,1.702042,5501.702042
poia_webauthn,PoIA with WebAuthn,80,753,0.002291,0.021583,2.085125,0.135958,2.2475,5502.2475
poia_webauthn,PoIA with WebAuthn,80,754,0.001792,0.017625,1.524042,0.131708,1.67775,5501.67775
poia_webauthn,PoIA with WebAuthn,80,755,0.00125,0.017625,1.5815,0.132667,1.735458,5501.735458
poia_webauthn,PoIA with WebAuthn,80,756,0.002417,0.019125,0.726708,1.443667,2.194458,5502.194458
poia_webauthn,PoIA with WebAuthn,80,757,0.002292,0.022292,0.066125,0.541125,0.634875,5500.634875
poia_webauthn,PoIA with WebAuthn,80,758,0.002333,0.024709,1.530542,0.131458,1.691709,5501.691709
poia_webauthn,PoIA with WebAuthn,80,759,0.002542,0.022834,0.302791,0.452833,0.784292,5500.784292
poia_webauthn,PoIA with WebAuthn,80,760,0.001666,0.017375,3.046125,0.131667,3.199333,5503.199333
poia_webauthn,PoIA with WebAuthn,80,761,0.001625,0.017708,1.337875,0.128375,1.487958,5501.487958
poia_webauthn,PoIA with WebAuthn,80,762,0.001833,0.017917,2.285292,0.136959,2.444583,5502.444583
poia_webauthn,PoIA with WebAuthn,80,763,0.002375,0.022209,0.070791,0.314,0.412375,5500.412375
poia_webauthn,PoIA with WebAuthn,80,764,0.002292,0.022375,0.069833,0.366084,0.463583,5500.463583
poia_webauthn,PoIA with WebAuthn,80,765,0.001583,0.017833,4.297334,0.116041,4.434625,5504.434625
poia_webauthn,PoIA with WebAuthn,80,766,0.001583,0.01775,0.055042,0.121833,0.198042,5500.198042
poia_webauthn,PoIA with WebAuthn,80,767,0.002416,0.022709,0.069917,1.147583,1.245667,5501.245667
poia_webauthn,PoIA with WebAuthn,80,768,0.0015,0.018209,0.733583,1.003042,1.759375,5501.759375
poia_webauthn,PoIA with WebAuthn,80,769,0.00175,0.018375,3.925375,1.919459,5.868084,5505.868084
poia_webauthn,PoIA with WebAuthn,80,770,0.001667,0.017833,0.055542,1.4275,1.504833,5501.504833
poia_webauthn,PoIA with WebAuthn,80,771,0.001584,0.018041,1.74425,1.039917,2.806875,5502.806875
poia_webauthn,PoIA with WebAuthn,80,772,0.001708,0.017667,7.478458,0.132417,7.63275,5507.63275
poia_webauthn,PoIA with WebAuthn,80,773,0.001875,0.021458,2.040709,1.551084,3.618416,5503.618416
poia_webauthn,PoIA with WebAuthn,80,774,0.001917,0.018375,1.516958,0.139458,1.679333,5501.679333
poia_webauthn,PoIA with WebAuthn,80,775,0.001584,0.017834,3.080917,0.132583,3.235541,5503.235541
poia_webauthn,PoIA with WebAuthn,80,776,0.001958,0.022041,0.106042,0.1225,0.254667,5500.254667
poia_webauthn,PoIA with WebAuthn,80,777,0.001667,0.017792,0.078,0.119083,0.218541,5500.218541
poia_webauthn,PoIA with WebAuthn,80,778,0.002167,0.026125,2.217292,0.131125,2.379833,5502.379833
poia_webauthn,PoIA with WebAuthn,80,779,0.001958,0.020916,2.108875,0.1315,2.265792,5502.265792
poia_webauthn,PoIA with WebAuthn,80,780,0.001709,0.018209,1.717833,0.128166,1.868416,5501.868416
poia_webauthn,PoIA with WebAuthn,80,781,0.0025,0.02225,0.504625,0.147167,0.679625,5500.679625
poia_webauthn,PoIA with WebAuthn,80,782,0.001792,0.018125,4.895583,2.112667,7.031416,5507.031416
poia_webauthn,PoIA with WebAuthn,80,783,0.002291,0.021875,0.069917,0.308541,0.405542,5500.405542
poia_webauthn,PoIA with WebAuthn,80,784,0.002375,0.02275,1.437875,0.144,1.610166,5501.610166
poia_webauthn,PoIA with WebAuthn,80,785,0.002541,0.023334,0.469458,0.497834,0.996625,5500.996625
poia_webauthn,PoIA with WebAuthn,80,786,0.001625,0.017542,1.564083,0.135125,1.720834,5501.720834
poia_webauthn,PoIA with WebAuthn,80,787,0.001625,0.018542,3.925209,0.128042,4.075792,5504.075792
poia_webauthn,PoIA with WebAuthn,80,788,0.002083,0.022416,0.640667,0.48525,1.153833,5501.153833
poia_webauthn,PoIA with WebAuthn,80,789,0.002375,0.02275,0.379416,0.131958,0.539541,5500.539541
poia_webauthn,PoIA with WebAuthn,80,790,0.00175,0.01775,1.483708,3.415375,4.921667,5504.921667
poia_webauthn,PoIA with WebAuthn,80,791,0.002,0.021709,2.240583,0.132291,2.399208,5502.399208
poia_webauthn,PoIA with WebAuthn,80,792,0.001709,0.018333,3.182833,0.130334,3.335666,5503.335666
poia_webauthn,PoIA with WebAuthn,80,793,0.002417,0.02275,1.21925,0.143833,1.3915,5501.3915
poia_webauthn,PoIA with WebAuthn,80,794,0.001666,0.017708,1.234459,0.134375,1.390792,5501.390792
poia_webauthn,PoIA with WebAuthn,80,795,0.001791,0.017542,1.489375,1.651333,3.163167,5503.163167
poia_webauthn,PoIA with WebAuthn,80,796,0.001917,0.033875,6.767375,2.810625,9.617,5509.617
poia_webauthn,PoIA with WebAuthn,80,797,0.002292,0.022,0.079792,0.306833,0.413875,5500.413875
poia_webauthn,PoIA with WebAuthn,80,798,0.001667,0.017625,3.808042,0.1335,3.963375,5503.963375
poia_webauthn,PoIA with WebAuthn,80,799,0.001709,0.017875,1.521833,0.131917,1.67575,5501.67575
poia_webauthn,PoIA with WebAuthn,80,800,0.00175,0.018291,1.904792,0.12825,2.055625,5502.055625
poia_webauthn,PoIA with WebAuthn,80,801,0.002291,0.021875,0.0805,0.308375,0.416041,5500.416041
poia_webauthn,PoIA with WebAuthn,80,802,0.00175,0.018417,0.84125,0.1315,0.995459,5500.995459
poia_webauthn,PoIA with WebAuthn,80,803,0.001958,0.023333,4.402125,0.132125,4.562,5504.562
poia_webauthn,PoIA with WebAuthn,80,804,0.002208,0.026041,1.996583,0.131958,2.159875,5502.159875
poia_webauthn,PoIA with WebAuthn,80,805,0.002208,0.022416,0.070041,0.12975,0.226875,5500.226875
poia_webauthn,PoIA with WebAuthn,80,806,0.002375,0.027792,1.275167,1.175292,2.484167,5502.484167
poia_webauthn,PoIA with WebAuthn,80,807,0.002041,0.021417,3.825583,0.131,3.982625,5503.982625
poia_webauthn,PoIA with WebAuthn,80,808,0.002458,0.02375,0.081208,0.473084,0.583667,5500.583667
poia_webauthn,PoIA with WebAuthn,80,809,0.001959,0.021333,3.969125,1.934083,5.92975,5505.92975
poia_webauthn,PoIA with WebAuthn,80,810,0.001583,0.017542,2.068625,0.130125,2.220375,5502.220375
poia_webauthn,PoIA with WebAuthn,80,811,0.001666,0.01725,2.082583,0.134167,2.238083,5502.238083
poia_webauthn,PoIA with WebAuthn,80,812,0.002417,0.022375,0.070541,0.307792,0.406083,5500.406083
poia_webauthn,PoIA with WebAuthn,80,813,0.002584,0.022542,3.08325,1.77125,4.883334,5504.883334
poia_webauthn,PoIA with WebAuthn,80,814,0.001917,0.020958,2.135208,0.1465,2.30725,5502.30725
poia_webauthn,PoIA with WebAuthn,80,815,0.002,0.02175,1.94175,1.043125,3.011292,5503.011292
poia_webauthn,PoIA with WebAuthn,80,816,0.001833,0.021291,1.674084,0.131917,1.831792,5501.831792
poia_webauthn,PoIA with WebAuthn,80,817,0.001708,0.021042,1.97,0.129833,2.125084,5502.125084
poia_webauthn,PoIA with WebAuthn,80,818,0.002042,0.02275,1.456667,0.150292,1.634334,5501.634334
poia_webauthn,PoIA with WebAuthn,80,819,0.002334,0.022667,0.070625,0.134083,0.232292,5500.232292
poia_webauthn,PoIA with WebAuthn,80,820,0.001875,0.022208,5.108375,0.136917,5.272041,5505.272041
poia_webauthn,PoIA with WebAuthn,80,821,0.004375,0.022958,0.066417,0.313416,0.410375,5500.410375
poia_webauthn,PoIA with WebAuthn,80,822,0.002167,0.02425,2.519583,2.523459,5.072667,5505.072667
poia_webauthn,PoIA with WebAuthn,80,823,0.002333,0.022167,2.464417,0.315417,2.807917,5502.807917
poia_webauthn,PoIA with WebAuthn,80,824,0.002375,0.0225,0.541625,0.131792,0.701292,5500.701292
poia_webauthn,PoIA with WebAuthn,80,825,0.002417,0.027541,1.329916,0.13525,1.498166,5501.498166
poia_webauthn,PoIA with WebAuthn,80,826,0.001958,0.021333,2.564,0.131667,2.721458,5502.721458
poia_webauthn,PoIA with WebAuthn,80,827,0.00225,0.022333,0.070916,0.308208,0.406834,5500.406834
poia_webauthn,PoIA with WebAuthn,80,828,0.002,0.021875,1.360542,0.134875,1.521917,5501.521917
poia_webauthn,PoIA with WebAuthn,80,829,0.002625,0.022666,0.070667,0.323833,0.422875,5500.422875
poia_webauthn,PoIA with WebAuthn,80,830,0.002417,0.022416,0.216209,0.148708,0.39275,5500.39275
poia_webauthn,PoIA with WebAuthn,80,831,0.001875,0.021667,1.347167,0.1535,1.526792,5501.526792
poia_webauthn,PoIA with WebAuthn,80,832,0.002334,0.022125,0.071083,0.319125,0.41775,5500.41775
poia_webauthn,PoIA with WebAuthn,80,833,0.002333,0.025333,0.066458,0.311916,0.408916,5500.408916
poia_webauthn,PoIA with WebAuthn,80,834,0.0025,0.022792,0.06675,0.322875,0.418042,5500.418042
poia_webauthn,PoIA with WebAuthn,80,835,0.001791,0.01775,2.363959,0.131459,2.517584,5502.517584
poia_webauthn,PoIA with WebAuthn,80,836,0.002375,0.02275,0.069708,0.136125,0.233541,5500.233541
poia_webauthn,PoIA with WebAuthn,80,837,0.001708,0.017709,2.331541,0.13125,2.484666,5502.484666
poia_webauthn,PoIA with WebAuthn,80,838,0.002333,0.032916,0.071041,0.307625,0.417083,5500.417083
poia_webauthn,PoIA with WebAuthn,80,839,0.002417,0.0225,0.449833,0.238125,0.716417,5500.716417
poia_webauthn,PoIA with WebAuthn,80,840,0.002417,0.02225,0.070209,0.3085,0.406375,5500.406375
poia_webauthn,PoIA with WebAuthn,80,841,0.00225,0.022459,1.247042,0.139084,1.413417,5501.413417
poia_webauthn,PoIA with WebAuthn,80,842,0.002292,0.022083,0.070792,0.321375,0.419625,5500.419625
poia_webauthn,PoIA with WebAuthn,80,843,0.00225,0.0225,0.634,0.138084,0.8,5500.8
poia_webauthn,PoIA with WebAuthn,80,844,0.0025,0.022625,1.4445,0.131667,1.60425,5501.60425
poia_webauthn,PoIA with WebAuthn,80,845,0.002291,0.022208,0.624167,0.131459,0.783125,5500.783125
poia_webauthn,PoIA with WebAuthn,80,846,0.001416,0.018083,1.17875,0.127917,1.328625,5501.328625
poia_webauthn,PoIA with WebAuthn,80,847,0.001958,0.021667,1.208959,0.13225,1.367958,5501.367958
poia_webauthn,PoIA with WebAuthn,80,848,0.002334,0.022292,0.439083,0.320417,0.7875,5500.7875
poia_webauthn,PoIA with WebAuthn,80,849,0.001333,0.018417,1.595542,0.129541,1.747208,5501.747208
poia_webauthn,PoIA with WebAuthn,80,850,0.00225,0.022083,0.070958,0.320167,0.418584,5500.418584
poia_webauthn,PoIA with WebAuthn,80,851,0.002,0.02225,1.401833,1.423916,2.853167,5502.853167
poia_webauthn,PoIA with WebAuthn,80,852,0.002417,0.022333,0.071542,0.322917,0.422292,5500.422292
poia_webauthn,PoIA with WebAuthn,80,853,0.002167,0.022041,0.070542,0.135541,0.232917,5500.232917
poia_webauthn,PoIA with WebAuthn,80,854,0.002291,0.022166,0.071625,0.152583,0.251084,5500.251084
poia_webauthn,PoIA with WebAuthn,80,855,0.002084,0.02275,0.063208,0.124458,0.2145,5500.2145
poia_webauthn,PoIA with WebAuthn,80,856,0.002042,0.018584,3.194,2.027458,5.24625,5505.24625
poia_webauthn,PoIA with WebAuthn,80,857,0.002417,0.022167,0.214083,0.145292,0.386916,5500.386916
poia_webauthn,PoIA with WebAuthn,80,858,0.002375,0.022416,0.214833,0.167459,0.410583,5500.410583
poia_webauthn,PoIA with WebAuthn,80,859,0.001959,0.018292,2.079708,0.147375,2.250042,5502.250042
poia_webauthn,PoIA with WebAuthn,80,860,0.002333,0.022417,0.444584,0.322542,0.795417,5500.795417
poia_webauthn,PoIA with WebAuthn,80,861,0.002291,0.022375,0.070625,0.50325,0.601584,5500.601584
poia_webauthn,PoIA with WebAuthn,80,862,0.00225,0.022209,1.288833,0.129041,1.444833,5501.444833
poia_webauthn,PoIA with WebAuthn,80,863,0.002292,0.022542,0.184792,0.515125,0.728417,5500.728417
poia_webauthn,PoIA with WebAuthn,80,864,0.002125,0.022042,0.070542,0.316875,0.414708,5500.414708
poia_webauthn,PoIA with WebAuthn,80,865,0.002292,0.022625,0.070833,0.3135,0.41225,5500.41225
poia_webauthn,PoIA with WebAuthn,80,866,0.001916,0.021833,3.9865,0.135041,4.147875,5504.147875
poia_webauthn,PoIA with WebAuthn,80,867,0.002292,0.022041,0.070167,0.316459,0.413916,5500.413916
poia_webauthn,PoIA with WebAuthn,80,868,0.002334,0.022875,0.066416,0.308666,0.403208,5500.403208
poia_webauthn,PoIA with WebAuthn,80,869,0.002166,0.022209,1.31225,0.132583,1.471875,5501.471875
poia_webauthn,PoIA with WebAuthn,80,870,0.011875,0.018334,1.286916,1.240084,2.560292,5502.560292
poia_webauthn,PoIA with WebAuthn,80,871,0.002667,0.024125,0.32525,0.225541,0.581167,5500.581167
poia_webauthn,PoIA with WebAuthn,80,872,0.002083,0.021666,6.894084,0.1315,7.052041,5507.052041
poia_webauthn,PoIA with WebAuthn,80,873,0.002292,0.022042,0.082167,0.358,0.467083,5500.467083
poia_webauthn,PoIA with WebAuthn,80,874,0.002292,0.022666,0.072,0.304958,0.404875,5500.404875
poia_webauthn,PoIA with WebAuthn,80,875,0.002,0.022541,9.750458,0.131334,9.909209,5509.909209
poia_webauthn,PoIA with WebAuthn,80,876,0.002209,0.021958,0.174834,0.237666,0.440209,5500.440209
poia_webauthn,PoIA with WebAuthn,80,877,0.00175,0.018333,1.395959,1.4525,2.871625,5502.871625
poia_webauthn,PoIA with WebAuthn,80,878,0.001708,0.017916,1.599125,0.131291,1.752417,5501.752417
poia_webauthn,PoIA with WebAuthn,80,879,0.002417,0.022416,0.178041,0.283542,0.49,5500.49
poia_webauthn,PoIA with WebAuthn,80,880,0.001875,0.021791,2.706541,0.132584,2.865334,5502.865334
poia_webauthn,PoIA with WebAuthn,80,881,0.002458,0.02275,0.065917,0.309833,0.403959,5500.403959
poia_webauthn,PoIA with WebAuthn,80,882,0.001875,0.018,1.242166,0.127333,1.391833,5501.391833
poia_webauthn,PoIA with WebAuthn,80,883,0.001834,0.018042,1.211375,0.13125,1.365,5501.365
poia_webauthn,PoIA with WebAuthn,80,884,0.002333,0.022958,0.182,0.319209,0.530125,5500.530125
poia_webauthn,PoIA with WebAuthn,80,885,0.002292,0.022417,0.066833,0.131625,0.22575,5500.22575
poia_webauthn,PoIA with WebAuthn,80,886,0.001875,0.018208,1.12525,1.358,2.506416,5502.506416
poia_webauthn,PoIA with WebAuthn,80,887,0.002375,0.022708,0.078166,0.305375,0.411625,5500.411625
poia_webauthn,PoIA with WebAuthn,80,888,0.002166,0.019125,1.28025,0.127917,1.432,5501.432
poia_webauthn,PoIA with WebAuthn,80,889,0.002375,0.026917,0.067375,0.307666,0.407416,5500.407416
poia_webauthn,PoIA with WebAuthn,80,890,0.00225,0.022291,0.179792,0.283583,0.491542,5500.491542
poia_webauthn,PoIA with WebAuthn,80,891,0.002542,0.022916,0.502333,0.131834,0.662541,5500.662541
poia_webauthn,PoIA with WebAuthn,80,892,0.002458,0.022917,0.200125,0.316667,0.545875,5500.545875
poia_webauthn,PoIA with WebAuthn,80,893,0.00225,0.026084,0.067167,0.316209,0.414667,5500.414667
poia_webauthn,PoIA with WebAuthn,80,894,0.002417,0.0225,0.066958,0.136083,0.230583,5500.230583
poia_webauthn,PoIA with WebAuthn,80,895,0.002333,0.022583,1.150125,0.232791,1.41125,5501.41125
poia_webauthn,PoIA with WebAuthn,80,896,0.002459,0.032041,0.067208,0.310917,0.415833,5500.415833
poia_webauthn,PoIA with WebAuthn,80,897,0.002584,0.022959,0.068083,0.31075,0.407667,5500.407667
poia_webauthn,PoIA with WebAuthn,80,898,0.001791,0.017958,2.745584,0.131125,2.898917,5502.898917
poia_webauthn,PoIA with WebAuthn,80,899,0.001625,0.017958,1.362875,0.139834,1.524834,5501.524834
poia_webauthn,PoIA with WebAuthn,80,900,0.002459,0.02375,0.068792,0.390958,0.489,5500.489
poia_webauthn,PoIA with WebAuthn,80,901,0.002375,0.022667,0.070833,0.305625,0.404417,5500.404417
poia_webauthn,PoIA with WebAuthn,80,902,0.002333,0.027041,0.289,0.16075,0.48225,5500.48225
poia_webauthn,PoIA with WebAuthn,80,903,0.001583,0.01775,1.582875,0.131167,1.735875,5501.735875
poia_webauthn,PoIA with WebAuthn,80,904,0.002,0.021959,0.536125,0.321375,0.884666,5500.884666
poia_webauthn,PoIA with WebAuthn,80,905,0.002375,0.022792,0.072041,0.308958,0.40925,5500.40925
poia_webauthn,PoIA with WebAuthn,80,906,0.002667,0.026458,1.284125,1.408459,2.724958,5502.724958
poia_webauthn,PoIA with WebAuthn,80,907,0.002708,0.024291,0.299459,0.54325,0.873375,5500.873375
poia_webauthn,PoIA with WebAuthn,80,908,0.001375,0.018125,0.293458,0.377417,0.693292,5500.693292
poia_webauthn,PoIA with WebAuthn,80,909,0.001709,0.01775,2.601416,1.590875,4.214917,5504.214917
poia_webauthn,PoIA with WebAuthn,80,910,0.002334,0.022458,0.276875,0.251792,0.557083,5500.557083
poia_webauthn,PoIA with WebAuthn,80,911,0.0025,0.02325,0.246458,0.320875,0.596625,5500.596625
poia_webauthn,PoIA with WebAuthn,80,912,0.002166,0.021083,0.062167,1.30725,1.39525,5501.39525
poia_webauthn,PoIA with WebAuthn,80,913,0.002333,0.022416,0.07075,0.324542,0.423208,5500.423208
poia_webauthn,PoIA with WebAuthn,80,914,0.002375,0.022792,0.312667,0.305083,0.646416,5500.646416
poia_webauthn,PoIA with WebAuthn,80,915,0.002416,0.023375,1.29575,0.132916,1.457667,5501.457667
poia_webauthn,PoIA with WebAuthn,80,916,0.002291,0.022542,0.288833,0.3045,0.621791,5500.621791
poia_webauthn,PoIA with WebAuthn,80,917,0.002458,0.022833,0.225667,0.136334,0.390042,5500.390042
poia_webauthn,PoIA with WebAuthn,80,918,0.002458,0.022334,0.072083,0.319833,0.419583,5500.419583
poia_webauthn,PoIA with WebAuthn,80,919,0.002,0.021167,4.259083,6.059917,10.345416,5510.345416
poia_webauthn,PoIA with WebAuthn,80,920,0.002,0.02375,0.061459,0.120083,0.209167,5500.209167
poia_webauthn,PoIA with WebAuthn,80,921,0.001959,0.021416,2.725292,1.408542,4.160458,5504.160458
poia_webauthn,PoIA with WebAuthn,80,922,0.002541,0.022834,0.067541,0.307541,0.403375,5500.403375
poia_webauthn,PoIA with WebAuthn,80,923,0.00225,0.032625,0.262,0.379042,0.679583,5500.679583
poia_webauthn,PoIA with WebAuthn,80,924,0.002292,0.022791,1.879333,0.322042,2.23,5502.23
poia_webauthn,PoIA with WebAuthn,80,925,0.001666,0.01775,2.542625,0.129167,2.693583,5502.693583
poia_webauthn,PoIA with WebAuthn,80,926,0.001667,0.017959,1.481125,0.12975,1.633125,5501.633125
poia_webauthn,PoIA with WebAuthn,80,927,0.002375,0.023291,0.568458,0.311209,0.908084,5500.908084
poia_webauthn,PoIA with WebAuthn,80,928,0.0025,0.02275,0.265708,0.324334,0.619,5500.619
poia_webauthn,PoIA with WebAuthn,80,929,0.001708,0.030334,0.97675,4.044416,5.056084,5505.056084
poia_webauthn,PoIA with WebAuthn,80,930,0.002333,0.022667,0.071041,0.134917,0.2335,5500.2335
poia_webauthn,PoIA with WebAuthn,80,931,0.001375,0.017833,1.328958,0.127542,1.478,5501.478
poia_webauthn,PoIA with WebAuthn,80,932,0.001958,0.021958,2.572041,0.148334,2.746833,5502.746833
poia_webauthn,PoIA with WebAuthn,80,933,0.002292,0.022583,0.266375,0.134875,0.428834,5500.428834
poia_webauthn,PoIA with WebAuthn,80,934,0.001709,0.018041,2.332459,1.463292,3.818542,5503.818542
poia_webauthn,PoIA with WebAuthn,80,935,0.001958,0.021916,1.439333,0.146541,1.612291,5501.612291
poia_webauthn,PoIA with WebAuthn,80,936,0.002375,0.022083,0.562375,0.320208,0.910708,5500.910708
poia_webauthn,PoIA with WebAuthn,80,937,0.002417,0.039333,2.463125,0.131958,2.639958,5502.639958
poia_webauthn,PoIA with WebAuthn,80,938,0.001667,0.018042,1.468417,0.132083,1.622791,5501.622791
poia_webauthn,PoIA with WebAuthn,80,939,0.002042,0.018375,0.318125,0.488875,0.830458,5500.830458
poia_webauthn,PoIA with WebAuthn,80,940,0.001666,0.017875,0.055708,0.1245,0.201583,5500.201583
poia_webauthn,PoIA with WebAuthn,80,941,0.0025,0.02275,0.0705,0.453583,0.552292,5500.552292
poia_webauthn,PoIA with WebAuthn,80,942,0.002375,0.023583,0.063083,2.061833,2.153542,5502.153542
poia_webauthn,PoIA with WebAuthn,80,943,0.001625,0.017416,1.386375,0.134709,1.542625,5501.542625
poia_webauthn,PoIA with WebAuthn,80,944,0.0025,0.022833,0.071917,0.135959,0.235792,5500.235792
poia_webauthn,PoIA with WebAuthn,80,945,0.002208,0.022333,0.071708,0.317625,0.417,5500.417
poia_webauthn,PoIA with WebAuthn,80,946,0.002125,0.018709,2.061417,0.130791,2.215666,5502.215666
poia_webauthn,PoIA with WebAuthn,80,947,0.002417,0.022917,0.261292,0.25175,0.541917,5500.541917
poia_webauthn,PoIA with WebAuthn,80,948,0.002458,0.0225,0.295083,0.333292,0.657,5500.657
poia_webauthn,PoIA with WebAuthn,80,949,0.002,0.026542,0.316833,0.35975,0.708375,5500.708375
poia_webauthn,PoIA with WebAuthn,80,950,0.001666,0.017708,1.54325,2.268917,3.834625,5503.834625
poia_webauthn,PoIA with WebAuthn,80,951,0.002417,0.022667,0.072833,0.186541,0.2875,5500.2875
poia_webauthn,PoIA with WebAuthn,80,952,0.002375,0.022042,0.070792,0.3075,0.405917,5500.405917
poia_webauthn,PoIA with WebAuthn,80,953,0.002375,0.02225,0.070958,0.513083,0.611625,5500.611625
poia_webauthn,PoIA with WebAuthn,80,954,0.002083,0.022041,1.443792,1.145833,2.616916,5502.616916
poia_webauthn,PoIA with WebAuthn,80,955,0.002375,0.0225,0.21,0.132208,0.370041,5500.370041
poia_webauthn,PoIA with WebAuthn,80,956,0.002167,0.022125,0.070708,0.257209,0.355375,5500.355375
poia_webauthn,PoIA with WebAuthn,80,957,0.002375,0.022458,0.066167,0.32475,0.418834,5500.418834
poia_webauthn,PoIA with WebAuthn,80,958,0.002333,0.022542,0.070375,0.206333,0.304625,5500.304625
poia_webauthn,PoIA with WebAuthn,80,959,0.0015,0.018083,1.202459,0.130416,1.354917,5501.354917
poia_webauthn,PoIA with WebAuthn,80,960,0.002458,0.022125,0.471167,0.32925,0.828667,5500.828667
poia_webauthn,PoIA with WebAuthn,80,961,0.0025,0.023625,0.252458,0.336666,0.618375,5500.618375
poia_webauthn,PoIA with WebAuthn,80,962,0.002375,0.0225,0.219375,0.501666,0.749417,5500.749417
poia_webauthn,PoIA with WebAuthn,80,963,0.001584,0.01775,1.183833,0.156875,1.362583,5501.362583
poia_webauthn,PoIA with WebAuthn,80,964,0.00225,0.022083,0.204167,0.462625,0.694917,5500.694917
poia_webauthn,PoIA with WebAuthn,80,965,0.001792,0.01775,1.352417,0.146708,1.521084,5501.521084
poia_webauthn,PoIA with WebAuthn,80,966,0.002459,0.023,0.067083,0.308084,0.403584,5500.403584
poia_webauthn,PoIA with WebAuthn,80,967,0.001541,0.017667,1.39875,1.1375,2.558542,5502.558542
poia_webauthn,PoIA with WebAuthn,80,968,0.002292,0.039375,0.220042,0.138,0.402916,5500.402916
poia_webauthn,PoIA with WebAuthn,80,969,0.002166,0.021791,0.06225,1.183375,1.272083,5501.272083
poia_webauthn,PoIA with WebAuthn,80,970,0.002333,0.022458,0.066667,0.4865,0.581208,5500.581208
poia_webauthn,PoIA with WebAuthn,80,971,0.001666,0.017542,3.989125,0.132166,4.143,5504.143
poia_webauthn,PoIA with WebAuthn,80,972,0.001833,0.018916,1.267042,0.127792,1.418,5501.418
poia_webauthn,PoIA with WebAuthn,80,973,0.002375,0.022417,0.070083,0.310333,0.408292,5500.408292
poia_webauthn,PoIA with WebAuthn,80,974,0.002333,0.022209,0.0615,0.120583,0.208542,5500.208542
poia_webauthn,PoIA with WebAuthn,80,975,0.001667,0.018,0.054083,0.123292,0.198875,5500.198875
poia_webauthn,PoIA with WebAuthn,80,976,0.002334,0.022583,0.277875,0.24975,0.556125,5500.556125
poia_webauthn,PoIA with WebAuthn,80,977,0.001875,0.017875,1.779167,0.127042,1.9285,5501.9285
poia_webauthn,PoIA with WebAuthn,80,978,0.001584,0.017708,1.26025,1.316875,2.599541,5502.599541
poia_webauthn,PoIA with WebAuthn,80,979,0.002458,0.023167,0.219541,0.135,0.383083,5500.383083
poia_webauthn,PoIA with WebAuthn,80,980,0.002417,0.022875,0.260459,0.529167,0.818375,5500.818375
poia_webauthn,PoIA with WebAuthn,80,981,0.001541,0.018042,1.629084,0.13425,1.785375,5501.785375
poia_webauthn,PoIA with WebAuthn,80,982,0.002417,0.022625,0.291917,0.400125,0.720542,5500.720542
poia_webauthn,PoIA with WebAuthn,80,983,0.001709,0.017792,3.983125,0.131208,4.136333,5504.136333
poia_webauthn,PoIA with WebAuthn,80,984,0.002334,0.022292,0.070292,0.312375,0.410333,5500.410333
poia_webauthn,PoIA with WebAuthn,80,985,0.001667,0.017583,2.398042,1.94875,4.369083,5504.369083
poia_webauthn,PoIA with WebAuthn,80,986,0.002417,0.022875,0.53025,0.372958,0.931667,5500.931667
poia_webauthn,PoIA with WebAuthn,80,987,0.0015,0.017917,7.926333,1.480542,9.429208,5509.429208
poia_webauthn,PoIA with WebAuthn,80,988,0.002333,0.0225,0.370209,0.131458,0.529542,5500.529542
poia_webauthn,PoIA with WebAuthn,80,989,0.002542,0.023,0.187709,0.323167,0.539917,5500.539917
poia_webauthn,PoIA with WebAuthn,80,990,0.002,0.022292,2.500958,1.426583,3.954875,5503.954875
poia_webauthn,PoIA with WebAuthn,80,991,0.001583,0.017542,2.585,0.131333,2.737917,5502.737917
poia_webauthn,PoIA with WebAuthn,80,992,0.002584,0.02275,0.256542,0.14675,0.431708,5500.431708
poia_webauthn,PoIA with WebAuthn,80,993,0.001833,0.018166,1.1925,0.14875,1.363875,5501.363875
poia_webauthn,PoIA with WebAuthn,80,994,0.002416,0.022708,0.20125,0.499667,0.728791,5500.728791
poia_webauthn,PoIA with WebAuthn,80,995,0.002292,0.02275,0.084792,0.120916,0.233333,5500.233333
poia_webauthn,PoIA with WebAuthn,80,996,0.001625,0.018083,2.730209,1.598667,4.351792,5504.351792
poia_webauthn,PoIA with WebAuthn,80,997,0.0015,0.01775,1.290458,0.1465,1.458916,5501.458916
poia_webauthn,PoIA with WebAuthn,80,998,0.002417,0.02275,0.12675,0.313667,0.468958,5500.468958
poia_webauthn,PoIA with WebAuthn,80,999,0.002209,0.022375,0.070542,0.136375,0.234041,5500.234041
poia_webauthn,PoIA with WebAuthn,80,1000,0.002417,0.024084,0.222666,0.137583,0.389875,5500.389875
poia_webauthn,PoIA with WebAuthn,80,1001,0.002458,0.022542,0.309833,0.276458,0.614625,5500.614625
poia_webauthn,PoIA with WebAuthn,80,1002,0.001917,0.021375,1.390834,1.467917,2.885167,5502.885167
poia_webauthn,PoIA with WebAuthn,80,1003,0.002375,0.02275,0.098542,0.1605,0.287417,5500.287417
poia_webauthn,PoIA with WebAuthn,80,1004,0.002333,0.025958,0.190125,0.297708,0.519667,5500.519667
poia_webauthn,PoIA with WebAuthn,80,1005,0.002333,0.022375,0.923834,0.329791,1.281958,5501.281958
poia_webauthn,PoIA with WebAuthn,80,1006,0.00225,0.022041,0.066875,0.309917,0.404125,5500.404125
poia_webauthn,PoIA with WebAuthn,80,1007,0.002375,0.022416,1.549875,0.321458,1.89975,5501.89975
poia_webauthn,PoIA with WebAuthn,80,1008,0.001708,0.017958,2.102042,0.146833,2.271125,5502.271125
poia_webauthn,PoIA with WebAuthn,80,1009,0.002333,0.021833,0.06975,0.144375,0.240834,5500.240834
poia_webauthn,PoIA with WebAuthn,80,1010,0.00225,0.022541,0.065875,0.309708,0.403458,5500.403458
poia_webauthn,PoIA with WebAuthn,80,1011,0.0025,0.022,0.070792,0.312917,0.41125,5500.41125
poia_webauthn,PoIA with WebAuthn,80,1012,0.001833,0.040334,0.065167,1.373792,1.484,5501.484
poia_webauthn,PoIA with WebAuthn,80,1013,0.00225,0.022166,0.066958,0.312541,0.407,5500.407
poia_webauthn,PoIA with WebAuthn,80,1014,0.002,0.018292,0.207,0.124708,0.354125,5500.354125
poia_webauthn,PoIA with WebAuthn,80,1015,0.002375,0.023667,0.124417,0.332708,0.486792,5500.486792
poia_webauthn,PoIA with WebAuthn,80,1016,0.002375,0.024959,0.065834,0.308917,0.405375,5500.405375
poia_webauthn,PoIA with WebAuthn,80,1017,0.001625,0.017792,2.454959,1.289791,3.76725,5503.76725
poia_webauthn,PoIA with WebAuthn,80,1018,0.002417,0.022459,0.091416,0.2825,0.402,5500.402
poia_webauthn,PoIA with WebAuthn,80,1019,0.001708,0.018167,1.195708,1.361875,2.5805,5502.5805
poia_webauthn,PoIA with WebAuthn,80,1020,0.001875,0.021375,1.391667,1.466584,2.884625,5502.884625
poia_webauthn,PoIA with WebAuthn,80,1021,0.002583,0.022417,0.06775,0.311334,0.407166,5500.407166
poia_webauthn,PoIA with WebAuthn,80,1022,0.002334,0.022875,0.123625,0.134833,0.286625,5500.286625
poia_webauthn,PoIA with WebAuthn,80,1023,0.002375,0.0225,0.066834,0.136125,0.230417,5500.230417
poia_webauthn,PoIA with WebAuthn,80,1024,0.002375,0.022125,0.069959,0.331792,0.42925,5500.42925
poia_webauthn,PoIA with WebAuthn,80,1025,0.002292,0.022792,0.320916,0.137917,0.486875,5500.486875
poia_webauthn,PoIA with WebAuthn,80,1026,0.00175,0.018834,0.297042,0.227417,0.547875,5500.547875
poia_webauthn,PoIA with WebAuthn,80,1027,0.001834,0.017875,1.603791,0.134125,1.760166,5501.760166
poia_webauthn,PoIA with WebAuthn,80,1028,0.002333,0.025708,2.229333,1.372958,3.633875,5503.633875
poia_webauthn,PoIA with WebAuthn,80,1029,0.002375,0.022833,0.067042,0.326208,0.421583,5500.421583
poia_webauthn,PoIA with WebAuthn,80,1030,0.002208,0.022125,0.070458,0.246708,0.344459,5500.344459
poia_webauthn,PoIA with WebAuthn,80,1031,0.001875,0.021875,1.305125,0.1465,1.478167,5501.478167
poia_webauthn,PoIA with WebAuthn,80,1032,0.00225,0.023667,1.533541,2.409708,3.971958,5503.971958
poia_webauthn,PoIA with WebAuthn,80,1033,0.002459,0.022292,0.287667,0.133417,0.448625,5500.448625
poia_webauthn,PoIA with WebAuthn,80,1034,0.00175,0.017958,1.4695,0.130792,1.6225,5501.6225
poia_webauthn,PoIA with WebAuthn,80,1035,0.002417,0.022209,0.071292,0.48725,0.58625,5500.58625
poia_webauthn,PoIA with WebAuthn,80,1036,0.001917,0.02175,1.552125,0.131666,1.709916,5501.709916
poia_webauthn,PoIA with WebAuthn,80,1037,0.002375,0.022333,0.072667,0.311583,0.412,5500.412
poia_webauthn,PoIA with WebAuthn,80,1038,0.002291,0.026041,0.066792,0.307125,0.405541,5500.405541
poia_webauthn,PoIA with WebAuthn,80,1039,0.001583,0.018,2.693375,0.127542,2.843042,5502.843042
poia_webauthn,PoIA with WebAuthn,80,1040,0.00175,0.017958,2.78075,0.135417,2.938416,5502.938416
poia_webauthn,PoIA with WebAuthn,80,1041,0.002584,0.022875,0.084209,0.312041,0.424708,5500.424708
poia_webauthn,PoIA with WebAuthn,80,1042,0.001834,0.018458,6.539666,0.118417,6.680208,5506.680208
poia_webauthn,PoIA with WebAuthn,80,1043,0.0025,0.022458,0.963625,0.322125,1.314208,5501.314208
poia_webauthn,PoIA with WebAuthn,80,1044,0.001709,0.017708,2.466959,0.134791,2.62375,5502.62375
poia_webauthn,PoIA with WebAuthn,80,1045,0.002375,0.022583,0.214583,0.31175,0.554709,5500.554709
poia_webauthn,PoIA with WebAuthn,80,1046,0.002417,0.022833,1.463833,0.134875,1.627125,5501.627125
poia_webauthn,PoIA with WebAuthn,80,1047,0.002375,0.0225,0.214584,0.164958,0.408,5500.408
poia_webauthn,PoIA with WebAuthn,80,1048,0.001625,0.017916,1.135084,0.132,1.289209,5501.289209
poia_webauthn,PoIA with WebAuthn,80,1049,0.001875,0.01825,1.0585,0.134167,1.215333,5501.215333
poia_webauthn,PoIA with WebAuthn,80,1050,0.001667,0.017958,6.230792,1.443917,7.697458,5507.697458
poia_webauthn,PoIA with WebAuthn,80,1051,0.002375,0.022333,0.066291,0.43225,0.526416,5500.526416
poia_webauthn,PoIA with WebAuthn,80,1052,0.001709,0.018125,2.273792,1.433416,3.73,5503.73
poia_webauthn,PoIA with WebAuthn,80,1053,0.002459,0.022542,0.070208,0.3055,0.403625,5500.403625
poia_webauthn,PoIA with WebAuthn,80,1054,0.0025,0.0225,0.186833,0.310792,0.52625,5500.52625
poia_webauthn,PoIA with WebAuthn,80,1055,0.00225,0.022584,0.215667,0.32775,0.571667,5500.571667
poia_webauthn,PoIA with WebAuthn,80,1056,0.002375,0.022334,1.297791,4.341959,5.668167,5505.668167
poia_webauthn,PoIA with WebAuthn,80,1057,0.002291,0.022208,0.279959,0.124625,0.431625,5500.431625
poia_webauthn,PoIA with WebAuthn,80,1058,0.001917,0.018416,8.720125,0.131209,8.874166,5508.874166
poia_webauthn,PoIA with WebAuthn,80,1059,0.001625,0.017792,1.601125,1.402125,3.02575,5503.02575
poia_webauthn,PoIA with WebAuthn,80,1060,0.001833,0.018291,2.8805,0.133333,3.036542,5503.036542
poia_webauthn,PoIA with WebAuthn,80,1061,0.00225,0.022208,0.066417,0.31375,0.407666,5500.407666
poia_webauthn,PoIA with WebAuthn,80,1062,0.002625,0.0285,0.153334,0.322166,0.510208,5500.510208
poia_webauthn,PoIA with WebAuthn,80,1063,0.001708,0.017792,1.297375,0.134542,1.453916,5501.453916
poia_webauthn,PoIA with WebAuthn,80,1064,0.00225,0.02225,0.246625,0.33425,0.609083,5500.609083
poia_webauthn,PoIA with WebAuthn,80,1065,0.001667,0.01775,4.014916,0.130958,4.167792,5504.167792
poia_webauthn,PoIA with WebAuthn,80,1066,0.00225,0.022292,0.0665,0.306041,0.400125,5500.400125
poia_webauthn,PoIA with WebAuthn,80,1067,0.001583,0.017875,1.468916,0.140167,1.631083,5501.631083
poia_webauthn,PoIA with WebAuthn,80,1068,0.002334,0.0225,0.077083,0.312084,0.417042,5500.417042
poia_webauthn,PoIA with WebAuthn,80,1069,0.002208,0.023042,0.252208,0.132,0.412416,5500.412416
poia_webauthn,PoIA with WebAuthn,80,1070,0.002542,0.023292,1.447625,1.483333,2.960791,5502.960791
poia_webauthn,PoIA with WebAuthn,80,1071,0.002417,0.022167,0.069041,0.318,0.414584,5500.414584
poia_webauthn,PoIA with WebAuthn,80,1072,0.00175,0.018083,2.553167,0.128166,2.703541,5502.703541
poia_webauthn,PoIA with WebAuthn,80,1073,0.0025,0.0225,0.066667,0.321375,0.416209,5500.416209
poia_webauthn,PoIA with WebAuthn,80,1074,0.001875,0.021916,1.580375,1.426416,3.033875,5503.033875
poia_webauthn,PoIA with WebAuthn,80,1075,0.001375,0.017667,1.367833,0.12875,1.518,5501.518
poia_webauthn,PoIA with WebAuthn,80,1076,0.002458,0.022167,0.072708,0.317292,0.417625,5500.417625
poia_webauthn,PoIA with WebAuthn,80,1077,0.001584,0.018375,2.501709,1.429583,3.954167,5503.954167
poia_webauthn,PoIA with WebAuthn,80,1078,0.002208,0.02275,0.070833,0.146792,0.245208,5500.245208
poia_webauthn,PoIA with WebAuthn,80,1079,0.001959,0.01825,1.182292,0.146416,1.351583,5501.351583
poia_webauthn,PoIA with WebAuthn,80,1080,0.002292,0.022208,0.082625,0.306542,0.416625,5500.416625
poia_webauthn,PoIA with WebAuthn,80,1081,0.002375,0.023042,2.955833,2.599291,5.594208,5505.594208
poia_webauthn,PoIA with WebAuthn,80,1082,0.002291,0.022541,1.923084,0.316209,2.267583,5502.267583
poia_webauthn,PoIA with WebAuthn,80,1083,0.002375,0.022458,0.261083,0.320959,0.610458,5500.610458
poia_webauthn,PoIA with WebAuthn,80,1084,0.00175,0.01825,1.948958,0.145125,2.116834,5502.116834
poia_webauthn,PoIA with WebAuthn,80,1085,0.002416,0.023167,0.548708,0.131,0.708209,5500.708209
poia_webauthn,PoIA with WebAuthn,80,1086,0.002209,0.026292,1.295042,1.482625,2.809709,5502.809709
poia_webauthn,PoIA with WebAuthn,80,1087,0.002334,0.026375,0.22475,0.132125,0.388458,5500.388458
poia_webauthn,PoIA with WebAuthn,80,1088,0.002292,0.02275,0.28875,0.320333,0.64575,5500.64575
poia_webauthn,PoIA with WebAuthn,80,1089,0.002125,0.021583,1.173083,1.029584,2.229583,5502.229583
poia_webauthn,PoIA with WebAuthn,80,1090,0.002458,0.022083,0.070542,0.322459,0.420583,5500.420583
poia_webauthn,PoIA with WebAuthn,80,1091,0.001667,0.017625,2.634625,0.130375,2.786792,5502.786792
poia_webauthn,PoIA with WebAuthn,80,1092,0.001625,0.017958,0.056125,1.136583,1.214833,5501.214833
poia_webauthn,PoIA with WebAuthn,80,1093,0.002334,0.023375,1.260833,0.141542,1.431167,5501.431167
poia_webauthn,PoIA with WebAuthn,80,1094,0.002375,0.022416,0.396375,0.147791,0.572042,5500.572042
poia_webauthn,PoIA with WebAuthn,80,1095,0.001625,0.017958,0.231917,0.121375,0.374791,5500.374791
poia_webauthn,PoIA with WebAuthn,80,1096,0.002334,0.02225,0.067916,0.13625,0.231208,5500.231208
poia_webauthn,PoIA with WebAuthn,80,1097,0.0025,0.022833,0.317583,0.354625,0.701209,5500.701209
poia_webauthn,PoIA with WebAuthn,80,1098,0.00175,0.018125,0.056041,0.118833,0.196708,5500.196708
poia_webauthn,PoIA with WebAuthn,80,1099,0.001792,0.021875,1.291292,1.300041,2.618208,5502.618208
poia_webauthn,PoIA with WebAuthn,80,1100,0.002208,0.021833,0.069916,0.326583,0.423625,5500.423625
poia_webauthn,PoIA with WebAuthn,80,1101,0.002333,0.022583,0.322167,0.23825,0.588625,5500.588625
poia_webauthn,PoIA with WebAuthn,80,1102,0.002542,0.023333,0.18575,0.158416,0.37325,5500.37325
poia_webauthn,PoIA with WebAuthn,80,1103,0.002334,0.022334,0.08275,0.153917,0.264458,5500.264458
poia_webauthn,PoIA with WebAuthn,80,1104,0.001667,0.022208,0.33375,0.332166,0.693083,5500.693083
poia_webauthn,PoIA with WebAuthn,80,1105,0.001542,0.028375,1.4505,0.129667,1.612709,5501.612709
poia_webauthn,PoIA with WebAuthn,80,1106,0.002208,0.022333,0.116834,0.236584,0.381625,5500.381625
poia_webauthn,PoIA with WebAuthn,80,1107,0.001875,0.027709,1.371917,1.4455,2.850166,5502.850166
poia_webauthn,PoIA with WebAuthn,80,1108,0.001917,0.021916,1.438417,0.128208,1.593084,5501.593084
poia_webauthn,PoIA with WebAuthn,80,1109,0.002166,0.022666,0.07,0.317792,0.415709,5500.415709
poia_webauthn,PoIA with WebAuthn,80,1110,0.00225,0.022208,0.202834,0.288833,0.519709,5500.519709
poia_webauthn,PoIA with WebAuthn,80,1111,0.00225,0.022292,0.203208,0.290458,0.521875,5500.521875
poia_webauthn,PoIA with WebAuthn,80,1112,0.002208,0.022333,0.250292,0.39025,0.668792,5500.668792
poia_webauthn,PoIA with WebAuthn,80,1113,0.002417,0.022208,0.0775,0.308208,0.413334,5500.413334
poia_webauthn,PoIA with WebAuthn,80,1114,0.001625,0.017792,7.97625,3.05175,11.050375,5511.050375
poia_webauthn,PoIA with WebAuthn,80,1115,0.002541,0.023708,0.068458,0.484125,0.581959,5500.581959
poia_webauthn,PoIA with WebAuthn,80,1116,0.001958,0.021333,2.31725,0.131958,2.475,5502.475
poia_webauthn,PoIA with WebAuthn,80,1117,0.002375,0.02225,0.070209,0.313625,0.411458,5500.411458
poia_webauthn,PoIA with WebAuthn,80,1118,0.002292,0.022334,0.070291,0.311708,0.409875,5500.409875
poia_webauthn,PoIA with WebAuthn,80,1119,0.002125,0.021917,4.1115,0.135542,4.273834,5504.273834
poia_webauthn,PoIA with WebAuthn,80,1120,0.001375,0.018,2.278209,2.555291,4.855959,5504.855959
poia_webauthn,PoIA with WebAuthn,80,1121,0.001791,0.017792,2.286042,0.131291,2.439417,5502.439417
poia_webauthn,PoIA with WebAuthn,80,1122,0.001625,0.017959,0.055875,0.118542,0.195875,5500.195875
poia_webauthn,PoIA with WebAuthn,80,1123,0.00225,0.022167,0.080708,0.306041,0.414042,5500.414042
poia_webauthn,PoIA with WebAuthn,80,1124,0.001666,0.017875,2.607958,0.131084,2.760958,5502.760958
poia_webauthn,PoIA with WebAuthn,80,1125,0.001792,0.01775,2.405333,0.132458,2.559791,5502.559791
poia_webauthn,PoIA with WebAuthn,80,1126,0.002375,0.026584,0.070666,0.317583,0.420125,5500.420125
poia_webauthn,PoIA with WebAuthn,80,1127,0.002709,0.02475,0.382333,0.429917,0.842875,5500.842875
poia_webauthn,PoIA with WebAuthn,80,1128,0.001959,0.017625,2.401667,8.780958,11.205083,5511.205083
poia_webauthn,PoIA with WebAuthn,80,1129,0.002334,0.022209,0.069875,0.311125,0.408375,5500.408375
poia_webauthn,PoIA with WebAuthn,80,1130,0.001834,0.018,4.77675,0.132917,4.931958,5504.931958
poia_webauthn,PoIA with WebAuthn,80,1131,0.002042,0.02225,2.610917,0.132792,2.770542,5502.770542
poia_webauthn,PoIA with WebAuthn,80,1132,0.002417,0.022542,0.067042,0.1355,0.230125,5500.230125
poia_webauthn,PoIA with WebAuthn,80,1133,0.001666,0.021625,0.055042,2.272375,2.353167,5502.353167
poia_webauthn,PoIA with WebAuthn,80,1134,0.002,0.022083,6.093916,0.131709,6.252209,5506.252209
poia_webauthn,PoIA with WebAuthn,80,1135,0.002291,0.022333,0.070542,0.3145,0.412625,5500.412625
poia_webauthn,PoIA with WebAuthn,80,1136,0.001417,0.018042,2.494625,0.127542,2.643959,5502.643959
poia_webauthn,PoIA with WebAuthn,80,1137,0.001959,0.022208,4.289417,0.136375,4.452542,5504.452542
poia_webauthn,PoIA with WebAuthn,80,1138,0.00225,0.021958,0.070042,0.305583,0.402833,5500.402833
poia_webauthn,PoIA with WebAuthn,80,1139,0.00175,0.017709,2.286167,0.130916,2.438916,5502.438916
poia_webauthn,PoIA with WebAuthn,80,1140,0.001708,0.045209,6.571667,0.140542,6.762167,5506.762167
poia_webauthn,PoIA with WebAuthn,80,1141,0.002208,0.02225,0.066208,0.310708,0.404291,5500.404291
poia_webauthn,PoIA with WebAuthn,80,1142,0.001917,0.02175,12.876541,0.1165,13.018583,5513.018583
poia_webauthn,PoIA with WebAuthn,80,1143,0.002458,0.022792,0.127042,0.146959,0.302209,5500.302209
poia_webauthn,PoIA with WebAuthn,80,1144,0.001917,0.01775,2.895208,10.69275,13.610667,5513.610667
poia_webauthn,PoIA with WebAuthn,80,1145,0.00225,0.022,0.066375,0.361625,0.455083,5500.455083
poia_webauthn,PoIA with WebAuthn,80,1146,0.001875,0.018,2.19125,0.128375,2.341833,5502.341833
poia_webauthn,PoIA with WebAuthn,80,1147,0.002125,0.022125,0.066125,0.147208,0.240125,5500.240125
poia_webauthn,PoIA with WebAuthn,80,1148,0.001708,0.017875,4.20275,0.129667,4.354375,5504.354375
poia_webauthn,PoIA with WebAuthn,80,1149,0.00225,0.022125,1.928125,0.458292,2.414292,5502.414292
poia_webauthn,PoIA with WebAuthn,80,1150,0.002,0.02175,2.616875,2.351334,4.994625,5504.994625
poia_webauthn,PoIA with WebAuthn,80,1151,0.002333,0.022042,0.442208,0.261542,0.73175,5500.73175
poia_webauthn,PoIA with WebAuthn,80,1152,0.001958,0.018,18.293208,0.131875,18.447666,5518.447666
poia_webauthn,PoIA with WebAuthn,80,1153,0.002375,0.022042,0.069584,0.302667,0.399542,5500.399542
poia_webauthn,PoIA with WebAuthn,80,1154,0.001875,0.017917,2.171084,2.390791,4.585125,5504.585125
poia_webauthn,PoIA with WebAuthn,80,1155,0.002,0.02175,2.665959,1.980834,4.672917,5504.672917
poia_webauthn,PoIA with WebAuthn,80,1156,0.002208,0.022583,0.066,0.332584,0.426333,5500.426333
poia_webauthn,PoIA with WebAuthn,80,1157,0.0025,0.02275,0.258666,0.142417,0.42925,5500.42925
poia_webauthn,PoIA with WebAuthn,80,1158,0.001666,0.021666,2.325083,0.136167,2.487,5502.487
poia_webauthn,PoIA with WebAuthn,80,1159,0.002375,0.023292,0.071625,0.566334,0.666625,5500.666625
poia_webauthn,PoIA with WebAuthn,80,1160,0.002375,0.023208,0.067333,0.323208,0.419,5500.419
poia_webauthn,PoIA with WebAuthn,80,1161,0.001625,0.018,8.267625,0.129,8.418708,5508.418708
poia_webauthn,PoIA with WebAuthn,80,1162,0.001542,0.017792,2.335291,0.151458,2.508667,5502.508667
poia_webauthn,PoIA with WebAuthn,80,1163,0.002292,0.02175,0.071625,0.130333,0.228459,5500.228459
poia_webauthn,PoIA with WebAuthn,80,1164,0.001708,0.017792,4.431042,10.396041,14.849,5514.849
poia_webauthn,PoIA with WebAuthn,80,1165,0.002333,0.022834,0.066333,0.305333,0.39975,5500.39975
poia_webauthn,PoIA with WebAuthn,80,1166,0.001792,0.018458,8.561042,0.133041,8.716792,5508.716792
poia_webauthn,PoIA with WebAuthn,80,1167,0.002458,0.02275,0.292959,0.350666,0.672416,5500.672416
poia_webauthn,PoIA with WebAuthn,80,1168,0.002417,0.022833,7.644292,0.134375,7.807125,5507.807125
poia_webauthn,PoIA with WebAuthn,80,1169,0.001666,0.017917,0.056125,0.119292,0.196833,5500.196833
poia_webauthn,PoIA with WebAuthn,80,1170,0.00175,0.017958,7.505958,0.130875,7.658959,5507.658959
poia_webauthn,PoIA with WebAuthn,80,1171,0.002291,0.022,0.069708,0.477209,0.574083,5500.574083
poia_webauthn,PoIA with WebAuthn,80,1172,0.002208,0.018125,2.614959,0.130958,2.768875,5502.768875
poia_webauthn,PoIA with WebAuthn,80,1173,0.002334,0.022541,0.410334,0.495083,0.933708,5500.933708
poia_webauthn,PoIA with WebAuthn,80,1174,0.00225,0.018875,2.501541,0.130917,2.656083,5502.656083
poia_webauthn,PoIA with WebAuthn,80,1175,0.00175,0.017666,1.935583,0.145,2.102417,5502.102417
poia_webauthn,PoIA with WebAuthn,80,1176,0.002834,0.022375,0.249084,0.301625,0.588291,5500.588291
poia_webauthn,PoIA with WebAuthn,80,1177,0.002584,0.022625,0.382125,0.437792,0.848666,5500.848666
poia_webauthn,PoIA with WebAuthn,80,1178,0.002,0.018667,2.670125,0.126833,2.820208,5502.820208
poia_webauthn,PoIA with WebAuthn,80,1179,0.002375,0.022625,0.066542,0.323209,0.417667,5500.417667
poia_webauthn,PoIA with WebAuthn,80,1180,0.001708,0.017792,2.48775,0.127291,2.636875,5502.636875
poia_webauthn,PoIA with WebAuthn,80,1181,0.002292,0.022291,0.070375,0.307333,0.405167,5500.405167
poia_webauthn,PoIA with WebAuthn,80,1182,0.002167,0.023458,2.641875,0.135416,2.8055,5502.8055
poia_webauthn,PoIA with WebAuthn,80,1183,0.002041,0.022167,8.380333,0.661125,9.068417,5509.068417
poia_webauthn,PoIA with WebAuthn,80,1184,0.002417,0.055542,0.363,0.478416,0.903041,5500.903041
poia_webauthn,PoIA with WebAuthn,80,1185,0.002458,0.022417,0.310875,0.277209,0.616417,5500.616417
poia_webauthn,PoIA with WebAuthn,80,1186,0.0025,0.0195,2.65875,2.61975,5.303916,5505.303916
poia_webauthn,PoIA with WebAuthn,80,1187,0.002333,0.022791,0.290084,0.2285,0.547042,5500.547042
poia_webauthn,PoIA with WebAuthn,80,1188,0.001958,0.017959,7.678833,0.123958,7.8245,5507.8245
poia_webauthn,PoIA with WebAuthn,80,1189,0.002167,0.022333,0.0705,0.307334,0.405333,5500.405333
poia_webauthn,PoIA with WebAuthn,80,1190,0.002541,0.023791,0.072709,0.188083,0.290208,5500.290208
poia_webauthn,PoIA with WebAuthn,80,1191,0.001666,0.017875,5.080792,0.131334,5.234125,5505.234125
poia_webauthn,PoIA with WebAuthn,80,1192,0.001834,0.017792,6.49025,0.133792,6.646125,5506.646125
poia_webauthn,PoIA with WebAuthn,80,1193,0.003416,0.0445,2.519625,0.352916,2.923416,5502.923416
poia_webauthn,PoIA with WebAuthn,80,1194,0.002333,0.022459,0.125166,0.319875,0.473333,5500.473333
poia_webauthn,PoIA with WebAuthn,80,1195,0.002291,0.02225,3.875792,0.131625,4.034916,5504.034916
poia_webauthn,PoIA with WebAuthn,80,1196,0.002292,0.02225,0.069292,0.310792,0.407667,5500.407667
poia_webauthn,PoIA with WebAuthn,80,1197,0.002041,0.022583,0.063916,0.1215,0.212125,5500.212125
poia_webauthn,PoIA with WebAuthn,80,1198,0.001708,0.017833,5.087625,0.140833,5.250542,5505.250542
poia_webauthn,PoIA with WebAuthn,80,1199,0.002375,0.022375,0.070375,0.135792,0.2335,5500.2335
poia_webauthn,PoIA with WebAuthn,80,1200,0.001875,0.023167,2.617417,2.451208,5.096416,5505.096416
poia_webauthn,PoIA with WebAuthn,80,1201,0.002292,0.021625,0.070667,0.307416,0.404958,5500.404958
poia_webauthn,PoIA with WebAuthn,80,1202,0.001834,0.017583,2.257333,0.15025,2.429208,5502.429208
poia_webauthn,PoIA with WebAuthn,80,1203,0.002375,0.023,0.183875,0.523917,0.736583,5500.736583
poia_webauthn,PoIA with WebAuthn,80,1204,0.00175,0.018208,2.579084,0.1315,2.733083,5502.733083
poia_webauthn,PoIA with WebAuthn,80,1205,0.001375,0.018,0.055666,4.311791,4.389375,5504.389375
poia_webauthn,PoIA with WebAuthn,80,1206,0.001792,0.017666,5.094292,0.139708,5.255959,5505.255959
poia_webauthn,PoIA with WebAuthn,80,1207,0.00225,0.02225,0.070583,0.315666,0.413834,5500.413834
poia_webauthn,PoIA with WebAuthn,80,1208,0.001917,0.022083,2.886583,0.133958,3.047042,5503.047042
poia_webauthn,PoIA with WebAuthn,80,1209,0.00225,0.021959,0.066041,0.306875,0.400167,5500.400167
poia_webauthn,PoIA with WebAuthn,80,1210,0.001209,0.017584,2.391166,0.132542,2.544958,5502.544958
poia_webauthn,PoIA with WebAuthn,80,1211,0.002209,0.021792,7.669958,2.587709,10.284666,5510.284666
poia_webauthn,PoIA with WebAuthn,80,1212,0.00225,0.025625,0.066542,0.3075,0.404958,5500.404958
poia_webauthn,PoIA with WebAuthn,80,1213,0.002334,0.026458,0.368708,0.334167,0.73525,5500.73525
poia_webauthn,PoIA with WebAuthn,80,1214,0.002459,0.022875,0.214708,0.1735,0.417,5500.417
poia_webauthn,PoIA with WebAuthn,80,1215,0.002208,0.019625,0.0625,0.122375,0.208666,5500.208666
poia_webauthn,PoIA with WebAuthn,80,1216,0.002125,0.022083,2.092917,0.131,2.25075,5502.25075
poia_webauthn,PoIA with WebAuthn,80,1217,0.001625,0.028417,2.093209,0.134333,2.260208,5502.260208
poia_webauthn,PoIA with WebAuthn,80,1218,0.00225,0.022,0.960125,0.142458,1.129792,5501.129792
poia_webauthn,PoIA with WebAuthn,80,1219,0.001792,0.018208,5.179583,0.150334,5.352542,5505.352542
poia_webauthn,PoIA with WebAuthn,80,1220,0.00225,0.022166,0.069875,0.142834,0.239667,5500.239667
poia_webauthn,PoIA with WebAuthn,80,1221,0.002417,0.022125,0.069875,0.151583,0.248542,5500.248542
poia_webauthn,PoIA with WebAuthn,80,1222,0.002375,0.022458,0.992042,0.423333,1.44375,5501.44375
poia_webauthn,PoIA with WebAuthn,80,1223,0.001667,0.017417,2.220375,0.157541,2.3995,5502.3995
poia_webauthn,PoIA with WebAuthn,80,1224,0.002292,0.023083,0.263625,0.281375,0.573875,5500.573875
poia_webauthn,PoIA with WebAuthn,80,1225,0.001709,0.017667,1.917708,6.35225,8.292667,5508.292667
poia_webauthn,PoIA with WebAuthn,80,1226,0.001875,0.017833,2.026875,0.127083,2.176167,5502.176167
poia_webauthn,PoIA with WebAuthn,80,1227,0.00225,0.022459,0.065791,0.501,0.594375,5500.594375
poia_webauthn,PoIA with WebAuthn,80,1228,0.001917,0.019375,2.926,0.128375,3.078125,5503.078125
poia_webauthn,PoIA with WebAuthn,80,1229,0.001917,0.01775,4.111041,0.13425,4.267583,5504.267583
poia_webauthn,PoIA with WebAuthn,80,1230,0.002042,0.017833,6.250208,0.136834,6.4095,5506.4095
poia_webauthn,PoIA with WebAuthn,80,1231,0.002334,0.022,0.070083,0.303208,0.400625,5500.400625
poia_webauthn,PoIA with WebAuthn,80,1232,0.002292,0.022125,0.070458,0.308375,0.406209,5500.406209
poia_webauthn,PoIA with WebAuthn,80,1233,0.00175,0.017792,9.994833,2.713584,12.730958,5512.730958
poia_webauthn,PoIA with WebAuthn,80,1234,0.002291,0.034291,0.534791,0.502917,1.077833,5501.077833
poia_webauthn,PoIA with WebAuthn,80,1235,0.001917,0.021959,0.058041,0.119333,0.203167,5500.203167
poia_webauthn,PoIA with WebAuthn,80,1236,0.001916,0.02125,0.06225,0.12275,0.210042,5500.210042
poia_webauthn,PoIA with WebAuthn,80,1237,0.00225,0.022208,0.070291,0.306666,0.404333,5500.404333
poia_webauthn,PoIA with WebAuthn,80,1238,0.0025,0.022667,0.570833,0.497833,1.097333,5501.097333
poia_webauthn,PoIA with WebAuthn,80,1239,0.001958,0.021167,2.246166,0.191625,2.464083,5502.464083
poia_webauthn,PoIA with WebAuthn,80,1240,0.002417,0.022541,0.070042,0.4925,0.590542,5500.590542
poia_webauthn,PoIA with WebAuthn,80,1241,0.001792,0.020042,2.154541,5.582667,7.761375,5507.761375
poia_webauthn,PoIA with WebAuthn,80,1242,0.002083,0.018083,5.272625,5.757792,11.05375,5511.05375
poia_webauthn,PoIA with WebAuthn,80,1243,0.002333,0.022542,0.066167,0.306583,0.400583,5500.400583
poia_webauthn,PoIA with WebAuthn,80,1244,0.00225,0.022583,0.070209,0.286959,0.384875,5500.384875
poia_webauthn,PoIA with WebAuthn,80,1245,0.002334,0.021583,0.0705,0.30975,0.416167,5500.416167
poia_webauthn,PoIA with WebAuthn,80,1246,0.00175,0.017917,4.450625,0.13125,4.604083,5504.604083
poia_webauthn,PoIA with WebAuthn,80,1247,0.002292,0.031208,0.068625,0.304792,0.410041,5500.410041
poia_webauthn,PoIA with WebAuthn,80,1248,0.001333,0.017708,9.897083,2.673833,12.593042,5512.593042
poia_webauthn,PoIA with WebAuthn,80,1249,0.001709,0.018416,0.055583,0.11825,0.195958,5500.195958
poia_webauthn,PoIA with WebAuthn,80,1250,0.001959,0.021958,2.615459,0.129625,2.771625,5502.771625
poia_webauthn,PoIA with WebAuthn,80,1251,0.00225,0.021959,0.070166,0.315584,0.412917,5500.412917
poia_webauthn,PoIA with WebAuthn,80,1252,0.002208,0.026834,2.659667,10.157,12.848916,5512.848916
poia_webauthn,PoIA with WebAuthn,80,1253,0.002042,0.019125,2.475333,0.135959,2.635,5502.635
poia_webauthn,PoIA with WebAuthn,80,1254,0.002416,0.024333,0.21475,0.164125,0.409125,5500.409125
poia_webauthn,PoIA with WebAuthn,80,1255,0.001833,0.017959,2.082625,0.131083,2.236084,5502.236084
poia_webauthn,PoIA with WebAuthn,80,1256,0.002333,0.021875,0.070333,0.314334,0.411834,5500.411834
poia_webauthn,PoIA with WebAuthn,80,1257,0.00225,0.034667,0.344083,0.235792,0.620084,5500.620084
poia_webauthn,PoIA with WebAuthn,80,1258,0.001708,0.01825,5.130167,0.123958,5.276,5505.276
poia_webauthn,PoIA with WebAuthn,80,1259,0.002417,0.022541,0.599542,0.31825,0.94625,5500.94625
poia_webauthn,PoIA with WebAuthn,80,1260,0.002125,0.022083,2.441375,10.177125,12.645875,5512.645875
poia_webauthn,PoIA with WebAuthn,80,1261,0.002375,0.026333,2.93475,2.892083,5.858959,5505.858959
poia_webauthn,PoIA with WebAuthn,80,1262,0.002,0.017666,2.189292,0.14325,2.35475,5502.35475
poia_webauthn,PoIA with WebAuthn,80,1263,0.002833,0.0245,1.634917,0.443,2.108833,5502.108833
poia_webauthn,PoIA with WebAuthn,80,1264,0.00225,0.022,0.070042,0.306834,0.404167,5500.404167
poia_webauthn,PoIA with WebAuthn,80,1265,0.001709,0.017708,2.702833,0.135917,2.86075,5502.86075
poia_webauthn,PoIA with WebAuthn,80,1266,0.002292,0.021625,0.071625,0.30575,0.404208,5500.404208
poia_webauthn,PoIA with WebAuthn,80,1267,0.002,0.025292,2.846291,16.950167,19.826875,5519.826875
poia_webauthn,PoIA with WebAuthn,80,1268,0.002417,0.023042,1.411791,0.304917,1.745208,5501.745208
poia_webauthn,PoIA with WebAuthn,80,1269,0.001833,0.018125,0.056875,2.196166,2.275375,5502.275375
poia_webauthn,PoIA with WebAuthn,80,1270,0.002292,0.021917,0.070292,0.306375,0.403833,5500.403833
poia_webauthn,PoIA with WebAuthn,80,1271,0.002125,0.021667,15.104042,0.12075,15.250333,5515.250333
poia_webauthn,PoIA with WebAuthn,80,1272,0.001709,0.018042,10.334792,0.145666,10.50325,5510.50325
poia_webauthn,PoIA with WebAuthn,80,1273,0.001708,0.017834,2.5855,0.130791,2.738292,5502.738292
poia_webauthn,PoIA with WebAuthn,80,1274,0.001834,0.021042,5.194958,0.148416,5.368709,5505.368709
poia_webauthn,PoIA with WebAuthn,80,1275,0.002333,0.022125,0.07125,0.307833,0.406459,5500.406459
poia_webauthn,PoIA with WebAuthn,80,1276,0.002083,0.022042,0.374667,17.328042,17.729416,5517.729416
poia_webauthn,PoIA with WebAuthn,80,1277,0.00225,0.021875,0.072375,0.304709,0.404084,5500.404084
poia_webauthn,PoIA with WebAuthn,80,1278,0.002042,0.021333,2.857459,0.130792,3.014333,5503.014333
poia_webauthn,PoIA with WebAuthn,80,1279,0.002166,0.023416,0.084791,0.321917,0.435333,5500.435333
poia_webauthn,PoIA with WebAuthn,80,1280,0.00225,0.027,1.981667,0.143667,2.157625,5502.157625
poia_webauthn,PoIA with WebAuthn,80,1281,0.001958,0.026625,2.553083,0.145167,2.7295,5502.7295
poia_webauthn,PoIA with WebAuthn,80,1282,0.002291,0.032291,0.06925,0.308583,0.415458,5500.415458
poia_webauthn,PoIA with WebAuthn,80,1283,0.00225,0.026041,0.371125,0.132208,0.534709,5500.534709
poia_webauthn,PoIA with WebAuthn,80,1284,0.001917,0.018,12.781791,0.135834,12.940125,5512.940125
poia_webauthn,PoIA with WebAuthn,80,1285,0.002541,0.022083,0.280375,0.320625,0.628917,5500.628917
poia_webauthn,PoIA with WebAuthn,80,1286,0.001625,0.018042,15.744625,0.129417,15.895625,5515.895625
poia_webauthn,PoIA with WebAuthn,80,1287,0.002292,0.022792,0.200541,0.240208,0.469417,5500.469417
poia_webauthn,PoIA with WebAuthn,80,1288,0.002292,0.021875,0.07075,0.307083,0.404875,5500.404875
poia_webauthn,PoIA with WebAuthn,80,1289,0.002292,0.022875,0.667667,0.473292,1.172792,5501.172792
poia_webauthn,PoIA with WebAuthn,80,1290,0.002375,0.021875,0.069459,0.136459,0.232708,5500.232708
poia_webauthn,PoIA with WebAuthn,80,1291,0.001833,0.018167,2.836542,0.121042,2.979375,5502.979375
poia_webauthn,PoIA with WebAuthn,80,1292,0.002334,0.025584,0.076167,0.310375,0.417375,5500.417375
poia_webauthn,PoIA with WebAuthn,80,1293,0.002292,0.018875,2.117167,4.527208,6.668709,5506.668709
poia_webauthn,PoIA with WebAuthn,80,1294,0.002292,0.022042,0.069375,0.519416,0.616,5500.616
poia_webauthn,PoIA with WebAuthn,80,1295,0.001708,0.017708,2.78525,0.140917,2.948167,5502.948167
poia_webauthn,PoIA with WebAuthn,80,1296,0.00225,0.022041,0.066834,0.185375,0.279208,5500.279208
poia_webauthn,PoIA with WebAuthn,80,1297,0.001708,0.017958,21.628709,1.336333,22.986875,5522.986875
poia_webauthn,PoIA with WebAuthn,80,1298,0.00225,0.022,0.066042,0.343542,0.436792,5500.436792
poia_webauthn,PoIA with WebAuthn,80,1299,0.002291,0.021583,0.069167,0.306416,0.40225,5500.40225
poia_webauthn,PoIA with WebAuthn,80,1300,0.001709,0.021541,2.267167,0.347541,2.640541,5502.640541
poia_webauthn,PoIA with WebAuthn,80,1301,0.002209,0.021917,0.072,0.356459,0.455583,5500.455583
poia_webauthn,PoIA with WebAuthn,80,1302,0.001666,0.01775,10.097209,0.133042,10.25225,5510.25225
poia_webauthn,PoIA with WebAuthn,80,1303,0.002375,0.021958,0.071459,0.305584,0.40425,5500.40425
poia_webauthn,PoIA with WebAuthn,80,1304,0.001667,0.017666,4.941,10.505125,15.468541,5515.468541
poia_webauthn,PoIA with WebAuthn,80,1305,0.00225,0.02275,0.066458,0.305,0.399333,5500.399333
poia_webauthn,PoIA with WebAuthn,80,1306,0.001667,0.021167,4.213583,0.151667,4.39075,5504.39075
poia_webauthn,PoIA with WebAuthn,80,1307,0.001666,0.017584,1.988792,0.133083,2.143583,5502.143583
poia_webauthn,PoIA with WebAuthn,80,1308,0.002209,0.034958,0.069583,0.3085,0.418167,5500.418167
poia_webauthn,PoIA with WebAuthn,80,1309,0.00175,0.01775,2.024375,0.131042,2.177292,5502.177292
poia_webauthn,PoIA with WebAuthn,80,1310,0.002375,0.022292,0.069917,0.1365,0.233583,5500.233583
poia_webauthn,PoIA with WebAuthn,80,1311,0.002292,0.021875,0.069959,0.32175,0.418792,5500.418792
poia_webauthn,PoIA with WebAuthn,80,1312,0.001875,0.017666,2.793584,0.134333,2.949958,5502.949958
poia_webauthn,PoIA with WebAuthn,80,1313,0.001792,0.017875,2.60325,0.131625,2.757,5502.757
poia_webauthn,PoIA with WebAuthn,80,1314,0.002292,0.021958,0.06975,0.325042,0.421875,5500.421875
poia_webauthn,PoIA with WebAuthn,80,1315,0.002458,0.034708,0.283708,0.267083,0.591625,5500.591625
poia_webauthn,PoIA with WebAuthn,80,1316,0.002292,0.022,0.070042,0.555875,0.653167,5500.653167
poia_webauthn,PoIA with WebAuthn,80,1317,0.001625,0.017792,2.753041,17.3135,20.088416,5520.088416
poia_webauthn,PoIA with WebAuthn,80,1318,0.001959,0.021416,4.271959,2.108125,6.406458,5506.406458
poia_webauthn,PoIA with WebAuthn,80,1319,0.002292,0.018958,1.859167,0.14025,2.023375,5502.023375
poia_webauthn,PoIA with WebAuthn,80,1320,0.002416,0.022084,0.069333,0.306125,0.403042,5500.403042
poia_webauthn,PoIA with WebAuthn,80,1321,0.00175,0.017625,2.610875,0.141584,2.77425,5502.77425
poia_webauthn,PoIA with WebAuthn,80,1322,0.002417,0.022584,0.066583,0.306042,0.400542,5500.400542
poia_webauthn,PoIA with WebAuthn,80,1323,0.0025,0.022208,0.07075,0.305875,0.404375,5500.404375
poia_webauthn,PoIA with WebAuthn,80,1324,0.001667,0.017459,4.995,0.140167,5.157,5505.157
poia_webauthn,PoIA with WebAuthn,80,1325,0.00225,0.021958,0.071042,0.120041,0.217625,5500.217625
poia_webauthn,PoIA with WebAuthn,80,1326,0.002333,0.0235,0.216,0.383333,0.628625,5500.628625
poia_webauthn,PoIA with WebAuthn,80,1327,0.001458,0.018125,2.438875,0.131833,2.592667,5502.592667
poia_webauthn,PoIA with WebAuthn,80,1328,0.002292,0.033875,0.070834,0.311375,0.421375,5500.421375
poia_webauthn,PoIA with WebAuthn,80,1329,0.002542,0.022542,0.289791,0.271583,0.589958,5500.589958
poia_webauthn,PoIA with WebAuthn,80,1330,0.001916,0.017708,2.448,7.540125,10.010833,5510.010833
poia_webauthn,PoIA with WebAuthn,80,1331,0.002334,0.022375,0.069875,0.303875,0.401417,5500.401417
poia_webauthn,PoIA with WebAuthn,80,1332,0.002375,0.022959,2.077458,0.284334,2.390583,5502.390583
poia_webauthn,PoIA with WebAuthn,80,1333,0.002333,0.023,0.066042,0.304292,0.398625,5500.398625
poia_webauthn,PoIA with WebAuthn,80,1334,0.004125,0.021791,2.305833,5.080375,7.4155,5507.4155
poia_webauthn,PoIA with WebAuthn,80,1335,0.002334,0.022375,0.216417,0.334833,0.579541,5500.579541
poia_webauthn,PoIA with WebAuthn,80,1336,0.001875,0.020958,4.873959,0.152833,5.052292,5505.052292
poia_webauthn,PoIA with WebAuthn,80,1337,0.002208,0.0225,1.029167,0.29725,1.354625,5501.354625
poia_webauthn,PoIA with WebAuthn,80,1338,0.002333,0.022208,0.217625,0.325375,0.570958,5500.570958
poia_webauthn,PoIA with WebAuthn,80,1339,0.001916,0.021625,0.06125,0.126708,0.213292,5500.213292
poia_webauthn,PoIA with WebAuthn,80,1340,0.002125,0.022,0.371833,0.149333,0.548375,5500.548375
poia_webauthn,PoIA with WebAuthn,80,1341,0.002292,0.022417,0.220625,0.137792,0.386084,5500.386084
poia_webauthn,PoIA with WebAuthn,80,1342,0.001541,0.018292,7.508791,6.861375,14.392417,5514.392417
poia_webauthn,PoIA with WebAuthn,80,1343,0.002333,0.022875,0.262208,0.525292,0.816166,5500.816166
poia_webauthn,PoIA with WebAuthn,80,1344,0.00225,0.022375,0.06675,0.129959,0.223875,5500.223875
poia_webauthn,PoIA with WebAuthn,80,1345,0.012541,0.022458,0.305167,0.247417,0.591041,5500.591041
poia_webauthn,PoIA with WebAuthn,80,1346,0.002292,0.021708,0.0695,0.131458,0.227417,5500.227417
poia_webauthn,PoIA with WebAuthn,80,1347,0.001792,0.017875,4.462083,0.136042,4.620333,5504.620333
poia_webauthn,PoIA with WebAuthn,80,1348,0.002417,0.022333,0.070625,0.133167,0.230959,5500.230959
poia_webauthn,PoIA with WebAuthn,80,1349,0.00175,0.020042,2.468042,0.13125,2.623542,5502.623542
poia_webauthn,PoIA with WebAuthn,80,1350,0.00225,0.021792,0.0695,0.368583,0.465083,5500.465083
poia_webauthn,PoIA with WebAuthn,80,1351,0.002291,0.021833,0.070209,0.305375,0.402667,5500.402667
poia_webauthn,PoIA with WebAuthn,80,1352,0.002417,0.023416,2.45575,0.135042,2.6195,5502.6195
poia_webauthn,PoIA with WebAuthn,80,1353,0.002416,0.025875,0.255458,0.159125,0.445792,5500.445792
poia_webauthn,PoIA with WebAuthn,80,1354,0.002417,0.026375,0.575,0.307042,0.913417,5500.913417
poia_webauthn,PoIA with WebAuthn,80,1355,0.002292,0.022,0.070042,0.305417,0.40275,5500.40275
poia_webauthn,PoIA with WebAuthn,80,1356,0.001791,0.0175,7.621334,0.119416,7.761792,5507.761792
poia_webauthn,PoIA with WebAuthn,80,1357,0.002459,0.022333,0.083292,0.304708,0.415917,5500.415917
poia_webauthn,PoIA with WebAuthn,80,1358,0.001958,0.021334,2.925541,0.131375,3.082875,5503.082875
poia_webauthn,PoIA with WebAuthn,80,1359,0.002333,0.02175,0.071333,0.306291,0.404667,5500.404667
poia_webauthn,PoIA with WebAuthn,80,1360,0.002083,0.021458,2.523875,0.131416,2.681459,5502.681459
poia_webauthn,PoIA with WebAuthn,80,1361,0.002334,0.018292,2.608166,0.132708,2.764083,5502.764083
poia_webauthn,PoIA with WebAuthn,80,1362,0.002292,0.022125,0.285333,0.324916,0.638042,5500.638042
poia_webauthn,PoIA with WebAuthn,80,1363,0.002375,0.03325,1.253708,0.1315,1.423959,5501.423959
poia_webauthn,PoIA with WebAuthn,80,1364,0.002333,0.021875,0.069666,0.308042,0.404917,5500.404917
poia_webauthn,PoIA with WebAuthn,80,1365,0.00175,0.017792,2.5415,0.127959,2.691583,5502.691583
poia_webauthn,PoIA with WebAuthn,80,1366,0.001625,0.017584,4.926375,0.128708,5.076708,5505.076708
poia_webauthn,PoIA with WebAuthn,80,1367,0.00225,0.022209,0.070583,0.162375,0.260459,5500.260459
poia_webauthn,PoIA with WebAuthn,80,1368,0.001709,0.017792,7.239167,0.131208,7.3925,5507.3925
poia_webauthn,PoIA with WebAuthn,80,1369,0.0025,0.022625,2.223125,0.31825,2.570167,5502.570167
poia_webauthn,PoIA with WebAuthn,80,1370,0.00175,0.017792,2.2175,2.391416,4.6315,5504.6315
poia_webauthn,PoIA with WebAuthn,80,1371,0.002375,0.022042,0.069417,0.345709,0.4425,5500.4425
poia_webauthn,PoIA with WebAuthn,80,1372,0.001666,0.018125,14.076084,9.097875,23.196708,5523.196708
poia_webauthn,PoIA with WebAuthn,80,1373,0.002333,0.022125,0.070709,0.520833,0.618916,5500.618916
poia_webauthn,PoIA with WebAuthn,80,1374,0.002292,0.022166,0.220666,0.306541,0.554709,5500.554709
poia_webauthn,PoIA with WebAuthn,80,1375,0.002375,0.024625,0.069708,0.313,0.412791,5500.412791
poia_webauthn,PoIA with WebAuthn,80,1376,0.0025,0.022292,0.215292,0.313625,0.557208,5500.557208
poia_webauthn,PoIA with WebAuthn,80,1377,0.002291,0.022083,0.070375,0.307667,0.405417,5500.405417
poia_webauthn,PoIA with WebAuthn,80,1378,0.0025,0.023,0.183083,0.29925,0.511416,5500.511416
poia_webauthn,PoIA with WebAuthn,80,1379,0.00225,0.022041,0.072917,0.308292,0.408541,5500.408541
poia_webauthn,PoIA with WebAuthn,80,1380,0.002292,0.021959,0.071041,0.307041,0.40525,5500.40525
poia_webauthn,PoIA with WebAuthn,80,1381,0.002292,0.022334,0.070458,0.307166,0.405208,5500.405208
poia_webauthn,PoIA with WebAuthn,80,1382,0.002333,0.022458,0.066667,0.305875,0.40025,5500.40025
poia_webauthn,PoIA with WebAuthn,80,1383,0.002583,0.024333,0.06975,0.311125,0.410916,5500.410916
poia_webauthn,PoIA with WebAuthn,80,1384,0.002334,0.022042,0.073625,0.322042,0.422959,5500.422959
poia_webauthn,PoIA with WebAuthn,80,1385,0.002292,0.022834,0.072333,0.325709,0.426167,5500.426167
poia_webauthn,PoIA with WebAuthn,80,1386,0.002333,0.022334,0.0705,0.310209,0.408375,5500.408375
poia_webauthn,PoIA with WebAuthn,80,1387,0.002291,0.022458,0.066042,0.308542,0.40225,5500.40225
poia_webauthn,PoIA with WebAuthn,80,1388,0.002333,0.022708,0.069916,0.326917,0.424875,5500.424875
poia_webauthn,PoIA with WebAuthn,80,1389,0.00225,0.022,0.072209,0.304417,0.403917,5500.403917
poia_webauthn,PoIA with WebAuthn,80,1390,0.002458,0.02275,1.714875,0.236125,1.979625,5501.979625
poia_webauthn,PoIA with WebAuthn,80,1391,0.002334,0.022666,0.07025,0.319667,0.418125,5500.418125
poia_webauthn,PoIA with WebAuthn,80,1392,0.0025,0.025875,0.098708,0.31525,0.445875,5500.445875
poia_webauthn,PoIA with WebAuthn,80,1393,0.002333,0.021917,0.070792,0.351125,0.449166,5500.449166
poia_webauthn,PoIA with WebAuthn,80,1394,0.002584,0.023584,0.355708,0.324417,0.709708,5500.709708
poia_webauthn,PoIA with WebAuthn,80,1395,0.002333,0.022083,0.07025,0.32075,0.418417,5500.418417
poia_webauthn,PoIA with WebAuthn,80,1396,0.002417,0.022583,0.070292,0.306083,0.404375,5500.404375
poia_webauthn,PoIA with WebAuthn,80,1397,0.00175,0.017708,1.784125,0.132792,1.938959,5501.938959
poia_webauthn,PoIA with WebAuthn,80,1398,0.00225,0.02225,0.06675,0.313875,0.407959,5500.407959
poia_webauthn,PoIA with WebAuthn,80,1399,0.00225,0.033084,0.066791,0.309125,0.41425,5500.41425
poia_webauthn,PoIA with WebAuthn,80,1400,0.00225,0.022708,0.071042,0.3085,0.407375,5500.407375
poia_webauthn,PoIA with WebAuthn,80,1401,0.002375,0.022459,0.07025,0.191375,0.289416,5500.289416
poia_webauthn,PoIA with WebAuthn,80,1402,0.002333,0.0225,0.070792,0.314667,0.413166,5500.413166
poia_webauthn,PoIA with WebAuthn,80,1403,0.002291,0.022334,0.067541,0.303959,0.399208,5500.399208
poia_webauthn,PoIA with WebAuthn,80,1404,0.002291,0.022709,0.070208,0.316625,0.414709,5500.414709
poia_webauthn,PoIA with WebAuthn,80,1405,0.002292,0.022334,0.066916,0.308833,0.403375,5500.403375
poia_webauthn,PoIA with WebAuthn,80,1406,0.002292,0.022709,0.070125,0.307542,0.405625,5500.405625
poia_webauthn,PoIA with WebAuthn,80,1407,0.002334,0.02225,0.0705,0.322166,0.420167,5500.420167
poia_webauthn,PoIA with WebAuthn,80,1408,0.002292,0.022416,0.070542,0.308291,0.406542,5500.406542
poia_webauthn,PoIA with WebAuthn,80,1409,0.002416,0.022542,0.06625,0.328958,0.423375,5500.423375
poia_webauthn,PoIA with WebAuthn,80,1410,0.002333,0.022167,1.814708,0.319875,2.162541,5502.162541
poia_webauthn,PoIA with WebAuthn,80,1411,0.002292,0.02225,0.15425,0.229834,0.412166,5500.412166
poia_webauthn,PoIA with WebAuthn,80,1412,0.002666,0.023083,0.068792,0.31575,0.413333,5500.413333
poia_webauthn,PoIA with WebAuthn,80,1413,0.002292,0.022,0.069583,0.312584,0.409333,5500.409333
poia_webauthn,PoIA with WebAuthn,80,1414,0.002292,0.021792,0.0825,0.3275,0.437042,5500.437042
poia_webauthn,PoIA with WebAuthn,80,1415,0.002291,0.022916,0.067416,0.311666,0.407208,5500.407208
poia_webauthn,PoIA with WebAuthn,80,1416,0.002333,0.021958,0.066083,0.307791,0.401125,5500.401125
poia_webauthn,PoIA with WebAuthn,80,1417,0.002292,0.022042,0.070459,0.306875,0.404583,5500.404583
poia_webauthn,PoIA with WebAuthn,80,1418,0.002292,0.02225,1.108792,0.318625,1.4555,5501.4555
poia_webauthn,PoIA with WebAuthn,80,1419,0.002417,0.02225,0.07075,0.312584,0.410917,5500.410917
poia_webauthn,PoIA with WebAuthn,80,1420,0.002375,0.022208,0.069167,0.139959,0.236292,5500.236292
poia_webauthn,PoIA with WebAuthn,80,1421,0.002375,0.022375,0.0705,0.332083,0.430375,5500.430375
poia_webauthn,PoIA with WebAuthn,80,1422,0.00525,0.076625,0.1805,0.534459,0.802125,5500.802125
poia_webauthn,PoIA with WebAuthn,80,1423,0.00225,0.022334,0.096958,0.120917,0.244833,5500.244833
poia_webauthn,PoIA with WebAuthn,80,1424,0.00175,0.019166,4.115084,0.519708,4.658917,5504.658917
poia_webauthn,PoIA with WebAuthn,80,1425,0.00225,0.022375,0.070625,0.324792,0.422958,5500.422958
poia_webauthn,PoIA with WebAuthn,80,1426,0.002416,0.022625,0.067,0.309875,0.404791,5500.404791
poia_webauthn,PoIA with WebAuthn,80,1427,0.002375,0.022709,0.070125,0.309208,0.407375,5500.407375
poia_webauthn,PoIA with WebAuthn,80,1428,0.002292,0.02225,0.070125,0.309416,0.407042,5500.407042
poia_webauthn,PoIA with WebAuthn,80,1429,0.002333,0.025834,0.070208,0.32125,0.4225,5500.4225
poia_webauthn,PoIA with WebAuthn,80,1430,0.002208,0.021959,0.069291,0.309167,0.405583,5500.405583
poia_webauthn,PoIA with WebAuthn,80,1431,0.0025,0.023083,0.179917,0.503333,0.712333,5500.712333
poia_webauthn,PoIA with WebAuthn,80,1432,0.002292,0.0225,0.070208,0.307917,0.405791,5500.405791
poia_webauthn,PoIA with WebAuthn,80,1433,0.002584,0.023208,0.249584,0.14925,0.427792,5500.427792
poia_webauthn,PoIA with WebAuthn,80,1434,0.002416,0.02425,0.214458,0.251791,0.496459,5500.496459
poia_webauthn,PoIA with WebAuthn,80,1435,0.002291,0.034333,0.28325,0.132708,0.455625,5500.455625
poia_webauthn,PoIA with WebAuthn,80,1436,0.002291,0.0225,0.430667,0.317709,0.776541,5500.776541
poia_webauthn,PoIA with WebAuthn,80,1437,0.002458,0.022916,0.097667,0.159583,0.28575,5500.28575
poia_webauthn,PoIA with WebAuthn,80,1438,0.002458,0.023125,0.520833,0.131708,0.681041,5500.681041
poia_webauthn,PoIA with WebAuthn,80,1439,0.00225,0.022375,2.170708,0.277709,2.4765,5502.4765
poia_webauthn,PoIA with WebAuthn,80,1440,0.002375,0.022708,0.080375,0.35,0.458375,5500.458375
poia_webauthn,PoIA with WebAuthn,80,1441,0.002292,0.02275,0.126958,0.284084,0.439541,5500.439541
poia_webauthn,PoIA with WebAuthn,80,1442,0.002417,0.02225,0.070209,0.306667,0.404375,5500.404375
poia_webauthn,PoIA with WebAuthn,80,1443,0.002375,0.022083,0.069875,0.305125,0.402375,5500.402375
poia_webauthn,PoIA with WebAuthn,80,1444,0.002375,0.022208,0.070375,0.526125,0.624042,5500.624042
poia_webauthn,PoIA with WebAuthn,80,1445,0.002292,0.022375,0.066541,0.353125,0.44725,5500.44725
poia_webauthn,PoIA with WebAuthn,80,1446,0.002375,0.022083,0.226584,0.255,0.509375,5500.509375
poia_webauthn,PoIA with WebAuthn,80,1447,0.002375,0.022042,0.067291,0.13575,0.229917,5500.229917
poia_webauthn,PoIA with WebAuthn,80,1448,0.002333,0.022,0.065375,0.317291,0.409959,5500.409959
poia_webauthn,PoIA with WebAuthn,80,1449,0.002334,0.022084,0.066125,0.323875,0.417334,5500.417334
poia_webauthn,PoIA with WebAuthn,80,1450,0.002375,0.02675,0.935833,0.320416,1.289,5501.289
poia_webauthn,PoIA with WebAuthn,80,1451,0.002375,0.023209,0.181875,0.136625,0.347042,5500.347042
poia_webauthn,PoIA with WebAuthn,80,1452,0.002291,0.021875,0.070292,0.306792,0.404166,5500.404166
poia_webauthn,PoIA with WebAuthn,80,1453,0.002208,0.022208,0.07025,0.309375,0.407041,5500.407041
poia_webauthn,PoIA with WebAuthn,80,1454,0.002542,0.023125,0.255125,0.132542,0.416334,5500.416334
poia_webauthn,PoIA with WebAuthn,80,1455,0.002417,0.03325,0.06825,0.311625,0.418542,5500.418542
poia_webauthn,PoIA with WebAuthn,80,1456,0.002375,0.022083,0.06925,0.339,0.43575,5500.43575
poia_webauthn,PoIA with WebAuthn,80,1457,0.002292,0.022125,0.069542,0.304708,0.401584,5500.401584
poia_webauthn,PoIA with WebAuthn,80,1458,0.002291,0.022417,0.070333,0.317708,0.415667,5500.415667
poia_webauthn,PoIA with WebAuthn,80,1459,0.002292,0.02275,0.065833,0.3205,0.414292,5500.414292
poia_webauthn,PoIA with WebAuthn,80,1460,0.002375,0.022416,0.067,0.150625,0.244917,5500.244917
poia_webauthn,PoIA with WebAuthn,80,1461,0.002333,0.022417,0.069917,0.307584,0.405,5500.405
poia_webauthn,PoIA with WebAuthn,80,1462,0.002375,0.022375,0.09975,0.313542,0.441541,5500.441541
poia_webauthn,PoIA with WebAuthn,80,1463,0.002334,0.022291,0.392875,0.149916,0.5705,5500.5705
poia_webauthn,PoIA with WebAuthn,80,1464,0.001916,0.018375,0.0605,2.807458,2.890708,5502.890708
poia_webauthn,PoIA with WebAuthn,80,1465,0.00175,0.018041,2.492208,0.134542,2.649,5502.649
poia_webauthn,PoIA with WebAuthn,80,1466,0.002125,0.019542,2.232917,0.130708,2.387875,5502.387875
poia_webauthn,PoIA with WebAuthn,80,1467,0.001666,0.01775,2.220917,0.127375,2.370166,5502.370166
poia_webauthn,PoIA with WebAuthn,80,1468,0.001709,0.01775,2.666584,13.393458,16.082458,5516.082458
poia_webauthn,PoIA with WebAuthn,80,1469,0.001875,0.022708,2.790792,0.134708,2.952709,5502.952709
poia_webauthn,PoIA with WebAuthn,80,1470,0.002167,0.022583,0.066833,0.308083,0.402625,5500.402625
poia_webauthn,PoIA with WebAuthn,80,1471,0.002625,0.02325,0.322375,0.477875,0.829791,5500.829791
poia_webauthn,PoIA with WebAuthn,80,1472,0.002416,0.026333,0.213708,0.138625,0.383958,5500.383958
poia_webauthn,PoIA with WebAuthn,80,1473,0.002417,0.03625,0.351208,0.323292,0.716667,5500.716667
poia_webauthn,PoIA with WebAuthn,80,1474,0.00225,0.022584,0.168209,0.467917,0.664583,5500.664583
poia_webauthn,PoIA with WebAuthn,80,1475,0.001792,0.018042,2.486625,0.13625,2.645125,5502.645125
poia_webauthn,PoIA with WebAuthn,80,1476,0.002375,0.022583,0.928292,0.300791,1.257458,5501.257458
poia_webauthn,PoIA with WebAuthn,80,1477,0.001584,0.017583,8.398875,0.136583,8.556958,5508.556958
poia_webauthn,PoIA with WebAuthn,80,1478,0.001791,0.017667,2.497125,0.144583,2.663667,5502.663667
poia_webauthn,PoIA with WebAuthn,80,1479,0.001625,0.018292,2.005167,0.131416,2.158875,5502.158875
poia_webauthn,PoIA with WebAuthn,80,1480,0.001667,0.017708,2.663792,3.058208,5.744458,5505.744458
poia_webauthn,PoIA with WebAuthn,80,1481,0.002375,0.022875,0.066875,0.232166,0.327292,5500.327292
poia_webauthn,PoIA with WebAuthn,80,1482,0.002333,0.0225,0.392333,0.394959,0.815583,5500.815583
poia_webauthn,PoIA with WebAuthn,80,1483,0.00225,0.021708,0.070291,0.307916,0.405125,5500.405125
poia_webauthn,PoIA with WebAuthn,80,1484,0.002542,0.022167,0.069708,0.307958,0.405334,5500.405334
poia_webauthn,PoIA with WebAuthn,80,1485,0.002334,0.022875,0.237666,0.318709,0.585125,5500.585125
poia_webauthn,PoIA with WebAuthn,80,1486,0.002583,0.02375,0.073083,0.297458,0.400083,5500.400083
poia_webauthn,PoIA with WebAuthn,80,1487,0.002166,0.021625,2.4905,0.132542,2.649459,5502.649459
poia_webauthn,PoIA with WebAuthn,80,1488,0.002,0.02225,8.251625,0.131375,8.409875,5508.409875
poia_webauthn,PoIA with WebAuthn,80,1489,0.001709,0.0185,8.876417,2.250625,11.150458,5511.150458
poia_webauthn,PoIA with WebAuthn,80,1490,0.001833,0.018209,5.661958,0.122375,5.806375,5505.806375
poia_webauthn,PoIA with WebAuthn,80,1491,0.001708,0.021875,2.222667,3.075208,5.324709,5505.324709
poia_webauthn,PoIA with WebAuthn,80,1492,0.001833,0.017917,7.665,0.156667,7.844292,5507.844292
poia_webauthn,PoIA with WebAuthn,80,1493,0.002875,0.023292,0.414167,0.573083,1.017125,5501.017125
poia_webauthn,PoIA with WebAuthn,80,1494,0.002458,0.022667,0.233875,0.13925,0.400875,5500.400875
poia_webauthn,PoIA with WebAuthn,80,1495,0.002541,0.02275,0.223875,0.238125,0.490625,5500.490625
poia_webauthn,PoIA with WebAuthn,80,1496,0.001708,0.018416,2.248375,0.13825,2.409375,5502.409375
poia_webauthn,PoIA with WebAuthn,80,1497,0.001708,0.0185,0.294042,0.354542,0.672,5500.672
poia_webauthn,PoIA with WebAuthn,80,1498,0.002334,0.022417,0.070667,0.309333,0.407667,5500.407667
poia_webauthn,PoIA with WebAuthn,80,1499,0.001917,0.018334,0.058875,0.118833,0.2,5500.2
poia_webauthn,PoIA with WebAuthn,80,1500,0.001417,0.018042,2.672542,0.132042,2.826333,5502.826333
poia_webauthn,PoIA with WebAuthn,80,1501,0.002542,0.023917,0.078458,0.124209,0.231667,5500.231667
poia_webauthn,PoIA with WebAuthn,80,1502,0.001792,0.018,8.115,0.12,8.256667,5508.256667
poia_webauthn,PoIA with WebAuthn,80,1503,0.002375,0.022542,0.261791,0.314291,0.604583,5500.604583
poia_webauthn,PoIA with WebAuthn,80,1504,0.002333,0.022,0.301958,0.257084,0.587,5500.587
poia_webauthn,PoIA with WebAuthn,80,1505,0.001958,0.022333,0.063709,0.120333,0.210167,5500.210167
poia_webauthn,PoIA with WebAuthn,80,1506,0.002084,0.026583,2.83,7.713833,10.574708,5510.574708
poia_webauthn,PoIA with WebAuthn,80,1507,0.002334,0.02275,0.0675,0.309,0.404791,5500.404791
poia_webauthn,PoIA with WebAuthn,80,1508,0.0025,0.02275,0.387375,0.141083,0.556583,5500.556583
poia_webauthn,PoIA with WebAuthn,80,1509,0.00225,0.021875,0.070416,0.123625,0.220709,5500.220709
poia_webauthn,PoIA with WebAuthn,80,1510,0.002291,0.023625,0.218583,0.394917,0.643042,5500.643042
poia_webauthn,PoIA with WebAuthn,80,1511,0.002334,0.025625,0.067,0.332125,0.430084,5500.430084
poia_webauthn,PoIA with WebAuthn,80,1512,0.002083,0.018083,2.661459,0.13075,2.814708,5502.814708
poia_webauthn,PoIA with WebAuthn,80,1513,0.001875,0.01875,2.178542,0.1345,2.336208,5502.336208
poia_webauthn,PoIA with WebAuthn,80,1514,0.002208,0.022291,1.330458,0.133583,1.491417,5501.491417
poia_webauthn,PoIA with WebAuthn,80,1515,0.002375,0.022542,0.06775,0.277375,0.373125,5500.373125
poia_webauthn,PoIA with WebAuthn,80,1516,0.002,0.021542,14.163708,0.132041,14.321959,5514.321959
poia_webauthn,PoIA with WebAuthn,80,1517,0.002375,0.022875,0.07,0.370375,0.468833,5500.468833
poia_webauthn,PoIA with WebAuthn,80,1518,0.002375,0.022042,0.08075,0.362958,0.471292,5500.471292
poia_webauthn,PoIA with WebAuthn,80,1519,0.001833,0.018,2.394,0.134833,2.551167,5502.551167
poia_webauthn,PoIA with WebAuthn,80,1520,0.001583,0.020875,2.180917,0.129542,2.335458,5502.335458
poia_webauthn,PoIA with WebAuthn,80,1521,0.001625,0.017875,4.97575,0.131417,5.129208,5505.129208
poia_webauthn,PoIA with WebAuthn,80,1522,0.002,0.017625,2.372125,0.131125,2.525334,5502.525334
poia_webauthn,PoIA with WebAuthn,80,1523,0.00225,0.022542,0.070542,0.306916,0.405084,5500.405084
poia_webauthn,PoIA with WebAuthn,80,1524,0.001709,0.018084,2.633583,0.128125,2.783833,5502.783833
poia_webauthn,PoIA with WebAuthn,80,1525,0.002375,0.021959,0.066458,0.30775,0.401417,5500.401417
poia_webauthn,PoIA with WebAuthn,80,1526,0.001834,0.018125,4.77675,0.144709,4.944083,5504.944083
poia_webauthn,PoIA with WebAuthn,80,1527,0.002417,0.023166,0.432583,0.142083,0.603292,5500.603292
poia_webauthn,PoIA with WebAuthn,80,1528,0.002292,0.022333,0.071458,0.316416,0.4155,5500.4155
poia_webauthn,PoIA with WebAuthn,80,1529,0.002375,0.025833,1.827791,0.32075,2.180125,5502.180125
poia_webauthn,PoIA with WebAuthn,80,1530,0.002292,0.055625,10.745,0.136292,10.943041,5510.943041
poia_webauthn,PoIA with WebAuthn,80,1531,0.0025,0.022625,0.080625,0.311625,0.420542,5500.420542
poia_webauthn,PoIA with WebAuthn,80,1532,0.002459,0.022583,0.434625,0.146709,0.6095,5500.6095
poia_webauthn,PoIA with WebAuthn,80,1533,0.002292,0.022583,0.070416,0.319875,0.41825,5500.41825
poia_webauthn,PoIA with WebAuthn,80,1534,0.002042,0.021917,10.311125,1.4965,11.834459,5511.834459
poia_webauthn,PoIA with WebAuthn,80,1535,0.001708,0.017958,11.17775,0.131042,11.330834,5511.330834
poia_webauthn,PoIA with WebAuthn,80,1536,0.002709,0.022959,0.185833,0.146666,0.361084,5500.361084
poia_webauthn,PoIA with WebAuthn,80,1537,0.00175,0.018083,2.281709,4.663791,6.9685,5506.9685
poia_webauthn,PoIA with WebAuthn,80,1538,0.002625,0.023542,0.474375,1.023625,1.527666,5501.527666
poia_webauthn,PoIA with WebAuthn,80,1539,0.00225,0.022416,0.063625,0.119917,0.210125,5500.210125
poia_webauthn,PoIA with WebAuthn,80,1540,0.002042,0.021584,17.147666,0.1365,17.310333,5517.310333
poia_webauthn,PoIA with WebAuthn,80,1541,0.002291,0.028375,2.708333,0.144583,2.886791,5502.886791
poia_webauthn,PoIA with WebAuthn,80,1542,0.002416,0.022833,0.070917,0.556417,0.655541,5500.655541
poia_webauthn,PoIA with WebAuthn,80,1543,0.00225,0.022,0.129833,0.239291,0.396958,5500.396958
poia_webauthn,PoIA with WebAuthn,80,1544,0.001667,0.017583,3.890084,0.13275,4.044459,5504.044459
poia_webauthn,PoIA with WebAuthn,80,1545,0.002541,0.024041,0.468584,0.526333,1.024917,5501.024917
poia_webauthn,PoIA with WebAuthn,80,1546,0.002583,0.022167,0.066375,0.319375,0.413416,5500.413416
poia_webauthn,PoIA with WebAuthn,80,1547,0.002417,0.028416,5.587042,5.597042,11.218333,5511.218333
poia_webauthn,PoIA with WebAuthn,80,1548,0.00225,0.021916,2.287292,9.076666,11.391334,5511.391334
poia_webauthn,PoIA with WebAuthn,80,1549,0.001667,0.017833,4.2605,0.143792,4.426334,5504.426334
poia_webauthn,PoIA with WebAuthn,80,1550,0.002416,0.022333,0.243208,0.320208,0.59175,5500.59175
poia_webauthn,PoIA with WebAuthn,80,1551,0.002,0.022084,4.728041,2.34275,7.098208,5507.098208
poia_webauthn,PoIA with WebAuthn,80,1552,0.002375,0.022541,0.225,0.227041,0.480458,5500.480458
poia_webauthn,PoIA with WebAuthn,80,1553,0.001708,0.017625,2.2355,5.234958,7.492917,5507.492917
poia_webauthn,PoIA with WebAuthn,80,1554,0.002292,0.027541,0.067125,0.314167,0.414125,5500.414125
poia_webauthn,PoIA with WebAuthn,80,1555,0.002583,0.026583,0.844541,0.659958,1.53725,5501.53725
poia_webauthn,PoIA with WebAuthn,80,1556,0.00175,0.017833,18.575375,1.773417,20.371083,5520.371083
poia_webauthn,PoIA with WebAuthn,80,1557,0.002459,0.027458,0.15525,0.218542,0.407375,5500.407375
poia_webauthn,PoIA with WebAuthn,80,1558,0.00225,0.026167,0.07,0.452417,0.553875,5500.553875
poia_webauthn,PoIA with WebAuthn,80,1559,0.001625,0.034417,3.009916,2.861833,5.911,5505.911
poia_webauthn,PoIA with WebAuthn,80,1560,0.002292,0.022208,0.070292,0.303709,0.401458,5500.401458
poia_webauthn,PoIA with WebAuthn,80,1561,0.002209,0.022042,0.066708,0.308667,0.402458,5500.402458
poia_webauthn,PoIA with WebAuthn,80,1562,0.001459,0.0175,2.932292,0.131916,3.0855,5503.0855
poia_webauthn,PoIA with WebAuthn,80,1563,0.002375,0.023,0.183125,0.143125,0.35475,5500.35475
poia_webauthn,PoIA with WebAuthn,80,1564,0.002333,0.022292,0.071,0.311417,0.409875,5500.409875
poia_webauthn,PoIA with WebAuthn,80,1565,0.002458,0.022459,0.067416,0.191916,0.287334,5500.287334
poia_webauthn,PoIA with WebAuthn,80,1566,0.002083,0.033042,2.147916,0.134625,2.320416,5502.320416
poia_webauthn,PoIA with WebAuthn,80,1567,0.002417,0.022,0.080583,0.31375,0.421791,5500.421791
poia_webauthn,PoIA with WebAuthn,80,1568,0.001583,0.017792,11.053542,0.135042,11.210375,5511.210375
poia_webauthn,PoIA with WebAuthn,80,1569,0.002,0.021709,2.272,0.131083,2.429458,5502.429458
poia_webauthn,PoIA with WebAuthn,80,1570,0.002458,0.022917,0.085917,0.187708,0.302208,5500.302208
poia_webauthn,PoIA with WebAuthn,80,1571,0.002208,0.022459,0.066583,0.317709,0.411833,5500.411833
poia_webauthn,PoIA with WebAuthn,80,1572,0.00175,0.018292,4.247791,0.12775,4.398209,5504.398209
poia_webauthn,PoIA with WebAuthn,80,1573,0.002459,0.02275,0.213833,0.148959,0.390875,5500.390875
poia_webauthn,PoIA with WebAuthn,80,1574,0.001666,0.017667,6.721833,0.133375,6.877042,5506.877042
poia_webauthn,PoIA with WebAuthn,80,1575,0.002042,0.022041,2.78675,0.131459,2.944791,5502.944791
poia_webauthn,PoIA with WebAuthn,80,1576,0.002292,0.022625,0.126833,0.164542,0.320042,5500.320042
poia_webauthn,PoIA with WebAuthn,80,1577,0.002334,0.022625,0.072291,0.311083,0.411291,5500.411291
poia_webauthn,PoIA with WebAuthn,80,1578,0.002292,0.022166,0.070709,0.311291,0.409417,5500.409417
poia_webauthn,PoIA with WebAuthn,80,1579,0.001792,0.018333,7.787834,2.01025,9.821375,5509.821375
poia_webauthn,PoIA with WebAuthn,80,1580,0.0025,0.026,2.125208,0.127833,2.284458,5502.284458
poia_webauthn,PoIA with WebAuthn,80,1581,0.002541,0.022166,0.070667,0.314625,0.412916,5500.412916
poia_webauthn,PoIA with WebAuthn,80,1582,0.002417,0.022292,0.376708,0.43875,0.842959,5500.842959
poia_webauthn,PoIA with WebAuthn,80,1583,0.001792,0.017916,6.839166,6.687125,13.549083,5513.549083
poia_webauthn,PoIA with WebAuthn,80,1584,0.001542,0.017917,10.948625,12.121333,23.092334,5523.092334
poia_webauthn,PoIA with WebAuthn,80,1585,0.002375,0.022375,0.070333,0.307958,0.406,5500.406
poia_webauthn,PoIA with WebAuthn,80,1586,0.002709,0.027583,0.256958,0.3205,0.611458,5500.611458
poia_webauthn,PoIA with WebAuthn,80,1587,0.002083,0.023584,2.355708,0.136375,2.520459,5502.520459
poia_webauthn,PoIA with WebAuthn,80,1588,0.001791,0.01775,2.313959,0.131708,2.467709,5502.467709
poia_webauthn,PoIA with WebAuthn,80,1589,0.001875,0.021958,2.766,0.135625,2.928083,5502.928083
poia_webauthn,PoIA with WebAuthn,80,1590,0.002333,0.022541,0.0845,0.311792,0.424125,5500.424125
poia_webauthn,PoIA with WebAuthn,80,1591,0.001917,0.021625,5.973375,0.130333,6.129792,5506.129792
poia_webauthn,PoIA with WebAuthn,80,1592,0.002375,0.022375,0.0675,0.306709,0.401917,5500.401917
poia_webauthn,PoIA with WebAuthn,80,1593,0.002417,0.032541,0.188,0.139209,0.365459,5500.365459
poia_webauthn,PoIA with WebAuthn,80,1594,0.002208,0.026875,2.941,0.131375,3.104333,5503.104333
poia_webauthn,PoIA with WebAuthn,80,1595,0.001708,0.017834,2.256375,0.131875,2.410166,5502.410166
poia_webauthn,PoIA with WebAuthn,80,1596,0.002375,0.022625,0.071,0.323041,0.421917,5500.421917
poia_webauthn,PoIA with WebAuthn,80,1597,0.002375,0.022584,0.213917,0.529542,0.771958,5500.771958
poia_webauthn,PoIA with WebAuthn,80,1598,0.002542,0.022166,0.073125,0.322041,0.422875,5500.422875
poia_webauthn,PoIA with WebAuthn,80,1599,0.002208,0.022,0.067416,0.319875,0.4145,5500.4145
poia_webauthn,PoIA with WebAuthn,80,1600,0.00175,0.017958,4.647083,0.131167,4.800542,5504.800542
poia_webauthn,PoIA with WebAuthn,80,1601,0.002667,0.023458,0.085708,0.23825,0.353083,5500.353083
poia_webauthn,PoIA with WebAuthn,80,1602,0.002417,0.02225,0.105042,0.270084,0.403209,5500.403209
poia_webauthn,PoIA with WebAuthn,80,1603,0.001917,0.018667,2.202417,2.437208,4.663375,5504.663375
poia_webauthn,PoIA with WebAuthn,80,1604,0.002,0.021458,3.001542,0.145333,3.172958,5503.172958
poia_webauthn,PoIA with WebAuthn,80,1605,0.001708,0.017834,2.258125,0.128166,2.408167,5502.408167
poia_webauthn,PoIA with WebAuthn,80,1606,0.002333,0.022375,2.099792,0.336167,2.464208,5502.464208
poia_webauthn,PoIA with WebAuthn,80,1607,0.002375,0.022042,0.080875,0.305375,0.413792,5500.413792
poia_webauthn,PoIA with WebAuthn,80,1608,0.001458,0.017958,2.718583,2.83275,5.573625,5505.573625
poia_webauthn,PoIA with WebAuthn,80,1609,0.002084,0.021625,10.42275,2.79025,13.239917,5513.239917
poia_webauthn,PoIA with WebAuthn,80,1610,0.002375,0.022291,0.234708,0.504292,0.767167,5500.767167
poia_webauthn,PoIA with WebAuthn,80,1611,0.001417,0.017458,2.57775,0.13625,2.735292,5502.735292
poia_webauthn,PoIA with WebAuthn,80,1612,0.002667,0.022791,0.224875,0.1315,0.384583,5500.384583
poia_webauthn,PoIA with WebAuthn,80,1613,0.001834,0.022917,4.423208,0.132625,4.583,5504.583
poia_webauthn,PoIA with WebAuthn,80,1614,0.002416,0.022333,0.248541,0.331333,0.608,5500.608
poia_webauthn,PoIA with WebAuthn,80,1615,0.002292,0.022542,0.426958,0.317042,0.77225,5500.77225
poia_webauthn,PoIA with WebAuthn,80,1616,0.001875,0.018167,2.261708,2.351583,4.635917,5504.635917
poia_webauthn,PoIA with WebAuthn,80,1617,0.002458,0.02225,0.066125,0.354208,0.44775,5500.44775
poia_webauthn,PoIA with WebAuthn,80,1618,0.001709,0.017708,2.339583,0.133708,2.49525,5502.49525
poia_webauthn,PoIA with WebAuthn,80,1619,0.002167,0.021542,2.508625,0.149208,2.684209,5502.684209
poia_webauthn,PoIA with WebAuthn,80,1620,0.001875,0.017458,5.673917,0.129792,5.825459,5505.825459
poia_webauthn,PoIA with WebAuthn,80,1621,0.002375,0.022292,1.078375,0.233958,1.340458,5501.340458
poia_webauthn,PoIA with WebAuthn,80,1622,0.001917,0.018375,2.480708,0.130625,2.634084,5502.634084
poia_webauthn,PoIA with WebAuthn,80,1623,0.002333,0.022125,0.307834,0.250375,0.586291,5500.586291
poia_webauthn,PoIA with WebAuthn,80,1624,0.002292,0.020209,2.198459,0.135125,2.35875,5502.35875
poia_webauthn,PoIA with WebAuthn,80,1625,0.002417,0.02275,0.18325,0.312208,0.524,5500.524
poia_webauthn,PoIA with WebAuthn,80,1626,0.001625,0.017583,2.527542,0.140292,2.689584,5502.689584
poia_webauthn,PoIA with WebAuthn,80,1627,0.002209,0.018208,2.872541,0.135167,3.030541,5503.030541
poia_webauthn,PoIA with WebAuthn,80,1628,0.002375,0.0225,0.083833,0.309,0.420667,5500.420667
poia_webauthn,PoIA with WebAuthn,80,1629,0.002375,0.022125,0.066,0.136459,0.229667,5500.229667
poia_webauthn,PoIA with WebAuthn,80,1630,0.002458,0.0235,0.086042,0.592083,0.707584,5500.707584
poia_webauthn,PoIA with WebAuthn,80,1631,0.001792,0.01825,2.062333,0.132834,2.218,5502.218
poia_webauthn,PoIA with WebAuthn,80,1632,0.002416,0.022833,0.1625,0.286792,0.478125,5500.478125
poia_webauthn,PoIA with WebAuthn,80,1633,0.002333,0.022375,0.079209,0.155084,0.262209,5500.262209
poia_webauthn,PoIA with WebAuthn,80,1634,0.001291,0.0175,2.300166,2.914625,5.236541,5505.236541
poia_webauthn,PoIA with WebAuthn,80,1635,0.001792,0.01825,12.192666,0.131583,12.346833,5512.346833
poia_webauthn,PoIA with WebAuthn,80,1636,0.002291,0.022541,0.808042,0.278875,1.115291,5501.115291
poia_webauthn,PoIA with WebAuthn,80,1637,0.001667,0.018041,2.343459,0.132333,2.497959,5502.497959
poia_webauthn,PoIA with WebAuthn,80,1638,0.002292,0.022583,0.183,0.312625,0.524,5500.524
poia_webauthn,PoIA with WebAuthn,80,1639,0.002083,0.023542,2.478292,0.127958,2.634416,5502.634416
poia_webauthn,PoIA with WebAuthn,80,1640,0.002375,0.02225,0.069459,0.308208,0.405208,5500.405208
poia_webauthn,PoIA with WebAuthn,80,1641,0.002375,0.022542,0.076459,0.369333,0.473834,5500.473834
poia_webauthn,PoIA with WebAuthn,80,1642,0.001625,0.017625,3.018042,0.137416,3.177209,5503.177209
poia_webauthn,PoIA with WebAuthn,80,1643,0.00275,0.020583,2.06875,0.133708,2.228542,5502.228542
poia_webauthn,PoIA with WebAuthn,80,1644,0.002417,0.022417,0.255834,0.13175,0.41525,5500.41525
poia_webauthn,PoIA with WebAuthn,80,1645,0.001333,0.018208,0.052916,0.114917,0.189,5500.189
poia_webauthn,PoIA with WebAuthn,80,1646,0.001958,0.017583,2.87525,0.132125,3.029458,5503.029458
poia_webauthn,PoIA with WebAuthn,80,1647,0.001875,0.01825,5.761834,10.126541,15.911666,5515.911666
poia_webauthn,PoIA with WebAuthn,80,1648,0.002667,0.023458,0.226083,0.131084,0.386042,5500.386042
poia_webauthn,PoIA with WebAuthn,80,1649,0.001417,0.021792,2.34625,0.148292,2.52025,5502.52025
poia_webauthn,PoIA with WebAuthn,80,1650,0.002417,0.022083,0.071708,0.318792,0.418208,5500.418208
poia_webauthn,PoIA with WebAuthn,80,1651,0.002209,0.023208,7.525166,0.133459,7.686834,5507.686834
poia_webauthn,PoIA with WebAuthn,80,1652,0.002292,0.023208,0.217667,0.146833,0.393042,5500.393042
poia_webauthn,PoIA with WebAuthn,80,1653,0.002292,0.022334,1.425916,0.13125,1.584875,5501.584875
poia_webauthn,PoIA with WebAuthn,80,1654,0.002,0.022,2.636375,0.119334,2.7815,5502.7815
poia_webauthn,PoIA with WebAuthn,80,1655,0.001875,0.022333,2.693083,7.332167,10.052583,5510.052583
poia_webauthn,PoIA with WebAuthn,80,1656,0.001625,0.018875,5.048958,0.135042,5.206792,5505.206792
poia_webauthn,PoIA with WebAuthn,80,1657,0.002416,0.022417,0.067125,0.320292,0.415167,5500.415167
poia_webauthn,PoIA with WebAuthn,80,1658,0.001791,0.017834,7.273375,0.132416,7.427917,5507.427917
poia_webauthn,PoIA with WebAuthn,80,1659,0.002541,0.024875,0.074459,0.570708,0.675834,5500.675834
poia_webauthn,PoIA with WebAuthn,80,1660,0.001584,0.017625,7.460166,6.163,13.646083,5513.646083
poia_webauthn,PoIA with WebAuthn,80,1661,0.002333,0.022292,0.070541,0.318334,0.416375,5500.416375
poia_webauthn,PoIA with WebAuthn,80,1662,0.002459,0.022125,0.214417,0.317625,0.559959,5500.559959
poia_webauthn,PoIA with WebAuthn,80,1663,0.001958,0.021666,2.170833,0.131834,2.32875,5502.32875
poia_webauthn,PoIA with WebAuthn,80,1664,0.002333,0.022083,0.070333,0.322625,0.420333,5500.420333
poia_webauthn,PoIA with WebAuthn,80,1665,0.002459,0.022334,0.238041,0.323792,0.590209,5500.590209
poia_webauthn,PoIA with WebAuthn,80,1666,0.00275,0.028458,0.0675,2.99775,3.099584,5503.099584
poia_webauthn,PoIA with WebAuthn,80,1667,0.002042,0.018041,2.858667,7.782917,10.664709,5510.664709
poia_webauthn,PoIA with WebAuthn,80,1668,0.001792,0.017791,2.875083,0.127542,3.024584,5503.024584
poia_webauthn,PoIA with WebAuthn,80,1669,0.002417,0.021916,0.070333,0.3185,0.416042,5500.416042
poia_webauthn,PoIA with WebAuthn,80,1670,0.002208,0.022417,1.591667,0.31825,1.938,5501.938
poia_webauthn,PoIA with WebAuthn,80,1671,0.002,0.018666,2.390291,0.139375,2.552833,5502.552833
poia_webauthn,PoIA with WebAuthn,80,1672,0.0025,0.023667,0.919417,0.150833,1.099583,5501.099583
poia_webauthn,PoIA with WebAuthn,80,1673,0.002375,0.022417,0.071792,0.327958,0.4275,5500.4275
poia_webauthn,PoIA with WebAuthn,80,1674,0.0025,0.022416,0.069916,0.308416,0.406167,5500.406167
poia_webauthn,PoIA with WebAuthn,80,1675,0.001833,0.021917,2.117833,0.134792,2.278959,5502.278959
poia_webauthn,PoIA with WebAuthn,80,1676,0.015209,0.028958,2.900792,0.1345,3.083042,5503.083042
poia_webauthn,PoIA with WebAuthn,80,1677,0.002667,0.022792,0.232208,0.132583,0.393083,5500.393083
poia_webauthn,PoIA with WebAuthn,80,1678,0.001708,0.021,0.057583,2.616625,2.699209,5502.699209
poia_webauthn,PoIA with WebAuthn,80,1679,0.002208,0.022375,0.066875,0.137875,0.231833,5500.231833
poia_webauthn,PoIA with WebAuthn,80,1680,0.002292,0.036334,0.066334,0.320083,0.428208,5500.428208
poia_webauthn,PoIA with WebAuthn,80,1681,0.002,0.018833,2.34875,0.128209,2.500208,5502.500208
poia_webauthn,PoIA with WebAuthn,80,1682,0.002292,0.022584,0.071875,0.307792,0.407709,5500.407709
poia_webauthn,PoIA with WebAuthn,80,1683,0.001667,0.018125,13.742458,1.488334,15.253584,5515.253584
poia_webauthn,PoIA with WebAuthn,80,1684,0.002625,0.024208,0.828625,0.525084,1.384208,5501.384208
poia_webauthn,PoIA with WebAuthn,80,1685,0.001709,0.017541,3.016125,2.703417,5.741833,5505.741833
poia_webauthn,PoIA with WebAuthn,80,1686,0.001667,0.017875,2.497417,0.1315,2.650917,5502.650917
poia_webauthn,PoIA with WebAuthn,80,1687,0.0025,0.023083,0.262958,0.305084,0.597208,5500.597208
poia_webauthn,PoIA with WebAuthn,80,1688,0.001666,0.017792,7.212333,0.1435,7.377583,5507.377583
poia_webauthn,PoIA with WebAuthn,80,1689,0.001666,0.0175,0.0555,0.117333,0.193625,5500.193625
poia_webauthn,PoIA with WebAuthn,80,1690,0.001916,0.018708,2.424583,0.137,2.584833,5502.584833
poia_webauthn,PoIA with WebAuthn,80,1691,0.001875,0.017791,9.535167,0.132333,9.689667,5509.689667
poia_webauthn,PoIA with WebAuthn,80,1692,0.002459,0.022542,0.083917,0.310084,0.422125,5500.422125
poia_webauthn,PoIA with WebAuthn,80,1693,0.001833,0.021208,2.044875,2.865416,4.936458,5504.936458
poia_webauthn,PoIA with WebAuthn,80,1694,0.002291,0.0225,0.070958,0.317334,0.416209,5500.416209
poia_webauthn,PoIA with WebAuthn,80,1695,0.001833,0.02125,4.739083,0.144833,4.909917,5504.909917
poia_webauthn,PoIA with WebAuthn,80,1696,0.002334,0.022542,0.291834,0.132209,0.45175,5500.45175
poia_webauthn,PoIA with WebAuthn,80,1697,0.001667,0.017459,7.841292,0.135,7.997958,5507.997958
poia_webauthn,PoIA with WebAuthn,80,1698,0.002125,0.02225,2.999333,0.143417,3.170583,5503.170583
poia_webauthn,PoIA with WebAuthn,80,1699,0.002583,0.022333,0.066375,0.348916,0.443041,5500.443041
poia_webauthn,PoIA with WebAuthn,80,1700,0.002458,0.023833,0.068,0.186042,0.283333,5500.283333
poia_webauthn,PoIA with WebAuthn,80,1701,0.002333,0.022667,0.080542,0.1525,0.26125,5500.26125
poia_webauthn,PoIA with WebAuthn,80,1702,0.002,0.021667,1.898125,2.46125,4.38625,5504.38625
poia_webauthn,PoIA with WebAuthn,80,1703,0.001709,0.017833,2.806125,0.130542,2.958708,5502.958708
poia_webauthn,PoIA with WebAuthn,80,1704,0.001792,0.01775,2.079792,2.532417,4.634833,5504.634833
poia_webauthn,PoIA with WebAuthn,80,1705,0.002292,0.022625,0.099375,0.262583,0.390209,5500.390209
poia_webauthn,PoIA with WebAuthn,80,1706,0.001792,0.017791,2.393792,0.139333,2.555167,5502.555167
poia_webauthn,PoIA with WebAuthn,80,1707,0.00225,0.022334,0.066042,0.312625,0.406416,5500.406416
poia_webauthn,PoIA with WebAuthn,80,1708,0.001708,0.017875,4.353834,0.132916,4.508791,5504.508791
poia_webauthn,PoIA with WebAuthn,80,1709,0.001292,0.017625,2.680167,3.093125,5.795208,5505.795208
poia_webauthn,PoIA with WebAuthn,80,1710,0.002292,0.022417,0.070208,0.317542,0.415417,5500.415417
poia_webauthn,PoIA with WebAuthn,80,1711,0.002375,0.021833,2.787333,0.131875,2.946458,5502.946458
poia_webauthn,PoIA with WebAuthn,80,1712,0.001584,0.021666,1.915208,4.378042,6.319708,5506.319708
poia_webauthn,PoIA with WebAuthn,80,1713,0.001875,0.017375,2.966833,0.120542,3.108333,5503.108333
poia_webauthn,PoIA with WebAuthn,80,1714,0.002292,0.022625,0.071666,0.328959,0.428459,5500.428459
poia_webauthn,PoIA with WebAuthn,80,1715,0.002541,0.022084,0.071208,0.325,0.423916,5500.423916
poia_webauthn,PoIA with WebAuthn,80,1716,0.0025,0.024917,2.317791,0.131458,2.479375,5502.479375
poia_webauthn,PoIA with WebAuthn,80,1717,0.002417,0.022792,0.225958,0.132625,0.386625,5500.386625
poia_webauthn,PoIA with WebAuthn,80,1718,0.001666,0.018042,2.39125,0.135875,2.54925,5502.54925
poia_webauthn,PoIA with WebAuthn,80,1719,0.002541,0.024833,0.478625,0.5695,1.079292,5501.079292
poia_webauthn,PoIA with WebAuthn,80,1720,0.002417,0.022583,0.07,0.135792,0.233375,5500.233375
poia_webauthn,PoIA with WebAuthn,80,1721,0.002625,0.023334,0.064833,0.594917,0.688792,5500.688792
poia_webauthn,PoIA with WebAuthn,80,1722,0.002125,0.022792,1.899417,4.385125,6.31275,5506.31275
poia_webauthn,PoIA with WebAuthn,80,1723,0.002166,0.035833,0.066916,0.135375,0.242833,5500.242833
poia_webauthn,PoIA with WebAuthn,80,1724,0.001708,0.017875,7.571417,0.142583,7.736042,5507.736042
poia_webauthn,PoIA with WebAuthn,80,1725,0.001791,0.022041,2.221209,0.130875,2.378459,5502.378459
poia_webauthn,PoIA with WebAuthn,80,1726,0.002375,0.022125,0.199541,0.28775,0.515208,5500.515208
poia_webauthn,PoIA with WebAuthn,80,1727,0.0015,0.018583,2.324208,2.223083,4.570375,5504.570375
poia_webauthn,PoIA with WebAuthn,80,1728,0.001916,0.032375,7.376083,0.139667,7.552625,5507.552625
poia_webauthn,PoIA with WebAuthn,80,1729,0.001666,0.018,9.337667,1.252083,10.612,5510.612
poia_webauthn,PoIA with WebAuthn,80,1730,0.002417,0.021833,0.070542,0.868375,0.966041,5500.966041
poia_webauthn,PoIA with WebAuthn,80,1731,0.002125,0.019125,1.823666,2.313084,4.160958,5504.160958
poia_webauthn,PoIA with WebAuthn,80,1732,0.002292,0.02225,0.083292,0.309,0.420083,5500.420083
poia_webauthn,PoIA with WebAuthn,80,1733,0.001666,0.01925,2.29425,2.825209,5.143375,5505.143375
poia_webauthn,PoIA with WebAuthn,80,1734,0.002083,0.018916,3.913083,2.319792,6.257,5506.257
poia_webauthn,PoIA with WebAuthn,80,1735,0.001959,0.021667,3.033167,2.828334,5.887875,5505.887875
poia_webauthn,PoIA with WebAuthn,80,1736,0.0045,0.023875,0.255458,0.344167,0.631708,5500.631708
poia_webauthn,PoIA with WebAuthn,80,1737,0.001667,0.018042,2.3125,0.139375,2.474208,5502.474208
poia_webauthn,PoIA with WebAuthn,80,1738,0.002292,0.022125,0.070709,0.309916,0.408042,5500.408042
poia_webauthn,PoIA with WebAuthn,80,1739,0.002208,0.026,0.069917,0.308334,0.409458,5500.409458
poia_webauthn,PoIA with WebAuthn,80,1740,0.002333,0.021792,0.070042,0.307125,0.404375,5500.404375
poia_webauthn,PoIA with WebAuthn,80,1741,0.002625,0.026708,4.804167,0.132709,4.969125,5504.969125
poia_webauthn,PoIA with WebAuthn,80,1742,0.001583,0.028125,5.590792,0.13125,5.754333,5505.754333
poia_webauthn,PoIA with WebAuthn,80,1743,0.00175,0.027583,7.370917,0.132333,7.535,5507.535
poia_webauthn,PoIA with WebAuthn,80,1744,0.002125,0.019125,2.330417,2.364583,4.719375,5504.719375
poia_webauthn,PoIA with WebAuthn,80,1745,0.001917,0.017875,2.967084,0.128875,3.118167,5503.118167
poia_webauthn,PoIA with WebAuthn,80,1746,0.002208,0.022125,0.071375,0.310416,0.40925,5500.40925
poia_webauthn,PoIA with WebAuthn,80,1747,0.001417,0.018167,2.387958,2.2705,4.68125,5504.68125
poia_webauthn,PoIA with WebAuthn,80,1748,0.001833,0.018583,7.359375,0.132917,7.515209,5507.515209
poia_webauthn,PoIA with WebAuthn,80,1749,0.001667,0.018,2.394,2.461792,4.878583,5504.878583
poia_webauthn,PoIA with WebAuthn,80,1750,0.00225,0.022459,1.581417,0.131916,1.740958,5501.740958
poia_webauthn,PoIA with WebAuthn,80,1751,0.002417,0.023208,0.068875,0.307959,0.405667,5500.405667
poia_webauthn,PoIA with WebAuthn,80,1752,0.002334,0.022417,0.071333,0.307167,0.406417,5500.406417
poia_webauthn,PoIA with WebAuthn,80,1753,0.001917,0.021667,9.743875,1.660042,11.430417,5511.430417
poia_webauthn,PoIA with WebAuthn,80,1754,0.002292,0.022792,0.067042,0.31175,0.406791,5500.406791
poia_webauthn,PoIA with WebAuthn,80,1755,0.002333,0.021958,0.210084,0.1315,0.368792,5500.368792
poia_webauthn,PoIA with WebAuthn,80,1756,0.002208,0.022458,0.065917,0.1255,0.218583,5500.218583
poia_webauthn,PoIA with WebAuthn,80,1757,0.002333,0.022084,0.069958,0.322334,0.419959,5500.419959
poia_webauthn,PoIA with WebAuthn,80,1758,0.002209,0.022708,0.065875,0.13875,0.232084,5500.232084
poia_webauthn,PoIA with WebAuthn,80,1759,0.001584,0.020334,5.04575,0.127292,5.197417,5505.197417
poia_webauthn,PoIA with WebAuthn,80,1760,0.0025,0.02275,2.123125,2.295375,4.446792,5504.446792
poia_webauthn,PoIA with WebAuthn,80,1761,0.002417,0.019625,2.405375,0.130625,2.560542,5502.560542
poia_webauthn,PoIA with WebAuthn,80,1762,0.002417,0.021791,0.0705,0.319875,0.417375,5500.417375
poia_webauthn,PoIA with WebAuthn,80,1763,0.00275,0.023583,0.502458,0.160833,0.692875,5500.692875
poia_webauthn,PoIA with WebAuthn,80,1764,0.002208,0.022292,0.070792,0.307667,0.406,5500.406
poia_webauthn,PoIA with WebAuthn,80,1765,0.002292,0.022084,0.066625,0.499542,0.5935,5500.5935
poia_webauthn,PoIA with WebAuthn,80,1766,0.001917,0.01875,2.836542,0.13125,2.990834,5502.990834
poia_webauthn,PoIA with WebAuthn,80,1767,0.0035,0.059916,2.179459,0.1335,2.3805,5502.3805
poia_webauthn,PoIA with WebAuthn,80,1768,0.002375,0.022209,0.073958,0.314041,0.41575,5500.41575
poia_webauthn,PoIA with WebAuthn,80,1769,0.002167,0.0225,2.930667,0.132,3.089833,5503.089833
poia_webauthn,PoIA with WebAuthn,80,1770,0.00175,0.018083,2.267292,0.128291,2.417958,5502.417958
poia_webauthn,PoIA with WebAuthn,80,1771,0.002292,0.025333,0.06675,0.308292,0.40575,5500.40575
poia_webauthn,PoIA with WebAuthn,80,1772,0.002042,0.018167,2.713458,0.13175,2.868,5502.868
poia_webauthn,PoIA with WebAuthn,80,1773,0.00175,0.017791,2.397917,0.1275,2.547459,5502.547459
poia_webauthn,PoIA with WebAuthn,80,1774,0.001917,0.021208,5.60025,0.135541,5.761291,5505.761291
poia_webauthn,PoIA with WebAuthn,80,1775,0.002458,0.022292,0.065917,0.334375,0.428125,5500.428125
poia_webauthn,PoIA with WebAuthn,80,1776,0.002333,0.022542,0.0705,0.31125,0.409541,5500.409541
poia_webauthn,PoIA with WebAuthn,80,1777,0.001875,0.021667,2.690708,0.13225,2.849083,5502.849083
poia_webauthn,PoIA with WebAuthn,80,1778,0.009,0.068833,0.093625,0.204791,0.382958,5500.382958
poia_webauthn,PoIA with WebAuthn,80,1779,0.002333,0.022291,0.070375,0.31125,0.409375,5500.409375
poia_webauthn,PoIA with WebAuthn,80,1780,0.001792,0.017875,2.409042,0.140292,2.5715,5502.5715
poia_webauthn,PoIA with WebAuthn,80,1781,0.002,0.018625,2.141375,0.146375,2.311,5502.311
poia_webauthn,PoIA with WebAuthn,80,1782,0.001667,0.021291,7.26625,1.575416,8.867417,5508.867417
poia_webauthn,PoIA with WebAuthn,80,1783,0.001708,0.018125,2.183709,2.182084,4.388709,5504.388709
poia_webauthn,PoIA with WebAuthn,80,1784,0.002334,0.021959,0.070083,0.307917,0.40525,5500.40525
poia_webauthn,PoIA with WebAuthn,80,1785,0.002542,0.023542,0.357375,0.147959,0.534375,5500.534375
poia_webauthn,PoIA with WebAuthn,80,1786,0.002,0.021792,2.417291,0.132125,2.575666,5502.575666
poia_webauthn,PoIA with WebAuthn,80,1787,0.002542,0.02375,0.199584,0.318625,0.547958,5500.547958
poia_webauthn,PoIA with WebAuthn,80,1788,0.001833,0.017667,3.004042,0.133625,3.159625,5503.159625
poia_webauthn,PoIA with WebAuthn,80,1789,0.001792,0.028375,1.847666,0.127042,2.007375,5502.007375
poia_webauthn,PoIA with WebAuthn,80,1790,0.002375,0.022833,0.066459,0.314292,0.408791,5500.408791
poia_webauthn,PoIA with WebAuthn,80,1791,0.002333,0.022458,0.071542,0.30775,0.407083,5500.407083
poia_webauthn,PoIA with WebAuthn,80,1792,0.002083,0.022041,2.179708,0.1475,2.354,5502.354
poia_webauthn,PoIA with WebAuthn,80,1793,0.007833,0.078167,0.234458,2.740667,3.066791,5503.066791
poia_webauthn,PoIA with WebAuthn,80,1794,0.00225,0.022375,0.066208,0.319625,0.413417,5500.413417
poia_webauthn,PoIA with WebAuthn,80,1795,0.00175,0.022,0.058084,0.123958,0.207959,5500.207959
poia_webauthn,PoIA with WebAuthn,80,1796,0.00175,0.017583,2.346584,4.635041,7.003375,5507.003375
poia_webauthn,PoIA with WebAuthn,80,1797,0.002333,0.022459,2.391625,0.131791,2.550708,5502.550708
poia_webauthn,PoIA with WebAuthn,80,1798,0.002208,0.022583,0.098792,0.3255,0.452542,5500.452542
poia_webauthn,PoIA with WebAuthn,80,1799,0.002167,0.022667,0.070458,0.307792,0.406084,5500.406084
poia_webauthn,PoIA with WebAuthn,80,1800,0.001875,0.022375,21.715625,0.184625,21.927125,5521.927125
poia_webauthn,PoIA with WebAuthn,80,1801,0.001917,0.017959,2.167125,0.145958,2.335541,5502.335541
poia_webauthn,PoIA with WebAuthn,80,1802,0.002333,0.023458,0.06975,0.30425,0.402708,5500.402708
poia_webauthn,PoIA with WebAuthn,80,1803,0.00225,0.022125,0.070833,0.305708,0.403875,5500.403875
poia_webauthn,PoIA with WebAuthn,80,1804,0.001667,0.017542,9.662541,8.672334,18.356667,5518.356667
poia_webauthn,PoIA with WebAuthn,80,1805,0.002,0.018,2.972625,0.1365,3.13175,5503.13175
poia_webauthn,PoIA with WebAuthn,80,1806,0.002083,0.021708,10.447375,3.03125,13.50575,5513.50575
poia_webauthn,PoIA with WebAuthn,80,1807,0.00175,0.018208,2.147125,0.151417,2.321083,5502.321083
poia_webauthn,PoIA with WebAuthn,80,1808,0.001708,0.017792,1.607167,1.667791,3.297584,5503.297584
poia_webauthn,PoIA with WebAuthn,80,1809,0.002417,0.022834,0.066208,0.318916,0.41325,5500.41325
poia_webauthn,PoIA with WebAuthn,80,1810,0.002291,0.022167,2.62775,0.136625,2.791917,5502.791917
poia_webauthn,PoIA with WebAuthn,80,1811,0.002542,0.023708,0.481583,0.152292,0.662625,5500.662625
poia_webauthn,PoIA with WebAuthn,80,1812,0.001792,0.017958,0.057083,2.492667,2.571917,5502.571917
poia_webauthn,PoIA with WebAuthn,80,1813,0.002167,0.023375,10.478834,0.134333,10.641291,5510.641291
poia_webauthn,PoIA with WebAuthn,80,1814,0.002208,0.022083,1.080083,0.322875,1.43075,5501.43075
poia_webauthn,PoIA with WebAuthn,80,1815,0.001708,0.017792,9.848916,1.417958,11.289958,5511.289958
poia_webauthn,PoIA with WebAuthn,80,1816,0.001833,0.018167,2.369666,0.152875,2.545083,5502.545083
poia_webauthn,PoIA with WebAuthn,80,1817,0.002209,0.022625,0.182083,0.312542,0.522958,5500.522958
poia_webauthn,PoIA with WebAuthn,80,1818,0.002375,0.023458,0.460542,0.465833,0.955709,5500.955709
poia_webauthn,PoIA with WebAuthn,80,1819,0.002083,0.018791,5.148,0.13975,5.311375,5505.311375
poia_webauthn,PoIA with WebAuthn,80,1820,0.002291,0.022292,0.082125,0.360458,0.470125,5500.470125
poia_webauthn,PoIA with WebAuthn,80,1821,0.00225,0.022084,0.070041,0.305125,0.402708,5500.402708
poia_webauthn,PoIA with WebAuthn,80,1822,0.001625,0.017625,2.324458,0.127917,2.474125,5502.474125
poia_webauthn,PoIA with WebAuthn,80,1823,0.001791,0.043333,18.232083,1.105125,19.385417,5519.385417
poia_webauthn,PoIA with WebAuthn,80,1824,0.001708,0.02175,5.646166,0.132583,5.804875,5505.804875
poia_webauthn,PoIA with WebAuthn,80,1825,0.002291,0.022291,0.06975,0.356292,0.453541,5500.453541
poia_webauthn,PoIA with WebAuthn,80,1826,0.002292,0.022458,0.070083,0.136542,0.233959,5500.233959
poia_webauthn,PoIA with WebAuthn,80,1827,0.001792,0.018375,6.1835,0.116417,6.321792,5506.321792
poia_webauthn,PoIA with WebAuthn,80,1828,0.00175,0.017667,5.103958,0.142709,5.2685,5505.2685
poia_webauthn,PoIA with WebAuthn,80,1829,0.001792,0.017792,2.253625,0.131083,2.406916,5502.406916
poia_webauthn,PoIA with WebAuthn,80,1830,0.001834,0.018,2.317167,0.131375,2.470833,5502.470833
poia_webauthn,PoIA with WebAuthn,80,1831,0.002417,0.022792,1.981459,0.129417,2.139166,5502.139166
poia_webauthn,PoIA with WebAuthn,80,1832,0.002458,0.023,0.068125,0.311,0.407625,5500.407625
poia_webauthn,PoIA with WebAuthn,80,1833,0.001792,0.018042,2.437541,0.130542,2.590333,5502.590333
poia_webauthn,PoIA with WebAuthn,80,1834,0.001708,0.018,2.325625,0.131417,2.479333,5502.479333
poia_webauthn,PoIA with WebAuthn,80,1835,0.002416,0.022292,0.069833,0.317542,0.415125,5500.415125
poia_webauthn,PoIA with WebAuthn,80,1836,0.002417,0.022,0.07125,0.124042,0.222125,5500.222125
poia_webauthn,PoIA with WebAuthn,80,1837,0.002291,0.022208,0.0715,0.491875,0.590791,5500.590791
poia_webauthn,PoIA with WebAuthn,80,1838,0.001791,0.017917,4.888083,0.137209,5.047542,5505.047542
poia_webauthn,PoIA with WebAuthn,80,1839,0.001583,0.021292,4.747542,0.131083,4.904,5504.904
poia_webauthn,PoIA with WebAuthn,80,1840,0.002375,0.022209,0.06725,0.306417,0.401333,5500.401333
poia_webauthn,PoIA with WebAuthn,80,1841,0.002042,0.024917,0.061625,0.119917,0.210375,5500.210375
poia_webauthn,PoIA with WebAuthn,80,1842,0.00225,0.026333,4.906958,1.964,6.902208,5506.902208
poia_webauthn,PoIA with WebAuthn,80,1843,0.002166,0.022208,0.070167,0.311167,0.408709,5500.408709
poia_webauthn,PoIA with WebAuthn,80,1844,0.001708,0.017625,5.543084,0.135,5.699834,5505.699834
poia_webauthn,PoIA with WebAuthn,80,1845,0.001833,0.017875,2.440334,2.517084,4.981458,5504.981458
poia_webauthn,PoIA with WebAuthn,80,1846,0.001709,0.01775,9.804625,1.352125,11.179,5511.179
poia_webauthn,PoIA with WebAuthn,80,1847,0.002416,0.022708,0.601959,0.319625,0.950416,5500.950416
poia_webauthn,PoIA with WebAuthn,80,1848,0.002041,0.021792,2.35025,2.667708,5.045125,5505.045125
poia_webauthn,PoIA with WebAuthn,80,1849,0.001625,0.02225,16.684375,0.117917,16.828083,5516.828083
poia_webauthn,PoIA with WebAuthn,80,1850,0.002333,0.019458,9.342333,0.13275,9.499541,5509.499541
poia_webauthn,PoIA with WebAuthn,80,1851,0.001667,0.0175,4.814042,0.132042,4.967708,5504.967708
poia_webauthn,PoIA with WebAuthn,80,1852,0.002541,0.023625,0.067791,0.309458,0.406542,5500.406542
poia_webauthn,PoIA with WebAuthn,80,1853,0.002,0.018625,4.6805,1.941792,6.645959,5506.645959
poia_webauthn,PoIA with WebAuthn,80,1854,0.00225,0.022208,4.3005,0.136791,4.4645,5504.4645
poia_webauthn,PoIA with WebAuthn,80,1855,0.001917,0.017875,10.137875,0.138084,10.298083,5510.298083
poia_webauthn,PoIA with WebAuthn,80,1856,0.001709,0.017916,7.53025,0.144708,7.697083,5507.697083
poia_webauthn,PoIA with WebAuthn,80,1857,0.00225,0.022459,0.071208,0.152208,0.251042,5500.251042
poia_webauthn,PoIA with WebAuthn,80,1858,0.002291,0.026417,5.2855,2.448083,7.765292,5507.765292
poia_webauthn,PoIA with WebAuthn,80,1859,0.001584,0.017417,2.364083,0.132375,2.517875,5502.517875
poia_webauthn,PoIA with WebAuthn,80,1860,0.002,0.021625,4.904792,0.141,5.072,5505.072
poia_webauthn,PoIA with WebAuthn,80,1861,0.002292,0.021958,0.069334,0.310667,0.40725,5500.40725
poia_webauthn,PoIA with WebAuthn,80,1862,0.002375,0.022125,0.3045,0.251708,0.584083,5500.584083
poia_webauthn,PoIA with WebAuthn,80,1863,0.001958,0.022416,3.098208,1.954292,5.079959,5505.079959
poia_webauthn,PoIA with WebAuthn,80,1864,0.002334,0.022458,0.084208,0.30875,0.420791,5500.420791
poia_webauthn,PoIA with WebAuthn,80,1865,0.00175,0.018,2.511208,2.565875,5.100375,5505.100375
poia_webauthn,PoIA with WebAuthn,80,1866,0.001625,0.017833,2.741708,0.208209,2.972208,5502.972208
poia_webauthn,PoIA with WebAuthn,80,1867,0.002042,0.021958,2.371084,5.114333,7.51275,5507.51275
poia_webauthn,PoIA with WebAuthn,80,1868,0.002417,0.022541,0.475375,0.319916,0.823791,5500.823791
poia_webauthn,PoIA with WebAuthn,80,1869,0.002,0.022,2.302625,2.49825,4.828083,5504.828083
poia_webauthn,PoIA with WebAuthn,80,1870,0.001375,0.017791,2.182459,0.131667,2.335709,5502.335709
poia_webauthn,PoIA with WebAuthn,80,1871,0.001875,0.017834,2.509833,4.512708,7.045375,5507.045375
poia_webauthn,PoIA with WebAuthn,80,1872,0.00175,0.017458,0.055792,2.505916,2.583375,5502.583375
poia_webauthn,PoIA with WebAuthn,80,1873,0.00175,0.017917,5.49975,0.133917,5.655875,5505.655875
poia_webauthn,PoIA with WebAuthn,80,1874,0.002542,0.022458,3.074833,0.152375,3.255333,5503.255333
poia_webauthn,PoIA with WebAuthn,80,1875,0.001834,0.017833,1.704958,0.231125,1.961875,5501.961875
poia_webauthn,PoIA with WebAuthn,80,1876,0.0025,0.022292,0.070666,0.30525,0.403666,5500.403666
poia_webauthn,PoIA with WebAuthn,80,1877,0.002209,0.022167,0.453166,0.28625,0.76725,5500.76725
poia_webauthn,PoIA with WebAuthn,80,1878,0.001709,0.017917,3.001458,0.135667,3.159292,5503.159292
poia_webauthn,PoIA with WebAuthn,80,1879,0.00225,0.022125,0.066125,0.134916,0.228,5500.228
poia_webauthn,PoIA with WebAuthn,80,1880,0.002292,0.022125,0.679834,0.22875,0.936084,5500.936084
poia_webauthn,PoIA with WebAuthn,80,1881,0.002291,0.022125,0.070333,0.152833,0.250541,5500.250541
poia_webauthn,PoIA with WebAuthn,80,1882,0.00225,0.022334,0.070125,0.310459,0.408083,5500.408083
poia_webauthn,PoIA with WebAuthn,80,1883,0.002416,0.0225,0.460334,0.32075,0.809458,5500.809458
poia_webauthn,PoIA with WebAuthn,80,1884,0.002375,0.022083,0.070208,0.478458,0.57625,5500.57625
poia_webauthn,PoIA with WebAuthn,80,1885,0.002375,0.022083,0.083292,0.136833,0.247125,5500.247125
poia_webauthn,PoIA with WebAuthn,80,1886,0.00225,0.022167,2.97175,0.151458,3.150542,5503.150542
poia_webauthn,PoIA with WebAuthn,80,1887,0.002333,0.022625,0.070166,0.5225,0.620583,5500.620583
poia_webauthn,PoIA with WebAuthn,80,1888,0.002292,0.022333,0.070209,0.311666,0.409375,5500.409375
poia_webauthn,PoIA with WebAuthn,80,1889,0.002208,0.022292,0.070666,0.127666,0.225375,5500.225375
poia_webauthn,PoIA with WebAuthn,80,1890,0.002417,0.022209,0.069416,0.31975,0.416667,5500.416667
poia_webauthn,PoIA with WebAuthn,80,1891,0.002333,0.022416,0.066625,0.313167,0.407375,5500.407375
poia_webauthn,PoIA with WebAuthn,80,1892,0.00225,0.02225,0.070208,0.308625,0.40625,5500.40625
poia_webauthn,PoIA with WebAuthn,80,1893,0.002417,0.022292,0.069958,0.313958,0.411542,5500.411542
poia_webauthn,PoIA with WebAuthn,80,1894,0.002292,0.022208,0.066167,0.130708,0.223875,5500.223875
poia_webauthn,PoIA with WebAuthn,80,1895,0.002333,0.02225,0.066583,0.351584,0.445666,5500.445666
poia_webauthn,PoIA with WebAuthn,80,1896,0.00225,0.022167,0.07025,0.321208,0.418792,5500.418792
poia_webauthn,PoIA with WebAuthn,80,1897,0.002292,0.022292,0.0665,0.308458,0.4025,5500.4025
poia_webauthn,PoIA with WebAuthn,80,1898,0.002417,0.022208,0.070417,0.307917,0.405875,5500.405875
poia_webauthn,PoIA with WebAuthn,80,1899,0.002333,0.022209,0.161291,0.131541,0.320375,5500.320375
poia_webauthn,PoIA with WebAuthn,80,1900,0.002292,0.02225,0.071042,0.307792,0.406375,5500.406375
poia_webauthn,PoIA with WebAuthn,80,1901,0.00225,0.021875,0.072333,0.325208,0.424625,5500.424625
poia_webauthn,PoIA with WebAuthn,80,1902,0.002375,0.021917,0.069625,0.309875,0.406666,5500.406666
poia_webauthn,PoIA with WebAuthn,80,1903,0.001875,0.019125,0.21825,0.238334,0.480542,5500.480542
poia_webauthn,PoIA with WebAuthn,80,1904,0.002292,0.022375,1.417958,0.316833,1.762916,5501.762916
poia_webauthn,PoIA with WebAuthn,80,1905,0.002334,0.022125,1.387208,0.255541,1.670459,5501.670459
poia_webauthn,PoIA with WebAuthn,80,1906,0.002458,0.022458,0.264,0.339083,0.631375,5500.631375
poia_webauthn,PoIA with WebAuthn,80,1907,0.002291,0.022458,0.072833,0.188584,0.289208,5500.289208
poia_webauthn,PoIA with WebAuthn,80,1908,0.002417,0.022583,0.082958,0.309041,0.419917,5500.419917
poia_webauthn,PoIA with WebAuthn,80,1909,0.002416,0.022667,0.09775,0.135791,0.26175,5500.26175
poia_webauthn,PoIA with WebAuthn,80,1910,0.002667,0.022958,0.406541,0.328875,0.764375,5500.764375
poia_webauthn,PoIA with WebAuthn,80,1911,0.002458,0.022375,0.183375,0.329583,0.541375,5500.541375
poia_webauthn,PoIA with WebAuthn,80,1912,0.002417,0.022458,0.215625,0.334292,0.57825,5500.57825
poia_webauthn,PoIA with WebAuthn,80,1913,0.002333,0.022167,0.201458,0.287375,0.516792,5500.516792
poia_webauthn,PoIA with WebAuthn,80,1914,0.00225,0.022083,0.07025,0.132708,0.22975,5500.22975
poia_webauthn,PoIA with WebAuthn,80,1915,0.002458,0.022208,0.230041,0.317833,0.576042,5500.576042
poia_webauthn,PoIA with WebAuthn,80,1916,0.00175,0.021666,2.784542,0.132083,2.942583,5502.942583
poia_webauthn,PoIA with WebAuthn,80,1917,0.002375,0.022333,0.069834,0.32025,0.417875,5500.417875
poia_webauthn,PoIA with WebAuthn,80,1918,0.002334,0.022708,0.066875,0.321375,0.416166,5500.416166
poia_webauthn,PoIA with WebAuthn,80,1919,0.002416,0.0225,0.071625,0.316833,0.416416,5500.416416
poia_webauthn,PoIA with WebAuthn,80,1920,0.002334,0.026458,0.070541,0.308291,0.410542,5500.410542
poia_webauthn,PoIA with WebAuthn,80,1921,0.002459,0.022833,0.246666,0.315875,0.591209,5500.591209
poia_webauthn,PoIA with WebAuthn,80,1922,0.002375,0.022291,0.183834,0.31075,0.522625,5500.522625
poia_webauthn,PoIA with WebAuthn,80,1923,0.002208,0.022084,0.065792,0.318875,0.411916,5500.411916
poia_webauthn,PoIA with WebAuthn,80,1924,0.002417,0.022,0.2025,0.28275,0.513125,5500.513125
poia_webauthn,PoIA with WebAuthn,80,1925,0.002333,0.022375,1.604666,0.133625,1.765792,5501.765792
poia_webauthn,PoIA with WebAuthn,80,1926,0.002375,0.022291,0.070625,0.305792,0.404,5500.404
poia_webauthn,PoIA with WebAuthn,80,1927,0.002417,0.022417,0.066667,0.148083,0.242083,5500.242083
poia_webauthn,PoIA with WebAuthn,80,1928,0.002375,0.022292,0.069417,0.327208,0.424333,5500.424333
poia_webauthn,PoIA with WebAuthn,80,1929,0.002458,0.022667,0.066,0.31775,0.415,5500.415
poia_webauthn,PoIA with WebAuthn,80,1930,0.00225,0.022625,0.071,0.310375,0.409208,5500.409208
poia_webauthn,PoIA with WebAuthn,80,1931,0.002125,0.022042,0.064875,0.290667,0.382416,5500.382416
poia_webauthn,PoIA with WebAuthn,80,1932,0.002292,0.022292,0.07075,0.309166,0.407458,5500.407458
poia_webauthn,PoIA with WebAuthn,80,1933,0.002333,0.0225,0.066917,0.318458,0.41325,5500.41325
poia_webauthn,PoIA with WebAuthn,80,1934,0.002333,0.022167,0.066708,0.308791,0.402958,5500.402958
poia_webauthn,PoIA with WebAuthn,80,1935,0.002375,0.022125,0.956291,0.132083,1.11575,5501.11575
poia_webauthn,PoIA with WebAuthn,80,1936,0.002291,0.022542,0.081625,0.1365,0.245458,5500.245458
poia_webauthn,PoIA with WebAuthn,80,1937,0.002333,0.022334,0.069833,0.307,0.404625,5500.404625
poia_webauthn,PoIA with WebAuthn,80,1938,0.002334,0.02225,0.069125,0.148625,0.244917,5500.244917
poia_webauthn,PoIA with WebAuthn,80,1939,0.002416,0.022292,0.556541,0.31975,0.904541,5500.904541
poia_webauthn,PoIA with WebAuthn,80,1940,0.002541,0.022708,0.070292,0.312958,0.411459,5500.411459
poia_webauthn,PoIA with WebAuthn,80,1941,0.002291,0.022333,0.071042,0.307625,0.406166,5500.406166
poia_webauthn,PoIA with WebAuthn,80,1942,0.002375,0.025958,0.066417,0.3045,0.402292,5500.402292
poia_webauthn,PoIA with WebAuthn,80,1943,0.002375,0.0225,0.097625,0.819667,0.945875,5500.945875
poia_webauthn,PoIA with WebAuthn,80,1944,0.002291,0.031625,0.067334,0.305417,0.409542,5500.409542
poia_webauthn,PoIA with WebAuthn,80,1945,0.002167,0.022542,0.066459,0.303375,0.397542,5500.397542
poia_webauthn,PoIA with WebAuthn,80,1946,0.0025,0.022084,0.066208,0.306833,0.400417,5500.400417
poia_webauthn,PoIA with WebAuthn,80,1947,0.00225,0.022125,0.181041,0.132125,0.340584,5500.340584
poia_webauthn,PoIA with WebAuthn,80,1948,0.002333,0.022541,0.066166,0.128375,0.221916,5500.221916
poia_webauthn,PoIA with WebAuthn,80,1949,0.002333,0.022084,0.070333,0.322625,0.420333,5500.420333
poia_webauthn,PoIA with WebAuthn,80,1950,0.002625,0.0225,0.2255,0.131042,0.384458,5500.384458
poia_webauthn,PoIA with WebAuthn,80,1951,0.002291,0.02225,0.0775,0.312666,0.417833,5500.417833
poia_webauthn,PoIA with WebAuthn,80,1952,0.002333,0.02225,0.070166,0.316,0.41375,5500.41375
poia_webauthn,PoIA with WebAuthn,80,1953,0.002208,0.035,1.250458,0.518458,1.809709,5501.809709
poia_webauthn,PoIA with WebAuthn,80,1954,0.002375,0.022167,0.2395,0.152458,0.419458,5500.419458
poia_webauthn,PoIA with WebAuthn,80,1955,0.002333,0.022458,0.070042,0.307459,0.405167,5500.405167
poia_webauthn,PoIA with WebAuthn,80,1956,0.002417,0.0225,0.068625,0.317458,0.414125,5500.414125
poia_webauthn,PoIA with WebAuthn,80,1957,0.0025,0.022625,0.067125,0.305916,0.401125,5500.401125
poia_webauthn,PoIA with WebAuthn,80,1958,0.002375,0.022708,0.218667,0.312667,0.559917,5500.559917
poia_webauthn,PoIA with WebAuthn,80,1959,0.002375,0.022417,0.234958,0.135792,0.398666,5500.398666
poia_webauthn,PoIA with WebAuthn,80,1960,0.002625,0.022542,0.071125,0.305417,0.404667,5500.404667
poia_webauthn,PoIA with WebAuthn,80,1961,0.00225,0.02775,1.430542,0.303,1.767042,5501.767042
poia_webauthn,PoIA with WebAuthn,80,1962,0.002459,0.02225,0.070542,0.321709,0.419875,5500.419875
poia_webauthn,PoIA with WebAuthn,80,1963,0.002333,0.0225,0.132292,0.2865,0.447167,5500.447167
poia_webauthn,PoIA with WebAuthn,80,1964,0.002375,0.022292,0.070417,0.3075,0.405416,5500.405416
poia_webauthn,PoIA with WebAuthn,80,1965,0.002375,0.022291,0.078416,0.347666,0.453709,5500.453709
poia_webauthn,PoIA with WebAuthn,80,1966,0.00225,0.022042,0.069792,0.333292,0.430292,5500.430292
poia_webauthn,PoIA with WebAuthn,80,1967,0.002583,0.022709,0.350666,0.145792,0.524791,5500.524791
poia_webauthn,PoIA with WebAuthn,80,1968,0.002333,0.022084,0.071083,0.308667,0.407208,5500.407208
poia_webauthn,PoIA with WebAuthn,80,1969,0.002125,0.02175,0.070208,0.143791,0.240542,5500.240542
poia_webauthn,PoIA with WebAuthn,80,1970,0.0025,0.022667,0.067792,0.120417,0.215709,5500.215709
poia_webauthn,PoIA with WebAuthn,80,1971,0.002666,0.027875,0.458416,0.151042,0.642958,5500.642958
poia_webauthn,PoIA with WebAuthn,80,1972,0.002417,0.022,0.07,0.305875,0.403167,5500.403167
poia_webauthn,PoIA with WebAuthn,80,1973,0.002459,0.022167,0.070583,0.460125,0.558291,5500.558291
poia_webauthn,PoIA with WebAuthn,80,1974,0.0025,0.024459,0.269708,0.434417,0.734875,5500.734875
poia_webauthn,PoIA with WebAuthn,80,1975,0.002292,0.021667,0.393709,0.317708,0.738959,5500.738959
poia_webauthn,PoIA with WebAuthn,80,1976,0.001625,0.018166,1.118,0.134917,1.275167,5501.275167
poia_webauthn,PoIA with WebAuthn,80,1977,0.002584,0.024875,0.565542,0.131916,0.727916,5500.727916
poia_webauthn,PoIA with WebAuthn,80,1978,0.002417,0.022667,0.069583,0.137125,0.234375,5500.234375
poia_webauthn,PoIA with WebAuthn,80,1979,0.002334,0.02225,0.071084,0.336208,0.434834,5500.434834
poia_webauthn,PoIA with WebAuthn,80,1980,0.002291,0.021958,0.070083,0.318708,0.416,5500.416
poia_webauthn,PoIA with WebAuthn,80,1981,0.001833,0.018875,1.94375,0.132084,2.099,5502.099
poia_webauthn,PoIA with WebAuthn,80,1982,0.002333,0.022791,0.079583,0.57125,0.678959,5500.678959
poia_webauthn,PoIA with WebAuthn,80,1983,0.0025,0.033542,0.327875,0.357625,0.724958,5500.724958
poia_webauthn,PoIA with WebAuthn,80,1984,0.002541,0.023459,0.427666,0.442209,0.899333,5500.899333
poia_webauthn,PoIA with WebAuthn,80,1985,0.002375,0.022042,0.0805,0.350584,0.458417,5500.458417
poia_webauthn,PoIA with WebAuthn,80,1986,0.002417,0.024334,0.79025,0.137708,0.957791,5500.957791
poia_webauthn,PoIA with WebAuthn,80,1987,0.0025,0.023417,0.724833,0.51475,1.269125,5501.269125
poia_webauthn,PoIA with WebAuthn,80,1988,0.00325,0.033459,0.078083,1.074416,1.192167,5501.192167
poia_webauthn,PoIA with WebAuthn,80,1989,0.00225,0.02575,0.066208,0.32575,0.422916,5500.422916
poia_webauthn,PoIA with WebAuthn,80,1990,0.002292,0.022125,0.410083,0.146167,0.583667,5500.583667
poia_webauthn,PoIA with WebAuthn,80,1991,0.002291,0.022625,0.214375,0.131709,0.373916,5500.373916
poia_webauthn,PoIA with WebAuthn,80,1992,0.002334,0.022833,0.696625,0.14075,0.865667,5500.865667
poia_webauthn,PoIA with WebAuthn,80,1993,0.002458,0.028041,0.302959,0.236291,0.573125,5500.573125
poia_webauthn,PoIA with WebAuthn,80,1994,0.002292,0.021917,0.070208,0.316875,0.414208,5500.414208
poia_webauthn,PoIA with WebAuthn,80,1995,0.0025,0.022833,1.234083,0.521792,1.784542,5501.784542
poia_webauthn,PoIA with WebAuthn,80,1996,0.001708,0.018167,0.05625,0.553291,0.631833,5500.631833
poia_webauthn,PoIA with WebAuthn,80,1997,0.002291,0.022417,0.763042,0.318667,1.109875,5501.109875
poia_webauthn,PoIA with WebAuthn,80,1998,0.002459,0.022333,0.075667,0.121125,0.224375,5500.224375
poia_webauthn,PoIA with WebAuthn,80,1999,0.002334,0.030541,8.756375,0.131667,8.924041,5508.924041
poia_webauthn,PoIA with WebAuthn,80,2000,0.002459,0.022708,0.080333,0.4365,0.544958,5500.544958
poia_webauthn,PoIA with WebAuthn,80,2001,0.001917,0.018083,1.549459,0.135334,1.70725,5501.70725
poia_webauthn,PoIA with WebAuthn,80,2002,0.0025,0.02325,0.301625,0.170583,0.501667,5500.501667
poia_webauthn,PoIA with WebAuthn,80,2003,0.002417,0.022291,0.667084,0.388875,1.084042,5501.084042
poia_webauthn,PoIA with WebAuthn,80,2004,0.002417,0.023375,0.255875,0.146542,0.43125,5500.43125
poia_webauthn,PoIA with WebAuthn,80,2005,0.002417,0.02175,1.945208,0.300833,2.273625,5502.273625
poia_webauthn,PoIA with WebAuthn,80,2006,0.002666,0.034625,0.438708,0.558875,1.038583,5501.038583
poia_webauthn,PoIA with WebAuthn,80,2007,0.00225,0.026084,4.368375,0.134625,4.534458,5504.534458
poia_webauthn,PoIA with WebAuthn,80,2008,0.002167,0.028833,2.155375,0.128458,2.334041,5502.334041
poia_webauthn,PoIA with WebAuthn,80,2009,0.00225,0.021875,0.070208,0.308,0.405167,5500.405167
poia_webauthn,PoIA with WebAuthn,80,2010,0.002416,0.02225,1.179458,0.377417,1.584916,5501.584916
poia_webauthn,PoIA with WebAuthn,80,2011,0.00225,0.022875,0.072709,0.510917,0.611833,5500.611833
poia_webauthn,PoIA with WebAuthn,80,2012,0.002292,0.022125,0.07025,0.304125,0.401792,5500.401792
poia_webauthn,PoIA with WebAuthn,80,2013,0.002375,0.022125,0.457125,0.931833,1.417,5501.417
poia_webauthn,PoIA with WebAuthn,80,2014,0.002042,0.025917,0.789917,0.196458,1.017875,5501.017875
poia_webauthn,PoIA with WebAuthn,80,2015,0.002333,0.025416,4.075209,0.129292,4.235208,5504.235208
poia_webauthn,PoIA with WebAuthn,80,2016,0.002583,0.022459,0.123791,0.526125,0.678291,5500.678291
poia_webauthn,PoIA with WebAuthn,80,2017,0.00175,0.018542,0.676542,0.1365,0.835625,5500.835625
poia_webauthn,PoIA with WebAuthn,80,2018,0.007541,0.022125,0.066667,0.306,0.405166,5500.405166
poia_webauthn,PoIA with WebAuthn,80,2019,0.001709,0.0185,0.730958,1.052667,1.806666,5501.806666
poia_webauthn,PoIA with WebAuthn,80,2020,0.002459,0.022292,0.33325,0.155625,0.5165,5500.5165
poia_webauthn,PoIA with WebAuthn,80,2021,0.0025,0.024208,0.321709,0.142542,0.493875,5500.493875
poia_webauthn,PoIA with WebAuthn,80,2022,0.001458,0.018083,1.34425,0.132625,1.498625,5501.498625
poia_webauthn,PoIA with WebAuthn,80,2023,0.002459,0.022334,0.070875,0.130458,0.228542,5500.228542
poia_webauthn,PoIA with WebAuthn,80,2024,0.002583,0.022792,0.437417,0.546083,1.0125,5501.0125
poia_webauthn,PoIA with WebAuthn,80,2025,0.002292,0.022541,0.071083,0.35475,0.4535,5500.4535
poia_webauthn,PoIA with WebAuthn,80,2026,0.002458,0.023625,0.41475,0.436167,0.880333,5500.880333
poia_webauthn,PoIA with WebAuthn,80,2027,0.002,0.018208,0.821458,0.132375,0.976584,5500.976584
poia_webauthn,PoIA with WebAuthn,80,2028,0.002333,0.02225,0.16275,0.289875,0.480667,5500.480667
poia_webauthn,PoIA with WebAuthn,80,2029,0.002083,0.019458,2.550708,0.95525,3.529959,5503.529959
poia_webauthn,PoIA with WebAuthn,80,2030,0.002334,0.022209,0.452708,0.131292,0.611292,5500.611292
poia_webauthn,PoIA with WebAuthn,80,2031,0.002458,0.022458,0.355417,0.525667,0.909708,5500.909708
poia_webauthn,PoIA with WebAuthn,80,2032,0.002458,0.021875,0.070875,0.30775,0.405875,5500.405875
poia_webauthn,PoIA with WebAuthn,80,2033,0.002334,0.02175,0.085167,0.439125,0.551416,5500.551416
poia_webauthn,PoIA with WebAuthn,80,2034,0.002667,0.027583,0.321958,0.328041,0.683417,5500.683417
poia_webauthn,PoIA with WebAuthn,80,2035,0.002625,0.023416,0.095,0.155917,0.280125,5500.280125
poia_webauthn,PoIA with WebAuthn,80,2036,0.002416,0.022959,0.270417,0.142834,0.441416,5500.441416
poia_webauthn,PoIA with WebAuthn,80,2037,0.002416,0.022708,0.610708,0.148542,0.787625,5500.787625
poia_webauthn,PoIA with WebAuthn,80,2038,0.002333,0.0225,0.07775,0.346542,0.452042,5500.452042
poia_webauthn,PoIA with WebAuthn,80,2039,0.002792,0.023375,0.419666,0.467334,0.916709,5500.916709
poia_webauthn,PoIA with WebAuthn,80,2040,0.002417,0.107333,0.34,0.424125,0.877042,5500.877042
poia_webauthn,PoIA with WebAuthn,80,2041,0.002334,0.022459,0.213958,0.505125,0.747334,5500.747334
poia_webauthn,PoIA with WebAuthn,80,2042,0.002583,0.022667,0.080875,0.347667,0.456917,5500.456917
poia_webauthn,PoIA with WebAuthn,80,2043,0.002584,0.023542,0.22075,0.169083,0.419583,5500.419583
poia_webauthn,PoIA with WebAuthn,80,2044,0.002375,0.026417,0.518333,0.503375,1.053667,5501.053667
poia_webauthn,PoIA with WebAuthn,80,2045,0.001625,0.01875,1.042625,0.131583,1.197083,5501.197083
poia_webauthn,PoIA with WebAuthn,80,2046,0.002333,0.022125,0.213542,0.316125,0.557583,5500.557583
poia_webauthn,PoIA with WebAuthn,80,2047,0.002584,0.022708,0.084334,0.139167,0.251416,5500.251416
poia_webauthn,PoIA with WebAuthn,80,2048,0.00225,0.028166,1.529833,0.145791,1.709084,5501.709084
poia_webauthn,PoIA with WebAuthn,80,2049,0.002583,0.0225,0.412375,0.149291,0.589667,5500.589667
poia_webauthn,PoIA with WebAuthn,80,2050,0.002584,0.022875,0.479583,0.132542,0.640667,5500.640667
poia_webauthn,PoIA with WebAuthn,80,2051,0.001875,0.019167,1.523542,0.147167,1.694292,5501.694292
poia_webauthn,PoIA with WebAuthn,80,2052,0.001542,0.020333,0.305709,0.153958,0.483958,5500.483958
poia_webauthn,PoIA with WebAuthn,80,2053,0.002,0.022291,0.727959,0.137,0.89175,5500.89175
poia_webauthn,PoIA with WebAuthn,80,2054,0.00275,0.027125,0.357708,0.324083,0.715041,5500.715041
poia_webauthn,PoIA with WebAuthn,80,2055,0.002375,0.023042,0.06825,0.417875,0.514625,5500.514625
poia_webauthn,PoIA with WebAuthn,80,2056,0.002416,0.029541,0.231209,0.497042,0.763583,5500.763583
poia_webauthn,PoIA with WebAuthn,80,2057,0.002333,0.022625,0.075209,0.123791,0.226583,5500.226583
poia_webauthn,PoIA with WebAuthn,80,2058,0.002167,0.021833,0.472708,0.342958,0.842959,5500.842959
poia_webauthn,PoIA with WebAuthn,80,2059,0.002375,0.026709,0.067125,0.200458,0.29975,5500.29975
poia_webauthn,PoIA with WebAuthn,80,2060,0.002542,0.02375,0.913917,0.133333,1.076625,5501.076625
poia_webauthn,PoIA with WebAuthn,80,2061,0.002459,0.022417,0.245833,0.319416,0.593542,5500.593542
poia_webauthn,PoIA with WebAuthn,80,2062,0.001958,0.018583,0.20525,0.309292,0.538125,5500.538125
poia_webauthn,PoIA with WebAuthn,80,2063,0.002625,0.023042,0.211042,0.547708,0.787917,5500.787917
poia_webauthn,PoIA with WebAuthn,80,2064,0.002417,0.022792,0.299083,0.594584,0.922333,5500.922333
poia_webauthn,PoIA with WebAuthn,80,2065,0.0025,0.02275,0.630334,0.148,0.80675,5500.80675
poia_webauthn,PoIA with WebAuthn,80,2066,0.002291,0.0225,2.184208,0.598042,2.810375,5502.810375
poia_webauthn,PoIA with WebAuthn,80,2067,0.002333,0.02725,0.953709,0.133042,1.119333,5501.119333
poia_webauthn,PoIA with WebAuthn,80,2068,0.002292,0.02175,0.070625,0.307792,0.405375,5500.405375
poia_webauthn,PoIA with WebAuthn,80,2069,0.002417,0.022208,0.162375,0.291458,0.481791,5500.481791
poia_webauthn,PoIA with WebAuthn,80,2070,0.002458,0.023459,0.453458,0.158833,0.641209,5500.641209
poia_webauthn,PoIA with WebAuthn,80,2071,0.002417,0.035709,0.246458,0.162875,0.451084,5500.451084
poia_webauthn,PoIA with WebAuthn,80,2072,0.002041,0.019583,0.314958,0.146458,0.485916,5500.485916
poia_webauthn,PoIA with WebAuthn,80,2073,0.00225,0.026,1.018667,1.055333,2.105625,5502.105625
poia_webauthn,PoIA with WebAuthn,80,2074,0.002084,0.0245,0.990125,1.10275,2.122458,5502.122458
poia_webauthn,PoIA with WebAuthn,80,2075,0.002375,0.022583,0.067583,0.119334,0.214375,5500.214375
poia_webauthn,PoIA with WebAuthn,80,2076,0.002417,0.023167,0.2955,0.36625,0.690916,5500.690916
poia_webauthn,PoIA with WebAuthn,80,2077,0.002,0.021875,1.443542,0.132458,1.6025,5501.6025
poia_webauthn,PoIA with WebAuthn,80,2078,0.002375,0.036875,0.339834,0.389209,0.772083,5500.772083
poia_webauthn,PoIA with WebAuthn,80,2079,0.002375,0.022083,0.064125,0.119791,0.210708,5500.210708
poia_webauthn,PoIA with WebAuthn,80,2080,0.002375,0.021833,0.313,0.249833,0.5905,5500.5905
poia_webauthn,PoIA with WebAuthn,80,2081,0.002542,0.022667,0.206042,0.618791,0.85375,5500.85375
poia_webauthn,PoIA with WebAuthn,80,2082,0.002042,0.021917,2.066542,0.135916,2.228875,5502.228875
poia_webauthn,PoIA with WebAuthn,80,2083,0.00275,0.025208,0.266459,0.421125,0.719125,5500.719125
poia_webauthn,PoIA with WebAuthn,80,2084,0.002375,0.023166,0.419125,0.15625,0.603917,5500.603917
poia_webauthn,PoIA with WebAuthn,80,2085,0.002292,0.022459,0.226583,0.131583,0.385667,5500.385667
poia_webauthn,PoIA with WebAuthn,80,2086,0.00225,0.02175,0.070209,0.120458,0.217125,5500.217125
poia_webauthn,PoIA with WebAuthn,80,2087,0.002459,0.031375,2.859834,0.118708,3.014708,5503.014708
poia_webauthn,PoIA with WebAuthn,80,2088,0.002833,0.023791,0.346208,0.133959,0.509792,5500.509792
poia_webauthn,PoIA with WebAuthn,80,2089,0.001625,0.022416,0.554917,0.128125,0.709625,5500.709625
poia_webauthn,PoIA with WebAuthn,80,2090,0.002333,0.022333,0.070459,0.135417,0.233,5500.233
poia_webauthn,PoIA with WebAuthn,80,2091,0.002458,0.023542,0.068083,0.248584,0.345541,5500.345541
poia_webauthn,PoIA with WebAuthn,80,2092,0.001958,0.027167,0.063292,0.482041,0.586458,5500.586458
poia_webauthn,PoIA with WebAuthn,80,2093,0.002458,0.022166,0.183084,0.311959,0.523041,5500.523041
poia_webauthn,PoIA with WebAuthn,80,2094,0.002375,0.021791,0.526291,0.131416,0.68475,5500.68475
poia_webauthn,PoIA with WebAuthn,80,2095,0.002417,0.025875,1.670917,1.00025,2.703083,5502.703083
poia_webauthn,PoIA with WebAuthn,80,2096,0.002709,0.023167,0.307417,0.134833,0.471125,5500.471125
poia_webauthn,PoIA with WebAuthn,80,2097,0.002333,0.022458,0.735333,0.149042,0.912166,5500.912166
poia_webauthn,PoIA with WebAuthn,80,2098,0.002375,0.022375,0.139583,0.317042,0.484792,5500.484792
poia_webauthn,PoIA with WebAuthn,80,2099,0.002292,0.023042,0.716417,0.146917,0.891833,5500.891833
poia_webauthn,PoIA with WebAuthn,80,2100,0.0025,0.022333,0.073041,0.3745,0.4755,5500.4755
poia_webauthn,PoIA with WebAuthn,80,2101,0.001792,0.018334,0.756833,0.136375,0.915875,5500.915875
poia_webauthn,PoIA with WebAuthn,80,2102,0.002291,0.023,0.426208,0.32375,0.778875,5500.778875
poia_webauthn,PoIA with WebAuthn,80,2103,0.002542,0.022625,0.249333,0.336084,0.614208,5500.614208
poia_webauthn,PoIA with WebAuthn,80,2104,0.002417,0.022541,0.08175,0.260083,0.369666,5500.369666
poia_webauthn,PoIA with WebAuthn,80,2105,0.002084,0.025375,0.062792,0.522167,0.614875,5500.614875
poia_webauthn,PoIA with WebAuthn,80,2106,0.002458,0.022584,0.264417,0.319417,0.614458,5500.614458
poia_webauthn,PoIA with WebAuthn,80,2107,0.002375,0.022666,0.071625,0.340708,0.440417,5500.440417
poia_webauthn,PoIA with WebAuthn,80,2108,0.002042,0.018625,0.057583,0.122208,0.202416,5500.202416
poia_webauthn,PoIA with WebAuthn,80,2109,0.002458,0.022791,0.081,0.64225,0.751542,5500.751542
poia_webauthn,PoIA with WebAuthn,80,2110,0.002375,0.021875,0.071041,0.488083,0.586417,5500.586417
poia_webauthn,PoIA with WebAuthn,80,2111,0.002292,0.025584,0.252875,0.399667,0.684,5500.684
poia_webauthn,PoIA with WebAuthn,80,2112,0.002166,0.026791,1.681625,0.611708,2.32475,5502.32475
poia_webauthn,PoIA with WebAuthn,80,2113,0.002542,0.022875,0.0815,0.407166,0.517167,5500.517167
poia_webauthn,PoIA with WebAuthn,80,2114,0.002375,0.022,0.07025,0.152416,0.25,5500.25
poia_webauthn,PoIA with WebAuthn,80,2115,0.002334,0.022542,0.067458,0.137208,0.232083,5500.232083
poia_webauthn,PoIA with WebAuthn,80,2116,0.002542,0.0235,0.224417,0.162541,0.415834,5500.415834
poia_webauthn,PoIA with WebAuthn,80,2117,0.002334,0.023333,0.326125,0.133542,0.488125,5500.488125
poia_webauthn,PoIA with WebAuthn,80,2118,0.002291,0.025208,0.438291,0.43375,0.903167,5500.903167
poia_webauthn,PoIA with WebAuthn,80,2119,0.0025,0.023584,0.25575,0.538417,0.82375,5500.82375
poia_webauthn,PoIA with WebAuthn,80,2120,0.0025,0.023208,0.389125,0.143833,0.561709,5500.561709
poia_webauthn,PoIA with WebAuthn,80,2121,0.002458,0.023833,0.168375,0.131208,0.328625,5500.328625
poia_webauthn,PoIA with WebAuthn,80,2122,0.002666,0.028167,0.443625,0.154292,0.631791,5500.631791
poia_webauthn,PoIA with WebAuthn,80,2123,0.002375,0.022542,0.480667,0.138375,0.647125,5500.647125
poia_webauthn,PoIA with WebAuthn,80,2124,0.001917,0.024625,0.641708,0.134292,0.805084,5500.805084
poia_webauthn,PoIA with WebAuthn,80,2125,0.002375,0.022292,0.241291,0.137375,0.406375,5500.406375
poia_webauthn,PoIA with WebAuthn,80,2126,0.002458,0.022792,0.224042,0.136292,0.388666,5500.388666
poia_webauthn,PoIA with WebAuthn,80,2127,0.002542,0.023708,0.450125,0.14875,0.628625,5500.628625
poia_webauthn,PoIA with WebAuthn,80,2128,0.002458,0.023792,0.522459,0.216,0.767583,5500.767583
poia_webauthn,PoIA with WebAuthn,80,2129,0.001833,0.02475,0.5465,0.555917,1.13225,5501.13225
poia_webauthn,PoIA with WebAuthn,80,2130,0.002584,0.024709,0.3865,0.7155,1.132208,5501.132208
poia_webauthn,PoIA with WebAuthn,80,2131,0.001875,0.019084,3.392459,0.117542,3.532958,5503.532958
poia_webauthn,PoIA with WebAuthn,80,2132,0.0025,0.022833,0.335584,0.130833,0.494875,5500.494875
poia_webauthn,PoIA with WebAuthn,80,2133,0.00225,0.022125,0.964667,0.612375,1.605125,5501.605125
poia_webauthn,PoIA with WebAuthn,80,2134,0.002875,0.02425,0.329958,0.447625,0.808208,5500.808208
poia_webauthn,PoIA with WebAuthn,80,2135,0.003583,0.03075,0.669334,0.12825,0.834917,5500.834917
poia_webauthn,PoIA with WebAuthn,80,2136,0.00225,0.0225,0.341084,0.598375,0.967667,5500.967667
poia_webauthn,PoIA with WebAuthn,80,2137,0.00225,0.022584,0.411708,0.420167,0.860167,5500.860167
poia_webauthn,PoIA with WebAuthn,80,2138,0.002416,0.023083,0.433834,0.3995,0.8625,5500.8625
poia_webauthn,PoIA with WebAuthn,80,2139,0.002291,0.021541,0.069583,0.320959,0.417416,5500.417416
poia_webauthn,PoIA with WebAuthn,80,2140,0.002041,0.019084,1.549666,0.13325,1.706709,5501.706709
poia_webauthn,PoIA with WebAuthn,80,2141,0.002334,0.022541,0.357875,0.398459,0.784667,5500.784667
poia_webauthn,PoIA with WebAuthn,80,2142,0.002417,0.02325,0.881958,0.139958,1.050583,5501.050583
poia_webauthn,PoIA with WebAuthn,80,2143,0.00225,0.021917,0.069541,0.135334,0.231667,5500.231667
poia_webauthn,PoIA with WebAuthn,80,2144,0.002458,0.022625,0.355708,0.309542,0.693792,5500.693792
poia_webauthn,PoIA with WebAuthn,80,2145,0.002333,0.022875,0.364584,0.456166,0.849375,5500.849375
poia_webauthn,PoIA with WebAuthn,80,2146,0.0025,0.023333,0.505792,0.4085,0.943667,5500.943667
poia_webauthn,PoIA with WebAuthn,80,2147,0.002417,0.026667,0.220542,0.138125,0.390708,5500.390708
poia_webauthn,PoIA with WebAuthn,80,2148,0.002291,0.028666,0.075,0.405584,0.514583,5500.514583
poia_webauthn,PoIA with WebAuthn,80,2149,0.002333,0.021917,2.247333,0.131334,2.405833,5502.405833
poia_webauthn,PoIA with WebAuthn,80,2150,0.002333,0.023625,0.081584,0.12775,0.238,5500.238
poia_webauthn,PoIA with WebAuthn,80,2151,0.002209,0.022791,0.546209,0.151458,0.725792,5500.725792
poia_webauthn,PoIA with WebAuthn,80,2152,0.002083,0.026708,0.581792,0.603167,1.217042,5501.217042
poia_webauthn,PoIA with WebAuthn,80,2153,0.002167,0.021792,0.076667,0.311166,0.414709,5500.414709
poia_webauthn,PoIA with WebAuthn,80,2154,0.002292,0.023042,1.254208,0.149708,1.431875,5501.431875
poia_webauthn,PoIA with WebAuthn,80,2155,0.002333,0.023416,0.263167,0.136417,0.428375,5500.428375
poia_webauthn,PoIA with WebAuthn,80,2156,0.001875,0.020959,0.489916,0.16575,0.681208,5500.681208
poia_webauthn,PoIA with WebAuthn,80,2157,0.002292,0.021875,0.069542,0.316417,0.413125,5500.413125
poia_webauthn,PoIA with WebAuthn,80,2158,0.001625,0.018084,0.765541,0.134458,0.922167,5500.922167
poia_webauthn,PoIA with WebAuthn,80,2159,0.002334,0.022709,0.299958,0.257417,0.595792,5500.595792
poia_webauthn,PoIA with WebAuthn,80,2160,0.00225,0.022792,0.063292,0.126584,0.217416,5500.217416
poia_webauthn,PoIA with WebAuthn,80,2161,0.00225,0.022333,0.070333,0.135541,0.232917,5500.232917
poia_webauthn,PoIA with WebAuthn,80,2162,0.002125,0.022333,0.539042,0.522667,1.089209,5501.089209
poia_webauthn,PoIA with WebAuthn,80,2163,0.00225,0.022209,0.395042,0.131583,0.553917,5500.553917
poia_webauthn,PoIA with WebAuthn,80,2164,0.002792,0.02825,0.546042,0.136,0.71625,5500.71625
poia_webauthn,PoIA with WebAuthn,80,2165,0.001834,0.01825,1.41475,0.855333,2.293084,5502.293084
poia_webauthn,PoIA with WebAuthn,80,2166,0.001792,0.018333,1.022292,0.956208,2.001709,5502.001709
poia_webauthn,PoIA with WebAuthn,80,2167,0.002375,0.022291,0.172375,0.154083,0.354083,5500.354083
poia_webauthn,PoIA with WebAuthn,80,2168,0.001667,0.0185,0.855416,0.1365,1.014666,5501.014666
poia_webauthn,PoIA with WebAuthn,80,2169,0.002375,0.022125,0.067,0.359958,0.454458,5500.454458
poia_webauthn,PoIA with WebAuthn,80,2170,0.002458,0.027667,2.520875,1.506125,4.060333,5504.060333
poia_webauthn,PoIA with WebAuthn,80,2171,0.002333,0.022084,0.216041,0.219083,0.463042,5500.463042
poia_webauthn,PoIA with WebAuthn,80,2172,0.002291,0.023125,0.382,0.147,0.557541,5500.557541
poia_webauthn,PoIA with WebAuthn,80,2173,0.002208,0.026125,1.036208,0.134875,1.202416,5501.202416
poia_webauthn,PoIA with WebAuthn,80,2174,0.002375,0.024125,0.285,0.132583,0.446958,5500.446958
poia_webauthn,PoIA with WebAuthn,80,2175,0.002333,0.022,0.34025,0.334875,0.703,5500.703
poia_webauthn,PoIA with WebAuthn,80,2176,0.002375,0.026208,0.253417,0.1475,0.432583,5500.432583
poia_webauthn,PoIA with WebAuthn,80,2177,0.00225,0.024166,0.464083,0.148458,0.641708,5500.641708
poia_webauthn,PoIA with WebAuthn,80,2178,0.002292,0.022083,0.07025,0.132208,0.22925,5500.22925
poia_webauthn,PoIA with WebAuthn,80,2179,0.002375,0.022709,0.245208,0.148917,0.422125,5500.422125
poia_webauthn,PoIA with WebAuthn,80,2180,0.002416,0.027041,0.244167,0.204417,0.481292,5500.481292
poia_webauthn,PoIA with WebAuthn,80,2181,0.002291,0.021791,0.207,0.131958,0.365917,5500.365917
poia_webauthn,PoIA with WebAuthn,80,2182,0.002667,0.023584,0.068166,0.492083,0.58975,5500.58975
poia_webauthn,PoIA with WebAuthn,80,2183,0.002459,0.026667,0.471709,0.1455,0.649542,5500.649542
poia_webauthn,PoIA with WebAuthn,80,2184,0.002042,0.025083,0.44375,0.141875,0.615375,5500.615375
poia_webauthn,PoIA with WebAuthn,80,2185,0.002375,0.022666,0.233292,0.131125,0.392291,5500.392291
poia_webauthn,PoIA with WebAuthn,80,2186,0.002125,0.022208,0.754167,0.132208,0.91325,5500.91325
poia_webauthn,PoIA with WebAuthn,80,2187,0.002292,0.021958,0.081958,0.152084,0.261291,5500.261291
poia_webauthn,PoIA with WebAuthn,80,2188,0.002458,0.023,0.113458,0.43625,0.578208,5500.578208
poia_webauthn,PoIA with WebAuthn,80,2189,0.002708,0.040041,0.084417,0.506375,0.63725,5500.63725
poia_webauthn,PoIA with WebAuthn,80,2190,0.002375,0.022333,0.066375,0.312917,0.406917,5500.406917
poia_webauthn,PoIA with WebAuthn,80,2191,0.002458,0.023625,0.075292,0.47625,0.5805,5500.5805
poia_webauthn,PoIA with WebAuthn,80,2192,0.002583,0.022458,0.236959,0.358917,0.62425,5500.62425
poia_webauthn,PoIA with WebAuthn,80,2193,0.002459,0.028584,0.074917,0.124,0.232375,5500.232375
poia_webauthn,PoIA with WebAuthn,80,2194,0.00175,0.01875,0.722625,0.60425,1.350417,5501.350417
poia_webauthn,PoIA with WebAuthn,80,2195,0.002375,0.02225,0.070584,0.452875,0.551167,5500.551167
poia_webauthn,PoIA with WebAuthn,80,2196,0.002333,0.022667,0.572916,0.144209,0.745166,5500.745166
poia_webauthn,PoIA with WebAuthn,80,2197,0.002333,0.022167,0.070291,0.308916,0.40675,5500.40675
poia_webauthn,PoIA with WebAuthn,80,2198,0.002666,0.022666,0.080042,0.327625,0.436,5500.436
poia_webauthn,PoIA with WebAuthn,80,2199,0.002375,0.024,1.091625,0.151833,1.272916,5501.272916
poia_webauthn,PoIA with WebAuthn,80,2200,0.002208,0.02275,0.175166,0.325833,0.529625,5500.529625
poia_webauthn,PoIA with WebAuthn,80,2201,0.002416,0.022208,0.070459,0.371,0.468875,5500.468875
poia_webauthn,PoIA with WebAuthn,80,2202,0.002709,0.024584,0.424959,0.143875,0.599333,5500.599333
poia_webauthn,PoIA with WebAuthn,80,2203,0.00225,0.023334,0.649166,0.259042,0.937167,5500.937167
poia_webauthn,PoIA with WebAuthn,80,2204,0.002291,0.022083,0.070208,0.133334,0.230458,5500.230458
poia_webauthn,PoIA with WebAuthn,80,2205,0.002667,0.025416,1.827042,0.50225,2.361083,5502.361083
poia_webauthn,PoIA with WebAuthn,80,2206,0.001709,0.021833,0.502083,0.449666,0.978375,5500.978375
poia_webauthn,PoIA with WebAuthn,80,2207,0.002458,0.022583,0.070625,0.504375,0.603125,5500.603125
poia_webauthn,PoIA with WebAuthn,80,2208,0.002334,0.031292,0.468875,1.175583,1.681541,5501.681541
poia_webauthn,PoIA with WebAuthn,80,2209,0.002416,0.021625,0.083292,0.507833,0.618291,5500.618291
poia_webauthn,PoIA with WebAuthn,80,2210,0.002292,0.026167,2.320083,0.130125,2.481042,5502.481042
poia_webauthn,PoIA with WebAuthn,80,2211,0.00225,0.022625,0.070209,0.31825,0.416333,5500.416333
poia_webauthn,PoIA with WebAuthn,80,2212,0.002458,0.024917,0.428333,0.496167,0.955333,5500.955333
poia_webauthn,PoIA with WebAuthn,80,2213,0.002459,0.023125,0.220334,0.232375,0.481833,5500.481833
poia_webauthn,PoIA with WebAuthn,80,2214,0.002584,0.023208,0.070625,3.133792,3.233292,5503.233292
poia_webauthn,PoIA with WebAuthn,80,2215,0.002375,0.029084,1.131125,0.388041,1.554167,5501.554167
poia_webauthn,PoIA with WebAuthn,80,2216,0.002333,0.022125,0.066458,0.320584,0.414458,5500.414458
poia_webauthn,PoIA with WebAuthn,80,2217,0.002584,0.0265,0.090917,0.250166,0.372959,5500.372959
poia_webauthn,PoIA with WebAuthn,80,2218,0.002334,0.023584,0.263208,0.393792,0.686541,5500.686541
poia_webauthn,PoIA with WebAuthn,80,2219,0.002291,0.022375,0.112041,0.327167,0.466708,5500.466708
poia_webauthn,PoIA with WebAuthn,80,2220,0.00225,0.028959,1.044708,0.15075,1.229709,5501.229709
poia_webauthn,PoIA with WebAuthn,80,2221,0.00225,0.036833,0.06675,0.308125,0.417125,5500.417125
poia_webauthn,PoIA with WebAuthn,80,2222,0.001708,0.018875,0.793,0.142958,0.959,5500.959
poia_webauthn,PoIA with WebAuthn,80,2223,0.002375,0.022083,0.214167,0.4975,0.739542,5500.739542
poia_webauthn,PoIA with WebAuthn,80,2224,0.002417,0.023042,0.267625,0.143167,0.439458,5500.439458
poia_webauthn,PoIA with WebAuthn,80,2225,0.0025,0.022417,0.06875,0.537,0.6335,5500.6335
poia_webauthn,PoIA with WebAuthn,80,2226,0.002875,0.02825,0.078416,0.777875,0.89075,5500.89075
poia_webauthn,PoIA with WebAuthn,80,2227,0.002584,0.023542,0.891583,0.131833,1.052542,5501.052542
poia_webauthn,PoIA with WebAuthn,80,2228,0.002583,0.022208,0.234833,0.310291,0.573375,5500.573375
poia_webauthn,PoIA with WebAuthn,80,2229,0.002291,0.022792,0.066458,0.752,0.846583,5500.846583
poia_webauthn,PoIA with WebAuthn,80,2230,0.001875,0.024125,0.602167,0.134125,0.76425,5500.76425
poia_webauthn,PoIA with WebAuthn,80,2231,0.002292,0.023,0.126,0.49575,0.650541,5500.650541
poia_webauthn,PoIA with WebAuthn,80,2232,0.002292,0.023083,0.067833,0.120792,0.216458,5500.216458
poia_webauthn,PoIA with WebAuthn,80,2233,0.002458,0.02625,0.391292,0.131416,0.554333,5500.554333
poia_webauthn,PoIA with WebAuthn,80,2234,0.0025,0.023166,1.127792,0.385709,1.542625,5501.542625
poia_webauthn,PoIA with WebAuthn,80,2235,0.0025,0.022667,0.287792,0.331541,0.647875,5500.647875
poia_webauthn,PoIA with WebAuthn,80,2236,0.002667,0.023708,0.249125,0.132417,0.411,5500.411
poia_webauthn,PoIA with WebAuthn,80,2237,0.002375,0.027333,0.261709,0.249375,0.544125,5500.544125
poia_webauthn,PoIA with WebAuthn,80,2238,0.0025,0.0255,0.318792,0.268458,0.618875,5500.618875
poia_webauthn,PoIA with WebAuthn,80,2239,0.002333,0.022083,0.070458,0.304333,0.402166,5500.402166
poia_webauthn,PoIA with WebAuthn,80,2240,0.002834,0.023,0.280084,0.391959,0.701417,5500.701417
poia_webauthn,PoIA with WebAuthn,80,2241,0.002459,0.028584,2.201459,0.135417,2.371,5502.371
poia_webauthn,PoIA with WebAuthn,80,2242,0.002042,0.022917,0.512375,0.146667,0.686583,5500.686583
poia_webauthn,PoIA with WebAuthn,80,2243,0.002375,0.023334,0.482167,0.393666,0.905125,5500.905125
poia_webauthn,PoIA with WebAuthn,80,2244,0.002292,0.021709,0.069417,0.306,0.402333,5500.402333
poia_webauthn,PoIA with WebAuthn,80,2245,0.002208,0.023209,0.102916,0.122042,0.253042,5500.253042
poia_webauthn,PoIA with WebAuthn,80,2246,0.00225,0.022167,0.070458,0.439667,0.537458,5500.537458
poia_webauthn,PoIA with WebAuthn,80,2247,0.002208,0.02525,0.067708,0.310125,0.408291,5500.408291
poia_webauthn,PoIA with WebAuthn,80,2248,0.002542,0.022417,0.28175,0.35225,0.662375,5500.662375
poia_webauthn,PoIA with WebAuthn,80,2249,0.002375,0.023375,0.390625,0.440958,0.860834,5500.860834
poia_webauthn,PoIA with WebAuthn,80,2250,0.001459,0.01875,1.7555,0.11875,1.906166,5501.906166
poia_webauthn,PoIA with WebAuthn,80,2251,0.0025,0.027541,0.37025,0.501875,0.905291,5500.905291
poia_webauthn,PoIA with WebAuthn,80,2252,0.0025,0.023542,1.250459,0.145209,1.4245,5501.4245
poia_webauthn,PoIA with WebAuthn,80,2253,0.002959,0.044625,0.892209,0.16825,1.11175,5501.11175
poia_webauthn,PoIA with WebAuthn,80,2254,0.002208,0.018791,0.062292,0.660958,0.746917,5500.746917
poia_webauthn,PoIA with WebAuthn,80,2255,0.001666,0.017667,7.272292,2.489958,9.784417,5509.784417
poia_webauthn,PoIA with WebAuthn,80,2256,0.001709,0.018375,1.03625,0.149375,1.20825,5501.20825
poia_webauthn,PoIA with WebAuthn,80,2257,0.00175,0.018542,0.997834,0.132583,1.153,5501.153
poia_webauthn,PoIA with WebAuthn,80,2258,0.002208,0.022625,0.101875,0.138041,0.267542,5500.267542
poia_webauthn,PoIA with WebAuthn,80,2259,0.002334,0.023667,0.1505,0.146208,0.325917,5500.325917
poia_webauthn,PoIA with WebAuthn,80,2260,0.00225,0.022042,0.384166,0.299292,0.711208,5500.711208
poia_webauthn,PoIA with WebAuthn,80,2261,0.001458,0.017625,9.044833,0.13425,9.200542,5509.200542
poia_webauthn,PoIA with WebAuthn,80,2262,0.00175,0.018375,0.677834,0.123166,0.823042,5500.823042
poia_webauthn,PoIA with WebAuthn,80,2263,0.002792,0.033709,0.619625,0.713083,1.373,5501.373
poia_webauthn,PoIA with WebAuthn,80,2264,0.002333,0.023042,0.219125,0.253041,0.501084,5500.501084
poia_webauthn,PoIA with WebAuthn,80,2265,0.002625,0.0365,0.452375,0.439125,0.934042,5500.934042
poia_webauthn,PoIA with WebAuthn,80,2266,0.0025,0.022959,0.426542,1.764292,2.219834,5502.219834
poia_webauthn,PoIA with WebAuthn,80,2267,0.002208,0.021667,0.635416,0.317334,0.980166,5500.980166
poia_webauthn,PoIA with WebAuthn,80,2268,0.001875,0.017875,7.52275,1.658541,9.203375,5509.203375
poia_webauthn,PoIA with WebAuthn,80,2269,0.002458,0.022292,0.403417,0.609417,1.041167,5501.041167
poia_webauthn,PoIA with WebAuthn,80,2270,0.002834,0.037292,0.070458,0.623167,0.737,5500.737
poia_webauthn,PoIA with WebAuthn,80,2271,0.003292,0.04425,0.293833,0.369083,0.714542,5500.714542
poia_webauthn,PoIA with WebAuthn,80,2272,0.002417,0.022417,0.767084,0.31925,1.114625,5501.114625
poia_webauthn,PoIA with WebAuthn,80,2273,0.002458,0.027167,0.470333,0.139459,0.642416,5500.642416
poia_webauthn,PoIA with WebAuthn,80,2274,0.007416,0.022916,0.283417,0.397833,0.715083,5500.715083
poia_webauthn,PoIA with WebAuthn,80,2275,0.00225,0.024459,0.069667,0.345208,0.444666,5500.444666
poia_webauthn,PoIA with WebAuthn,80,2276,0.001458,0.018333,7.574459,0.144834,7.741333,5507.741333
poia_webauthn,PoIA with WebAuthn,80,2277,0.002209,0.021708,0.086209,0.309916,0.423,5500.423
poia_webauthn,PoIA with WebAuthn,80,2278,0.002416,0.022791,0.331042,0.379625,0.739208,5500.739208
poia_webauthn,PoIA with WebAuthn,80,2279,0.0025,0.02725,0.099459,0.336959,0.469875,5500.469875
poia_webauthn,PoIA with WebAuthn,80,2280,0.002,0.023208,1.084625,1.054958,2.167542,5502.167542
poia_webauthn,PoIA with WebAuthn,80,2281,0.001875,0.021084,7.61575,1.800208,9.441958,5509.441958
poia_webauthn,PoIA with WebAuthn,80,2282,0.002375,0.021875,0.072333,0.31375,0.41325,5500.41325
poia_webauthn,PoIA with WebAuthn,80,2283,0.002792,0.025042,0.072666,0.561375,0.665125,5500.665125
poia_webauthn,PoIA with WebAuthn,80,2284,0.002542,0.023208,0.470792,0.376541,0.87675,5500.87675
poia_webauthn,PoIA with WebAuthn,80,2285,0.002417,0.023084,0.250791,0.289334,0.569208,5500.569208
poia_webauthn,PoIA with WebAuthn,80,2286,0.001458,0.017458,7.67825,2.88075,10.581,5510.581
poia_webauthn,PoIA with WebAuthn,80,2287,0.003,0.030084,1.082666,0.376333,1.496625,5501.496625
poia_webauthn,PoIA with WebAuthn,80,2288,0.002042,0.024625,0.6155,0.355167,1.000541,5501.000541
poia_webauthn,PoIA with WebAuthn,80,2289,0.001667,0.0175,9.307917,1.237625,10.567583,5510.567583
poia_webauthn,PoIA with WebAuthn,80,2290,0.001625,0.018125,1.770709,2.388416,4.181791,5504.181791
poia_webauthn,PoIA with WebAuthn,80,2291,0.00275,0.024667,0.460542,0.524209,1.015542,5501.015542
poia_webauthn,PoIA with WebAuthn,80,2292,0.0025,0.022209,0.748375,6.185792,6.962541,5506.962541
poia_webauthn,PoIA with WebAuthn,80,2293,0.002459,0.022459,0.276125,6.303792,6.608375,5506.608375
poia_webauthn,PoIA with WebAuthn,80,2294,0.002292,0.02175,0.37275,6.176833,6.577042,5506.577042
poia_webauthn,PoIA with WebAuthn,80,2295,0.002584,0.022334,5.847833,3.417666,9.293875,5509.293875
poia_webauthn,PoIA with WebAuthn,80,2296,0.002583,0.023791,3.4655,0.133209,3.628292,5503.628292
poia_webauthn,PoIA with WebAuthn,80,2297,0.00225,0.023292,3.433458,0.134875,3.596416,5503.596416
poia_webauthn,PoIA with WebAuthn,80,2298,0.0025,0.028542,3.404667,0.611625,4.050666,5504.050666
poia_webauthn,PoIA with WebAuthn,80,2299,0.0025,0.023541,0.606084,0.132125,0.767291,5500.767291
poia_webauthn,PoIA with WebAuthn,80,2300,0.002166,0.022834,3.887916,0.132041,4.047542,5504.047542
poia_webauthn,PoIA with WebAuthn,80,2301,0.001958,0.018042,0.615,0.151459,0.788917,5500.788917
poia_webauthn,PoIA with WebAuthn,80,2302,0.002416,0.022834,0.696042,0.131792,0.856084,5500.856084
poia_webauthn,PoIA with WebAuthn,80,2303,0.002167,0.021458,0.670875,0.132083,0.829125,5500.829125
poia_webauthn,PoIA with WebAuthn,80,2304,0.00175,0.018,0.664667,0.131083,0.817959,5500.817959
poia_webauthn,PoIA with WebAuthn,80,2305,0.001875,0.032,0.649542,0.1315,0.817584,5500.817584
poia_webauthn,PoIA with WebAuthn,80,2306,0.002,0.018375,1.696875,0.134958,1.85475,5501.85475
poia_webauthn,PoIA with WebAuthn,80,2307,0.001875,0.018083,0.677625,0.143875,0.843916,5500.843916
poia_webauthn,PoIA with WebAuthn,80,2308,0.002041,0.024458,0.524875,1.874459,2.429125,5502.429125
poia_webauthn,PoIA with WebAuthn,80,2309,0.001792,0.021459,0.716791,0.131541,0.874042,5500.874042
poia_webauthn,PoIA with WebAuthn,80,2310,0.00175,0.017958,0.720292,0.1315,0.873875,5500.873875
poia_webauthn,PoIA with WebAuthn,80,2311,0.002042,0.018417,0.720292,0.146417,0.889917,5500.889917
poia_webauthn,PoIA with WebAuthn,80,2312,0.001792,0.01825,0.7315,0.132541,0.886458,5500.886458
poia_webauthn,PoIA with WebAuthn,80,2313,0.001833,0.018459,0.696,1.331666,2.050834,5502.050834
poia_webauthn,PoIA with WebAuthn,80,2314,0.001875,0.017583,0.733959,0.131792,0.887791,5500.887791
poia_webauthn,PoIA with WebAuthn,80,2315,0.001709,0.017916,0.734709,0.131292,0.888,5500.888
poia_webauthn,PoIA with WebAuthn,80,2316,0.002583,0.02475,0.7485,0.131083,0.909917,5500.909917
poia_webauthn,PoIA with WebAuthn,80,2317,0.001916,0.021375,1.313875,0.131084,1.470708,5501.470708
poia_webauthn,PoIA with WebAuthn,80,2318,0.001875,0.018167,0.795667,0.132625,0.950833,5500.950833
poia_webauthn,PoIA with WebAuthn,80,2319,0.002084,0.021792,0.775917,0.133667,0.935959,5500.935959
poia_webauthn,PoIA with WebAuthn,80,2320,0.00175,0.017833,0.777167,0.131292,0.930375,5500.930375
poia_webauthn,PoIA with WebAuthn,80,2321,0.00175,0.018167,0.775625,0.131958,0.929917,5500.929917
poia_webauthn,PoIA with WebAuthn,80,2322,0.001666,0.017958,0.77875,0.130834,0.931583,5500.931583
poia_webauthn,PoIA with WebAuthn,80,2323,0.001666,0.01775,0.778792,0.131125,0.931583,5500.931583
poia_webauthn,PoIA with WebAuthn,80,2324,0.001667,0.021625,0.790125,0.147041,0.962959,5500.962959
poia_webauthn,PoIA with WebAuthn,80,2325,0.001792,0.018292,0.804292,0.131041,0.95775,5500.95775
poia_webauthn,PoIA with WebAuthn,80,2326,0.001625,0.017875,0.799666,0.131542,0.953166,5500.953166
poia_webauthn,PoIA with WebAuthn,80,2327,0.001875,0.01825,0.798792,0.1315,0.952875,5500.952875
poia_webauthn,PoIA with WebAuthn,80,2328,0.001584,0.017875,0.799,0.131042,0.951958,5500.951958
poia_webauthn,PoIA with WebAuthn,80,2329,0.00175,0.018,0.798416,0.130375,0.950958,5500.950958
poia_webauthn,PoIA with WebAuthn,80,2330,0.002416,0.026875,0.705083,4.041167,4.779208,5504.779208
poia_webauthn,PoIA with WebAuthn,80,2331,0.001708,0.018125,0.875584,0.130667,1.0285,5501.0285
poia_webauthn,PoIA with WebAuthn,80,2332,0.001542,0.01775,0.876375,0.131292,1.029375,5501.029375
poia_webauthn,PoIA with WebAuthn,80,2333,0.001625,0.0175,0.882959,0.131292,1.035834,5501.035834
poia_webauthn,PoIA with WebAuthn,80,2334,0.001583,0.017875,0.881458,0.131916,1.035208,5501.035208
poia_webauthn,PoIA with WebAuthn,80,2335,0.001584,0.017416,0.884667,0.131,1.037125,5501.037125
poia_webauthn,PoIA with WebAuthn,80,2336,0.0015,0.017667,0.885291,0.131,1.037833,5501.037833
poia_webauthn,PoIA with WebAuthn,80,2337,0.00175,0.018084,0.788333,2.954,3.765375,5503.765375
poia_webauthn,PoIA with WebAuthn,80,2338,0.00175,0.018,1.225833,4.235375,5.483959,5505.483959
poia_webauthn,PoIA with WebAuthn,80,2339,0.001583,0.017958,0.896292,0.131416,1.04975,5501.04975
poia_webauthn,PoIA with WebAuthn,80,2340,0.001625,0.021542,0.893375,0.13125,1.050209,5501.050209
poia_webauthn,PoIA with WebAuthn,80,2341,0.001542,0.017666,0.892541,0.1345,1.048709,5501.048709
poia_webauthn,PoIA with WebAuthn,80,2342,0.001625,0.018166,0.894334,0.131125,1.047666,5501.047666
poia_webauthn,PoIA with WebAuthn,80,2343,0.001541,0.017791,0.89525,0.130875,1.047917,5501.047917
poia_webauthn,PoIA with WebAuthn,80,2344,0.001542,0.01775,0.89575,0.130208,1.047625,5501.047625
poia_webauthn,PoIA with WebAuthn,80,2345,0.002417,0.022917,3.144542,0.131166,3.304083,5503.304083
poia_webauthn,PoIA with WebAuthn,80,2346,0.001542,0.017542,0.874625,0.13075,1.026792,5501.026792
poia_webauthn,PoIA with WebAuthn,80,2347,0.002,0.022125,2.390375,0.13075,2.547917,5502.547917
poia_webauthn,PoIA with WebAuthn,80,2348,0.001542,0.017458,0.869125,0.130708,1.021292,5501.021292
poia_webauthn,PoIA with WebAuthn,80,2349,0.001959,0.0215,1.598958,0.131125,1.756166,5501.756166
poia_webauthn,PoIA with WebAuthn,80,2350,0.0015,0.017291,0.868084,0.131125,1.020417,5501.020417
poia_webauthn,PoIA with WebAuthn,80,2351,0.001583,0.017834,1.667292,0.130625,1.819708,5501.819708
poia_webauthn,PoIA with WebAuthn,80,2352,0.001416,0.01775,0.922625,0.131167,1.075458,5501.075458
poia_webauthn,PoIA with WebAuthn,80,2353,0.0015,0.017666,1.670833,0.13125,1.823708,5501.823708
poia_webauthn,PoIA with WebAuthn,80,2354,0.001542,0.0175,0.926334,0.130708,1.078459,5501.078459
poia_webauthn,PoIA with WebAuthn,80,2355,0.0015,0.021083,1.667875,0.130583,1.8235,5501.8235
poia_webauthn,PoIA with WebAuthn,80,2356,0.00225,0.033666,0.913666,0.938458,1.891667,5501.891667
poia_webauthn,PoIA with WebAuthn,80,2357,0.001667,0.017833,0.90125,0.134209,1.057416,5501.057416
poia_webauthn,PoIA with WebAuthn,80,2358,0.001459,0.017541,0.912375,0.131334,1.065208,5501.065208
poia_webauthn,PoIA with WebAuthn,80,2359,0.001667,0.017791,0.910292,0.135416,1.06775,5501.06775
poia_webauthn,PoIA with WebAuthn,80,2360,0.001458,0.017667,0.916542,0.130792,1.068875,5501.068875
poia_webauthn,PoIA with WebAuthn,80,2361,0.001667,0.017875,0.917208,0.131459,1.070583,5501.070583
poia_webauthn,PoIA with WebAuthn,80,2362,0.0015,0.017708,1.718375,0.926166,2.666792,5502.666792
poia_webauthn,PoIA with WebAuthn,80,2363,0.00175,0.021708,3.203083,0.951667,4.181208,5504.181208
poia_webauthn,PoIA with WebAuthn,80,2364,0.001542,0.017833,0.962792,0.131167,1.115833,5501.115833
poia_webauthn,PoIA with WebAuthn,80,2365,0.001625,0.018125,0.965166,0.133875,1.121333,5501.121333
poia_webauthn,PoIA with WebAuthn,80,2366,0.0015,0.017459,0.970667,0.130959,1.123041,5501.123041
poia_webauthn,PoIA with WebAuthn,80,2367,0.001709,0.018,0.969125,0.13125,1.1225,5501.1225
poia_webauthn,PoIA with WebAuthn,80,2368,0.001916,0.022375,0.95,1.015667,1.993042,5501.993042
poia_webauthn,PoIA with WebAuthn,80,2369,0.0015,0.017792,2.556167,1.038125,3.616584,5503.616584
poia_webauthn,PoIA with WebAuthn,80,2370,0.002417,0.023084,1.014833,0.157792,1.20125,5501.20125
poia_webauthn,PoIA with WebAuthn,80,2371,0.001792,0.0215,2.664416,0.131333,2.821583,5502.821583
poia_webauthn,PoIA with WebAuthn,80,2372,0.001625,0.017916,1.041208,0.131125,1.19425,5501.19425
poia_webauthn,PoIA with WebAuthn,80,2373,0.001542,0.017625,2.455208,1.880042,4.357459,5504.357459
poia_webauthn,PoIA with WebAuthn,80,2374,0.001583,0.018042,1.053917,0.119709,1.195292,5501.195292
poia_webauthn,PoIA with WebAuthn,80,2375,0.001542,0.017458,0.923917,3.604333,4.550292,5504.550292
poia_webauthn,PoIA with WebAuthn,80,2376,0.001958,0.021291,1.0685,0.131125,1.225417,5501.225417
poia_webauthn,PoIA with WebAuthn,80,2377,0.001792,0.017959,1.059083,0.130917,1.21225,5501.21225
poia_webauthn,PoIA with WebAuthn,80,2378,0.001875,0.021333,1.037625,0.1445,1.207958,5501.207958
poia_webauthn,PoIA with WebAuthn,80,2379,0.002042,0.023291,0.915208,2.103583,3.047333,5503.047333
poia_webauthn,PoIA with WebAuthn,80,2380,0.002292,0.023416,1.16225,0.131459,1.322542,5501.322542
poia_webauthn,PoIA with WebAuthn,80,2381,0.001417,0.017959,1.165042,0.131,1.317667,5501.317667
poia_webauthn,PoIA with WebAuthn,80,2382,0.001958,0.021292,1.066208,1.214625,2.307083,5502.307083
poia_webauthn,PoIA with WebAuthn,80,2383,0.002125,0.021667,1.194792,0.130916,1.352084,5501.352084
poia_webauthn,PoIA with WebAuthn,80,2384,0.001875,0.017959,3.03775,0.1325,3.192416,5503.192416
poia_webauthn,PoIA with WebAuthn,80,2385,0.001583,0.021375,1.054333,1.213666,2.294,5502.294
poia_webauthn,PoIA with WebAuthn,80,2386,0.001792,0.01825,1.057,1.24325,2.323208,5502.323208
poia_webauthn,PoIA with WebAuthn,80,2387,0.001583,0.017875,1.056875,2.34075,3.420166,5503.420166
poia_webauthn,PoIA with WebAuthn,80,2388,0.002334,0.022417,1.349542,0.133292,1.510542,5501.510542
poia_webauthn,PoIA with WebAuthn,80,2389,0.002,0.0185,1.346167,0.131667,1.500833,5501.500833
poia_webauthn,PoIA with WebAuthn,80,2390,0.001666,0.0175,1.306292,0.131916,1.459708,5501.459708
poia_webauthn,PoIA with WebAuthn,80,2391,0.001667,0.017625,1.308209,0.130542,1.4605,5501.4605
poia_webauthn,PoIA with WebAuthn,80,2392,0.001667,0.017666,1.274375,0.130667,1.426792,5501.426792
poia_webauthn,PoIA with WebAuthn,80,2393,0.001667,0.018208,1.271959,0.131917,1.426166,5501.426166
poia_webauthn,PoIA with WebAuthn,80,2394,0.002208,0.023042,1.292459,0.130583,1.451333,5501.451333
poia_webauthn,PoIA with WebAuthn,80,2395,0.001917,0.021459,1.265208,0.131667,1.422708,5501.422708
poia_webauthn,PoIA with WebAuthn,80,2396,0.001583,0.017708,1.259375,0.131042,1.412208,5501.412208
poia_webauthn,PoIA with WebAuthn,80,2397,0.001833,0.021416,6.154542,0.130583,6.310917,5506.310917
poia_webauthn,PoIA with WebAuthn,80,2398,0.001791,0.018125,1.235375,0.132375,1.390334,5501.390334
poia_webauthn,PoIA with WebAuthn,80,2399,0.001666,0.017459,1.193083,2.42775,3.642917,5503.642917
poia_webauthn,PoIA with WebAuthn,80,2400,0.002,0.025292,2.4075,0.13125,2.568459,5502.568459
poia_webauthn,PoIA with WebAuthn,80,2401,0.001625,0.017458,1.277958,0.1305,1.43,5501.43
poia_webauthn,PoIA with WebAuthn,80,2402,0.001875,0.021292,1.228958,1.368667,2.623833,5502.623833
poia_webauthn,PoIA with WebAuthn,80,2403,0.002333,0.022916,1.363792,0.130875,1.522958,5501.522958
poia_webauthn,PoIA with WebAuthn,80,2404,0.002041,0.021791,3.699667,0.141167,3.867333,5503.867333
poia_webauthn,PoIA with WebAuthn,80,2405,0.001708,0.018083,1.371209,0.130958,1.524375,5501.524375
poia_webauthn,PoIA with WebAuthn,80,2406,0.001875,0.0215,3.614625,0.131209,3.771792,5503.771792
poia_webauthn,PoIA with WebAuthn,80,2407,0.001791,0.017667,2.346666,2.522667,4.891625,5504.891625
poia_webauthn,PoIA with WebAuthn,80,2408,0.001708,0.020916,1.400833,0.130625,1.55675,5501.55675
poia_webauthn,PoIA with WebAuthn,80,2409,0.001625,0.017708,1.407459,0.131542,1.560708,5501.560708
poia_webauthn,PoIA with WebAuthn,80,2410,0.001625,0.017584,1.421583,0.130834,1.573959,5501.573959
poia_webauthn,PoIA with WebAuthn,80,2411,0.001625,0.017666,1.423083,0.130584,1.575375,5501.575375
poia_webauthn,PoIA with WebAuthn,80,2412,0.001542,0.01775,2.638208,0.131417,2.791416,5502.791416
poia_webauthn,PoIA with WebAuthn,80,2413,0.001541,0.027709,1.386667,0.133958,1.552375,5501.552375
poia_webauthn,PoIA with WebAuthn,80,2414,0.001541,0.017459,2.639708,0.131209,2.792375,5502.792375
poia_webauthn,PoIA with WebAuthn,80,2415,0.001583,0.01775,1.390125,0.130916,1.542708,5501.542708
poia_webauthn,PoIA with WebAuthn,80,2416,0.002167,0.022666,1.362625,0.143084,1.533083,5501.533083
poia_webauthn,PoIA with WebAuthn,80,2417,0.001791,0.021417,2.635083,0.131,2.79175,5502.79175
poia_webauthn,PoIA with WebAuthn,80,2418,0.001709,0.017917,1.368584,0.142708,1.533375,5501.533375
poia_webauthn,PoIA with WebAuthn,80,2419,0.002416,0.023334,1.048708,7.330792,8.408792,5508.408792
poia_webauthn,PoIA with WebAuthn,80,2420,0.001667,0.02125,1.426833,0.131042,1.583291,5501.583291
poia_webauthn,PoIA with WebAuthn,80,2421,0.001625,0.017833,1.43,0.131667,1.583542,5501.583542
poia_webauthn,PoIA with WebAuthn,80,2422,0.001708,0.017833,1.433084,0.133958,1.588958,5501.588958
poia_webauthn,PoIA with WebAuthn,80,2423,0.001666,0.017792,2.703667,0.134417,2.859958,5502.859958
poia_webauthn,PoIA with WebAuthn,80,2424,0.001625,0.017583,1.443,0.130792,1.595542,5501.595542
poia_webauthn,PoIA with WebAuthn,80,2425,0.001875,0.017958,5.045125,0.131208,5.198584,5505.198584
poia_webauthn,PoIA with WebAuthn,80,2426,0.001916,0.018375,1.445667,0.130958,1.599542,5501.599542
poia_webauthn,PoIA with WebAuthn,80,2427,0.001625,0.0175,1.453041,0.13125,1.605791,5501.605791
poia_webauthn,PoIA with WebAuthn,80,2428,0.002,0.021375,2.699667,1.534167,4.260292,5504.260292
poia_webauthn,PoIA with WebAuthn,80,2429,0.001917,0.021416,1.529709,0.130875,1.686458,5501.686458
poia_webauthn,PoIA with WebAuthn,80,2430,0.001708,0.017959,4.106417,0.131792,4.26025,5504.26025
poia_webauthn,PoIA with WebAuthn,80,2431,0.001667,0.017792,1.43075,1.548,3.001208,5503.001208
poia_webauthn,PoIA with WebAuthn,80,2432,0.001541,0.017541,2.452667,4.139667,6.614292,5506.614292
poia_webauthn,PoIA with WebAuthn,80,2433,0.001625,0.017583,2.8735,0.131833,3.026833,5503.026833
poia_webauthn,PoIA with WebAuthn,80,2434,0.001666,0.017791,1.559208,0.130833,1.711875,5501.711875
poia_webauthn,PoIA with WebAuthn,80,2435,0.001792,0.01775,1.5205,0.131625,1.674,5501.674
poia_webauthn,PoIA with WebAuthn,80,2436,0.00175,0.017916,1.518666,0.131625,1.672375,5501.672375
poia_webauthn,PoIA with WebAuthn,80,2437,0.001708,0.017666,1.25925,6.739792,8.021292,5508.021292
poia_webauthn,PoIA with WebAuthn,80,2438,0.001708,0.017541,2.911291,0.131042,3.063875,5503.063875
poia_webauthn,PoIA with WebAuthn,80,2439,0.00175,0.01775,1.498875,0.130875,1.651708,5501.651708
poia_webauthn,PoIA with WebAuthn,80,2440,0.002,0.021291,1.442542,0.121708,1.589542,5501.589542
poia_webauthn,PoIA with WebAuthn,80,2441,0.001959,0.018208,2.861792,0.133666,3.018125,5503.018125
poia_webauthn,PoIA with WebAuthn,80,2442,0.0015,0.0175,4.131417,1.453417,5.60675,5505.60675
poia_webauthn,PoIA with WebAuthn,80,2443,0.001834,0.021417,1.544833,1.47025,3.040291,5503.040291
poia_webauthn,PoIA with WebAuthn,80,2444,0.001792,0.01825,1.525792,1.508917,3.05775,5503.05775
poia_webauthn,PoIA with WebAuthn,80,2445,0.002292,0.022625,4.244542,1.610958,5.883458,5505.883458
poia_webauthn,PoIA with WebAuthn,80,2446,0.002375,0.02275,1.518041,3.040791,4.587542,5504.587542
poia_webauthn,PoIA with WebAuthn,80,2447,0.00175,0.017916,1.511291,3.072541,4.606458,5504.606458
poia_webauthn,PoIA with WebAuthn,80,2448,0.001792,0.018,1.673042,0.130959,1.826167,5501.826167
poia_webauthn,PoIA with WebAuthn,80,2449,0.001625,0.01775,1.674625,0.131625,1.827958,5501.827958
poia_webauthn,PoIA with WebAuthn,80,2450,0.001708,0.017875,1.533583,3.059375,4.615458,5504.615458
poia_webauthn,PoIA with WebAuthn,80,2451,0.00175,0.022792,1.674333,0.130958,1.832292,5501.832292
poia_webauthn,PoIA with WebAuthn,80,2452,0.00175,0.018,1.679583,0.131791,1.833542,5501.833542
poia_webauthn,PoIA with WebAuthn,80,2453,0.001667,0.017666,3.022334,0.1305,3.174709,5503.174709
poia_webauthn,PoIA with WebAuthn,80,2454,0.0015,0.0185,1.717709,0.1445,1.884584,5501.884584
poia_webauthn,PoIA with WebAuthn,80,2455,0.002083,0.022166,1.706833,0.134084,1.867542,5501.867542
poia_webauthn,PoIA with WebAuthn,80,2456,0.001791,0.01825,1.703625,0.132333,1.858417,5501.858417
poia_webauthn,PoIA with WebAuthn,80,2457,0.002416,0.022625,1.581708,1.746958,3.357209,5503.357209
poia_webauthn,PoIA with WebAuthn,80,2458,0.001958,0.021458,1.727208,0.130333,1.883459,5501.883459
poia_webauthn,PoIA with WebAuthn,80,2459,0.002,0.021333,1.707875,0.130625,1.864375,5501.864375
poia_webauthn,PoIA with WebAuthn,80,2460,0.001708,0.017625,1.672834,0.141042,1.83575,5501.83575
poia_webauthn,PoIA with WebAuthn,80,2461,0.001667,0.017625,1.677625,0.1345,1.833875,5501.833875
poia_webauthn,PoIA with WebAuthn,80,2462,0.001959,0.02125,1.471541,3.257,4.75425,5504.75425
poia_webauthn,PoIA with WebAuthn,80,2463,0.001708,0.017583,1.729917,0.133375,1.885167,5501.885167
poia_webauthn,PoIA with WebAuthn,80,2464,0.00175,0.01775,1.438458,3.35125,4.812125,5504.812125
poia_webauthn,PoIA with WebAuthn,80,2465,0.001792,0.018208,1.759,0.1315,1.912958,5501.912958
poia_webauthn,PoIA with WebAuthn,80,2466,0.001792,0.018208,1.755667,0.130625,1.908917,5501.908917
poia_webauthn,PoIA with WebAuthn,80,2467,0.001875,0.017875,1.755792,0.131417,1.909334,5501.909334
poia_webauthn,PoIA with WebAuthn,80,2468,0.001667,0.018083,1.75375,0.131792,1.907791,5501.907791
poia_webauthn,PoIA with WebAuthn,80,2469,0.002042,0.025292,1.495666,4.866584,6.392792,5506.392792
poia_webauthn,PoIA with WebAuthn,80,2470,0.001666,0.017709,1.756041,0.130542,1.908375,5501.908375
poia_webauthn,PoIA with WebAuthn,80,2471,0.001667,0.018167,1.755416,0.130583,1.908166,5501.908166
poia_webauthn,PoIA with WebAuthn,80,2472,0.002,0.025333,3.287375,0.130417,3.447542,5503.447542
poia_webauthn,PoIA with WebAuthn,80,2473,0.001583,0.018083,1.742459,0.141167,1.905792,5501.905792
poia_webauthn,PoIA with WebAuthn,80,2474,0.001708,0.017958,1.731666,1.690208,3.444459,5503.444459
poia_webauthn,PoIA with WebAuthn,80,2475,0.001917,0.021708,1.690542,0.131709,1.848416,5501.848416
poia_webauthn,PoIA with WebAuthn,80,2476,0.002,0.021583,1.671833,0.131959,1.829792,5501.829792
poia_webauthn,PoIA with WebAuthn,80,2477,0.001666,0.017959,1.667875,0.133541,1.823542,5501.823542
poia_webauthn,PoIA with WebAuthn,80,2478,0.001833,0.018375,1.659209,0.131958,1.813917,5501.813917
poia_webauthn,PoIA with WebAuthn,80,2479,0.001709,0.017791,1.669959,0.144583,1.8365,5501.8365
poia_webauthn,PoIA with WebAuthn,80,2480,0.001667,0.017791,1.669792,0.145916,1.837625,5501.837625
poia_webauthn,PoIA with WebAuthn,80,2481,0.001959,0.022542,3.212958,3.326584,6.567083,5506.567083
poia_webauthn,PoIA with WebAuthn,80,2482,0.00175,0.018041,3.044166,4.9025,7.969458,5507.969458
poia_webauthn,PoIA with WebAuthn,80,2483,0.001625,0.017792,1.723,0.131209,1.876042,5501.876042
poia_webauthn,PoIA with WebAuthn,80,2484,0.001625,0.017792,1.723792,0.130833,1.876541,5501.876541
poia_webauthn,PoIA with WebAuthn,80,2485,0.001541,0.0175,1.724375,0.130458,1.876333,5501.876333
poia_webauthn,PoIA with WebAuthn,80,2486,0.001667,0.019583,1.710833,0.130875,1.865459,5501.865459
poia_webauthn,PoIA with WebAuthn,80,2487,0.001666,0.018042,1.718667,0.131958,1.87275,5501.87275
poia_webauthn,PoIA with WebAuthn,80,2488,0.00175,0.018375,1.718,0.131917,1.872459,5501.872459
poia_webauthn,PoIA with WebAuthn,80,2489,0.001667,0.021,1.712333,0.130917,1.868416,5501.868416
poia_webauthn,PoIA with WebAuthn,80,2490,0.001791,0.017917,1.714458,0.131458,1.868083,5501.868083
poia_webauthn,PoIA with WebAuthn,80,2491,0.001666,0.017709,1.703125,0.13125,1.856208,5501.856208
poia_webauthn,PoIA with WebAuthn,80,2492,0.001625,0.018042,1.701416,0.131583,1.855125,5501.855125
poia_webauthn,PoIA with WebAuthn,80,2493,0.002166,0.022834,4.836166,0.130916,4.994709,5504.994709
poia_webauthn,PoIA with WebAuthn,80,2494,0.001584,0.017667,1.628,0.132334,1.782083,5501.782083
poia_webauthn,PoIA with WebAuthn,80,2495,0.001666,0.017875,1.63175,0.131458,1.785125,5501.785125
poia_webauthn,PoIA with WebAuthn,80,2496,0.001625,0.017834,1.632583,0.130667,1.785209,5501.785209
poia_webauthn,PoIA with WebAuthn,80,2497,0.002,0.022292,6.442917,1.715375,8.185542,5508.185542
poia_webauthn,PoIA with WebAuthn,80,2498,0.0025,0.023042,1.736958,6.494333,8.260416,5508.260416
poia_webauthn,PoIA with WebAuthn,80,2499,0.001584,0.017583,1.743583,0.132583,1.897917,5501.897917
poia_webauthn,PoIA with WebAuthn,80,2500,0.001708,0.017709,1.745,0.136834,1.903625,5501.903625
poia_webauthn,PoIA with WebAuthn,80,2501,0.0015,0.017625,1.75725,0.134834,1.913917,5501.913917
poia_webauthn,PoIA with WebAuthn,80,2502,0.001625,0.017958,1.757167,0.13925,1.918625,5501.918625
poia_webauthn,PoIA with WebAuthn,80,2503,0.001625,0.017583,1.796875,0.131667,1.95025,5501.95025
poia_webauthn,PoIA with WebAuthn,80,2504,0.00175,0.017917,1.785708,0.132125,1.940083,5501.940083
poia_webauthn,PoIA with WebAuthn,80,2505,0.002,0.0185,4.819875,4.9505,9.793917,5509.793917
poia_webauthn,PoIA with WebAuthn,80,2506,0.001625,0.017625,1.857959,0.130541,2.010125,5502.010125
poia_webauthn,PoIA with WebAuthn,80,2507,0.001791,0.017917,1.854,0.13075,2.006833,5502.006833
poia_webauthn,PoIA with WebAuthn,80,2508,0.001833,0.018333,1.873625,0.131167,2.027541,5502.027541
poia_webauthn,PoIA with WebAuthn,80,2509,0.00175,0.017584,1.880875,0.13175,2.034291,5502.034291
poia_webauthn,PoIA with WebAuthn,80,2510,0.001875,0.021542,6.503333,1.836292,8.366125,5508.366125
poia_webauthn,PoIA with WebAuthn,80,2511,0.001958,0.021291,1.844666,0.164209,2.035167,5502.035167
poia_webauthn,PoIA with WebAuthn,80,2512,0.002,0.021833,6.63125,0.130959,6.788583,5506.788583
poia_webauthn,PoIA with WebAuthn,80,2513,0.001834,0.018833,1.877667,0.13075,2.031458,5502.031458
poia_webauthn,PoIA with WebAuthn,80,2514,0.001916,0.022125,5.038958,0.131625,5.197292,5505.197292
poia_webauthn,PoIA with WebAuthn,80,2515,0.001708,0.0185,1.861666,0.131416,2.01575,5502.01575
poia_webauthn,PoIA with WebAuthn,80,2516,0.001667,0.022291,1.819417,0.130834,1.976708,5501.976708
poia_webauthn,PoIA with WebAuthn,80,2517,0.001667,0.018041,1.822416,0.134708,1.979291,5501.979291
poia_webauthn,PoIA with WebAuthn,80,2518,0.001666,0.01775,1.803041,0.131958,1.956792,5501.956792
poia_webauthn,PoIA with WebAuthn,80,2519,0.001625,0.018042,1.803208,0.131625,1.957,5501.957
poia_webauthn,PoIA with WebAuthn,80,2520,0.002375,0.022917,1.707416,3.605375,5.341625,5505.341625
poia_webauthn,PoIA with WebAuthn,80,2521,0.001667,0.017625,1.86875,0.131125,2.021542,5502.021542
poia_webauthn,PoIA with WebAuthn,80,2522,0.001667,0.017875,1.867208,0.131292,2.020416,5502.020416
poia_webauthn,PoIA with WebAuthn,80,2523,0.002084,0.022542,1.812958,0.131666,1.971875,5501.971875
poia_webauthn,PoIA with WebAuthn,80,2524,0.001875,0.018917,3.555666,0.144875,3.723833,5503.723833
poia_webauthn,PoIA with WebAuthn,80,2525,0.001792,0.017833,1.821375,0.130834,1.974292,5501.974292
poia_webauthn,PoIA with WebAuthn,80,2526,0.00225,0.021542,3.549125,0.131417,3.706917,5503.706917
poia_webauthn,PoIA with WebAuthn,80,2527,0.001584,0.017708,5.035084,1.836625,6.893875,5506.893875
poia_webauthn,PoIA with WebAuthn,80,2528,0.002167,0.023,1.704916,6.689875,8.423208,5508.423208
poia_webauthn,PoIA with WebAuthn,80,2529,0.001709,0.021667,1.845916,0.13075,2.002416,5502.002416
poia_webauthn,PoIA with WebAuthn,80,2530,0.001875,0.018458,1.844333,0.131708,1.998792,5501.998792
poia_webauthn,PoIA with WebAuthn,80,2531,0.002333,0.023083,3.585792,0.131334,3.745541,5503.745541
poia_webauthn,PoIA with WebAuthn,80,2532,0.001917,0.018041,1.837417,0.130417,1.990416,5501.990416
poia_webauthn,PoIA with WebAuthn,80,2533,0.002,0.021458,3.302875,10.050334,13.37975,5513.37975
poia_webauthn,PoIA with WebAuthn,80,2534,0.001958,0.021375,1.829667,0.163833,2.020042,5502.020042
poia_webauthn,PoIA with WebAuthn,80,2535,0.00175,0.017667,1.877166,0.1305,2.029542,5502.029542
poia_webauthn,PoIA with WebAuthn,80,2536,0.001667,0.018,1.876541,0.130958,2.029541,5502.029541
poia_webauthn,PoIA with WebAuthn,80,2537,0.001875,0.017917,1.863458,0.145916,2.031666,5502.031666
poia_webauthn,PoIA with WebAuthn,80,2538,0.001584,0.017833,1.861125,0.143,2.025958,5502.025958
poia_webauthn,PoIA with WebAuthn,80,2539,0.001625,0.017583,1.874041,0.131083,2.026667,5502.026667
poia_webauthn,PoIA with WebAuthn,80,2540,0.001583,0.017791,1.873,0.130708,2.025541,5502.025541
poia_webauthn,PoIA with WebAuthn,80,2541,0.001916,0.021542,3.506583,1.877458,5.410458,5505.410458
poia_webauthn,PoIA with WebAuthn,80,2542,0.001875,0.021292,1.867792,0.143917,2.037375,5502.037375
poia_webauthn,PoIA with WebAuthn,80,2543,0.001709,0.017584,1.885166,0.132542,2.039416,5502.039416
poia_webauthn,PoIA with WebAuthn,80,2544,0.001708,0.021708,1.881,0.141666,2.048542,5502.048542
poia_webauthn,PoIA with WebAuthn,80,2545,0.001625,0.017541,1.883583,0.131,2.03625,5502.03625
poia_webauthn,PoIA with WebAuthn,80,2546,0.001709,0.018041,1.882708,0.131333,2.036208,5502.036208
poia_webauthn,PoIA with WebAuthn,80,2547,0.001875,0.022125,1.843709,0.130375,2.000542,5502.000542
poia_webauthn,PoIA with WebAuthn,80,2548,0.001958,0.021458,10.21025,0.130542,10.366834,5510.366834
poia_webauthn,PoIA with WebAuthn,80,2549,0.001875,0.018209,4.879292,8.669625,13.5715,5513.5715
poia_webauthn,PoIA with WebAuthn,80,2550,0.001667,0.017708,5.281959,0.1315,5.43525,5505.43525
poia_webauthn,PoIA with WebAuthn,80,2551,0.001708,0.017917,1.830708,0.143875,1.996541,5501.996541
poia_webauthn,PoIA with WebAuthn,80,2552,0.001875,0.021209,3.585958,0.131208,3.742708,5503.742708
poia_webauthn,PoIA with WebAuthn,80,2553,0.001584,0.017667,1.847083,0.130667,1.999541,5501.999541
poia_webauthn,PoIA with WebAuthn,80,2554,0.002417,0.023,1.930166,0.132917,2.091375,5502.091375
poia_webauthn,PoIA with WebAuthn,80,2555,0.001792,0.017916,1.924333,0.132209,2.078584,5502.078584
poia_webauthn,PoIA with WebAuthn,80,2556,0.001792,0.021166,1.920584,0.145625,2.091625,5502.091625
poia_webauthn,PoIA with WebAuthn,80,2557,0.001666,0.020625,1.911584,0.153,2.089458,5502.089458
poia_webauthn,PoIA with WebAuthn,80,2558,0.001542,0.017458,1.934666,0.131542,2.087666,5502.087666
poia_webauthn,PoIA with WebAuthn,80,2559,0.001583,0.017667,1.936542,0.131167,2.089292,5502.089292
poia_webauthn,PoIA with WebAuthn,80,2560,0.001666,0.017792,1.939542,0.131208,2.092667,5502.092667
poia_webauthn,PoIA with WebAuthn,80,2561,0.0015,0.017459,1.94075,0.131667,2.093833,5502.093833
poia_webauthn,PoIA with WebAuthn,80,2562,0.001791,0.017959,1.82125,5.409125,7.253083,5507.253083
poia_webauthn,PoIA with WebAuthn,80,2563,0.001666,0.018125,1.931125,0.131875,2.085333,5502.085333
poia_webauthn,PoIA with WebAuthn,80,2564,0.001584,0.017833,3.658541,0.133167,3.813541,5503.813541
poia_webauthn,PoIA with WebAuthn,80,2565,0.002459,0.022833,2.004292,0.130541,2.163167,5502.163167
poia_webauthn,PoIA with WebAuthn,80,2566,0.001584,0.018083,7.175625,0.131666,7.329333,5507.329333
poia_webauthn,PoIA with WebAuthn,80,2567,0.001917,0.018334,1.966333,0.130458,2.119625,5502.119625
poia_webauthn,PoIA with WebAuthn,80,2568,0.001792,0.01775,1.972708,0.130416,2.125167,5502.125167
poia_webauthn,PoIA with WebAuthn,80,2569,0.001625,0.021458,1.964208,0.133042,2.122833,5502.122833
poia_webauthn,PoIA with WebAuthn,80,2570,0.00175,0.018208,1.961583,0.13125,2.115292,5502.115292
poia_webauthn,PoIA with WebAuthn,80,2571,0.001667,0.01775,1.960708,0.131125,2.113625,5502.113625
poia_webauthn,PoIA with WebAuthn,80,2572,0.001709,0.017833,1.96025,0.130291,2.112459,5502.112459
poia_webauthn,PoIA with WebAuthn,80,2573,0.001583,0.01775,1.957125,0.130375,2.10925,5502.10925
poia_webauthn,PoIA with WebAuthn,80,2574,0.001708,0.017958,1.955334,0.131208,2.108666,5502.108666
poia_webauthn,PoIA with WebAuthn,80,2575,0.001583,0.028167,1.930416,1.962792,3.926042,5503.926042
poia_webauthn,PoIA with WebAuthn,80,2576,0.00175,0.017667,3.769083,0.133042,3.923958,5503.923958
poia_webauthn,PoIA with WebAuthn,80,2577,0.001625,0.017708,1.961959,0.131166,2.114917,5502.114917
poia_webauthn,PoIA with WebAuthn,80,2578,0.001541,0.017792,1.936083,2.052333,4.01075,5504.01075
poia_webauthn,PoIA with WebAuthn,80,2579,0.002417,0.022458,2.04675,0.131083,2.205792,5502.205792
poia_webauthn,PoIA with WebAuthn,80,2580,0.001583,0.017583,2.054291,0.133167,2.208958,5502.208958
poia_webauthn,PoIA with WebAuthn,80,2581,0.001625,0.017708,2.054709,0.130708,2.207125,5502.207125
poia_webauthn,PoIA with WebAuthn,80,2582,0.00175,0.017541,2.055292,0.142292,2.219333,5502.219333
poia_webauthn,PoIA with WebAuthn,80,2583,0.001625,0.017541,2.064875,0.131708,2.218166,5502.218166
poia_webauthn,PoIA with WebAuthn,80,2584,0.002125,0.02125,2.051041,0.131208,2.208125,5502.208125
poia_webauthn,PoIA with WebAuthn,80,2585,0.001625,0.017709,2.055542,0.131083,2.208375,5502.208375
poia_webauthn,PoIA with WebAuthn,80,2586,0.001583,0.017584,2.055708,0.130708,2.207917,5502.207917
poia_webauthn,PoIA with WebAuthn,80,2587,0.001625,0.017667,2.055417,0.130708,2.207833,5502.207833
poia_webauthn,PoIA with WebAuthn,80,2588,0.0015,0.018041,2.056375,0.130917,2.209208,5502.209208
poia_webauthn,PoIA with WebAuthn,80,2589,0.001625,0.018208,2.055625,0.14025,2.218167,5502.218167
poia_webauthn,PoIA with WebAuthn,80,2590,0.00175,0.017958,2.053458,0.130166,2.205583,5502.205583
poia_webauthn,PoIA with WebAuthn,80,2591,0.001583,0.017709,2.052333,0.135583,2.209709,5502.209709
poia_webauthn,PoIA with WebAuthn,80,2592,0.001625,0.018083,2.006875,0.13225,2.161292,5502.161292
poia_webauthn,PoIA with WebAuthn,80,2593,0.001958,0.021375,12.773667,0.131208,12.930625,5512.930625
poia_webauthn,PoIA with WebAuthn,80,2594,0.001708,0.017875,9.287,0.133042,9.442084,5509.442084
poia_webauthn,PoIA with WebAuthn,80,2595,0.001708,0.017875,1.987959,0.13075,2.140667,5502.140667
poia_webauthn,PoIA with WebAuthn,80,2596,0.001834,0.021083,7.56475,0.130958,7.721208,5507.721208
poia_webauthn,PoIA with WebAuthn,80,2597,0.001792,0.017625,1.985,0.131042,2.137833,5502.137833
poia_webauthn,PoIA with WebAuthn,80,2598,0.001834,0.021084,5.744958,0.131,5.901333,5505.901333
poia_webauthn,PoIA with WebAuthn,80,2599,0.0015,0.017625,1.988,0.130875,2.140375,5502.140375
poia_webauthn,PoIA with WebAuthn,80,2600,0.001958,0.021667,5.477916,3.916708,9.430667,5509.430667
poia_webauthn,PoIA with WebAuthn,80,2601,0.001542,0.028083,2.008959,0.130875,2.172,5502.172
poia_webauthn,PoIA with WebAuthn,80,2602,0.001541,0.018,2.01025,0.131833,2.163958,5502.163958
poia_webauthn,PoIA with WebAuthn,80,2603,0.002375,0.022709,2.074583,0.130667,2.233375,5502.233375
poia_webauthn,PoIA with WebAuthn,80,2604,0.001834,0.021292,3.980917,0.131166,4.137667,5504.137667
poia_webauthn,PoIA with WebAuthn,80,2605,0.001625,0.017917,2.067583,0.13075,2.220292,5502.220292
poia_webauthn,PoIA with WebAuthn,80,2606,0.001834,0.020875,11.210834,0.131083,11.367125,5511.367125
poia_webauthn,PoIA with WebAuthn,80,2607,0.001666,0.017959,2.007541,2.104292,4.1345,5504.1345
poia_webauthn,PoIA with WebAuthn,80,2608,0.001833,0.017708,12.724166,2.135458,14.882042,5514.882042
poia_webauthn,PoIA with WebAuthn,80,2609,0.001875,0.018208,1.836542,9.613959,11.473542,5511.473542
poia_webauthn,PoIA with WebAuthn,80,2610,0.001666,0.018,2.156625,0.130583,2.30925,5502.30925
poia_webauthn,PoIA with WebAuthn,80,2611,0.001708,0.017916,2.155959,0.130917,2.308792,5502.308792
poia_webauthn,PoIA with WebAuthn,80,2612,0.001792,0.022875,2.151833,0.131875,2.310792,5502.310792
poia_webauthn,PoIA with WebAuthn,80,2613,0.00175,0.017792,2.157917,0.131292,2.311167,5502.311167
poia_webauthn,PoIA with WebAuthn,80,2614,0.001709,0.01775,2.154125,0.120333,2.295834,5502.295834
poia_webauthn,PoIA with WebAuthn,80,2615,0.001958,0.021375,2.122833,0.134083,2.282834,5502.282834
poia_webauthn,PoIA with WebAuthn,80,2616,0.001666,0.018292,2.114375,0.131459,2.26825,5502.26825
poia_webauthn,PoIA with WebAuthn,80,2617,0.001708,0.017917,2.119334,0.1315,2.272917,5502.272917
poia_webauthn,PoIA with WebAuthn,80,2618,0.001666,0.017792,2.120584,0.131375,2.273875,5502.273875
poia_webauthn,PoIA with WebAuthn,80,2619,0.001583,0.017833,2.12125,0.131167,2.274208,5502.274208
poia_webauthn,PoIA with WebAuthn,80,2620,0.001875,0.018333,2.074292,2.144167,4.241833,5504.241833
poia_webauthn,PoIA with WebAuthn,80,2621,0.001667,0.017959,2.0815,2.178125,4.28225,5504.28225
poia_webauthn,PoIA with WebAuthn,80,2622,0.002042,0.021792,2.156958,0.130833,2.314292,5502.314292
poia_webauthn,PoIA with WebAuthn,80,2623,0.002125,0.021792,2.127708,0.131792,2.285875,5502.285875
poia_webauthn,PoIA with WebAuthn,80,2624,0.001666,0.018375,3.643375,9.797875,13.464208,5513.464208
poia_webauthn,PoIA with WebAuthn,80,2625,0.001667,0.017541,2.12325,0.131291,2.276125,5502.276125
poia_webauthn,PoIA with WebAuthn,80,2626,0.001875,0.0185,2.123208,0.131458,2.277542,5502.277542
poia_webauthn,PoIA with WebAuthn,80,2627,0.001709,0.017916,2.122084,0.139958,2.284125,5502.284125
poia_webauthn,PoIA with WebAuthn,80,2628,0.00175,0.018375,2.134458,0.132833,2.289875,5502.289875
poia_webauthn,PoIA with WebAuthn,80,2629,0.001833,0.018083,3.881542,6.126417,10.030833,5510.030833
poia_webauthn,PoIA with WebAuthn,80,2630,0.001459,0.018417,2.18075,0.130583,2.3335,5502.3335
poia_webauthn,PoIA with WebAuthn,80,2631,0.001875,0.018584,2.169708,0.130625,2.323167,5502.323167
poia_webauthn,PoIA with WebAuthn,80,2632,0.001667,0.018042,2.167166,0.13075,2.320083,5502.320083
poia_webauthn,PoIA with WebAuthn,80,2633,0.001666,0.018084,2.166875,0.130917,2.32,5502.32
poia_webauthn,PoIA with WebAuthn,80,2634,0.001666,0.017917,2.12325,2.184959,4.330792,5504.330792
poia_webauthn,PoIA with WebAuthn,80,2635,0.00175,0.0175,2.124292,2.207042,4.3535,5504.3535
poia_webauthn,PoIA with WebAuthn,80,2636,0.001666,0.021333,4.009542,4.1685,8.204125,5508.204125
poia_webauthn,PoIA with WebAuthn,80,2637,0.001875,0.025208,4.152709,0.130875,4.31325,5504.31325
poia_webauthn,PoIA with WebAuthn,80,2638,0.001709,0.021208,2.16175,0.13075,2.317875,5502.317875
poia_webauthn,PoIA with WebAuthn,80,2639,0.001917,0.021459,2.163583,0.130166,2.319542,5502.319542
poia_webauthn,PoIA with WebAuthn,80,2640,0.0015,0.017834,8.066917,0.156583,8.245375,5508.245375
poia_webauthn,PoIA with WebAuthn,80,2641,0.001625,0.017625,2.157875,4.2115,6.391542,5506.391542
poia_webauthn,PoIA with WebAuthn,80,2642,0.001584,0.01775,2.239958,0.130625,2.392375,5502.392375
poia_webauthn,PoIA with WebAuthn,80,2643,0.001791,0.018042,2.233125,0.130875,2.386166,5502.386166
poia_webauthn,PoIA with WebAuthn,80,2644,0.001542,0.017458,2.20875,0.1305,2.360625,5502.360625
poia_webauthn,PoIA with WebAuthn,80,2645,0.001792,0.017875,2.206667,0.133292,2.362,5502.362
poia_webauthn,PoIA with WebAuthn,80,2646,0.001542,0.017458,2.212791,0.131125,2.365333,5502.365333
poia_webauthn,PoIA with WebAuthn,80,2647,0.001625,0.018,2.213708,0.131042,2.36675,5502.36675
poia_webauthn,PoIA with WebAuthn,80,2648,0.001916,0.021625,2.196875,0.131667,2.354625,5502.354625
poia_webauthn,PoIA with WebAuthn,80,2649,0.001917,0.021709,2.176458,0.131542,2.334125,5502.334125
poia_webauthn,PoIA with WebAuthn,80,2650,0.001834,0.024959,2.164834,0.130958,2.325125,5502.325125
poia_webauthn,PoIA with WebAuthn,80,2651,0.001667,0.018083,4.208959,0.132083,4.36325,5504.36325
poia_webauthn,PoIA with WebAuthn,80,2652,0.001834,0.021375,12.018792,0.138,12.182541,5512.182541
poia_webauthn,PoIA with WebAuthn,80,2653,0.001667,0.017708,4.198667,0.136667,4.357125,5504.357125
poia_webauthn,PoIA with WebAuthn,80,2654,0.00175,0.017792,2.19675,2.154792,4.373959,5504.373959
poia_webauthn,PoIA with WebAuthn,80,2655,0.0025,0.022792,2.196708,0.130708,2.355709,5502.355709
poia_webauthn,PoIA with WebAuthn,80,2656,0.001916,0.021292,4.281333,0.131375,4.438375,5504.438375
poia_webauthn,PoIA with WebAuthn,80,2657,0.001625,0.017375,8.207459,2.205083,10.434541,5510.434541
poia_webauthn,PoIA with WebAuthn,80,2658,0.00175,0.017958,12.258459,0.131541,12.412167,5512.412167
poia_webauthn,PoIA with WebAuthn,80,2659,0.001542,0.01825,2.281667,0.1315,2.435417,5502.435417
poia_webauthn,PoIA with WebAuthn,80,2660,0.001667,0.018125,2.161125,4.401834,6.585625,5506.585625
poia_webauthn,PoIA with WebAuthn,80,2661,0.0015,0.017625,2.307917,0.130833,2.460292,5502.460292
poia_webauthn,PoIA with WebAuthn,80,2662,0.001709,0.017875,2.307708,0.131291,2.461,5502.461
poia_webauthn,PoIA with WebAuthn,80,2663,0.001709,0.01775,2.313,0.131209,2.466166,5502.466166
poia_webauthn,PoIA with WebAuthn,80,2664,0.00175,0.02125,2.308791,0.130792,2.465041,5502.465041
poia_webauthn,PoIA with WebAuthn,80,2665,0.00175,0.017667,2.31925,0.130667,2.47175,5502.47175
poia_webauthn,PoIA with WebAuthn,80,2666,0.001666,0.018084,2.317167,0.1315,2.470791,5502.470791
poia_webauthn,PoIA with WebAuthn,80,2667,0.00175,0.017875,4.330083,0.130541,4.482625,5504.482625
poia_webauthn,PoIA with WebAuthn,80,2668,0.00175,0.018166,2.313958,0.130833,2.467042,5502.467042
poia_webauthn,PoIA with WebAuthn,80,2669,0.001875,0.021166,2.13925,2.398708,4.563958,5504.563958
poia_webauthn,PoIA with WebAuthn,80,2670,0.001917,0.022125,3.593333,23.511917,27.132291,5527.132291
poia_webauthn,PoIA with WebAuthn,80,2671,0.001791,0.017417,4.487334,0.130666,4.639625,5504.639625
poia_webauthn,PoIA with WebAuthn,80,2672,0.001667,0.017542,2.417625,0.13175,2.570958,5502.570958
poia_webauthn,PoIA with WebAuthn,80,2673,0.001792,0.021375,2.406917,0.130625,2.563291,5502.563291
poia_webauthn,PoIA with WebAuthn,80,2674,0.001792,0.017833,4.416334,0.131667,4.57,5504.57
poia_webauthn,PoIA with WebAuthn,80,2675,0.001833,0.017667,2.321125,0.130875,2.474084,5502.474084
poia_webauthn,PoIA with WebAuthn,80,2676,0.001542,0.017958,2.325916,0.130875,2.478708,5502.478708
poia_webauthn,PoIA with WebAuthn,80,2677,0.002167,0.021708,2.155708,6.558125,8.740666,5508.740666
poia_webauthn,PoIA with WebAuthn,80,2678,0.001583,0.017959,2.323208,0.144167,2.489375,5502.489375
poia_webauthn,PoIA with WebAuthn,80,2679,0.001833,0.021833,2.329,0.131709,2.486791,5502.486791
poia_webauthn,PoIA with WebAuthn,80,2680,0.00175,0.017917,2.329083,0.131167,2.482334,5502.482334
poia_webauthn,PoIA with WebAuthn,80,2681,0.001792,0.018125,2.309125,0.131208,2.462916,5502.462916
poia_webauthn,PoIA with WebAuthn,80,2682,0.001542,0.017792,2.315708,0.130291,2.467792,5502.467792
poia_webauthn,PoIA with WebAuthn,80,2683,0.00175,0.018,2.307416,0.131334,2.460917,5502.460917
poia_webauthn,PoIA with WebAuthn,80,2684,0.001542,0.017708,2.311,0.131208,2.463833,5502.463833
poia_webauthn,PoIA with WebAuthn,80,2685,0.001708,0.018042,2.31,0.142458,2.474792,5502.474792
poia_webauthn,PoIA with WebAuthn,80,2686,0.002291,0.023083,2.390792,2.371459,4.791375,5504.791375
poia_webauthn,PoIA with WebAuthn,80,2687,0.001959,0.021667,2.347708,0.131375,2.50525,5502.50525
poia_webauthn,PoIA with WebAuthn,80,2688,0.001667,0.017875,4.634167,0.132,4.788083,5504.788083
poia_webauthn,PoIA with WebAuthn,80,2689,0.001667,0.017583,2.340084,0.144208,2.506042,5502.506042
poia_webauthn,PoIA with WebAuthn,80,2690,0.001625,0.017833,2.36375,0.132458,2.518041,5502.518041
poia_webauthn,PoIA with WebAuthn,80,2691,0.001583,0.017709,2.36575,0.139417,2.526875,5502.526875
poia_webauthn,PoIA with WebAuthn,80,2692,0.001583,0.021,2.371417,0.131834,2.528333,5502.528333
poia_webauthn,PoIA with WebAuthn,80,2693,0.001667,0.017708,2.376542,0.131708,2.530042,5502.530042
poia_webauthn,PoIA with WebAuthn,80,2694,0.001708,0.01775,8.774542,0.131458,8.927917,5508.927917
poia_webauthn,PoIA with WebAuthn,80,2695,0.001625,0.0175,2.337625,0.1315,2.490667,5502.490667
poia_webauthn,PoIA with WebAuthn,80,2696,0.001667,0.017667,8.752875,0.131208,8.905916,5508.905916
poia_webauthn,PoIA with WebAuthn,80,2697,0.001709,0.017458,2.339916,0.131667,2.493083,5502.493083
poia_webauthn,PoIA with WebAuthn,80,2698,0.002167,0.021958,6.713375,0.131125,6.871125,5506.871125
poia_webauthn,PoIA with WebAuthn,80,2699,0.001708,0.01775,2.351083,0.131125,2.504,5502.504
poia_webauthn,PoIA with WebAuthn,80,2700,0.002542,0.022708,4.600042,0.131541,4.759833,5504.759833
poia_webauthn,PoIA with WebAuthn,80,2701,0.001708,0.017958,2.339167,0.130833,2.492167,5502.492167
poia_webauthn,PoIA with WebAuthn,80,2702,0.00175,0.017667,2.18975,6.852958,9.065,5509.065
poia_webauthn,PoIA with WebAuthn,80,2703,0.001625,0.017709,4.559417,0.131333,4.7125,5504.7125
poia_webauthn,PoIA with WebAuthn,80,2704,0.00175,0.017709,2.3395,0.131,2.492333,5502.492333
poia_webauthn,PoIA with WebAuthn,80,2705,0.001792,0.021625,2.324417,0.135334,2.48575,5502.48575
poia_webauthn,PoIA with WebAuthn,80,2706,0.00175,0.028458,2.321916,0.130625,2.485292,5502.485292
poia_webauthn,PoIA with WebAuthn,80,2707,0.001541,0.018084,2.324833,0.131625,2.478417,5502.478417
poia_webauthn,PoIA with WebAuthn,80,2708,0.001625,0.018,2.323584,0.130458,2.476084,5502.476084
poia_webauthn,PoIA with WebAuthn,80,2709,0.001625,0.018334,2.321375,0.131125,2.474917,5502.474917
poia_webauthn,PoIA with WebAuthn,80,2710,0.001542,0.017792,4.5395,0.134167,4.695459,5504.695459
poia_webauthn,PoIA with WebAuthn,80,2711,0.00175,0.017917,8.920584,0.131416,9.074042,5509.074042
poia_webauthn,PoIA with WebAuthn,80,2712,0.001625,0.018334,4.542292,0.143583,4.708458,5504.708458
poia_webauthn,PoIA with WebAuthn,80,2713,0.001625,0.017791,2.328709,0.130375,2.481,5502.481
poia_webauthn,PoIA with WebAuthn,80,2714,0.001708,0.018375,4.542583,0.131208,4.69625,5504.69625
poia_webauthn,PoIA with WebAuthn,80,2715,0.001917,0.021375,2.322917,2.342792,4.692125,5504.692125
poia_webauthn,PoIA with WebAuthn,80,2716,0.001834,0.02525,2.330833,0.131167,2.491666,5502.491666
poia_webauthn,PoIA with WebAuthn,80,2717,0.00175,0.017916,4.547916,0.131042,4.701041,5504.701041
poia_webauthn,PoIA with WebAuthn,80,2718,0.002042,0.022375,2.18675,13.122209,15.336542,5515.336542
poia_webauthn,PoIA with WebAuthn,80,2719,0.001916,0.021708,6.750834,2.341,9.118417,5509.118417
poia_webauthn,PoIA with WebAuthn,80,2720,0.001917,0.018709,2.337,0.130792,2.491,5502.491
poia_webauthn,PoIA with WebAuthn,80,2721,0.001917,0.021834,6.775,0.130917,6.932167,5506.932167
poia_webauthn,PoIA with WebAuthn,80,2722,0.001709,0.017708,2.340459,0.144583,2.507041,5502.507041
poia_webauthn,PoIA with WebAuthn,80,2723,0.001625,0.017958,6.759375,0.142916,6.924291,5506.924291
poia_webauthn,PoIA with WebAuthn,80,2724,0.00175,0.018208,2.319125,2.370916,4.712917,5504.712917
poia_webauthn,PoIA with WebAuthn,80,2725,0.001583,0.018042,2.319375,2.39025,4.73225,5504.73225
poia_webauthn,PoIA with WebAuthn,80,2726,0.001709,0.017791,4.587667,0.131042,4.740666,5504.740666
poia_webauthn,PoIA with WebAuthn,80,2727,0.00175,0.018,4.586292,0.131042,4.739458,5504.739458
poia_webauthn,PoIA with WebAuthn,80,2728,0.0015,0.017584,4.669291,0.132875,4.823708,5504.823708
poia_webauthn,PoIA with WebAuthn,80,2729,0.002458,0.022708,2.471167,0.143708,2.643125,5502.643125
poia_webauthn,PoIA with WebAuthn,80,2730,0.001625,0.017666,4.68475,0.130959,4.8375,5504.8375
poia_webauthn,PoIA with WebAuthn,80,2731,0.001541,0.0175,2.478834,0.130125,2.6305,5502.6305
poia_webauthn,PoIA with WebAuthn,80,2732,0.001666,0.018334,2.165583,15.574625,17.763166,5517.763166
poia_webauthn,PoIA with WebAuthn,80,2733,0.001625,0.01775,4.677125,0.130625,4.829625,5504.829625
poia_webauthn,PoIA with WebAuthn,80,2734,0.001542,0.017875,2.467083,0.130792,2.619708,5502.619708
poia_webauthn,PoIA with WebAuthn,80,2735,0.001583,0.017959,6.012667,17.569333,23.604417,5523.604417
poia_webauthn,PoIA with WebAuthn,80,2736,0.001625,0.017917,4.680709,0.131208,4.833792,5504.833792
poia_webauthn,PoIA with WebAuthn,80,2737,0.001625,0.017917,2.461834,0.131292,2.615042,5502.615042
poia_webauthn,PoIA with WebAuthn,80,2738,0.001625,0.017709,4.683333,0.131625,4.836708,5504.836708
poia_webauthn,PoIA with WebAuthn,80,2739,0.00175,0.017875,2.449167,0.1305,2.60175,5502.60175
poia_webauthn,PoIA with WebAuthn,80,2740,0.001959,0.021542,2.437125,0.130583,2.593666,5502.593666
poia_webauthn,PoIA with WebAuthn,80,2741,0.001834,0.02125,2.417708,0.130875,2.574125,5502.574125
poia_webauthn,PoIA with WebAuthn,80,2742,0.001583,0.017917,2.428583,0.131,2.581458,5502.581458
poia_webauthn,PoIA with WebAuthn,80,2743,0.001583,0.018042,2.428041,0.130458,2.580542,5502.580542
poia_webauthn,PoIA with WebAuthn,80,2744,0.001916,0.021375,2.360166,9.261,11.647458,5511.647458
poia_webauthn,PoIA with WebAuthn,80,2745,0.001667,0.033208,2.475667,0.130375,2.6435,5502.6435
poia_webauthn,PoIA with WebAuthn,80,2746,0.00175,0.017875,2.4765,0.130958,2.6295,5502.6295
poia_webauthn,PoIA with WebAuthn,80,2747,0.001625,0.017583,2.474,0.130542,2.626084,5502.626084
poia_webauthn,PoIA with WebAuthn,80,2748,0.001625,0.0175,2.474667,0.130416,2.626667,5502.626667
poia_webauthn,PoIA with WebAuthn,80,2749,0.001792,0.018167,2.328833,4.840584,7.192291,5507.192291
poia_webauthn,PoIA with WebAuthn,80,2750,0.00175,0.017709,2.48625,0.130542,2.638625,5502.638625
poia_webauthn,PoIA with WebAuthn,80,2751,0.001583,0.018375,2.4855,0.130959,2.63875,5502.63875
poia_webauthn,PoIA with WebAuthn,80,2752,0.002167,0.021709,2.439708,2.510917,4.977541,5504.977541
poia_webauthn,PoIA with WebAuthn,80,2753,0.001958,0.0215,2.489459,0.131167,2.646666,5502.646666
poia_webauthn,PoIA with WebAuthn,80,2754,0.00175,0.017792,4.824959,0.131292,4.97825,5504.97825
poia_webauthn,PoIA with WebAuthn,80,2755,0.001917,0.018,2.484,0.141584,2.647875,5502.647875
poia_webauthn,PoIA with WebAuthn,80,2756,0.001708,0.018,4.812375,0.1445,4.979,5504.979
poia_webauthn,PoIA with WebAuthn,80,2757,0.001667,0.017875,2.499292,0.130541,2.651792,5502.651792
poia_webauthn,PoIA with WebAuthn,80,2758,0.001791,0.017875,7.053292,0.131416,7.206875,5507.206875
poia_webauthn,PoIA with WebAuthn,80,2759,0.001583,0.017625,2.499375,0.143583,2.664667,5502.664667
poia_webauthn,PoIA with WebAuthn,80,2760,0.001625,0.020958,2.494458,0.130917,2.650291,5502.650291
poia_webauthn,PoIA with WebAuthn,80,2761,0.001625,0.017792,2.497292,0.1315,2.6505,5502.6505
poia_webauthn,PoIA with WebAuthn,80,2762,0.001541,0.017917,2.327459,7.221583,9.5715,5509.5715
poia_webauthn,PoIA with WebAuthn,80,2763,0.00175,0.017708,2.508959,0.130583,2.661459,5502.661459
poia_webauthn,PoIA with WebAuthn,80,2764,0.001625,0.017708,2.509458,0.131333,2.662584,5502.662584
poia_webauthn,PoIA with WebAuthn,80,2765,0.001708,0.017542,2.511292,0.134042,2.667084,5502.667084
poia_webauthn,PoIA with WebAuthn,80,2766,0.001708,0.018,2.505167,0.131042,2.658458,5502.658458
poia_webauthn,PoIA with WebAuthn,80,2767,0.001958,0.021417,2.457083,4.877041,7.360458,5507.360458
poia_webauthn,PoIA with WebAuthn,80,2768,0.001625,0.017667,2.159084,18.252,20.433417,5520.433417
poia_webauthn,PoIA with WebAuthn,80,2769,0.001833,0.018333,4.89975,0.131,5.053333,5505.053333
poia_webauthn,PoIA with WebAuthn,80,2770,0.001708,0.017833,2.538167,0.131416,2.691542,5502.691542
poia_webauthn,PoIA with WebAuthn,80,2771,0.001667,0.017667,4.899125,0.131792,5.052667,5505.052667
poia_webauthn,PoIA with WebAuthn,80,2772,0.001583,0.022917,2.523208,0.1305,2.68075,5502.68075
poia_webauthn,PoIA with WebAuthn,80,2773,0.001625,0.018,4.902833,0.130625,5.0555,5505.0555
poia_webauthn,PoIA with WebAuthn,80,2774,0.001667,0.017666,2.52525,0.144042,2.691084,5502.691084
poia_webauthn,PoIA with WebAuthn,80,2775,0.0025,0.023209,7.340083,0.13125,7.500125,5507.500125
poia_webauthn,PoIA with WebAuthn,80,2776,0.002292,0.022541,2.604125,0.13175,2.763709,5502.763709
poia_webauthn,PoIA with WebAuthn,80,2777,0.002125,0.021166,4.961834,0.130916,5.118542,5505.118542
poia_webauthn,PoIA with WebAuthn,80,2778,0.001625,0.017875,2.598583,0.130792,2.751291,5502.751291
poia_webauthn,PoIA with WebAuthn,80,2779,0.001792,0.02475,2.465208,7.335584,9.830417,5509.830417
poia_webauthn,PoIA with WebAuthn,80,2780,0.001959,0.021334,7.317792,0.13075,7.474291,5507.474291
poia_webauthn,PoIA with WebAuthn,80,2781,0.001583,0.0175,2.587542,0.139666,2.748792,5502.748792
poia_webauthn,PoIA with WebAuthn,80,2782,0.001958,0.021708,4.967833,0.131875,5.125708,5505.125708
poia_webauthn,PoIA with WebAuthn,80,2783,0.001542,0.017917,2.59725,0.130583,2.74975,5502.74975
poia_webauthn,PoIA with WebAuthn,80,2784,0.00175,0.017791,2.529458,2.509833,5.061666,5505.061666
poia_webauthn,PoIA with WebAuthn,80,2785,0.001667,0.017708,2.53875,2.534542,5.095542,5505.095542
poia_webauthn,PoIA with WebAuthn,80,2786,0.002042,0.0215,2.508791,2.6365,5.171791,5505.171791
poia_webauthn,PoIA with WebAuthn,80,2787,0.002042,0.025709,2.623458,0.130791,2.784625,5502.784625
poia_webauthn,PoIA with WebAuthn,80,2788,0.00175,0.017625,5.03475,0.144166,5.200708,5505.200708
poia_webauthn,PoIA with WebAuthn,80,2789,0.00175,0.017709,2.633291,0.131125,2.786334,5502.786334
poia_webauthn,PoIA with WebAuthn,80,2790,0.001666,0.017833,5.036959,0.131667,5.190458,5505.190458
poia_webauthn,PoIA with WebAuthn,80,2791,0.001709,0.017875,2.63575,0.130667,2.788458,5502.788458
poia_webauthn,PoIA with WebAuthn,80,2792,0.001708,0.01775,5.037875,0.132041,5.19175,5505.19175
poia_webauthn,PoIA with WebAuthn,80,2793,0.001625,0.018166,2.621625,0.131417,2.775208,5502.775208
poia_webauthn,PoIA with WebAuthn,80,2794,0.001583,0.018083,5.096125,0.130833,5.249083,5505.249083
poia_webauthn,PoIA with WebAuthn,80,2795,0.001667,0.017792,7.210333,5.111292,12.344042,5512.344042
poia_webauthn,PoIA with WebAuthn,80,2796,0.001583,0.017541,2.643458,0.130084,2.795125,5502.795125
poia_webauthn,PoIA with WebAuthn,80,2797,0.001625,0.017625,2.642375,0.131125,2.795166,5502.795166
poia_webauthn,PoIA with WebAuthn,80,2798,0.001625,0.017709,4.826125,7.497833,12.346209,5512.346209
poia_webauthn,PoIA with WebAuthn,80,2799,0.00175,0.020167,2.6325,0.130791,2.787833,5502.787833
poia_webauthn,PoIA with WebAuthn,80,2800,0.001667,0.02125,2.632917,0.131583,2.789708,5502.789708
poia_webauthn,PoIA with WebAuthn,80,2801,0.001709,0.017833,2.637084,0.145584,2.804584,5502.804584
poia_webauthn,PoIA with WebAuthn,80,2802,0.001583,0.017917,2.651459,0.1305,2.803792,5502.803792
poia_webauthn,PoIA with WebAuthn,80,2803,0.00175,0.017791,2.354583,12.176709,14.553834,5514.553834
poia_webauthn,PoIA with WebAuthn,80,2804,0.00175,0.017833,5.078,0.131125,5.231042,5505.231042
poia_webauthn,PoIA with WebAuthn,80,2805,0.001666,0.017834,2.578583,0.131,2.7315,5502.7315
poia_webauthn,PoIA with WebAuthn,80,2806,0.001666,0.017792,2.563417,0.130375,2.715667,5502.715667
poia_webauthn,PoIA with WebAuthn,80,2807,0.001708,0.017875,2.565375,0.144959,2.732334,5502.732334
poia_webauthn,PoIA with WebAuthn,80,2808,0.001666,0.017542,2.582458,0.130709,2.734833,5502.734833
poia_webauthn,PoIA with WebAuthn,80,2809,0.001584,0.017709,5.08775,0.130416,5.239875,5505.239875
poia_webauthn,PoIA with WebAuthn,80,2810,0.001667,0.018125,2.582167,0.131166,2.735625,5502.735625
poia_webauthn,PoIA with WebAuthn,80,2811,0.001625,0.017625,5.103667,2.610083,7.735875,5507.735875
poia_webauthn,PoIA with WebAuthn,80,2812,0.00175,0.020792,2.57975,5.135125,7.740334,5507.740334
poia_webauthn,PoIA with WebAuthn,80,2813,0.001667,0.017625,2.59875,0.144125,2.7645,5502.7645
poia_webauthn,PoIA with WebAuthn,80,2814,0.001583,0.018208,2.608625,0.132375,2.763208,5502.763208
poia_webauthn,PoIA with WebAuthn,80,2815,0.001667,0.017875,7.589667,0.130458,7.742125,5507.742125
poia_webauthn,PoIA with WebAuthn,80,2816,0.001875,0.021292,7.566417,0.131,7.723042,5507.723042
poia_webauthn,PoIA with WebAuthn,80,2817,0.001917,0.02125,5.084625,0.130625,5.240833,5505.240833
poia_webauthn,PoIA with WebAuthn,80,2818,0.001958,0.021208,5.058542,0.130292,5.214542,5505.214542
poia_webauthn,PoIA with WebAuthn,80,2819,0.002125,0.022916,2.560084,2.595667,5.18375,5505.18375
poia_webauthn,PoIA with WebAuthn,80,2820,0.001833,0.018166,5.010333,0.132209,5.165042,5505.165042
poia_webauthn,PoIA with WebAuthn,80,2821,0.001625,0.017666,16.856958,0.131958,17.0105,5517.0105
poia_webauthn,PoIA with WebAuthn,80,2822,0.001667,0.017667,5.07675,2.586958,7.686084,5507.686084
poia_webauthn,PoIA with WebAuthn,80,2823,0.001625,0.017833,7.566167,0.1325,7.720542,5507.720542
poia_webauthn,PoIA with WebAuthn,80,2824,0.001833,0.017917,2.6025,0.13125,2.755959,5502.755959
poia_webauthn,PoIA with WebAuthn,80,2825,0.001834,0.018166,2.580667,2.622792,5.226458,5505.226458
poia_webauthn,PoIA with WebAuthn,80,2826,0.001625,0.017583,2.62625,5.093875,7.742333,5507.742333
poia_webauthn,PoIA with WebAuthn,80,2827,0.001667,0.017708,2.636792,0.130542,2.789167,5502.789167
poia_webauthn,PoIA with WebAuthn,80,2828,0.001542,0.017875,2.634875,0.131417,2.78825,5502.78825
poia_webauthn,PoIA with WebAuthn,80,2829,0.001958,0.021541,5.11575,2.610084,7.752375,5507.752375
poia_webauthn,PoIA with WebAuthn,80,2830,0.00175,0.018041,5.1045,5.108041,10.235208,5510.235208
poia_webauthn,PoIA with WebAuthn,80,2831,0.001875,0.021208,5.096833,0.130875,5.253292,5505.253292
poia_webauthn,PoIA with WebAuthn,80,2832,0.001666,0.017791,2.620958,0.130417,2.773167,5502.773167
poia_webauthn,PoIA with WebAuthn,80,2833,0.001708,0.017875,5.10225,0.13075,5.255,5505.255
poia_webauthn,PoIA with WebAuthn,80,2834,0.001584,0.025917,2.617583,0.132042,2.779625,5502.779625
poia_webauthn,PoIA with WebAuthn,80,2835,0.001542,0.017791,5.094,0.130583,5.246417,5505.246417
poia_webauthn,PoIA with WebAuthn,80,2836,0.001583,0.017666,2.63275,0.131166,2.785667,5502.785667
poia_webauthn,PoIA with WebAuthn,80,2837,0.001917,0.021417,2.579875,2.637875,5.24425,5505.24425
poia_webauthn,PoIA with WebAuthn,80,2838,0.001916,0.017917,5.083791,0.130541,5.236625,5505.236625
poia_webauthn,PoIA with WebAuthn,80,2839,0.001542,0.017958,5.084292,0.134791,5.240916,5505.240916
poia_webauthn,PoIA with WebAuthn,80,2840,0.002541,0.023542,2.708083,0.130917,2.868291,5502.868291
poia_webauthn,PoIA with WebAuthn,80,2841,0.001791,0.018417,5.175833,0.132917,5.331417,5505.331417
poia_webauthn,PoIA with WebAuthn,80,2842,0.001708,0.018167,2.708167,0.131166,2.86175,5502.86175
poia_webauthn,PoIA with WebAuthn,80,2843,0.001875,0.021125,2.685542,0.131583,2.842583,5502.842583
poia_webauthn,PoIA with WebAuthn,80,2844,0.001917,0.021583,2.669375,0.130583,2.826,5502.826
poia_webauthn,PoIA with WebAuthn,80,2845,0.001833,0.021333,5.152334,0.131666,5.309667,5505.309667
poia_webauthn,PoIA with WebAuthn,80,2846,0.002041,0.021292,2.591958,2.691209,5.3095,5505.3095
poia_webauthn,PoIA with WebAuthn,80,2847,0.001834,0.021208,2.674,0.130667,2.830166,5502.830166
poia_webauthn,PoIA with WebAuthn,80,2848,0.002,0.021209,2.654666,0.130584,2.811042,5502.811042
poia_webauthn,PoIA with WebAuthn,80,2849,0.001542,0.01775,2.655084,0.130583,2.807375,5502.807375
poia_webauthn,PoIA with WebAuthn,80,2850,0.001667,0.018,2.655334,0.13175,2.809083,5502.809083
poia_webauthn,PoIA with WebAuthn,80,2851,0.001584,0.0175,2.646792,0.130666,2.798958,5502.798958
poia_webauthn,PoIA with WebAuthn,80,2852,0.001542,0.021208,2.642709,0.1405,2.808541,5502.808541
poia_webauthn,PoIA with WebAuthn,80,2853,0.001541,0.017542,2.654834,0.130375,2.80675,5502.80675
poia_webauthn,PoIA with WebAuthn,80,2854,0.001625,0.017875,2.653083,0.130833,2.805833,5502.805833
poia_webauthn,PoIA with WebAuthn,80,2855,0.001667,0.01775,5.161459,0.130917,5.314166,5505.314166
poia_webauthn,PoIA with WebAuthn,80,2856,0.001667,0.021333,5.156291,0.130834,5.312667,5505.312667
poia_webauthn,PoIA with WebAuthn,80,2857,0.002,0.021208,2.64025,2.738417,5.404916,5505.404916
poia_webauthn,PoIA with WebAuthn,80,2858,0.001583,0.018375,4.824,17.605666,22.452584,5522.452584
poia_webauthn,PoIA with WebAuthn,80,2859,0.002459,0.023,2.729708,0.173208,2.931542,5502.931542
poia_webauthn,PoIA with WebAuthn,80,2860,0.001708,0.017833,2.770708,0.131333,2.924,5502.924
poia_webauthn,PoIA with WebAuthn,80,2861,0.001708,0.023333,2.762792,0.130917,2.921167,5502.921167
poia_webauthn,PoIA with WebAuthn,80,2862,0.001708,0.017667,2.766375,0.13125,2.919417,5502.919417
poia_webauthn,PoIA with WebAuthn,80,2863,0.001667,0.017833,2.760917,0.135458,2.918333,5502.918333
poia_webauthn,PoIA with WebAuthn,80,2864,0.001708,0.017458,2.776334,0.131542,2.929459,5502.929459
poia_webauthn,PoIA with WebAuthn,80,2865,0.001833,0.01825,2.763542,0.132084,2.918167,5502.918167
poia_webauthn,PoIA with WebAuthn,80,2866,0.00175,0.017875,7.788667,0.138333,7.949166,5507.949166
poia_webauthn,PoIA with WebAuthn,80,2867,0.001542,0.017542,10.267708,0.13175,10.420916,5510.420916
poia_webauthn,PoIA with WebAuthn,80,2868,0.001708,0.017542,7.798,0.131333,7.951083,5507.951083
poia_webauthn,PoIA with WebAuthn,80,2869,0.001792,0.018125,10.249333,0.131125,10.402709,5510.402709
poia_webauthn,PoIA with WebAuthn,80,2870,0.0015,0.0175,2.802542,0.132542,2.956375,5502.956375
poia_webauthn,PoIA with WebAuthn,80,2871,0.001666,0.017708,2.791833,0.131959,2.945583,5502.945583
poia_webauthn,PoIA with WebAuthn,80,2872,0.001625,0.017875,2.793209,0.131167,2.946166,5502.946166
poia_webauthn,PoIA with WebAuthn,80,2873,0.001625,0.017667,2.795209,0.130708,2.947708,5502.947708
poia_webauthn,PoIA with WebAuthn,80,2874,0.001667,0.017542,2.796042,0.131209,2.94875,5502.94875
poia_webauthn,PoIA with WebAuthn,80,2875,0.001667,0.017667,7.999875,0.130333,8.151958,5508.151958
poia_webauthn,PoIA with WebAuthn,80,2876,0.002,0.022,2.80025,0.132667,2.959375,5502.959375
poia_webauthn,PoIA with WebAuthn,80,2877,0.001709,0.017917,5.072583,8.002458,13.097709,5513.097709
poia_webauthn,PoIA with WebAuthn,80,2878,0.001708,0.018,2.805458,0.131292,2.958792,5502.958792
poia_webauthn,PoIA with WebAuthn,80,2879,0.001584,0.021291,2.804792,0.132291,2.962375,5502.962375
poia_webauthn,PoIA with WebAuthn,80,2880,0.001583,0.017834,2.806875,0.131167,2.959792,5502.959792
poia_webauthn,PoIA with WebAuthn,80,2881,0.002084,0.018,2.795625,0.131167,2.949416,5502.949416
poia_webauthn,PoIA with WebAuthn,80,2882,0.001458,0.017625,2.794583,0.13075,2.946792,5502.946792
poia_webauthn,PoIA with WebAuthn,80,2883,0.00175,0.017584,2.791917,0.13125,2.944916,5502.944916
poia_webauthn,PoIA with WebAuthn,80,2884,0.00175,0.01775,2.792333,0.131167,2.945375,5502.945375
poia_webauthn,PoIA with WebAuthn,80,2885,0.001583,0.018125,5.422125,0.134375,5.578709,5505.578709
poia_webauthn,PoIA with WebAuthn,80,2886,0.001666,0.017833,7.802042,2.806417,10.630917,5510.630917
poia_webauthn,PoIA with WebAuthn,80,2887,0.002042,0.022334,2.624041,7.913792,10.565416,5510.565416
poia_webauthn,PoIA with WebAuthn,80,2888,0.001625,0.017958,2.791166,2.805084,5.618667,5505.618667
poia_webauthn,PoIA with WebAuthn,80,2889,0.002,0.021459,5.317291,2.823416,8.167375,5508.167375
poia_webauthn,PoIA with WebAuthn,80,2890,0.001709,0.017708,8.006042,0.144958,8.172917,5508.172917
poia_webauthn,PoIA with WebAuthn,80,2891,0.001625,0.017833,2.830208,0.133375,2.9855,5502.9855
poia_webauthn,PoIA with WebAuthn,80,2892,0.001666,0.017625,2.832875,0.130875,2.985416,5502.985416
poia_webauthn,PoIA with WebAuthn,80,2893,0.001625,0.021708,2.827167,0.131959,2.984917,5502.984917
poia_webauthn,PoIA with WebAuthn,80,2894,0.001625,0.021709,2.610166,10.706083,13.342625,5513.342625
poia_webauthn,PoIA with WebAuthn,80,2895,0.00175,0.017792,2.85675,0.131,3.00975,5503.00975
poia_webauthn,PoIA with WebAuthn,80,2896,0.001833,0.018167,2.854459,0.131583,3.0085,5503.0085
poia_webauthn,PoIA with WebAuthn,80,2897,0.001708,0.017834,2.67625,8.122167,10.820833,5510.820833
poia_webauthn,PoIA with WebAuthn,80,2898,0.001959,0.021625,8.103917,0.131583,8.261584,5508.261584
poia_webauthn,PoIA with WebAuthn,80,2899,0.001625,0.017833,2.799375,0.130708,2.952,5502.952
poia_webauthn,PoIA with WebAuthn,80,2900,0.001709,0.021458,8.103292,0.131292,8.260084,5508.260084
poia_webauthn,PoIA with WebAuthn,80,2901,0.001667,0.017792,2.800667,0.130958,2.9535,5502.9535
poia_webauthn,PoIA with WebAuthn,80,2902,0.001459,0.017875,8.107333,0.140958,8.270083,5508.270083
poia_webauthn,PoIA with WebAuthn,80,2903,0.001709,0.017875,5.460792,0.145375,5.628166,5505.628166
poia_webauthn,PoIA with WebAuthn,80,2904,0.001791,0.018042,2.790667,2.831458,5.644875,5505.644875
poia_webauthn,PoIA with WebAuthn,80,2905,0.001875,0.021209,2.825041,0.130916,2.9815,5502.9815
poia_webauthn,PoIA with WebAuthn,80,2906,0.001833,0.024916,2.802584,0.131125,2.963,5502.963
poia_webauthn,PoIA with WebAuthn,80,2907,0.001834,0.018083,2.805667,2.795125,5.623833,5505.623833
poia_webauthn,PoIA with WebAuthn,80,2908,0.001708,0.01775,8.014542,2.802959,10.839875,5510.839875
poia_webauthn,PoIA with WebAuthn,80,2909,0.00175,0.01775,2.804375,0.140959,2.967334,5502.967334
poia_webauthn,PoIA with WebAuthn,80,2910,0.001792,0.01825,2.805333,0.132833,2.960709,5502.960709
poia_webauthn,PoIA with WebAuthn,80,2911,0.00175,0.017625,2.808708,0.13,2.9605,5502.9605
poia_webauthn,PoIA with WebAuthn,80,2912,0.001833,0.018167,2.806417,0.1325,2.961375,5502.961375
poia_webauthn,PoIA with WebAuthn,80,2913,0.001916,0.025916,2.595292,15.853833,18.480042,5518.480042
poia_webauthn,PoIA with WebAuthn,80,2914,0.001708,0.017959,2.817458,0.131083,2.970583,5502.970583
poia_webauthn,PoIA with WebAuthn,80,2915,0.001792,0.01825,2.817209,0.137,2.976625,5502.976625
poia_webauthn,PoIA with WebAuthn,80,2916,0.001667,0.018458,2.791334,2.879667,5.694208,5505.694208
poia_webauthn,PoIA with WebAuthn,80,2917,0.001875,0.021167,2.868708,0.137416,3.031625,5503.031625
poia_webauthn,PoIA with WebAuthn,80,2918,0.001625,0.017917,5.555125,0.131583,5.7085,5505.7085
poia_webauthn,PoIA with WebAuthn,80,2919,0.00175,0.018042,2.87775,0.132084,3.032,5503.032
poia_webauthn,PoIA with WebAuthn,80,2920,0.001792,0.01775,5.55875,0.131792,5.712375,5505.712375
poia_webauthn,PoIA with WebAuthn,80,2921,0.001708,0.02125,2.877167,0.131542,3.034083,5503.034083
poia_webauthn,PoIA with WebAuthn,80,2922,0.001583,0.017667,5.546667,0.130792,5.699042,5505.699042
poia_webauthn,PoIA with WebAuthn,80,2923,0.002083,0.022583,5.5065,0.131167,5.665,5505.665
poia_webauthn,PoIA with WebAuthn,80,2924,0.001667,0.017583,2.843709,0.130833,2.996167,5502.996167
poia_webauthn,PoIA with WebAuthn,80,2925,0.002,0.021292,2.839958,0.134667,3.000334,5503.000334
poia_webauthn,PoIA with WebAuthn,80,2926,0.001708,0.017958,5.504959,2.805208,8.332833,5508.332833
poia_webauthn,PoIA with WebAuthn,80,2927,0.001875,0.021334,2.748708,0.131083,2.9055,5502.9055
poia_webauthn,PoIA with WebAuthn,80,2928,0.002459,0.027292,5.56425,5.395917,10.993375,5510.993375
poia_webauthn,PoIA with WebAuthn,80,2929,0.002,0.021666,2.82925,8.076042,10.931875,5510.931875
poia_webauthn,PoIA with WebAuthn,80,2930,0.001625,0.017708,2.625917,0.131084,2.778709,5502.778709
poia_webauthn,PoIA with WebAuthn,80,2931,0.001917,0.021667,7.957334,0.131,8.114375,5508.114375
poia_webauthn,PoIA with WebAuthn,80,2932,0.001666,0.017959,10.683792,5.2255,15.931333,5515.931333
poia_webauthn,PoIA with WebAuthn,80,2933,0.001709,0.018041,2.802125,5.212958,8.037583,5508.037583
poia_webauthn,PoIA with WebAuthn,80,2934,0.001833,0.029,2.516791,0.132667,2.682709,5502.682709
poia_webauthn,PoIA with WebAuthn,80,2935,0.001667,0.018292,2.385917,0.132458,2.540458,5502.540458
poia_webauthn,PoIA with WebAuthn,80,2936,0.001708,0.017667,5.0605,0.132,5.214167,5505.214167
poia_webauthn,PoIA with WebAuthn,80,2937,0.001625,0.018,2.779916,7.721333,10.523667,5510.523667
poia_webauthn,PoIA with WebAuthn,80,2938,0.001792,0.017875,2.304916,0.130917,2.457875,5502.457875
poia_webauthn,PoIA with WebAuthn,80,2939,0.001625,0.017958,2.190958,0.130666,2.343458,5502.343458
poia_webauthn,PoIA with WebAuthn,80,2940,0.001667,0.018083,2.146375,0.131292,2.29975,5502.29975
poia_webauthn,PoIA with WebAuthn,80,2941,0.001959,0.025208,2.838459,2.123625,4.992208,5504.992208
poia_webauthn,PoIA with WebAuthn,80,2942,0.001709,0.017958,2.148709,0.133083,2.303834,5502.303834
poia_webauthn,PoIA with WebAuthn,80,2943,0.001875,0.021791,2.783583,4.743542,7.554,5507.554
poia_webauthn,PoIA with WebAuthn,80,2944,0.001708,0.018,1.943875,0.132667,2.098792,5502.098792
poia_webauthn,PoIA with WebAuthn,80,2945,0.001875,0.018,2.626625,1.703833,4.353125,5504.353125
poia_webauthn,PoIA with WebAuthn,80,2946,0.001625,0.017333,2.586,1.605541,4.213459,5504.213459
poia_webauthn,PoIA with WebAuthn,80,2947,0.001708,0.017833,4.050834,0.133083,4.205791,5504.205791
poia_webauthn,PoIA with WebAuthn,80,2948,0.00175,0.018167,3.46,0.131292,3.613416,5503.613416
poia_webauthn,PoIA with WebAuthn,80,2949,0.001625,0.017667,4.889041,1.083,5.993625,5505.993625
poia_webauthn,PoIA with WebAuthn,80,2950,0.001667,0.018125,8.174667,4.98125,13.178375,5513.178375
poia_webauthn,PoIA with WebAuthn,80,2951,0.002375,0.023292,5.267167,0.13575,5.43175,5505.43175
poia_webauthn,PoIA with WebAuthn,80,2952,0.001875,0.021792,2.360166,1.97075,4.357583,5504.357583
poia_webauthn,PoIA with WebAuthn,80,2953,0.001583,0.01775,6.135125,0.584292,6.741667,5506.741667
poia_webauthn,PoIA with WebAuthn,80,2954,0.001583,0.018167,2.8625,3.564292,6.449417,5506.449417
poia_webauthn,PoIA with WebAuthn,80,2955,0.001958,0.021167,5.253708,2.687,7.966667,5507.966667
poia_webauthn,PoIA with WebAuthn,80,2956,0.00175,0.018,15.294875,0.133042,15.45,5515.45
poia_webauthn,PoIA with WebAuthn,80,2957,0.001667,0.018166,2.190166,2.133917,4.346917,5504.346917
poia_webauthn,PoIA with WebAuthn,80,2958,0.001625,0.017833,5.580208,0.947458,6.550167,5506.550167
poia_webauthn,PoIA with WebAuthn,80,2959,0.001625,0.021542,5.0065,0.18675,5.219209,5505.219209
poia_webauthn,PoIA with WebAuthn,80,2960,0.001875,0.018167,9.486667,0.359167,9.868833,5509.868833
poia_zt_authenticator,PoIA with ZT-Authenticator,80,1,0.001833,0.017917,4.7655,0.116042,4.903,3404.903
poia_zt_authenticator,PoIA with ZT-Authenticator,80,2,0.001625,0.017917,1.037625,0.12725,1.186833,3401.186833
poia_zt_authenticator,PoIA with ZT-Authenticator,80,3,0.001666,0.017666,3.726459,0.127334,3.875583,3403.875583
poia_zt_authenticator,PoIA with ZT-Authenticator,80,4,0.001625,0.017834,4.425208,2.426875,6.874708,3406.874708
poia_zt_authenticator,PoIA with ZT-Authenticator,80,5,0.001667,0.017958,2.484,0.1335,2.6395,3402.6395
poia_zt_authenticator,PoIA with ZT-Authenticator,80,6,0.002084,0.021875,2.117958,2.050416,4.194875,3404.194875
poia_zt_authenticator,PoIA with ZT-Authenticator,80,7,0.001708,0.017791,0.756958,1.751833,2.53125,3402.53125
poia_zt_authenticator,PoIA with ZT-Authenticator,80,8,0.002458,0.022542,0.722708,0.128166,0.878792,3400.878792
poia_zt_authenticator,PoIA with ZT-Authenticator,80,9,0.001875,0.021208,0.859792,0.146041,1.031292,3401.031292
poia_zt_authenticator,PoIA with ZT-Authenticator,80,10,0.001541,0.018,1.787625,0.132,1.941542,3401.941542
poia_zt_authenticator,PoIA with ZT-Authenticator,80,11,0.001916,0.021958,2.393209,2.071209,4.4915,3404.4915
poia_zt_authenticator,PoIA with ZT-Authenticator,80,12,0.001875,0.021708,2.413375,2.042209,4.482167,3404.482167
poia_zt_authenticator,PoIA with ZT-Authenticator,80,13,0.001875,0.029167,3.282416,0.131334,3.447458,3403.447458
poia_zt_authenticator,PoIA with ZT-Authenticator,80,14,0.00175,0.017833,1.52675,1.517542,3.066917,3403.066917
poia_zt_authenticator,PoIA with ZT-Authenticator,80,15,0.001875,0.021833,0.754875,0.131375,0.912416,3400.912416
poia_zt_authenticator,PoIA with ZT-Authenticator,80,16,0.002,0.018958,9.956667,0.146167,10.126208,3410.126208
poia_zt_authenticator,PoIA with ZT-Authenticator,80,17,0.002042,0.018583,0.963458,0.132042,1.118583,3401.118583
poia_zt_authenticator,PoIA with ZT-Authenticator,80,18,0.001625,0.017708,0.788083,0.131792,0.941792,3400.941792
poia_zt_authenticator,PoIA with ZT-Authenticator,80,19,0.001709,0.018041,0.051584,5.257416,5.331333,3405.331333
poia_zt_authenticator,PoIA with ZT-Authenticator,80,20,0.001708,0.017959,7.56825,2.591292,10.182167,3410.182167
poia_zt_authenticator,PoIA with ZT-Authenticator,80,21,0.001583,0.018083,0.056834,0.120417,0.198833,3400.198833
poia_zt_authenticator,PoIA with ZT-Authenticator,80,22,0.00175,0.017833,1.586917,0.147958,1.757042,3401.757042
poia_zt_authenticator,PoIA with ZT-Authenticator,80,23,0.00175,0.017917,0.060666,0.119708,0.201917,3400.201917
poia_zt_authenticator,PoIA with ZT-Authenticator,80,24,0.002458,0.023084,4.377208,1.996958,6.402791,3406.402791
poia_zt_authenticator,PoIA with ZT-Authenticator,80,25,0.002375,0.023792,1.801042,0.147292,1.977708,3401.977708
poia_zt_authenticator,PoIA with ZT-Authenticator,80,26,0.002167,0.026666,1.952708,1.08475,3.069833,3403.069833
poia_zt_authenticator,PoIA with ZT-Authenticator,80,27,0.002083,0.02225,13.730958,0.130583,13.888209,3413.888209
poia_zt_authenticator,PoIA with ZT-Authenticator,80,28,0.001666,0.018125,6.36225,0.134708,6.519125,3406.519125
poia_zt_authenticator,PoIA with ZT-Authenticator,80,29,0.001625,0.018666,4.701042,0.131792,4.855584,3404.855584
poia_zt_authenticator,PoIA with ZT-Authenticator,80,30,0.00175,0.01875,1.697583,0.142625,1.863208,3401.863208
poia_zt_authenticator,PoIA with ZT-Authenticator,80,31,0.001875,0.021416,1.355667,0.135791,1.517291,3401.517291
poia_zt_authenticator,PoIA with ZT-Authenticator,80,32,0.002333,0.022709,2.923541,0.133708,3.084959,3403.084959
poia_zt_authenticator,PoIA with ZT-Authenticator,80,33,0.001791,0.017334,8.339625,0.132041,8.49325,3408.49325
poia_zt_authenticator,PoIA with ZT-Authenticator,80,34,0.00175,0.018042,4.705208,0.13175,4.859083,3404.859083
poia_zt_authenticator,PoIA with ZT-Authenticator,80,35,0.001667,0.017416,1.117375,0.128292,1.267167,3401.267167
poia_zt_authenticator,PoIA with ZT-Authenticator,80,36,0.001833,0.021375,7.114875,0.133208,7.27375,3407.27375
poia_zt_authenticator,PoIA with ZT-Authenticator,80,37,0.001875,0.017458,0.703584,0.128459,0.853709,3400.853709
poia_zt_authenticator,PoIA with ZT-Authenticator,80,38,0.002833,0.028125,5.952958,8.167125,14.154792,3414.154792
poia_zt_authenticator,PoIA with ZT-Authenticator,80,39,0.001625,0.017833,1.668166,0.132792,1.822875,3401.822875
poia_zt_authenticator,PoIA with ZT-Authenticator,80,40,0.002084,0.019167,4.009459,0.13125,4.164375,3404.164375
poia_zt_authenticator,PoIA with ZT-Authenticator,80,41,0.001959,0.021917,1.126625,0.998875,2.152416,3402.152416
poia_zt_authenticator,PoIA with ZT-Authenticator,80,42,0.001709,0.0185,2.486417,0.134333,2.643416,3402.643416
poia_zt_authenticator,PoIA with ZT-Authenticator,80,43,0.001709,0.018,1.556083,1.221542,2.80025,3402.80025
poia_zt_authenticator,PoIA with ZT-Authenticator,80,44,0.00175,0.017708,1.222791,0.133542,1.378292,3401.378292
poia_zt_authenticator,PoIA with ZT-Authenticator,80,45,0.002,0.021125,2.670459,0.133709,2.829875,3402.829875
poia_zt_authenticator,PoIA with ZT-Authenticator,80,46,0.002166,0.022417,0.6415,0.127625,0.796125,3400.796125
poia_zt_authenticator,PoIA with ZT-Authenticator,80,47,0.002084,0.019083,0.6695,0.141625,0.834917,3400.834917
poia_zt_authenticator,PoIA with ZT-Authenticator,80,48,0.001917,0.022125,2.125583,0.132667,2.284709,3402.284709
poia_zt_authenticator,PoIA with ZT-Authenticator,80,49,0.001625,0.01825,1.700292,0.130458,1.853,3401.853
poia_zt_authenticator,PoIA with ZT-Authenticator,80,50,0.001916,0.018125,4.708792,2.405167,7.137042,3407.137042
poia_zt_authenticator,PoIA with ZT-Authenticator,80,51,0.001625,0.018458,5.087958,0.134417,5.245,3405.245
poia_zt_authenticator,PoIA with ZT-Authenticator,80,52,0.002292,0.020417,2.434458,4.125458,6.585791,3406.585791
poia_zt_authenticator,PoIA with ZT-Authenticator,80,53,0.001709,0.017875,4.910041,0.116,5.047333,3405.047333
poia_zt_authenticator,PoIA with ZT-Authenticator,80,54,0.001708,0.018,1.64075,0.132959,1.795792,3401.795792
poia_zt_authenticator,PoIA with ZT-Authenticator,80,55,0.001625,0.018083,4.89375,0.132875,5.048791,3405.048791
poia_zt_authenticator,PoIA with ZT-Authenticator,80,56,0.001458,0.018042,3.627334,2.735958,6.385791,3406.385791
poia_zt_authenticator,PoIA with ZT-Authenticator,80,57,0.002708,0.028458,2.878125,0.135333,3.047708,3403.047708
poia_zt_authenticator,PoIA with ZT-Authenticator,80,58,0.002667,0.0225,2.729667,0.126959,2.884708,3402.884708
poia_zt_authenticator,PoIA with ZT-Authenticator,80,59,0.001625,0.017833,0.050625,2.49625,2.568708,3402.568708
poia_zt_authenticator,PoIA with ZT-Authenticator,80,60,0.002042,0.018125,2.470333,0.133833,2.626916,3402.626916
poia_zt_authenticator,PoIA with ZT-Authenticator,80,61,0.001542,0.01775,2.716209,0.116416,2.853709,3402.853709
poia_zt_authenticator,PoIA with ZT-Authenticator,80,62,0.0015,0.018042,1.281417,1.932625,3.2365,3403.2365
poia_zt_authenticator,PoIA with ZT-Authenticator,80,63,0.001958,0.021417,0.056917,0.119958,0.202041,3400.202041
poia_zt_authenticator,PoIA with ZT-Authenticator,80,64,0.001583,0.017917,3.137708,0.129792,3.289416,3403.289416
poia_zt_authenticator,PoIA with ZT-Authenticator,80,65,0.002084,0.023625,1.044958,0.12775,1.200833,3401.200833
poia_zt_authenticator,PoIA with ZT-Authenticator,80,66,0.001667,0.018125,2.720501,0.133791,2.876333,3402.876333
poia_zt_authenticator,PoIA with ZT-Authenticator,80,67,0.002583,0.027208,1.89575,0.1355,2.064,3402.064
poia_zt_authenticator,PoIA with ZT-Authenticator,80,68,0.001958,0.019667,3.151708,0.131167,3.307042,3403.307042
poia_zt_authenticator,PoIA with ZT-Authenticator,80,69,0.00175,0.0175,2.356125,0.128208,2.505875,3402.505875
poia_zt_authenticator,PoIA with ZT-Authenticator,80,70,0.001708,0.017667,8.895959,0.131166,9.048875,3409.048875
poia_zt_authenticator,PoIA with ZT-Authenticator,80,71,0.001666,0.018208,3.33575,3.433041,6.79175,3406.79175
poia_zt_authenticator,PoIA with ZT-Authenticator,80,72,0.00175,0.017542,3.138291,0.127709,3.287667,3403.287667
poia_zt_authenticator,PoIA with ZT-Authenticator,80,73,0.001583,0.017416,1.51725,0.12775,1.666334,3401.666334
poia_zt_authenticator,PoIA with ZT-Authenticator,80,74,0.002083,0.022334,1.652875,0.133917,1.81375,3401.81375
poia_zt_authenticator,PoIA with ZT-Authenticator,80,75,0.002125,0.018209,1.81475,0.130542,1.968209,3401.968209
poia_zt_authenticator,PoIA with ZT-Authenticator,80,76,0.001625,0.018,2.460334,3.060583,5.543625,3405.543625
poia_zt_authenticator,PoIA with ZT-Authenticator,80,77,0.001583,0.017916,1.67475,0.131834,1.828334,3401.828334
poia_zt_authenticator,PoIA with ZT-Authenticator,80,78,0.001709,0.018333,1.238125,1.454375,2.715459,3402.715459
poia_zt_authenticator,PoIA with ZT-Authenticator,80,79,0.002166,0.022417,5.074708,0.140291,5.242167,3405.242167
poia_zt_authenticator,PoIA with ZT-Authenticator,80,80,0.001417,0.017417,1.062166,0.131166,1.214542,3401.214542
poia_zt_authenticator,PoIA with ZT-Authenticator,80,81,0.001667,0.017875,19.726625,0.131,19.879084,3419.879084
poia_zt_authenticator,PoIA with ZT-Authenticator,80,82,0.002083,0.021792,3.1225,1.489,4.638375,3404.638375
poia_zt_authenticator,PoIA with ZT-Authenticator,80,83,0.001666,0.017625,0.054959,0.12,0.196125,3400.196125
poia_zt_authenticator,PoIA with ZT-Authenticator,80,84,0.001542,0.0175,1.295458,0.130916,1.447958,3401.447958
poia_zt_authenticator,PoIA with ZT-Authenticator,80,85,0.002,0.018458,2.135917,2.007792,4.167333,3404.167333
poia_zt_authenticator,PoIA with ZT-Authenticator,80,86,0.001375,0.01775,0.048541,0.712666,0.782583,3400.782583
poia_zt_authenticator,PoIA with ZT-Authenticator,80,87,0.001709,0.018041,0.698125,0.13075,0.851083,3400.851083
poia_zt_authenticator,PoIA with ZT-Authenticator,80,88,0.001792,0.018,2.854417,0.133666,3.010375,3403.010375
poia_zt_authenticator,PoIA with ZT-Authenticator,80,89,0.001917,0.018625,1.240459,0.13125,1.394667,3401.394667
poia_zt_authenticator,PoIA with ZT-Authenticator,80,90,0.001833,0.018708,8.466917,0.115833,8.605,3408.605
poia_zt_authenticator,PoIA with ZT-Authenticator,80,91,0.001833,0.02175,0.744958,0.132625,0.903625,3400.903625
poia_zt_authenticator,PoIA with ZT-Authenticator,80,92,0.002,0.021292,2.380083,0.132833,2.53875,3402.53875
poia_zt_authenticator,PoIA with ZT-Authenticator,80,93,0.00225,0.022208,2.259375,0.128459,2.414791,3402.414791
poia_zt_authenticator,PoIA with ZT-Authenticator,80,94,0.002084,0.02325,7.703542,0.132208,7.863625,3407.863625
poia_zt_authenticator,PoIA with ZT-Authenticator,80,95,0.00175,0.018375,10.41675,0.124166,10.56275,3410.56275
poia_zt_authenticator,PoIA with ZT-Authenticator,80,96,0.001917,0.021042,2.469166,2.008333,4.503083,3404.503083
poia_zt_authenticator,PoIA with ZT-Authenticator,80,97,0.001292,0.01825,2.595583,0.132541,2.749958,3402.749958
poia_zt_authenticator,PoIA with ZT-Authenticator,80,98,0.001875,0.017958,0.659167,0.132166,0.8135,3400.8135
poia_zt_authenticator,PoIA with ZT-Authenticator,80,99,0.001875,0.017917,1.814167,0.132875,1.969167,3401.969167
poia_zt_authenticator,PoIA with ZT-Authenticator,80,100,0.001583,0.017708,5.607458,0.127,5.756292,3405.756292
poia_zt_authenticator,PoIA with ZT-Authenticator,80,101,0.001875,0.018208,1.388417,0.132,1.542958,3401.542958
poia_zt_authenticator,PoIA with ZT-Authenticator,80,102,0.0015,0.01775,2.197916,0.136917,2.356542,3402.356542
poia_zt_authenticator,PoIA with ZT-Authenticator,80,103,0.001667,0.017667,1.685042,0.130666,1.837417,3401.837417
poia_zt_authenticator,PoIA with ZT-Authenticator,80,104,0.00175,0.017875,2.597416,0.149542,2.768917,3402.768917
poia_zt_authenticator,PoIA with ZT-Authenticator,80,105,0.002042,0.021292,2.460958,2.867208,5.354833,3405.354833
poia_zt_authenticator,PoIA with ZT-Authenticator,80,106,0.001292,0.017542,1.658041,2.138125,3.818167,3403.818167
poia_zt_authenticator,PoIA with ZT-Authenticator,80,107,0.001834,0.017958,0.050625,0.185041,0.257791,3400.257791
poia_zt_authenticator,PoIA with ZT-Authenticator,80,108,0.002125,0.01875,2.289084,0.1275,2.440041,3402.440041
poia_zt_authenticator,PoIA with ZT-Authenticator,80,109,0.001375,0.017917,9.361875,0.138209,9.521833,3409.521833
poia_zt_authenticator,PoIA with ZT-Authenticator,80,110,0.0015,0.018083,5.190958,0.133292,5.346166,3405.346166
poia_zt_authenticator,PoIA with ZT-Authenticator,80,111,0.001875,0.018208,1.257875,0.130958,1.41125,3401.41125
poia_zt_authenticator,PoIA with ZT-Authenticator,80,112,0.001792,0.017791,1.292541,0.128875,1.443334,3401.443334
poia_zt_authenticator,PoIA with ZT-Authenticator,80,113,0.001875,0.022709,5.287417,0.131667,5.44625,3405.44625
poia_zt_authenticator,PoIA with ZT-Authenticator,80,114,0.001209,0.017583,1.261709,1.933375,3.216875,3403.216875
poia_zt_authenticator,PoIA with ZT-Authenticator,80,115,0.002458,0.023208,0.589792,0.646625,1.265584,3401.265584
poia_zt_authenticator,PoIA with ZT-Authenticator,80,116,0.001792,0.017875,0.051375,0.119166,0.192,3400.192
poia_zt_authenticator,PoIA with ZT-Authenticator,80,117,0.002666,0.022667,1.530083,0.130208,1.688709,3401.688709
poia_zt_authenticator,PoIA with ZT-Authenticator,80,118,0.001708,0.017958,0.782791,0.13125,0.93625,3400.93625
poia_zt_authenticator,PoIA with ZT-Authenticator,80,119,0.001834,0.017542,4.265042,0.13025,4.417166,3404.417166
poia_zt_authenticator,PoIA with ZT-Authenticator,80,120,0.001625,0.01825,3.013708,0.148458,3.184583,3403.184583
poia_zt_authenticator,PoIA with ZT-Authenticator,80,121,0.001583,0.017583,2.012083,0.131166,2.164875,3402.164875
poia_zt_authenticator,PoIA with ZT-Authenticator,80,122,0.002125,0.021625,1.579667,0.145084,1.750958,3401.750958
poia_zt_authenticator,PoIA with ZT-Authenticator,80,123,0.002041,0.01825,0.052333,0.11525,0.189667,3400.189667
poia_zt_authenticator,PoIA with ZT-Authenticator,80,124,0.002,0.032083,1.385791,0.13275,1.55525,3401.55525
poia_zt_authenticator,PoIA with ZT-Authenticator,80,125,0.002417,0.023375,1.820375,0.132541,1.981917,3401.981917
poia_zt_authenticator,PoIA with ZT-Authenticator,80,126,0.002292,0.019083,1.280125,0.134583,1.438542,3401.438542
poia_zt_authenticator,PoIA with ZT-Authenticator,80,127,0.003125,0.023292,2.024375,0.1455,2.199458,3402.199458
poia_zt_authenticator,PoIA with ZT-Authenticator,80,128,0.001583,0.017875,3.189292,0.146,3.357292,3403.357292
poia_zt_authenticator,PoIA with ZT-Authenticator,80,129,0.002417,0.022917,1.857333,0.133291,2.019,3402.019
poia_zt_authenticator,PoIA with ZT-Authenticator,80,130,0.001666,0.018125,1.812333,0.131542,1.966083,3401.966083
poia_zt_authenticator,PoIA with ZT-Authenticator,80,131,0.002417,0.026417,1.443916,0.140167,1.615875,3401.615875
poia_zt_authenticator,PoIA with ZT-Authenticator,80,132,0.00175,0.018,1.406791,0.127667,1.556541,3401.556541
poia_zt_authenticator,PoIA with ZT-Authenticator,80,133,0.001709,0.018,1.584208,1.694,3.300916,3403.300916
poia_zt_authenticator,PoIA with ZT-Authenticator,80,134,0.001375,0.017666,4.329291,0.132708,4.483375,3404.483375
poia_zt_authenticator,PoIA with ZT-Authenticator,80,135,0.001792,0.0185,2.584417,0.134833,2.742083,3402.742083
poia_zt_authenticator,PoIA with ZT-Authenticator,80,136,0.002084,0.021917,2.813166,0.130875,2.970458,3402.970458
poia_zt_authenticator,PoIA with ZT-Authenticator,80,137,0.001625,0.017416,0.974041,0.131167,1.126584,3401.126584
poia_zt_authenticator,PoIA with ZT-Authenticator,80,138,0.001625,0.018125,1.603125,1.3515,2.97725,3402.97725
poia_zt_authenticator,PoIA with ZT-Authenticator,80,139,0.001667,0.018541,4.717375,0.123709,4.86325,3404.86325
poia_zt_authenticator,PoIA with ZT-Authenticator,80,140,0.001708,0.017667,1.260833,0.128375,1.410916,3401.410916
poia_zt_authenticator,PoIA with ZT-Authenticator,80,141,0.002,0.018625,7.977209,2.472958,10.473333,3410.473333
poia_zt_authenticator,PoIA with ZT-Authenticator,80,142,0.00225,0.01875,2.324958,2.494375,4.843458,3404.843458
poia_zt_authenticator,PoIA with ZT-Authenticator,80,143,0.001666,0.017792,2.412959,0.12125,2.555458,3402.555458
poia_zt_authenticator,PoIA with ZT-Authenticator,80,144,0.00175,0.018041,2.475125,0.134125,2.631625,3402.631625
poia_zt_authenticator,PoIA with ZT-Authenticator,80,145,0.001709,0.017708,2.165916,0.131667,2.319333,3402.319333
poia_zt_authenticator,PoIA with ZT-Authenticator,80,146,0.001958,0.021542,1.334584,4.970417,6.331542,3406.331542
poia_zt_authenticator,PoIA with ZT-Authenticator,80,147,0.001541,0.019375,18.2465,0.128583,18.398334,3418.398334
poia_zt_authenticator,PoIA with ZT-Authenticator,80,148,0.001708,0.017958,4.245375,0.132334,4.399875,3404.399875
poia_zt_authenticator,PoIA with ZT-Authenticator,80,149,0.002,0.021833,2.49725,0.132834,2.656458,3402.656458
poia_zt_authenticator,PoIA with ZT-Authenticator,80,150,0.001667,0.0285,0.052875,0.114542,0.19925,3400.19925
poia_zt_authenticator,PoIA with ZT-Authenticator,80,151,0.001708,0.029167,4.562792,0.115875,4.711417,3404.711417
poia_zt_authenticator,PoIA with ZT-Authenticator,80,152,0.002208,0.023208,1.114125,0.133375,1.275292,3401.275292
poia_zt_authenticator,PoIA with ZT-Authenticator,80,153,0.001875,0.018083,2.867542,0.131416,3.021333,3403.021333
poia_zt_authenticator,PoIA with ZT-Authenticator,80,154,0.001917,0.021333,8.396416,0.131709,8.55375,3408.55375
poia_zt_authenticator,PoIA with ZT-Authenticator,80,155,0.001917,0.018458,5.75175,0.131167,5.905833,3405.905833
poia_zt_authenticator,PoIA with ZT-Authenticator,80,156,0.001833,0.021625,2.404792,3.110542,5.541792,3405.541792
poia_zt_authenticator,PoIA with ZT-Authenticator,80,157,0.00175,0.018333,4.630708,2.49175,7.145708,3407.145708
poia_zt_authenticator,PoIA with ZT-Authenticator,80,158,0.001625,0.017708,1.557916,4.374042,5.954083,3405.954083
poia_zt_authenticator,PoIA with ZT-Authenticator,80,159,0.001458,0.019334,1.50725,0.131,1.6615,3401.6615
poia_zt_authenticator,PoIA with ZT-Authenticator,80,160,0.00225,0.024292,2.505416,0.121417,2.655542,3402.655542
poia_zt_authenticator,PoIA with ZT-Authenticator,80,161,0.001708,0.017917,2.152625,0.13275,2.307542,3402.307542
poia_zt_authenticator,PoIA with ZT-Authenticator,80,162,0.001375,0.017833,2.385708,1.313875,3.721875,3403.721875
poia_zt_authenticator,PoIA with ZT-Authenticator,80,163,0.00175,0.018459,0.922458,0.135458,1.080542,3401.080542
poia_zt_authenticator,PoIA with ZT-Authenticator,80,164,0.001875,0.018667,0.052875,3.951792,4.027541,3404.027541
poia_zt_authenticator,PoIA with ZT-Authenticator,80,165,0.002167,0.025416,2.068792,0.657333,2.757042,3402.757042
poia_zt_authenticator,PoIA with ZT-Authenticator,80,166,0.002708,0.023417,0.8085,0.135334,0.972958,3400.972958
poia_zt_authenticator,PoIA with ZT-Authenticator,80,167,0.001875,0.019125,5.267083,0.134625,5.425167,3405.425167
poia_zt_authenticator,PoIA with ZT-Authenticator,80,168,0.002833,0.024,1.761416,0.134792,1.926125,3401.926125
poia_zt_authenticator,PoIA with ZT-Authenticator,80,169,0.001708,0.017875,1.010375,0.134625,1.167084,3401.167084
poia_zt_authenticator,PoIA with ZT-Authenticator,80,170,0.00175,0.01775,1.809875,0.139417,1.9715,3401.9715
poia_zt_authenticator,PoIA with ZT-Authenticator,80,171,0.002,0.022166,1.040375,0.667,1.734625,3401.734625
poia_zt_authenticator,PoIA with ZT-Authenticator,80,172,0.001625,0.017791,0.910709,0.132042,1.064625,3401.064625
poia_zt_authenticator,PoIA with ZT-Authenticator,80,173,0.001834,0.018416,2.463042,0.13,2.61575,3402.61575
poia_zt_authenticator,PoIA with ZT-Authenticator,80,174,0.001625,0.018,0.895667,0.133667,1.051292,3401.051292
poia_zt_authenticator,PoIA with ZT-Authenticator,80,175,0.001791,0.0175,0.762291,0.130625,0.914667,3400.914667
poia_zt_authenticator,PoIA with ZT-Authenticator,80,176,0.002167,0.022666,4.931125,0.149625,5.108375,3405.108375
poia_zt_authenticator,PoIA with ZT-Authenticator,80,177,0.001667,0.017791,7.675667,0.135625,7.833375,3407.833375
poia_zt_authenticator,PoIA with ZT-Authenticator,80,178,0.002,0.018833,4.49925,0.131583,4.654167,3404.654167
poia_zt_authenticator,PoIA with ZT-Authenticator,80,179,0.002166,0.022417,2.165792,1.964708,4.157209,3404.157209
poia_zt_authenticator,PoIA with ZT-Authenticator,80,180,0.001334,0.017667,3.465709,0.128083,3.615042,3403.615042
poia_zt_authenticator,PoIA with ZT-Authenticator,80,181,0.00125,0.01725,1.604042,9.815375,11.440792,3411.440792
poia_zt_authenticator,PoIA with ZT-Authenticator,80,182,0.002041,0.022042,4.52025,0.132625,4.679542,3404.679542
poia_zt_authenticator,PoIA with ZT-Authenticator,80,183,0.002625,0.030292,1.677583,0.136042,1.849625,3401.849625
poia_zt_authenticator,PoIA with ZT-Authenticator,80,184,0.002083,0.021708,4.013667,0.13275,4.17275,3404.17275
poia_zt_authenticator,PoIA with ZT-Authenticator,80,185,0.0015,0.017875,0.980875,0.12,1.122,3401.122
poia_zt_authenticator,PoIA with ZT-Authenticator,80,186,0.001958,0.02225,0.690042,0.131833,0.848417,3400.848417
poia_zt_authenticator,PoIA with ZT-Authenticator,80,187,0.001542,0.017833,4.774708,0.1365,4.933166,3404.933166
poia_zt_authenticator,PoIA with ZT-Authenticator,80,188,0.001959,0.018542,1.404458,0.128875,1.556292,3401.556292
poia_zt_authenticator,PoIA with ZT-Authenticator,80,189,0.001709,0.017625,1.630125,0.143542,1.795375,3401.795375
poia_zt_authenticator,PoIA with ZT-Authenticator,80,190,0.001834,0.018333,2.574,0.132333,2.728916,3402.728916
poia_zt_authenticator,PoIA with ZT-Authenticator,80,191,0.001917,0.022458,0.733417,0.137375,0.897625,3400.897625
poia_zt_authenticator,PoIA with ZT-Authenticator,80,192,0.001666,0.01775,1.640959,0.141791,1.804708,3401.804708
poia_zt_authenticator,PoIA with ZT-Authenticator,80,193,0.002167,0.018416,1.870417,0.131667,2.025125,3402.025125
poia_zt_authenticator,PoIA with ZT-Authenticator,80,194,0.013708,0.019417,1.266167,2.35975,3.662333,3403.662333
poia_zt_authenticator,PoIA with ZT-Authenticator,80,195,0.002,0.021458,1.986834,2.155125,4.168417,3404.168417
poia_zt_authenticator,PoIA with ZT-Authenticator,80,196,0.001958,0.018584,4.132416,2.489,6.64475,3406.64475
poia_zt_authenticator,PoIA with ZT-Authenticator,80,197,0.002209,0.02475,1.672334,0.128208,1.829875,3401.829875
poia_zt_authenticator,PoIA with ZT-Authenticator,80,198,0.001916,0.018375,1.195125,0.132042,1.349958,3401.349958
poia_zt_authenticator,PoIA with ZT-Authenticator,80,199,0.00125,0.017625,3.92475,0.130791,4.07675,3404.07675
poia_zt_authenticator,PoIA with ZT-Authenticator,80,200,0.002208,0.024,0.075959,0.121375,0.225666,3400.225666
poia_zt_authenticator,PoIA with ZT-Authenticator,80,201,0.001667,0.017791,4.875542,0.131625,5.029,3405.029
poia_zt_authenticator,PoIA with ZT-Authenticator,80,202,0.001875,0.018208,2.206875,0.132375,2.361791,3402.361791
poia_zt_authenticator,PoIA with ZT-Authenticator,80,203,0.002042,0.025291,0.057708,0.137583,0.2245,3400.2245
poia_zt_authenticator,PoIA with ZT-Authenticator,80,204,0.002459,0.02875,3.19275,1.771375,4.998917,3404.998917
poia_zt_authenticator,PoIA with ZT-Authenticator,80,205,0.001625,0.017666,11.303709,0.14725,11.47275,3411.47275
poia_zt_authenticator,PoIA with ZT-Authenticator,80,206,0.001792,0.018,7.38075,0.134042,7.537125,3407.537125
poia_zt_authenticator,PoIA with ZT-Authenticator,80,207,0.001792,0.021916,4.371417,0.135666,4.533458,3404.533458
poia_zt_authenticator,PoIA with ZT-Authenticator,80,208,0.001709,0.018083,1.2625,0.708042,1.993125,3401.993125
poia_zt_authenticator,PoIA with ZT-Authenticator,80,209,0.001709,0.017791,1.445042,2.337125,3.804667,3403.804667
poia_zt_authenticator,PoIA with ZT-Authenticator,80,210,0.001625,0.018,4.765875,0.132541,4.920375,3404.920375
poia_zt_authenticator,PoIA with ZT-Authenticator,80,211,0.001708,0.018125,2.850375,0.131792,3.0045,3403.0045
poia_zt_authenticator,PoIA with ZT-Authenticator,80,212,0.00175,0.018042,0.918084,0.915917,1.856625,3401.856625
poia_zt_authenticator,PoIA with ZT-Authenticator,80,213,0.001792,0.021958,0.764167,0.12775,0.918208,3400.918208
poia_zt_authenticator,PoIA with ZT-Authenticator,80,214,0.001958,0.021625,2.556625,0.133333,2.716125,3402.716125
poia_zt_authenticator,PoIA with ZT-Authenticator,80,215,0.001584,0.018208,2.096667,0.134167,2.253125,3402.253125
poia_zt_authenticator,PoIA with ZT-Authenticator,80,216,0.001458,0.017709,1.706541,1.433167,3.161875,3403.161875
poia_zt_authenticator,PoIA with ZT-Authenticator,80,217,0.001625,0.017916,0.697833,0.131584,0.851291,3400.851291
poia_zt_authenticator,PoIA with ZT-Authenticator,80,218,0.002125,0.021584,0.279917,0.121291,0.426875,3400.426875
poia_zt_authenticator,PoIA with ZT-Authenticator,80,219,0.002333,0.022458,1.833583,0.130708,1.992167,3401.992167
poia_zt_authenticator,PoIA with ZT-Authenticator,80,220,0.002167,0.025625,3.238584,1.811833,5.081833,3405.081833
poia_zt_authenticator,PoIA with ZT-Authenticator,80,221,0.001541,0.018209,0.048833,0.123792,0.194042,3400.194042
poia_zt_authenticator,PoIA with ZT-Authenticator,80,222,0.002167,0.018583,0.052833,0.1655,0.241542,3400.241542
poia_zt_authenticator,PoIA with ZT-Authenticator,80,223,0.001833,0.021334,0.083125,0.121292,0.229417,3400.229417
poia_zt_authenticator,PoIA with ZT-Authenticator,80,224,0.002084,0.026708,4.068167,1.954166,6.054667,3406.054667
poia_zt_authenticator,PoIA with ZT-Authenticator,80,225,0.001416,0.018333,2.33725,0.132375,2.491875,3402.491875
poia_zt_authenticator,PoIA with ZT-Authenticator,80,226,0.001625,0.017625,1.451542,0.838708,2.311959,3402.311959
poia_zt_authenticator,PoIA with ZT-Authenticator,80,227,0.001667,0.018,1.268,0.128458,1.4185,3401.4185
poia_zt_authenticator,PoIA with ZT-Authenticator,80,228,0.001667,0.018583,0.893333,0.131167,1.047167,3401.047167
poia_zt_authenticator,PoIA with ZT-Authenticator,80,229,0.002083,0.023666,2.128625,0.124875,2.281459,3402.281459
poia_zt_authenticator,PoIA with ZT-Authenticator,80,230,0.001625,0.0175,3.125875,0.127,3.274375,3403.274375
poia_zt_authenticator,PoIA with ZT-Authenticator,80,231,0.001958,0.022291,4.448917,2.9495,7.425792,3407.425792
poia_zt_authenticator,PoIA with ZT-Authenticator,80,232,0.0015,0.018375,1.392,0.132458,1.546667,3401.546667
poia_zt_authenticator,PoIA with ZT-Authenticator,80,233,0.002084,0.022,0.056541,0.982417,1.0655,3401.0655
poia_zt_authenticator,PoIA with ZT-Authenticator,80,234,0.0015,0.01775,2.928625,0.132708,3.083,3403.083
poia_zt_authenticator,PoIA with ZT-Authenticator,80,235,0.002417,0.023292,4.535541,0.131209,4.69525,3404.69525
poia_zt_authenticator,PoIA with ZT-Authenticator,80,236,0.001666,0.017916,0.05475,0.119125,0.195208,3400.195208
poia_zt_authenticator,PoIA with ZT-Authenticator,80,237,0.001709,0.017667,1.887583,0.132333,2.041625,3402.041625
poia_zt_authenticator,PoIA with ZT-Authenticator,80,238,0.001667,0.017625,0.054583,0.119083,0.194791,3400.194791
poia_zt_authenticator,PoIA with ZT-Authenticator,80,239,0.002583,0.023917,2.470792,2.046375,4.547417,3404.547417
poia_zt_authenticator,PoIA with ZT-Authenticator,80,240,0.001667,0.018625,2.364208,4.994333,7.382,3407.382
poia_zt_authenticator,PoIA with ZT-Authenticator,80,241,0.002209,0.02475,2.439375,0.140708,2.6095,3402.6095
poia_zt_authenticator,PoIA with ZT-Authenticator,80,242,0.002,0.021458,4.15175,2.504958,6.683125,3406.683125
poia_zt_authenticator,PoIA with ZT-Authenticator,80,243,0.00275,0.023917,2.257875,1.998292,4.286292,3404.286292
poia_zt_authenticator,PoIA with ZT-Authenticator,80,244,0.001959,0.0215,1.694708,3.326208,5.047458,3405.047458
poia_zt_authenticator,PoIA with ZT-Authenticator,80,245,0.002208,0.026833,3.2225,0.142334,3.396625,3403.396625
poia_zt_authenticator,PoIA with ZT-Authenticator,80,246,0.003334,0.021417,3.148292,1.712416,4.888541,3404.888541
poia_zt_authenticator,PoIA with ZT-Authenticator,80,247,0.001833,0.030292,5.28775,0.133125,5.455708,3405.455708
poia_zt_authenticator,PoIA with ZT-Authenticator,80,248,0.001958,0.019416,0.071959,0.123042,0.218292,3400.218292
poia_zt_authenticator,PoIA with ZT-Authenticator,80,249,0.001708,0.01775,2.894334,0.131167,3.047375,3403.047375
poia_zt_authenticator,PoIA with ZT-Authenticator,80,250,0.001833,0.018208,2.173458,0.134708,2.330792,3402.330792
poia_zt_authenticator,PoIA with ZT-Authenticator,80,251,0.001708,0.017625,1.589375,0.131417,1.742583,3401.742583
poia_zt_authenticator,PoIA with ZT-Authenticator,80,252,0.00175,0.020292,1.25675,0.132708,1.413959,3401.413959
poia_zt_authenticator,PoIA with ZT-Authenticator,80,253,0.001375,0.017625,6.80375,0.1275,6.952542,3406.952542
poia_zt_authenticator,PoIA with ZT-Authenticator,80,254,0.001583,0.018875,4.952333,0.131583,5.106875,3405.106875
poia_zt_authenticator,PoIA with ZT-Authenticator,80,255,0.002083,0.019375,2.501,2.802125,5.327709,3405.327709
poia_zt_authenticator,PoIA with ZT-Authenticator,80,256,0.00175,0.017917,4.661417,0.130833,4.814375,3404.814375
poia_zt_authenticator,PoIA with ZT-Authenticator,80,257,0.00175,0.01775,4.863916,0.130875,5.016667,3405.016667
poia_zt_authenticator,PoIA with ZT-Authenticator,80,258,0.00175,0.01825,1.901208,0.130584,2.054208,3402.054208
poia_zt_authenticator,PoIA with ZT-Authenticator,80,259,0.001708,0.017792,8.8375,0.131667,8.991042,3408.991042
poia_zt_authenticator,PoIA with ZT-Authenticator,80,260,0.001666,0.017458,1.482125,0.143,1.64675,3401.64675
poia_zt_authenticator,PoIA with ZT-Authenticator,80,261,0.001792,0.018166,1.671042,0.131459,1.824792,3401.824792
poia_zt_authenticator,PoIA with ZT-Authenticator,80,262,0.001584,0.017542,1.682041,0.122167,1.825291,3401.825291
poia_zt_authenticator,PoIA with ZT-Authenticator,80,263,0.001625,0.018,1.012125,0.989666,2.024333,3402.024333
poia_zt_authenticator,PoIA with ZT-Authenticator,80,264,0.00225,0.0215,2.237542,7.0035,9.267875,3409.267875
poia_zt_authenticator,PoIA with ZT-Authenticator,80,265,0.001792,0.020875,1.953375,2.13875,4.117875,3404.117875
poia_zt_authenticator,PoIA with ZT-Authenticator,80,266,0.001833,0.021375,0.745458,0.1315,0.902625,3400.902625
poia_zt_authenticator,PoIA with ZT-Authenticator,80,267,0.002208,0.021667,7.196541,0.1405,7.363417,3407.363417
poia_zt_authenticator,PoIA with ZT-Authenticator,80,268,0.001917,0.021125,2.158834,0.134958,2.319375,3402.319375
poia_zt_authenticator,PoIA with ZT-Authenticator,80,269,0.002,0.031667,1.320791,1.495917,2.8535,3402.8535
poia_zt_authenticator,PoIA with ZT-Authenticator,80,270,0.001583,0.018458,1.20725,0.132958,1.362667,3401.362667
poia_zt_authenticator,PoIA with ZT-Authenticator,80,271,0.001709,0.018083,7.396417,0.143375,7.562084,3407.562084
poia_zt_authenticator,PoIA with ZT-Authenticator,80,272,0.001833,0.018125,2.410208,0.134,2.566583,3402.566583
poia_zt_authenticator,PoIA with ZT-Authenticator,80,273,0.001708,0.017583,1.749417,0.136875,1.908042,3401.908042
poia_zt_authenticator,PoIA with ZT-Authenticator,80,274,0.001791,0.02875,2.35825,0.133333,2.52475,3402.52475
poia_zt_authenticator,PoIA with ZT-Authenticator,80,275,0.001625,0.017792,4.044458,2.26175,6.328666,3406.328666
poia_zt_authenticator,PoIA with ZT-Authenticator,80,276,0.001666,0.017666,1.955916,0.130584,2.10825,3402.10825
poia_zt_authenticator,PoIA with ZT-Authenticator,80,277,0.002041,0.019459,2.316209,8.373709,10.714584,3410.714584
poia_zt_authenticator,PoIA with ZT-Authenticator,80,278,0.001666,0.018083,2.59025,0.133333,2.745834,3402.745834
poia_zt_authenticator,PoIA with ZT-Authenticator,80,279,0.001833,0.018792,3.006334,0.142291,3.171792,3403.171792
poia_zt_authenticator,PoIA with ZT-Authenticator,80,280,0.001834,0.017875,5.135708,0.129084,5.286958,3405.286958
poia_zt_authenticator,PoIA with ZT-Authenticator,80,281,0.001625,0.017583,0.995958,0.131583,1.149167,3401.149167
poia_zt_authenticator,PoIA with ZT-Authenticator,80,282,0.001667,0.018042,2.324458,0.148166,2.494458,3402.494458
poia_zt_authenticator,PoIA with ZT-Authenticator,80,283,0.001959,0.018375,2.268542,2.448,4.739958,3404.739958
poia_zt_authenticator,PoIA with ZT-Authenticator,80,284,0.001625,0.017833,1.81625,0.131125,1.969333,3401.969333
poia_zt_authenticator,PoIA with ZT-Authenticator,80,285,0.001792,0.018334,4.555,0.134,4.711625,3404.711625
poia_zt_authenticator,PoIA with ZT-Authenticator,80,286,0.001625,0.017792,1.299625,0.133792,1.455209,3401.455209
poia_zt_authenticator,PoIA with ZT-Authenticator,80,287,0.001709,0.017791,2.705,0.134959,2.862,3402.862
poia_zt_authenticator,PoIA with ZT-Authenticator,80,288,0.00175,0.017916,5.358375,0.137125,5.51775,3405.51775
poia_zt_authenticator,PoIA with ZT-Authenticator,80,289,0.00175,0.018625,0.052084,1.709917,1.784792,3401.784792
poia_zt_authenticator,PoIA with ZT-Authenticator,80,290,0.001666,0.017792,1.062833,0.131958,1.21675,3401.21675
poia_zt_authenticator,PoIA with ZT-Authenticator,80,291,0.001584,0.018083,1.220083,1.312125,2.554875,3402.554875
poia_zt_authenticator,PoIA with ZT-Authenticator,80,292,0.001709,0.017791,0.726875,0.992959,1.742375,3401.742375
poia_zt_authenticator,PoIA with ZT-Authenticator,80,293,0.00225,0.026125,1.403833,0.131542,1.566625,3401.566625
poia_zt_authenticator,PoIA with ZT-Authenticator,80,294,0.002,0.021583,10.149125,0.13575,10.311208,3410.311208
poia_zt_authenticator,PoIA with ZT-Authenticator,80,295,0.00175,0.018458,1.36825,0.127625,1.518542,3401.518542
poia_zt_authenticator,PoIA with ZT-Authenticator,80,296,0.001792,0.017667,3.842083,0.133875,3.997917,3403.997917
poia_zt_authenticator,PoIA with ZT-Authenticator,80,297,0.00175,0.018,2.392208,2.878375,5.293333,3405.293333
poia_zt_authenticator,PoIA with ZT-Authenticator,80,298,0.002459,0.027291,0.843667,0.129583,1.006125,3401.006125
poia_zt_authenticator,PoIA with ZT-Authenticator,80,299,0.002875,0.0445,2.837834,2.555084,5.444167,3405.444167
poia_zt_authenticator,PoIA with ZT-Authenticator,80,300,0.00175,0.030792,8.136333,2.7605,10.932292,3410.932292
poia_zt_authenticator,PoIA with ZT-Authenticator,80,301,0.001625,0.017666,1.11675,0.863875,2.002834,3402.002834
poia_zt_authenticator,PoIA with ZT-Authenticator,80,302,0.001916,0.021708,1.503584,3.511792,5.043375,3405.043375
poia_zt_authenticator,PoIA with ZT-Authenticator,80,303,0.0015,0.018,4.908708,0.138209,5.068709,3405.068709
poia_zt_authenticator,PoIA with ZT-Authenticator,80,304,0.002,0.02175,3.139709,0.137708,3.303458,3403.303458
poia_zt_authenticator,PoIA with ZT-Authenticator,80,305,0.001709,0.017958,6.760625,0.130958,6.913708,3406.913708
poia_zt_authenticator,PoIA with ZT-Authenticator,80,306,0.001792,0.017875,5.310459,0.133333,5.466041,3405.466041
poia_zt_authenticator,PoIA with ZT-Authenticator,80,307,0.001834,0.021292,1.288375,0.128917,1.442791,3401.442791
poia_zt_authenticator,PoIA with ZT-Authenticator,80,308,0.001583,0.018333,0.051208,0.119,0.192125,3400.192125
poia_zt_authenticator,PoIA with ZT-Authenticator,80,309,0.002084,0.022209,1.373666,0.119458,1.519292,3401.519292
poia_zt_authenticator,PoIA with ZT-Authenticator,80,310,0.002,0.022,2.576667,0.148,2.751333,3402.751333
poia_zt_authenticator,PoIA with ZT-Authenticator,80,311,0.001875,0.018709,2.97125,0.131208,3.125583,3403.125583
poia_zt_authenticator,PoIA with ZT-Authenticator,80,312,0.002083,0.0315,2.127959,0.132,2.296125,3402.296125
poia_zt_authenticator,PoIA with ZT-Authenticator,80,313,0.001584,0.01775,2.763667,0.132625,2.917959,3402.917959
poia_zt_authenticator,PoIA with ZT-Authenticator,80,314,0.001792,0.018042,0.051666,0.12,0.193333,3400.193333
poia_zt_authenticator,PoIA with ZT-Authenticator,80,315,0.002042,0.022334,4.311875,2.247833,6.585917,3406.585917
poia_zt_authenticator,PoIA with ZT-Authenticator,80,316,0.00175,0.018042,2.281,2.427,4.730834,3404.730834
poia_zt_authenticator,PoIA with ZT-Authenticator,80,317,0.002042,0.026,1.021167,0.131209,1.183292,3401.183292
poia_zt_authenticator,PoIA with ZT-Authenticator,80,318,0.001625,0.017459,1.439958,0.128167,1.589458,3401.589458
poia_zt_authenticator,PoIA with ZT-Authenticator,80,319,0.001791,0.018083,1.465041,1.62075,3.108625,3403.108625
poia_zt_authenticator,PoIA with ZT-Authenticator,80,320,0.002542,0.028792,4.906625,0.189667,5.13075,3405.13075
poia_zt_authenticator,PoIA with ZT-Authenticator,80,321,0.001625,0.017584,1.363791,0.143542,1.529,3401.529
poia_zt_authenticator,PoIA with ZT-Authenticator,80,322,0.002167,0.022,0.927917,0.126792,1.081291,3401.081291
poia_zt_authenticator,PoIA with ZT-Authenticator,80,323,0.001875,0.01775,4.257916,0.131625,4.411667,3404.411667
poia_zt_authenticator,PoIA with ZT-Authenticator,80,324,0.001959,0.021583,9.672791,0.139667,9.83825,3409.83825
poia_zt_authenticator,PoIA with ZT-Authenticator,80,325,0.002542,0.022292,0.721792,0.632417,1.382625,3401.382625
poia_zt_authenticator,PoIA with ZT-Authenticator,80,326,0.002,0.021625,4.539208,0.133,4.698291,3404.698291
poia_zt_authenticator,PoIA with ZT-Authenticator,80,327,0.0015,0.017792,1.043375,1.642875,2.708458,3402.708458
poia_zt_authenticator,PoIA with ZT-Authenticator,80,328,0.001917,0.01825,2.953126,0.129291,3.105084,3403.105084
poia_zt_authenticator,PoIA with ZT-Authenticator,80,329,0.001667,0.017958,4.9985,0.130042,5.150542,3405.150542
poia_zt_authenticator,PoIA with ZT-Authenticator,80,330,0.001667,0.017833,1.489,0.131375,1.642333,3401.642333
poia_zt_authenticator,PoIA with ZT-Authenticator,80,331,0.001584,0.017875,3.104042,0.132208,3.258083,3403.258083
poia_zt_authenticator,PoIA with ZT-Authenticator,80,332,0.001625,0.017708,1.012167,0.846583,1.881,3401.881
poia_zt_authenticator,PoIA with ZT-Authenticator,80,333,0.001334,0.017625,1.897416,0.133833,2.0525,3402.0525
poia_zt_authenticator,PoIA with ZT-Authenticator,80,334,0.002083,0.026792,0.722334,0.131708,0.885959,3400.885959
poia_zt_authenticator,PoIA with ZT-Authenticator,80,335,0.002208,0.021042,2.215125,0.132542,2.373583,3402.373583
poia_zt_authenticator,PoIA with ZT-Authenticator,80,336,0.001792,0.017959,4.544542,0.133208,4.700084,3404.700084
poia_zt_authenticator,PoIA with ZT-Authenticator,80,337,0.001625,0.017875,1.833584,0.142625,1.998208,3401.998208
poia_zt_authenticator,PoIA with ZT-Authenticator,80,338,0.002083,0.018458,1.330209,2.610708,3.9645,3403.9645
poia_zt_authenticator,PoIA with ZT-Authenticator,80,339,0.002166,0.021458,8.079334,0.128625,8.234,3408.234
poia_zt_authenticator,PoIA with ZT-Authenticator,80,340,0.001958,0.021292,1.37975,0.133458,1.538833,3401.538833
poia_zt_authenticator,PoIA with ZT-Authenticator,80,341,0.001959,0.021792,4.404,0.114959,4.544583,3404.544583
poia_zt_authenticator,PoIA with ZT-Authenticator,80,342,0.001792,0.017917,1.373708,0.130875,1.526583,3401.526583
poia_zt_authenticator,PoIA with ZT-Authenticator,80,343,0.001959,0.018041,0.687667,0.143042,0.853166,3400.853166
poia_zt_authenticator,PoIA with ZT-Authenticator,80,344,0.001417,0.017708,4.28825,2.368125,6.677958,3406.677958
poia_zt_authenticator,PoIA with ZT-Authenticator,80,345,0.001666,0.017833,3.548708,0.130958,3.7015,3403.7015
poia_zt_authenticator,PoIA with ZT-Authenticator,80,346,0.001834,0.020084,4.562375,0.136458,4.723375,3404.723375
poia_zt_authenticator,PoIA with ZT-Authenticator,80,347,0.001708,0.017875,0.835042,0.132083,0.989209,3400.989209
poia_zt_authenticator,PoIA with ZT-Authenticator,80,348,0.001625,0.017667,1.546417,0.13125,1.699375,3401.699375
poia_zt_authenticator,PoIA with ZT-Authenticator,80,349,0.002,0.017833,1.950708,0.1335,2.106541,3402.106541
poia_zt_authenticator,PoIA with ZT-Authenticator,80,350,0.001708,0.01825,1.404875,1.331708,2.768958,3402.768958
poia_zt_authenticator,PoIA with ZT-Authenticator,80,351,0.002042,0.022417,2.542208,5.091667,7.661417,3407.661417
poia_zt_authenticator,PoIA with ZT-Authenticator,80,352,0.001667,0.018083,1.656959,0.133,1.812166,3401.812166
poia_zt_authenticator,PoIA with ZT-Authenticator,80,353,0.00175,0.018125,1.979208,2.454959,4.456458,3404.456458
poia_zt_authenticator,PoIA with ZT-Authenticator,80,354,0.001667,0.018,1.675875,0.130833,1.828584,3401.828584
poia_zt_authenticator,PoIA with ZT-Authenticator,80,355,0.001666,0.017916,1.455292,0.959834,2.437625,3402.437625
poia_zt_authenticator,PoIA with ZT-Authenticator,80,356,0.001917,0.021375,1.308584,0.1365,1.470958,3401.470958
poia_zt_authenticator,PoIA with ZT-Authenticator,80,357,0.00175,0.018458,2.305792,2.365833,4.694333,3404.694333
poia_zt_authenticator,PoIA with ZT-Authenticator,80,358,0.001667,0.018125,1.738416,0.134417,1.895042,3401.895042
poia_zt_authenticator,PoIA with ZT-Authenticator,80,359,0.001833,0.017834,6.474791,0.122375,6.618834,3406.618834
poia_zt_authenticator,PoIA with ZT-Authenticator,80,360,0.001625,0.017667,1.533,6.788792,8.344,3408.344
poia_zt_authenticator,PoIA with ZT-Authenticator,80,361,0.001667,0.017542,1.527125,0.134125,1.682791,3401.682791
poia_zt_authenticator,PoIA with ZT-Authenticator,80,362,0.001792,0.018042,3.048542,0.128917,3.200042,3403.200042
poia_zt_authenticator,PoIA with ZT-Authenticator,80,363,0.002125,0.018708,0.055125,0.612333,0.691083,3400.691083
poia_zt_authenticator,PoIA with ZT-Authenticator,80,364,0.002625,0.029666,4.194208,2.041583,6.271417,3406.271417
poia_zt_authenticator,PoIA with ZT-Authenticator,80,365,0.001709,0.018208,4.86175,0.131542,5.015583,3405.015583
poia_zt_authenticator,PoIA with ZT-Authenticator,80,366,0.001834,0.018166,4.416375,2.942375,7.381666,3407.381666
poia_zt_authenticator,PoIA with ZT-Authenticator,80,367,0.001583,0.017708,2.151458,0.134792,2.30725,3402.30725
poia_zt_authenticator,PoIA with ZT-Authenticator,80,368,0.002083,0.021417,1.592291,1.600958,3.21975,3403.21975
poia_zt_authenticator,PoIA with ZT-Authenticator,80,369,0.001292,0.017792,5.385666,0.1375,5.544708,3405.544708
poia_zt_authenticator,PoIA with ZT-Authenticator,80,370,0.001875,0.018667,1.640583,0.129916,1.793375,3401.793375
poia_zt_authenticator,PoIA with ZT-Authenticator,80,371,0.001667,0.018167,10.034375,0.131916,10.1885,3410.1885
poia_zt_authenticator,PoIA with ZT-Authenticator,80,372,0.0025,0.027833,0.071791,0.121,0.225542,3400.225542
poia_zt_authenticator,PoIA with ZT-Authenticator,80,373,0.002,0.021417,1.437667,0.120334,1.583208,3401.583208
poia_zt_authenticator,PoIA with ZT-Authenticator,80,374,0.001125,0.017459,1.704041,0.347708,2.072709,3402.072709
poia_zt_authenticator,PoIA with ZT-Authenticator,80,375,0.002042,0.01825,2.245042,0.13225,2.400041,3402.400041
poia_zt_authenticator,PoIA with ZT-Authenticator,80,376,0.00175,0.020458,1.339167,0.127583,1.491417,3401.491417
poia_zt_authenticator,PoIA with ZT-Authenticator,80,377,0.002,0.02175,2.347583,2.130292,4.504458,3404.504458
poia_zt_authenticator,PoIA with ZT-Authenticator,80,378,0.001708,0.017417,0.050083,1.540541,1.612,3401.612
poia_zt_authenticator,PoIA with ZT-Authenticator,80,379,0.002084,0.021666,8.959375,0.142,9.127583,3409.127583
poia_zt_authenticator,PoIA with ZT-Authenticator,80,380,0.001584,0.017333,4.419959,0.131541,4.572791,3404.572791
poia_zt_authenticator,PoIA with ZT-Authenticator,80,381,0.001958,0.018083,1.381125,0.132084,1.535708,3401.535708
poia_zt_authenticator,PoIA with ZT-Authenticator,80,382,0.001958,0.036958,2.455542,0.1325,2.629417,3402.629417
poia_zt_authenticator,PoIA with ZT-Authenticator,80,383,0.001625,0.018291,2.346792,0.142583,2.512,3402.512
poia_zt_authenticator,PoIA with ZT-Authenticator,80,384,0.001917,0.017875,1.370833,0.130459,1.523542,3401.523542
poia_zt_authenticator,PoIA with ZT-Authenticator,80,385,0.001917,0.018125,2.472458,0.133833,2.628834,3402.628834
poia_zt_authenticator,PoIA with ZT-Authenticator,80,386,0.001834,0.018083,2.022083,0.141917,2.186458,3402.186458
poia_zt_authenticator,PoIA with ZT-Authenticator,80,387,0.001584,0.017708,1.127208,0.127292,1.276125,3401.276125
poia_zt_authenticator,PoIA with ZT-Authenticator,80,388,0.0015,0.018333,1.491709,0.132458,1.646375,3401.646375
poia_zt_authenticator,PoIA with ZT-Authenticator,80,389,0.001833,0.018708,2.152916,2.401042,4.576292,3404.576292
poia_zt_authenticator,PoIA with ZT-Authenticator,80,390,0.001208,0.0175,1.903375,0.131791,2.056208,3402.056208
poia_zt_authenticator,PoIA with ZT-Authenticator,80,391,0.001667,0.017917,3.07,0.131292,3.223291,3403.223291
poia_zt_authenticator,PoIA with ZT-Authenticator,80,392,0.002042,0.019084,2.871375,0.128833,3.023875,3403.023875
poia_zt_authenticator,PoIA with ZT-Authenticator,80,393,0.002,0.018208,4.843042,0.133625,4.999375,3404.999375
poia_zt_authenticator,PoIA with ZT-Authenticator,80,394,0.001875,0.018833,2.650667,0.132083,2.806,3402.806
poia_zt_authenticator,PoIA with ZT-Authenticator,80,395,0.00225,0.027375,2.105375,0.126709,2.264333,3402.264333
poia_zt_authenticator,PoIA with ZT-Authenticator,80,396,0.002333,0.026458,1.865334,0.891542,2.789209,3402.789209
poia_zt_authenticator,PoIA with ZT-Authenticator,80,397,0.001833,0.018292,3.048167,0.132333,3.203125,3403.203125
poia_zt_authenticator,PoIA with ZT-Authenticator,80,398,0.011541,0.018833,0.702209,0.131208,0.866333,3400.866333
poia_zt_authenticator,PoIA with ZT-Authenticator,80,399,0.001833,0.01775,2.937625,0.133041,3.092833,3403.092833
poia_zt_authenticator,PoIA with ZT-Authenticator,80,400,0.001584,0.018667,2.856375,0.135333,3.014333,3403.014333
poia_zt_authenticator,PoIA with ZT-Authenticator,80,401,0.001875,0.018875,3.206375,0.131958,3.361417,3403.361417
poia_zt_authenticator,PoIA with ZT-Authenticator,80,402,0.001917,0.022791,0.775084,2.5545,3.357416,3403.357416
poia_zt_authenticator,PoIA with ZT-Authenticator,80,403,0.002083,0.021417,1.810917,0.131792,1.968625,3401.968625
poia_zt_authenticator,PoIA with ZT-Authenticator,80,404,0.001667,0.01775,3.93675,0.127833,4.086417,3404.086417
poia_zt_authenticator,PoIA with ZT-Authenticator,80,405,0.001833,0.018167,2.759292,0.131666,2.913417,3402.913417
poia_zt_authenticator,PoIA with ZT-Authenticator,80,406,0.001875,0.022125,0.755666,0.131541,0.913541,3400.913541
poia_zt_authenticator,PoIA with ZT-Authenticator,80,407,0.002084,0.025125,3.129041,0.13225,3.291,3403.291
poia_zt_authenticator,PoIA with ZT-Authenticator,80,408,0.001542,0.018458,0.069291,4.196666,4.2885,3404.2885
poia_zt_authenticator,PoIA with ZT-Authenticator,80,409,0.001708,0.017875,0.784083,0.127166,0.93325,3400.93325
poia_zt_authenticator,PoIA with ZT-Authenticator,80,410,0.001792,0.018041,1.607166,0.131042,1.760459,3401.760459
poia_zt_authenticator,PoIA with ZT-Authenticator,80,411,0.002791,0.023083,1.287875,0.121208,1.437542,3401.437542
poia_zt_authenticator,PoIA with ZT-Authenticator,80,412,0.00125,0.017625,0.97,0.133541,1.124791,3401.124791
poia_zt_authenticator,PoIA with ZT-Authenticator,80,413,0.001458,0.017917,2.266916,2.486125,4.775375,3404.775375
poia_zt_authenticator,PoIA with ZT-Authenticator,80,414,0.001834,0.021208,2.371167,2.099833,4.497041,3404.497041
poia_zt_authenticator,PoIA with ZT-Authenticator,80,415,0.001667,0.028667,6.821542,0.134458,6.988875,3406.988875
poia_zt_authenticator,PoIA with ZT-Authenticator,80,416,0.001542,0.017875,2.758083,1.110416,3.89075,3403.89075
poia_zt_authenticator,PoIA with ZT-Authenticator,80,417,0.002042,0.022541,1.69975,0.150625,1.877541,3401.877541
poia_zt_authenticator,PoIA with ZT-Authenticator,80,418,0.001375,0.017584,0.172291,0.119084,0.312041,3400.312041
poia_zt_authenticator,PoIA with ZT-Authenticator,80,419,0.001625,0.017875,3.570417,9.964125,13.557042,3413.557042
poia_zt_authenticator,PoIA with ZT-Authenticator,80,420,0.001625,0.017458,1.824,0.119917,1.964583,3401.964583
poia_zt_authenticator,PoIA with ZT-Authenticator,80,421,0.002125,0.023291,1.496709,0.128292,1.652959,3401.652959
poia_zt_authenticator,PoIA with ZT-Authenticator,80,422,0.002042,0.018375,2.414708,2.960459,5.398666,3405.398666
poia_zt_authenticator,PoIA with ZT-Authenticator,80,423,0.001875,0.021584,1.725083,0.133375,1.884375,3401.884375
poia_zt_authenticator,PoIA with ZT-Authenticator,80,424,0.002875,0.018083,2.332583,0.132958,2.488958,3402.488958
poia_zt_authenticator,PoIA with ZT-Authenticator,80,425,0.001875,0.018208,1.915875,0.128958,2.0675,3402.0675
poia_zt_authenticator,PoIA with ZT-Authenticator,80,426,0.002625,0.027958,2.186333,1.430125,3.650875,3403.650875
poia_zt_authenticator,PoIA with ZT-Authenticator,80,427,0.001958,0.021875,1.317334,0.144958,1.488625,3401.488625
poia_zt_authenticator,PoIA with ZT-Authenticator,80,428,0.001417,0.018167,0.803375,0.966041,1.791958,3401.791958
poia_zt_authenticator,PoIA with ZT-Authenticator,80,429,0.001542,0.017958,1.829417,0.126709,1.978,3401.978
poia_zt_authenticator,PoIA with ZT-Authenticator,80,430,0.001666,0.017291,0.977834,1.727125,2.726791,3402.726791
poia_zt_authenticator,PoIA with ZT-Authenticator,80,431,0.002,0.018083,7.475833,5.182125,12.680541,3412.680541
poia_zt_authenticator,PoIA with ZT-Authenticator,80,432,0.001792,0.02225,0.748125,0.77075,1.545834,3401.545834
poia_zt_authenticator,PoIA with ZT-Authenticator,80,433,0.002792,0.024291,2.554625,2.697208,5.282583,3405.282583
poia_zt_authenticator,PoIA with ZT-Authenticator,80,434,0.002,0.022083,1.075958,0.129,1.2315,3401.2315
poia_zt_authenticator,PoIA with ZT-Authenticator,80,435,0.001875,0.02175,2.62175,0.133541,2.781292,3402.781292
poia_zt_authenticator,PoIA with ZT-Authenticator,80,436,0.001583,0.018042,0.588167,0.131625,0.741834,3400.741834
poia_zt_authenticator,PoIA with ZT-Authenticator,80,437,0.001958,0.018334,12.680167,0.144292,12.847125,3412.847125
poia_zt_authenticator,PoIA with ZT-Authenticator,80,438,0.0015,0.032208,5.722083,0.130625,5.888875,3405.888875
poia_zt_authenticator,PoIA with ZT-Authenticator,80,439,0.002042,0.022417,0.745041,0.132,0.904041,3400.904041
poia_zt_authenticator,PoIA with ZT-Authenticator,80,440,0.001625,0.018292,2.434375,1.967625,4.424958,3404.424958
poia_zt_authenticator,PoIA with ZT-Authenticator,80,441,0.001667,0.018,2.760291,0.131625,2.914,3402.914
poia_zt_authenticator,PoIA with ZT-Authenticator,80,442,0.001958,0.019,0.052375,0.12275,0.197792,3400.197792
poia_zt_authenticator,PoIA with ZT-Authenticator,80,443,0.002416,0.028542,1.673041,0.131833,1.838667,3401.838667
poia_zt_authenticator,PoIA with ZT-Authenticator,80,444,0.001583,0.017833,8.901334,0.115917,9.038417,3409.038417
poia_zt_authenticator,PoIA with ZT-Authenticator,80,445,0.001458,0.018083,0.059917,0.1175,0.198958,3400.198958
poia_zt_authenticator,PoIA with ZT-Authenticator,80,446,0.002,0.021042,1.977333,0.132417,2.135333,3402.135333
poia_zt_authenticator,PoIA with ZT-Authenticator,80,447,0.001583,0.01775,1.438125,1.606916,3.06725,3403.06725
poia_zt_authenticator,PoIA with ZT-Authenticator,80,448,0.001875,0.018375,2.84625,0.135958,3.004875,3403.004875
poia_zt_authenticator,PoIA with ZT-Authenticator,80,449,0.001792,0.018541,2.005709,2.393708,4.42275,3404.42275
poia_zt_authenticator,PoIA with ZT-Authenticator,80,450,0.001792,0.018042,0.052375,0.119583,0.193542,3400.193542
poia_zt_authenticator,PoIA with ZT-Authenticator,80,451,0.002417,0.025416,2.574792,0.134292,2.739458,3402.739458
poia_zt_authenticator,PoIA with ZT-Authenticator,80,452,0.001542,0.017708,0.050334,0.114,0.185208,3400.185208
poia_zt_authenticator,PoIA with ZT-Authenticator,80,453,0.002125,0.022166,1.482459,0.121,1.629542,3401.629542
poia_zt_authenticator,PoIA with ZT-Authenticator,80,454,0.001875,0.018458,1.809667,0.132,1.9645,3401.9645
poia_zt_authenticator,PoIA with ZT-Authenticator,80,455,0.003083,0.029292,1.533708,0.13625,1.705625,3401.705625
poia_zt_authenticator,PoIA with ZT-Authenticator,80,456,0.001583,0.017708,1.105084,0.131458,1.25825,3401.25825
poia_zt_authenticator,PoIA with ZT-Authenticator,80,457,0.002,0.021792,1.364875,1.532042,2.923708,3402.923708
poia_zt_authenticator,PoIA with ZT-Authenticator,80,458,0.001625,0.017916,0.733375,0.128542,0.883833,3400.883833
poia_zt_authenticator,PoIA with ZT-Authenticator,80,459,0.001916,0.021458,3.165083,0.133375,3.324375,3403.324375
poia_zt_authenticator,PoIA with ZT-Authenticator,80,460,0.001834,0.021833,0.62375,0.132041,0.781791,3400.781791
poia_zt_authenticator,PoIA with ZT-Authenticator,80,461,0.00175,0.017625,1.244458,0.132417,1.39875,3401.39875
poia_zt_authenticator,PoIA with ZT-Authenticator,80,462,0.001542,0.017583,3.390417,0.121459,3.532792,3403.532792
poia_zt_authenticator,PoIA with ZT-Authenticator,80,463,0.002125,0.021708,2.537625,0.1435,2.707708,3402.707708
poia_zt_authenticator,PoIA with ZT-Authenticator,80,464,0.001583,0.017583,2.234458,0.143958,2.400167,3402.400167
poia_zt_authenticator,PoIA with ZT-Authenticator,80,465,0.001875,0.021417,6.150167,0.121166,6.296375,3406.296375
poia_zt_authenticator,PoIA with ZT-Authenticator,80,466,0.001834,0.017666,2.012041,0.131375,2.16525,3402.16525
poia_zt_authenticator,PoIA with ZT-Authenticator,80,467,0.002375,0.024834,2.241625,0.150125,2.4215,3402.4215
poia_zt_authenticator,PoIA with ZT-Authenticator,80,468,0.002041,0.022459,0.456125,0.129459,0.612375,3400.612375
poia_zt_authenticator,PoIA with ZT-Authenticator,80,469,0.001875,0.01775,1.904584,3.002958,4.93025,3404.93025
poia_zt_authenticator,PoIA with ZT-Authenticator,80,470,0.001875,0.018459,2.545042,0.136625,2.7045,3402.7045
poia_zt_authenticator,PoIA with ZT-Authenticator,80,471,0.001666,0.018917,0.759625,0.139166,0.922,3400.922
poia_zt_authenticator,PoIA with ZT-Authenticator,80,472,0.001417,0.017625,2.216333,0.133792,2.371416,3402.371416
poia_zt_authenticator,PoIA with ZT-Authenticator,80,473,0.001917,0.021583,7.098625,0.135292,7.259958,3407.259958
poia_zt_authenticator,PoIA with ZT-Authenticator,80,474,0.001583,0.017625,1.750542,1.545083,3.317666,3403.317666
poia_zt_authenticator,PoIA with ZT-Authenticator,80,475,0.001625,0.017875,0.622708,0.349417,0.994166,3400.994166
poia_zt_authenticator,PoIA with ZT-Authenticator,80,476,0.00175,0.017791,2.215333,0.131584,2.368958,3402.368958
poia_zt_authenticator,PoIA with ZT-Authenticator,80,477,0.001667,0.0175,8.316542,0.132625,8.47075,3408.47075
poia_zt_authenticator,PoIA with ZT-Authenticator,80,478,0.001792,0.017625,0.059917,0.120209,0.201375,3400.201375
poia_zt_authenticator,PoIA with ZT-Authenticator,80,479,0.001625,0.017375,0.050583,0.119167,0.190542,3400.190542
poia_zt_authenticator,PoIA with ZT-Authenticator,80,480,0.00175,0.017542,1.671292,1.697791,3.391375,3403.391375
poia_zt_authenticator,PoIA with ZT-Authenticator,80,481,0.00175,0.018542,2.538916,0.132667,2.694375,3402.694375
poia_zt_authenticator,PoIA with ZT-Authenticator,80,482,0.001625,0.017667,0.969291,0.130959,1.122,3401.122
poia_zt_authenticator,PoIA with ZT-Authenticator,80,483,0.001667,0.017834,1.524916,0.142917,1.689875,3401.689875
poia_zt_authenticator,PoIA with ZT-Authenticator,80,484,0.001583,0.017584,1.6055,0.13375,1.760708,3401.760708
poia_zt_authenticator,PoIA with ZT-Authenticator,80,485,0.001583,0.017833,0.725292,0.132291,0.879458,3400.879458
poia_zt_authenticator,PoIA with ZT-Authenticator,80,486,0.001708,0.017709,2.532125,0.131959,2.685875,3402.685875
poia_zt_authenticator,PoIA with ZT-Authenticator,80,487,0.001583,0.017792,1.372791,1.471834,2.866958,3402.866958
poia_zt_authenticator,PoIA with ZT-Authenticator,80,488,0.001666,0.0175,1.799459,0.132166,1.952875,3401.952875
poia_zt_authenticator,PoIA with ZT-Authenticator,80,489,0.002708,0.028667,1.199375,0.135958,1.36975,3401.36975
poia_zt_authenticator,PoIA with ZT-Authenticator,80,490,0.001958,0.019,4.792875,0.130083,4.946333,3404.946333
poia_zt_authenticator,PoIA with ZT-Authenticator,80,491,0.001708,0.017542,0.05625,0.130833,0.208375,3400.208375
poia_zt_authenticator,PoIA with ZT-Authenticator,80,492,0.00175,0.018084,0.344208,1.468667,1.835125,3401.835125
poia_zt_authenticator,PoIA with ZT-Authenticator,80,493,0.001583,0.018,1.710833,0.131375,1.86425,3401.86425
poia_zt_authenticator,PoIA with ZT-Authenticator,80,494,0.003417,0.022125,3.821292,0.132792,3.982208,3403.982208
poia_zt_authenticator,PoIA with ZT-Authenticator,80,495,0.001583,0.017375,1.294041,0.783,2.098959,3402.098959
poia_zt_authenticator,PoIA with ZT-Authenticator,80,496,0.002167,0.026,1.589292,0.154375,1.774833,3401.774833
poia_zt_authenticator,PoIA with ZT-Authenticator,80,497,0.001709,0.017709,2.535875,2.208583,4.766875,3404.766875
poia_zt_authenticator,PoIA with ZT-Authenticator,80,498,0.002542,0.022416,1.561459,0.130875,1.72025,3401.72025
poia_zt_authenticator,PoIA with ZT-Authenticator,80,499,0.001625,0.017375,0.795084,0.128125,0.944625,3400.944625
poia_zt_authenticator,PoIA with ZT-Authenticator,80,500,0.001958,0.022084,2.514583,0.135417,2.676583,3402.676583
poia_zt_authenticator,PoIA with ZT-Authenticator,80,501,0.00225,0.022083,1.253417,0.132,1.41225,3401.41225
poia_zt_authenticator,PoIA with ZT-Authenticator,80,502,0.002041,0.024334,1.046791,0.132958,1.208709,3401.208709
poia_zt_authenticator,PoIA with ZT-Authenticator,80,503,0.002,0.021375,2.293334,0.133958,2.45325,3402.45325
poia_zt_authenticator,PoIA with ZT-Authenticator,80,504,0.001792,0.017875,4.995709,0.13075,5.148583,3405.148583
poia_zt_authenticator,PoIA with ZT-Authenticator,80,505,0.001791,0.018291,4.6515,0.116667,4.789833,3404.789833
poia_zt_authenticator,PoIA with ZT-Authenticator,80,506,0.002125,0.022542,1.238958,0.134792,1.401125,3401.401125
poia_zt_authenticator,PoIA with ZT-Authenticator,80,507,0.001667,0.01775,1.56075,3.074625,4.657792,3404.657792
poia_zt_authenticator,PoIA with ZT-Authenticator,80,508,0.001792,0.018083,3.393791,0.120291,3.535833,3403.535833
poia_zt_authenticator,PoIA with ZT-Authenticator,80,509,0.001792,0.018333,6.014209,0.134208,6.170916,3406.170916
poia_zt_authenticator,PoIA with ZT-Authenticator,80,510,0.001958,0.033125,4.774208,2.259917,7.072292,3407.072292
poia_zt_authenticator,PoIA with ZT-Authenticator,80,511,0.001667,0.017958,1.401875,0.131709,1.555625,3401.555625
poia_zt_authenticator,PoIA with ZT-Authenticator,80,512,0.0015,0.017584,1.541333,0.128167,1.690875,3401.690875
poia_zt_authenticator,PoIA with ZT-Authenticator,80,513,0.001875,0.018,2.166916,0.133458,2.322834,3402.322834
poia_zt_authenticator,PoIA with ZT-Authenticator,80,514,0.001708,0.018084,1.257708,0.131417,1.411375,3401.411375
poia_zt_authenticator,PoIA with ZT-Authenticator,80,515,0.001208,0.0185,1.38525,0.134125,1.5415,3401.5415
poia_zt_authenticator,PoIA with ZT-Authenticator,80,516,0.002084,0.022375,7.043041,6.398834,13.469791,3413.469791
poia_zt_authenticator,PoIA with ZT-Authenticator,80,517,0.002833,0.027167,0.06975,0.117125,0.219209,3400.219209
poia_zt_authenticator,PoIA with ZT-Authenticator,80,518,0.001542,0.017625,4.361542,0.142417,4.525584,3404.525584
poia_zt_authenticator,PoIA with ZT-Authenticator,80,519,0.001709,0.018125,4.874458,0.133,5.029708,3405.029708
poia_zt_authenticator,PoIA with ZT-Authenticator,80,520,0.001959,0.022125,1.688834,0.130625,1.846,3401.846
poia_zt_authenticator,PoIA with ZT-Authenticator,80,521,0.001542,0.017416,3.06675,0.132791,3.220958,3403.220958
poia_zt_authenticator,PoIA with ZT-Authenticator,80,522,0.002583,0.023375,2.536209,0.139959,2.705458,3402.705458
poia_zt_authenticator,PoIA with ZT-Authenticator,80,523,0.001625,0.018125,2.458291,0.135292,2.615875,3402.615875
poia_zt_authenticator,PoIA with ZT-Authenticator,80,524,0.002291,0.021458,3.98325,0.13375,4.143208,3404.143208
poia_zt_authenticator,PoIA with ZT-Authenticator,80,525,0.001667,0.017542,1.545709,0.131708,1.698959,3401.698959
poia_zt_authenticator,PoIA with ZT-Authenticator,80,526,0.001875,0.021708,4.8165,0.135583,4.978125,3404.978125
poia_zt_authenticator,PoIA with ZT-Authenticator,80,527,0.00175,0.018,0.701334,0.131083,0.854333,3400.854333
poia_zt_authenticator,PoIA with ZT-Authenticator,80,528,0.001958,0.018167,0.551167,0.127916,0.7015,3400.7015
poia_zt_authenticator,PoIA with ZT-Authenticator,80,529,0.001708,0.017792,4.533,2.437792,6.993292,3406.993292
poia_zt_authenticator,PoIA with ZT-Authenticator,80,530,0.001708,0.017834,1.59825,0.127584,1.74775,3401.74775
poia_zt_authenticator,PoIA with ZT-Authenticator,80,531,0.001875,0.021084,1.520792,0.131041,1.677334,3401.677334
poia_zt_authenticator,PoIA with ZT-Authenticator,80,532,0.001916,0.022042,2.480333,0.13175,2.6385,3402.6385
poia_zt_authenticator,PoIA with ZT-Authenticator,80,533,0.002458,0.026916,1.884166,3.606417,5.5235,3405.5235
poia_zt_authenticator,PoIA with ZT-Authenticator,80,534,0.002417,0.022292,6.760875,0.129667,6.918292,3406.918292
poia_zt_authenticator,PoIA with ZT-Authenticator,80,535,0.001709,0.018125,2.584875,1.339084,3.949083,3403.949083
poia_zt_authenticator,PoIA with ZT-Authenticator,80,536,0.002583,0.028959,0.593167,0.134334,0.762458,3400.762458
poia_zt_authenticator,PoIA with ZT-Authenticator,80,537,0.002917,0.030875,7.921667,0.134375,8.093042,3408.093042
poia_zt_authenticator,PoIA with ZT-Authenticator,80,538,0.00175,0.018,0.051041,0.118208,0.19075,3400.19075
poia_zt_authenticator,PoIA with ZT-Authenticator,80,539,0.001583,0.017375,0.791167,1.259167,2.072333,3402.072333
poia_zt_authenticator,PoIA with ZT-Authenticator,80,540,0.001583,0.017834,1.338417,0.132083,1.492292,3401.492292
poia_zt_authenticator,PoIA with ZT-Authenticator,80,541,0.001542,0.018,1.6735,0.135292,1.83075,3401.83075
poia_zt_authenticator,PoIA with ZT-Authenticator,80,542,0.001917,0.018167,1.414917,0.700792,2.138875,3402.138875
poia_zt_authenticator,PoIA with ZT-Authenticator,80,543,0.002583,0.022541,1.535166,0.126709,1.689834,3401.689834
poia_zt_authenticator,PoIA with ZT-Authenticator,80,544,0.001542,0.017625,1.633208,0.128042,1.782667,3401.782667
poia_zt_authenticator,PoIA with ZT-Authenticator,80,545,0.001958,0.022042,2.470875,0.133625,2.631125,3402.631125
poia_zt_authenticator,PoIA with ZT-Authenticator,80,546,0.001833,0.017917,1.917042,0.130834,2.069959,3402.069959
poia_zt_authenticator,PoIA with ZT-Authenticator,80,547,0.001666,0.017792,1.430792,1.793,3.246208,3403.246208
poia_zt_authenticator,PoIA with ZT-Authenticator,80,548,0.001667,0.017958,5.201625,2.281791,7.506167,3407.506167
poia_zt_authenticator,PoIA with ZT-Authenticator,80,549,0.001333,0.017791,1.534666,0.322917,1.878667,3401.878667
poia_zt_authenticator,PoIA with ZT-Authenticator,80,550,0.001916,0.021375,0.652333,0.74575,1.424375,3401.424375
poia_zt_authenticator,PoIA with ZT-Authenticator,80,551,0.002709,0.023666,1.59,0.821625,2.441583,3402.441583
poia_zt_authenticator,PoIA with ZT-Authenticator,80,552,0.001333,0.017917,2.953708,0.12875,3.104042,3403.104042
poia_zt_authenticator,PoIA with ZT-Authenticator,80,553,0.001875,0.017667,2.802667,0.135375,2.959917,3402.959917
poia_zt_authenticator,PoIA with ZT-Authenticator,80,554,0.002125,0.0215,2.275,2.222875,4.524125,3404.524125
poia_zt_authenticator,PoIA with ZT-Authenticator,80,555,0.001958,0.021,6.958583,2.373542,9.357709,3409.357709
poia_zt_authenticator,PoIA with ZT-Authenticator,80,556,0.001708,0.018166,3.320542,0.127625,3.470334,3403.470334
poia_zt_authenticator,PoIA with ZT-Authenticator,80,557,0.001666,0.017958,1.682834,0.127792,1.832667,3401.832667
poia_zt_authenticator,PoIA with ZT-Authenticator,80,558,0.001833,0.018083,3.243375,19.746041,23.01225,3423.01225
poia_zt_authenticator,PoIA with ZT-Authenticator,80,559,0.001667,0.018167,1.860542,0.133083,2.01575,3402.01575
poia_zt_authenticator,PoIA with ZT-Authenticator,80,560,0.002,0.02225,0.058042,0.120208,0.204417,3400.204417
poia_zt_authenticator,PoIA with ZT-Authenticator,80,561,0.003333,0.029792,2.552125,2.569458,5.158167,3405.158167
poia_zt_authenticator,PoIA with ZT-Authenticator,80,562,0.001333,0.018083,10.110042,0.117125,10.248208,3410.248208
poia_zt_authenticator,PoIA with ZT-Authenticator,80,563,0.001667,0.017875,1.541959,0.131792,1.69575,3401.69575
poia_zt_authenticator,PoIA with ZT-Authenticator,80,564,0.001625,0.017625,1.818084,3.951834,5.79225,3405.79225
poia_zt_authenticator,PoIA with ZT-Authenticator,80,565,0.001709,0.018042,1.85225,5.102959,6.977792,3406.977792
poia_zt_authenticator,PoIA with ZT-Authenticator,80,566,0.001917,0.018042,1.563708,0.1315,1.717584,3401.717584
poia_zt_authenticator,PoIA with ZT-Authenticator,80,567,0.001583,0.018167,0.051167,0.118583,0.191334,3400.191334
poia_zt_authenticator,PoIA with ZT-Authenticator,80,568,0.001417,0.018708,2.313458,0.1325,2.4685,3402.4685
poia_zt_authenticator,PoIA with ZT-Authenticator,80,569,0.001625,0.017709,3.9355,0.131584,4.088875,3404.088875
poia_zt_authenticator,PoIA with ZT-Authenticator,80,570,0.001792,0.01825,6.737125,0.150917,6.910667,3406.910667
poia_zt_authenticator,PoIA with ZT-Authenticator,80,571,0.00275,0.020334,0.059583,0.12325,0.207958,3400.207958
poia_zt_authenticator,PoIA with ZT-Authenticator,80,572,0.001917,0.021792,1.43325,0.131334,1.590625,3401.590625
poia_zt_authenticator,PoIA with ZT-Authenticator,80,573,0.001959,0.022084,2.313292,0.127584,2.467458,3402.467458
poia_zt_authenticator,PoIA with ZT-Authenticator,80,574,0.001625,0.018209,5.269666,0.143209,5.435291,3405.435291
poia_zt_authenticator,PoIA with ZT-Authenticator,80,575,0.001875,0.018583,0.749875,2.127375,2.900625,3402.900625
poia_zt_authenticator,PoIA with ZT-Authenticator,80,576,0.001625,0.017917,1.25625,0.142875,1.421125,3401.421125
poia_zt_authenticator,PoIA with ZT-Authenticator,80,577,0.001666,0.017666,1.7045,0.130792,1.857042,3401.857042
poia_zt_authenticator,PoIA with ZT-Authenticator,80,578,0.00175,0.017792,3.205084,0.137,3.364083,3403.364083
poia_zt_authenticator,PoIA with ZT-Authenticator,80,579,0.00175,0.018083,2.891375,0.131875,3.045417,3403.045417
poia_zt_authenticator,PoIA with ZT-Authenticator,80,580,0.001416,0.017625,4.930625,2.20375,7.155875,3407.155875
poia_zt_authenticator,PoIA with ZT-Authenticator,80,581,0.002125,0.021834,1.3535,0.127834,1.507708,3401.507708
poia_zt_authenticator,PoIA with ZT-Authenticator,80,582,0.001917,0.021708,1.862,0.131167,2.019208,3402.019208
poia_zt_authenticator,PoIA with ZT-Authenticator,80,583,0.001542,0.017792,3.050917,0.130917,3.2035,3403.2035
poia_zt_authenticator,PoIA with ZT-Authenticator,80,584,0.001875,0.021792,0.668167,1.349375,2.04425,3402.04425
poia_zt_authenticator,PoIA with ZT-Authenticator,80,585,0.001667,0.017917,2.219417,0.133125,2.3745,3402.3745
poia_zt_authenticator,PoIA with ZT-Authenticator,80,586,0.001791,0.017625,1.315167,2.961458,4.299208,3404.299208
poia_zt_authenticator,PoIA with ZT-Authenticator,80,587,0.001791,0.018042,3.044375,0.135916,3.202667,3403.202667
poia_zt_authenticator,PoIA with ZT-Authenticator,80,588,0.001833,0.018083,6.918958,2.385041,9.327125,3409.327125
poia_zt_authenticator,PoIA with ZT-Authenticator,80,589,0.002458,0.0275,0.068167,0.130292,0.230709,3400.230709
poia_zt_authenticator,PoIA with ZT-Authenticator,80,590,0.001625,0.018041,1.940209,0.733292,2.695375,3402.695375
poia_zt_authenticator,PoIA with ZT-Authenticator,80,591,0.002166,0.022875,4.855458,0.131042,5.014125,3405.014125
poia_zt_authenticator,PoIA with ZT-Authenticator,80,592,0.001334,0.018,2.867459,5.14775,8.0375,3408.0375
poia_zt_authenticator,PoIA with ZT-Authenticator,80,593,0.002,0.019917,2.556833,0.132333,2.7135,3402.7135
poia_zt_authenticator,PoIA with ZT-Authenticator,80,594,0.002792,0.023375,2.424791,0.134917,2.589083,3402.589083
poia_zt_authenticator,PoIA with ZT-Authenticator,80,595,0.001709,0.01775,4.311167,4.048416,8.381583,3408.381583
poia_zt_authenticator,PoIA with ZT-Authenticator,80,596,0.001666,0.017958,1.944917,0.135083,2.102125,3402.102125
poia_zt_authenticator,PoIA with ZT-Authenticator,80,597,0.001708,0.018,1.589708,0.131667,1.7435,3401.7435
poia_zt_authenticator,PoIA with ZT-Authenticator,80,598,0.001667,0.017708,1.281959,0.144542,1.448333,3401.448333
poia_zt_authenticator,PoIA with ZT-Authenticator,80,599,0.001583,0.017917,1.842125,0.132,1.995917,3401.995917
poia_zt_authenticator,PoIA with ZT-Authenticator,80,600,0.00225,0.026208,2.248791,0.133291,2.413417,3402.413417
poia_zt_authenticator,PoIA with ZT-Authenticator,80,601,0.001834,0.018292,0.373541,0.132,0.528208,3400.528208
poia_zt_authenticator,PoIA with ZT-Authenticator,80,602,0.001583,0.017667,3.254667,1.639917,4.916708,3404.916708
poia_zt_authenticator,PoIA with ZT-Authenticator,80,603,0.002416,0.022459,1.076667,0.144875,1.249542,3401.249542
poia_zt_authenticator,PoIA with ZT-Authenticator,80,604,0.00175,0.017709,1.286042,0.13175,1.439792,3401.439792
poia_zt_authenticator,PoIA with ZT-Authenticator,80,605,0.001417,0.018125,0.311,3.229042,3.562,3403.562
poia_zt_authenticator,PoIA with ZT-Authenticator,80,606,0.001709,0.017708,1.629334,0.991583,2.642459,3402.642459
poia_zt_authenticator,PoIA with ZT-Authenticator,80,607,0.001916,0.018292,1.707375,0.131667,1.861708,3401.861708
poia_zt_authenticator,PoIA with ZT-Authenticator,80,608,0.001916,0.021667,5.22825,0.132417,5.386667,3405.386667
poia_zt_authenticator,PoIA with ZT-Authenticator,80,609,0.001708,0.017916,2.221791,0.145209,2.389042,3402.389042
poia_zt_authenticator,PoIA with ZT-Authenticator,80,610,0.002292,0.025792,1.138,0.136292,1.305209,3401.305209
poia_zt_authenticator,PoIA with ZT-Authenticator,80,611,0.002,0.022916,2.3225,0.137084,2.487041,3402.487041
poia_zt_authenticator,PoIA with ZT-Authenticator,80,612,0.001708,0.017792,0.051333,0.12225,0.194917,3400.194917
poia_zt_authenticator,PoIA with ZT-Authenticator,80,613,0.001667,0.017958,3.715417,0.133,3.869792,3403.869792
poia_zt_authenticator,PoIA with ZT-Authenticator,80,614,0.00175,0.017875,0.7855,0.131084,0.938666,3400.938666
poia_zt_authenticator,PoIA with ZT-Authenticator,80,615,0.00175,0.018,1.586959,0.133667,1.74275,3401.74275
poia_zt_authenticator,PoIA with ZT-Authenticator,80,616,0.001542,0.017875,1.680625,0.131292,1.833959,3401.833959
poia_zt_authenticator,PoIA with ZT-Authenticator,80,617,0.001917,0.017958,5.084959,0.137958,5.245375,3405.245375
poia_zt_authenticator,PoIA with ZT-Authenticator,80,618,0.001625,0.0175,2.754209,0.131416,2.907083,3402.907083
poia_zt_authenticator,PoIA with ZT-Authenticator,80,619,0.002458,0.023084,1.843083,0.1315,2.003208,3402.003208
poia_zt_authenticator,PoIA with ZT-Authenticator,80,620,0.001667,0.017791,1.2415,0.184292,1.448334,3401.448334
poia_zt_authenticator,PoIA with ZT-Authenticator,80,621,0.001833,0.021792,0.733792,0.133417,0.893292,3400.893292
poia_zt_authenticator,PoIA with ZT-Authenticator,80,622,0.002042,0.022208,4.87075,0.133125,5.03075,3405.03075
poia_zt_authenticator,PoIA with ZT-Authenticator,80,623,0.001791,0.018,4.095958,0.132917,4.251167,3404.251167
poia_zt_authenticator,PoIA with ZT-Authenticator,80,624,0.001875,0.018334,2.295583,3.89175,6.210416,3406.210416
poia_zt_authenticator,PoIA with ZT-Authenticator,80,625,0.001667,0.017708,1.406458,0.132167,1.560458,3401.560458
poia_zt_authenticator,PoIA with ZT-Authenticator,80,626,0.001583,0.017583,0.049834,3.0375,3.108875,3403.108875
poia_zt_authenticator,PoIA with ZT-Authenticator,80,627,0.001708,0.018167,1.032375,0.132291,1.186833,3401.186833
poia_zt_authenticator,PoIA with ZT-Authenticator,80,628,0.00175,0.0185,2.563167,2.549291,5.135166,3405.135166
poia_zt_authenticator,PoIA with ZT-Authenticator,80,629,0.00175,0.018,1.565208,0.131708,1.719166,3401.719166
poia_zt_authenticator,PoIA with ZT-Authenticator,80,630,0.002375,0.026458,1.516083,0.131625,1.679625,3401.679625
poia_zt_authenticator,PoIA with ZT-Authenticator,80,631,0.001708,0.018291,5.364042,0.134209,5.520708,3405.520708
poia_zt_authenticator,PoIA with ZT-Authenticator,80,632,0.00275,0.070042,1.098667,0.133459,1.307958,3401.307958
poia_zt_authenticator,PoIA with ZT-Authenticator,80,633,0.001875,0.021541,1.666833,1.654625,3.347916,3403.347916
poia_zt_authenticator,PoIA with ZT-Authenticator,80,634,0.001625,0.018,0.915375,0.126917,1.064375,3401.064375
poia_zt_authenticator,PoIA with ZT-Authenticator,80,635,0.001916,0.022458,3.608917,0.132125,3.768042,3403.768042
poia_zt_authenticator,PoIA with ZT-Authenticator,80,636,0.001667,0.018666,7.693625,0.136042,7.852667,3407.852667
poia_zt_authenticator,PoIA with ZT-Authenticator,80,637,0.001209,0.017458,1.716542,0.131333,1.868833,3401.868833
poia_zt_authenticator,PoIA with ZT-Authenticator,80,638,0.002042,0.021291,1.462834,0.131375,1.620042,3401.620042
poia_zt_authenticator,PoIA with ZT-Authenticator,80,639,0.001875,0.021167,4.560083,0.137333,4.723333,3404.723333
poia_zt_authenticator,PoIA with ZT-Authenticator,80,640,0.00175,0.029583,1.204458,0.116458,1.354,3401.354
poia_zt_authenticator,PoIA with ZT-Authenticator,80,641,0.001667,0.017708,0.776709,0.128167,0.926708,3400.926708
poia_zt_authenticator,PoIA with ZT-Authenticator,80,642,0.001792,0.041,2.126875,0.135458,2.307625,3402.307625
poia_zt_authenticator,PoIA with ZT-Authenticator,80,643,0.001958,0.019167,0.048625,0.128792,0.200625,3400.200625
poia_zt_authenticator,PoIA with ZT-Authenticator,80,644,0.002041,0.022,5.946167,0.131375,6.104125,3406.104125
poia_zt_authenticator,PoIA with ZT-Authenticator,80,645,0.002042,0.021791,1.270709,2.610375,3.907958,3403.907958
poia_zt_authenticator,PoIA with ZT-Authenticator,80,646,0.001708,0.017542,2.882375,0.12225,3.025625,3403.025625
poia_zt_authenticator,PoIA with ZT-Authenticator,80,647,0.001917,0.023375,2.200667,0.134084,2.362709,3402.362709
poia_zt_authenticator,PoIA with ZT-Authenticator,80,648,0.00175,0.019,1.432375,0.131209,1.586791,3401.586791
poia_zt_authenticator,PoIA with ZT-Authenticator,80,649,0.00225,0.027,0.774708,0.760375,1.567792,3401.567792
poia_zt_authenticator,PoIA with ZT-Authenticator,80,650,0.001833,0.021292,2.229792,0.150916,2.40675,3402.40675
poia_zt_authenticator,PoIA with ZT-Authenticator,80,651,0.001792,0.021917,1.052,0.133291,1.211458,3401.211458
poia_zt_authenticator,PoIA with ZT-Authenticator,80,652,0.001709,0.017917,1.248625,0.132334,1.403041,3401.403041
poia_zt_authenticator,PoIA with ZT-Authenticator,80,653,0.002125,0.022125,7.991459,5.465875,13.484167,3413.484167
poia_zt_authenticator,PoIA with ZT-Authenticator,80,654,0.001708,0.018084,1.323417,0.133833,1.479584,3401.479584
poia_zt_authenticator,PoIA with ZT-Authenticator,80,655,0.002125,0.0215,1.939791,2.484,4.4505,3404.4505
poia_zt_authenticator,PoIA with ZT-Authenticator,80,656,0.001709,0.017625,2.217709,0.145916,2.385458,3402.385458
poia_zt_authenticator,PoIA with ZT-Authenticator,80,657,0.002625,0.02725,0.346959,0.190459,0.570833,3400.570833
poia_zt_authenticator,PoIA with ZT-Authenticator,80,658,0.002042,0.02275,1.818666,0.863125,2.709708,3402.709708
poia_zt_authenticator,PoIA with ZT-Authenticator,80,659,0.001791,0.018084,1.989958,0.128541,2.140708,3402.140708
poia_zt_authenticator,PoIA with ZT-Authenticator,80,660,0.001875,0.021417,1.592333,0.133916,1.751958,3401.751958
poia_zt_authenticator,PoIA with ZT-Authenticator,80,661,0.001625,0.018417,2.004333,1.523208,3.550459,3403.550459
poia_zt_authenticator,PoIA with ZT-Authenticator,80,662,0.002208,0.023125,13.284834,0.145958,13.458625,3413.458625
poia_zt_authenticator,PoIA with ZT-Authenticator,80,663,0.001709,0.017791,1.380333,0.131209,1.533417,3401.533417
poia_zt_authenticator,PoIA with ZT-Authenticator,80,664,0.001667,0.018417,0.729875,0.128,0.880416,3400.880416
poia_zt_authenticator,PoIA with ZT-Authenticator,80,665,0.00175,0.017958,2.411,0.129333,2.562459,3402.562459
poia_zt_authenticator,PoIA with ZT-Authenticator,80,666,0.001958,0.021167,1.09125,0.130208,1.247,3401.247
poia_zt_authenticator,PoIA with ZT-Authenticator,80,667,0.001791,0.017958,1.544209,0.132792,1.69925,3401.69925
poia_zt_authenticator,PoIA with ZT-Authenticator,80,668,0.001709,0.017917,1.402666,0.131166,1.555833,3401.555833
poia_zt_authenticator,PoIA with ZT-Authenticator,80,669,0.001833,0.021417,1.805208,0.131,1.961959,3401.961959
poia_zt_authenticator,PoIA with ZT-Authenticator,80,670,0.001667,0.017916,4.612917,0.793625,5.428125,3405.428125
poia_zt_authenticator,PoIA with ZT-Authenticator,80,671,0.001959,0.01975,2.1195,0.140375,2.284125,3402.284125
poia_zt_authenticator,PoIA with ZT-Authenticator,80,672,0.0025,0.022541,1.52175,4.638833,6.189125,3406.189125
poia_zt_authenticator,PoIA with ZT-Authenticator,80,673,0.001917,0.021666,0.681583,0.137917,0.845541,3400.845541
poia_zt_authenticator,PoIA with ZT-Authenticator,80,674,0.001792,0.018,2.601458,0.137666,2.76125,3402.76125
poia_zt_authenticator,PoIA with ZT-Authenticator,80,675,0.002083,0.022625,2.433583,1.460959,3.922292,3403.922292
poia_zt_authenticator,PoIA with ZT-Authenticator,80,676,0.001708,0.017708,3.41975,0.131375,3.572875,3403.572875
poia_zt_authenticator,PoIA with ZT-Authenticator,80,677,0.001417,0.018459,1.025875,0.131666,1.179833,3401.179833
poia_zt_authenticator,PoIA with ZT-Authenticator,80,678,0.001583,0.017459,2.847083,6.453667,9.322292,3409.322292
poia_zt_authenticator,PoIA with ZT-Authenticator,80,679,0.001583,0.01775,1.649625,0.127875,1.799166,3401.799166
poia_zt_authenticator,PoIA with ZT-Authenticator,80,680,0.001667,0.017875,2.015292,0.131875,2.169084,3402.169084
poia_zt_authenticator,PoIA with ZT-Authenticator,80,681,0.002459,0.030042,5.498125,2.5095,8.043667,3408.043667
poia_zt_authenticator,PoIA with ZT-Authenticator,80,682,0.001542,0.018708,1.031041,0.131375,1.185041,3401.185041
poia_zt_authenticator,PoIA with ZT-Authenticator,80,683,0.002,0.021666,5.296084,0.152208,5.4745,3405.4745
poia_zt_authenticator,PoIA with ZT-Authenticator,80,684,0.001542,0.01825,0.958416,0.134959,1.115625,3401.115625
poia_zt_authenticator,PoIA with ZT-Authenticator,80,685,0.002542,0.030958,2.567333,0.148667,2.75225,3402.75225
poia_zt_authenticator,PoIA with ZT-Authenticator,80,686,0.001584,0.017958,3.046583,3.969042,7.037625,3407.037625
poia_zt_authenticator,PoIA with ZT-Authenticator,80,687,0.001833,0.01775,4.487042,0.134834,4.643834,3404.643834
poia_zt_authenticator,PoIA with ZT-Authenticator,80,688,0.002042,0.02225,0.795208,0.133291,0.955417,3400.955417
poia_zt_authenticator,PoIA with ZT-Authenticator,80,689,0.001875,0.01825,4.959417,0.142625,5.124709,3405.124709
poia_zt_authenticator,PoIA with ZT-Authenticator,80,690,0.001708,0.018,0.701458,0.131,0.854542,3400.854542
poia_zt_authenticator,PoIA with ZT-Authenticator,80,691,0.001584,0.018208,2.295542,0.142417,2.460208,3402.460208
poia_zt_authenticator,PoIA with ZT-Authenticator,80,692,0.001833,0.018291,8.158084,4.754417,12.935167,3412.935167
poia_zt_authenticator,PoIA with ZT-Authenticator,80,693,0.00175,0.017875,0.748834,0.131083,0.902,3400.902
poia_zt_authenticator,PoIA with ZT-Authenticator,80,694,0.001584,0.017708,0.050916,4.303041,4.375541,3404.375541
poia_zt_authenticator,PoIA with ZT-Authenticator,80,695,0.002042,0.021875,0.739625,0.131542,0.897459,3400.897459
poia_zt_authenticator,PoIA with ZT-Authenticator,80,696,0.001792,0.01775,1.252917,0.131541,1.406417,3401.406417
poia_zt_authenticator,PoIA with ZT-Authenticator,80,697,0.001584,0.01825,6.447375,0.134375,6.604125,3406.604125
poia_zt_authenticator,PoIA with ZT-Authenticator,80,698,0.002125,0.021416,0.929417,1.063333,2.019583,3402.019583
poia_zt_authenticator,PoIA with ZT-Authenticator,80,699,0.001959,0.021291,2.891167,0.131625,3.048459,3403.048459
poia_zt_authenticator,PoIA with ZT-Authenticator,80,700,0.004167,0.020083,2.335042,2.169167,4.531125,3404.531125
poia_zt_authenticator,PoIA with ZT-Authenticator,80,701,0.002208,0.022834,2.111,0.144167,2.283292,3402.283292
poia_zt_authenticator,PoIA with ZT-Authenticator,80,702,0.001208,0.0185,3.024083,0.133291,3.179416,3403.179416
poia_zt_authenticator,PoIA with ZT-Authenticator,80,703,0.001708,0.018,0.677,0.143792,0.843,3400.843
poia_zt_authenticator,PoIA with ZT-Authenticator,80,704,0.001833,0.017875,2.848625,0.139667,3.010417,3403.010417
poia_zt_authenticator,PoIA with ZT-Authenticator,80,705,0.001584,0.017958,2.760209,0.621333,3.403042,3403.403042
poia_zt_authenticator,PoIA with ZT-Authenticator,80,706,0.002542,0.02025,7.526375,0.131542,7.683333,3407.683333
poia_zt_authenticator,PoIA with ZT-Authenticator,80,707,0.001583,0.018166,4.609209,4.501459,9.132958,3409.132958
poia_zt_authenticator,PoIA with ZT-Authenticator,80,708,0.002292,0.021959,2.417583,2.357458,4.802375,3404.802375
poia_zt_authenticator,PoIA with ZT-Authenticator,80,709,0.001584,0.01775,1.287583,1.529,2.838833,3402.838833
poia_zt_authenticator,PoIA with ZT-Authenticator,80,710,0.001334,0.018042,1.473334,0.648208,2.143708,3402.143708
poia_zt_authenticator,PoIA with ZT-Authenticator,80,711,0.001291,0.018167,3.392167,0.144833,3.558791,3403.558791
poia_zt_authenticator,PoIA with ZT-Authenticator,80,712,0.001709,0.018,0.050917,1.618625,1.691583,3401.691583
poia_zt_authenticator,PoIA with ZT-Authenticator,80,713,0.001542,0.01725,4.954791,1.057292,6.033875,3406.033875
poia_zt_authenticator,PoIA with ZT-Authenticator,80,714,0.001833,0.017958,3.93825,0.144833,4.105417,3404.105417
poia_zt_authenticator,PoIA with ZT-Authenticator,80,715,0.001875,0.03375,3.82475,0.134,3.997,3403.997
poia_zt_authenticator,PoIA with ZT-Authenticator,80,716,0.002416,0.026791,1.602041,0.135167,1.769375,3401.769375
poia_zt_authenticator,PoIA with ZT-Authenticator,80,717,0.00225,0.022666,2.559875,4.583792,7.171291,3407.171291
poia_zt_authenticator,PoIA with ZT-Authenticator,80,718,0.002167,0.030792,2.115958,0.138084,2.289834,3402.289834
poia_zt_authenticator,PoIA with ZT-Authenticator,80,719,0.001791,0.021125,2.426166,4.016125,6.468167,3406.468167
poia_zt_authenticator,PoIA with ZT-Authenticator,80,720,0.002,0.021416,0.056042,0.129667,0.211,3400.211
poia_zt_authenticator,PoIA with ZT-Authenticator,80,721,0.001584,0.017667,0.753333,1.643667,2.419166,3402.419166
poia_zt_authenticator,PoIA with ZT-Authenticator,80,722,0.001791,0.018125,1.4605,0.132417,1.615292,3401.615292
poia_zt_authenticator,PoIA with ZT-Authenticator,80,723,0.002666,0.026458,0.852625,0.966125,1.851459,3401.851459
poia_zt_authenticator,PoIA with ZT-Authenticator,80,724,0.001833,0.02125,1.522458,0.144833,1.692709,3401.692709
poia_zt_authenticator,PoIA with ZT-Authenticator,80,725,0.002583,0.022375,0.953459,0.145833,1.127375,3401.127375
poia_zt_authenticator,PoIA with ZT-Authenticator,80,726,0.001916,0.02175,1.795084,0.135083,1.956292,3401.956292
poia_zt_authenticator,PoIA with ZT-Authenticator,80,727,0.001583,0.017708,1.37425,0.1275,1.5235,3401.5235
poia_zt_authenticator,PoIA with ZT-Authenticator,80,728,0.001416,0.018667,1.574375,0.131917,1.728875,3401.728875
poia_zt_authenticator,PoIA with ZT-Authenticator,80,729,0.002291,0.022709,2.044208,0.129375,2.201625,3402.201625
poia_zt_authenticator,PoIA with ZT-Authenticator,80,730,0.001791,0.017958,2.3135,2.344292,4.680625,3404.680625
poia_zt_authenticator,PoIA with ZT-Authenticator,80,731,0.001917,0.021792,2.154708,2.488625,4.670041,3404.670041
poia_zt_authenticator,PoIA with ZT-Authenticator,80,732,0.00175,0.018334,4.854583,0.134708,5.011917,3405.011917
poia_zt_authenticator,PoIA with ZT-Authenticator,80,733,0.002167,0.018167,0.72875,1.196083,1.94825,3401.94825
poia_zt_authenticator,PoIA with ZT-Authenticator,80,734,0.001667,0.018166,1.470959,0.127958,1.621209,3401.621209
poia_zt_authenticator,PoIA with ZT-Authenticator,80,735,0.002375,0.022833,0.701292,0.669834,1.399917,3401.399917
poia_zt_authenticator,PoIA with ZT-Authenticator,80,736,0.001875,0.021708,1.124125,0.142583,1.292833,3401.292833
poia_zt_authenticator,PoIA with ZT-Authenticator,80,737,0.00175,0.017959,6.420542,0.136792,6.579583,3406.579583
poia_zt_authenticator,PoIA with ZT-Authenticator,80,738,0.001792,0.018333,2.648583,0.129583,2.800708,3402.800708
poia_zt_authenticator,PoIA with ZT-Authenticator,80,739,0.002125,0.024041,1.594125,3.47625,5.099834,3405.099834
poia_zt_authenticator,PoIA with ZT-Authenticator,80,740,0.001666,0.017834,1.545,0.142875,1.709875,3401.709875
poia_zt_authenticator,PoIA with ZT-Authenticator,80,741,0.001708,0.017625,1.404,0.130125,1.555959,3401.555959
poia_zt_authenticator,PoIA with ZT-Authenticator,80,742,0.001666,0.017834,0.689833,0.143333,0.855209,3400.855209
poia_zt_authenticator,PoIA with ZT-Authenticator,80,743,0.002166,0.021792,2.197875,0.131334,2.355625,3402.355625
poia_zt_authenticator,PoIA with ZT-Authenticator,80,744,0.001833,0.018167,2.200459,6.598458,8.821667,3408.821667
poia_zt_authenticator,PoIA with ZT-Authenticator,80,745,0.001292,0.017291,1.331541,4.417625,5.7705,3405.7705
poia_zt_authenticator,PoIA with ZT-Authenticator,80,746,0.001959,0.018625,7.520916,0.117958,7.661416,3407.661416
poia_zt_authenticator,PoIA with ZT-Authenticator,80,747,0.002584,0.022458,1.473417,0.139833,1.641375,3401.641375
poia_zt_authenticator,PoIA with ZT-Authenticator,80,748,0.002209,0.026709,0.209792,0.124541,0.365666,3400.365666
poia_zt_authenticator,PoIA with ZT-Authenticator,80,749,0.002208,0.024167,1.526959,0.131083,1.687041,3401.687041
poia_zt_authenticator,PoIA with ZT-Authenticator,80,750,0.001917,0.021667,0.726666,0.134833,0.887541,3400.887541
poia_zt_authenticator,PoIA with ZT-Authenticator,80,751,0.001584,0.01825,2.559417,0.145666,2.727416,3402.727416
poia_zt_authenticator,PoIA with ZT-Authenticator,80,752,0.001834,0.017875,5.098334,2.420167,7.541292,3407.541292
poia_zt_authenticator,PoIA with ZT-Authenticator,80,753,0.001792,0.018333,1.067334,1.228,2.318375,3402.318375
poia_zt_authenticator,PoIA with ZT-Authenticator,80,754,0.002167,0.022959,0.153041,1.59725,1.777959,3401.777959
poia_zt_authenticator,PoIA with ZT-Authenticator,80,755,0.001916,0.022458,1.534084,0.133917,1.694833,3401.694833
poia_zt_authenticator,PoIA with ZT-Authenticator,80,756,0.001708,0.018,7.656875,2.625125,10.30475,3410.30475
poia_zt_authenticator,PoIA with ZT-Authenticator,80,757,0.00175,0.018083,4.564791,0.131584,4.718666,3404.718666
poia_zt_authenticator,PoIA with ZT-Authenticator,80,758,0.002833,0.025333,0.999416,0.131584,1.162083,3401.162083
poia_zt_authenticator,PoIA with ZT-Authenticator,80,759,0.002333,0.027,5.944625,4.119833,10.097417,3410.097417
poia_zt_authenticator,PoIA with ZT-Authenticator,80,760,0.001583,0.017542,3.463417,0.82625,4.31175,3404.31175
poia_zt_authenticator,PoIA with ZT-Authenticator,80,761,0.002417,0.022875,0.584583,0.127708,0.740625,3400.740625
poia_zt_authenticator,PoIA with ZT-Authenticator,80,762,0.001666,0.017459,11.395542,0.137625,11.55525,3411.55525
poia_zt_authenticator,PoIA with ZT-Authenticator,80,763,0.001667,0.017625,2.786625,0.159542,2.968459,3402.968459
poia_zt_authenticator,PoIA with ZT-Authenticator,80,764,0.001792,0.021375,0.785208,0.133167,0.943958,3400.943958
poia_zt_authenticator,PoIA with ZT-Authenticator,80,765,0.001625,0.018583,4.619458,0.131958,4.774041,3404.774041
poia_zt_authenticator,PoIA with ZT-Authenticator,80,766,0.001708,0.018,3.435833,2.241833,5.700375,3405.700375
poia_zt_authenticator,PoIA with ZT-Authenticator,80,767,0.002,0.021209,0.056416,0.124791,0.206292,3400.206292
poia_zt_authenticator,PoIA with ZT-Authenticator,80,768,0.002334,0.024958,0.532583,0.131292,0.694292,3400.694292
poia_zt_authenticator,PoIA with ZT-Authenticator,80,769,0.001958,0.017875,1.05825,0.1325,1.213042,3401.213042
poia_zt_authenticator,PoIA with ZT-Authenticator,80,770,0.001584,0.018625,2.557875,2.612958,5.193542,3405.193542
poia_zt_authenticator,PoIA with ZT-Authenticator,80,771,0.00175,0.029833,1.740417,0.132667,1.90725,3401.90725
poia_zt_authenticator,PoIA with ZT-Authenticator,80,772,0.00275,0.024709,0.837083,0.133542,1.001166,3401.001166
poia_zt_authenticator,PoIA with ZT-Authenticator,80,773,0.001833,0.021542,1.570333,2.1145,3.710875,3403.710875
poia_zt_authenticator,PoIA with ZT-Authenticator,80,774,0.001625,0.018125,3.762959,0.130958,3.916166,3403.916166
poia_zt_authenticator,PoIA with ZT-Authenticator,80,775,0.002167,0.025333,1.7835,1.759167,3.573625,3403.573625
poia_zt_authenticator,PoIA with ZT-Authenticator,80,776,0.00175,0.017541,0.050834,0.118375,0.190292,3400.190292
poia_zt_authenticator,PoIA with ZT-Authenticator,80,777,0.001875,0.018084,4.062583,0.127416,4.212583,3404.212583
poia_zt_authenticator,PoIA with ZT-Authenticator,80,778,0.001791,0.018042,1.601542,0.143375,1.76725,3401.76725
poia_zt_authenticator,PoIA with ZT-Authenticator,80,779,0.001583,0.018167,1.69875,0.143333,1.864417,3401.864417
poia_zt_authenticator,PoIA with ZT-Authenticator,80,780,0.002041,0.021417,1.753,0.132125,1.911,3401.911
poia_zt_authenticator,PoIA with ZT-Authenticator,80,781,0.001666,0.018084,2.06825,0.130917,2.221333,3402.221333
poia_zt_authenticator,PoIA with ZT-Authenticator,80,782,0.002625,0.027958,3.056333,0.131333,3.221209,3403.221209
poia_zt_authenticator,PoIA with ZT-Authenticator,80,783,0.001583,0.01775,1.7085,0.131458,1.86175,3401.86175
poia_zt_authenticator,PoIA with ZT-Authenticator,80,784,0.002,0.021291,1.663208,1.783084,3.472625,3403.472625
poia_zt_authenticator,PoIA with ZT-Authenticator,80,785,0.001667,0.017666,1.318334,0.131833,1.471959,3401.471959
poia_zt_authenticator,PoIA with ZT-Authenticator,80,786,0.001709,0.017708,3.480459,0.116542,3.618042,3403.618042
poia_zt_authenticator,PoIA with ZT-Authenticator,80,787,0.00125,0.017542,1.598667,0.13225,1.752083,3401.752083
poia_zt_authenticator,PoIA with ZT-Authenticator,80,788,0.001666,0.017583,5.731084,0.13125,5.883958,3405.883958
poia_zt_authenticator,PoIA with ZT-Authenticator,80,789,0.002209,0.02625,1.058209,0.134042,1.223292,3401.223292
poia_zt_authenticator,PoIA with ZT-Authenticator,80,790,0.0025,0.027083,2.082834,0.135084,2.2505,3402.2505
poia_zt_authenticator,PoIA with ZT-Authenticator,80,791,0.001583,0.017833,12.430125,1.692083,14.144083,3414.144083
poia_zt_authenticator,PoIA with ZT-Authenticator,80,792,0.001875,0.021458,0.055917,1.497292,1.578958,3401.578958
poia_zt_authenticator,PoIA with ZT-Authenticator,80,793,0.001666,0.017959,1.683167,9.447708,11.153375,3411.153375
poia_zt_authenticator,PoIA with ZT-Authenticator,80,794,0.001875,0.018334,1.693458,0.131625,1.847791,3401.847791
poia_zt_authenticator,PoIA with ZT-Authenticator,80,795,0.001625,0.018375,1.346917,0.128292,1.497417,3401.497417
poia_zt_authenticator,PoIA with ZT-Authenticator,80,796,0.001834,0.021333,0.064917,0.120541,0.210416,3400.210416
poia_zt_authenticator,PoIA with ZT-Authenticator,80,797,0.001708,0.017625,8.71075,0.135333,8.867292,3408.867292
poia_zt_authenticator,PoIA with ZT-Authenticator,80,798,0.002208,0.022917,1.653792,0.128125,1.808917,3401.808917
poia_zt_authenticator,PoIA with ZT-Authenticator,80,799,0.001708,0.021584,1.897,0.13125,2.054,3402.054
poia_zt_authenticator,PoIA with ZT-Authenticator,80,800,0.002875,0.031125,1.526583,1.934791,3.498834,3403.498834
poia_zt_authenticator,PoIA with ZT-Authenticator,80,801,0.001791,0.018167,4.8965,0.134083,5.053125,3405.053125
poia_zt_authenticator,PoIA with ZT-Authenticator,80,802,0.001917,0.021875,4.199042,0.144333,4.369667,3404.369667
poia_zt_authenticator,PoIA with ZT-Authenticator,80,803,0.001791,0.01775,5.129291,3.1265,8.278333,3408.278333
poia_zt_authenticator,PoIA with ZT-Authenticator,80,804,0.001667,0.01775,2.05425,0.131458,2.2075,3402.2075
poia_zt_authenticator,PoIA with ZT-Authenticator,80,805,0.002042,0.022041,6.8485,3.605959,10.48025,3410.48025
poia_zt_authenticator,PoIA with ZT-Authenticator,80,806,0.002041,0.021459,1.623125,0.131291,1.780459,3401.780459
poia_zt_authenticator,PoIA with ZT-Authenticator,80,807,0.001292,0.017584,1.698291,0.130916,1.850375,3401.850375
poia_zt_authenticator,PoIA with ZT-Authenticator,80,808,0.00175,0.017834,1.137,0.147625,1.306708,3401.306708
poia_zt_authenticator,PoIA with ZT-Authenticator,80,809,0.002042,0.018667,1.68475,0.127916,1.835875,3401.835875
poia_zt_authenticator,PoIA with ZT-Authenticator,80,810,0.001708,0.017959,2.043875,0.130917,2.196917,3402.196917
poia_zt_authenticator,PoIA with ZT-Authenticator,80,811,0.001917,0.021416,1.937833,0.144584,2.108209,3402.108209
poia_zt_authenticator,PoIA with ZT-Authenticator,80,812,0.001667,0.0175,1.931125,0.127709,2.080375,3402.080375
poia_zt_authenticator,PoIA with ZT-Authenticator,80,813,0.001834,0.021125,0.055875,1.973166,2.054334,3402.054334
poia_zt_authenticator,PoIA with ZT-Authenticator,80,814,0.001583,0.017708,3.26725,0.133833,3.42275,3403.42275
poia_zt_authenticator,PoIA with ZT-Authenticator,80,815,0.001792,0.018083,0.570916,0.134375,0.727542,3400.727542
poia_zt_authenticator,PoIA with ZT-Authenticator,80,816,0.001667,0.018125,1.809541,1.820541,3.652791,3403.652791
poia_zt_authenticator,PoIA with ZT-Authenticator,80,817,0.001167,0.017417,1.372417,9.651583,11.044792,3411.044792
poia_zt_authenticator,PoIA with ZT-Authenticator,80,818,0.0015,0.018084,1.984917,0.127084,2.134,3402.134
poia_zt_authenticator,PoIA with ZT-Authenticator,80,819,0.001834,0.018083,1.735625,0.1275,1.885625,3401.885625
poia_zt_authenticator,PoIA with ZT-Authenticator,80,820,0.001833,0.018208,3.479667,3.114458,6.617333,3406.617333
poia_zt_authenticator,PoIA with ZT-Authenticator,80,821,0.001708,0.017542,1.440625,1.541708,3.004875,3403.004875
poia_zt_authenticator,PoIA with ZT-Authenticator,80,822,0.00175,0.017667,1.661541,1.492084,3.176042,3403.176042
poia_zt_authenticator,PoIA with ZT-Authenticator,80,823,0.002125,0.033125,1.288709,0.13,1.456625,3401.456625
poia_zt_authenticator,PoIA with ZT-Authenticator,80,824,0.001625,0.017875,1.731709,0.131959,1.885542,3401.885542
poia_zt_authenticator,PoIA with ZT-Authenticator,80,825,0.001833,0.021375,2.047916,0.13025,2.203709,3402.203709
poia_zt_authenticator,PoIA with ZT-Authenticator,80,826,0.001416,0.017917,1.952208,0.131708,2.105625,3402.105625
poia_zt_authenticator,PoIA with ZT-Authenticator,80,827,0.001709,0.018125,1.676792,1.736208,3.435833,3403.435833
poia_zt_authenticator,PoIA with ZT-Authenticator,80,828,0.001875,0.018083,1.632166,0.1325,1.787084,3401.787084
poia_zt_authenticator,PoIA with ZT-Authenticator,80,829,0.001708,0.017833,1.88575,0.130958,2.038709,3402.038709
poia_zt_authenticator,PoIA with ZT-Authenticator,80,830,0.001333,0.018083,1.764459,0.126792,1.912917,3401.912917
poia_zt_authenticator,PoIA with ZT-Authenticator,80,831,0.001708,0.018041,3.622416,0.145042,3.7895,3403.7895
poia_zt_authenticator,PoIA with ZT-Authenticator,80,832,0.001542,0.017542,3.712583,0.132292,3.86625,3403.86625
poia_zt_authenticator,PoIA with ZT-Authenticator,80,833,0.001709,0.017958,0.050542,0.118667,0.190584,3400.190584
poia_zt_authenticator,PoIA with ZT-Authenticator,80,834,0.001958,0.018625,3.772208,0.132625,3.927792,3403.927792
poia_zt_authenticator,PoIA with ZT-Authenticator,80,835,0.001917,0.021125,1.6375,1.832291,3.495083,3403.495083
poia_zt_authenticator,PoIA with ZT-Authenticator,80,836,0.001542,0.0175,2.126833,0.149,2.297291,3402.297291
poia_zt_authenticator,PoIA with ZT-Authenticator,80,837,0.001917,0.0215,0.056084,0.119708,0.201,3400.201
poia_zt_authenticator,PoIA with ZT-Authenticator,80,838,0.00225,0.022042,1.673334,3.140875,4.85125,3404.85125
poia_zt_authenticator,PoIA with ZT-Authenticator,80,839,0.001541,0.017834,1.984875,0.127625,2.134292,3402.134292
poia_zt_authenticator,PoIA with ZT-Authenticator,80,840,0.001584,0.017541,1.846625,0.127584,1.995791,3401.995791
poia_zt_authenticator,PoIA with ZT-Authenticator,80,841,0.001709,0.01775,1.732042,0.13125,1.885167,3401.885167
poia_zt_authenticator,PoIA with ZT-Authenticator,80,842,0.001708,0.017791,0.050833,0.215583,0.28775,3400.28775
poia_zt_authenticator,PoIA with ZT-Authenticator,80,843,0.00175,0.0185,0.548542,0.132208,0.703333,3400.703333
poia_zt_authenticator,PoIA with ZT-Authenticator,80,844,0.001584,0.017709,3.823083,3.420625,7.2645,3407.2645
poia_zt_authenticator,PoIA with ZT-Authenticator,80,845,0.001667,0.017708,1.5575,0.138916,1.718209,3401.718209
poia_zt_authenticator,PoIA with ZT-Authenticator,80,846,0.001833,0.017917,1.847667,0.130708,2.000542,3402.000542
poia_zt_authenticator,PoIA with ZT-Authenticator,80,847,0.001792,0.017709,7.015666,1.519875,8.556958,3408.556958
poia_zt_authenticator,PoIA with ZT-Authenticator,80,848,0.002,0.022208,1.952791,0.132625,2.112041,3402.112041
poia_zt_authenticator,PoIA with ZT-Authenticator,80,849,0.00225,0.022583,3.232917,0.130875,3.391583,3403.391583
poia_zt_authenticator,PoIA with ZT-Authenticator,80,850,0.002041,0.022,1.77075,0.133417,1.930834,3401.930834
poia_zt_authenticator,PoIA with ZT-Authenticator,80,851,0.001625,0.0175,1.815375,0.127292,1.964042,3401.964042
poia_zt_authenticator,PoIA with ZT-Authenticator,80,852,0.002,0.017875,1.332167,0.128167,1.482708,3401.482708
poia_zt_authenticator,PoIA with ZT-Authenticator,80,853,0.001583,0.017375,0.05175,0.119,0.191542,3400.191542
poia_zt_authenticator,PoIA with ZT-Authenticator,80,854,0.0015,0.029208,4.715083,0.132125,4.880375,3404.880375
poia_zt_authenticator,PoIA with ZT-Authenticator,80,855,0.001834,0.018542,1.703,0.134583,1.860625,3401.860625
poia_zt_authenticator,PoIA with ZT-Authenticator,80,856,0.001625,0.018167,4.004291,0.131917,4.158291,3404.158291
poia_zt_authenticator,PoIA with ZT-Authenticator,80,857,0.001583,0.01775,1.984375,0.12725,2.133292,3402.133292
poia_zt_authenticator,PoIA with ZT-Authenticator,80,858,0.001667,0.017958,3.89775,1.92425,5.844541,3405.844541
poia_zt_authenticator,PoIA with ZT-Authenticator,80,859,0.001709,0.018,6.267416,0.131167,6.420833,3406.420833
poia_zt_authenticator,PoIA with ZT-Authenticator,80,860,0.001583,0.01775,1.481584,3.766917,5.270834,3405.270834
poia_zt_authenticator,PoIA with ZT-Authenticator,80,861,0.001625,0.017542,1.637625,4.511833,6.171583,3406.171583
poia_zt_authenticator,PoIA with ZT-Authenticator,80,862,0.00175,0.017625,0.053209,0.114167,0.188458,3400.188458
poia_zt_authenticator,PoIA with ZT-Authenticator,80,863,0.001541,0.019,1.633583,0.118416,1.774417,3401.774417
poia_zt_authenticator,PoIA with ZT-Authenticator,80,864,0.001625,0.017625,1.672584,0.13575,1.83,3401.83
poia_zt_authenticator,PoIA with ZT-Authenticator,80,865,0.001583,0.021875,3.126958,0.133,3.286,3403.286
poia_zt_authenticator,PoIA with ZT-Authenticator,80,866,0.001584,0.018375,2.503833,2.281292,4.808167,3404.808167
poia_zt_authenticator,PoIA with ZT-Authenticator,80,867,0.001167,0.0175,0.046583,0.118042,0.184959,3400.184959
poia_zt_authenticator,PoIA with ZT-Authenticator,80,868,0.001625,0.017625,3.157708,0.130917,3.310292,3403.310292
poia_zt_authenticator,PoIA with ZT-Authenticator,80,869,0.001958,0.02175,2.980541,0.132334,3.138959,3403.138959
poia_zt_authenticator,PoIA with ZT-Authenticator,80,870,0.001625,0.017625,1.742,0.131708,1.895375,3401.895375
poia_zt_authenticator,PoIA with ZT-Authenticator,80,871,0.001916,0.0215,1.61325,0.131667,1.770709,3401.770709
poia_zt_authenticator,PoIA with ZT-Authenticator,80,872,0.00175,0.018208,3.7765,0.131125,3.930041,3403.930041
poia_zt_authenticator,PoIA with ZT-Authenticator,80,873,0.002542,0.022292,0.564167,0.128083,0.719958,3400.719958
poia_zt_authenticator,PoIA with ZT-Authenticator,80,874,0.002084,0.021334,1.436208,1.655958,3.11825,3403.11825
poia_zt_authenticator,PoIA with ZT-Authenticator,80,875,0.001625,0.01775,1.759584,0.127041,1.908375,3401.908375
poia_zt_authenticator,PoIA with ZT-Authenticator,80,876,0.00175,0.018375,1.552292,0.14075,1.715792,3401.715792
poia_zt_authenticator,PoIA with ZT-Authenticator,80,877,0.001792,0.017792,1.914416,0.130708,2.067167,3402.067167
poia_zt_authenticator,PoIA with ZT-Authenticator,80,878,0.001791,0.018083,1.627959,0.131083,1.781458,3401.781458
poia_zt_authenticator,PoIA with ZT-Authenticator,80,879,0.001583,0.017667,0.054083,0.125459,0.200666,3400.200666
poia_zt_authenticator,PoIA with ZT-Authenticator,80,880,0.001584,0.017625,1.671541,0.1275,1.820625,3401.820625
poia_zt_authenticator,PoIA with ZT-Authenticator,80,881,0.002,0.021375,1.812,0.131125,1.968958,3401.968958
poia_zt_authenticator,PoIA with ZT-Authenticator,80,882,0.001708,0.017667,8.102292,2.840208,10.964334,3410.964334
poia_zt_authenticator,PoIA with ZT-Authenticator,80,883,0.001667,0.017625,1.677209,0.135791,1.834875,3401.834875
poia_zt_authenticator,PoIA with ZT-Authenticator,80,884,0.001541,0.017583,3.639916,0.145,3.806375,3403.806375
poia_zt_authenticator,PoIA with ZT-Authenticator,80,885,0.001583,0.017625,1.62625,0.131375,1.77925,3401.77925
poia_zt_authenticator,PoIA with ZT-Authenticator,80,886,0.001625,0.018125,1.6285,0.1275,1.77825,3401.77825
poia_zt_authenticator,PoIA with ZT-Authenticator,80,887,0.001375,0.01825,2.293375,0.978417,3.294417,3403.294417
poia_zt_authenticator,PoIA with ZT-Authenticator,80,888,0.001458,0.017833,1.912958,11.47625,13.410125,3413.410125
poia_zt_authenticator,PoIA with ZT-Authenticator,80,889,0.001375,0.017583,1.441417,1.883875,3.347208,3403.347208
poia_zt_authenticator,PoIA with ZT-Authenticator,80,890,0.001917,0.018,9.335459,0.145458,9.503291,3409.503291
poia_zt_authenticator,PoIA with ZT-Authenticator,80,891,0.001709,0.017708,1.484917,0.128209,1.634833,3401.634833
poia_zt_authenticator,PoIA with ZT-Authenticator,80,892,0.001584,0.0175,1.686417,0.128458,1.836292,3401.836292
poia_zt_authenticator,PoIA with ZT-Authenticator,80,893,0.001667,0.018166,1.858042,2.854333,4.735209,3404.735209
poia_zt_authenticator,PoIA with ZT-Authenticator,80,894,0.001667,0.017625,1.761292,0.223583,2.006625,3402.006625
poia_zt_authenticator,PoIA with ZT-Authenticator,80,895,0.001959,0.018459,6.688167,0.131125,6.842125,3406.842125
poia_zt_authenticator,PoIA with ZT-Authenticator,80,896,0.001625,0.017417,1.459917,0.113667,1.594333,3401.594333
poia_zt_authenticator,PoIA with ZT-Authenticator,80,897,0.001583,0.017375,1.630875,0.127125,1.779333,3401.779333
poia_zt_authenticator,PoIA with ZT-Authenticator,80,898,0.001917,0.018625,1.7135,0.149375,1.885917,3401.885917
poia_zt_authenticator,PoIA with ZT-Authenticator,80,899,0.001791,0.017875,1.469541,0.14375,1.635333,3401.635333
poia_zt_authenticator,PoIA with ZT-Authenticator,80,900,0.001667,0.017875,1.84075,0.131833,1.994417,3401.994417
poia_zt_authenticator,PoIA with ZT-Authenticator,80,901,0.001959,0.021125,3.425542,0.131292,3.582416,3403.582416
poia_zt_authenticator,PoIA with ZT-Authenticator,80,902,0.00175,0.018084,3.82225,0.132,3.976459,3403.976459
poia_zt_authenticator,PoIA with ZT-Authenticator,80,903,0.002041,0.021584,7.41825,0.131625,7.576,3407.576
poia_zt_authenticator,PoIA with ZT-Authenticator,80,904,0.001666,0.017791,2.945166,0.131458,3.098584,3403.098584
poia_zt_authenticator,PoIA with ZT-Authenticator,80,905,0.001916,0.021167,7.86675,0.131166,8.023375,3408.023375
poia_zt_authenticator,PoIA with ZT-Authenticator,80,906,0.001625,0.017875,3.658084,0.131125,3.811041,3403.811041
poia_zt_authenticator,PoIA with ZT-Authenticator,80,907,0.002458,0.027292,1.475375,0.134208,1.642459,3401.642459
poia_zt_authenticator,PoIA with ZT-Authenticator,80,908,0.001958,0.021375,1.702666,0.13475,1.863167,3401.863167
poia_zt_authenticator,PoIA with ZT-Authenticator,80,909,0.001625,0.017708,0.051333,0.114166,0.186583,3400.186583
poia_zt_authenticator,PoIA with ZT-Authenticator,80,910,0.001667,0.018375,1.768333,0.132041,1.922792,3401.922792
poia_zt_authenticator,PoIA with ZT-Authenticator,80,911,0.001833,0.021375,2.962542,0.135125,3.123375,3403.123375
poia_zt_authenticator,PoIA with ZT-Authenticator,80,912,0.001583,0.018542,17.162208,2.87575,20.06125,3420.06125
poia_zt_authenticator,PoIA with ZT-Authenticator,80,913,0.002,0.018166,2.835875,0.1525,3.011125,3403.011125
poia_zt_authenticator,PoIA with ZT-Authenticator,80,914,0.001542,0.018958,0.049542,2.915084,2.987458,3402.987458
poia_zt_authenticator,PoIA with ZT-Authenticator,80,915,0.001791,0.017584,2.230833,0.141459,2.394167,3402.394167
poia_zt_authenticator,PoIA with ZT-Authenticator,80,916,0.00175,0.017833,13.976583,8.377584,22.376875,3422.376875
poia_zt_authenticator,PoIA with ZT-Authenticator,80,917,0.001792,0.018416,2.628,2.358541,5.009625,3405.009625
poia_zt_authenticator,PoIA with ZT-Authenticator,80,918,0.002041,0.021875,3.045125,2.542333,5.614375,3405.614375
poia_zt_authenticator,PoIA with ZT-Authenticator,80,919,0.001666,0.017542,3.037375,8.211875,11.271458,3411.271458
poia_zt_authenticator,PoIA with ZT-Authenticator,80,920,0.001958,0.021916,3.111917,0.128708,3.267084,3403.267084
poia_zt_authenticator,PoIA with ZT-Authenticator,80,921,0.002042,0.021791,3.178833,0.132584,3.337666,3403.337666
poia_zt_authenticator,PoIA with ZT-Authenticator,80,922,0.001541,0.017958,3.062667,2.539834,5.624542,3405.624542
poia_zt_authenticator,PoIA with ZT-Authenticator,80,923,0.001708,0.018041,2.981917,0.131875,3.136084,3403.136084
poia_zt_authenticator,PoIA with ZT-Authenticator,80,924,0.001958,0.019,2.691083,0.151584,2.86625,3402.86625
poia_zt_authenticator,PoIA with ZT-Authenticator,80,925,0.001875,0.018583,3.17175,0.147583,3.342625,3403.342625
poia_zt_authenticator,PoIA with ZT-Authenticator,80,926,0.001875,0.018167,3.232416,0.134084,3.389209,3403.389209
poia_zt_authenticator,PoIA with ZT-Authenticator,80,927,0.001666,0.018125,11.149584,0.132708,11.304625,3411.304625
poia_zt_authenticator,PoIA with ZT-Authenticator,80,928,0.00175,0.017833,8.969958,0.143333,9.1355,3409.1355
poia_zt_authenticator,PoIA with ZT-Authenticator,80,929,0.002083,0.022084,19.151958,14.242583,33.421709,3433.421709
poia_zt_authenticator,PoIA with ZT-Authenticator,80,930,0.001541,0.018709,3.123292,0.131458,3.2775,3403.2775
poia_zt_authenticator,PoIA with ZT-Authenticator,80,931,0.001875,0.024125,2.677833,0.134459,2.840958,3402.840958
poia_zt_authenticator,PoIA with ZT-Authenticator,80,932,0.001416,0.01775,2.691917,8.988625,11.70275,3411.70275
poia_zt_authenticator,PoIA with ZT-Authenticator,80,933,0.001917,0.022042,6.268125,0.136792,6.4315,3406.4315
poia_zt_authenticator,PoIA with ZT-Authenticator,80,934,0.002041,0.018167,2.926542,0.13175,3.081042,3403.081042
poia_zt_authenticator,PoIA with ZT-Authenticator,80,935,0.001625,0.017834,5.663208,2.48875,8.173875,3408.173875
poia_zt_authenticator,PoIA with ZT-Authenticator,80,936,0.002042,0.021625,3.157083,0.131417,3.314625,3403.314625
poia_zt_authenticator,PoIA with ZT-Authenticator,80,937,0.002125,0.021791,2.918708,11.344125,14.289916,3414.289916
poia_zt_authenticator,PoIA with ZT-Authenticator,80,938,0.001791,0.018375,2.648084,2.537542,5.208875,3405.208875
poia_zt_authenticator,PoIA with ZT-Authenticator,80,939,0.001916,0.032667,5.772,0.138458,5.947667,3405.947667
poia_zt_authenticator,PoIA with ZT-Authenticator,80,940,0.001667,0.0175,25.305833,0.131167,25.458625,3425.458625
poia_zt_authenticator,PoIA with ZT-Authenticator,80,941,0.00225,0.023291,3.019417,11.240708,14.288875,3414.288875
poia_zt_authenticator,PoIA with ZT-Authenticator,80,942,0.002,0.021791,11.095875,0.130958,11.253167,3411.253167
poia_zt_authenticator,PoIA with ZT-Authenticator,80,943,0.001792,0.018541,2.655709,0.145666,2.824209,3402.824209
poia_zt_authenticator,PoIA with ZT-Authenticator,80,944,0.002042,0.019334,2.964625,0.133917,3.122333,3403.122333
poia_zt_authenticator,PoIA with ZT-Authenticator,80,945,0.001667,0.017916,2.677125,2.517416,5.21725,3405.21725
poia_zt_authenticator,PoIA with ZT-Authenticator,80,946,0.001916,0.017875,3.089083,0.146125,3.257541,3403.257541
poia_zt_authenticator,PoIA with ZT-Authenticator,80,947,0.001792,0.01875,2.640292,0.132875,2.79625,3402.79625
poia_zt_authenticator,PoIA with ZT-Authenticator,80,948,0.001791,0.018125,2.610375,5.442959,8.076125,3408.076125
poia_zt_authenticator,PoIA with ZT-Authenticator,80,949,0.001875,0.022,2.977833,3.192291,6.197166,3406.197166
poia_zt_authenticator,PoIA with ZT-Authenticator,80,950,0.001708,0.018084,2.768792,0.14475,2.935834,3402.935834
poia_zt_authenticator,PoIA with ZT-Authenticator,80,951,0.001709,0.018208,2.970209,0.133375,3.125833,3403.125833
poia_zt_authenticator,PoIA with ZT-Authenticator,80,952,0.001959,0.018458,2.919625,0.130417,3.073083,3403.073083
poia_zt_authenticator,PoIA with ZT-Authenticator,80,953,0.002125,0.022417,14.159166,2.957208,17.144083,3417.144083
poia_zt_authenticator,PoIA with ZT-Authenticator,80,954,0.001584,0.017708,3.1945,0.132666,3.348875,3403.348875
poia_zt_authenticator,PoIA with ZT-Authenticator,80,955,0.00225,0.022167,3.176833,0.132292,3.336167,3403.336167
poia_zt_authenticator,PoIA with ZT-Authenticator,80,956,0.002,0.022667,5.604917,2.472708,8.104292,3408.104292
poia_zt_authenticator,PoIA with ZT-Authenticator,80,957,0.002,0.021375,3.244125,0.133041,3.403084,3403.403084
poia_zt_authenticator,PoIA with ZT-Authenticator,80,958,0.001625,0.017708,11.216417,2.875291,14.114125,3414.114125
poia_zt_authenticator,PoIA with ZT-Authenticator,80,959,0.001708,0.018209,2.654041,0.137125,2.813584,3402.813584
poia_zt_authenticator,PoIA with ZT-Authenticator,80,960,0.002125,0.021709,6.430333,0.131959,6.588625,3406.588625
poia_zt_authenticator,PoIA with ZT-Authenticator,80,961,0.001959,0.022209,24.117958,0.135375,24.279375,3424.279375
poia_zt_authenticator,PoIA with ZT-Authenticator,80,962,0.002041,0.018958,1.814917,0.135083,1.973584,3401.973584
poia_zt_authenticator,PoIA with ZT-Authenticator,80,963,0.001875,0.021667,5.544333,0.132083,5.702541,3405.702541
poia_zt_authenticator,PoIA with ZT-Authenticator,80,964,0.001625,0.017709,2.984625,0.132875,3.139291,3403.139291
poia_zt_authenticator,PoIA with ZT-Authenticator,80,965,0.002042,0.019042,2.760792,2.433125,5.217084,3405.217084
poia_zt_authenticator,PoIA with ZT-Authenticator,80,966,0.001667,0.017958,2.658833,2.40375,5.085084,3405.085084
poia_zt_authenticator,PoIA with ZT-Authenticator,80,967,0.001791,0.018,4.9225,0.131458,5.076125,3405.076125
poia_zt_authenticator,PoIA with ZT-Authenticator,80,968,0.00175,0.017917,5.53125,2.584208,8.138125,3408.138125
poia_zt_authenticator,PoIA with ZT-Authenticator,80,969,0.002208,0.027208,2.871917,3.176125,6.081166,3406.081166
poia_zt_authenticator,PoIA with ZT-Authenticator,80,970,0.001791,0.034083,6.042584,0.132792,6.213833,3406.213833
poia_zt_authenticator,PoIA with ZT-Authenticator,80,971,0.001708,0.018542,2.567875,5.890959,8.482208,3408.482208
poia_zt_authenticator,PoIA with ZT-Authenticator,80,972,0.002458,0.028625,2.979,0.13425,3.147041,3403.147041
poia_zt_authenticator,PoIA with ZT-Authenticator,80,973,0.002125,0.018292,8.849958,0.13325,9.006125,3409.006125
poia_zt_authenticator,PoIA with ZT-Authenticator,80,974,0.002,0.021875,3.041959,0.132541,3.200958,3403.200958
poia_zt_authenticator,PoIA with ZT-Authenticator,80,975,0.002167,0.023041,3.086208,0.136792,3.25075,3403.25075
poia_zt_authenticator,PoIA with ZT-Authenticator,80,976,0.001959,0.0215,6.081917,0.131791,6.23975,3406.23975
poia_zt_authenticator,PoIA with ZT-Authenticator,80,977,0.001917,0.017666,14.021416,8.409084,22.453208,3422.453208
poia_zt_authenticator,PoIA with ZT-Authenticator,80,978,0.002667,0.024167,14.703166,0.1215,14.853875,3414.853875
poia_zt_authenticator,PoIA with ZT-Authenticator,80,979,0.001666,0.018083,5.01425,0.133292,5.169666,3405.169666
poia_zt_authenticator,PoIA with ZT-Authenticator,80,980,0.001625,0.017875,13.988625,0.135625,14.146209,3414.146209
poia_zt_authenticator,PoIA with ZT-Authenticator,80,981,0.001834,0.018125,3.161791,0.133542,3.317791,3403.317791
poia_zt_authenticator,PoIA with ZT-Authenticator,80,982,0.002542,0.023542,2.765875,0.13275,2.927667,3402.927667
poia_zt_authenticator,PoIA with ZT-Authenticator,80,983,0.001625,0.018167,11.106291,0.137708,11.266416,3411.266416
poia_zt_authenticator,PoIA with ZT-Authenticator,80,984,0.001709,0.017958,2.665833,0.135208,2.823208,3402.823208
poia_zt_authenticator,PoIA with ZT-Authenticator,80,985,0.001875,0.018542,2.548083,0.131167,2.702083,3402.702083
poia_zt_authenticator,PoIA with ZT-Authenticator,80,986,0.002916,0.0325,10.368042,0.147209,10.553958,3410.553958
poia_zt_authenticator,PoIA with ZT-Authenticator,80,987,0.001792,0.018541,2.91625,0.130875,3.069959,3403.069959
poia_zt_authenticator,PoIA with ZT-Authenticator,80,988,0.00175,0.018459,2.435125,2.581541,5.040125,3405.040125
poia_zt_authenticator,PoIA with ZT-Authenticator,80,989,0.001625,0.017792,3.171542,3.059292,6.253458,3406.253458
poia_zt_authenticator,PoIA with ZT-Authenticator,80,990,0.001833,0.021417,8.185958,0.144875,8.356542,3408.356542
poia_zt_authenticator,PoIA with ZT-Authenticator,80,991,0.00175,0.017917,8.20175,0.138834,8.362833,3408.362833
poia_zt_authenticator,PoIA with ZT-Authenticator,80,992,0.001875,0.018042,2.736084,2.456875,5.215,3405.215
poia_zt_authenticator,PoIA with ZT-Authenticator,80,993,0.001875,0.021709,3.071625,0.151541,3.249292,3403.249292
poia_zt_authenticator,PoIA with ZT-Authenticator,80,994,0.00175,0.018166,2.429833,7.874542,10.327708,3410.327708
poia_zt_authenticator,PoIA with ZT-Authenticator,80,995,0.001667,0.01775,0.055584,0.121667,0.198541,3400.198541
poia_zt_authenticator,PoIA with ZT-Authenticator,80,996,0.001709,0.017875,2.666416,2.437208,5.126166,3405.126166
poia_zt_authenticator,PoIA with ZT-Authenticator,80,997,0.001708,0.018958,8.448125,0.135542,8.606875,3408.606875
poia_zt_authenticator,PoIA with ZT-Authenticator,80,998,0.001708,0.017792,6.0925,0.132375,6.246666,3406.246666
poia_zt_authenticator,PoIA with ZT-Authenticator,80,999,0.001917,0.021916,3.161042,0.131875,3.31925,3403.31925
poia_zt_authenticator,PoIA with ZT-Authenticator,80,1000,0.002042,0.023375,6.005167,0.135042,6.168333,3406.168333
poia_zt_authenticator,PoIA with ZT-Authenticator,80,1001,0.001833,0.017709,2.434083,0.128333,2.584375,3402.584375
poia_zt_authenticator,PoIA with ZT-Authenticator,80,1002,0.002,0.018208,2.513833,3.000166,5.537209,3405.537209
poia_zt_authenticator,PoIA with ZT-Authenticator,80,1003,0.002125,0.021667,2.661583,0.1345,2.8225,3402.8225
poia_zt_authenticator,PoIA with ZT-Authenticator,80,1004,0.00175,0.01975,0.050459,0.1195,0.193541,3400.193541
poia_zt_authenticator,PoIA with ZT-Authenticator,80,1005,0.002042,0.021625,2.613125,2.566,5.205916,3405.205916
poia_zt_authenticator,PoIA with ZT-Authenticator,80,1006,0.001875,0.01825,3.085209,0.132042,3.239875,3403.239875
poia_zt_authenticator,PoIA with ZT-Authenticator,80,1007,0.001791,0.018166,5.002459,5.5645,10.589708,3410.589708
poia_zt_authenticator,PoIA with ZT-Authenticator,80,1008,0.00175,0.018167,3.062417,0.133416,3.21825,3403.21825
poia_zt_authenticator,PoIA with ZT-Authenticator,80,1009,0.002375,0.045292,8.341375,0.131833,8.524125,3408.524125
poia_zt_authenticator,PoIA with ZT-Authenticator,80,1010,0.001625,0.018125,7.404334,3.098958,10.526042,3410.526042
poia_zt_authenticator,PoIA with ZT-Authenticator,80,1011,0.002916,0.028375,2.7425,0.145708,2.92275,3402.92275
poia_zt_authenticator,PoIA with ZT-Authenticator,80,1012,0.00175,0.017833,8.142417,2.914167,11.078625,3411.078625
poia_zt_authenticator,PoIA with ZT-Authenticator,80,1013,0.001458,0.018125,8.280417,0.13175,8.434,3408.434
poia_zt_authenticator,PoIA with ZT-Authenticator,80,1014,0.001875,0.018375,2.551167,0.132167,2.705958,3402.705958
poia_zt_authenticator,PoIA with ZT-Authenticator,80,1015,0.0025,0.023417,2.510208,5.881166,8.420875,3408.420875
poia_zt_authenticator,PoIA with ZT-Authenticator,80,1016,0.001875,0.018375,0.052125,0.119709,0.193958,3400.193958
poia_zt_authenticator,PoIA with ZT-Authenticator,80,1017,0.001583,0.018167,1.43175,0.132917,1.586834,3401.586834
poia_zt_authenticator,PoIA with ZT-Authenticator,80,1018,0.001708,0.017959,1.606917,1.622833,3.252416,3403.252416
poia_zt_authenticator,PoIA with ZT-Authenticator,80,1019,0.001625,0.017459,0.133083,0.638167,0.793333,3400.793333
poia_zt_authenticator,PoIA with ZT-Authenticator,80,1020,0.001667,0.017708,1.60975,0.139875,1.771417,3401.771417
poia_zt_authenticator,PoIA with ZT-Authenticator,80,1021,0.001583,0.017708,0.823709,0.127625,0.972959,3400.972959
poia_zt_authenticator,PoIA with ZT-Authenticator,80,1022,0.001208,0.01775,1.56075,0.12725,1.70925,3401.70925
poia_zt_authenticator,PoIA with ZT-Authenticator,80,1023,0.001625,0.018333,4.302542,0.1325,4.457417,3404.457417
poia_zt_authenticator,PoIA with ZT-Authenticator,80,1024,0.00225,0.022708,3.001125,0.146875,3.176083,3403.176083
poia_zt_authenticator,PoIA with ZT-Authenticator,80,1025,0.001709,0.018333,2.523542,1.579708,4.126375,3404.126375
poia_zt_authenticator,PoIA with ZT-Authenticator,80,1026,0.001584,0.018125,7.016042,0.13225,7.170416,3407.170416
poia_zt_authenticator,PoIA with ZT-Authenticator,80,1027,0.001583,0.018167,0.934917,0.14225,1.099459,3401.099459
poia_zt_authenticator,PoIA with ZT-Authenticator,80,1028,0.001791,0.017584,3.04025,0.130625,3.19275,3403.19275
poia_zt_authenticator,PoIA with ZT-Authenticator,80,1029,0.001583,0.017917,0.788959,0.544083,1.355375,3401.355375
poia_zt_authenticator,PoIA with ZT-Authenticator,80,1030,0.001542,0.018125,4.119333,0.129166,4.270459,3404.270459
poia_zt_authenticator,PoIA with ZT-Authenticator,80,1031,0.001667,0.018042,3.084,0.131333,3.237417,3403.237417
poia_zt_authenticator,PoIA with ZT-Authenticator,80,1032,0.002375,0.024,1.227958,0.132458,1.389792,3401.389792
poia_zt_authenticator,PoIA with ZT-Authenticator,80,1033,0.00175,0.017791,11.200084,0.132125,11.354208,3411.354208
poia_zt_authenticator,PoIA with ZT-Authenticator,80,1034,0.001458,0.017583,1.298208,0.127584,1.44725,3401.44725
poia_zt_authenticator,PoIA with ZT-Authenticator,80,1035,0.001875,0.0195,8.387292,0.134958,8.546167,3408.546167
poia_zt_authenticator,PoIA with ZT-Authenticator,80,1036,0.001625,0.01775,1.528583,0.126792,1.677125,3401.677125
poia_zt_authenticator,PoIA with ZT-Authenticator,80,1037,0.001667,0.0185,1.338041,0.1275,1.488084,3401.488084
poia_zt_authenticator,PoIA with ZT-Authenticator,80,1038,0.001708,0.018292,0.822041,0.131916,0.976542,3400.976542
poia_zt_authenticator,PoIA with ZT-Authenticator,80,1039,0.001583,0.017833,1.074792,0.128083,1.22475,3401.22475
poia_zt_authenticator,PoIA with ZT-Authenticator,80,1040,0.001625,0.017458,1.702209,0.131916,1.855667,3401.855667
poia_zt_authenticator,PoIA with ZT-Authenticator,80,1041,0.001417,0.018042,2.806083,0.132792,2.960583,3402.960583
poia_zt_authenticator,PoIA with ZT-Authenticator,80,1042,0.00175,0.018583,1.080292,0.130917,1.233875,3401.233875
poia_zt_authenticator,PoIA with ZT-Authenticator,80,1043,0.001666,0.017666,1.601459,0.147708,1.770875,3401.770875
poia_zt_authenticator,PoIA with ZT-Authenticator,80,1044,0.001584,0.017959,1.244958,0.131875,1.398791,3401.398791
poia_zt_authenticator,PoIA with ZT-Authenticator,80,1045,0.001709,0.0175,1.703208,0.131416,1.85625,3401.85625
poia_zt_authenticator,PoIA with ZT-Authenticator,80,1046,0.001666,0.018375,1.103208,0.956959,2.083083,3402.083083
poia_zt_authenticator,PoIA with ZT-Authenticator,80,1047,0.001667,0.017666,4.13525,0.127167,4.284083,3404.284083
poia_zt_authenticator,PoIA with ZT-Authenticator,80,1048,0.001708,0.017417,8.395708,0.131375,8.548667,3408.548667
poia_zt_authenticator,PoIA with ZT-Authenticator,80,1049,0.00175,0.017542,3.074375,0.14175,3.237833,3403.237833
poia_zt_authenticator,PoIA with ZT-Authenticator,80,1050,0.001709,0.017958,3.038042,0.146542,3.206709,3403.206709
poia_zt_authenticator,PoIA with ZT-Authenticator,80,1051,0.002334,0.027375,0.9265,0.135375,1.0945,3401.0945
poia_zt_authenticator,PoIA with ZT-Authenticator,80,1052,0.002,0.0185,10.82775,0.134125,10.985083,3410.985083
poia_zt_authenticator,PoIA with ZT-Authenticator,80,1053,0.001667,0.01825,8.052042,0.134375,8.20875,3408.20875
poia_zt_authenticator,PoIA with ZT-Authenticator,80,1054,0.00225,0.021417,1.459833,0.132667,1.618625,3401.618625
poia_zt_authenticator,PoIA with ZT-Authenticator,80,1055,0.001583,0.018166,1.050084,0.131083,1.203334,3401.203334
poia_zt_authenticator,PoIA with ZT-Authenticator,80,1056,0.00175,0.017792,1.596209,0.14375,1.761916,3401.761916
poia_zt_authenticator,PoIA with ZT-Authenticator,80,1057,0.001375,0.017792,0.78225,0.132458,0.935875,3400.935875
poia_zt_authenticator,PoIA with ZT-Authenticator,80,1058,0.00225,0.01925,0.144333,3.115583,3.283583,3403.283583
poia_zt_authenticator,PoIA with ZT-Authenticator,80,1059,0.001583,0.017542,4.39325,0.132958,4.547708,3404.547708
poia_zt_authenticator,PoIA with ZT-Authenticator,80,1060,0.001792,0.017875,4.677,0.14475,4.844,3404.844
poia_zt_authenticator,PoIA with ZT-Authenticator,80,1061,0.003417,0.022917,14.471125,0.131875,14.6325,3414.6325
poia_zt_authenticator,PoIA with ZT-Authenticator,80,1062,0.001542,0.018166,0.777625,0.128375,0.928125,3400.928125
poia_zt_authenticator,PoIA with ZT-Authenticator,80,1063,0.001583,0.017709,7.674583,0.127375,7.823541,3407.823541
poia_zt_authenticator,PoIA with ZT-Authenticator,80,1064,0.001625,0.018417,1.713542,0.132,1.868083,3401.868083
poia_zt_authenticator,PoIA with ZT-Authenticator,80,1065,0.001583,0.017208,2.617625,0.134459,2.773334,3402.773334
poia_zt_authenticator,PoIA with ZT-Authenticator,80,1066,0.001625,0.017792,2.086125,0.127209,2.235042,3402.235042
poia_zt_authenticator,PoIA with ZT-Authenticator,80,1067,0.001709,0.017792,1.551958,1.631,3.205292,3403.205292
poia_zt_authenticator,PoIA with ZT-Authenticator,80,1068,0.001667,0.018125,0.915209,0.132291,1.069666,3401.069666
poia_zt_authenticator,PoIA with ZT-Authenticator,80,1069,0.001833,0.02175,3.043083,0.133209,3.202375,3403.202375
poia_zt_authenticator,PoIA with ZT-Authenticator,80,1070,0.001667,0.017958,1.114709,0.131584,1.268291,3401.268291
poia_zt_authenticator,PoIA with ZT-Authenticator,80,1071,0.001875,0.018708,1.474833,0.130583,1.628458,3401.628458
poia_zt_authenticator,PoIA with ZT-Authenticator,80,1072,0.001417,0.017959,2.822875,0.115542,2.959208,3402.959208
poia_zt_authenticator,PoIA with ZT-Authenticator,80,1073,0.001667,0.017833,2.756791,0.115667,2.893625,3402.893625
poia_zt_authenticator,PoIA with ZT-Authenticator,80,1074,0.00175,0.017875,3.317125,0.120375,3.458958,3403.458958
poia_zt_authenticator,PoIA with ZT-Authenticator,80,1075,0.002375,0.027042,8.172417,0.132917,8.337334,3408.337334
poia_zt_authenticator,PoIA with ZT-Authenticator,80,1076,0.001625,0.017666,0.951458,1.0295,2.003292,3402.003292
poia_zt_authenticator,PoIA with ZT-Authenticator,80,1077,0.002375,0.022958,5.064542,0.127083,5.219834,3405.219834
poia_zt_authenticator,PoIA with ZT-Authenticator,80,1078,0.001708,0.017375,8.3945,0.13175,8.547708,3408.547708
poia_zt_authenticator,PoIA with ZT-Authenticator,80,1079,0.002042,0.017667,3.392875,0.132125,3.547166,3403.547166
poia_zt_authenticator,PoIA with ZT-Authenticator,80,1080,0.0015,0.017708,0.847792,0.127792,0.997167,3400.997167
poia_zt_authenticator,PoIA with ZT-Authenticator,80,1081,0.00175,0.017917,5.271958,0.130458,5.424666,3405.424666
poia_zt_authenticator,PoIA with ZT-Authenticator,80,1082,0.001625,0.017958,1.827417,0.148584,1.998125,3401.998125
poia_zt_authenticator,PoIA with ZT-Authenticator,80,1083,0.002333,0.042208,6.909167,1.557042,8.513708,3408.513708
poia_zt_authenticator,PoIA with ZT-Authenticator,80,1084,0.001958,0.02175,0.056334,0.119708,0.201542,3400.201542
poia_zt_authenticator,PoIA with ZT-Authenticator,80,1085,0.001625,0.017709,8.211708,0.132792,8.366292,3408.366292
poia_zt_authenticator,PoIA with ZT-Authenticator,80,1086,0.001875,0.021209,1.672625,0.132375,1.830584,3401.830584
poia_zt_authenticator,PoIA with ZT-Authenticator,80,1087,0.001875,0.021417,1.24125,0.119083,1.385459,3401.385459
poia_zt_authenticator,PoIA with ZT-Authenticator,80,1088,0.001875,0.021291,3.034416,0.13225,3.192208,3403.192208
poia_zt_authenticator,PoIA with ZT-Authenticator,80,1089,0.001542,0.017541,2.718917,0.132541,2.873042,3402.873042
poia_zt_authenticator,PoIA with ZT-Authenticator,80,1090,0.001583,0.018125,1.2295,0.132708,1.384375,3401.384375
poia_zt_authenticator,PoIA with ZT-Authenticator,80,1091,0.002,0.021875,1.313708,0.129417,1.469417,3401.469417
poia_zt_authenticator,PoIA with ZT-Authenticator,80,1092,0.001666,0.017459,8.395708,0.131875,8.549041,3408.549041
poia_zt_authenticator,PoIA with ZT-Authenticator,80,1093,0.001542,0.017958,3.0845,0.12775,3.234084,3403.234084
poia_zt_authenticator,PoIA with ZT-Authenticator,80,1094,0.001833,0.022042,0.916958,0.131334,1.074667,3401.074667
poia_zt_authenticator,PoIA with ZT-Authenticator,80,1095,0.001625,0.017625,1.86375,0.12725,2.012584,3402.012584
poia_zt_authenticator,PoIA with ZT-Authenticator,80,1096,0.001625,0.017375,8.351542,0.130125,8.503042,3408.503042
poia_zt_authenticator,PoIA with ZT-Authenticator,80,1097,0.00175,0.017875,1.709833,0.131417,1.86325,3401.86325
poia_zt_authenticator,PoIA with ZT-Authenticator,80,1098,0.0015,0.017667,0.823583,0.127792,0.972917,3400.972917
poia_zt_authenticator,PoIA with ZT-Authenticator,80,1099,0.002,0.025458,1.223,0.134958,1.388167,3401.388167
poia_zt_authenticator,PoIA with ZT-Authenticator,80,1100,0.001708,0.017625,8.27775,0.133709,8.43325,3408.43325
poia_zt_authenticator,PoIA with ZT-Authenticator,80,1101,0.001625,0.017542,1.295084,1.449667,2.76675,3402.76675
poia_zt_authenticator,PoIA with ZT-Authenticator,80,1102,0.001917,0.018209,3.07875,0.132458,3.233792,3403.233792
poia_zt_authenticator,PoIA with ZT-Authenticator,80,1103,0.001792,0.017834,2.945583,0.140667,3.108417,3403.108417
poia_zt_authenticator,PoIA with ZT-Authenticator,80,1104,0.002,0.018625,0.895084,0.130541,1.048541,3401.048541
poia_zt_authenticator,PoIA with ZT-Authenticator,80,1105,0.00175,0.017666,10.887416,0.133834,11.043042,3411.043042
poia_zt_authenticator,PoIA with ZT-Authenticator,80,1106,0.001708,0.018625,2.077208,0.131958,2.23225,3402.23225
poia_zt_authenticator,PoIA with ZT-Authenticator,80,1107,0.001708,0.017667,3.084,0.131584,3.2375,3403.2375
poia_zt_authenticator,PoIA with ZT-Authenticator,80,1108,0.001917,0.021125,8.030041,0.141625,8.197375,3408.197375
poia_zt_authenticator,PoIA with ZT-Authenticator,80,1109,0.001584,0.018292,5.489708,0.131,5.643,3405.643
poia_zt_authenticator,PoIA with ZT-Authenticator,80,1110,0.001709,0.017708,2.961459,0.132208,3.115541,3403.115541
poia_zt_authenticator,PoIA with ZT-Authenticator,80,1111,0.001583,0.0175,1.028667,0.12775,1.177958,3401.177958
poia_zt_authenticator,PoIA with ZT-Authenticator,80,1112,0.001625,0.018,2.932167,0.131584,3.085875,3403.085875
poia_zt_authenticator,PoIA with ZT-Authenticator,80,1113,0.001958,0.021167,1.669583,0.131291,1.826416,3401.826416
poia_zt_authenticator,PoIA with ZT-Authenticator,80,1114,0.001833,0.018083,1.091583,0.131375,1.245334,3401.245334
poia_zt_authenticator,PoIA with ZT-Authenticator,80,1115,0.001459,0.017833,1.291542,0.131458,1.44475,3401.44475
poia_zt_authenticator,PoIA with ZT-Authenticator,80,1116,0.001958,0.022083,2.725209,0.129083,2.880833,3402.880833
poia_zt_authenticator,PoIA with ZT-Authenticator,80,1117,0.001459,0.028375,11.059792,11.358292,22.451041,3422.451041
poia_zt_authenticator,PoIA with ZT-Authenticator,80,1118,0.002334,0.025917,1.566291,0.132625,1.730208,3401.730208
poia_zt_authenticator,PoIA with ZT-Authenticator,80,1119,0.002042,0.021583,2.920709,0.131291,3.078042,3403.078042
poia_zt_authenticator,PoIA with ZT-Authenticator,80,1120,0.0025,0.022625,2.62625,0.131916,2.786375,3402.786375
poia_zt_authenticator,PoIA with ZT-Authenticator,80,1121,0.00175,0.017583,3.039333,0.13125,3.192375,3403.192375
poia_zt_authenticator,PoIA with ZT-Authenticator,80,1122,0.001792,0.022083,1.215958,1.353875,2.59675,3402.59675
poia_zt_authenticator,PoIA with ZT-Authenticator,80,1123,0.002,0.018625,0.842125,0.133083,0.998292,3400.998292
poia_zt_authenticator,PoIA with ZT-Authenticator,80,1124,0.001667,0.017667,8.076792,0.131333,8.229916,3408.229916
poia_zt_authenticator,PoIA with ZT-Authenticator,80,1125,0.001458,0.01775,3.19775,0.131584,3.351,3403.351
poia_zt_authenticator,PoIA with ZT-Authenticator,80,1126,0.00175,0.018042,4.833666,0.131083,4.987,3404.987
poia_zt_authenticator,PoIA with ZT-Authenticator,80,1127,0.002416,0.0235,3.845917,0.133041,4.007958,3404.007958
poia_zt_authenticator,PoIA with ZT-Authenticator,80,1128,0.001584,0.017792,1.402541,0.127833,1.552083,3401.552083
poia_zt_authenticator,PoIA with ZT-Authenticator,80,1129,0.001791,0.01775,8.393084,0.131791,8.546875,3408.546875
poia_zt_authenticator,PoIA with ZT-Authenticator,80,1130,0.001375,0.01775,2.040875,0.127792,2.190084,3402.190084
poia_zt_authenticator,PoIA with ZT-Authenticator,80,1131,0.002125,0.027,1.984084,1.284708,3.300833,3403.300833
poia_zt_authenticator,PoIA with ZT-Authenticator,80,1132,0.002541,0.026708,0.066875,0.116334,0.214708,3400.214708
poia_zt_authenticator,PoIA with ZT-Authenticator,80,1133,0.001791,0.018334,0.051333,0.119708,0.193,3400.193
poia_zt_authenticator,PoIA with ZT-Authenticator,80,1134,0.00175,0.017542,6.208791,0.127541,6.357917,3406.357917
poia_zt_authenticator,PoIA with ZT-Authenticator,80,1135,0.001583,0.028417,0.7675,0.12775,0.92775,3400.92775
poia_zt_authenticator,PoIA with ZT-Authenticator,80,1136,0.001834,0.018083,2.9375,0.130708,3.090541,3403.090541
poia_zt_authenticator,PoIA with ZT-Authenticator,80,1137,0.001542,0.018125,0.050833,0.171708,0.24425,3400.24425
poia_zt_authenticator,PoIA with ZT-Authenticator,80,1138,0.001709,0.017833,8.265083,2.845875,11.133541,3411.133541
poia_zt_authenticator,PoIA with ZT-Authenticator,80,1139,0.002083,0.01875,0.610083,0.132083,0.765541,3400.765541
poia_zt_authenticator,PoIA with ZT-Authenticator,80,1140,0.002,0.018667,8.075833,0.356458,8.455541,3408.455541
poia_zt_authenticator,PoIA with ZT-Authenticator,80,1141,0.001625,0.017709,1.508166,1.560834,3.091334,3403.091334
poia_zt_authenticator,PoIA with ZT-Authenticator,80,1142,0.001791,0.0185,1.032292,0.131333,1.186417,3401.186417
poia_zt_authenticator,PoIA with ZT-Authenticator,80,1143,0.001667,0.021292,3.037833,0.131292,3.194542,3403.194542
poia_zt_authenticator,PoIA with ZT-Authenticator,80,1144,0.001625,0.017709,1.684917,0.131542,1.838125,3401.838125
poia_zt_authenticator,PoIA with ZT-Authenticator,80,1145,0.002209,0.021709,0.643666,0.145208,0.8155,3400.8155
poia_zt_authenticator,PoIA with ZT-Authenticator,80,1146,0.001833,0.021792,6.157708,3.222334,9.406,3409.406
poia_zt_authenticator,PoIA with ZT-Authenticator,80,1147,0.001958,0.017917,2.919875,1.682625,4.625292,3404.625292
poia_zt_authenticator,PoIA with ZT-Authenticator,80,1148,0.001791,0.018208,1.357833,0.131125,1.511459,3401.511459
poia_zt_authenticator,PoIA with ZT-Authenticator,80,1149,0.001583,0.017958,13.962459,0.144083,14.1285,3414.1285
poia_zt_authenticator,PoIA with ZT-Authenticator,80,1150,0.001625,0.01825,1.056125,0.135041,1.213458,3401.213458
poia_zt_authenticator,PoIA with ZT-Authenticator,80,1151,0.001708,0.01775,11.32025,0.121416,11.462917,3411.462917
poia_zt_authenticator,PoIA with ZT-Authenticator,80,1152,0.001667,0.01775,1.009791,0.13225,1.16375,3401.16375
poia_zt_authenticator,PoIA with ZT-Authenticator,80,1153,0.00175,0.017833,8.390208,0.134208,8.54625,3408.54625
poia_zt_authenticator,PoIA with ZT-Authenticator,80,1154,0.001625,0.018375,1.116458,0.131125,1.270084,3401.270084
poia_zt_authenticator,PoIA with ZT-Authenticator,80,1155,0.001833,0.018292,8.650041,2.831833,11.504708,3411.504708
poia_zt_authenticator,PoIA with ZT-Authenticator,80,1156,0.002417,0.026833,0.624916,0.130959,0.788,3400.788
poia_zt_authenticator,PoIA with ZT-Authenticator,80,1157,0.001875,0.018167,0.050833,0.119583,0.19225,3400.19225
poia_zt_authenticator,PoIA with ZT-Authenticator,80,1158,0.001667,0.017917,0.050666,0.123416,0.195417,3400.195417
poia_zt_authenticator,PoIA with ZT-Authenticator,80,1159,0.001667,0.018125,22.190084,0.132083,22.344291,3422.344291
poia_zt_authenticator,PoIA with ZT-Authenticator,80,1160,0.001667,0.019417,1.04775,0.128667,1.199875,3401.199875
poia_zt_authenticator,PoIA with ZT-Authenticator,80,1161,0.00175,0.019083,0.048875,1.9845,2.056542,3402.056542
poia_zt_authenticator,PoIA with ZT-Authenticator,80,1162,0.001916,0.018375,11.331416,0.132125,11.486459,3411.486459
poia_zt_authenticator,PoIA with ZT-Authenticator,80,1163,0.001709,0.018458,1.423458,0.132459,1.578583,3401.578583
poia_zt_authenticator,PoIA with ZT-Authenticator,80,1164,0.001333,0.017917,0.705291,0.128042,0.854792,3400.854792
poia_zt_authenticator,PoIA with ZT-Authenticator,80,1165,0.002208,0.025791,0.937875,0.617958,1.596417,3401.596417
poia_zt_authenticator,PoIA with ZT-Authenticator,80,1166,0.001875,0.018375,1.706083,0.133,1.861791,3401.861791
poia_zt_authenticator,PoIA with ZT-Authenticator,80,1167,0.002208,0.023958,0.269041,1.01175,1.310167,3401.310167
poia_zt_authenticator,PoIA with ZT-Authenticator,80,1168,0.0015,0.017916,1.351375,0.131291,1.504542,3401.504542
poia_zt_authenticator,PoIA with ZT-Authenticator,80,1169,0.002667,0.024458,8.16975,0.186166,8.387583,3408.387583
poia_zt_authenticator,PoIA with ZT-Authenticator,80,1170,0.001666,0.01825,8.318166,14.040958,22.382125,3422.382125
poia_zt_authenticator,PoIA with ZT-Authenticator,80,1171,0.002042,0.018625,3.08275,0.1185,3.22375,3403.22375
poia_zt_authenticator,PoIA with ZT-Authenticator,80,1172,0.00175,0.017792,1.283042,0.541208,1.845167,3401.845167
poia_zt_authenticator,PoIA with ZT-Authenticator,80,1173,0.001542,0.017791,0.956166,0.128375,1.10625,3401.10625
poia_zt_authenticator,PoIA with ZT-Authenticator,80,1174,0.001625,0.017708,1.335958,0.132375,1.490042,3401.490042
poia_zt_authenticator,PoIA with ZT-Authenticator,80,1175,0.001667,0.018667,0.890708,0.128208,1.041833,3401.041833
poia_zt_authenticator,PoIA with ZT-Authenticator,80,1176,0.00275,0.028834,19.94175,0.13425,20.1105,3420.1105
poia_zt_authenticator,PoIA with ZT-Authenticator,80,1177,0.002417,0.022333,1.284167,0.141584,1.453583,3401.453583
poia_zt_authenticator,PoIA with ZT-Authenticator,80,1178,0.00175,0.017666,19.422291,0.132292,19.576416,3419.576416
poia_zt_authenticator,PoIA with ZT-Authenticator,80,1179,0.001584,0.017708,1.050834,0.131709,1.204208,3401.204208
poia_zt_authenticator,PoIA with ZT-Authenticator,80,1180,0.001583,0.017416,0.050208,4.937209,5.008834,3405.008834
poia_zt_authenticator,PoIA with ZT-Authenticator,80,1181,0.001584,0.018,0.723417,0.128041,0.873375,3400.873375
poia_zt_authenticator,PoIA with ZT-Authenticator,80,1182,0.0035,0.025875,19.207667,0.132625,19.373208,3419.373208
poia_zt_authenticator,PoIA with ZT-Authenticator,80,1183,0.002084,0.025875,2.737042,1.070125,3.838416,3403.838416
poia_zt_authenticator,PoIA with ZT-Authenticator,80,1184,0.001375,0.017709,6.720875,0.134458,6.87675,3406.87675
poia_zt_authenticator,PoIA with ZT-Authenticator,80,1185,0.001792,0.01825,2.54325,2.640542,5.20625,3405.20625
poia_zt_authenticator,PoIA with ZT-Authenticator,80,1186,0.001792,0.018166,14.8305,0.13525,14.988166,3414.988166
poia_zt_authenticator,PoIA with ZT-Authenticator,80,1187,0.002125,0.019458,2.253542,2.030917,4.308666,3404.308666
poia_zt_authenticator,PoIA with ZT-Authenticator,80,1188,0.001791,0.018167,1.286542,0.139958,1.448875,3401.448875
poia_zt_authenticator,PoIA with ZT-Authenticator,80,1189,0.002375,0.026958,0.534792,0.139916,0.706792,3400.706792
poia_zt_authenticator,PoIA with ZT-Authenticator,80,1190,0.001959,0.0185,1.28575,0.130666,1.439291,3401.439291
poia_zt_authenticator,PoIA with ZT-Authenticator,80,1191,0.001958,0.018459,1.246833,0.132417,1.401708,3401.401708
poia_zt_authenticator,PoIA with ZT-Authenticator,80,1192,0.001541,0.017667,0.483375,0.132125,0.636916,3400.636916
poia_zt_authenticator,PoIA with ZT-Authenticator,80,1193,0.001791,0.021375,0.71575,0.772625,1.514584,3401.514584
poia_zt_authenticator,PoIA with ZT-Authenticator,80,1194,0.002083,0.026875,0.337542,0.379333,0.749417,3400.749417
poia_zt_authenticator,PoIA with ZT-Authenticator,80,1195,0.002958,0.024459,0.534375,0.135417,0.700375,3400.700375
poia_zt_authenticator,PoIA with ZT-Authenticator,80,1196,0.002792,0.025458,0.974,0.137209,1.1425,3401.1425
poia_zt_authenticator,PoIA with ZT-Authenticator,80,1197,0.002542,0.027792,0.630875,0.702333,1.367125,3401.367125
poia_zt_authenticator,PoIA with ZT-Authenticator,80,1198,0.002084,0.024583,0.545875,0.132583,0.707709,3400.707709
poia_zt_authenticator,PoIA with ZT-Authenticator,80,1199,0.0025,0.027542,2.536958,0.133875,2.703708,3402.703708
poia_zt_authenticator,PoIA with ZT-Authenticator,80,1200,0.002375,0.028667,1.089792,0.659,1.783166,3401.783166
poia_zt_authenticator,PoIA with ZT-Authenticator,80,1201,0.001792,0.017834,1.001792,0.132709,1.156375,3401.156375
poia_zt_authenticator,PoIA with ZT-Authenticator,80,1202,0.00225,0.027458,0.070792,0.533833,0.637166,3400.637166
poia_zt_authenticator,PoIA with ZT-Authenticator,80,1203,0.001917,0.018209,0.746917,0.1625,0.932,3400.932
poia_zt_authenticator,PoIA with ZT-Authenticator,80,1204,0.002292,0.024292,0.063292,0.43575,0.528125,3400.528125
poia_zt_authenticator,PoIA with ZT-Authenticator,80,1205,0.002041,0.024125,0.057833,0.119958,0.205875,3400.205875
poia_zt_authenticator,PoIA with ZT-Authenticator,80,1206,0.002375,0.023417,0.605625,0.15,0.784417,3400.784417
poia_zt_authenticator,PoIA with ZT-Authenticator,80,1207,0.001959,0.018084,0.932,0.133875,1.088417,3401.088417
poia_zt_authenticator,PoIA with ZT-Authenticator,80,1208,0.00175,0.018041,1.715708,1.013875,2.752166,3402.752166
poia_zt_authenticator,PoIA with ZT-Authenticator,80,1209,0.00175,0.017625,0.729667,0.123167,0.874041,3400.874041
poia_zt_authenticator,PoIA with ZT-Authenticator,80,1210,0.001667,0.017959,0.335583,0.133292,0.490958,3400.490958
poia_zt_authenticator,PoIA with ZT-Authenticator,80,1211,0.002459,0.028166,0.581542,0.763459,1.379125,3401.379125
poia_zt_authenticator,PoIA with ZT-Authenticator,80,1212,0.002666,0.024667,0.641667,0.13275,0.804667,3400.804667
poia_zt_authenticator,PoIA with ZT-Authenticator,80,1213,0.002041,0.022,0.50875,0.13675,0.672125,3400.672125
poia_zt_authenticator,PoIA with ZT-Authenticator,80,1214,0.001958,0.018209,0.33475,0.575667,0.933667,3400.933667
poia_zt_authenticator,PoIA with ZT-Authenticator,80,1215,0.001458,0.01875,0.723208,0.131,0.876834,3400.876834
poia_zt_authenticator,PoIA with ZT-Authenticator,80,1216,0.002042,0.022208,0.562,0.135625,0.724291,3400.724291
poia_zt_authenticator,PoIA with ZT-Authenticator,80,1217,0.001875,0.01775,0.644834,0.720083,1.387542,3401.387542
poia_zt_authenticator,PoIA with ZT-Authenticator,80,1218,0.002792,0.024375,0.784958,0.143291,0.958458,3400.958458
poia_zt_authenticator,PoIA with ZT-Authenticator,80,1219,0.0025,0.022292,0.718375,0.131458,0.877708,3400.877708
poia_zt_authenticator,PoIA with ZT-Authenticator,80,1220,0.001917,0.018542,0.3305,0.132583,0.485958,3400.485958
poia_zt_authenticator,PoIA with ZT-Authenticator,80,1221,0.001875,0.021583,1.573459,0.131583,1.730916,3401.730916
poia_zt_authenticator,PoIA with ZT-Authenticator,80,1222,0.002541,0.021625,0.741834,0.137709,0.906375,3400.906375
poia_zt_authenticator,PoIA with ZT-Authenticator,80,1223,0.001625,0.017708,1.661292,0.131209,1.814291,3401.814291
poia_zt_authenticator,PoIA with ZT-Authenticator,80,1224,0.002166,0.026125,0.776458,0.133583,0.941167,3400.941167
poia_zt_authenticator,PoIA with ZT-Authenticator,80,1225,0.002416,0.026125,0.921459,0.131916,1.08475,3401.08475
poia_zt_authenticator,PoIA with ZT-Authenticator,80,1226,0.002417,0.026292,1.437125,0.131667,1.600333,3401.600333
poia_zt_authenticator,PoIA with ZT-Authenticator,80,1227,0.002709,0.028791,1.308208,0.135083,1.477792,3401.477792
poia_zt_authenticator,PoIA with ZT-Authenticator,80,1228,0.001833,0.018167,3.556834,0.13225,3.711459,3403.711459
poia_zt_authenticator,PoIA with ZT-Authenticator,80,1229,0.002375,0.026542,0.643042,0.136917,0.811833,3400.811833
poia_zt_authenticator,PoIA with ZT-Authenticator,80,1230,0.00175,0.018417,1.040125,0.135291,1.198041,3401.198041
poia_zt_authenticator,PoIA with ZT-Authenticator,80,1231,0.001708,0.01825,0.056209,0.444584,0.522958,3400.522958
poia_zt_authenticator,PoIA with ZT-Authenticator,80,1232,0.00225,0.02425,0.315708,0.311709,0.657375,3400.657375
poia_zt_authenticator,PoIA with ZT-Authenticator,80,1233,0.002458,0.0285,0.58775,0.506167,1.128584,3401.128584
poia_zt_authenticator,PoIA with ZT-Authenticator,80,1234,0.002,0.022583,0.646,1.117625,1.791333,3401.791333
poia_zt_authenticator,PoIA with ZT-Authenticator,80,1235,0.0025,0.025541,0.365834,0.136625,0.533167,3400.533167
poia_zt_authenticator,PoIA with ZT-Authenticator,80,1236,0.0025,0.024042,0.502208,0.346,0.878208,3400.878208
poia_zt_authenticator,PoIA with ZT-Authenticator,80,1237,0.00175,0.01775,0.655625,0.132208,0.809667,3400.809667
poia_zt_authenticator,PoIA with ZT-Authenticator,80,1238,0.002083,0.021666,0.567167,0.119833,0.712625,3400.712625
poia_zt_authenticator,PoIA with ZT-Authenticator,80,1239,0.002125,0.018292,1.041792,0.132375,1.197125,3401.197125
poia_zt_authenticator,PoIA with ZT-Authenticator,80,1240,0.001834,0.018583,1.160875,0.131667,1.315458,3401.315458
poia_zt_authenticator,PoIA with ZT-Authenticator,80,1241,0.001709,0.01825,0.637292,0.131583,0.79125,3400.79125
poia_zt_authenticator,PoIA with ZT-Authenticator,80,1242,0.00225,0.026584,1.416417,0.133667,1.581834,3401.581834
poia_zt_authenticator,PoIA with ZT-Authenticator,80,1243,0.00275,0.035542,0.551666,0.147208,0.740458,3400.740458
poia_zt_authenticator,PoIA with ZT-Authenticator,80,1244,0.002333,0.023333,0.815,0.137292,0.980917,3400.980917
poia_zt_authenticator,PoIA with ZT-Authenticator,80,1245,0.002166,0.022209,0.959083,0.132959,1.118875,3401.118875
poia_zt_authenticator,PoIA with ZT-Authenticator,80,1246,0.002375,0.02225,1.253917,0.133666,1.41525,3401.41525
poia_zt_authenticator,PoIA with ZT-Authenticator,80,1247,0.002292,0.021958,0.705791,0.133333,0.866084,3400.866084
poia_zt_authenticator,PoIA with ZT-Authenticator,80,1248,0.001833,0.021709,0.93975,0.144292,1.110208,3401.110208
poia_zt_authenticator,PoIA with ZT-Authenticator,80,1249,0.002083,0.022167,1.879958,0.618791,2.52525,3402.52525
poia_zt_authenticator,PoIA with ZT-Authenticator,80,1250,0.001791,0.017792,0.723042,0.13225,0.877375,3400.877375
poia_zt_authenticator,PoIA with ZT-Authenticator,80,1251,0.013583,0.018709,1.112375,0.131459,1.278584,3401.278584
poia_zt_authenticator,PoIA with ZT-Authenticator,80,1252,0.001708,0.017959,0.61075,0.535458,1.168792,3401.168792
poia_zt_authenticator,PoIA with ZT-Authenticator,80,1253,0.004417,0.047125,0.307625,0.164042,0.527667,3400.527667
poia_zt_authenticator,PoIA with ZT-Authenticator,80,1254,0.002333,0.022458,0.756333,0.134083,0.91825,3400.91825
poia_zt_authenticator,PoIA with ZT-Authenticator,80,1255,0.002291,0.018584,0.934375,0.132333,1.090125,3401.090125
poia_zt_authenticator,PoIA with ZT-Authenticator,80,1256,0.00175,0.01775,0.723333,0.1315,0.876792,3400.876792
poia_zt_authenticator,PoIA with ZT-Authenticator,80,1257,0.001833,0.021542,0.483833,1.922625,2.432875,3402.432875
poia_zt_authenticator,PoIA with ZT-Authenticator,80,1258,0.001542,0.017542,1.071167,1.595084,2.703291,3402.703291
poia_zt_authenticator,PoIA with ZT-Authenticator,80,1259,0.002208,0.022916,0.66725,0.132333,0.82725,3400.82725
poia_zt_authenticator,PoIA with ZT-Authenticator,80,1260,0.002667,0.023291,0.323916,0.132833,0.485542,3400.485542
poia_zt_authenticator,PoIA with ZT-Authenticator,80,1261,0.001833,0.018209,1.385417,0.645708,2.054083,3402.054083
poia_zt_authenticator,PoIA with ZT-Authenticator,80,1262,0.001959,0.018041,0.744292,0.625959,1.393417,3401.393417
poia_zt_authenticator,PoIA with ZT-Authenticator,80,1263,0.0025,0.024792,0.718,0.720333,1.469292,3401.469292
poia_zt_authenticator,PoIA with ZT-Authenticator,80,1264,0.002042,0.017875,0.569375,0.132958,0.724833,3400.724833
poia_zt_authenticator,PoIA with ZT-Authenticator,80,1265,0.001709,0.020541,19.261917,8.133042,27.419916,3427.419916
poia_zt_authenticator,PoIA with ZT-Authenticator,80,1266,0.00175,0.01775,8.1125,0.153625,8.288708,3408.288708
poia_zt_authenticator,PoIA with ZT-Authenticator,80,1267,0.002083,0.02525,5.122333,0.133541,5.285667,3405.285667
poia_zt_authenticator,PoIA with ZT-Authenticator,80,1268,0.001833,0.018584,8.069708,0.1335,8.226166,3408.226166
poia_zt_authenticator,PoIA with ZT-Authenticator,80,1269,0.001709,0.017875,5.115166,0.141666,5.278833,3405.278833
poia_zt_authenticator,PoIA with ZT-Authenticator,80,1270,0.001708,0.018042,8.072959,0.141792,8.237042,3408.237042
poia_zt_authenticator,PoIA with ZT-Authenticator,80,1271,0.001708,0.017667,8.00425,0.123125,8.148792,3408.148792
poia_zt_authenticator,PoIA with ZT-Authenticator,80,1272,0.001916,0.021209,5.019083,0.133667,5.178375,3405.178375
poia_zt_authenticator,PoIA with ZT-Authenticator,80,1273,0.001875,0.021709,18.880958,0.147792,19.055375,3419.055375
poia_zt_authenticator,PoIA with ZT-Authenticator,80,1274,0.001792,0.021292,8.0715,0.138458,8.235541,3408.235541
poia_zt_authenticator,PoIA with ZT-Authenticator,80,1275,0.001833,0.017833,25.222916,8.179375,33.424833,3433.424833
poia_zt_authenticator,PoIA with ZT-Authenticator,80,1276,0.001709,0.018416,11.000375,0.131709,11.154666,3411.154666
poia_zt_authenticator,PoIA with ZT-Authenticator,80,1277,0.001666,0.01775,7.974791,0.141541,8.138167,3408.138167
poia_zt_authenticator,PoIA with ZT-Authenticator,80,1278,0.001917,0.021458,8.133667,0.132792,8.29225,3408.29225
poia_zt_authenticator,PoIA with ZT-Authenticator,80,1279,0.00175,0.017916,8.141,0.132458,8.295541,3408.295541
poia_zt_authenticator,PoIA with ZT-Authenticator,80,1280,0.001917,0.021333,19.186209,0.131625,19.343583,3419.343583
poia_zt_authenticator,PoIA with ZT-Authenticator,80,1281,0.001833,0.021458,8.132834,0.13525,8.293791,3408.293791
poia_zt_authenticator,PoIA with ZT-Authenticator,80,1282,0.001667,0.017875,14.024625,19.365333,33.412458,3433.412458
poia_zt_authenticator,PoIA with ZT-Authenticator,80,1283,0.002125,0.02125,11.080209,0.139,11.245208,3411.245208
poia_zt_authenticator,PoIA with ZT-Authenticator,80,1284,0.001834,0.017834,22.167375,0.13275,22.322416,3422.322416
poia_zt_authenticator,PoIA with ZT-Authenticator,80,1285,0.001667,0.017375,8.100375,0.133709,8.255459,3408.255459
poia_zt_authenticator,PoIA with ZT-Authenticator,80,1286,0.002583,0.024375,2.991625,0.132417,3.153833,3403.153833
poia_zt_authenticator,PoIA with ZT-Authenticator,80,1287,0.001792,0.017875,19.287708,0.132291,19.44225,3419.44225
poia_zt_authenticator,PoIA with ZT-Authenticator,80,1288,0.001625,0.017583,8.053875,0.132125,8.20775,3408.20775
poia_zt_authenticator,PoIA with ZT-Authenticator,80,1289,0.001541,0.017666,11.203375,11.038667,22.264167,3422.264167
poia_zt_authenticator,PoIA with ZT-Authenticator,80,1290,0.001625,0.018,8.08475,0.132209,8.239125,3408.239125
poia_zt_authenticator,PoIA with ZT-Authenticator,80,1291,0.001875,0.018291,3.153125,0.133375,3.309042,3403.309042
poia_zt_authenticator,PoIA with ZT-Authenticator,80,1292,0.002,0.018208,3.089834,8.103,11.216,3411.216
poia_zt_authenticator,PoIA with ZT-Authenticator,80,1293,0.001417,0.021875,3.196833,0.131292,3.353958,3403.353958
poia_zt_authenticator,PoIA with ZT-Authenticator,80,1294,0.001625,0.017625,3.193958,0.131333,3.347083,3403.347083
poia_zt_authenticator,PoIA with ZT-Authenticator,80,1295,0.002333,0.02025,3.17,0.131333,3.326583,3403.326583
poia_zt_authenticator,PoIA with ZT-Authenticator,80,1296,0.001833,0.018333,3.175541,0.145167,3.343333,3403.343333
poia_zt_authenticator,PoIA with ZT-Authenticator,80,1297,0.001708,0.018375,3.149875,0.131666,3.304125,3403.304125
poia_zt_authenticator,PoIA with ZT-Authenticator,80,1298,0.001583,0.018,3.0685,11.248083,14.33925,3414.33925
poia_zt_authenticator,PoIA with ZT-Authenticator,80,1299,0.002083,0.019,3.061625,11.271834,14.357708,3414.357708
poia_zt_authenticator,PoIA with ZT-Authenticator,80,1300,0.001666,0.017875,3.243875,0.1325,3.398333,3403.398333
poia_zt_authenticator,PoIA with ZT-Authenticator,80,1301,0.001709,0.017541,3.243375,0.139333,3.404416,3403.404416
poia_zt_authenticator,PoIA with ZT-Authenticator,80,1302,0.00175,0.017541,8.172333,3.268084,11.462708,3411.462708
poia_zt_authenticator,PoIA with ZT-Authenticator,80,1303,0.001833,0.021292,3.259667,0.145333,3.43075,3403.43075
poia_zt_authenticator,PoIA with ZT-Authenticator,80,1304,0.011792,0.018542,11.31775,0.132375,11.483,3411.483
poia_zt_authenticator,PoIA with ZT-Authenticator,80,1305,0.001959,0.018209,3.190833,0.132708,3.34625,3403.34625
poia_zt_authenticator,PoIA with ZT-Authenticator,80,1306,0.00175,0.022334,11.238708,0.131834,11.397125,3411.397125
poia_zt_authenticator,PoIA with ZT-Authenticator,80,1307,0.001833,0.018125,3.268416,0.132875,3.423792,3403.423792
poia_zt_authenticator,PoIA with ZT-Authenticator,80,1308,0.001708,0.018167,3.276083,0.145292,3.443667,3403.443667
poia_zt_authenticator,PoIA with ZT-Authenticator,80,1309,0.001666,0.01775,3.288625,0.136583,3.447084,3403.447084
poia_zt_authenticator,PoIA with ZT-Authenticator,80,1310,0.001709,0.017792,3.293292,0.131542,3.446666,3403.446666
poia_zt_authenticator,PoIA with ZT-Authenticator,80,1311,0.001667,0.018292,6.29825,0.131459,6.452125,3406.452125
poia_zt_authenticator,PoIA with ZT-Authenticator,80,1312,0.001625,0.017583,11.215958,0.132084,11.369625,3411.369625
poia_zt_authenticator,PoIA with ZT-Authenticator,80,1313,0.002041,0.021208,3.240208,0.132042,3.398084,3403.398084
poia_zt_authenticator,PoIA with ZT-Authenticator,80,1314,0.001666,0.017459,14.261083,0.131875,14.414542,3414.414542
poia_zt_authenticator,PoIA with ZT-Authenticator,80,1315,0.002167,0.022375,6.273583,0.132708,6.433375,3406.433375
poia_zt_authenticator,PoIA with ZT-Authenticator,80,1316,0.001666,0.017334,14.266167,0.135709,14.423375,3414.423375
poia_zt_authenticator,PoIA with ZT-Authenticator,80,1317,0.001375,0.017917,22.689167,3.252834,25.964125,3425.964125
poia_zt_authenticator,PoIA with ZT-Authenticator,80,1318,0.00175,0.018125,3.147917,3.279875,6.45075,3406.45075
poia_zt_authenticator,PoIA with ZT-Authenticator,80,1319,0.002709,0.027166,6.449125,0.132584,6.614833,3406.614833
poia_zt_authenticator,PoIA with ZT-Authenticator,80,1320,0.002416,0.023042,3.353667,0.13125,3.513333,3403.513333
poia_zt_authenticator,PoIA with ZT-Authenticator,80,1321,0.001958,0.021292,3.32275,0.141917,3.490458,3403.490458
poia_zt_authenticator,PoIA with ZT-Authenticator,80,1322,0.00175,0.017958,14.466125,0.142709,14.631042,3414.631042
poia_zt_authenticator,PoIA with ZT-Authenticator,80,1323,0.001708,0.017542,3.251875,3.335209,6.609334,3406.609334
poia_zt_authenticator,PoIA with ZT-Authenticator,80,1324,0.001708,0.017583,3.316459,0.143667,3.481834,3403.481834
poia_zt_authenticator,PoIA with ZT-Authenticator,80,1325,0.001542,0.018958,8.171209,6.468834,14.663541,3414.663541
poia_zt_authenticator,PoIA with ZT-Authenticator,80,1326,0.002166,0.023042,3.316542,0.131917,3.476292,3403.476292
poia_zt_authenticator,PoIA with ZT-Authenticator,80,1327,0.00175,0.017834,3.310833,0.132209,3.465,3403.465
poia_zt_authenticator,PoIA with ZT-Authenticator,80,1328,0.001791,0.017875,3.308666,0.131917,3.46275,3403.46275
poia_zt_authenticator,PoIA with ZT-Authenticator,80,1329,0.002,0.018542,3.302625,0.136042,3.461792,3403.461792
poia_zt_authenticator,PoIA with ZT-Authenticator,80,1330,0.00175,0.017917,9.402458,0.132958,9.557667,3409.557667
poia_zt_authenticator,PoIA with ZT-Authenticator,80,1331,0.00175,0.018458,3.292209,0.1315,3.446333,3403.446333
poia_zt_authenticator,PoIA with ZT-Authenticator,80,1332,0.002,0.024166,6.431292,0.131375,6.591542,3406.591542
poia_zt_authenticator,PoIA with ZT-Authenticator,80,1333,0.001833,0.018125,3.286459,0.131542,3.440375,3403.440375
poia_zt_authenticator,PoIA with ZT-Authenticator,80,1334,0.001708,0.017583,6.424833,0.131625,6.578167,3406.578167
poia_zt_authenticator,PoIA with ZT-Authenticator,80,1335,0.001834,0.019208,3.076125,17.378084,20.477833,3420.477833
poia_zt_authenticator,PoIA with ZT-Authenticator,80,1336,0.001625,0.017959,6.404833,0.133916,6.560792,3406.560792
poia_zt_authenticator,PoIA with ZT-Authenticator,80,1337,0.001667,0.018167,3.288125,0.1315,3.441792,3403.441792
poia_zt_authenticator,PoIA with ZT-Authenticator,80,1338,0.001709,0.01775,6.412916,0.132667,6.567541,3406.567541
poia_zt_authenticator,PoIA with ZT-Authenticator,80,1339,0.00175,0.017791,6.401,0.131333,6.55425,3406.55425
poia_zt_authenticator,PoIA with ZT-Authenticator,80,1340,0.002083,0.021458,3.272834,0.13125,3.430083,3403.430083
poia_zt_authenticator,PoIA with ZT-Authenticator,80,1341,0.002125,0.022083,3.249667,0.131291,3.407708,3403.407708
poia_zt_authenticator,PoIA with ZT-Authenticator,80,1342,0.001708,0.021583,6.541792,0.141833,6.709458,3406.709458
poia_zt_authenticator,PoIA with ZT-Authenticator,80,1343,0.001917,0.021291,6.53325,0.132875,6.691834,3406.691834
poia_zt_authenticator,PoIA with ZT-Authenticator,80,1344,0.001584,0.017875,2.822208,29.192334,32.037,3432.037
poia_zt_authenticator,PoIA with ZT-Authenticator,80,1345,0.001708,0.017875,3.230166,0.147792,3.400042,3403.400042
poia_zt_authenticator,PoIA with ZT-Authenticator,80,1346,0.001667,0.018,3.248292,6.542875,9.81375,3409.81375
poia_zt_authenticator,PoIA with ZT-Authenticator,80,1347,0.001917,0.021542,3.330208,0.131583,3.487791,3403.487791
poia_zt_authenticator,PoIA with ZT-Authenticator,80,1348,0.001584,0.021917,3.324334,0.132375,3.482541,3403.482541
poia_zt_authenticator,PoIA with ZT-Authenticator,80,1349,0.001625,0.021375,9.64525,0.141791,9.812542,3409.812542
poia_zt_authenticator,PoIA with ZT-Authenticator,80,1350,0.001708,0.018042,3.313041,0.130917,3.466041,3403.466041
poia_zt_authenticator,PoIA with ZT-Authenticator,80,1351,0.00175,0.018,3.3075,3.342958,6.673166,3406.673166
poia_zt_authenticator,PoIA with ZT-Authenticator,80,1352,0.001625,0.018333,3.3375,0.131458,3.491333,3403.491333
poia_zt_authenticator,PoIA with ZT-Authenticator,80,1353,0.001834,0.017875,12.5425,0.131916,12.696666,3412.696666
poia_zt_authenticator,PoIA with ZT-Authenticator,80,1354,0.002208,0.019041,3.317417,0.132209,3.473542,3403.473542
poia_zt_authenticator,PoIA with ZT-Authenticator,80,1355,0.001708,0.018125,3.326667,0.134583,3.483584,3403.483584
poia_zt_authenticator,PoIA with ZT-Authenticator,80,1356,0.00175,0.018041,3.328875,0.140625,3.491791,3403.491791
poia_zt_authenticator,PoIA with ZT-Authenticator,80,1357,0.001541,0.018208,3.329083,0.142084,3.493417,3403.493417
poia_zt_authenticator,PoIA with ZT-Authenticator,80,1358,0.00175,0.017708,3.341875,0.131792,3.495541,3403.495541
poia_zt_authenticator,PoIA with ZT-Authenticator,80,1359,0.001583,0.018291,3.341667,0.1315,3.495583,3403.495583
poia_zt_authenticator,PoIA with ZT-Authenticator,80,1360,0.001666,0.018083,3.241042,6.523625,9.787333,3409.787333
poia_zt_authenticator,PoIA with ZT-Authenticator,80,1361,0.001625,0.018167,6.507584,0.1445,6.674333,3406.674333
poia_zt_authenticator,PoIA with ZT-Authenticator,80,1362,0.001583,0.022167,3.345833,0.131584,3.503667,3403.503667
poia_zt_authenticator,PoIA with ZT-Authenticator,80,1363,0.00175,0.018,6.5215,0.131792,6.675583,3406.675583
poia_zt_authenticator,PoIA with ZT-Authenticator,80,1364,0.001708,0.018292,3.346958,0.145875,3.515334,3403.515334
poia_zt_authenticator,PoIA with ZT-Authenticator,80,1365,0.001792,0.018375,3.367292,0.132333,3.522083,3403.522083
poia_zt_authenticator,PoIA with ZT-Authenticator,80,1366,0.001708,0.018708,3.367542,0.132417,3.522917,3403.522917
poia_zt_authenticator,PoIA with ZT-Authenticator,80,1367,0.001666,0.018291,3.359,0.132041,3.513417,3403.513417
poia_zt_authenticator,PoIA with ZT-Authenticator,80,1368,0.001791,0.018209,3.357667,0.135375,3.515583,3403.515583
poia_zt_authenticator,PoIA with ZT-Authenticator,80,1369,0.002042,0.022334,3.345708,0.1315,3.504084,3403.504084
poia_zt_authenticator,PoIA with ZT-Authenticator,80,1370,0.001667,0.018666,3.341709,0.131041,3.495584,3403.495584
poia_zt_authenticator,PoIA with ZT-Authenticator,80,1371,0.001667,0.018,20.98075,0.132042,21.134958,3421.134958
poia_zt_authenticator,PoIA with ZT-Authenticator,80,1372,0.001667,0.018083,3.330125,0.131125,3.483459,3403.483459
poia_zt_authenticator,PoIA with ZT-Authenticator,80,1373,0.00175,0.018292,15.80175,0.132,15.95625,3415.95625
poia_zt_authenticator,PoIA with ZT-Authenticator,80,1374,0.001708,0.017791,3.315709,0.131417,3.469084,3403.469084
poia_zt_authenticator,PoIA with ZT-Authenticator,80,1375,0.002041,0.018541,9.715209,0.133958,9.872209,3409.872209
poia_zt_authenticator,PoIA with ZT-Authenticator,80,1376,0.001708,0.017875,3.332459,0.132167,3.486708,3403.486708
poia_zt_authenticator,PoIA with ZT-Authenticator,80,1377,0.001625,0.017959,3.348417,0.132042,3.5025,3403.5025
poia_zt_authenticator,PoIA with ZT-Authenticator,80,1378,0.001625,0.017875,3.345667,0.131791,3.4995,3403.4995
poia_zt_authenticator,PoIA with ZT-Authenticator,80,1379,0.001709,0.018875,3.335542,0.131584,3.49025,3403.49025
poia_zt_authenticator,PoIA with ZT-Authenticator,80,1380,0.001708,0.018625,3.334333,0.1355,3.492542,3403.492542
poia_zt_authenticator,PoIA with ZT-Authenticator,80,1381,0.001625,0.018167,3.339458,0.132667,3.494333,3403.494333
poia_zt_authenticator,PoIA with ZT-Authenticator,80,1382,0.001709,0.018458,3.340084,0.131458,3.494125,3403.494125
poia_zt_authenticator,PoIA with ZT-Authenticator,80,1383,0.001834,0.01825,3.325458,0.14225,3.490333,3403.490333
poia_zt_authenticator,PoIA with ZT-Authenticator,80,1384,0.00175,0.0185,9.736583,0.133875,9.89325,3409.89325
poia_zt_authenticator,PoIA with ZT-Authenticator,80,1385,0.001833,0.018666,3.346333,0.131792,3.501083,3403.501083
poia_zt_authenticator,PoIA with ZT-Authenticator,80,1386,0.0025,0.023125,3.396083,0.132292,3.557,3403.557
poia_zt_authenticator,PoIA with ZT-Authenticator,80,1387,0.001541,0.022084,3.398,0.130708,3.554833,3403.554833
poia_zt_authenticator,PoIA with ZT-Authenticator,80,1388,0.00175,0.017667,3.394416,0.131167,3.547542,3403.547542
poia_zt_authenticator,PoIA with ZT-Authenticator,80,1389,0.001666,0.018458,3.393709,0.132,3.54825,3403.54825
poia_zt_authenticator,PoIA with ZT-Authenticator,80,1390,0.00175,0.018,3.405458,0.130875,3.558584,3403.558584
poia_zt_authenticator,PoIA with ZT-Authenticator,80,1391,0.001625,0.017791,3.401541,0.131042,3.554417,3403.554417
poia_zt_authenticator,PoIA with ZT-Authenticator,80,1392,0.001666,0.018375,3.400708,0.131125,3.554333,3403.554333
poia_zt_authenticator,PoIA with ZT-Authenticator,80,1393,0.001708,0.018625,3.390042,0.134334,3.547292,3403.547292
poia_zt_authenticator,PoIA with ZT-Authenticator,80,1394,0.001666,0.017958,3.391125,0.131583,3.544708,3403.544708
poia_zt_authenticator,PoIA with ZT-Authenticator,80,1395,0.001666,0.018458,3.390917,0.130916,3.544417,3403.544417
poia_zt_authenticator,PoIA with ZT-Authenticator,80,1396,0.001583,0.01775,3.389833,0.142666,3.554208,3403.554208
poia_zt_authenticator,PoIA with ZT-Authenticator,80,1397,0.001709,0.018208,3.390375,0.147541,3.56025,3403.56025
poia_zt_authenticator,PoIA with ZT-Authenticator,80,1398,0.001667,0.017584,8.09575,16.126459,24.2445,3424.2445
poia_zt_authenticator,PoIA with ZT-Authenticator,80,1399,0.001792,0.018708,3.379625,0.131459,3.534292,3403.534292
poia_zt_authenticator,PoIA with ZT-Authenticator,80,1400,0.00175,0.018375,3.386792,0.132125,3.541541,3403.541541
poia_zt_authenticator,PoIA with ZT-Authenticator,80,1401,0.001708,0.021542,12.978084,0.131917,13.135666,3413.135666
poia_zt_authenticator,PoIA with ZT-Authenticator,80,1402,0.001708,0.021875,3.36675,0.131833,3.524709,3403.524709
poia_zt_authenticator,PoIA with ZT-Authenticator,80,1403,0.00175,0.018125,3.371166,0.141042,3.534667,3403.534667
poia_zt_authenticator,PoIA with ZT-Authenticator,80,1404,0.001625,0.018541,3.374709,0.136084,3.533542,3403.533542
poia_zt_authenticator,PoIA with ZT-Authenticator,80,1405,0.001792,0.018208,3.378958,0.131333,3.532709,3403.532709
poia_zt_authenticator,PoIA with ZT-Authenticator,80,1406,0.001666,0.018666,3.379125,0.131166,3.533042,3403.533042
poia_zt_authenticator,PoIA with ZT-Authenticator,80,1407,0.001625,0.017875,3.368458,0.131458,3.521875,3403.521875
poia_zt_authenticator,PoIA with ZT-Authenticator,80,1408,0.001875,0.018584,3.35875,0.131708,3.513375,3403.513375
poia_zt_authenticator,PoIA with ZT-Authenticator,80,1409,0.002625,0.023084,3.417833,0.131458,3.578167,3403.578167
poia_zt_authenticator,PoIA with ZT-Authenticator,80,1410,0.001583,0.018042,3.424959,0.140875,3.587917,3403.587917
poia_zt_authenticator,PoIA with ZT-Authenticator,80,1411,0.001625,0.017958,3.461042,0.131458,3.614584,3403.614584
poia_zt_authenticator,PoIA with ZT-Authenticator,80,1412,0.001833,0.017916,3.461416,0.131834,3.615375,3403.615375
poia_zt_authenticator,PoIA with ZT-Authenticator,80,1413,0.001625,0.017709,3.462791,0.13125,3.615792,3403.615792
poia_zt_authenticator,PoIA with ZT-Authenticator,80,1414,0.001667,0.032584,3.446,0.136,3.618833,3403.618833
poia_zt_authenticator,PoIA with ZT-Authenticator,80,1415,0.001708,0.021667,3.450375,0.193167,3.669417,3403.669417
poia_zt_authenticator,PoIA with ZT-Authenticator,80,1416,0.001583,0.018084,3.442417,0.122125,3.586167,3403.586167
poia_zt_authenticator,PoIA with ZT-Authenticator,80,1417,0.00175,0.017958,3.428042,0.131625,3.581792,3403.581792
poia_zt_authenticator,PoIA with ZT-Authenticator,80,1418,0.001542,0.018208,3.429791,0.134625,3.586583,3403.586583
poia_zt_authenticator,PoIA with ZT-Authenticator,80,1419,0.001667,0.018125,3.420792,0.1315,3.574458,3403.574458
poia_zt_authenticator,PoIA with ZT-Authenticator,80,1420,0.001708,0.01825,3.416417,0.130959,3.569792,3403.569792
poia_zt_authenticator,PoIA with ZT-Authenticator,80,1421,0.001833,0.018792,19.3995,0.131417,19.554,3419.554
poia_zt_authenticator,PoIA with ZT-Authenticator,80,1422,0.001583,0.017834,3.394083,0.141666,3.557542,3403.557542
poia_zt_authenticator,PoIA with ZT-Authenticator,80,1423,0.001709,0.018125,3.283875,13.119625,16.426375,3416.426375
poia_zt_authenticator,PoIA with ZT-Authenticator,80,1424,0.001625,0.018125,3.414792,0.131167,3.568167,3403.568167
poia_zt_authenticator,PoIA with ZT-Authenticator,80,1425,0.001708,0.01825,3.413959,0.131708,3.568084,3403.568084
poia_zt_authenticator,PoIA with ZT-Authenticator,80,1426,0.001917,0.022,9.875208,0.131042,10.032667,3410.032667
poia_zt_authenticator,PoIA with ZT-Authenticator,80,1427,0.001625,0.021875,3.399791,0.130667,3.556458,3403.556458
poia_zt_authenticator,PoIA with ZT-Authenticator,80,1428,0.00175,0.018209,9.8705,0.13125,10.024125,3410.024125
poia_zt_authenticator,PoIA with ZT-Authenticator,80,1429,0.001625,0.018166,3.398,0.131125,3.551291,3403.551291
poia_zt_authenticator,PoIA with ZT-Authenticator,80,1430,0.001583,0.017916,3.372209,0.122584,3.516208,3403.516208
poia_zt_authenticator,PoIA with ZT-Authenticator,80,1431,0.00175,0.018541,3.366334,0.134,3.523167,3403.523167
poia_zt_authenticator,PoIA with ZT-Authenticator,80,1432,0.00175,0.0175,6.437625,13.208833,19.668708,3419.668708
poia_zt_authenticator,PoIA with ZT-Authenticator,80,1433,0.002875,0.0225,3.334542,0.146083,3.509125,3403.509125
poia_zt_authenticator,PoIA with ZT-Authenticator,80,1434,0.001666,0.017917,3.34375,0.131542,3.497292,3403.497292
poia_zt_authenticator,PoIA with ZT-Authenticator,80,1435,0.001583,0.017959,3.342333,0.130833,3.495,3403.495
poia_zt_authenticator,PoIA with ZT-Authenticator,80,1436,0.00175,0.018042,3.340916,0.149708,3.51275,3403.51275
poia_zt_authenticator,PoIA with ZT-Authenticator,80,1437,0.001542,0.018291,3.336333,0.14525,3.503875,3403.503875
poia_zt_authenticator,PoIA with ZT-Authenticator,80,1438,0.001708,0.018458,9.937125,3.383208,13.343584,3413.343584
poia_zt_authenticator,PoIA with ZT-Authenticator,80,1439,0.001666,0.017916,3.450459,3.403708,6.876708,3406.876708
poia_zt_authenticator,PoIA with ZT-Authenticator,80,1440,0.001792,0.021375,9.909875,3.411834,13.347833,3413.347833
poia_zt_authenticator,PoIA with ZT-Authenticator,80,1441,0.001875,0.021541,13.183959,0.12175,13.331042,3413.331042
poia_zt_authenticator,PoIA with ZT-Authenticator,80,1442,0.001625,0.017667,3.466166,0.141666,3.629708,3403.629708
poia_zt_authenticator,PoIA with ZT-Authenticator,80,1443,0.002,0.021583,6.7565,0.141709,6.924334,3406.924334
poia_zt_authenticator,PoIA with ZT-Authenticator,80,1444,0.001625,0.017958,3.490625,0.13175,3.644375,3403.644375
poia_zt_authenticator,PoIA with ZT-Authenticator,80,1445,0.001625,0.018083,6.767208,0.13175,6.921042,3406.921042
poia_zt_authenticator,PoIA with ZT-Authenticator,80,1446,0.001667,0.017959,3.482333,0.130875,3.635291,3403.635291
poia_zt_authenticator,PoIA with ZT-Authenticator,80,1447,0.001834,0.021166,3.472834,0.131292,3.6295,3403.6295
poia_zt_authenticator,PoIA with ZT-Authenticator,80,1448,0.001625,0.018208,3.470709,0.131792,3.624625,3403.624625
poia_zt_authenticator,PoIA with ZT-Authenticator,80,1449,0.001625,0.018041,3.470834,0.141041,3.634042,3403.634042
poia_zt_authenticator,PoIA with ZT-Authenticator,80,1450,0.001583,0.017584,3.485042,0.132333,3.638958,3403.638958
poia_zt_authenticator,PoIA with ZT-Authenticator,80,1451,0.001583,0.018292,3.4865,0.131292,3.64,3403.64
poia_zt_authenticator,PoIA with ZT-Authenticator,80,1452,0.001584,0.017708,3.489167,0.131417,3.642291,3403.642291
poia_zt_authenticator,PoIA with ZT-Authenticator,80,1453,0.00175,0.017791,3.488292,0.131958,3.642167,3403.642167
poia_zt_authenticator,PoIA with ZT-Authenticator,80,1454,0.001708,0.017917,19.794417,0.131625,19.948125,3419.948125
poia_zt_authenticator,PoIA with ZT-Authenticator,80,1455,0.001458,0.021666,3.525667,0.131,3.682208,3403.682208
poia_zt_authenticator,PoIA with ZT-Authenticator,80,1456,0.001959,0.021833,3.518167,0.134667,3.679208,3403.679208
poia_zt_authenticator,PoIA with ZT-Authenticator,80,1457,0.001917,0.01875,3.515875,0.133959,3.673,3403.673
poia_zt_authenticator,PoIA with ZT-Authenticator,80,1458,0.001625,0.017833,3.521917,0.131333,3.675125,3403.675125
poia_zt_authenticator,PoIA with ZT-Authenticator,80,1459,0.001625,0.018083,3.52325,0.1315,3.676916,3403.676916
poia_zt_authenticator,PoIA with ZT-Authenticator,80,1460,0.001583,0.018083,3.5065,0.131791,3.660334,3403.660334
poia_zt_authenticator,PoIA with ZT-Authenticator,80,1461,0.001666,0.018084,3.5115,0.134417,3.668125,3403.668125
poia_zt_authenticator,PoIA with ZT-Authenticator,80,1462,0.001875,0.020875,3.483667,0.135208,3.644041,3403.644041
poia_zt_authenticator,PoIA with ZT-Authenticator,80,1463,0.001666,0.017916,3.488583,0.133042,3.643625,3403.643625
poia_zt_authenticator,PoIA with ZT-Authenticator,80,1464,0.002041,0.018208,9.721792,13.2675,23.012625,3423.012625
poia_zt_authenticator,PoIA with ZT-Authenticator,80,1465,0.001584,0.017875,6.802667,0.133667,6.958166,3406.958166
poia_zt_authenticator,PoIA with ZT-Authenticator,80,1466,0.001833,0.018042,3.436208,0.131625,3.590292,3403.590292
poia_zt_authenticator,PoIA with ZT-Authenticator,80,1467,0.001542,0.017875,6.805625,0.132667,6.960208,3406.960208
poia_zt_authenticator,PoIA with ZT-Authenticator,80,1468,0.001666,0.017833,3.432917,0.131333,3.58625,3403.58625
poia_zt_authenticator,PoIA with ZT-Authenticator,80,1469,0.001875,0.018125,19.78525,0.13125,19.938917,3419.938917
poia_zt_authenticator,PoIA with ZT-Authenticator,80,1470,0.0015,0.018042,3.444792,0.1315,3.598125,3403.598125
poia_zt_authenticator,PoIA with ZT-Authenticator,80,1471,0.001583,0.018208,19.786959,0.132,19.941125,3419.941125
poia_zt_authenticator,PoIA with ZT-Authenticator,80,1472,0.001792,0.018291,3.448792,0.131375,3.602709,3403.602709
poia_zt_authenticator,PoIA with ZT-Authenticator,80,1473,0.00175,0.017959,3.45525,0.131458,3.608875,3403.608875
poia_zt_authenticator,PoIA with ZT-Authenticator,80,1474,0.001708,0.018958,3.453417,0.131416,3.607917,3403.607917
poia_zt_authenticator,PoIA with ZT-Authenticator,80,1475,0.001666,0.018,3.46275,0.131667,3.616458,3403.616458
poia_zt_authenticator,PoIA with ZT-Authenticator,80,1476,0.001708,0.019167,3.460042,0.13125,3.614583,3403.614583
poia_zt_authenticator,PoIA with ZT-Authenticator,80,1477,0.001625,0.017584,3.459292,0.131375,3.612209,3403.612209
poia_zt_authenticator,PoIA with ZT-Authenticator,80,1478,0.00175,0.018083,3.459292,0.131,3.612584,3403.612584
poia_zt_authenticator,PoIA with ZT-Authenticator,80,1479,0.002,0.021875,23.0935,0.131458,23.25125,3423.25125
poia_zt_authenticator,PoIA with ZT-Authenticator,80,1480,0.001625,0.019458,3.450334,0.131875,3.605709,3403.605709
poia_zt_authenticator,PoIA with ZT-Authenticator,80,1481,0.001875,0.018375,23.090709,0.141708,23.255083,3423.255083
poia_zt_authenticator,PoIA with ZT-Authenticator,80,1482,0.001583,0.017958,3.450334,0.143208,3.615583,3403.615583
poia_zt_authenticator,PoIA with ZT-Authenticator,80,1483,0.001791,0.0185,3.386125,6.855083,10.264417,3410.264417
poia_zt_authenticator,PoIA with ZT-Authenticator,80,1484,0.001625,0.018334,3.490083,0.131834,3.644334,3403.644334
poia_zt_authenticator,PoIA with ZT-Authenticator,80,1485,0.001583,0.018458,3.489292,0.131542,3.643292,3403.643292
poia_zt_authenticator,PoIA with ZT-Authenticator,80,1486,0.001708,0.018292,13.099542,6.882916,20.005459,3420.005459
poia_zt_authenticator,PoIA with ZT-Authenticator,80,1487,0.001625,0.021333,3.464667,6.770125,10.260667,3410.260667
poia_zt_authenticator,PoIA with ZT-Authenticator,80,1488,0.001875,0.018208,3.528792,0.131875,3.683167,3403.683167
poia_zt_authenticator,PoIA with ZT-Authenticator,80,1489,0.001666,0.018459,3.52875,0.133208,3.684417,3403.684417
poia_zt_authenticator,PoIA with ZT-Authenticator,80,1490,0.00175,0.018333,16.734875,0.133083,16.890334,3416.890334
poia_zt_authenticator,PoIA with ZT-Authenticator,80,1491,0.002125,0.018042,3.503375,0.132666,3.658875,3403.658875
poia_zt_authenticator,PoIA with ZT-Authenticator,80,1492,0.001541,0.018709,9.811958,13.503125,23.338291,3423.338291
poia_zt_authenticator,PoIA with ZT-Authenticator,80,1493,0.00175,0.018375,3.532625,0.131292,3.6865,3403.6865
poia_zt_authenticator,PoIA with ZT-Authenticator,80,1494,0.00175,0.028333,3.523667,0.131875,3.688083,3403.688083
poia_zt_authenticator,PoIA with ZT-Authenticator,80,1495,0.001833,0.018375,3.52375,0.131625,3.678,3403.678
poia_zt_authenticator,PoIA with ZT-Authenticator,80,1496,0.001792,0.021875,3.519958,0.132959,3.678958,3403.678958
poia_zt_authenticator,PoIA with ZT-Authenticator,80,1497,0.001708,0.018,3.533458,0.133083,3.688708,3403.688708
poia_zt_authenticator,PoIA with ZT-Authenticator,80,1498,0.001667,0.018583,3.533791,0.132208,3.688584,3403.688584
poia_zt_authenticator,PoIA with ZT-Authenticator,80,1499,0.002541,0.02325,16.423917,10.324459,26.777334,3426.777334
poia_zt_authenticator,PoIA with ZT-Authenticator,80,1500,0.001833,0.017959,26.621416,0.131417,26.775167,3426.775167
poia_zt_authenticator,PoIA with ZT-Authenticator,80,1501,0.001666,0.018167,3.608459,0.132208,3.762916,3403.762916
poia_zt_authenticator,PoIA with ZT-Authenticator,80,1502,0.001583,0.017834,3.37175,10.373958,13.768083,3413.768083
poia_zt_authenticator,PoIA with ZT-Authenticator,80,1503,0.001708,0.017917,3.623417,0.132042,3.7775,3403.7775
poia_zt_authenticator,PoIA with ZT-Authenticator,80,1504,0.001666,0.018417,3.624833,0.141208,3.788583,3403.788583
poia_zt_authenticator,PoIA with ZT-Authenticator,80,1505,0.001667,0.017875,3.644792,0.133792,3.800583,3403.800583
poia_zt_authenticator,PoIA with ZT-Authenticator,80,1506,0.001708,0.018334,3.646625,0.131625,3.806333,3403.806333
poia_zt_authenticator,PoIA with ZT-Authenticator,80,1507,0.001583,0.017959,3.652375,0.131459,3.805792,3403.805792
poia_zt_authenticator,PoIA with ZT-Authenticator,80,1508,0.001791,0.018416,3.651041,0.13225,3.805792,3403.805792
poia_zt_authenticator,PoIA with ZT-Authenticator,80,1509,0.001708,0.018334,3.640333,0.131334,3.794209,3403.794209
poia_zt_authenticator,PoIA with ZT-Authenticator,80,1510,0.001625,0.01825,3.639166,0.131625,3.793333,3403.793333
poia_zt_authenticator,PoIA with ZT-Authenticator,80,1511,0.001333,0.018,6.770209,7.0065,13.798958,3413.798958
poia_zt_authenticator,PoIA with ZT-Authenticator,80,1512,0.001666,0.018334,3.640042,0.131375,3.793875,3403.793875
poia_zt_authenticator,PoIA with ZT-Authenticator,80,1513,0.001833,0.018375,3.640584,0.13125,3.7945,3403.7945
poia_zt_authenticator,PoIA with ZT-Authenticator,80,1514,0.002,0.02175,6.994042,0.132167,7.152416,3407.152416
poia_zt_authenticator,PoIA with ZT-Authenticator,80,1515,0.001708,0.02,10.228791,0.131875,10.384792,3410.384792
poia_zt_authenticator,PoIA with ZT-Authenticator,80,1516,0.001708,0.0185,6.912584,0.132292,7.0675,3407.0675
poia_zt_authenticator,PoIA with ZT-Authenticator,80,1517,0.002041,0.018875,3.587833,0.133667,3.744958,3403.744958
poia_zt_authenticator,PoIA with ZT-Authenticator,80,1518,0.001792,0.0185,10.327334,0.135833,10.485833,3410.485833
poia_zt_authenticator,PoIA with ZT-Authenticator,80,1519,0.001708,0.018667,16.972667,0.1315,17.127041,3417.127041
poia_zt_authenticator,PoIA with ZT-Authenticator,80,1520,0.001792,0.019917,10.322958,0.132708,10.479916,3410.479916
poia_zt_authenticator,PoIA with ZT-Authenticator,80,1521,0.001667,0.018333,16.974625,0.131958,17.128834,3417.128834
poia_zt_authenticator,PoIA with ZT-Authenticator,80,1522,0.0025,0.023417,7.081208,0.131334,7.241583,3407.241583
poia_zt_authenticator,PoIA with ZT-Authenticator,80,1523,0.001875,0.018458,3.600458,0.131416,3.754583,3403.754583
poia_zt_authenticator,PoIA with ZT-Authenticator,80,1524,0.001708,0.018417,7.096083,0.133333,7.252083,3407.252083
poia_zt_authenticator,PoIA with ZT-Authenticator,80,1525,0.001791,0.018542,13.837209,0.132083,13.992083,3413.992083
poia_zt_authenticator,PoIA with ZT-Authenticator,80,1526,0.001792,0.017875,19.786166,10.454916,30.263708,3430.263708
poia_zt_authenticator,PoIA with ZT-Authenticator,80,1527,0.001875,0.02175,3.589625,0.144458,3.760166,3403.760166
poia_zt_authenticator,PoIA with ZT-Authenticator,80,1528,0.001708,0.017792,3.601083,0.131959,3.755042,3403.755042
poia_zt_authenticator,PoIA with ZT-Authenticator,80,1529,0.00175,0.025291,3.584125,0.132291,3.745959,3403.745959
poia_zt_authenticator,PoIA with ZT-Authenticator,80,1530,0.001625,0.017917,3.587875,0.1435,3.753416,3403.753416
poia_zt_authenticator,PoIA with ZT-Authenticator,80,1531,0.001667,0.018292,10.461125,0.135166,10.618708,3410.618708
poia_zt_authenticator,PoIA with ZT-Authenticator,80,1532,0.001875,0.027417,3.467875,10.484,13.984209,3413.984209
poia_zt_authenticator,PoIA with ZT-Authenticator,80,1533,0.00175,0.021792,3.60825,0.132459,3.766666,3403.766666
poia_zt_authenticator,PoIA with ZT-Authenticator,80,1534,0.001667,0.018125,3.613125,0.1325,3.767833,3403.767833
poia_zt_authenticator,PoIA with ZT-Authenticator,80,1535,0.001584,0.01825,3.581667,0.131834,3.735708,3403.735708
poia_zt_authenticator,PoIA with ZT-Authenticator,80,1536,0.00175,0.018417,3.581708,0.144208,3.748666,3403.748666
poia_zt_authenticator,PoIA with ZT-Authenticator,80,1537,0.001666,0.018083,3.600625,0.131625,3.754459,3403.754459
poia_zt_authenticator,PoIA with ZT-Authenticator,80,1538,0.001708,0.018333,3.600625,0.134542,3.757625,3403.757625
poia_zt_authenticator,PoIA with ZT-Authenticator,80,1539,0.001708,0.018333,3.596708,0.131584,3.750958,3403.750958
poia_zt_authenticator,PoIA with ZT-Authenticator,80,1540,0.001917,0.022041,7.056,0.131833,7.214416,3407.214416
poia_zt_authenticator,PoIA with ZT-Authenticator,80,1541,0.001708,0.018542,7.051917,0.132041,7.20675,3407.20675
poia_zt_authenticator,PoIA with ZT-Authenticator,80,1542,0.001583,0.01825,7.051375,0.134792,7.208583,3407.208583
poia_zt_authenticator,PoIA with ZT-Authenticator,80,1543,0.001875,0.021625,7.060166,0.131125,7.217334,3407.217334
poia_zt_authenticator,PoIA with ZT-Authenticator,80,1544,0.001917,0.01825,3.579917,0.134042,3.736583,3403.736583
poia_zt_authenticator,PoIA with ZT-Authenticator,80,1545,0.00275,0.027,3.64425,0.131833,3.809,3403.809
poia_zt_authenticator,PoIA with ZT-Authenticator,80,1546,0.001833,0.018708,7.124541,0.131834,7.279291,3407.279291
poia_zt_authenticator,PoIA with ZT-Authenticator,80,1547,0.001792,0.0215,3.637791,0.131541,3.795083,3403.795083
poia_zt_authenticator,PoIA with ZT-Authenticator,80,1548,0.00175,0.018,7.104,0.131083,7.257292,3407.257292
poia_zt_authenticator,PoIA with ZT-Authenticator,80,1549,0.002,0.021875,3.601958,0.134375,3.762625,3403.762625
poia_zt_authenticator,PoIA with ZT-Authenticator,80,1550,0.001792,0.01825,3.601417,0.131042,3.755,3403.755
poia_zt_authenticator,PoIA with ZT-Authenticator,80,1551,0.001667,0.017916,3.599417,0.131167,3.752666,3403.752666
poia_zt_authenticator,PoIA with ZT-Authenticator,80,1552,0.001709,0.018041,3.596959,0.13175,3.750916,3403.750916
poia_zt_authenticator,PoIA with ZT-Authenticator,80,1553,0.001667,0.018125,3.57175,0.130583,3.7245,3403.7245
poia_zt_authenticator,PoIA with ZT-Authenticator,80,1554,0.001625,0.017917,3.570792,0.132417,3.725167,3403.725167
poia_zt_authenticator,PoIA with ZT-Authenticator,80,1555,0.002041,0.022084,3.558666,0.146417,3.73175,3403.73175
poia_zt_authenticator,PoIA with ZT-Authenticator,80,1556,0.001875,0.038041,7.037917,0.132291,7.213959,3407.213959
poia_zt_authenticator,PoIA with ZT-Authenticator,80,1557,0.002,0.0215,7.067959,3.598208,10.692542,3410.692542
poia_zt_authenticator,PoIA with ZT-Authenticator,80,1558,0.001625,0.018166,10.538125,0.131916,10.69225,3410.69225
poia_zt_authenticator,PoIA with ZT-Authenticator,80,1559,0.001666,0.018458,10.535833,0.133459,10.691833,3410.691833
poia_zt_authenticator,PoIA with ZT-Authenticator,80,1560,0.001625,0.017792,3.606042,0.143625,3.7715,3403.7715
poia_zt_authenticator,PoIA with ZT-Authenticator,80,1561,0.00175,0.018042,3.603209,0.142208,3.767666,3403.767666
poia_zt_authenticator,PoIA with ZT-Authenticator,80,1562,0.001667,0.018083,3.61275,0.131583,3.766584,3403.766584
poia_zt_authenticator,PoIA with ZT-Authenticator,80,1563,0.001792,0.01825,7.064459,0.133084,7.220084,3407.220084
poia_zt_authenticator,PoIA with ZT-Authenticator,80,1564,0.001667,0.01825,7.051958,3.632334,10.70725,3410.70725
poia_zt_authenticator,PoIA with ZT-Authenticator,80,1565,0.001708,0.018292,7.080833,0.130875,7.23425,3407.23425
poia_zt_authenticator,PoIA with ZT-Authenticator,80,1566,0.001666,0.01775,7.130542,0.131958,7.2845,3407.2845
poia_zt_authenticator,PoIA with ZT-Authenticator,80,1567,0.001708,0.018167,3.609208,0.131083,3.76275,3403.76275
poia_zt_authenticator,PoIA with ZT-Authenticator,80,1568,0.001708,0.018292,7.108792,0.131125,7.262417,3407.262417
poia_zt_authenticator,PoIA with ZT-Authenticator,80,1569,0.001667,0.017958,3.607875,0.134959,3.764917,3403.764917
poia_zt_authenticator,PoIA with ZT-Authenticator,80,1570,0.002041,0.022208,30.379917,3.636792,34.044,3434.044
poia_zt_authenticator,PoIA with ZT-Authenticator,80,1571,0.001625,0.018125,3.447916,24.026333,27.496958,3427.496958
poia_zt_authenticator,PoIA with ZT-Authenticator,80,1572,0.001959,0.018541,17.442584,0.145333,17.611,3417.611
poia_zt_authenticator,PoIA with ZT-Authenticator,80,1573,0.001667,0.018291,3.59175,7.14925,10.763959,3410.763959
poia_zt_authenticator,PoIA with ZT-Authenticator,80,1574,0.001708,0.018084,3.649958,0.143334,3.8155,3403.8155
poia_zt_authenticator,PoIA with ZT-Authenticator,80,1575,0.001792,0.017792,3.663625,0.131792,3.817416,3403.817416
poia_zt_authenticator,PoIA with ZT-Authenticator,80,1576,0.001708,0.018,3.664291,0.132041,3.818375,3403.818375
poia_zt_authenticator,PoIA with ZT-Authenticator,80,1577,0.002,0.025959,7.096334,7.151375,14.27875,3414.27875
poia_zt_authenticator,PoIA with ZT-Authenticator,80,1578,0.001708,0.01775,3.69325,0.130792,3.845917,3403.845917
poia_zt_authenticator,PoIA with ZT-Authenticator,80,1579,0.001709,0.018,3.691708,0.131708,3.8455,3403.8455
poia_zt_authenticator,PoIA with ZT-Authenticator,80,1580,0.001666,0.018167,3.675792,0.13075,3.828792,3403.828792
poia_zt_authenticator,PoIA with ZT-Authenticator,80,1581,0.001625,0.018166,7.142292,0.131375,7.295917,3407.295917
poia_zt_authenticator,PoIA with ZT-Authenticator,80,1582,0.00175,0.02275,7.124417,0.131958,7.283375,3407.283375
poia_zt_authenticator,PoIA with ZT-Authenticator,80,1583,0.001875,0.018208,17.23975,3.687958,20.95075,3420.95075
poia_zt_authenticator,PoIA with ZT-Authenticator,80,1584,0.00175,0.0185,3.598916,10.56625,14.188459,3414.188459
poia_zt_authenticator,PoIA with ZT-Authenticator,80,1585,0.001959,0.018625,10.62925,0.132791,10.785167,3410.785167
poia_zt_authenticator,PoIA with ZT-Authenticator,80,1586,0.001958,0.018083,3.660834,0.132,3.8155,3403.8155
poia_zt_authenticator,PoIA with ZT-Authenticator,80,1587,0.00175,0.017917,7.166667,0.131625,7.320375,3407.320375
poia_zt_authenticator,PoIA with ZT-Authenticator,80,1588,0.001666,0.021458,3.669083,0.133042,3.82775,3403.82775
poia_zt_authenticator,PoIA with ZT-Authenticator,80,1589,0.002083,0.021792,3.660416,0.131208,3.818084,3403.818084
poia_zt_authenticator,PoIA with ZT-Authenticator,80,1590,0.00175,0.018417,3.614,3.754667,7.391875,3407.391875
poia_zt_authenticator,PoIA with ZT-Authenticator,80,1591,0.001917,0.021916,10.600959,3.772958,14.400833,3414.400833
poia_zt_authenticator,PoIA with ZT-Authenticator,80,1592,0.001584,0.018375,7.261666,0.131,7.415083,3407.415083
poia_zt_authenticator,PoIA with ZT-Authenticator,80,1593,0.001708,0.017959,14.246041,0.144417,14.412583,3414.412583
poia_zt_authenticator,PoIA with ZT-Authenticator,80,1594,0.001791,0.018333,3.617042,7.294125,10.934208,3410.934208
poia_zt_authenticator,PoIA with ZT-Authenticator,80,1595,0.001666,0.018333,7.274292,0.143834,7.4405,3407.4405
poia_zt_authenticator,PoIA with ZT-Authenticator,80,1596,0.001792,0.017917,3.793583,0.131375,3.947083,3403.947083
poia_zt_authenticator,PoIA with ZT-Authenticator,80,1597,0.001792,0.021875,3.775917,0.131125,3.933208,3403.933208
poia_zt_authenticator,PoIA with ZT-Authenticator,80,1598,0.00175,0.018167,3.757625,0.132958,3.912875,3403.912875
poia_zt_authenticator,PoIA with ZT-Authenticator,80,1599,0.001875,0.021208,24.469875,0.131875,24.62725,3424.62725
poia_zt_authenticator,PoIA with ZT-Authenticator,80,1600,0.001583,0.017959,7.055542,7.31375,14.391833,3414.391833
poia_zt_authenticator,PoIA with ZT-Authenticator,80,1601,0.001666,0.01825,3.599334,10.792542,14.414792,3414.414792
poia_zt_authenticator,PoIA with ZT-Authenticator,80,1602,0.00175,0.017834,3.787792,0.131875,3.941667,3403.941667
poia_zt_authenticator,PoIA with ZT-Authenticator,80,1603,0.001583,0.022792,3.782333,0.131375,3.940542,3403.940542
poia_zt_authenticator,PoIA with ZT-Authenticator,80,1604,0.00175,0.017916,3.759708,0.130459,3.91225,3403.91225
poia_zt_authenticator,PoIA with ZT-Authenticator,80,1605,0.001667,0.018291,3.762166,0.132292,3.916916,3403.916916
poia_zt_authenticator,PoIA with ZT-Authenticator,80,1606,0.001833,0.021834,3.669791,3.776333,7.47275,3407.47275
poia_zt_authenticator,PoIA with ZT-Authenticator,80,1607,0.001792,0.018042,3.76725,0.13375,3.923416,3403.923416
poia_zt_authenticator,PoIA with ZT-Authenticator,80,1608,0.00175,0.018375,3.768334,0.131833,3.92275,3403.92275
poia_zt_authenticator,PoIA with ZT-Authenticator,80,1609,0.001791,0.018334,7.204458,0.1355,7.362542,3407.362542
poia_zt_authenticator,PoIA with ZT-Authenticator,80,1610,0.002042,0.018583,3.724584,0.132667,3.880583,3403.880583
poia_zt_authenticator,PoIA with ZT-Authenticator,80,1611,0.001708,0.018334,3.733833,0.131125,3.887291,3403.887291
poia_zt_authenticator,PoIA with ZT-Authenticator,80,1612,0.001625,0.017833,3.612042,7.316958,10.951375,3410.951375
poia_zt_authenticator,PoIA with ZT-Authenticator,80,1613,0.00175,0.018334,3.76175,0.136334,3.9205,3403.9205
poia_zt_authenticator,PoIA with ZT-Authenticator,80,1614,0.002459,0.02325,3.830583,0.132459,3.991833,3403.991833
poia_zt_authenticator,PoIA with ZT-Authenticator,80,1615,0.001917,0.022167,3.833125,0.132417,3.992042,3403.992042
poia_zt_authenticator,PoIA with ZT-Authenticator,80,1616,0.001875,0.021875,3.827584,0.131166,3.984917,3403.984917
poia_zt_authenticator,PoIA with ZT-Authenticator,80,1617,0.001791,0.021167,3.809292,0.131,3.965625,3403.965625
poia_zt_authenticator,PoIA with ZT-Authenticator,80,1618,0.00175,0.028875,3.793958,0.131084,3.95825,3403.95825
poia_zt_authenticator,PoIA with ZT-Authenticator,80,1619,0.001875,0.021709,3.786083,0.133083,3.945291,3403.945291
poia_zt_authenticator,PoIA with ZT-Authenticator,80,1620,0.001834,0.018166,3.784958,0.134292,3.941708,3403.941708
poia_zt_authenticator,PoIA with ZT-Authenticator,80,1621,0.00175,0.017875,3.787583,0.131209,3.940875,3403.940875
poia_zt_authenticator,PoIA with ZT-Authenticator,80,1622,0.001625,0.017875,3.788083,0.131667,3.941709,3403.941709
poia_zt_authenticator,PoIA with ZT-Authenticator,80,1623,0.001708,0.017875,3.785833,0.130959,3.93875,3403.93875
poia_zt_authenticator,PoIA with ZT-Authenticator,80,1624,0.001917,0.018083,3.783917,0.130917,3.93725,3403.93725
poia_zt_authenticator,PoIA with ZT-Authenticator,80,1625,0.001875,0.021333,7.394375,0.145917,7.565916,3407.565916
poia_zt_authenticator,PoIA with ZT-Authenticator,80,1626,0.001875,0.022292,21.373667,0.1475,21.547833,3421.547833
poia_zt_authenticator,PoIA with ZT-Authenticator,80,1627,0.001625,0.018209,10.776875,3.7825,14.582084,3414.582084
poia_zt_authenticator,PoIA with ZT-Authenticator,80,1628,0.001666,0.018416,3.579041,11.001541,14.603542,3414.603542
poia_zt_authenticator,PoIA with ZT-Authenticator,80,1629,0.001667,0.017875,3.670875,7.4715,11.164875,3411.164875
poia_zt_authenticator,PoIA with ZT-Authenticator,80,1630,0.00175,0.018125,3.829584,0.131333,3.983292,3403.983292
poia_zt_authenticator,PoIA with ZT-Authenticator,80,1631,0.001916,0.018208,3.824167,0.139334,3.986042,3403.986042
poia_zt_authenticator,PoIA with ZT-Authenticator,80,1632,0.001667,0.017708,7.319292,3.835958,11.177708,3411.177708
poia_zt_authenticator,PoIA with ZT-Authenticator,80,1633,0.001625,0.018042,7.316708,3.865667,11.204917,3411.204917
poia_zt_authenticator,PoIA with ZT-Authenticator,80,1634,0.001959,0.021792,7.480458,0.136083,7.642875,3407.642875
poia_zt_authenticator,PoIA with ZT-Authenticator,80,1635,0.002083,0.018625,3.8575,0.134875,4.015583,3404.015583
poia_zt_authenticator,PoIA with ZT-Authenticator,80,1636,0.001792,0.018333,10.619959,7.507417,18.150416,3418.150416
poia_zt_authenticator,PoIA with ZT-Authenticator,80,1637,0.001834,0.018375,11.059375,0.132,11.214041,3411.214041
poia_zt_authenticator,PoIA with ZT-Authenticator,80,1638,0.001875,0.018292,3.886,0.132708,4.041292,3404.041292
poia_zt_authenticator,PoIA with ZT-Authenticator,80,1639,0.001667,0.018084,3.76275,3.884708,7.670167,3407.670167
poia_zt_authenticator,PoIA with ZT-Authenticator,80,1640,0.001708,0.017917,14.80175,0.132625,14.956417,3414.956417
poia_zt_authenticator,PoIA with ZT-Authenticator,80,1641,0.002709,0.024292,3.963959,0.132458,4.126375,3404.126375
poia_zt_authenticator,PoIA with ZT-Authenticator,80,1642,0.001625,0.017833,3.735042,7.712042,11.469458,3411.469458
poia_zt_authenticator,PoIA with ZT-Authenticator,80,1643,0.00175,0.018291,3.993625,0.131375,4.147459,3404.147459
poia_zt_authenticator,PoIA with ZT-Authenticator,80,1644,0.00175,0.024375,3.988375,0.132375,4.149333,3404.149333
poia_zt_authenticator,PoIA with ZT-Authenticator,80,1645,0.001709,0.017833,3.989667,0.131375,4.143,3404.143
poia_zt_authenticator,PoIA with ZT-Authenticator,80,1646,0.001667,0.017917,3.990125,0.132542,4.14475,3404.14475
poia_zt_authenticator,PoIA with ZT-Authenticator,80,1647,0.001959,0.021375,11.291458,0.133875,11.451291,3411.451291
poia_zt_authenticator,PoIA with ZT-Authenticator,80,1648,0.001875,0.018208,3.981708,0.131459,4.135625,3404.135625
poia_zt_authenticator,PoIA with ZT-Authenticator,80,1649,0.001667,0.017916,11.279083,0.131542,11.432625,3411.432625
poia_zt_authenticator,PoIA with ZT-Authenticator,80,1650,0.001667,0.018,3.979833,0.130583,4.132459,3404.132459
poia_zt_authenticator,PoIA with ZT-Authenticator,80,1651,0.002041,0.021833,7.610958,0.131333,7.768583,3407.768583
poia_zt_authenticator,PoIA with ZT-Authenticator,80,1652,0.001666,0.018,3.979125,0.13125,4.1325,3404.1325
poia_zt_authenticator,PoIA with ZT-Authenticator,80,1653,0.001708,0.017958,3.952875,0.120833,4.095417,3404.095417
poia_zt_authenticator,PoIA with ZT-Authenticator,80,1654,0.002,0.021458,3.905917,0.132041,4.063917,3404.063917
poia_zt_authenticator,PoIA with ZT-Authenticator,80,1655,0.002,0.024875,3.877584,0.135083,4.042084,3404.042084
poia_zt_authenticator,PoIA with ZT-Authenticator,80,1656,0.00175,0.01775,3.87875,0.131209,4.031875,3404.031875
poia_zt_authenticator,PoIA with ZT-Authenticator,80,1657,0.001708,0.018084,3.870792,0.131625,4.0245,3404.0245
poia_zt_authenticator,PoIA with ZT-Authenticator,80,1658,0.001875,0.021417,7.50025,3.8465,11.373041,3411.373041
poia_zt_authenticator,PoIA with ZT-Authenticator,80,1659,0.001666,0.017791,3.613625,14.768,18.404083,3418.404083
poia_zt_authenticator,PoIA with ZT-Authenticator,80,1660,0.001625,0.018,3.872875,0.131916,4.026875,3404.026875
poia_zt_authenticator,PoIA with ZT-Authenticator,80,1661,0.001875,0.018459,3.871416,0.132625,4.026875,3404.026875
poia_zt_authenticator,PoIA with ZT-Authenticator,80,1662,0.002,0.022,3.838166,0.131041,3.99575,3403.99575
poia_zt_authenticator,PoIA with ZT-Authenticator,80,1663,0.001667,0.018291,7.609416,0.132166,7.763917,3407.763917
poia_zt_authenticator,PoIA with ZT-Authenticator,80,1664,0.001667,0.018583,3.837458,0.130959,3.991208,3403.991208
poia_zt_authenticator,PoIA with ZT-Authenticator,80,1665,0.001833,0.02225,3.818125,0.131917,3.976667,3403.976667
poia_zt_authenticator,PoIA with ZT-Authenticator,80,1666,0.0025,0.023,3.72875,11.449625,15.207458,3415.207458
poia_zt_authenticator,PoIA with ZT-Authenticator,80,1667,0.002,0.025292,3.858041,0.134584,4.0225,3404.0225
poia_zt_authenticator,PoIA with ZT-Authenticator,80,1668,0.001875,0.01775,15.066,0.134459,15.222542,3415.222542
poia_zt_authenticator,PoIA with ZT-Authenticator,80,1669,0.001833,0.018,3.860292,0.131292,4.013917,3404.013917
poia_zt_authenticator,PoIA with ZT-Authenticator,80,1670,0.001625,0.018167,15.070041,0.131834,15.224084,3415.224084
poia_zt_authenticator,PoIA with ZT-Authenticator,80,1671,0.001625,0.018125,3.994375,3.877083,7.894125,3407.894125
poia_zt_authenticator,PoIA with ZT-Authenticator,80,1672,0.001792,0.018583,3.858417,0.145834,4.027208,3404.027208
poia_zt_authenticator,PoIA with ZT-Authenticator,80,1673,0.001958,0.021209,15.008333,0.132709,15.166833,3415.166833
poia_zt_authenticator,PoIA with ZT-Authenticator,80,1674,0.00175,0.018083,3.854208,0.132292,4.00875,3404.00875
poia_zt_authenticator,PoIA with ZT-Authenticator,80,1675,0.001875,0.021125,11.3795,0.131333,11.536333,3411.536333
poia_zt_authenticator,PoIA with ZT-Authenticator,80,1676,0.001667,0.017833,3.858333,0.130917,4.011291,3404.011291
poia_zt_authenticator,PoIA with ZT-Authenticator,80,1677,0.001667,0.021875,11.343958,0.131959,11.501958,3411.501958
poia_zt_authenticator,PoIA with ZT-Authenticator,80,1678,0.001625,0.017791,3.86,0.134334,4.01625,3404.01625
poia_zt_authenticator,PoIA with ZT-Authenticator,80,1679,0.001791,0.018,3.94525,3.903,7.871,3407.871
poia_zt_authenticator,PoIA with ZT-Authenticator,80,1680,0.001625,0.018125,3.767542,11.3955,15.185792,3415.185792
poia_zt_authenticator,PoIA with ZT-Authenticator,80,1681,0.001375,0.018041,3.913084,0.143542,4.078417,3404.078417
poia_zt_authenticator,PoIA with ZT-Authenticator,80,1682,0.001708,0.017917,3.926666,0.131334,4.080125,3404.080125
poia_zt_authenticator,PoIA with ZT-Authenticator,80,1683,0.001667,0.019458,3.921834,0.131333,4.076667,3404.076667
poia_zt_authenticator,PoIA with ZT-Authenticator,80,1684,0.001709,0.017958,3.921417,0.131625,4.075125,3404.075125
poia_zt_authenticator,PoIA with ZT-Authenticator,80,1685,0.001542,0.017958,3.921584,0.131209,4.074792,3404.074792
poia_zt_authenticator,PoIA with ZT-Authenticator,80,1686,0.001834,0.01825,3.868416,7.690292,11.581916,3411.581916
poia_zt_authenticator,PoIA with ZT-Authenticator,80,1687,0.001625,0.017792,3.953916,0.132709,4.108542,3404.108542
poia_zt_authenticator,PoIA with ZT-Authenticator,80,1688,0.001667,0.018292,3.955291,0.132167,4.109958,3404.109958
poia_zt_authenticator,PoIA with ZT-Authenticator,80,1689,0.001583,0.017666,3.957083,0.131042,4.109709,3404.109709
poia_zt_authenticator,PoIA with ZT-Authenticator,80,1690,0.001625,0.018,3.955959,0.131708,4.109792,3404.109792
poia_zt_authenticator,PoIA with ZT-Authenticator,80,1691,0.001708,0.01775,3.956917,0.131125,4.109875,3404.109875
poia_zt_authenticator,PoIA with ZT-Authenticator,80,1692,0.001709,0.018458,3.954959,0.131208,4.10875,3404.10875
poia_zt_authenticator,PoIA with ZT-Authenticator,80,1693,0.00175,0.018042,3.885125,3.949958,7.857375,3407.857375
poia_zt_authenticator,PoIA with ZT-Authenticator,80,1694,0.001708,0.01825,3.883458,3.958875,7.865291,3407.865291
poia_zt_authenticator,PoIA with ZT-Authenticator,80,1695,0.001833,0.017834,18.909375,0.131208,19.062792,3419.062792
poia_zt_authenticator,PoIA with ZT-Authenticator,80,1696,0.001667,0.021708,7.690333,0.131333,7.847667,3407.847667
poia_zt_authenticator,PoIA with ZT-Authenticator,80,1697,0.001667,0.01825,3.791542,11.595542,15.41,3415.41
poia_zt_authenticator,PoIA with ZT-Authenticator,80,1698,0.001666,0.018125,7.717625,0.131167,7.871,3407.871
poia_zt_authenticator,PoIA with ZT-Authenticator,80,1699,0.001667,0.017833,3.972875,0.13125,4.126042,3404.126042
poia_zt_authenticator,PoIA with ZT-Authenticator,80,1700,0.002,0.021708,3.962,0.131666,4.119834,3404.119834
poia_zt_authenticator,PoIA with ZT-Authenticator,80,1701,0.001708,0.01825,3.958917,0.143416,4.124875,3404.124875
poia_zt_authenticator,PoIA with ZT-Authenticator,80,1702,0.00175,0.017958,11.5935,0.132166,11.747792,3411.747792
poia_zt_authenticator,PoIA with ZT-Authenticator,80,1703,0.001667,0.018,3.987959,0.131166,4.141167,3404.141167
poia_zt_authenticator,PoIA with ZT-Authenticator,80,1704,0.001667,0.017833,3.986833,0.131041,4.139834,3404.139834
poia_zt_authenticator,PoIA with ZT-Authenticator,80,1705,0.001708,0.01825,3.986625,0.133083,4.142,3404.142
poia_zt_authenticator,PoIA with ZT-Authenticator,80,1706,0.001625,0.017958,3.989834,0.131708,4.143542,3404.143542
poia_zt_authenticator,PoIA with ZT-Authenticator,80,1707,0.002,0.021417,15.206583,0.132125,15.364583,3415.364583
poia_zt_authenticator,PoIA with ZT-Authenticator,80,1708,0.002,0.021083,3.950084,0.132541,4.10825,3404.10825
poia_zt_authenticator,PoIA with ZT-Authenticator,80,1709,0.00175,0.021292,3.951417,0.131125,4.108083,3404.108083
poia_zt_authenticator,PoIA with ZT-Authenticator,80,1710,0.001625,0.017833,3.954458,0.133167,4.109542,3404.109542
poia_zt_authenticator,PoIA with ZT-Authenticator,80,1711,0.001583,0.01825,3.956334,0.131416,4.109958,3404.109958
poia_zt_authenticator,PoIA with ZT-Authenticator,80,1712,0.001667,0.018,3.956709,0.1325,4.111291,3404.111291
poia_zt_authenticator,PoIA with ZT-Authenticator,80,1713,0.001958,0.022709,3.879791,0.134167,4.041334,3404.041334
poia_zt_authenticator,PoIA with ZT-Authenticator,80,1714,0.001958,0.022167,15.181208,0.132917,15.34075,3415.34075
poia_zt_authenticator,PoIA with ZT-Authenticator,80,1715,0.0025,0.023666,11.485958,0.136,11.651166,3411.651166
poia_zt_authenticator,PoIA with ZT-Authenticator,80,1716,0.001666,0.018,3.893459,0.132,4.047583,3404.047583
poia_zt_authenticator,PoIA with ZT-Authenticator,80,1717,0.001958,0.034,7.708625,0.131125,7.87825,3407.87825
poia_zt_authenticator,PoIA with ZT-Authenticator,80,1718,0.001792,0.017833,3.894334,0.131083,4.0475,3404.0475
poia_zt_authenticator,PoIA with ZT-Authenticator,80,1719,0.001625,0.01825,7.684708,0.1315,7.838458,3407.838458
poia_zt_authenticator,PoIA with ZT-Authenticator,80,1720,0.001708,0.019959,7.681458,0.133375,7.839,3407.839
poia_zt_authenticator,PoIA with ZT-Authenticator,80,1721,0.002,0.022125,3.830333,0.13125,3.988167,3403.988167
poia_zt_authenticator,PoIA with ZT-Authenticator,80,1722,0.001709,0.018083,7.6825,0.130958,7.835584,3407.835584
poia_zt_authenticator,PoIA with ZT-Authenticator,80,1723,0.00175,0.018083,7.739334,7.68725,15.448916,3415.448916
poia_zt_authenticator,PoIA with ZT-Authenticator,80,1724,0.001709,0.0185,3.823709,0.143875,3.990166,3403.990166
poia_zt_authenticator,PoIA with ZT-Authenticator,80,1725,0.001583,0.018083,11.438,0.132,11.592125,3411.592125
poia_zt_authenticator,PoIA with ZT-Authenticator,80,1726,0.0015,0.018042,3.822666,0.131917,3.976625,3403.976625
poia_zt_authenticator,PoIA with ZT-Authenticator,80,1727,0.00175,0.017833,7.604125,11.46475,19.091417,3419.091417
poia_zt_authenticator,PoIA with ZT-Authenticator,80,1728,0.001542,0.018,11.444084,0.143875,11.61,3411.61
poia_zt_authenticator,PoIA with ZT-Authenticator,80,1729,0.002,0.021834,7.693583,7.730375,15.450917,3415.450917
poia_zt_authenticator,PoIA with ZT-Authenticator,80,1730,0.001833,0.018459,3.841625,0.143834,4.00825,3404.00825
poia_zt_authenticator,PoIA with ZT-Authenticator,80,1731,0.002167,0.021625,3.96775,3.868292,7.865125,3407.865125
poia_zt_authenticator,PoIA with ZT-Authenticator,80,1732,0.001708,0.018334,3.855333,0.143917,4.02175,3404.02175
poia_zt_authenticator,PoIA with ZT-Authenticator,80,1733,0.002125,0.021333,15.238333,0.121708,15.385459,3415.385459
poia_zt_authenticator,PoIA with ZT-Authenticator,80,1734,0.001917,0.021917,11.473042,3.862458,15.36225,3415.36225
poia_zt_authenticator,PoIA with ZT-Authenticator,80,1735,0.001625,0.018292,7.590667,11.506917,19.120459,3419.120459
poia_zt_authenticator,PoIA with ZT-Authenticator,80,1736,0.001625,0.018417,3.8785,0.131166,4.032208,3404.032208
poia_zt_authenticator,PoIA with ZT-Authenticator,80,1737,0.001625,0.018334,3.876208,0.134916,4.0335,3404.0335
poia_zt_authenticator,PoIA with ZT-Authenticator,80,1738,0.001625,0.018041,3.879625,0.131,4.032709,3404.032709
poia_zt_authenticator,PoIA with ZT-Authenticator,80,1739,0.001709,0.018375,3.878791,0.1315,4.032833,3404.032833
poia_zt_authenticator,PoIA with ZT-Authenticator,80,1740,0.001583,0.018291,3.889625,0.131834,4.043834,3404.043834
poia_zt_authenticator,PoIA with ZT-Authenticator,80,1741,0.001625,0.018166,3.889292,0.13225,4.043875,3404.043875
poia_zt_authenticator,PoIA with ZT-Authenticator,80,1742,0.002416,0.028458,3.944583,0.13125,4.10975,3404.10975
poia_zt_authenticator,PoIA with ZT-Authenticator,80,1743,0.001667,0.018041,7.717334,0.131875,7.871334,3407.871334
poia_zt_authenticator,PoIA with ZT-Authenticator,80,1744,0.001708,0.01825,7.715917,0.134583,7.872875,3407.872875
poia_zt_authenticator,PoIA with ZT-Authenticator,80,1745,0.001542,0.01875,7.71175,0.132625,7.867083,3407.867083
poia_zt_authenticator,PoIA with ZT-Authenticator,80,1746,0.001833,0.021542,3.868708,3.971917,7.866541,3407.866541
poia_zt_authenticator,PoIA with ZT-Authenticator,80,1747,0.001708,0.021625,7.721375,0.135083,7.88225,3407.88225
poia_zt_authenticator,PoIA with ZT-Authenticator,80,1748,0.001667,0.018083,7.729375,0.13125,7.882792,3407.882792
poia_zt_authenticator,PoIA with ZT-Authenticator,80,1749,0.001708,0.0215,14.826042,15.320791,30.173042,3430.173042
poia_zt_authenticator,PoIA with ZT-Authenticator,80,1750,0.001541,0.017875,7.72875,0.136167,7.886792,3407.886792
poia_zt_authenticator,PoIA with ZT-Authenticator,80,1751,0.001791,0.021625,4.019834,0.131583,4.17725,3404.17725
poia_zt_authenticator,PoIA with ZT-Authenticator,80,1752,0.001917,0.021541,4.014125,0.131167,4.171167,3404.171167
poia_zt_authenticator,PoIA with ZT-Authenticator,80,1753,0.00175,0.018125,4.011375,0.13175,4.1655,3404.1655
poia_zt_authenticator,PoIA with ZT-Authenticator,80,1754,0.001791,0.018208,7.692959,4.047666,11.763625,3411.763625
poia_zt_authenticator,PoIA with ZT-Authenticator,80,1755,0.001833,0.017875,11.594,7.777291,19.393958,3419.393958
poia_zt_authenticator,PoIA with ZT-Authenticator,80,1756,0.001708,0.022084,4.061458,0.131125,4.218917,3404.218917
poia_zt_authenticator,PoIA with ZT-Authenticator,80,1757,0.001625,0.017833,7.770209,0.132625,7.924708,3407.924708
poia_zt_authenticator,PoIA with ZT-Authenticator,80,1758,0.001709,0.017875,3.986834,7.796041,11.805458,3411.805458
poia_zt_authenticator,PoIA with ZT-Authenticator,80,1759,0.001917,0.021792,4.056208,0.131584,4.214,3404.214
poia_zt_authenticator,PoIA with ZT-Authenticator,80,1760,0.001792,0.01825,4.053458,0.131583,4.207542,3404.207542
poia_zt_authenticator,PoIA with ZT-Authenticator,80,1761,0.001667,0.018125,4.059333,0.134083,4.21575,3404.21575
poia_zt_authenticator,PoIA with ZT-Authenticator,80,1762,0.001833,0.021917,7.800209,0.131541,7.958042,3407.958042
poia_zt_authenticator,PoIA with ZT-Authenticator,80,1763,0.001917,0.021583,11.490958,4.077959,15.595333,3415.595333
poia_zt_authenticator,PoIA with ZT-Authenticator,80,1764,0.002,0.022375,4.062167,0.144833,4.233834,3404.233834
poia_zt_authenticator,PoIA with ZT-Authenticator,80,1765,0.001917,0.021625,3.886416,11.680958,15.593833,3415.593833
poia_zt_authenticator,PoIA with ZT-Authenticator,80,1766,0.001625,0.018125,4.162917,0.132834,4.317875,3404.317875
poia_zt_authenticator,PoIA with ZT-Authenticator,80,1767,0.001583,0.01825,4.160709,0.141333,4.324375,3404.324375
poia_zt_authenticator,PoIA with ZT-Authenticator,80,1768,0.001583,0.018,4.173584,0.1325,4.328083,3404.328083
poia_zt_authenticator,PoIA with ZT-Authenticator,80,1769,0.001542,0.032833,4.159167,0.131542,4.327666,3404.327666
poia_zt_authenticator,PoIA with ZT-Authenticator,80,1770,0.001791,0.018667,4.156959,0.13125,4.311083,3404.311083
poia_zt_authenticator,PoIA with ZT-Authenticator,80,1771,0.001708,0.018209,4.155,0.131875,4.30925,3404.30925
poia_zt_authenticator,PoIA with ZT-Authenticator,80,1772,0.001625,0.018125,4.156917,0.131958,4.311167,3404.311167
poia_zt_authenticator,PoIA with ZT-Authenticator,80,1773,0.001625,0.01825,4.155875,0.130792,4.309,3404.309
poia_zt_authenticator,PoIA with ZT-Authenticator,80,1774,0.00175,0.018417,4.155625,0.130917,4.30925,3404.30925
poia_zt_authenticator,PoIA with ZT-Authenticator,80,1775,0.001583,0.018083,4.155792,0.132875,4.310709,3404.310709
poia_zt_authenticator,PoIA with ZT-Authenticator,80,1776,0.001875,0.018375,4.120625,0.131125,4.274542,3404.274542
poia_zt_authenticator,PoIA with ZT-Authenticator,80,1777,0.001542,0.018333,4.122042,0.131625,4.275959,3404.275959
poia_zt_authenticator,PoIA with ZT-Authenticator,80,1778,0.001667,0.018083,19.313084,0.131916,19.467208,3419.467208
poia_zt_authenticator,PoIA with ZT-Authenticator,80,1779,0.001709,0.018166,4.093875,0.13125,4.247417,3404.247417
poia_zt_authenticator,PoIA with ZT-Authenticator,80,1780,0.001666,0.018292,3.823459,8.022541,11.868958,3411.868958
poia_zt_authenticator,PoIA with ZT-Authenticator,80,1781,0.001709,0.0185,4.125375,0.136792,4.284834,3404.284834
poia_zt_authenticator,PoIA with ZT-Authenticator,80,1782,0.001708,0.021625,7.752625,4.123542,11.902542,3411.902542
poia_zt_authenticator,PoIA with ZT-Authenticator,80,1783,0.001625,0.018292,4.067125,4.125417,8.215417,3408.215417
poia_zt_authenticator,PoIA with ZT-Authenticator,80,1784,0.001875,0.0215,8.051792,0.131291,8.208917,3408.208917
poia_zt_authenticator,PoIA with ZT-Authenticator,80,1785,0.001708,0.018375,8.049292,0.131208,8.203125,3408.203125
poia_zt_authenticator,PoIA with ZT-Authenticator,80,1786,0.001667,0.018209,3.85125,8.045,11.919042,3411.919042
poia_zt_authenticator,PoIA with ZT-Authenticator,80,1787,0.001292,0.017917,8.045083,0.132209,8.198875,3408.198875
poia_zt_authenticator,PoIA with ZT-Authenticator,80,1788,0.001959,0.022375,4.076333,0.131292,4.234375,3404.234375
poia_zt_authenticator,PoIA with ZT-Authenticator,80,1789,0.002,0.02175,4.074375,0.132083,4.232667,3404.232667
poia_zt_authenticator,PoIA with ZT-Authenticator,80,1790,0.001584,0.018625,4.073,0.131833,4.227375,3404.227375
poia_zt_authenticator,PoIA with ZT-Authenticator,80,1791,0.001958,0.018416,3.963709,0.142375,4.129042,3404.129042
poia_zt_authenticator,PoIA with ZT-Authenticator,80,1792,0.001583,0.018042,3.969042,0.137583,4.128709,3404.128709
poia_zt_authenticator,PoIA with ZT-Authenticator,80,1793,0.001792,0.018625,7.714625,19.478542,27.216583,3427.216583
poia_zt_authenticator,PoIA with ZT-Authenticator,80,1794,0.00175,0.017875,11.852208,0.132209,12.0065,3412.0065
poia_zt_authenticator,PoIA with ZT-Authenticator,80,1795,0.00175,0.017666,3.989834,0.131291,4.143083,3404.143083
poia_zt_authenticator,PoIA with ZT-Authenticator,80,1796,0.001708,0.01775,11.855833,0.131708,12.009417,3412.009417
poia_zt_authenticator,PoIA with ZT-Authenticator,80,1797,0.001583,0.017958,3.9905,0.131125,4.14375,3404.14375
poia_zt_authenticator,PoIA with ZT-Authenticator,80,1798,0.002042,0.025,8.010875,0.138959,8.179458,3408.179458
poia_zt_authenticator,PoIA with ZT-Authenticator,80,1799,0.001625,0.017583,11.894917,0.13175,12.04825,3412.04825
poia_zt_authenticator,PoIA with ZT-Authenticator,80,1800,0.00175,0.018416,8.00675,4.028709,12.058625,3412.058625
poia_zt_authenticator,PoIA with ZT-Authenticator,80,1801,0.001875,0.022125,8.019083,0.132167,8.177709,3408.177709
poia_zt_authenticator,PoIA with ZT-Authenticator,80,1802,0.001709,0.01825,11.917792,0.133125,12.073375,3412.073375
poia_zt_authenticator,PoIA with ZT-Authenticator,80,1803,0.001916,0.01875,3.825083,11.9335,15.782375,3415.782375
poia_zt_authenticator,PoIA with ZT-Authenticator,80,1804,0.0015,0.018208,4.049042,0.144542,4.215625,3404.215625
poia_zt_authenticator,PoIA with ZT-Authenticator,80,1805,0.002,0.021541,4.034334,0.1575,4.218375,3404.218375
poia_zt_authenticator,PoIA with ZT-Authenticator,80,1806,0.001792,0.018583,4.06475,0.139583,4.227209,3404.227209
poia_zt_authenticator,PoIA with ZT-Authenticator,80,1807,0.001917,0.022042,4.024166,0.13425,4.185041,3404.185041
poia_zt_authenticator,PoIA with ZT-Authenticator,80,1808,0.001583,0.017958,8.028334,0.132917,8.183375,3408.183375
poia_zt_authenticator,PoIA with ZT-Authenticator,80,1809,0.002166,0.021792,4.102167,4.055417,8.184542,3408.184542
poia_zt_authenticator,PoIA with ZT-Authenticator,80,1810,0.001708,0.01775,4.030792,0.157458,4.210209,3404.210209
poia_zt_authenticator,PoIA with ZT-Authenticator,80,1811,0.001875,0.021833,8.016291,4.085709,12.128833,3412.128833
poia_zt_authenticator,PoIA with ZT-Authenticator,80,1812,0.001666,0.017958,4.095625,4.112041,8.230458,3408.230458
poia_zt_authenticator,PoIA with ZT-Authenticator,80,1813,0.001625,0.017792,4.090166,4.142875,8.255417,3408.255417
poia_zt_authenticator,PoIA with ZT-Authenticator,80,1814,0.002,0.022125,4.130875,0.135,4.292542,3404.292542
poia_zt_authenticator,PoIA with ZT-Authenticator,80,1815,0.001709,0.018083,8.098791,0.136584,8.257583,3408.257583
poia_zt_authenticator,PoIA with ZT-Authenticator,80,1816,0.001667,0.021834,4.140208,0.133667,4.300084,3404.300084
poia_zt_authenticator,PoIA with ZT-Authenticator,80,1817,0.002,0.02175,8.077875,0.133584,8.23775,3408.23775
poia_zt_authenticator,PoIA with ZT-Authenticator,80,1818,0.001791,0.018417,15.52625,4.094542,19.643833,3419.643833
poia_zt_authenticator,PoIA with ZT-Authenticator,80,1819,0.001584,0.018041,3.877375,15.980291,19.880125,3419.880125
poia_zt_authenticator,PoIA with ZT-Authenticator,80,1820,0.00175,0.018209,4.252791,0.141167,4.416708,3404.416708
poia_zt_authenticator,PoIA with ZT-Authenticator,80,1821,0.001792,0.019,4.264834,0.134917,4.422958,3404.422958
poia_zt_authenticator,PoIA with ZT-Authenticator,80,1822,0.002,0.021875,4.254334,0.134709,4.415292,3404.415292
poia_zt_authenticator,PoIA with ZT-Authenticator,80,1823,0.001625,0.018,8.133042,0.13525,8.290291,3408.290291
poia_zt_authenticator,PoIA with ZT-Authenticator,80,1824,0.001708,0.01825,4.266709,0.144708,4.434042,3404.434042
poia_zt_authenticator,PoIA with ZT-Authenticator,80,1825,0.001709,0.01825,8.161792,0.133542,8.317833,3408.317833
poia_zt_authenticator,PoIA with ZT-Authenticator,80,1826,0.001667,0.017667,4.293625,0.132875,4.448333,3404.448333
poia_zt_authenticator,PoIA with ZT-Authenticator,80,1827,0.001542,0.021417,8.16525,0.13525,8.325917,3408.325917
poia_zt_authenticator,PoIA with ZT-Authenticator,80,1828,0.001625,0.018375,4.294917,0.133125,4.450625,3404.450625
poia_zt_authenticator,PoIA with ZT-Authenticator,80,1829,0.001875,0.022209,4.278,0.134167,4.438667,3404.438667
poia_zt_authenticator,PoIA with ZT-Authenticator,80,1830,0.001708,0.01825,4.27725,0.145084,4.444875,3404.444875
poia_zt_authenticator,PoIA with ZT-Authenticator,80,1831,0.001667,0.018333,4.277209,0.147292,4.447084,3404.447084
poia_zt_authenticator,PoIA with ZT-Authenticator,80,1832,0.001625,0.017792,4.052125,4.298084,8.372542,3408.372542
poia_zt_authenticator,PoIA with ZT-Authenticator,80,1833,0.001792,0.018083,4.142083,0.132541,4.297,3404.297
poia_zt_authenticator,PoIA with ZT-Authenticator,80,1834,0.002042,0.023334,12.254458,0.133167,12.415375,3412.415375
poia_zt_authenticator,PoIA with ZT-Authenticator,80,1835,0.001875,0.022167,4.104291,8.198209,12.329583,3412.329583
poia_zt_authenticator,PoIA with ZT-Authenticator,80,1836,0.001916,0.02225,4.047791,4.295834,8.37075,3408.37075
poia_zt_authenticator,PoIA with ZT-Authenticator,80,1837,0.001708,0.018084,4.288333,0.132,4.4425,3404.4425
poia_zt_authenticator,PoIA with ZT-Authenticator,80,1838,0.001833,0.018542,12.205417,0.131375,12.366584,3412.366584
poia_zt_authenticator,PoIA with ZT-Authenticator,80,1839,0.001666,0.01825,4.295084,0.121667,4.438667,3404.438667
poia_zt_authenticator,PoIA with ZT-Authenticator,80,1840,0.001834,0.018834,4.252083,0.136958,4.41225,3404.41225
poia_zt_authenticator,PoIA with ZT-Authenticator,80,1841,0.001959,0.022333,4.237875,0.132125,4.39675,3404.39675
poia_zt_authenticator,PoIA with ZT-Authenticator,80,1842,0.001834,0.025709,16.083541,0.133833,16.247417,3416.247417
poia_zt_authenticator,PoIA with ZT-Authenticator,80,1843,0.001833,0.01775,8.194542,0.133333,8.35,3408.35
poia_zt_authenticator,PoIA with ZT-Authenticator,80,1844,0.001917,0.018375,31.088334,0.132292,31.243292,3431.243292
poia_zt_authenticator,PoIA with ZT-Authenticator,80,1845,0.001625,0.01825,4.145583,4.199542,8.368,3408.368
poia_zt_authenticator,PoIA with ZT-Authenticator,80,1846,0.002084,0.032916,4.1615,0.134084,4.333208,3404.333208
poia_zt_authenticator,PoIA with ZT-Authenticator,80,1847,0.00325,0.029209,4.139583,0.132667,4.307959,3404.307959
poia_zt_authenticator,PoIA with ZT-Authenticator,80,1848,0.001667,0.017875,3.974125,8.299542,12.29625,3412.29625
poia_zt_authenticator,PoIA with ZT-Authenticator,80,1849,0.002125,0.023667,4.147875,0.148,4.324334,3404.324334
poia_zt_authenticator,PoIA with ZT-Authenticator,80,1850,0.002042,0.019041,4.143917,0.132583,4.300084,3404.300084
poia_zt_authenticator,PoIA with ZT-Authenticator,80,1851,0.001708,0.018458,4.14425,0.133959,4.300958,3404.300958
poia_zt_authenticator,PoIA with ZT-Authenticator,80,1852,0.001667,0.017875,7.980834,12.18775,20.19125,3420.19125
poia_zt_authenticator,PoIA with ZT-Authenticator,80,1853,0.00175,0.017917,8.304875,0.13225,8.459166,3408.459166
poia_zt_authenticator,PoIA with ZT-Authenticator,80,1854,0.00175,0.018083,4.143125,0.131667,4.296958,3404.296958
poia_zt_authenticator,PoIA with ZT-Authenticator,80,1855,0.001625,0.017875,4.13375,0.131125,4.286792,3404.286792
poia_zt_authenticator,PoIA with ZT-Authenticator,80,1856,0.00175,0.024667,4.1205,0.134375,4.283875,3404.283875
poia_zt_authenticator,PoIA with ZT-Authenticator,80,1857,0.001583,0.018167,8.012667,8.298125,16.333709,3416.333709
poia_zt_authenticator,PoIA with ZT-Authenticator,80,1858,0.001709,0.018625,4.116,0.14225,4.281125,3404.281125
poia_zt_authenticator,PoIA with ZT-Authenticator,80,1859,0.001792,0.019833,4.110583,0.131417,4.266166,3404.266166
poia_zt_authenticator,PoIA with ZT-Authenticator,80,1860,0.001833,0.018125,4.108792,0.131542,4.262708,3404.262708
poia_zt_authenticator,PoIA with ZT-Authenticator,80,1861,0.001709,0.01775,4.082,0.131041,4.234959,3404.234959
poia_zt_authenticator,PoIA with ZT-Authenticator,80,1862,0.001542,0.018125,4.079792,0.133333,4.235291,3404.235291
poia_zt_authenticator,PoIA with ZT-Authenticator,80,1863,0.001834,0.018208,15.5975,12.20975,27.829875,3427.829875
poia_zt_authenticator,PoIA with ZT-Authenticator,80,1864,0.001625,0.018375,4.035083,0.13125,4.188875,3404.188875
poia_zt_authenticator,PoIA with ZT-Authenticator,80,1865,0.001459,0.017792,4.056542,0.130958,4.209291,3404.209291
poia_zt_authenticator,PoIA with ZT-Authenticator,80,1866,0.001917,0.021542,8.1425,0.13175,8.300209,3408.300209
poia_zt_authenticator,PoIA with ZT-Authenticator,80,1867,0.001667,0.0215,4.048125,0.131625,4.205417,3404.205417
poia_zt_authenticator,PoIA with ZT-Authenticator,80,1868,0.001625,0.028291,8.095292,0.131583,8.259417,3408.259417
poia_zt_authenticator,PoIA with ZT-Authenticator,80,1869,0.001666,0.017958,4.0415,0.131584,4.195083,3404.195083
poia_zt_authenticator,PoIA with ZT-Authenticator,80,1870,0.001834,0.017791,8.091542,0.14125,8.254833,3408.254833
poia_zt_authenticator,PoIA with ZT-Authenticator,80,1871,0.001792,0.018042,4.178291,4.067542,8.268791,3408.268791
poia_zt_authenticator,PoIA with ZT-Authenticator,80,1872,0.002084,0.022,4.047417,0.146042,4.220167,3404.220167
poia_zt_authenticator,PoIA with ZT-Authenticator,80,1873,0.001833,0.018667,4.061333,0.132834,4.216917,3404.216917
poia_zt_authenticator,PoIA with ZT-Authenticator,80,1874,0.001708,0.018333,4.0615,0.131084,4.215125,3404.215125
poia_zt_authenticator,PoIA with ZT-Authenticator,80,1875,0.001709,0.018125,3.940125,20.136333,24.099291,3424.099291
poia_zt_authenticator,PoIA with ZT-Authenticator,80,1876,0.001709,0.018625,4.042667,0.144625,4.210125,3404.210125
poia_zt_authenticator,PoIA with ZT-Authenticator,80,1877,0.002084,0.017917,4.140333,4.082708,8.246291,3408.246291
poia_zt_authenticator,PoIA with ZT-Authenticator,80,1878,0.001792,0.018417,4.143542,4.107041,8.27375,3408.27375
poia_zt_authenticator,PoIA with ZT-Authenticator,80,1879,0.002,0.0225,4.091125,0.131792,4.25,3404.25
poia_zt_authenticator,PoIA with ZT-Authenticator,80,1880,0.001833,0.0185,8.1075,0.13175,8.262209,3408.262209
poia_zt_authenticator,PoIA with ZT-Authenticator,80,1881,0.001833,0.018334,8.297875,4.112041,12.433292,3412.433292
poia_zt_authenticator,PoIA with ZT-Authenticator,80,1882,0.00175,0.018458,16.176709,0.131959,16.331542,3416.331542
poia_zt_authenticator,PoIA with ZT-Authenticator,80,1883,0.001791,0.018542,16.177625,0.131792,16.332208,3416.332208
poia_zt_authenticator,PoIA with ZT-Authenticator,80,1884,0.001875,0.021916,4.116209,4.137333,8.280417,3408.280417
poia_zt_authenticator,PoIA with ZT-Authenticator,80,1885,0.001916,0.022375,12.279,0.143875,12.449666,3412.449666
poia_zt_authenticator,PoIA with ZT-Authenticator,80,1886,0.002,0.022125,4.13075,0.135167,4.292584,3404.292584
poia_zt_authenticator,PoIA with ZT-Authenticator,80,1887,0.00175,0.01825,4.127292,16.295292,20.445791,3420.445791
poia_zt_authenticator,PoIA with ZT-Authenticator,80,1888,0.001709,0.018334,4.17175,0.132416,4.326667,3404.326667
poia_zt_authenticator,PoIA with ZT-Authenticator,80,1889,0.001709,0.018375,4.172875,0.137875,4.333291,3404.333291
poia_zt_authenticator,PoIA with ZT-Authenticator,80,1890,0.002083,0.0215,8.108833,0.131958,8.266916,3408.266916
poia_zt_authenticator,PoIA with ZT-Authenticator,80,1891,0.001625,0.017708,12.125125,4.212458,16.359958,3416.359958
poia_zt_authenticator,PoIA with ZT-Authenticator,80,1892,0.001667,0.018541,8.215083,4.243584,12.482042,3412.482042
poia_zt_authenticator,PoIA with ZT-Authenticator,80,1893,0.001792,0.017417,4.034625,4.268541,8.325542,3408.325542
poia_zt_authenticator,PoIA with ZT-Authenticator,80,1894,0.002,0.022,4.192875,8.22125,12.441083,3412.441083
poia_zt_authenticator,PoIA with ZT-Authenticator,80,1895,0.001917,0.018291,4.297584,0.133166,4.453417,3404.453417
poia_zt_authenticator,PoIA with ZT-Authenticator,80,1896,0.001583,0.018292,4.291083,0.133542,4.446917,3404.446917
poia_zt_authenticator,PoIA with ZT-Authenticator,80,1897,0.001709,0.01825,4.294917,0.136542,4.453917,3404.453917
poia_zt_authenticator,PoIA with ZT-Authenticator,80,1898,0.001625,0.018042,4.29925,0.132792,4.454125,3404.454125
poia_zt_authenticator,PoIA with ZT-Authenticator,80,1899,0.001792,0.022083,4.297208,0.146,4.469667,3404.469667
poia_zt_authenticator,PoIA with ZT-Authenticator,80,1900,0.001625,0.018042,4.316916,0.136417,4.4755,3404.4755
poia_zt_authenticator,PoIA with ZT-Authenticator,80,1901,0.001625,0.01775,4.327834,0.133916,4.483541,3404.483541
poia_zt_authenticator,PoIA with ZT-Authenticator,80,1902,0.001583,0.018,4.320166,0.133,4.475167,3404.475167
poia_zt_authenticator,PoIA with ZT-Authenticator,80,1903,0.0025,0.023167,4.484041,0.138042,4.650792,3404.650792
poia_zt_authenticator,PoIA with ZT-Authenticator,80,1904,0.001708,0.018708,4.486083,0.137333,4.646583,3404.646583
poia_zt_authenticator,PoIA with ZT-Authenticator,80,1905,0.00175,0.017958,4.498916,0.135791,4.656833,3404.656833
poia_zt_authenticator,PoIA with ZT-Authenticator,80,1906,0.001709,0.018042,4.504833,0.132834,4.659791,3404.659791
poia_zt_authenticator,PoIA with ZT-Authenticator,80,1907,0.001667,0.018208,4.054125,4.519916,8.596792,3408.596792
poia_zt_authenticator,PoIA with ZT-Authenticator,80,1908,0.00175,0.018334,4.045917,4.559625,8.628542,3408.628542
poia_zt_authenticator,PoIA with ZT-Authenticator,80,1909,0.001875,0.026875,4.497625,0.134209,4.663041,3404.663041
poia_zt_authenticator,PoIA with ZT-Authenticator,80,1910,0.001792,0.018333,20.521792,0.139791,20.68425,3420.68425
poia_zt_authenticator,PoIA with ZT-Authenticator,80,1911,0.001667,0.023167,4.092083,4.513458,8.633334,3408.633334
poia_zt_authenticator,PoIA with ZT-Authenticator,80,1912,0.001792,0.021709,4.504375,0.131542,4.661792,3404.661792
poia_zt_authenticator,PoIA with ZT-Authenticator,80,1913,0.001625,0.017917,8.482458,0.135125,8.639625,3408.639625
poia_zt_authenticator,PoIA with ZT-Authenticator,80,1914,0.001875,0.018458,8.481292,0.132917,8.637042,3408.637042
poia_zt_authenticator,PoIA with ZT-Authenticator,80,1915,0.002,0.022375,4.470292,0.134291,4.631541,3404.631541
poia_zt_authenticator,PoIA with ZT-Authenticator,80,1916,0.001667,0.018125,8.475041,0.132667,8.629959,3408.629959
poia_zt_authenticator,PoIA with ZT-Authenticator,80,1917,0.002042,0.022791,8.228,8.497833,16.753666,3416.753666
poia_zt_authenticator,PoIA with ZT-Authenticator,80,1918,0.002125,0.023042,4.430583,0.15675,4.615084,3404.615084
poia_zt_authenticator,PoIA with ZT-Authenticator,80,1919,0.002417,0.018708,4.45,0.136417,4.610125,3404.610125
poia_zt_authenticator,PoIA with ZT-Authenticator,80,1920,0.001625,0.018375,4.451,0.134375,4.607917,3404.607917
poia_zt_authenticator,PoIA with ZT-Authenticator,80,1921,0.002333,0.024833,4.430667,0.134417,4.594792,3404.594792
poia_zt_authenticator,PoIA with ZT-Authenticator,80,1922,0.001958,0.021542,4.401625,0.13775,4.565417,3404.565417
poia_zt_authenticator,PoIA with ZT-Authenticator,80,1923,0.002083,0.022292,16.53025,0.13375,16.690917,3416.690917
poia_zt_authenticator,PoIA with ZT-Authenticator,80,1924,0.002084,0.018584,12.458583,0.133959,12.615625,3412.615625
poia_zt_authenticator,PoIA with ZT-Authenticator,80,1925,0.00175,0.018375,16.529416,0.133792,16.685833,3416.685833
poia_zt_authenticator,PoIA with ZT-Authenticator,80,1926,0.001708,0.018334,12.470167,0.132917,12.625459,3412.625459
poia_zt_authenticator,PoIA with ZT-Authenticator,80,1927,0.001666,0.018333,8.193375,12.497709,20.714125,3420.714125
poia_zt_authenticator,PoIA with ZT-Authenticator,80,1928,0.001667,0.017625,12.49625,0.13225,12.650208,3412.650208
poia_zt_authenticator,PoIA with ZT-Authenticator,80,1929,0.001958,0.0185,4.373083,0.13225,4.52825,3404.52825
poia_zt_authenticator,PoIA with ZT-Authenticator,80,1930,0.001833,0.018334,4.395791,0.132375,4.550792,3404.550792
poia_zt_authenticator,PoIA with ZT-Authenticator,80,1931,0.002042,0.018583,4.26725,0.134084,4.424666,3404.424666
poia_zt_authenticator,PoIA with ZT-Authenticator,80,1932,0.001791,0.017958,20.736417,0.136583,20.895292,3420.895292
poia_zt_authenticator,PoIA with ZT-Authenticator,80,1933,0.001917,0.018417,4.495625,4.294041,8.813041,3408.813041
poia_zt_authenticator,PoIA with ZT-Authenticator,80,1934,0.002125,0.028875,4.276333,0.132958,4.442958,3404.442958
poia_zt_authenticator,PoIA with ZT-Authenticator,80,1935,0.002083,0.022416,4.251167,0.136291,4.4145,3404.4145
poia_zt_authenticator,PoIA with ZT-Authenticator,80,1936,0.00175,0.017958,8.632333,0.133333,8.787916,3408.787916
poia_zt_authenticator,PoIA with ZT-Authenticator,80,1937,0.001625,0.018084,4.25725,0.133625,4.413041,3404.413041
poia_zt_authenticator,PoIA with ZT-Authenticator,80,1938,0.002,0.023791,4.243833,0.132584,4.405,3404.405
poia_zt_authenticator,PoIA with ZT-Authenticator,80,1939,0.001625,0.018125,4.250084,0.132542,4.404667,3404.404667
poia_zt_authenticator,PoIA with ZT-Authenticator,80,1940,0.001792,0.018208,4.246084,0.1315,4.400166,3404.400166
poia_zt_authenticator,PoIA with ZT-Authenticator,80,1941,0.001625,0.018208,4.245542,0.133083,4.400875,3404.400875
poia_zt_authenticator,PoIA with ZT-Authenticator,80,1942,0.001959,0.018541,4.242334,0.1415,4.406917,3404.406917
poia_zt_authenticator,PoIA with ZT-Authenticator,80,1943,0.001791,0.018042,4.259417,0.132708,4.414333,3404.414333
poia_zt_authenticator,PoIA with ZT-Authenticator,80,1944,0.002292,0.0235,4.244583,0.131875,4.40475,3404.40475
poia_zt_authenticator,PoIA with ZT-Authenticator,80,1945,0.001708,0.018292,4.232791,0.135792,4.391167,3404.391167
poia_zt_authenticator,PoIA with ZT-Authenticator,80,1946,0.00175,0.018834,4.232625,0.131875,4.387541,3404.387541
poia_zt_authenticator,PoIA with ZT-Authenticator,80,1947,0.001792,0.022625,4.226291,0.134375,4.387583,3404.387583
poia_zt_authenticator,PoIA with ZT-Authenticator,80,1948,0.002125,0.026166,8.472625,0.132875,8.63625,3408.63625
poia_zt_authenticator,PoIA with ZT-Authenticator,80,1949,0.001792,0.018458,4.230542,0.1435,4.396792,3404.396792
poia_zt_authenticator,PoIA with ZT-Authenticator,80,1950,0.001709,0.018208,8.486209,0.13475,8.643291,3408.643291
poia_zt_authenticator,PoIA with ZT-Authenticator,80,1951,0.001792,0.018333,4.248084,0.1325,4.403166,3404.403166
poia_zt_authenticator,PoIA with ZT-Authenticator,80,1952,0.001625,0.018583,8.484125,0.133917,8.640666,3408.640666
poia_zt_authenticator,PoIA with ZT-Authenticator,80,1953,0.001791,0.018125,4.237291,0.131541,4.391167,3404.391167
poia_zt_authenticator,PoIA with ZT-Authenticator,80,1954,0.001875,0.0185,8.466708,0.137792,8.627291,3408.627291
poia_zt_authenticator,PoIA with ZT-Authenticator,80,1955,0.001958,0.022125,12.650167,0.134625,12.811333,3412.811333
poia_zt_authenticator,PoIA with ZT-Authenticator,80,1956,0.001667,0.018,3.9745,24.906417,28.9035,3428.9035
poia_zt_authenticator,PoIA with ZT-Authenticator,80,1957,0.001667,0.018208,4.397167,4.378917,8.798916,3408.798916
poia_zt_authenticator,PoIA with ZT-Authenticator,80,1958,0.001959,0.021958,12.58125,4.305458,16.913541,3416.913541
poia_zt_authenticator,PoIA with ZT-Authenticator,80,1959,0.002167,0.019166,4.278459,4.317541,8.620625,3408.620625
poia_zt_authenticator,PoIA with ZT-Authenticator,80,1960,0.002,0.021417,12.845292,0.1335,13.00475,3413.00475
poia_zt_authenticator,PoIA with ZT-Authenticator,80,1961,0.00175,0.020084,4.274125,4.433958,8.73275,3408.73275
poia_zt_authenticator,PoIA with ZT-Authenticator,80,1962,0.002292,0.024042,0.109416,0.133583,0.272042,3400.272042
poia_zt_authenticator,PoIA with ZT-Authenticator,80,1963,0.001667,0.017958,16.867375,0.1335,17.022792,3417.022792
poia_zt_authenticator,PoIA with ZT-Authenticator,80,1964,0.002125,0.01925,8.516125,0.133084,8.673125,3408.673125
poia_zt_authenticator,PoIA with ZT-Authenticator,80,1965,0.002,0.021834,12.877375,0.133417,13.037042,3413.037042
poia_zt_authenticator,PoIA with ZT-Authenticator,80,1966,0.001666,0.018334,12.876083,0.132375,13.031042,3413.031042
poia_zt_authenticator,PoIA with ZT-Authenticator,80,1967,0.00175,0.018167,12.88375,0.131875,13.037959,3413.0379590000002
poia_zt_authenticator,PoIA with ZT-Authenticator,80,1968,0.001875,0.021167,20.853666,0.134375,21.013541,3421.013541
poia_zt_authenticator,PoIA with ZT-Authenticator,80,1969,0.002167,0.019959,12.850667,0.136167,13.011833,3413.011833
poia_zt_authenticator,PoIA with ZT-Authenticator,80,1970,0.001625,0.018542,4.451667,8.555084,13.029958,3413.029958
poia_zt_authenticator,PoIA with ZT-Authenticator,80,1971,0.001959,0.021125,20.86575,0.134417,21.025834,3421.025834
poia_zt_authenticator,PoIA with ZT-Authenticator,80,1972,0.001667,0.018292,4.422708,0.131959,4.577,3404.577
poia_zt_authenticator,PoIA with ZT-Authenticator,80,1973,0.001666,0.017834,4.183542,12.882625,17.088667,3417.088667
poia_zt_authenticator,PoIA with ZT-Authenticator,80,1974,0.001792,0.018042,4.44975,0.150833,4.623125,3404.623125
poia_zt_authenticator,PoIA with ZT-Authenticator,80,1975,0.001833,0.019208,4.44425,0.151042,4.619167,3404.619167
poia_zt_authenticator,PoIA with ZT-Authenticator,80,1976,0.001833,0.018625,4.474625,0.139375,4.637042,3404.637042
poia_zt_authenticator,PoIA with ZT-Authenticator,80,1977,0.002,0.023042,4.474208,0.137083,4.63875,3404.63875
poia_zt_authenticator,PoIA with ZT-Authenticator,80,1978,0.00175,0.021209,4.453,0.173416,4.652708,3404.652708
poia_zt_authenticator,PoIA with ZT-Authenticator,80,1979,0.001875,0.018167,8.617125,0.184625,8.824542,3408.824542
poia_zt_authenticator,PoIA with ZT-Authenticator,80,1980,0.00175,0.018334,4.558583,0.149833,4.731,3404.731
poia_zt_authenticator,PoIA with ZT-Authenticator,80,1981,0.001875,0.021583,8.760458,0.139958,8.9265,3408.9265
poia_zt_authenticator,PoIA with ZT-Authenticator,80,1982,0.001667,0.018709,4.594792,0.137167,4.754708,3404.754708
poia_zt_authenticator,PoIA with ZT-Authenticator,80,1983,0.00175,0.018208,4.596458,0.134417,4.7535,3404.7535
poia_zt_authenticator,PoIA with ZT-Authenticator,80,1984,0.001625,0.018875,4.595875,0.144333,4.763459,3404.763459
poia_zt_authenticator,PoIA with ZT-Authenticator,80,1985,0.002666,0.025375,4.349084,4.637916,9.018875,3409.018875
poia_zt_authenticator,PoIA with ZT-Authenticator,80,1986,0.001917,0.022333,4.635667,0.157,4.819583,3404.819583
poia_zt_authenticator,PoIA with ZT-Authenticator,80,1987,0.001917,0.021708,4.629083,0.146333,4.801625,3404.801625
poia_zt_authenticator,PoIA with ZT-Authenticator,80,1988,0.001958,0.021583,4.6125,0.1365,4.77525,3404.77525
poia_zt_authenticator,PoIA with ZT-Authenticator,80,1989,0.001708,0.018542,13.031917,0.137667,13.192375,3413.192375
poia_zt_authenticator,PoIA with ZT-Authenticator,80,1990,0.001834,0.018417,4.401041,4.626917,9.051333,3409.051333
poia_zt_authenticator,PoIA with ZT-Authenticator,80,1991,0.002041,0.0185,4.40725,4.650834,9.081667,3409.081667
poia_zt_authenticator,PoIA with ZT-Authenticator,80,1992,0.002166,0.024416,4.524334,13.057333,17.611375,3417.611375
poia_zt_authenticator,PoIA with ZT-Authenticator,80,1993,0.002167,0.027583,4.409541,4.672875,9.115333,3409.115333
poia_zt_authenticator,PoIA with ZT-Authenticator,80,1994,0.001833,0.018459,8.953625,0.144041,9.120291,3409.120291
poia_zt_authenticator,PoIA with ZT-Authenticator,80,1995,0.011875,0.018917,8.938458,0.145292,9.117209,3409.117209
poia_zt_authenticator,PoIA with ZT-Authenticator,80,1996,0.00175,0.018084,8.954958,0.133625,9.111083,3409.111083
poia_zt_authenticator,PoIA with ZT-Authenticator,80,1997,0.00175,0.018541,8.953375,0.134542,9.110625,3409.110625
poia_zt_authenticator,PoIA with ZT-Authenticator,80,1998,0.001708,0.018166,8.956875,0.132916,9.112084,3409.112084
poia_zt_authenticator,PoIA with ZT-Authenticator,80,1999,0.00175,0.018459,8.9585,0.133916,9.115125,3409.115125
poia_zt_authenticator,PoIA with ZT-Authenticator,80,2000,0.001666,0.017833,8.961833,0.1345,9.118417,3409.118417
poia_zt_authenticator,PoIA with ZT-Authenticator,80,2001,0.00175,0.018375,8.961541,0.135834,9.120083,3409.120083
poia_zt_authenticator,PoIA with ZT-Authenticator,80,2002,0.001958,0.02225,4.672,0.133375,4.832084,3404.832084
poia_zt_authenticator,PoIA with ZT-Authenticator,80,2003,0.001708,0.017917,8.963167,0.1335,9.118708,3409.118708
poia_zt_authenticator,PoIA with ZT-Authenticator,80,2004,0.001708,0.018375,4.668959,0.13175,4.823333,3404.823333
poia_zt_authenticator,PoIA with ZT-Authenticator,80,2005,0.002084,0.027541,4.642708,0.137542,4.812416,3404.812416
poia_zt_authenticator,PoIA with ZT-Authenticator,80,2006,0.00175,0.019125,4.62375,0.139583,4.787042,3404.787042
poia_zt_authenticator,PoIA with ZT-Authenticator,80,2007,0.001917,0.020167,4.622125,0.138041,4.789333,3404.789333
poia_zt_authenticator,PoIA with ZT-Authenticator,80,2008,0.001542,0.01825,8.978709,0.148375,9.149541,3409.1495409999998
poia_zt_authenticator,PoIA with ZT-Authenticator,80,2009,0.001958,0.020125,4.63125,0.133792,4.789875,3404.789875
poia_zt_authenticator,PoIA with ZT-Authenticator,80,2010,0.002042,0.053125,4.497167,0.134166,4.689209,3404.689209
poia_zt_authenticator,PoIA with ZT-Authenticator,80,2011,0.001959,0.02275,9.042417,0.132125,9.201792,3409.201792
poia_zt_authenticator,PoIA with ZT-Authenticator,80,2012,0.001958,0.026875,4.438791,0.134,4.60425,3404.60425
poia_zt_authenticator,PoIA with ZT-Authenticator,80,2013,0.001792,0.018625,9.047916,0.132584,9.203375,3409.203375
poia_zt_authenticator,PoIA with ZT-Authenticator,80,2014,0.002292,0.019,4.496375,0.154291,4.674791,3404.674791
poia_zt_authenticator,PoIA with ZT-Authenticator,80,2015,0.001792,0.018458,4.51425,0.133083,4.67025,3404.67025
poia_zt_authenticator,PoIA with ZT-Authenticator,80,2016,0.002083,0.020583,4.496625,0.133375,4.65525,3404.65525
poia_zt_authenticator,PoIA with ZT-Authenticator,80,2017,0.001917,0.02225,8.938333,0.13875,9.103917,3409.103917
poia_zt_authenticator,PoIA with ZT-Authenticator,80,2018,0.001916,0.024334,4.427042,0.131792,4.587542,3404.587542
poia_zt_authenticator,PoIA with ZT-Authenticator,80,2019,0.001875,0.02225,8.905917,0.135833,9.068709,3409.068709
poia_zt_authenticator,PoIA with ZT-Authenticator,80,2020,0.001834,0.018666,4.427333,0.131958,4.582333,3404.582333
poia_zt_authenticator,PoIA with ZT-Authenticator,80,2021,0.002125,0.023291,4.37775,0.135041,4.541,3404.541
poia_zt_authenticator,PoIA with ZT-Authenticator,80,2022,0.002,0.023,4.355166,0.132292,4.515083,3404.515083
poia_zt_authenticator,PoIA with ZT-Authenticator,80,2023,0.001875,0.018667,4.31675,0.132417,4.472125,3404.472125
poia_zt_authenticator,PoIA with ZT-Authenticator,80,2024,0.001584,0.018291,4.315625,0.135916,4.474,3404.474
poia_zt_authenticator,PoIA with ZT-Authenticator,80,2025,0.001542,0.018125,4.320584,0.133166,4.475792,3404.475792
poia_zt_authenticator,PoIA with ZT-Authenticator,80,2026,0.001583,0.018417,4.306917,0.141917,4.471417,3404.471417
poia_zt_authenticator,PoIA with ZT-Authenticator,80,2027,0.00175,0.018708,4.317792,0.132417,4.473208,3404.473208
poia_zt_authenticator,PoIA with ZT-Authenticator,80,2028,0.001667,0.022125,4.312875,0.133167,4.472333,3404.472333
poia_zt_authenticator,PoIA with ZT-Authenticator,80,2029,0.001833,0.018833,4.301625,0.13325,4.458125,3404.458125
poia_zt_authenticator,PoIA with ZT-Authenticator,80,2030,0.001666,0.01775,4.307917,0.13425,4.463917,3404.463917
poia_zt_authenticator,PoIA with ZT-Authenticator,80,2031,0.00175,0.018375,4.306708,0.139875,4.469167,3404.469167
poia_zt_authenticator,PoIA with ZT-Authenticator,80,2032,0.00175,0.018125,4.323042,0.134208,4.489,3404.489
poia_zt_authenticator,PoIA with ZT-Authenticator,80,2033,0.001792,0.018709,4.316541,0.145042,4.484666,3404.484666
poia_zt_authenticator,PoIA with ZT-Authenticator,80,2034,0.00175,0.0195,4.322625,0.133334,4.479708,3404.479708
poia_zt_authenticator,PoIA with ZT-Authenticator,80,2035,0.001958,0.023333,4.316291,0.136791,4.481,3404.481
poia_zt_authenticator,PoIA with ZT-Authenticator,80,2036,0.002,0.018542,4.304958,0.133417,4.4615,3404.4615
poia_zt_authenticator,PoIA with ZT-Authenticator,80,2037,0.00175,0.018583,4.308625,0.135042,4.466417,3404.466417
poia_zt_authenticator,PoIA with ZT-Authenticator,80,2038,0.001708,0.018583,4.308792,0.139375,4.470834,3404.470834
poia_zt_authenticator,PoIA with ZT-Authenticator,80,2039,0.00175,0.018125,4.311959,0.13825,4.472875,3404.472875
poia_zt_authenticator,PoIA with ZT-Authenticator,80,2040,0.00175,0.018416,4.33425,0.135042,4.492125,3404.492125
poia_zt_authenticator,PoIA with ZT-Authenticator,80,2041,0.002583,0.025416,13.297042,0.134666,13.462958,3413.462958
poia_zt_authenticator,PoIA with ZT-Authenticator,80,2042,0.002875,0.025708,4.424792,0.134792,4.591208,3404.591208
poia_zt_authenticator,PoIA with ZT-Authenticator,80,2043,0.00175,0.017833,4.367458,13.27975,17.66975,3417.66975
poia_zt_authenticator,PoIA with ZT-Authenticator,80,2044,0.00175,0.018,4.444208,0.133542,4.599958,3404.599958
poia_zt_authenticator,PoIA with ZT-Authenticator,80,2045,0.001708,0.017917,4.445917,0.132042,4.6,3404.6
poia_zt_authenticator,PoIA with ZT-Authenticator,80,2046,0.002,0.018833,4.440667,0.134375,4.598458,3404.598458
poia_zt_authenticator,PoIA with ZT-Authenticator,80,2047,0.001666,0.018042,4.449083,0.132958,4.604167,3404.604167
poia_zt_authenticator,PoIA with ZT-Authenticator,80,2048,0.001667,0.018042,4.478833,0.132583,4.633792,3404.633792
poia_zt_authenticator,PoIA with ZT-Authenticator,80,2049,0.001792,0.018667,4.4725,0.132417,4.627916,3404.627916
poia_zt_authenticator,PoIA with ZT-Authenticator,80,2050,0.001709,0.01825,4.474,0.132625,4.629083,3404.629083
poia_zt_authenticator,PoIA with ZT-Authenticator,80,2051,0.00175,0.018416,4.468083,0.121916,4.612167,3404.612167
poia_zt_authenticator,PoIA with ZT-Authenticator,80,2052,0.001875,0.018834,4.318375,4.470875,8.812916,3408.812916
poia_zt_authenticator,PoIA with ZT-Authenticator,80,2053,0.001875,0.031958,8.867666,4.504792,13.409625,3413.409625
poia_zt_authenticator,PoIA with ZT-Authenticator,80,2054,0.001667,0.017833,13.247041,0.137209,13.406166,3413.406166
poia_zt_authenticator,PoIA with ZT-Authenticator,80,2055,0.001833,0.019,13.243625,0.132792,13.399708,3413.399708
poia_zt_authenticator,PoIA with ZT-Authenticator,80,2056,0.001625,0.018292,30.027875,0.136333,30.186666,3430.186666
poia_zt_authenticator,PoIA with ZT-Authenticator,80,2057,0.002,0.01825,13.224708,0.151958,13.399542,3413.399542
poia_zt_authenticator,PoIA with ZT-Authenticator,80,2058,0.002292,0.018833,0.061834,0.136792,0.22175,3400.22175
poia_zt_authenticator,PoIA with ZT-Authenticator,80,2059,0.001792,0.018958,4.522042,0.137375,4.68275,3404.68275
poia_zt_authenticator,PoIA with ZT-Authenticator,80,2060,0.001666,0.0185,21.669375,0.134958,21.827042,3421.827042
poia_zt_authenticator,PoIA with ZT-Authenticator,80,2061,0.001667,0.018333,12.879458,13.247708,26.15025,3426.15025
poia_zt_authenticator,PoIA with ZT-Authenticator,80,2062,0.002042,0.018958,25.931583,0.137292,26.092416,3426.092416
poia_zt_authenticator,PoIA with ZT-Authenticator,80,2063,0.00175,0.018292,4.541667,0.142209,4.706416,3404.706416
poia_zt_authenticator,PoIA with ZT-Authenticator,80,2064,0.001667,0.018459,8.684041,13.092917,21.800125,3421.800125
poia_zt_authenticator,PoIA with ZT-Authenticator,80,2065,0.001708,0.018291,4.5705,0.133458,4.726417,3404.726417
poia_zt_authenticator,PoIA with ZT-Authenticator,80,2066,0.001833,0.018625,4.569958,0.134583,4.727583,3404.727583
poia_zt_authenticator,PoIA with ZT-Authenticator,80,2067,0.00175,0.018208,4.57525,0.140542,4.738375,3404.738375
poia_zt_authenticator,PoIA with ZT-Authenticator,80,2068,0.001875,0.034,4.563041,0.131958,4.733459,3404.733459
poia_zt_authenticator,PoIA with ZT-Authenticator,80,2069,0.002458,0.029833,4.63125,0.156375,4.823292,3404.823292
poia_zt_authenticator,PoIA with ZT-Authenticator,80,2070,0.001791,0.018667,8.94375,0.138333,9.104958,3409.104958
poia_zt_authenticator,PoIA with ZT-Authenticator,80,2071,0.00175,0.018,4.649125,0.132625,4.803917,3404.803917
poia_zt_authenticator,PoIA with ZT-Authenticator,80,2072,0.002042,0.02175,4.6325,0.133875,4.792542,3404.792542
poia_zt_authenticator,PoIA with ZT-Authenticator,80,2073,0.001708,0.017792,4.632458,0.137417,4.791917,3404.791917
poia_zt_authenticator,PoIA with ZT-Authenticator,80,2074,0.001709,0.02925,4.627583,0.133042,4.794208,3404.794208
poia_zt_authenticator,PoIA with ZT-Authenticator,80,2075,0.001958,0.022875,8.798958,4.664167,13.494458,3413.494458
poia_zt_authenticator,PoIA with ZT-Authenticator,80,2076,0.002125,0.023167,8.684333,4.669041,13.381834,3413.381834
poia_zt_authenticator,PoIA with ZT-Authenticator,80,2077,0.001833,0.018958,8.887375,9.038917,17.950083,3417.950083
poia_zt_authenticator,PoIA with ZT-Authenticator,80,2078,0.001791,0.018334,17.807584,0.135416,17.966042,3417.966042
poia_zt_authenticator,PoIA with ZT-Authenticator,80,2079,0.001667,0.018083,4.685959,0.135208,4.843375,3404.843375
poia_zt_authenticator,PoIA with ZT-Authenticator,80,2080,0.001958,0.018209,4.454541,4.731292,9.209334,3409.209334
poia_zt_authenticator,PoIA with ZT-Authenticator,80,2081,0.001584,0.018292,4.472333,4.729833,9.225208,3409.225208
poia_zt_authenticator,PoIA with ZT-Authenticator,80,2082,0.002,0.022042,4.705208,0.152875,4.8845,3404.8845
poia_zt_authenticator,PoIA with ZT-Authenticator,80,2083,0.001833,0.022291,9.069083,0.135125,9.231041,3409.231041
poia_zt_authenticator,PoIA with ZT-Authenticator,80,2084,0.001625,0.01825,9.07375,0.137291,9.233417,3409.233417
poia_zt_authenticator,PoIA with ZT-Authenticator,80,2085,0.001834,0.018333,9.079667,0.133125,9.235416,3409.235416
poia_zt_authenticator,PoIA with ZT-Authenticator,80,2086,0.00175,0.018083,4.459625,26.30175,30.784125,3430.784125
poia_zt_authenticator,PoIA with ZT-Authenticator,80,2087,0.002084,0.022333,25.924834,4.717,30.669542,3430.669542
poia_zt_authenticator,PoIA with ZT-Authenticator,80,2088,0.001625,0.018167,4.706916,0.15325,4.8825,3404.8825
poia_zt_authenticator,PoIA with ZT-Authenticator,80,2089,0.001834,0.018917,17.726958,0.135125,17.885333,3417.885333
poia_zt_authenticator,PoIA with ZT-Authenticator,80,2090,0.001667,0.018792,4.517458,4.735125,9.276041,3409.276041
poia_zt_authenticator,PoIA with ZT-Authenticator,80,2091,0.002084,0.021916,4.709666,0.133042,4.869083,3404.869083
poia_zt_authenticator,PoIA with ZT-Authenticator,80,2092,0.00175,0.018458,9.115792,0.134,9.272375,3409.272375
poia_zt_authenticator,PoIA with ZT-Authenticator,80,2093,0.002208,0.023375,4.671666,0.134375,4.834167,3404.834167
poia_zt_authenticator,PoIA with ZT-Authenticator,80,2094,0.001916,0.018166,4.662,0.133083,4.817541,3404.817541
poia_zt_authenticator,PoIA with ZT-Authenticator,80,2095,0.001958,0.024167,4.651208,0.135458,4.815375,3404.815375
poia_zt_authenticator,PoIA with ZT-Authenticator,80,2096,0.002541,0.019792,4.637709,0.134333,4.796917,3404.796917
poia_zt_authenticator,PoIA with ZT-Authenticator,80,2097,0.001709,0.018541,4.649375,0.133541,4.805625,3404.805625
poia_zt_authenticator,PoIA with ZT-Authenticator,80,2098,0.002417,0.026459,4.7,0.132541,4.864542,3404.864542
poia_zt_authenticator,PoIA with ZT-Authenticator,80,2099,0.001959,0.018083,4.675167,0.136625,4.834375,3404.834375
poia_zt_authenticator,PoIA with ZT-Authenticator,80,2100,0.00175,0.018458,4.67775,0.149542,4.85,3404.85
poia_zt_authenticator,PoIA with ZT-Authenticator,80,2101,0.001667,0.018208,4.694375,0.133,4.849709,3404.849709
poia_zt_authenticator,PoIA with ZT-Authenticator,80,2102,0.001542,0.018125,4.694084,0.132958,4.849042,3404.849042
poia_zt_authenticator,PoIA with ZT-Authenticator,80,2103,0.001875,0.017959,4.690083,0.134917,4.8475,3404.8475
poia_zt_authenticator,PoIA with ZT-Authenticator,80,2104,0.001833,0.018375,4.692333,0.134792,4.849959,3404.849959
poia_zt_authenticator,PoIA with ZT-Authenticator,80,2105,0.00175,0.018958,17.765083,4.685875,22.474834,3422.474834
poia_zt_authenticator,PoIA with ZT-Authenticator,80,2106,0.002291,0.02275,4.6655,0.156,4.850667,3404.850667
poia_zt_authenticator,PoIA with ZT-Authenticator,80,2107,0.001792,0.018375,4.665542,4.69075,9.379375,3409.379375
poia_zt_authenticator,PoIA with ZT-Authenticator,80,2108,0.001959,0.025041,4.685958,0.133375,4.848833,3404.848833
poia_zt_authenticator,PoIA with ZT-Authenticator,80,2109,0.001709,0.018625,9.248625,0.134333,9.405667,3409.405667
poia_zt_authenticator,PoIA with ZT-Authenticator,80,2110,0.001667,0.017958,17.8185,4.699,22.540125,3422.540125
poia_zt_authenticator,PoIA with ZT-Authenticator,80,2111,0.0015,0.018458,4.730667,4.696792,9.450375,3409.450375
poia_zt_authenticator,PoIA with ZT-Authenticator,80,2112,0.001833,0.027625,9.255708,0.134208,9.421959,3409.421959
poia_zt_authenticator,PoIA with ZT-Authenticator,80,2113,0.001958,0.023292,4.669541,0.132291,4.8295,3404.8295
poia_zt_authenticator,PoIA with ZT-Authenticator,80,2114,0.001708,0.018792,9.25475,0.146541,9.42425,3409.42425
poia_zt_authenticator,PoIA with ZT-Authenticator,80,2115,0.001916,0.018625,4.67575,0.134875,4.833792,3404.833792
poia_zt_authenticator,PoIA with ZT-Authenticator,80,2116,0.001667,0.018333,4.627834,4.698708,9.34975,3409.34975
poia_zt_authenticator,PoIA with ZT-Authenticator,80,2117,0.001792,0.017917,4.695291,0.131834,4.849375,3404.849375
poia_zt_authenticator,PoIA with ZT-Authenticator,80,2118,0.002208,0.023291,4.67575,0.13275,4.836417,3404.836417
poia_zt_authenticator,PoIA with ZT-Authenticator,80,2119,0.001959,0.018625,4.6215,0.1325,4.777125,3404.777125
poia_zt_authenticator,PoIA with ZT-Authenticator,80,2120,0.001833,0.0185,4.624417,0.143417,4.790667,3404.790667
poia_zt_authenticator,PoIA with ZT-Authenticator,80,2121,0.001875,0.019459,22.222875,0.133541,22.380292,3422.380292
poia_zt_authenticator,PoIA with ZT-Authenticator,80,2122,0.001708,0.018417,9.195917,0.1325,9.350917,3409.350917
poia_zt_authenticator,PoIA with ZT-Authenticator,80,2123,0.001667,0.022542,4.692083,4.634875,9.354125,3409.354125
poia_zt_authenticator,PoIA with ZT-Authenticator,80,2124,0.001625,0.018041,26.255125,4.655791,30.933625,3430.933625
poia_zt_authenticator,PoIA with ZT-Authenticator,80,2125,0.001792,0.019333,4.504083,17.855916,22.384291,3422.384291
poia_zt_authenticator,PoIA with ZT-Authenticator,80,2126,0.001875,0.0185,4.649417,0.15425,4.826541,3404.826541
poia_zt_authenticator,PoIA with ZT-Authenticator,80,2127,0.001709,0.018292,4.562875,9.313667,13.899417,3413.899417
poia_zt_authenticator,PoIA with ZT-Authenticator,80,2128,0.001583,0.018167,4.716084,0.13475,4.873084,3404.873084
poia_zt_authenticator,PoIA with ZT-Authenticator,80,2129,0.00225,0.026208,17.849542,4.739917,22.621209,3422.621209
poia_zt_authenticator,PoIA with ZT-Authenticator,80,2130,0.001667,0.018375,4.732959,0.135958,4.891458,3404.891458
poia_zt_authenticator,PoIA with ZT-Authenticator,80,2131,0.001625,0.018583,4.716791,0.132292,4.87175,3404.87175
poia_zt_authenticator,PoIA with ZT-Authenticator,80,2132,0.001917,0.018125,4.723042,0.132792,4.878208,3404.878208
poia_zt_authenticator,PoIA with ZT-Authenticator,80,2133,0.00175,0.022167,4.71275,0.140959,4.880209,3404.880209
poia_zt_authenticator,PoIA with ZT-Authenticator,80,2134,0.002,0.018625,4.728542,0.134625,4.886458,3404.886458
poia_zt_authenticator,PoIA with ZT-Authenticator,80,2135,0.001834,0.018625,4.730333,0.137542,4.891166,3404.891166
poia_zt_authenticator,PoIA with ZT-Authenticator,80,2136,0.001875,0.024875,4.715208,0.137916,4.882708,3404.882708
poia_zt_authenticator,PoIA with ZT-Authenticator,80,2137,0.002,0.025292,4.693917,0.135166,4.859125,3404.859125
poia_zt_authenticator,PoIA with ZT-Authenticator,80,2138,0.001792,0.018708,4.699,0.148334,4.870292,3404.870292
poia_zt_authenticator,PoIA with ZT-Authenticator,80,2139,0.001667,0.018333,4.710959,0.13475,4.868333,3404.868333
poia_zt_authenticator,PoIA with ZT-Authenticator,80,2140,0.002166,0.02275,4.676541,4.722167,9.42675,3409.42675
poia_zt_authenticator,PoIA with ZT-Authenticator,80,2141,0.001833,0.022625,4.708958,0.134834,4.870791,3404.870791
poia_zt_authenticator,PoIA with ZT-Authenticator,80,2142,0.001834,0.018417,9.266083,0.133833,9.422458,3409.422458
poia_zt_authenticator,PoIA with ZT-Authenticator,80,2143,0.001791,0.018417,4.712834,0.132458,4.868,3404.868
poia_zt_authenticator,PoIA with ZT-Authenticator,80,2144,0.001791,0.018459,9.255916,0.13325,9.411791,3409.411791
poia_zt_authenticator,PoIA with ZT-Authenticator,80,2145,0.001917,0.018459,4.704375,0.148209,4.875666,3404.875666
poia_zt_authenticator,PoIA with ZT-Authenticator,80,2146,0.002041,0.021708,4.698375,0.145459,4.870083,3404.870083
poia_zt_authenticator,PoIA with ZT-Authenticator,80,2147,0.00175,0.018083,4.708917,0.134375,4.865583,3404.865583
poia_zt_authenticator,PoIA with ZT-Authenticator,80,2148,0.001667,0.01975,4.710708,0.131583,4.866083,3404.866083
poia_zt_authenticator,PoIA with ZT-Authenticator,80,2149,0.001667,0.018042,4.719583,9.245584,13.988041,3413.988041
poia_zt_authenticator,PoIA with ZT-Authenticator,80,2150,0.002,0.022041,9.235709,0.132834,9.395209,3409.395209
poia_zt_authenticator,PoIA with ZT-Authenticator,80,2151,0.001709,0.021792,4.74525,0.134708,4.905875,3404.905875
poia_zt_authenticator,PoIA with ZT-Authenticator,80,2152,0.00175,0.017958,4.753166,0.13625,4.911625,3404.911625
poia_zt_authenticator,PoIA with ZT-Authenticator,80,2153,0.00175,0.018458,4.759667,0.138084,4.9205,3404.9205
poia_zt_authenticator,PoIA with ZT-Authenticator,80,2154,0.001625,0.022792,4.33175,18.257083,22.6165,3422.6165
poia_zt_authenticator,PoIA with ZT-Authenticator,80,2155,0.001917,0.022292,4.735375,0.155625,4.917917,3404.917917
poia_zt_authenticator,PoIA with ZT-Authenticator,80,2156,0.001708,0.018167,4.674792,4.763875,9.4615,3409.4615
poia_zt_authenticator,PoIA with ZT-Authenticator,80,2157,0.001834,0.018708,4.671583,4.896166,9.591333,3409.591333
poia_zt_authenticator,PoIA with ZT-Authenticator,80,2158,0.001666,0.018333,4.716416,4.883417,9.623042,3409.623042
poia_zt_authenticator,PoIA with ZT-Authenticator,80,2159,0.00175,0.018125,4.879875,0.133875,5.036084,3405.036084
poia_zt_authenticator,PoIA with ZT-Authenticator,80,2160,0.002042,0.021834,4.862,0.133916,5.022334,3405.022334
poia_zt_authenticator,PoIA with ZT-Authenticator,80,2161,0.00175,0.019,22.430333,4.959708,27.413667,3427.413667
poia_zt_authenticator,PoIA with ZT-Authenticator,80,2162,0.001709,0.030542,4.721667,4.90825,9.665375,3409.665375
poia_zt_authenticator,PoIA with ZT-Authenticator,80,2163,0.001833,0.018292,13.642125,4.932375,18.597667,3418.597667
poia_zt_authenticator,PoIA with ZT-Authenticator,80,2164,0.002,0.019583,27.284625,0.145667,27.4545,3427.4545
poia_zt_authenticator,PoIA with ZT-Authenticator,80,2165,0.001833,0.018416,8.956708,14.108042,23.087917,3423.087917
poia_zt_authenticator,PoIA with ZT-Authenticator,80,2166,0.001708,0.018625,4.6345,14.139083,18.796958,3418.796958
poia_zt_authenticator,PoIA with ZT-Authenticator,80,2167,0.001875,0.022208,4.968917,0.1335,5.129083,3405.129083
poia_zt_authenticator,PoIA with ZT-Authenticator,80,2168,0.002583,0.02075,4.966375,0.1365,5.128833,3405.128833
poia_zt_authenticator,PoIA with ZT-Authenticator,80,2169,0.00175,0.017958,4.964625,0.159833,5.147125,3405.147125
poia_zt_authenticator,PoIA with ZT-Authenticator,80,2170,0.002,0.018667,4.957583,0.164834,5.145583,3405.145583
poia_zt_authenticator,PoIA with ZT-Authenticator,80,2171,0.00175,0.022416,4.677625,9.556791,14.261667,3414.261667
poia_zt_authenticator,PoIA with ZT-Authenticator,80,2172,0.002,0.01925,4.961417,0.148625,5.133792,3405.133792
poia_zt_authenticator,PoIA with ZT-Authenticator,80,2173,0.00175,0.018417,4.959792,0.133541,5.115875,3405.115875
poia_zt_authenticator,PoIA with ZT-Authenticator,80,2174,0.002,0.019084,4.962417,0.133416,5.119333,3405.119333
poia_zt_authenticator,PoIA with ZT-Authenticator,80,2175,0.001916,0.0185,9.528041,0.136834,9.68775,3409.68775
poia_zt_authenticator,PoIA with ZT-Authenticator,80,2176,0.001792,0.0185,4.93875,0.133417,5.094875,3405.094875
poia_zt_authenticator,PoIA with ZT-Authenticator,80,2177,0.001792,0.01825,9.514041,0.140792,9.677375,3409.677375
poia_zt_authenticator,PoIA with ZT-Authenticator,80,2178,0.001708,0.018209,4.939,0.140375,5.101667,3405.101667
poia_zt_authenticator,PoIA with ZT-Authenticator,80,2179,0.002125,0.023,14.039,0.149916,14.216625,3414.216625
poia_zt_authenticator,PoIA with ZT-Authenticator,80,2180,0.002,0.026167,4.931541,0.135833,5.09825,3405.09825
poia_zt_authenticator,PoIA with ZT-Authenticator,80,2181,0.001875,0.018916,9.227584,9.551875,18.803208,3418.803208
poia_zt_authenticator,PoIA with ZT-Authenticator,80,2182,0.002,0.018584,4.957291,0.134042,5.114375,3405.114375
poia_zt_authenticator,PoIA with ZT-Authenticator,80,2183,0.001791,0.018167,4.960958,0.134125,5.1175,3405.1175
poia_zt_authenticator,PoIA with ZT-Authenticator,80,2184,0.001792,0.018291,14.047958,0.145917,14.2165,3414.2165
poia_zt_authenticator,PoIA with ZT-Authenticator,80,2185,0.001584,0.018,4.943417,0.133083,5.0985,3405.0985
poia_zt_authenticator,PoIA with ZT-Authenticator,80,2186,0.00175,0.01875,30.771375,9.58175,40.376666,3440.376666
poia_zt_authenticator,PoIA with ZT-Authenticator,80,2187,0.001833,0.018334,4.96025,0.133791,5.116625,3405.116625
poia_zt_authenticator,PoIA with ZT-Authenticator,80,2188,0.002125,0.022708,4.93325,0.133375,5.094042,3405.094042
poia_zt_authenticator,PoIA with ZT-Authenticator,80,2189,0.001833,0.018959,4.929,0.132042,5.084334,3405.084334
poia_zt_authenticator,PoIA with ZT-Authenticator,80,2190,0.002584,0.023666,4.976292,0.136166,5.141833,3405.141833
poia_zt_authenticator,PoIA with ZT-Authenticator,80,2191,0.002042,0.02275,4.933542,0.132333,5.093167,3405.093167
poia_zt_authenticator,PoIA with ZT-Authenticator,80,2192,0.001792,0.017834,18.535292,4.968834,23.526791,3423.526791
poia_zt_authenticator,PoIA with ZT-Authenticator,80,2193,0.001791,0.0185,5.185083,0.137875,5.345583,3405.345583
poia_zt_authenticator,PoIA with ZT-Authenticator,80,2194,0.002125,0.023959,5.1645,0.135625,5.328834,3405.328834
poia_zt_authenticator,PoIA with ZT-Authenticator,80,2195,0.001916,0.021834,5.134583,0.150834,5.312,3405.312
poia_zt_authenticator,PoIA with ZT-Authenticator,80,2196,0.015959,0.024542,5.0375,0.134916,5.215709,3405.215709
poia_zt_authenticator,PoIA with ZT-Authenticator,80,2197,0.001916,0.021833,14.429,0.133959,14.589334,3414.589334
poia_zt_authenticator,PoIA with ZT-Authenticator,80,2198,0.001792,0.017958,13.24325,23.532166,36.798125,3436.798125
poia_zt_authenticator,PoIA with ZT-Authenticator,80,2199,0.001959,0.017958,18.96975,0.134542,19.126666,3419.126666
poia_zt_authenticator,PoIA with ZT-Authenticator,80,2200,0.001959,0.022208,4.99,0.135417,5.152041,3405.152041
poia_zt_authenticator,PoIA with ZT-Authenticator,80,2201,0.001959,0.022166,14.396209,0.144792,14.567958,3414.567958
poia_zt_authenticator,PoIA with ZT-Authenticator,80,2202,0.002083,0.022459,4.986125,0.146834,5.160208,3405.160208
poia_zt_authenticator,PoIA with ZT-Authenticator,80,2203,0.00175,0.01825,23.539208,0.134542,23.69625,3423.69625
poia_zt_authenticator,PoIA with ZT-Authenticator,80,2204,0.001917,0.018292,4.997375,0.13775,5.157875,3405.157875
poia_zt_authenticator,PoIA with ZT-Authenticator,80,2205,0.001583,0.019,27.98875,0.139625,28.151708,3428.151708
poia_zt_authenticator,PoIA with ZT-Authenticator,80,2206,0.001625,0.01875,9.100625,18.997541,28.1215,3428.1215
poia_zt_authenticator,PoIA with ZT-Authenticator,80,2207,0.002,0.01875,5.057667,0.160959,5.242458,3405.242458
poia_zt_authenticator,PoIA with ZT-Authenticator,80,2208,0.001875,0.018542,5.083333,0.152792,5.259625,3405.259625
poia_zt_authenticator,PoIA with ZT-Authenticator,80,2209,0.001625,0.018208,5.100084,0.14325,5.266083,3405.266083
poia_zt_authenticator,PoIA with ZT-Authenticator,80,2210,0.001959,0.019,5.102208,0.154542,5.280875,3405.280875
poia_zt_authenticator,PoIA with ZT-Authenticator,80,2211,0.001792,0.0195,14.544834,0.139542,14.708291,3414.708291
poia_zt_authenticator,PoIA with ZT-Authenticator,80,2212,0.002,0.018291,5.128375,0.133542,5.28475,3405.28475
poia_zt_authenticator,PoIA with ZT-Authenticator,80,2213,0.001708,0.022125,9.243541,9.9575,19.227875,3419.227875
poia_zt_authenticator,PoIA with ZT-Authenticator,80,2214,0.00175,0.018292,5.156375,0.1335,5.312625,3405.312625
poia_zt_authenticator,PoIA with ZT-Authenticator,80,2215,0.002125,0.023042,5.124458,0.136334,5.288458,3405.288458
poia_zt_authenticator,PoIA with ZT-Authenticator,80,2216,0.002,0.021958,14.547542,0.134167,14.708209,3414.708209
poia_zt_authenticator,PoIA with ZT-Authenticator,80,2217,0.001875,0.018334,4.740833,9.954375,14.718334,3414.718334
poia_zt_authenticator,PoIA with ZT-Authenticator,80,2218,0.002125,0.022333,9.93625,0.142584,10.105917,3410.105917
poia_zt_authenticator,PoIA with ZT-Authenticator,80,2219,0.001709,0.018333,5.153208,0.133625,5.309375,3405.309375
poia_zt_authenticator,PoIA with ZT-Authenticator,80,2220,0.002708,0.031375,4.885625,9.963208,14.886584,3414.886584
poia_zt_authenticator,PoIA with ZT-Authenticator,80,2221,0.002,0.021625,4.876333,9.981334,14.886417,3414.886417
poia_zt_authenticator,PoIA with ZT-Authenticator,80,2222,0.001708,0.032209,5.098083,0.133083,5.267791,3405.267791
poia_zt_authenticator,PoIA with ZT-Authenticator,80,2223,0.001708,0.018333,0.185167,0.16175,0.369792,3400.369792
poia_zt_authenticator,PoIA with ZT-Authenticator,80,2224,0.00175,0.018042,14.947083,0.151041,15.120583,3415.120583
poia_zt_authenticator,PoIA with ZT-Authenticator,80,2225,0.002042,0.018375,10.221917,0.139416,10.384334,3410.384334
poia_zt_authenticator,PoIA with ZT-Authenticator,80,2226,0.002042,0.022667,10.108375,0.140583,10.276166,3410.276166
poia_zt_authenticator,PoIA with ZT-Authenticator,80,2227,0.001875,0.018084,5.006083,5.180958,10.210083,3410.210083
poia_zt_authenticator,PoIA with ZT-Authenticator,80,2228,0.001916,0.018084,5.161583,0.158292,5.342792,3405.342792
poia_zt_authenticator,PoIA with ZT-Authenticator,80,2229,0.001792,0.01875,4.974375,10.059125,15.057291,3415.057291
poia_zt_authenticator,PoIA with ZT-Authenticator,80,2230,0.001833,0.018292,5.200166,0.1515,5.374375,3405.374375
poia_zt_authenticator,PoIA with ZT-Authenticator,80,2231,0.00175,0.023417,10.007416,0.137791,10.172916,3410.172916
poia_zt_authenticator,PoIA with ZT-Authenticator,80,2232,0.001833,0.019041,5.137292,0.1375,5.29825,3405.29825
poia_zt_authenticator,PoIA with ZT-Authenticator,80,2233,0.001917,0.018459,10.0185,0.143459,10.184917,3410.184917
poia_zt_authenticator,PoIA with ZT-Authenticator,80,2234,0.001792,0.018292,5.147958,0.138458,5.309125,3405.309125
poia_zt_authenticator,PoIA with ZT-Authenticator,80,2235,0.001917,0.018541,10.031209,0.134792,10.189042,3410.189042
poia_zt_authenticator,PoIA with ZT-Authenticator,80,2236,0.001625,0.018334,9.854333,5.133458,15.010833,3415.010833
poia_zt_authenticator,PoIA with ZT-Authenticator,80,2237,0.00175,0.018625,13.624208,19.438292,33.086,3433.086
poia_zt_authenticator,PoIA with ZT-Authenticator,80,2238,0.002166,0.023833,5.058542,0.135334,5.222334,3405.222334
poia_zt_authenticator,PoIA with ZT-Authenticator,80,2239,0.001917,0.022125,10.014,0.134167,10.174709,3410.174709
poia_zt_authenticator,PoIA with ZT-Authenticator,80,2240,0.001875,0.018333,14.813583,0.134083,14.970333,3414.970333
poia_zt_authenticator,PoIA with ZT-Authenticator,80,2241,0.001708,0.018417,5.001083,0.133375,5.157125,3405.157125
poia_zt_authenticator,PoIA with ZT-Authenticator,80,2242,0.002,0.022041,9.552916,10.0145,19.5945,3419.5945
poia_zt_authenticator,PoIA with ZT-Authenticator,80,2243,0.00175,0.022209,5.161583,5.011542,10.2,3410.2
poia_zt_authenticator,PoIA with ZT-Authenticator,80,2244,0.002,0.019334,4.952708,10.039417,15.016667,3415.016667
poia_zt_authenticator,PoIA with ZT-Authenticator,80,2245,0.001875,0.018417,10.033042,0.133791,10.189542,3410.189542
poia_zt_authenticator,PoIA with ZT-Authenticator,80,2246,0.001958,0.018583,5.025875,0.133917,5.182792,3405.182792
poia_zt_authenticator,PoIA with ZT-Authenticator,80,2247,0.001792,0.018541,10.032125,0.137417,10.192375,3410.192375
poia_zt_authenticator,PoIA with ZT-Authenticator,80,2248,0.00175,0.018583,4.923083,0.133875,5.07975,3405.07975
poia_zt_authenticator,PoIA with ZT-Authenticator,80,2249,0.001667,0.0215,5.079,0.217291,5.325666,3405.325666
poia_zt_authenticator,PoIA with ZT-Authenticator,80,2250,0.001958,0.021917,4.954375,10.124042,15.105458,3415.105458
poia_zt_authenticator,PoIA with ZT-Authenticator,80,2251,0.001792,0.018667,19.834,0.136416,19.993541,3419.993541
poia_zt_authenticator,PoIA with ZT-Authenticator,80,2252,0.002083,0.023625,14.904791,0.136,15.068959,3415.068959
poia_zt_authenticator,PoIA with ZT-Authenticator,80,2253,0.002084,0.019,5.139,4.973875,10.137167,3410.137167
poia_zt_authenticator,PoIA with ZT-Authenticator,80,2254,0.001791,0.019208,4.985917,0.136208,5.145792,3405.145792
poia_zt_authenticator,PoIA with ZT-Authenticator,80,2255,0.001958,0.021709,28.939958,0.134958,29.101125,3429.101125
poia_zt_authenticator,PoIA with ZT-Authenticator,80,2256,0.002042,0.028167,5.06775,0.13825,5.238917,3405.238917
poia_zt_authenticator,PoIA with ZT-Authenticator,80,2257,0.001916,0.018917,0.059333,0.128541,0.210708,3400.210708
poia_zt_authenticator,PoIA with ZT-Authenticator,80,2258,0.001708,0.018625,14.953709,0.1355,15.112167,3415.112167
poia_zt_authenticator,PoIA with ZT-Authenticator,80,2259,0.002167,0.023875,5.09275,0.135833,5.269709,3405.269709
poia_zt_authenticator,PoIA with ZT-Authenticator,80,2260,0.001959,0.021833,19.769625,0.13825,19.934333,3419.934333
poia_zt_authenticator,PoIA with ZT-Authenticator,80,2261,0.001875,0.01875,5.067417,0.133708,5.224291,3405.224291
poia_zt_authenticator,PoIA with ZT-Authenticator,80,2262,0.001666,0.018458,19.774334,0.134334,19.931333,3419.931333
poia_zt_authenticator,PoIA with ZT-Authenticator,80,2263,0.001833,0.018667,5.003542,10.093041,15.12,3415.12
poia_zt_authenticator,PoIA with ZT-Authenticator,80,2264,0.001917,0.035625,10.063417,0.133125,10.237,3410.237
poia_zt_authenticator,PoIA with ZT-Authenticator,80,2265,0.002167,0.019166,5.05525,0.134083,5.21325,3405.21325
poia_zt_authenticator,PoIA with ZT-Authenticator,80,2266,0.002667,0.022875,5.109833,5.076458,10.215125,3410.215125
poia_zt_authenticator,PoIA with ZT-Authenticator,80,2267,0.001625,0.018125,14.843625,5.107167,19.973083,3419.973083
poia_zt_authenticator,PoIA with ZT-Authenticator,80,2268,0.002417,0.02425,5.070292,5.110917,10.211333,3410.211333
poia_zt_authenticator,PoIA with ZT-Authenticator,80,2269,0.001959,0.026417,5.021458,5.220583,10.274125,3410.274125
poia_zt_authenticator,PoIA with ZT-Authenticator,80,2270,0.00175,0.018666,5.181833,0.172917,5.378209,3405.378209
poia_zt_authenticator,PoIA with ZT-Authenticator,80,2271,0.001917,0.01825,10.011042,5.295708,15.329958,3415.329958
poia_zt_authenticator,PoIA with ZT-Authenticator,80,2272,0.002125,0.022667,5.101833,0.135542,5.264833,3405.264833
poia_zt_authenticator,PoIA with ZT-Authenticator,80,2273,0.002041,0.021792,5.084167,0.138042,5.248667,3405.248667
poia_zt_authenticator,PoIA with ZT-Authenticator,80,2274,0.001792,0.023083,9.957375,0.141291,10.126208,3410.126208
poia_zt_authenticator,PoIA with ZT-Authenticator,80,2275,0.001709,0.018042,5.071625,0.146083,5.240083,3405.240083
poia_zt_authenticator,PoIA with ZT-Authenticator,80,2276,0.002417,0.023708,15.139041,0.134458,15.302792,3415.302792
poia_zt_authenticator,PoIA with ZT-Authenticator,80,2277,0.001875,0.01925,5.090041,0.149709,5.263708,3405.263708
poia_zt_authenticator,PoIA with ZT-Authenticator,80,2278,0.001958,0.01825,10.170625,5.126542,15.3205,3415.3205
poia_zt_authenticator,PoIA with ZT-Authenticator,80,2279,0.001917,0.022417,5.073875,10.190625,15.291459,3415.291459
poia_zt_authenticator,PoIA with ZT-Authenticator,80,2280,0.002959,0.022583,5.083917,0.131625,5.244291,3405.244291
poia_zt_authenticator,PoIA with ZT-Authenticator,80,2281,0.001833,0.022417,10.102542,9.9945,20.1245,3420.1245
poia_zt_authenticator,PoIA with ZT-Authenticator,80,2282,0.001959,0.024208,4.99825,0.133125,5.160041,3405.160041
poia_zt_authenticator,PoIA with ZT-Authenticator,80,2283,0.00175,0.01975,4.996625,0.135416,5.156083,3405.156083
poia_zt_authenticator,PoIA with ZT-Authenticator,80,2284,0.002083,0.022584,4.942833,0.1495,5.119834,3405.119834
poia_zt_authenticator,PoIA with ZT-Authenticator,80,2285,0.002,0.018542,14.893458,0.13575,15.052459,3415.052459
poia_zt_authenticator,PoIA with ZT-Authenticator,80,2286,0.001875,0.018458,10.03525,9.893875,19.952417,3419.952417
poia_zt_authenticator,PoIA with ZT-Authenticator,80,2287,0.001916,0.018667,4.942875,0.134625,5.1005,3405.1005
poia_zt_authenticator,PoIA with ZT-Authenticator,80,2288,0.001792,0.018292,5.064917,5.038791,10.126667,3410.126667
poia_zt_authenticator,PoIA with ZT-Authenticator,80,2289,0.002125,0.026916,5.162375,9.906292,15.101,3415.101
poia_zt_authenticator,PoIA with ZT-Authenticator,80,2290,0.002042,0.019083,9.900417,0.133792,10.057958,3410.057958
poia_zt_authenticator,PoIA with ZT-Authenticator,80,2291,0.001542,0.018375,4.987042,0.133875,5.143583,3405.143583
poia_zt_authenticator,PoIA with ZT-Authenticator,80,2292,0.001833,0.018583,14.9445,0.135583,15.103209,3415.103209
poia_zt_authenticator,PoIA with ZT-Authenticator,80,2293,0.002167,0.019458,9.939958,0.133958,10.098125,3410.098125
poia_zt_authenticator,PoIA with ZT-Authenticator,80,2294,0.001583,0.018041,15.025167,0.135084,15.182292,3415.182292
poia_zt_authenticator,PoIA with ZT-Authenticator,80,2295,0.001625,0.018292,4.990666,0.136708,5.149875,3405.149875
poia_zt_authenticator,PoIA with ZT-Authenticator,80,2296,0.002041,0.022875,4.979166,0.133208,5.139708,3405.139708
poia_zt_authenticator,PoIA with ZT-Authenticator,80,2297,0.002166,0.021834,4.95525,0.133708,5.1155,3405.1155
poia_zt_authenticator,PoIA with ZT-Authenticator,80,2298,0.002041,0.022166,4.929459,0.134958,5.091292,3405.091292
poia_zt_authenticator,PoIA with ZT-Authenticator,80,2299,0.002208,0.023292,19.826458,4.933917,24.788958,3424.788958
poia_zt_authenticator,PoIA with ZT-Authenticator,80,2300,0.001916,0.022375,10.029833,4.960375,15.01775,3415.01775
poia_zt_authenticator,PoIA with ZT-Authenticator,80,2301,0.001792,0.023666,5.120958,4.971208,10.120792,3410.120792
poia_zt_authenticator,PoIA with ZT-Authenticator,80,2302,0.002042,0.022125,4.804167,0.145125,4.976,3404.976
poia_zt_authenticator,PoIA with ZT-Authenticator,80,2303,0.001958,0.022542,14.918917,0.133917,15.092209,3415.092209
poia_zt_authenticator,PoIA with ZT-Authenticator,80,2304,0.001959,0.022416,4.961292,0.149875,5.138125,3405.138125
poia_zt_authenticator,PoIA with ZT-Authenticator,80,2305,0.00175,0.018833,5.016417,9.983708,15.023708,3415.023708
poia_zt_authenticator,PoIA with ZT-Authenticator,80,2306,0.001959,0.021834,9.970541,0.136542,10.133375,3410.133375
poia_zt_authenticator,PoIA with ZT-Authenticator,80,2307,0.001834,0.018667,9.9805,5.031041,15.035208,3415.035208
poia_zt_authenticator,PoIA with ZT-Authenticator,80,2308,0.002541,0.020083,5.043667,0.13425,5.203042,3405.203042
poia_zt_authenticator,PoIA with ZT-Authenticator,80,2309,0.001916,0.028834,5.027709,0.133667,5.194625,3405.194625
poia_zt_authenticator,PoIA with ZT-Authenticator,80,2310,0.002,0.018833,5.019958,0.134084,5.177417,3405.177417
poia_zt_authenticator,PoIA with ZT-Authenticator,80,2311,0.002125,0.022292,0.115417,9.887917,10.031084,3410.031084
poia_zt_authenticator,PoIA with ZT-Authenticator,80,2312,0.001875,0.020083,9.965,5.004083,14.994125,3414.994125
poia_zt_authenticator,PoIA with ZT-Authenticator,80,2313,0.002083,0.02325,4.990667,0.149416,5.168,3405.168
poia_zt_authenticator,PoIA with ZT-Authenticator,80,2314,0.001833,0.018292,19.903458,0.134292,20.060583,3420.060583
poia_zt_authenticator,PoIA with ZT-Authenticator,80,2315,0.002125,0.019292,9.940875,0.135834,10.100833,3410.100833
poia_zt_authenticator,PoIA with ZT-Authenticator,80,2316,0.002042,0.024583,14.8655,0.135208,15.029916,3415.029916
poia_zt_authenticator,PoIA with ZT-Authenticator,80,2317,0.002,0.021959,5.116708,0.136625,5.279875,3405.279875
poia_zt_authenticator,PoIA with ZT-Authenticator,80,2318,0.002292,0.022958,5.082542,0.13325,5.243541,3405.243541
poia_zt_authenticator,PoIA with ZT-Authenticator,80,2319,0.00175,0.018209,9.933584,0.133792,10.090042,3410.090042
poia_zt_authenticator,PoIA with ZT-Authenticator,80,2320,0.001666,0.022292,5.0675,0.133,5.226958,3405.226958
poia_zt_authenticator,PoIA with ZT-Authenticator,80,2321,0.001791,0.025333,9.913334,0.135875,10.079125,3410.079125
poia_zt_authenticator,PoIA with ZT-Authenticator,80,2322,0.001875,0.019167,9.862291,5.069084,14.955625,3414.955625
poia_zt_authenticator,PoIA with ZT-Authenticator,80,2323,0.001916,0.019208,5.050667,9.960167,15.035167,3415.035167
poia_zt_authenticator,PoIA with ZT-Authenticator,80,2324,0.00175,0.018083,5.07825,0.13325,5.233958,3405.233958
poia_zt_authenticator,PoIA with ZT-Authenticator,80,2325,0.002167,0.018458,5.077333,0.13425,5.23475,3405.23475
poia_zt_authenticator,PoIA with ZT-Authenticator,80,2326,0.001583,0.01825,4.982708,5.1035,10.109042,3410.109042
poia_zt_authenticator,PoIA with ZT-Authenticator,80,2327,0.001875,0.018084,5.079375,0.145584,5.247459,3405.247459
poia_zt_authenticator,PoIA with ZT-Authenticator,80,2328,0.002125,0.023333,5.100292,9.917708,15.046667,3415.046667
poia_zt_authenticator,PoIA with ZT-Authenticator,80,2329,0.002167,0.023542,9.907625,0.135042,10.071041,3410.071041
poia_zt_authenticator,PoIA with ZT-Authenticator,80,2330,0.001875,0.01825,5.120625,0.132417,5.275708,3405.275708
poia_zt_authenticator,PoIA with ZT-Authenticator,80,2331,0.002208,0.023042,5.076625,0.133625,5.238042,3405.238042
poia_zt_authenticator,PoIA with ZT-Authenticator,80,2332,0.002084,0.022625,5.051125,0.134834,5.21325,3405.21325
poia_zt_authenticator,PoIA with ZT-Authenticator,80,2333,0.002,0.018416,5.186666,9.913792,15.123916,3415.123916
poia_zt_authenticator,PoIA with ZT-Authenticator,80,2334,0.001959,0.018458,14.965042,0.173209,15.161709,3415.161709
poia_zt_authenticator,PoIA with ZT-Authenticator,80,2335,0.001792,0.022916,5.054459,0.132917,5.214708,3405.214708
poia_zt_authenticator,PoIA with ZT-Authenticator,80,2336,0.001792,0.022458,5.026375,0.134292,5.187375,3405.187375
poia_zt_authenticator,PoIA with ZT-Authenticator,80,2337,0.001667,0.018333,5.018084,0.133042,5.173666,3405.173666
poia_zt_authenticator,PoIA with ZT-Authenticator,80,2338,0.002208,0.022792,5.008792,0.134833,5.171125,3405.171125
poia_zt_authenticator,PoIA with ZT-Authenticator,80,2339,0.001667,0.018542,5.058875,5.060041,10.142166,3410.142166
poia_zt_authenticator,PoIA with ZT-Authenticator,80,2340,0.002833,0.02525,5.052333,0.134042,5.217667,3405.217667
poia_zt_authenticator,PoIA with ZT-Authenticator,80,2341,0.00175,0.018166,10.016334,5.069458,15.108667,3415.108667
poia_zt_authenticator,PoIA with ZT-Authenticator,80,2342,0.001958,0.022625,10.093042,10.001916,20.1225,3420.1225
poia_zt_authenticator,PoIA with ZT-Authenticator,80,2343,0.002167,0.033459,9.970292,0.132167,10.140625,3410.140625
poia_zt_authenticator,PoIA with ZT-Authenticator,80,2344,0.001833,0.018084,5.098167,0.136917,5.257334,3405.257334
poia_zt_authenticator,PoIA with ZT-Authenticator,80,2345,0.001708,0.018875,5.024917,5.112666,10.161167,3410.161167
poia_zt_authenticator,PoIA with ZT-Authenticator,80,2346,0.001917,0.018583,5.011417,5.138375,10.17325,3410.17325
poia_zt_authenticator,PoIA with ZT-Authenticator,80,2347,0.001792,0.018916,9.890459,14.915208,24.8295,3424.8295
poia_zt_authenticator,PoIA with ZT-Authenticator,80,2348,0.002042,0.023291,5.144625,0.135209,5.307708,3405.307708
poia_zt_authenticator,PoIA with ZT-Authenticator,80,2349,0.001917,0.018875,5.148167,0.147208,5.31875,3405.31875
poia_zt_authenticator,PoIA with ZT-Authenticator,80,2350,0.001541,0.0185,5.048958,0.134125,5.205958,3405.205958
poia_zt_authenticator,PoIA with ZT-Authenticator,80,2351,0.001875,0.018959,5.049625,0.138208,5.211291,3405.211291
poia_zt_authenticator,PoIA with ZT-Authenticator,80,2352,0.001792,0.018208,5.0675,0.134,5.224,3405.224
poia_zt_authenticator,PoIA with ZT-Authenticator,80,2353,0.001791,0.0185,5.064791,0.137125,5.224792,3405.224792
poia_zt_authenticator,PoIA with ZT-Authenticator,80,2354,0.00175,0.02225,5.074583,0.146334,5.247458,3405.247458
poia_zt_authenticator,PoIA with ZT-Authenticator,80,2355,0.001917,0.018875,5.087333,0.135916,5.246667,3405.246667
poia_zt_authenticator,PoIA with ZT-Authenticator,80,2356,0.001875,0.018916,5.057667,5.101875,10.183375,3410.183375
poia_zt_authenticator,PoIA with ZT-Authenticator,80,2357,0.002,0.018916,5.083416,0.160209,5.26775,3405.26775
poia_zt_authenticator,PoIA with ZT-Authenticator,80,2358,0.00225,0.0185,9.938542,5.12825,15.090708,3415.090708
poia_zt_authenticator,PoIA with ZT-Authenticator,80,2359,0.002041,0.024125,5.111458,0.143375,5.2835,3405.2835
poia_zt_authenticator,PoIA with ZT-Authenticator,80,2360,0.002167,0.022708,19.8645,0.135208,20.027,3420.027
poia_zt_authenticator,PoIA with ZT-Authenticator,80,2361,0.001833,0.038292,4.9645,10.103042,15.110958,3415.110958
poia_zt_authenticator,PoIA with ZT-Authenticator,80,2362,0.002125,0.018375,5.126166,0.153708,5.303042,3405.303042
poia_zt_authenticator,PoIA with ZT-Authenticator,80,2363,0.001959,0.022167,5.1125,0.134667,5.273833,3405.273833
poia_zt_authenticator,PoIA with ZT-Authenticator,80,2364,0.001875,0.018833,10.097584,0.134916,10.255709,3410.255709
poia_zt_authenticator,PoIA with ZT-Authenticator,80,2365,0.00175,0.02225,14.838959,9.995416,24.861333,3424.861333
poia_zt_authenticator,PoIA with ZT-Authenticator,80,2366,0.001709,0.018208,5.1055,0.153417,5.281417,3405.281417
poia_zt_authenticator,PoIA with ZT-Authenticator,80,2367,0.001833,0.022,5.12375,0.133125,5.283125,3405.283125
poia_zt_authenticator,PoIA with ZT-Authenticator,80,2368,0.001667,0.018167,5.125083,0.146292,5.293625,3405.293625
poia_zt_authenticator,PoIA with ZT-Authenticator,80,2369,0.002042,0.034833,5.138292,0.13325,5.311,3405.311
poia_zt_authenticator,PoIA with ZT-Authenticator,80,2370,0.002167,0.02225,5.10825,0.1345,5.269667,3405.269667
poia_zt_authenticator,PoIA with ZT-Authenticator,80,2371,0.001875,0.018708,5.09475,0.154416,5.272292,3405.272292
poia_zt_authenticator,PoIA with ZT-Authenticator,80,2372,0.001709,0.017958,5.127958,0.139041,5.289416,3405.289416
poia_zt_authenticator,PoIA with ZT-Authenticator,80,2373,0.002083,0.024083,5.125084,0.145709,5.2995,3405.2995
poia_zt_authenticator,PoIA with ZT-Authenticator,80,2374,0.001916,0.022084,5.034958,0.132334,5.193917,3405.193917
poia_zt_authenticator,PoIA with ZT-Authenticator,80,2375,0.001583,0.018417,10.006459,0.143542,10.17275,3410.17275
poia_zt_authenticator,PoIA with ZT-Authenticator,80,2376,0.001959,0.021708,5.008709,0.132541,5.167333,3405.167333
poia_zt_authenticator,PoIA with ZT-Authenticator,80,2377,0.001833,0.026125,4.979333,0.133334,5.143292,3405.143292
poia_zt_authenticator,PoIA with ZT-Authenticator,80,2378,0.002125,0.018875,5.136875,9.803458,14.964542,3414.964542
poia_zt_authenticator,PoIA with ZT-Authenticator,80,2379,0.001833,0.01825,4.983,0.146417,5.151959,3405.151959
poia_zt_authenticator,PoIA with ZT-Authenticator,80,2380,0.001833,0.018375,4.970792,0.134916,5.128375,3405.128375
poia_zt_authenticator,PoIA with ZT-Authenticator,80,2381,0.001667,0.017917,14.81125,0.149625,14.982834,3414.982834
poia_zt_authenticator,PoIA with ZT-Authenticator,80,2382,0.001834,0.0185,4.965,0.136541,5.124333,3405.124333
poia_zt_authenticator,PoIA with ZT-Authenticator,80,2383,0.001917,0.01925,4.974917,0.13425,5.133042,3405.133042
poia_zt_authenticator,PoIA with ZT-Authenticator,80,2384,0.002083,0.018875,4.96125,0.137833,5.122542,3405.122542
poia_zt_authenticator,PoIA with ZT-Authenticator,80,2385,0.001875,0.018375,14.850625,0.135292,15.008834,3415.008834
poia_zt_authenticator,PoIA with ZT-Authenticator,80,2386,0.001792,0.018167,4.948583,0.132875,5.104,3405.104
poia_zt_authenticator,PoIA with ZT-Authenticator,80,2387,0.001958,0.022875,9.897,0.137125,10.061584,3410.061584
poia_zt_authenticator,PoIA with ZT-Authenticator,80,2388,0.002,0.022667,4.939625,0.133125,5.100041,3405.100041
poia_zt_authenticator,PoIA with ZT-Authenticator,80,2389,0.002,0.018333,9.9195,14.863791,24.80675,3424.80675
poia_zt_authenticator,PoIA with ZT-Authenticator,80,2390,0.001916,0.018375,4.903625,0.135166,5.061541,3405.061541
poia_zt_authenticator,PoIA with ZT-Authenticator,80,2391,0.001833,0.018417,4.905959,0.146875,5.0755,3405.0755
poia_zt_authenticator,PoIA with ZT-Authenticator,80,2392,0.001875,0.019042,5.134208,4.9175,10.075584,3410.075584
poia_zt_authenticator,PoIA with ZT-Authenticator,80,2393,0.002,0.0225,14.875875,0.135292,15.038292,3415.038292
poia_zt_authenticator,PoIA with ZT-Authenticator,80,2394,0.001916,0.018291,9.899291,0.135959,10.057791,3410.057791
poia_zt_authenticator,PoIA with ZT-Authenticator,80,2395,0.002,0.019666,19.652292,0.135834,19.81225,3419.81225
poia_zt_authenticator,PoIA with ZT-Authenticator,80,2396,0.002125,0.022625,4.903958,0.139084,5.070291,3405.070291
poia_zt_authenticator,PoIA with ZT-Authenticator,80,2397,0.001625,0.019708,14.811083,0.135375,14.970292,3414.970292
poia_zt_authenticator,PoIA with ZT-Authenticator,80,2398,0.002084,0.018416,4.893042,0.143542,5.05975,3405.05975
poia_zt_authenticator,PoIA with ZT-Authenticator,80,2399,0.001667,0.018291,5.028375,14.807166,19.858459,3419.858459
poia_zt_authenticator,PoIA with ZT-Authenticator,80,2400,0.001792,0.018208,4.920875,0.13375,5.077042,3405.077042
poia_zt_authenticator,PoIA with ZT-Authenticator,80,2401,0.001834,0.018459,4.923625,0.133666,5.079917,3405.079917
poia_zt_authenticator,PoIA with ZT-Authenticator,80,2402,0.001792,0.01825,9.986958,14.945834,24.956209,3424.956209
poia_zt_authenticator,PoIA with ZT-Authenticator,80,2403,0.002417,0.029792,5.00925,0.140625,5.185334,3405.185334
poia_zt_authenticator,PoIA with ZT-Authenticator,80,2404,0.002,0.02325,5.005417,0.136709,5.169958,3405.169958
poia_zt_authenticator,PoIA with ZT-Authenticator,80,2405,0.001792,0.02925,5.073417,10.040083,15.147708,3415.147708
poia_zt_authenticator,PoIA with ZT-Authenticator,80,2406,0.002167,0.033458,5.055375,5.2175,10.31175,3410.31175
poia_zt_authenticator,PoIA with ZT-Authenticator,80,2407,0.002083,0.023083,15.011709,0.133459,15.172917,3415.172917
poia_zt_authenticator,PoIA with ZT-Authenticator,80,2408,0.001916,0.018084,10.050333,0.133125,10.205958,3410.205958
poia_zt_authenticator,PoIA with ZT-Authenticator,80,2409,0.001958,0.019833,5.0345,5.157541,10.216875,3410.216875
poia_zt_authenticator,PoIA with ZT-Authenticator,80,2410,0.003041,0.018042,5.09075,14.897875,20.01225,3420.01225
poia_zt_authenticator,PoIA with ZT-Authenticator,80,2411,0.002042,0.022791,10.024542,0.144958,10.196959,3410.196959
poia_zt_authenticator,PoIA with ZT-Authenticator,80,2412,0.001667,0.018417,9.95625,9.954875,19.934167,3419.934167
poia_zt_authenticator,PoIA with ZT-Authenticator,80,2413,0.001833,0.01825,10.054625,9.875542,19.95325,3419.95325
poia_zt_authenticator,PoIA with ZT-Authenticator,80,2414,0.001875,0.0185,5.107375,0.127166,5.257,3405.257
poia_zt_authenticator,PoIA with ZT-Authenticator,80,2415,0.001875,0.0185,10.086125,24.695459,34.805084,3434.805084
poia_zt_authenticator,PoIA with ZT-Authenticator,80,2416,0.001875,0.018917,5.080042,0.160542,5.264084,3405.264084
poia_zt_authenticator,PoIA with ZT-Authenticator,80,2417,0.001833,0.018625,5.15025,0.13375,5.307125,3405.307125
poia_zt_authenticator,PoIA with ZT-Authenticator,80,2418,0.001875,0.019083,4.963708,5.176959,10.164709,3410.164709
poia_zt_authenticator,PoIA with ZT-Authenticator,80,2419,0.002083,0.018417,5.091333,9.949667,15.0645,3415.0645
poia_zt_authenticator,PoIA with ZT-Authenticator,80,2420,0.001958,0.022875,5.114625,0.135834,5.277792,3405.277792
poia_zt_authenticator,PoIA with ZT-Authenticator,80,2421,0.002,0.022625,9.897209,0.136083,10.060375,3410.060375
poia_zt_authenticator,PoIA with ZT-Authenticator,80,2422,0.001875,0.018625,5.124834,0.135041,5.282792,3405.282792
poia_zt_authenticator,PoIA with ZT-Authenticator,80,2423,0.001625,0.018167,9.91575,5.124916,15.063584,3415.063584
poia_zt_authenticator,PoIA with ZT-Authenticator,80,2424,0.001917,0.021708,14.895958,0.150292,15.072458,3415.072458
poia_zt_authenticator,PoIA with ZT-Authenticator,80,2425,0.002167,0.019041,4.895792,5.160166,10.080375,3410.080375
poia_zt_authenticator,PoIA with ZT-Authenticator,80,2426,0.001917,0.019041,5.138583,0.156375,5.318542,3405.318542
poia_zt_authenticator,PoIA with ZT-Authenticator,80,2427,0.001917,0.019083,9.935709,0.134542,10.093666,3410.093666
poia_zt_authenticator,PoIA with ZT-Authenticator,80,2428,0.001709,0.018791,9.931625,0.139458,10.094209,3410.094209
poia_zt_authenticator,PoIA with ZT-Authenticator,80,2429,0.001833,0.01875,5.038375,14.955542,20.017667,3420.017667
poia_zt_authenticator,PoIA with ZT-Authenticator,80,2430,0.002125,0.018667,24.674792,0.142708,24.840875,3424.840875
poia_zt_authenticator,PoIA with ZT-Authenticator,80,2431,0.001917,0.022084,5.103584,0.136584,5.266791,3405.266791
poia_zt_authenticator,PoIA with ZT-Authenticator,80,2432,0.001875,0.01875,5.09975,9.9195,15.042875,3415.042875
poia_zt_authenticator,PoIA with ZT-Authenticator,80,2433,0.001875,0.018167,5.142792,0.137041,5.302375,3405.302375
poia_zt_authenticator,PoIA with ZT-Authenticator,80,2434,0.001792,0.018375,5.154292,0.1335,5.3105,3405.3105
poia_zt_authenticator,PoIA with ZT-Authenticator,80,2435,0.001833,0.018375,5.137375,10.020917,15.181708,3415.181708
poia_zt_authenticator,PoIA with ZT-Authenticator,80,2436,0.001917,0.018167,5.002375,5.112833,10.1385,3410.1385
poia_zt_authenticator,PoIA with ZT-Authenticator,80,2437,0.00175,0.01875,5.160333,0.186333,5.370375,3405.370375
poia_zt_authenticator,PoIA with ZT-Authenticator,80,2438,0.001958,0.018709,5.057625,5.101208,10.182542,3410.182542
poia_zt_authenticator,PoIA with ZT-Authenticator,80,2439,0.001875,0.02225,5.083083,0.135084,5.244916,3405.244916
poia_zt_authenticator,PoIA with ZT-Authenticator,80,2440,0.001917,0.017833,10.103583,0.137292,10.262958,3410.262958
poia_zt_authenticator,PoIA with ZT-Authenticator,80,2441,0.00175,0.019834,5.090667,0.133958,5.248708,3405.248708
poia_zt_authenticator,PoIA with ZT-Authenticator,80,2442,0.002083,0.04775,5.04525,0.136625,5.23425,3405.23425
poia_zt_authenticator,PoIA with ZT-Authenticator,80,2443,0.001666,0.022625,5.192375,5.128167,10.347333,3410.347333
poia_zt_authenticator,PoIA with ZT-Authenticator,80,2444,0.001958,0.021958,5.114209,0.13575,5.276333,3405.276333
poia_zt_authenticator,PoIA with ZT-Authenticator,80,2445,0.002,0.022458,5.09725,0.134459,5.258667,3405.258667
poia_zt_authenticator,PoIA with ZT-Authenticator,80,2446,0.002083,0.02225,19.844916,5.13575,25.008,3425.008
poia_zt_authenticator,PoIA with ZT-Authenticator,80,2447,0.001875,0.018,24.822791,0.1355,24.980667,3424.980667
poia_zt_authenticator,PoIA with ZT-Authenticator,80,2448,0.002042,0.0225,5.11875,0.13625,5.282042,3405.282042
poia_zt_authenticator,PoIA with ZT-Authenticator,80,2449,0.001834,0.019,5.134375,5.111792,10.269625,3410.269625
poia_zt_authenticator,PoIA with ZT-Authenticator,80,2450,0.001875,0.032709,5.081,0.133375,5.251625,3405.251625
poia_zt_authenticator,PoIA with ZT-Authenticator,80,2451,0.001916,0.019042,10.193416,0.134875,10.351792,3410.351792
poia_zt_authenticator,PoIA with ZT-Authenticator,80,2452,0.002,0.022959,5.122333,0.133792,5.283459,3405.283459
poia_zt_authenticator,PoIA with ZT-Authenticator,80,2453,0.002125,0.027417,14.910541,0.136334,15.079042,3415.079042
poia_zt_authenticator,PoIA with ZT-Authenticator,80,2454,0.001791,0.019542,5.113583,0.135875,5.273334,3405.273334
poia_zt_authenticator,PoIA with ZT-Authenticator,80,2455,0.00175,0.018375,5.11325,0.143708,5.279709,3405.279709
poia_zt_authenticator,PoIA with ZT-Authenticator,80,2456,0.001959,0.022166,9.905584,5.113292,15.046208,3415.046208
poia_zt_authenticator,PoIA with ZT-Authenticator,80,2457,0.001792,0.023875,5.093708,0.134292,5.256125,3405.256125
poia_zt_authenticator,PoIA with ZT-Authenticator,80,2458,0.002042,0.022833,10.094625,0.134625,10.256708,3410.256708
poia_zt_authenticator,PoIA with ZT-Authenticator,80,2459,0.001792,0.018125,10.091292,0.132625,10.246375,3410.246375
poia_zt_authenticator,PoIA with ZT-Authenticator,80,2460,0.00175,0.018292,10.090417,0.136459,10.249458,3410.249458
poia_zt_authenticator,PoIA with ZT-Authenticator,80,2461,0.001958,0.018958,9.928792,5.152917,15.105792,3415.105792
poia_zt_authenticator,PoIA with ZT-Authenticator,80,2462,0.00175,0.018417,5.120583,5.126542,10.27025,3410.27025
poia_zt_authenticator,PoIA with ZT-Authenticator,80,2463,0.00225,0.037833,5.113208,0.143083,5.29925,3405.29925
poia_zt_authenticator,PoIA with ZT-Authenticator,80,2464,0.001834,0.018875,10.10325,0.134417,10.260875,3410.260875
poia_zt_authenticator,PoIA with ZT-Authenticator,80,2465,0.002209,0.02275,10.083958,0.132083,10.243625,3410.243625
poia_zt_authenticator,PoIA with ZT-Authenticator,80,2466,0.002292,0.021792,5.061583,34.755667,39.844459,3439.844459
poia_zt_authenticator,PoIA with ZT-Authenticator,80,2467,0.001958,0.024708,10.135167,0.148958,10.313541,3410.313541
poia_zt_authenticator,PoIA with ZT-Authenticator,80,2468,0.001958,0.018459,10.099208,10.13975,20.262334,3420.262334
poia_zt_authenticator,PoIA with ZT-Authenticator,80,2469,0.001833,0.019083,10.202459,0.1435,10.369458,3410.369458
poia_zt_authenticator,PoIA with ZT-Authenticator,80,2470,0.001958,0.022958,5.093125,5.128458,10.249667,3410.249667
poia_zt_authenticator,PoIA with ZT-Authenticator,80,2471,0.002083,0.02675,5.104042,0.1335,5.268875,3405.268875
poia_zt_authenticator,PoIA with ZT-Authenticator,80,2472,0.001667,0.01825,15.078125,0.135167,15.235792,3415.235792
poia_zt_authenticator,PoIA with ZT-Authenticator,80,2473,0.00175,0.018958,5.107625,0.1395,5.270375,3405.270375
poia_zt_authenticator,PoIA with ZT-Authenticator,80,2474,0.001834,0.01825,5.122083,0.143167,5.287875,3405.287875
poia_zt_authenticator,PoIA with ZT-Authenticator,80,2475,0.001917,0.018875,5.122583,0.136875,5.282834,3405.282834
poia_zt_authenticator,PoIA with ZT-Authenticator,80,2476,0.001875,0.018542,5.114167,10.114333,15.251875,3415.251875
poia_zt_authenticator,PoIA with ZT-Authenticator,80,2477,0.001541,0.025916,5.14375,5.15175,10.325916,3410.325916
poia_zt_authenticator,PoIA with ZT-Authenticator,80,2478,0.001833,0.018583,5.114833,0.138166,5.276167,3405.276167
poia_zt_authenticator,PoIA with ZT-Authenticator,80,2479,0.002125,0.022833,5.090958,0.136125,5.254625,3405.254625
poia_zt_authenticator,PoIA with ZT-Authenticator,80,2480,0.001959,0.018917,5.120625,10.091375,15.236041,3415.236041
poia_zt_authenticator,PoIA with ZT-Authenticator,80,2481,0.001667,0.018334,10.121041,5.104125,15.248459,3415.248459
poia_zt_authenticator,PoIA with ZT-Authenticator,80,2482,0.002167,0.028958,10.097917,5.122042,15.254458,3415.254458
poia_zt_authenticator,PoIA with ZT-Authenticator,80,2483,0.001708,0.018417,15.110292,0.141042,15.274125,3415.274125
poia_zt_authenticator,PoIA with ZT-Authenticator,80,2484,0.00175,0.028834,5.117542,0.135833,5.286583,3405.286583
poia_zt_authenticator,PoIA with ZT-Authenticator,80,2485,0.001958,0.022,10.066792,0.133625,10.22675,3410.22675
poia_zt_authenticator,PoIA with ZT-Authenticator,80,2486,0.001958,0.018875,10.054667,0.135375,10.213292,3410.213292
poia_zt_authenticator,PoIA with ZT-Authenticator,80,2487,0.001666,0.018,10.059125,0.1345,10.215958,3410.215958
poia_zt_authenticator,PoIA with ZT-Authenticator,80,2488,0.002666,0.020166,10.04975,0.135292,10.210459,3410.210459
poia_zt_authenticator,PoIA with ZT-Authenticator,80,2489,0.001792,0.0185,10.089,5.140416,15.252834,3415.252834
poia_zt_authenticator,PoIA with ZT-Authenticator,80,2490,0.002,0.019292,9.8845,10.135875,20.044666,3420.044666
poia_zt_authenticator,PoIA with ZT-Authenticator,80,2491,0.00175,0.021333,5.140583,0.136791,5.304208,3405.304208
poia_zt_authenticator,PoIA with ZT-Authenticator,80,2492,0.001875,0.022166,5.148417,0.142791,5.317916,3405.317916
poia_zt_authenticator,PoIA with ZT-Authenticator,80,2493,0.00175,0.018167,5.134709,0.124542,5.28125,3405.28125
poia_zt_authenticator,PoIA with ZT-Authenticator,80,2494,0.001958,0.022833,5.097917,5.223,10.348792,3410.348792
poia_zt_authenticator,PoIA with ZT-Authenticator,80,2495,0.002416,0.028417,5.131791,5.198542,10.364791,3410.364791
poia_zt_authenticator,PoIA with ZT-Authenticator,80,2496,0.002,0.022291,5.196792,0.135375,5.360209,3405.360209
poia_zt_authenticator,PoIA with ZT-Authenticator,80,2497,0.001792,0.017708,5.201083,0.135584,5.358667,3405.358667
poia_zt_authenticator,PoIA with ZT-Authenticator,80,2498,0.002333,0.024375,10.2215,0.13525,10.386125,3410.386125
poia_zt_authenticator,PoIA with ZT-Authenticator,80,2499,0.001792,0.018625,5.119167,0.134334,5.276417,3405.276417
poia_zt_authenticator,PoIA with ZT-Authenticator,80,2500,0.001958,0.018542,15.055083,0.135334,15.213375,3415.213375
poia_zt_authenticator,PoIA with ZT-Authenticator,80,2501,0.001958,0.01875,10.091,0.134708,10.249042,3410.249042
poia_zt_authenticator,PoIA with ZT-Authenticator,80,2502,0.001875,0.018375,15.09125,5.133417,20.24825,3420.24825
poia_zt_authenticator,PoIA with ZT-Authenticator,80,2503,0.002,0.023209,10.092166,10.062083,20.18275,3420.18275
poia_zt_authenticator,PoIA with ZT-Authenticator,80,2504,0.001792,0.018167,5.098542,10.099417,15.221,3415.221
poia_zt_authenticator,PoIA with ZT-Authenticator,80,2505,0.001916,0.018334,5.088125,0.135167,5.246,3405.246
poia_zt_authenticator,PoIA with ZT-Authenticator,80,2506,0.002292,0.019708,5.080042,0.135708,5.240458,3405.240458
poia_zt_authenticator,PoIA with ZT-Authenticator,80,2507,0.001792,0.018125,10.152209,0.133666,10.30825,3410.30825
poia_zt_authenticator,PoIA with ZT-Authenticator,80,2508,0.003583,0.023125,10.060666,0.134334,10.224375,3410.224375
poia_zt_authenticator,PoIA with ZT-Authenticator,80,2509,0.003167,0.025416,10.136917,5.077708,15.247166,3415.247166
poia_zt_authenticator,PoIA with ZT-Authenticator,80,2510,0.001625,0.017834,10.049292,0.145333,10.216666,3410.216666
poia_zt_authenticator,PoIA with ZT-Authenticator,80,2511,0.001917,0.018792,9.9265,15.069,25.019125,3425.019125
poia_zt_authenticator,PoIA with ZT-Authenticator,80,2512,0.001958,0.018959,5.076917,0.13375,5.23425,3405.23425
poia_zt_authenticator,PoIA with ZT-Authenticator,80,2513,0.002125,0.018708,5.075667,0.134166,5.233208,3405.233208
poia_zt_authenticator,PoIA with ZT-Authenticator,80,2514,0.00175,0.018125,10.090959,5.082417,15.195875,3415.195875
poia_zt_authenticator,PoIA with ZT-Authenticator,80,2515,0.002166,0.023167,5.068541,0.133042,5.229458,3405.229458
poia_zt_authenticator,PoIA with ZT-Authenticator,80,2516,0.00175,0.018042,5.082708,5.108417,10.214083,3410.214083
poia_zt_authenticator,PoIA with ZT-Authenticator,80,2517,0.001958,0.022917,5.095292,0.142459,5.265291,3405.265291
poia_zt_authenticator,PoIA with ZT-Authenticator,80,2518,0.002209,0.022834,5.080125,0.13425,5.241917,3405.241917
poia_zt_authenticator,PoIA with ZT-Authenticator,80,2519,0.002125,0.021917,10.035,0.122541,10.183625,3410.183625
poia_zt_authenticator,PoIA with ZT-Authenticator,80,2520,0.001875,0.01875,5.03,0.133666,5.186667,3405.186667
poia_zt_authenticator,PoIA with ZT-Authenticator,80,2521,0.001917,0.018416,10.022334,0.13725,10.1825,3410.1825
poia_zt_authenticator,PoIA with ZT-Authenticator,80,2522,0.00175,0.018625,5.039208,0.133334,5.195542,3405.195542
poia_zt_authenticator,PoIA with ZT-Authenticator,80,2523,0.001917,0.018542,10.020208,0.133209,10.176334,3410.176334
poia_zt_authenticator,PoIA with ZT-Authenticator,80,2524,0.00175,0.0185,5.034375,0.133959,5.191083,3405.191083
poia_zt_authenticator,PoIA with ZT-Authenticator,80,2525,0.001917,0.021709,5.126916,5.035583,10.189292,3410.189292
poia_zt_authenticator,PoIA with ZT-Authenticator,80,2526,0.002042,0.028542,5.010084,0.132208,5.175334,3405.175334
poia_zt_authenticator,PoIA with ZT-Authenticator,80,2527,0.001875,0.018584,15.002917,0.134958,15.16075,3415.16075
poia_zt_authenticator,PoIA with ZT-Authenticator,80,2528,0.001834,0.018292,5.133875,5.123875,10.281041,3410.281041
poia_zt_authenticator,PoIA with ZT-Authenticator,80,2529,0.00175,0.019959,10.213291,0.132,10.369709,3410.369709
poia_zt_authenticator,PoIA with ZT-Authenticator,80,2530,0.002292,0.024458,5.10675,0.143708,5.279833,3405.279833
poia_zt_authenticator,PoIA with ZT-Authenticator,80,2531,0.001708,0.018375,5.132583,10.166625,15.322375,3415.322375
poia_zt_authenticator,PoIA with ZT-Authenticator,80,2532,0.002166,0.022292,5.113583,10.188834,15.329875,3415.329875
poia_zt_authenticator,PoIA with ZT-Authenticator,80,2533,0.001875,0.018916,5.114708,0.133416,5.271375,3405.271375
poia_zt_authenticator,PoIA with ZT-Authenticator,80,2534,0.002,0.023375,5.119958,10.19825,15.346666,3415.346666
poia_zt_authenticator,PoIA with ZT-Authenticator,80,2535,0.001708,0.026292,5.1245,0.134708,5.289833,3405.289833
poia_zt_authenticator,PoIA with ZT-Authenticator,80,2536,0.00175,0.018375,10.107083,0.133667,10.263416,3410.263416
poia_zt_authenticator,PoIA with ZT-Authenticator,80,2537,0.001625,0.033209,15.005625,5.213542,20.257125,3420.257125
poia_zt_authenticator,PoIA with ZT-Authenticator,80,2538,0.001875,0.022709,5.11675,9.993334,15.137542,3415.137542
poia_zt_authenticator,PoIA with ZT-Authenticator,80,2539,0.002083,0.022917,5.033042,0.124708,5.184875,3405.184875
poia_zt_authenticator,PoIA with ZT-Authenticator,80,2540,0.001833,0.01825,5.0115,0.131458,5.165625,3405.165625
poia_zt_authenticator,PoIA with ZT-Authenticator,80,2541,0.001791,0.018209,5.014833,0.135167,5.1725,3405.1725
poia_zt_authenticator,PoIA with ZT-Authenticator,80,2542,0.002291,0.028708,5.008583,5.029208,10.072042,3410.072042
poia_zt_authenticator,PoIA with ZT-Authenticator,80,2543,0.001791,0.018,5.015958,0.137833,5.176041,3405.176041
poia_zt_authenticator,PoIA with ZT-Authenticator,80,2544,0.002,0.022708,5.016042,0.135167,5.178583,3405.178583
poia_zt_authenticator,PoIA with ZT-Authenticator,80,2545,0.00175,0.023291,5.081167,9.981125,15.090458,3415.090458
poia_zt_authenticator,PoIA with ZT-Authenticator,80,2546,0.001708,0.017875,5.077,10.019333,15.119083,3415.119083
poia_zt_authenticator,PoIA with ZT-Authenticator,80,2547,0.001708,0.018458,5.089167,10.016834,15.129125,3415.129125
poia_zt_authenticator,PoIA with ZT-Authenticator,80,2548,0.001792,0.018375,5.051083,0.133209,5.207,3405.207
poia_zt_authenticator,PoIA with ZT-Authenticator,80,2549,0.00175,0.018333,5.052958,0.132583,5.208208,3405.208208
poia_zt_authenticator,PoIA with ZT-Authenticator,80,2550,0.001958,0.018875,14.96275,0.13625,15.122375,3415.122375
poia_zt_authenticator,PoIA with ZT-Authenticator,80,2551,0.001709,0.018375,5.013042,0.132333,5.167958,3405.167958
poia_zt_authenticator,PoIA with ZT-Authenticator,80,2552,0.001375,0.018042,5.061916,0.137084,5.22075,3405.22075
poia_zt_authenticator,PoIA with ZT-Authenticator,80,2553,0.001792,0.0185,5.055959,0.133459,5.212083,3405.212083
poia_zt_authenticator,PoIA with ZT-Authenticator,80,2554,0.001916,0.018542,5.062292,0.133875,5.219083,3405.219083
poia_zt_authenticator,PoIA with ZT-Authenticator,80,2555,0.001708,0.01825,5.064875,0.133,5.220208,3405.220208
poia_zt_authenticator,PoIA with ZT-Authenticator,80,2556,0.001917,0.017959,5.022708,0.122791,5.167458,3405.167458
poia_zt_authenticator,PoIA with ZT-Authenticator,80,2557,0.001834,0.019292,9.855208,0.135708,10.014667,3410.014667
poia_zt_authenticator,PoIA with ZT-Authenticator,80,2558,0.001875,0.019083,4.995083,5.081875,10.100875,3410.100875
poia_zt_authenticator,PoIA with ZT-Authenticator,80,2559,0.001417,0.018834,4.970958,5.074416,10.06875,3410.06875
poia_zt_authenticator,PoIA with ZT-Authenticator,80,2560,0.001875,0.02225,5.060625,0.13575,5.223042,3405.223042
poia_zt_authenticator,PoIA with ZT-Authenticator,80,2561,0.002167,0.023458,10.008542,0.147209,10.184125,3410.184125
poia_zt_authenticator,PoIA with ZT-Authenticator,80,2562,0.001709,0.022416,5.057083,0.134167,5.217958,3405.217958
poia_zt_authenticator,PoIA with ZT-Authenticator,80,2563,0.001958,0.022292,5.036458,0.134167,5.197375,3405.197375
poia_zt_authenticator,PoIA with ZT-Authenticator,80,2564,0.002125,0.018667,5.107375,5.037875,10.169125,3410.169125
poia_zt_authenticator,PoIA with ZT-Authenticator,80,2565,0.002208,0.023041,5.012958,0.1345,5.175125,3405.175125
poia_zt_authenticator,PoIA with ZT-Authenticator,80,2566,0.001833,0.018292,10.15825,0.134583,10.315375,3410.315375
poia_zt_authenticator,PoIA with ZT-Authenticator,80,2567,0.001834,0.023667,5.124834,5.1135,10.266875,3410.266875
poia_zt_authenticator,PoIA with ZT-Authenticator,80,2568,0.00175,0.018459,10.1045,5.198375,15.326084,3415.326084
poia_zt_authenticator,PoIA with ZT-Authenticator,80,2569,0.002084,0.027916,5.084417,5.146041,10.263083,3410.263083
poia_zt_authenticator,PoIA with ZT-Authenticator,80,2570,0.001958,0.01975,5.126042,0.135333,5.285625,3405.285625
poia_zt_authenticator,PoIA with ZT-Authenticator,80,2571,0.0015,0.0185,5.135084,0.133833,5.291167,3405.291167
poia_zt_authenticator,PoIA with ZT-Authenticator,80,2572,0.001792,0.018208,5.017042,5.142833,10.182958,3410.182958
poia_zt_authenticator,PoIA with ZT-Authenticator,80,2573,0.002167,0.019125,34.731625,15.011208,49.781417,3449.781417
poia_zt_authenticator,PoIA with ZT-Authenticator,80,2574,0.002041,0.025417,15.052959,10.019083,25.102625,3425.102625
poia_zt_authenticator,PoIA with ZT-Authenticator,80,2575,0.00175,0.018583,5.027375,5.130458,10.181125,3410.181125
poia_zt_authenticator,PoIA with ZT-Authenticator,80,2576,0.002167,0.022708,4.998167,5.173125,10.199167,3410.199167
poia_zt_authenticator,PoIA with ZT-Authenticator,80,2577,0.001833,0.018625,5.14175,0.16425,5.329458,3405.329458
poia_zt_authenticator,PoIA with ZT-Authenticator,80,2578,0.002042,0.018208,5.051208,5.169042,10.243583,3410.243583
poia_zt_authenticator,PoIA with ZT-Authenticator,80,2579,0.002167,0.022792,10.094417,15.019417,25.141917,3425.141917
poia_zt_authenticator,PoIA with ZT-Authenticator,80,2580,0.001666,0.018584,5.147292,0.147375,5.317333,3405.317333
poia_zt_authenticator,PoIA with ZT-Authenticator,80,2581,0.001792,0.018084,9.988583,0.134708,10.145708,3410.145708
poia_zt_authenticator,PoIA with ZT-Authenticator,80,2582,0.002125,0.018833,14.931375,0.13325,15.087959,3415.087959
poia_zt_authenticator,PoIA with ZT-Authenticator,80,2583,0.001916,0.018792,14.960416,5.0965,20.080667,3420.080667
poia_zt_authenticator,PoIA with ZT-Authenticator,80,2584,0.002083,0.019333,14.956208,0.13425,15.114292,3415.114292
poia_zt_authenticator,PoIA with ZT-Authenticator,80,2585,0.001709,0.018375,19.933583,0.132416,20.088583,3420.088583
poia_zt_authenticator,PoIA with ZT-Authenticator,80,2586,0.001833,0.018667,14.9585,0.134708,15.116125,3415.116125
poia_zt_authenticator,PoIA with ZT-Authenticator,80,2587,0.002208,0.039875,14.909709,0.144041,15.098292,3415.098292
poia_zt_authenticator,PoIA with ZT-Authenticator,80,2588,0.001791,0.01825,5.057541,5.136792,10.216875,3410.216875
poia_zt_authenticator,PoIA with ZT-Authenticator,80,2589,0.002042,0.022083,4.993833,5.197375,10.218458,3410.218458
poia_zt_authenticator,PoIA with ZT-Authenticator,80,2590,0.001458,0.021958,5.191417,0.144584,5.361834,3405.361834
poia_zt_authenticator,PoIA with ZT-Authenticator,80,2591,0.002625,0.025083,5.064417,5.100083,10.196,3410.196
poia_zt_authenticator,PoIA with ZT-Authenticator,80,2592,0.001958,0.023792,10.19325,15.043416,25.265417,3425.265417
poia_zt_authenticator,PoIA with ZT-Authenticator,80,2593,0.00175,0.018083,9.939792,0.158875,10.120958,3410.120958
poia_zt_authenticator,PoIA with ZT-Authenticator,80,2594,0.002042,0.019334,5.090166,0.134458,5.248458,3405.248458
poia_zt_authenticator,PoIA with ZT-Authenticator,80,2595,0.002083,0.022458,9.980791,0.134667,10.142458,3410.142458
poia_zt_authenticator,PoIA with ZT-Authenticator,80,2596,0.001833,0.018416,5.098959,0.133708,5.255416,3405.255416
poia_zt_authenticator,PoIA with ZT-Authenticator,80,2597,0.00225,0.023625,5.076292,0.147292,5.252041,3405.252041
poia_zt_authenticator,PoIA with ZT-Authenticator,80,2598,0.001792,0.026333,20.036292,0.13225,20.199291,3420.199291
poia_zt_authenticator,PoIA with ZT-Authenticator,80,2599,0.001708,0.018459,5.090708,0.131917,5.245375,3405.245375
poia_zt_authenticator,PoIA with ZT-Authenticator,80,2600,0.001792,0.018583,5.095708,5.106791,10.226041,3410.226041
poia_zt_authenticator,PoIA with ZT-Authenticator,80,2601,0.00175,0.018541,5.098959,5.125083,10.247291,3410.247291
poia_zt_authenticator,PoIA with ZT-Authenticator,80,2602,0.001917,0.022583,5.113334,0.134583,5.275041,3405.275041
poia_zt_authenticator,PoIA with ZT-Authenticator,80,2603,0.001958,0.024292,10.150208,0.137,10.315959,3410.315959
poia_zt_authenticator,PoIA with ZT-Authenticator,80,2604,0.001834,0.018125,5.142208,5.120291,10.285292,3410.285292
poia_zt_authenticator,PoIA with ZT-Authenticator,80,2605,0.001708,0.018417,5.13225,5.156125,10.311167,3410.311167
poia_zt_authenticator,PoIA with ZT-Authenticator,80,2606,0.001917,0.024875,10.1615,0.136875,10.327709,3410.327709
poia_zt_authenticator,PoIA with ZT-Authenticator,80,2607,0.002125,0.022958,5.116708,0.134084,5.278458,3405.278458
poia_zt_authenticator,PoIA with ZT-Authenticator,80,2608,0.001958,0.025916,5.083292,0.13475,5.248333,3405.248333
poia_zt_authenticator,PoIA with ZT-Authenticator,80,2609,0.001834,0.022167,10.083333,0.131917,10.241666,3410.241666
poia_zt_authenticator,PoIA with ZT-Authenticator,80,2610,0.002,0.022292,5.152792,5.0475,10.227667,3410.227667
poia_zt_authenticator,PoIA with ZT-Authenticator,80,2611,0.001666,0.018792,10.096167,5.066542,15.186083,3415.186083
poia_zt_authenticator,PoIA with ZT-Authenticator,80,2612,0.001916,0.022583,5.161375,5.08075,10.269708,3410.269708
poia_zt_authenticator,PoIA with ZT-Authenticator,80,2613,0.001875,0.028333,5.018417,10.178833,15.230625,3415.230625
poia_zt_authenticator,PoIA with ZT-Authenticator,80,2614,0.001875,0.026084,5.12575,0.136166,5.292542,3405.292542
poia_zt_authenticator,PoIA with ZT-Authenticator,80,2615,0.001834,0.018708,10.092959,0.134541,10.250541,3410.250541
poia_zt_authenticator,PoIA with ZT-Authenticator,80,2616,0.001875,0.018042,5.13175,0.134,5.28825,3405.28825
poia_zt_authenticator,PoIA with ZT-Authenticator,80,2617,0.001958,0.028042,5.108833,0.140625,5.28225,3405.28225
poia_zt_authenticator,PoIA with ZT-Authenticator,80,2618,0.001708,0.025334,5.105709,0.136084,5.271417,3405.271417
poia_zt_authenticator,PoIA with ZT-Authenticator,80,2619,0.001792,0.025959,5.108167,0.144542,5.283083,3405.283083
poia_zt_authenticator,PoIA with ZT-Authenticator,80,2620,0.001792,0.017833,5.109834,0.135666,5.26775,3405.26775
poia_zt_authenticator,PoIA with ZT-Authenticator,80,2621,0.001708,0.018417,5.11925,0.134333,5.276125,3405.276125
poia_zt_authenticator,PoIA with ZT-Authenticator,80,2622,0.00175,0.017959,4.984125,10.1795,15.186417,3415.186417
poia_zt_authenticator,PoIA with ZT-Authenticator,80,2623,0.001833,0.022583,10.05775,5.11775,15.202959,3415.202959
poia_zt_authenticator,PoIA with ZT-Authenticator,80,2624,0.001792,0.018333,5.18475,5.216375,10.424208,3410.424208
poia_zt_authenticator,PoIA with ZT-Authenticator,80,2625,0.001917,0.0225,5.07525,5.249583,10.352541,3410.352541
poia_zt_authenticator,PoIA with ZT-Authenticator,80,2626,0.002042,0.022667,5.078375,5.187625,10.295209,3410.295209
poia_zt_authenticator,PoIA with ZT-Authenticator,80,2627,0.00175,0.018583,10.145875,0.135458,10.304125,3410.304125
poia_zt_authenticator,PoIA with ZT-Authenticator,80,2628,0.00225,0.022625,5.172708,0.136333,5.336375,3405.336375
poia_zt_authenticator,PoIA with ZT-Authenticator,80,2629,0.001667,0.017875,10.14175,0.133958,10.297708,3410.297708
poia_zt_authenticator,PoIA with ZT-Authenticator,80,2630,0.001792,0.018208,5.180417,0.133792,5.336792,3405.336792
poia_zt_authenticator,PoIA with ZT-Authenticator,80,2631,0.002,0.02225,10.18725,15.115833,25.330291,3425.330291
poia_zt_authenticator,PoIA with ZT-Authenticator,80,2632,0.002,0.018292,10.089083,10.082792,20.195292,3420.195292
poia_zt_authenticator,PoIA with ZT-Authenticator,80,2633,0.001666,0.026542,10.06125,0.163958,10.256292,3410.256292
poia_zt_authenticator,PoIA with ZT-Authenticator,80,2634,0.001959,0.02225,5.028292,0.133375,5.188291,3405.188291
poia_zt_authenticator,PoIA with ZT-Authenticator,80,2635,0.002,0.035959,10.038,0.134625,10.213125,3410.213125
poia_zt_authenticator,PoIA with ZT-Authenticator,80,2636,0.001791,0.01825,4.995917,0.132583,5.150833,3405.150833
poia_zt_authenticator,PoIA with ZT-Authenticator,80,2637,0.001917,0.029792,5.139583,5.096,10.2705,3410.2705
poia_zt_authenticator,PoIA with ZT-Authenticator,80,2638,0.001667,0.018041,5.230542,25.021875,30.275125,3430.275125
poia_zt_authenticator,PoIA with ZT-Authenticator,80,2639,0.001792,0.018875,10.192792,0.135959,10.351917,3410.351917
poia_zt_authenticator,PoIA with ZT-Authenticator,80,2640,0.001667,0.018542,10.18425,0.14725,10.354375,3410.354375
poia_zt_authenticator,PoIA with ZT-Authenticator,80,2641,0.001792,0.03025,5.096917,10.09875,15.230792,3415.230792
poia_zt_authenticator,PoIA with ZT-Authenticator,80,2642,0.002125,0.022375,10.077416,0.135416,10.239709,3410.239709
poia_zt_authenticator,PoIA with ZT-Authenticator,80,2643,0.001916,0.019125,5.10125,0.135417,5.260042,3405.260042
poia_zt_authenticator,PoIA with ZT-Authenticator,80,2644,0.001834,0.018916,5.092959,0.134083,5.250333,3405.250333
poia_zt_authenticator,PoIA with ZT-Authenticator,80,2645,0.001625,0.0225,5.088167,0.135583,5.2505,3405.2505
poia_zt_authenticator,PoIA with ZT-Authenticator,80,2646,0.002667,0.036792,4.998916,0.134042,5.17525,3405.17525
poia_zt_authenticator,PoIA with ZT-Authenticator,80,2647,0.002042,0.023375,4.968667,0.136916,5.133625,3405.133625
poia_zt_authenticator,PoIA with ZT-Authenticator,80,2648,0.001708,0.033125,15.004167,0.132125,15.173917,3415.173917
poia_zt_authenticator,PoIA with ZT-Authenticator,80,2649,0.001666,0.018541,10.045125,0.132833,10.200625,3410.200625
poia_zt_authenticator,PoIA with ZT-Authenticator,80,2650,0.001708,0.01875,15.002833,0.133584,15.159292,3415.159292
poia_zt_authenticator,PoIA with ZT-Authenticator,80,2651,0.001792,0.018833,15.008833,0.1355,15.167542,3415.167542
poia_zt_authenticator,PoIA with ZT-Authenticator,80,2652,0.001667,0.018583,15.010625,0.145584,15.178959,3415.178959
poia_zt_authenticator,PoIA with ZT-Authenticator,80,2653,0.001791,0.018292,15.012,0.14975,15.18425,3415.18425
poia_zt_authenticator,PoIA with ZT-Authenticator,80,2654,0.001792,0.018083,24.930708,10.046042,34.999542,3434.999542
poia_zt_authenticator,PoIA with ZT-Authenticator,80,2655,0.00175,0.018209,5.064292,0.13275,5.219375,3405.219375
poia_zt_authenticator,PoIA with ZT-Authenticator,80,2656,0.002042,0.01875,5.056209,0.134625,5.213958,3405.213958
poia_zt_authenticator,PoIA with ZT-Authenticator,80,2657,0.00225,0.022583,5.021875,0.133167,5.182333,3405.182333
poia_zt_authenticator,PoIA with ZT-Authenticator,80,2658,0.002666,0.02575,10.245333,5.1345,15.412042,3415.412042
poia_zt_authenticator,PoIA with ZT-Authenticator,80,2659,0.002209,0.023084,5.087875,0.134958,5.250625,3405.250625
poia_zt_authenticator,PoIA with ZT-Authenticator,80,2660,0.002375,0.023666,5.056917,0.135667,5.221125,3405.221125
poia_zt_authenticator,PoIA with ZT-Authenticator,80,2661,0.001833,0.01875,5.050125,0.134792,5.208,3405.208
poia_zt_authenticator,PoIA with ZT-Authenticator,80,2662,0.001834,0.018709,5.041833,0.133375,5.19825,3405.19825
poia_zt_authenticator,PoIA with ZT-Authenticator,80,2663,0.001875,0.018333,5.050334,0.134583,5.207708,3405.207708
poia_zt_authenticator,PoIA with ZT-Authenticator,80,2664,0.001959,0.018333,5.044208,0.134791,5.20175,3405.20175
poia_zt_authenticator,PoIA with ZT-Authenticator,80,2665,0.001708,0.03325,5.176167,5.1295,10.343625,3410.343625
poia_zt_authenticator,PoIA with ZT-Authenticator,80,2666,0.001708,0.029458,10.106458,0.134875,10.275166,3410.275166
poia_zt_authenticator,PoIA with ZT-Authenticator,80,2667,0.001917,0.032083,5.177333,0.138042,5.352208,3405.352208
poia_zt_authenticator,PoIA with ZT-Authenticator,80,2668,0.001667,0.018333,5.122792,0.133709,5.279042,3405.279042
poia_zt_authenticator,PoIA with ZT-Authenticator,80,2669,0.002167,0.024083,30.062541,0.132209,30.223541,3430.223541
poia_zt_authenticator,PoIA with ZT-Authenticator,80,2670,0.001625,0.023375,5.110583,0.135125,5.273125,3405.273125
poia_zt_authenticator,PoIA with ZT-Authenticator,80,2671,0.001875,0.022041,5.09175,0.132084,5.250292,3405.250292
poia_zt_authenticator,PoIA with ZT-Authenticator,80,2672,0.001958,0.022125,15.053167,0.145625,15.225292,3415.225292
poia_zt_authenticator,PoIA with ZT-Authenticator,80,2673,0.001584,0.028125,5.060792,0.136209,5.229291,3405.229291
poia_zt_authenticator,PoIA with ZT-Authenticator,80,2674,0.002084,0.023041,5.093333,5.160833,10.282542,3410.282542
poia_zt_authenticator,PoIA with ZT-Authenticator,80,2675,0.001917,0.022209,5.143542,0.135,5.305208,3405.305208
poia_zt_authenticator,PoIA with ZT-Authenticator,80,2676,0.00175,0.025959,10.119417,0.134958,10.284625,3410.284625
poia_zt_authenticator,PoIA with ZT-Authenticator,80,2677,0.002208,0.0245,10.005375,5.176417,15.211709,3415.211709
poia_zt_authenticator,PoIA with ZT-Authenticator,80,2678,0.002084,0.022583,5.037583,10.1315,15.197041,3415.197041
poia_zt_authenticator,PoIA with ZT-Authenticator,80,2679,0.001875,0.02275,5.040959,5.129125,10.197667,3410.197667
poia_zt_authenticator,PoIA with ZT-Authenticator,80,2680,0.001916,0.01925,5.115917,0.134,5.273625,3405.273625
poia_zt_authenticator,PoIA with ZT-Authenticator,80,2681,0.002167,0.022542,5.129917,10.03975,15.197,3415.197
poia_zt_authenticator,PoIA with ZT-Authenticator,80,2682,0.001958,0.022625,10.028833,4.904792,14.96125,3414.96125
poia_zt_authenticator,PoIA with ZT-Authenticator,80,2683,0.00175,0.018583,4.893542,0.13425,5.050667,3405.050667
poia_zt_authenticator,PoIA with ZT-Authenticator,80,2684,0.001875,0.022083,5.083791,9.827667,14.938458,3414.938458
poia_zt_authenticator,PoIA with ZT-Authenticator,80,2685,0.00175,0.018458,4.859958,0.122708,5.004875,3405.004875
poia_zt_authenticator,PoIA with ZT-Authenticator,80,2686,0.002583,0.02475,4.90225,0.152042,5.084666,3405.084666
poia_zt_authenticator,PoIA with ZT-Authenticator,80,2687,0.002083,0.021917,5.10925,4.910208,10.0465,3410.0465
poia_zt_authenticator,PoIA with ZT-Authenticator,80,2688,0.001833,0.018125,5.041542,19.775708,24.840042,3424.840042
poia_zt_authenticator,PoIA with ZT-Authenticator,80,2689,0.00175,0.026292,14.813791,0.139625,14.983958,3414.983958
poia_zt_authenticator,PoIA with ZT-Authenticator,80,2690,0.001625,0.018084,10.120625,4.737458,14.880292,3414.880292
poia_zt_authenticator,PoIA with ZT-Authenticator,80,2691,0.001958,0.022875,10.152875,19.745875,29.92675,3429.92675
poia_zt_authenticator,PoIA with ZT-Authenticator,80,2692,0.001875,0.018375,9.78325,0.161708,9.967708,3409.967708
poia_zt_authenticator,PoIA with ZT-Authenticator,80,2693,0.001916,0.018417,4.765167,0.133083,4.921167,3404.921167
poia_zt_authenticator,PoIA with ZT-Authenticator,80,2694,0.001709,0.018542,5.149458,4.65775,9.830041,3409.830041
poia_zt_authenticator,PoIA with ZT-Authenticator,80,2695,0.002125,0.021916,10.128833,4.660625,14.816167,3414.816167
poia_zt_authenticator,PoIA with ZT-Authenticator,80,2696,0.001875,0.018541,5.101541,4.58675,9.711667,3409.711667
poia_zt_authenticator,PoIA with ZT-Authenticator,80,2697,0.001541,0.018583,4.565792,0.131334,4.719583,3404.719583
poia_zt_authenticator,PoIA with ZT-Authenticator,80,2698,0.002083,0.019292,9.995333,4.619625,14.6395,3414.6395
poia_zt_authenticator,PoIA with ZT-Authenticator,80,2699,0.001791,0.018667,9.980417,4.643833,14.64675,3414.64675
poia_zt_authenticator,PoIA with ZT-Authenticator,80,2700,0.00175,0.017875,5.042791,4.663958,9.729417,3409.729417
poia_zt_authenticator,PoIA with ZT-Authenticator,80,2701,0.001709,0.02375,5.031167,4.685292,9.744875,3409.744875
poia_zt_authenticator,PoIA with ZT-Authenticator,80,2702,0.001792,0.018416,9.940916,4.709333,14.673292,3414.673292
poia_zt_authenticator,PoIA with ZT-Authenticator,80,2703,0.001583,0.018333,9.924834,4.735375,14.683,3414.683
poia_zt_authenticator,PoIA with ZT-Authenticator,80,2704,0.001666,0.017833,4.99725,4.760542,9.779875,3409.779875
poia_zt_authenticator,PoIA with ZT-Authenticator,80,2705,0.002,0.018958,4.971584,4.793333,9.788625,3409.788625
poia_zt_authenticator,PoIA with ZT-Authenticator,80,2706,0.014917,0.020875,9.851292,4.82175,14.712084,3414.712084
poia_zt_authenticator,PoIA with ZT-Authenticator,80,2707,0.001625,0.018208,9.841959,4.850958,14.71525,3414.71525
poia_zt_authenticator,PoIA with ZT-Authenticator,80,2708,0.001791,0.023334,4.897416,4.867167,9.801083,3409.801083
poia_zt_authenticator,PoIA with ZT-Authenticator,80,2709,0.002084,0.026166,9.800375,4.828833,14.66,3414.66
poia_zt_authenticator,PoIA with ZT-Authenticator,80,2710,0.00175,0.018084,4.8745,4.914792,9.812208,3409.812208
poia_zt_authenticator,PoIA with ZT-Authenticator,80,2711,0.001958,0.019084,5.113333,14.708833,19.845791,3419.845791
poia_zt_authenticator,PoIA with ZT-Authenticator,80,2712,0.00175,0.0185,4.886166,4.957083,9.8655,3409.8655
poia_zt_authenticator,PoIA with ZT-Authenticator,80,2713,0.001917,0.021833,4.841833,4.977708,9.845542,3409.845542
poia_zt_authenticator,PoIA with ZT-Authenticator,80,2714,0.001833,0.018333,14.864042,4.957,19.844083,3419.844083
poia_zt_authenticator,PoIA with ZT-Authenticator,80,2715,0.002042,0.02225,4.942208,0.132625,5.101125,3405.101125
poia_zt_authenticator,PoIA with ZT-Authenticator,80,2716,0.001959,0.018792,4.875208,4.979584,9.878541,3409.878541
poia_zt_authenticator,PoIA with ZT-Authenticator,80,2717,0.00175,0.0185,4.856875,5.012166,9.891792,3409.891792
poia_zt_authenticator,PoIA with ZT-Authenticator,80,2718,0.001959,0.022833,4.841167,5.016709,9.885292,3409.885292
poia_zt_authenticator,PoIA with ZT-Authenticator,80,2719,0.001708,0.021417,4.992125,0.138542,5.156292,3405.156292
poia_zt_authenticator,PoIA with ZT-Authenticator,80,2720,0.00175,0.018708,14.852875,5.034375,19.91025,3419.91025
poia_zt_authenticator,PoIA with ZT-Authenticator,80,2721,0.001625,0.018209,4.808792,5.048416,9.88,3409.88
poia_zt_authenticator,PoIA with ZT-Authenticator,80,2722,0.001834,0.017667,4.790792,5.072416,9.884834,3409.884834
poia_zt_authenticator,PoIA with ZT-Authenticator,80,2723,0.001875,0.021583,4.747584,5.091792,9.865792,3409.865792
poia_zt_authenticator,PoIA with ZT-Authenticator,80,2724,0.002041,0.026583,5.008292,14.808167,19.848292,3419.848292
poia_zt_authenticator,PoIA with ZT-Authenticator,80,2725,0.001792,0.021291,5.131167,0.133417,5.290208,3405.290208
poia_zt_authenticator,PoIA with ZT-Authenticator,80,2726,0.001708,0.018125,5.109417,0.135167,5.267084,3405.267084
poia_zt_authenticator,PoIA with ZT-Authenticator,80,2727,0.002,0.019125,14.732042,5.164375,19.920625,3419.920625
poia_zt_authenticator,PoIA with ZT-Authenticator,80,2728,0.001792,0.018125,9.766291,5.194958,14.983625,3414.983625
poia_zt_authenticator,PoIA with ZT-Authenticator,80,2729,0.001833,0.01775,4.748708,5.239167,10.010167,3410.010167
poia_zt_authenticator,PoIA with ZT-Authenticator,80,2730,0.00175,0.018,4.739209,5.258583,10.020459,3410.020459
poia_zt_authenticator,PoIA with ZT-Authenticator,80,2731,0.001875,0.017958,4.837834,5.024917,9.885292,3409.885292
poia_zt_authenticator,PoIA with ZT-Authenticator,80,2732,0.001833,0.018083,4.8305,5.029,9.881792,3409.881792
poia_zt_authenticator,PoIA with ZT-Authenticator,80,2733,0.002167,0.02425,14.894584,5.034459,19.95875,3419.95875
poia_zt_authenticator,PoIA with ZT-Authenticator,80,2734,0.002,0.018708,9.813667,5.056084,14.893584,3414.893584
poia_zt_authenticator,PoIA with ZT-Authenticator,80,2735,0.001792,0.018375,4.780791,5.0995,9.902917,3409.902917
poia_zt_authenticator,PoIA with ZT-Authenticator,80,2736,0.002,0.021542,4.72975,5.13125,9.887083,3409.887083
poia_zt_authenticator,PoIA with ZT-Authenticator,80,2737,0.001625,0.025959,14.660958,0.133375,14.824542,3414.824542
poia_zt_authenticator,PoIA with ZT-Authenticator,80,2738,0.00175,0.021625,4.668292,5.1785,9.872625,3409.872625
poia_zt_authenticator,PoIA with ZT-Authenticator,80,2739,0.001583,0.018042,4.661833,5.18225,9.866625,3409.866625
poia_zt_authenticator,PoIA with ZT-Authenticator,80,2740,0.001917,0.021875,4.607125,5.153,9.786334,3409.786334
poia_zt_authenticator,PoIA with ZT-Authenticator,80,2741,0.00175,0.018542,9.6375,5.185583,14.846167,3414.846167
poia_zt_authenticator,PoIA with ZT-Authenticator,80,2742,0.002042,0.021416,4.629125,5.158625,9.814458,3409.814458
poia_zt_authenticator,PoIA with ZT-Authenticator,80,2743,0.00175,0.029042,24.643167,5.18675,29.863709,3429.863709
poia_zt_authenticator,PoIA with ZT-Authenticator,80,2744,0.001875,0.021666,4.593666,5.220167,9.840417,3409.840417
poia_zt_authenticator,PoIA with ZT-Authenticator,80,2745,0.001917,0.022041,5.021209,0.193625,5.241334,3405.241334
poia_zt_authenticator,PoIA with ZT-Authenticator,80,2746,0.002,0.022708,4.990459,0.136792,5.154625,3405.154625
poia_zt_authenticator,PoIA with ZT-Authenticator,80,2747,0.001958,0.022042,4.93525,0.154708,5.116542,3405.116542
poia_zt_authenticator,PoIA with ZT-Authenticator,80,2748,0.002083,0.022041,9.614083,4.908375,14.549208,3414.549208
poia_zt_authenticator,PoIA with ZT-Authenticator,80,2749,0.001834,0.02175,4.890666,0.124542,5.04075,3405.04075
poia_zt_authenticator,PoIA with ZT-Authenticator,80,2750,0.001959,0.018416,4.840959,4.938833,9.803417,3409.803417
poia_zt_authenticator,PoIA with ZT-Authenticator,80,2751,0.001958,0.02175,4.822708,4.954875,9.803792,3409.803792
poia_zt_authenticator,PoIA with ZT-Authenticator,80,2752,0.002625,0.026834,4.912959,5.018708,9.964833,3409.964833
poia_zt_authenticator,PoIA with ZT-Authenticator,80,2753,0.001583,0.019125,5.004333,0.122791,5.149833,3405.149833
poia_zt_authenticator,PoIA with ZT-Authenticator,80,2754,0.002208,0.022208,19.830625,5.021291,24.879125,3424.879125
poia_zt_authenticator,PoIA with ZT-Authenticator,80,2755,0.001958,0.018167,4.967708,5.052625,10.043542,3410.043542
poia_zt_authenticator,PoIA with ZT-Authenticator,80,2756,0.001708,0.018333,5.027709,0.144,5.194042,3405.194042
poia_zt_authenticator,PoIA with ZT-Authenticator,80,2757,0.00175,0.018083,9.739792,5.024208,14.786875,3414.786875
poia_zt_authenticator,PoIA with ZT-Authenticator,80,2758,0.002083,0.023417,5.011416,0.150041,5.1895,3405.1895
poia_zt_authenticator,PoIA with ZT-Authenticator,80,2759,0.002125,0.023416,9.731209,9.950375,19.710458,3419.710458
poia_zt_authenticator,PoIA with ZT-Authenticator,80,2760,0.001916,0.022334,0.064375,4.959292,5.049833,3405.049833
poia_zt_authenticator,PoIA with ZT-Authenticator,80,2761,0.001833,0.018334,4.818958,9.931709,14.773666,3414.773666
poia_zt_authenticator,PoIA with ZT-Authenticator,80,2762,0.002,0.018416,4.800042,10.047875,14.870958,3414.870958
poia_zt_authenticator,PoIA with ZT-Authenticator,80,2763,0.002042,0.022458,9.685875,10.012042,19.724917,3419.724917
poia_zt_authenticator,PoIA with ZT-Authenticator,80,2764,0.00175,0.019208,4.849583,0.133959,5.007,3405.007
poia_zt_authenticator,PoIA with ZT-Authenticator,80,2765,0.001917,0.022417,19.626542,9.8445,29.498083,3429.498083
poia_zt_authenticator,PoIA with ZT-Authenticator,80,2766,0.001917,0.022291,4.8025,0.148417,4.977583,3404.977583
poia_zt_authenticator,PoIA with ZT-Authenticator,80,2767,0.002,0.018792,5.167458,5.029042,10.220417,3410.220417
poia_zt_authenticator,PoIA with ZT-Authenticator,80,2768,0.001458,0.019917,4.889333,0.144666,5.057167,3405.057167
poia_zt_authenticator,PoIA with ZT-Authenticator,80,2769,0.001709,0.018292,4.57975,10.138917,14.740708,3414.740708
poia_zt_authenticator,PoIA with ZT-Authenticator,80,2770,0.001833,0.018667,5.086834,14.623625,19.733584,3419.733584
poia_zt_authenticator,PoIA with ZT-Authenticator,80,2771,0.001916,0.021709,5.115083,5.1665,10.307958,3410.307958
poia_zt_authenticator,PoIA with ZT-Authenticator,80,2772,0.0015,0.019209,5.007333,5.11975,10.15025,3410.15025
poia_zt_authenticator,PoIA with ZT-Authenticator,80,2773,0.001791,0.02175,4.952959,5.114708,10.094333,3410.094333
poia_zt_authenticator,PoIA with ZT-Authenticator,80,2774,0.00175,0.018708,5.10125,0.135667,5.259959,3405.259959
poia_zt_authenticator,PoIA with ZT-Authenticator,80,2775,0.001834,0.021667,4.936667,5.110083,10.07325,3410.07325
poia_zt_authenticator,PoIA with ZT-Authenticator,80,2776,0.002,0.0215,4.915833,5.104625,10.046958,3410.046958
poia_zt_authenticator,PoIA with ZT-Authenticator,80,2777,0.001833,0.01875,5.090667,0.124875,5.238041,3405.238041
poia_zt_authenticator,PoIA with ZT-Authenticator,80,2778,0.00175,0.018375,5.053917,0.1335,5.210042,3405.210042
poia_zt_authenticator,PoIA with ZT-Authenticator,80,2779,0.001667,0.018542,5.028125,5.144959,10.196291,3410.196291
poia_zt_authenticator,PoIA with ZT-Authenticator,80,2780,0.002167,0.019541,5.0205,5.1665,10.212208,3410.212208
poia_zt_authenticator,PoIA with ZT-Authenticator,80,2781,0.001834,0.021792,5.008,5.181125,10.215916,3410.215916
poia_zt_authenticator,PoIA with ZT-Authenticator,80,2782,0.001542,0.018542,4.926791,10.091583,15.041,3415.041
poia_zt_authenticator,PoIA with ZT-Authenticator,80,2783,0.001709,0.01875,5.029875,5.1715,10.224375,3410.224375
poia_zt_authenticator,PoIA with ZT-Authenticator,80,2784,0.001791,0.022083,34.840833,14.945333,49.812625,3449.812625
poia_zt_authenticator,PoIA with ZT-Authenticator,80,2785,0.001875,0.02125,5.073458,5.098958,10.198,3410.198
poia_zt_authenticator,PoIA with ZT-Authenticator,80,2786,0.002042,0.0185,5.090292,0.131958,5.24525,3405.24525
poia_zt_authenticator,PoIA with ZT-Authenticator,80,2787,0.001917,0.022,5.035916,5.123709,10.186584,3410.186584
poia_zt_authenticator,PoIA with ZT-Authenticator,80,2788,0.001958,0.021584,5.005291,10.045417,15.076667,3415.076667
poia_zt_authenticator,PoIA with ZT-Authenticator,80,2789,0.001708,0.018792,5.04825,5.076917,10.148083,3410.148083
poia_zt_authenticator,PoIA with ZT-Authenticator,80,2790,0.001625,0.019041,5.037459,5.090084,10.151125,3410.151125
poia_zt_authenticator,PoIA with ZT-Authenticator,80,2791,0.001833,0.018916,5.030375,5.113583,10.167709,3410.167709
poia_zt_authenticator,PoIA with ZT-Authenticator,80,2792,0.001959,0.021916,5.012375,5.136167,10.175458,3410.175458
poia_zt_authenticator,PoIA with ZT-Authenticator,80,2793,0.0015,0.019792,4.995416,5.164917,10.184167,3410.184167
poia_zt_authenticator,PoIA with ZT-Authenticator,80,2794,0.001917,0.018708,10.014417,5.213667,15.251958,3415.251958
poia_zt_authenticator,PoIA with ZT-Authenticator,80,2795,0.002208,0.024042,4.907833,5.170792,10.107834,3410.107834
poia_zt_authenticator,PoIA with ZT-Authenticator,80,2796,0.001583,0.018375,4.834625,5.11575,9.973291,3409.973291
poia_zt_authenticator,PoIA with ZT-Authenticator,80,2797,0.001917,0.019,4.821125,5.144791,9.989542,3409.989542
poia_zt_authenticator,PoIA with ZT-Authenticator,80,2798,0.001917,0.02225,4.855042,5.173334,10.055541,3410.055541
poia_zt_authenticator,PoIA with ZT-Authenticator,80,2799,0.001625,0.018666,5.154166,0.139041,5.315916,3405.315916
poia_zt_authenticator,PoIA with ZT-Authenticator,80,2800,0.001542,0.019833,4.802209,5.204625,10.031291,3410.031291
poia_zt_authenticator,PoIA with ZT-Authenticator,80,2801,0.001833,0.022083,4.857416,5.1505,10.03475,3410.03475
poia_zt_authenticator,PoIA with ZT-Authenticator,80,2802,0.001375,0.018584,4.859667,5.163042,10.045625,3410.045625
poia_zt_authenticator,PoIA with ZT-Authenticator,80,2803,0.001959,0.02225,9.881167,0.132792,10.040708,3410.040708
poia_zt_authenticator,PoIA with ZT-Authenticator,80,2804,0.001916,0.034542,4.822958,5.18275,10.045292,3410.045292
poia_zt_authenticator,PoIA with ZT-Authenticator,80,2805,0.001583,0.018584,4.81325,5.171417,10.007833,3410.007833
poia_zt_authenticator,PoIA with ZT-Authenticator,80,2806,0.00175,0.017875,5.149417,0.134791,5.306458,3405.306458
poia_zt_authenticator,PoIA with ZT-Authenticator,80,2807,0.002125,0.024958,5.038917,5.04275,10.111958,3410.111958
poia_zt_authenticator,PoIA with ZT-Authenticator,80,2808,0.001667,0.018834,15.057333,0.239625,15.320542,3415.320542
poia_zt_authenticator,PoIA with ZT-Authenticator,80,2809,0.001542,0.018667,10.121666,5.092958,15.237834,3415.237834
poia_zt_authenticator,PoIA with ZT-Authenticator,80,2810,0.001875,0.029042,5.039625,5.111625,10.185416,3410.185416
poia_zt_authenticator,PoIA with ZT-Authenticator,80,2811,0.001958,0.025667,5.008167,5.135541,10.174417,3410.174417
poia_zt_authenticator,PoIA with ZT-Authenticator,80,2812,0.001916,0.024917,5.100416,5.073708,10.204083,3410.204083
poia_zt_authenticator,PoIA with ZT-Authenticator,80,2813,0.001875,0.032167,5.062083,0.13475,5.233541,3405.233541
poia_zt_authenticator,PoIA with ZT-Authenticator,80,2814,0.001875,0.021875,10.037208,5.103958,15.167417,3415.167417
poia_zt_authenticator,PoIA with ZT-Authenticator,80,2815,0.001958,0.026125,10.0135,5.112292,15.156875,3415.156875
poia_zt_authenticator,PoIA with ZT-Authenticator,80,2816,0.002,0.022375,4.842208,14.85025,19.719917,3419.719917
poia_zt_authenticator,PoIA with ZT-Authenticator,80,2817,0.002208,0.023625,5.048542,0.132708,5.209584,3405.209584
poia_zt_authenticator,PoIA with ZT-Authenticator,80,2818,0.001959,0.022167,5.107792,5.083208,10.217583,3410.217583
poia_zt_authenticator,PoIA with ZT-Authenticator,80,2819,0.001792,0.018917,5.063375,0.133875,5.220625,3405.220625
poia_zt_authenticator,PoIA with ZT-Authenticator,80,2820,0.002,0.022417,5.061417,5.117875,10.206875,3410.206875
poia_zt_authenticator,PoIA with ZT-Authenticator,80,2821,0.001917,0.021791,5.188459,5.078875,10.294042,3410.294042
poia_zt_authenticator,PoIA with ZT-Authenticator,80,2822,0.0015,0.019,5.074167,0.139459,5.235917,3405.235917
poia_zt_authenticator,PoIA with ZT-Authenticator,80,2823,0.002584,0.024417,5.168333,5.1075,10.30575,3410.30575
poia_zt_authenticator,PoIA with ZT-Authenticator,80,2824,0.00175,0.022333,5.053417,10.112917,15.193417,3415.193417
poia_zt_authenticator,PoIA with ZT-Authenticator,80,2825,0.001792,0.018917,5.109041,0.136291,5.268583,3405.268583
poia_zt_authenticator,PoIA with ZT-Authenticator,80,2826,0.002125,0.021792,5.115083,5.081458,10.223416,3410.223416
poia_zt_authenticator,PoIA with ZT-Authenticator,80,2827,0.001584,0.018459,5.064625,0.124875,5.2115,3405.2115
poia_zt_authenticator,PoIA with ZT-Authenticator,80,2828,0.002083,0.021667,5.068916,5.105334,10.200542,3410.200542
poia_zt_authenticator,PoIA with ZT-Authenticator,80,2829,0.002,0.021917,5.06475,0.135167,5.22625,3405.22625
poia_zt_authenticator,PoIA with ZT-Authenticator,80,2830,0.001959,0.021833,5.006709,0.134125,5.167083,3405.167083
poia_zt_authenticator,PoIA with ZT-Authenticator,80,2831,0.002042,0.021792,4.994917,0.133625,5.154833,3405.154833
poia_zt_authenticator,PoIA with ZT-Authenticator,80,2832,0.001792,0.018375,10.118708,0.133083,10.274334,3410.274334
poia_zt_authenticator,PoIA with ZT-Authenticator,80,2833,0.001834,0.021834,5.040833,0.137833,5.204916,3405.204916
poia_zt_authenticator,PoIA with ZT-Authenticator,80,2834,0.001917,0.02225,9.853792,5.054375,14.935,3414.935
poia_zt_authenticator,PoIA with ZT-Authenticator,80,2835,0.001833,0.03175,5.14625,5.109083,10.292208,3410.292208
poia_zt_authenticator,PoIA with ZT-Authenticator,80,2836,0.002,0.022125,5.189541,0.13775,5.353792,3405.353792
poia_zt_authenticator,PoIA with ZT-Authenticator,80,2837,0.001833,0.018417,5.203,0.14125,5.367167,3405.367167
poia_zt_authenticator,PoIA with ZT-Authenticator,80,2838,0.001833,0.025583,5.095042,0.137166,5.262208,3405.262208
poia_zt_authenticator,PoIA with ZT-Authenticator,80,2839,0.001958,0.021708,5.086584,0.1455,5.258334,3405.258334
poia_zt_authenticator,PoIA with ZT-Authenticator,80,2840,0.001708,0.019167,5.084417,5.178417,10.286792,3410.286792
poia_zt_authenticator,PoIA with ZT-Authenticator,80,2841,0.00175,0.017959,10.161792,10.147584,20.332167,3420.332167
poia_zt_authenticator,PoIA with ZT-Authenticator,80,2842,0.001958,0.019291,5.058917,5.182375,10.2655,3410.2655
poia_zt_authenticator,PoIA with ZT-Authenticator,80,2843,0.001792,0.019334,5.048,5.215,10.2875,3410.2875
poia_zt_authenticator,PoIA with ZT-Authenticator,80,2844,0.0015,0.019083,10.085584,5.261583,15.370292,3415.370292
poia_zt_authenticator,PoIA with ZT-Authenticator,80,2845,0.001917,0.021917,14.874708,5.1515,20.053083,3420.053083
poia_zt_authenticator,PoIA with ZT-Authenticator,80,2846,0.001833,0.022166,5.073791,5.19025,10.290792,3410.290792
poia_zt_authenticator,PoIA with ZT-Authenticator,80,2847,0.001833,0.019083,5.068334,5.230833,10.323209,3410.323209
poia_zt_authenticator,PoIA with ZT-Authenticator,80,2848,0.001959,0.018375,5.099417,10.085834,15.20825,3415.20825
poia_zt_authenticator,PoIA with ZT-Authenticator,80,2849,0.001917,0.021333,5.112833,0.135083,5.273916,3405.273916
poia_zt_authenticator,PoIA with ZT-Authenticator,80,2850,0.001791,0.018542,0.050209,0.119416,0.191792,3400.191792
poia_zt_authenticator,PoIA with ZT-Authenticator,80,2851,0.001708,0.018625,5.154375,5.143666,10.321667,3410.321667
poia_zt_authenticator,PoIA with ZT-Authenticator,80,2852,0.001917,0.021958,5.140375,5.170291,10.33775,3410.33775
poia_zt_authenticator,PoIA with ZT-Authenticator,80,2853,0.001959,0.021875,5.120583,5.201917,10.349333,3410.349333
poia_zt_authenticator,PoIA with ZT-Authenticator,80,2854,0.001875,0.026458,5.096125,5.241375,10.368833,3410.368833
poia_zt_authenticator,PoIA with ZT-Authenticator,80,2855,0.00175,0.018292,5.103667,0.134083,5.260292,3405.260292
poia_zt_authenticator,PoIA with ZT-Authenticator,80,2856,0.002375,0.03925,5.078458,0.134667,5.257375,3405.257375
poia_zt_authenticator,PoIA with ZT-Authenticator,80,2857,0.001791,0.018,5.119334,5.143542,10.285625,3410.285625
poia_zt_authenticator,PoIA with ZT-Authenticator,80,2858,0.001916,0.021459,5.093167,5.169458,10.288083,3410.288083
poia_zt_authenticator,PoIA with ZT-Authenticator,80,2859,0.00175,0.018542,5.094625,10.164292,15.282167,3415.282167
poia_zt_authenticator,PoIA with ZT-Authenticator,80,2860,0.001667,0.018291,5.080333,5.15375,10.256666,3410.256666
poia_zt_authenticator,PoIA with ZT-Authenticator,80,2861,0.001875,0.021167,5.0535,5.186875,10.266292,3410.266292
poia_zt_authenticator,PoIA with ZT-Authenticator,80,2862,0.001917,0.02125,5.012167,5.165459,10.203667,3410.203667
poia_zt_authenticator,PoIA with ZT-Authenticator,80,2863,0.001667,0.018833,10.052709,5.195292,15.271417,3415.271417
poia_zt_authenticator,PoIA with ZT-Authenticator,80,2864,0.002083,0.022084,5.014167,5.162334,10.203292,3410.203292
poia_zt_authenticator,PoIA with ZT-Authenticator,80,2865,0.00175,0.018584,10.083458,5.214875,15.321292,3415.321292
poia_zt_authenticator,PoIA with ZT-Authenticator,80,2866,0.001958,0.022375,0.068833,0.120959,0.216125,3400.216125
poia_zt_authenticator,PoIA with ZT-Authenticator,80,2867,0.001791,0.017792,4.992042,5.17725,10.191917,3410.191917
poia_zt_authenticator,PoIA with ZT-Authenticator,80,2868,0.001667,0.020166,5.160625,0.175667,5.361334,3405.361334
poia_zt_authenticator,PoIA with ZT-Authenticator,80,2869,0.001875,0.021875,5.030208,5.129209,10.186209,3410.186209
poia_zt_authenticator,PoIA with ZT-Authenticator,80,2870,0.001708,0.018834,5.184583,0.145166,5.352708,3405.352708
poia_zt_authenticator,PoIA with ZT-Authenticator,80,2871,0.001833,0.02275,5.019666,5.139667,10.187209,3410.187209
poia_zt_authenticator,PoIA with ZT-Authenticator,80,2872,0.002041,0.040833,5.101917,0.132333,5.279834,3405.279834
poia_zt_authenticator,PoIA with ZT-Authenticator,80,2873,0.002167,0.022334,5.076042,0.13475,5.237791,3405.237791
poia_zt_authenticator,PoIA with ZT-Authenticator,80,2874,0.001916,0.020541,5.032459,10.04975,15.107167,3415.107167
poia_zt_authenticator,PoIA with ZT-Authenticator,80,2875,0.001875,0.022042,5.009416,15.077333,20.114625,3420.114625
poia_zt_authenticator,PoIA with ZT-Authenticator,80,2876,0.001958,0.022333,4.977625,15.296291,20.300958,3420.300958
poia_zt_authenticator,PoIA with ZT-Authenticator,80,2877,0.002,0.021709,5.154041,5.1805,10.36125,3410.36125
poia_zt_authenticator,PoIA with ZT-Authenticator,80,2878,0.001792,0.018666,5.16825,0.146084,5.337417,3405.337417
poia_zt_authenticator,PoIA with ZT-Authenticator,80,2879,0.001542,0.018709,5.1515,5.12775,10.302583,3410.302583
poia_zt_authenticator,PoIA with ZT-Authenticator,80,2880,0.001917,0.023417,5.102958,0.141083,5.272,3405.272
poia_zt_authenticator,PoIA with ZT-Authenticator,80,2881,0.002083,0.022833,5.128125,0.134208,5.289709,3405.289709
poia_zt_authenticator,PoIA with ZT-Authenticator,80,2882,0.002084,0.023917,5.103083,0.1445,5.276292,3405.276292
poia_zt_authenticator,PoIA with ZT-Authenticator,80,2883,0.001625,0.018208,5.106375,5.139166,10.26825,3410.26825
poia_zt_authenticator,PoIA with ZT-Authenticator,80,2884,0.001833,0.022167,15.257625,0.13775,15.422041,3415.422041
poia_zt_authenticator,PoIA with ZT-Authenticator,80,2885,0.001583,0.018292,5.128459,5.201875,10.363875,3410.363875
poia_zt_authenticator,PoIA with ZT-Authenticator,80,2886,0.002459,0.027792,5.163542,10.168208,15.365833,3415.365833
poia_zt_authenticator,PoIA with ZT-Authenticator,80,2887,0.002458,0.053208,5.128833,5.137208,10.325583,3410.325583
poia_zt_authenticator,PoIA with ZT-Authenticator,80,2888,0.001417,0.017833,5.091916,0.1395,5.253084,3405.253084
poia_zt_authenticator,PoIA with ZT-Authenticator,80,2889,0.001708,0.018458,5.186542,15.161583,20.371292,3420.371292
poia_zt_authenticator,PoIA with ZT-Authenticator,80,2890,0.001875,0.021958,5.086125,0.127334,5.240375,3405.240375
poia_zt_authenticator,PoIA with ZT-Authenticator,80,2891,0.002083,0.021333,10.140167,5.065458,15.232458,3415.232458
poia_zt_authenticator,PoIA with ZT-Authenticator,80,2892,0.002125,0.022209,5.130792,5.044875,10.202584,3410.202584
poia_zt_authenticator,PoIA with ZT-Authenticator,80,2893,0.001834,0.019041,5.117125,5.033416,10.174208,3410.174208
poia_zt_authenticator,PoIA with ZT-Authenticator,80,2894,0.002958,0.018959,4.963417,0.133167,5.121,3405.121
poia_zt_authenticator,PoIA with ZT-Authenticator,80,2895,0.001375,0.028208,5.131542,4.995042,10.159208,3410.159208
poia_zt_authenticator,PoIA with ZT-Authenticator,80,2896,0.001834,0.021625,10.094125,0.1365,10.256583,3410.256583
poia_zt_authenticator,PoIA with ZT-Authenticator,80,2897,0.002,0.020875,5.029833,10.063417,15.119125,3415.119125
poia_zt_authenticator,PoIA with ZT-Authenticator,80,2898,0.001917,0.022041,4.915084,0.135792,5.077375,3405.077375
poia_zt_authenticator,PoIA with ZT-Authenticator,80,2899,0.002333,0.030917,4.819791,19.939667,24.795917,3424.795917
poia_zt_authenticator,PoIA with ZT-Authenticator,80,2900,0.001875,0.021458,10.040542,4.856916,14.924083,3414.924083
poia_zt_authenticator,PoIA with ZT-Authenticator,80,2901,0.001625,0.018209,4.817583,0.1345,4.974292,3404.974292
poia_zt_authenticator,PoIA with ZT-Authenticator,80,2902,0.001958,0.030333,4.834875,0.141791,5.011459,3405.011459
poia_zt_authenticator,PoIA with ZT-Authenticator,80,2903,0.001708,0.018083,15.149334,4.870791,20.042833,3420.042833
poia_zt_authenticator,PoIA with ZT-Authenticator,80,2904,0.002167,0.023542,4.808958,0.135958,4.97325,3404.97325
poia_zt_authenticator,PoIA with ZT-Authenticator,80,2905,0.002083,0.022375,4.7895,0.141583,4.957917,3404.957917
poia_zt_authenticator,PoIA with ZT-Authenticator,80,2906,0.002208,0.023125,5.056834,14.570542,19.655667,3419.655667
poia_zt_authenticator,PoIA with ZT-Authenticator,80,2907,0.001708,0.018667,4.79175,0.143667,4.958417,3404.958417
poia_zt_authenticator,PoIA with ZT-Authenticator,80,2908,0.001916,0.018209,4.66675,0.13425,4.823459,3404.823459
poia_zt_authenticator,PoIA with ZT-Authenticator,80,2909,0.002167,0.019667,5.087416,4.592209,9.704667,3409.704667
poia_zt_authenticator,PoIA with ZT-Authenticator,80,2910,0.001833,0.021792,10.229167,4.557,14.812667,3414.812667
poia_zt_authenticator,PoIA with ZT-Authenticator,80,2911,0.002042,0.029375,4.578125,0.133291,4.74525,3404.74525
poia_zt_authenticator,PoIA with ZT-Authenticator,80,2912,0.001917,0.024291,10.12325,4.474875,14.627375,3414.627375
poia_zt_authenticator,PoIA with ZT-Authenticator,80,2913,0.001875,0.018625,5.084292,4.458375,9.566208,3409.566208
poia_zt_authenticator,PoIA with ZT-Authenticator,80,2914,0.002,0.021583,4.382542,0.134084,4.542709,3404.542709
poia_zt_authenticator,PoIA with ZT-Authenticator,80,2915,0.002291,0.02275,5.116333,4.415042,9.560042,3409.560042
poia_zt_authenticator,PoIA with ZT-Authenticator,80,2916,0.001792,0.018584,10.208125,4.438625,14.670208,3414.670208
poia_zt_authenticator,PoIA with ZT-Authenticator,80,2917,0.001833,0.017792,4.383083,0.133334,4.538292,3404.538292
poia_zt_authenticator,PoIA with ZT-Authenticator,80,2918,0.0155,0.019292,4.331417,0.131458,4.500166,3404.500166
poia_zt_authenticator,PoIA with ZT-Authenticator,80,2919,0.001875,0.026375,9.342125,0.134209,9.506916,3409.506916
poia_zt_authenticator,PoIA with ZT-Authenticator,80,2920,0.001875,0.021292,10.096917,4.358125,14.481083,3414.481083
poia_zt_authenticator,PoIA with ZT-Authenticator,80,2921,0.002625,0.027209,0.068916,4.293042,4.394875,3404.394875
poia_zt_authenticator,PoIA with ZT-Authenticator,80,2922,0.002125,0.022541,5.082,4.176417,9.286125,3409.286125
poia_zt_authenticator,PoIA with ZT-Authenticator,80,2923,0.00225,0.023292,4.992417,4.124917,9.145875,3409.145875
poia_zt_authenticator,PoIA with ZT-Authenticator,80,2924,0.001916,0.02225,9.095959,0.148166,9.270666,3409.270666
poia_zt_authenticator,PoIA with ZT-Authenticator,80,2925,0.00175,0.019625,5.129375,13.981292,19.135083,3419.135083
poia_zt_authenticator,PoIA with ZT-Authenticator,80,2926,0.001958,0.026125,20.21725,3.967458,24.215916,3424.215916
poia_zt_authenticator,PoIA with ZT-Authenticator,80,2927,0.00175,0.018667,5.037125,3.9465,9.006708,3409.006708
poia_zt_authenticator,PoIA with ZT-Authenticator,80,2928,0.001708,0.018167,5.031584,3.923875,8.978167,3408.978167
poia_zt_authenticator,PoIA with ZT-Authenticator,80,2929,0.002292,0.022417,4.9665,3.770833,8.765167,3408.765167
poia_zt_authenticator,PoIA with ZT-Authenticator,80,2930,0.0015,0.0185,5.122375,8.578083,13.722917,3413.722917
poia_zt_authenticator,PoIA with ZT-Authenticator,80,2931,0.002125,0.023167,4.913167,3.6005,8.541917,3408.541917
poia_zt_authenticator,PoIA with ZT-Authenticator,80,2932,0.001917,0.023708,8.604875,0.137834,8.770875,3408.770875
poia_zt_authenticator,PoIA with ZT-Authenticator,80,2933,0.002,0.022416,4.894917,3.475208,8.397625,3408.397625
poia_zt_authenticator,PoIA with ZT-Authenticator,80,2934,0.001917,0.022958,4.906042,3.412875,8.346625,3408.346625
poia_zt_authenticator,PoIA with ZT-Authenticator,80,2935,0.00175,0.018042,13.290667,0.137458,13.450666,3413.450666
poia_zt_authenticator,PoIA with ZT-Authenticator,80,2936,0.001833,0.025042,15.338208,3.246792,18.614875,3418.614875
poia_zt_authenticator,PoIA with ZT-Authenticator,80,2937,0.001709,0.021333,5.047417,12.869916,17.943334,3417.943334
poia_zt_authenticator,PoIA with ZT-Authenticator,80,2938,0.00175,0.018375,4.666042,3.067292,7.756291,3407.756291
poia_zt_authenticator,PoIA with ZT-Authenticator,80,2939,0.002041,0.025875,7.5695,0.135959,7.735708,3407.735708
poia_zt_authenticator,PoIA with ZT-Authenticator,80,2940,0.001917,0.021666,14.551792,2.686958,17.265334,3417.265334
poia_zt_authenticator,PoIA with ZT-Authenticator,80,2941,0.002083,0.022417,4.345958,2.585375,6.958709,3406.958709
poia_zt_authenticator,PoIA with ZT-Authenticator,80,2942,0.002,0.021875,14.493208,2.526125,17.046167,3417.046167
poia_zt_authenticator,PoIA with ZT-Authenticator,80,2943,0.001958,0.024791,9.349209,2.413167,11.792209,3411.792209
poia_zt_authenticator,PoIA with ZT-Authenticator,80,2944,0.001791,0.0185,4.332417,2.30875,6.664375,3406.664375
poia_zt_authenticator,PoIA with ZT-Authenticator,80,2945,0.001875,0.021458,4.351792,2.207334,6.585417,3406.585417
poia_zt_authenticator,PoIA with ZT-Authenticator,80,2946,0.002083,0.025416,10.152,5.87175,16.054292,3416.054292
poia_zt_authenticator,PoIA with ZT-Authenticator,80,2947,0.001958,0.018875,9.88825,4.632834,14.544958,3414.544958
poia_zt_authenticator,PoIA with ZT-Authenticator,80,2948,0.001791,0.019041,12.932291,1.240833,14.197,3414.197
poia_zt_authenticator,PoIA with ZT-Authenticator,80,2949,0.001916,0.018375,5.161,8.194167,13.378583,3413.378583
poia_zt_authenticator,PoIA with ZT-Authenticator,80,2950,0.001791,0.024,9.400875,3.550042,12.97975,3412.97975
poia_zt_authenticator,PoIA with ZT-Authenticator,80,2951,0.001917,0.022583,9.375417,3.283833,12.686833,3412.686833
poia_zt_authenticator,PoIA with ZT-Authenticator,80,2952,0.002167,0.032333,12.341291,0.142209,12.520541,3412.520541
poia_zt_authenticator,PoIA with ZT-Authenticator,80,2953,0.017791,0.026291,4.924584,5.580042,10.551916,3410.551916
poia_zt_authenticator,PoIA with ZT-Authenticator,80,2954,0.001792,0.018333,7.116084,0.140708,7.2795,3407.2795
poia_zt_authenticator,PoIA with ZT-Authenticator,80,2955,0.002167,0.023542,7.666583,1.693,9.388,3409.388
poia_zt_authenticator,PoIA with ZT-Authenticator,80,2956,0.001834,0.018708,4.385292,3.925708,8.334792,3408.334792
poia_zt_authenticator,PoIA with ZT-Authenticator,80,2957,0.002542,0.024458,24.569792,3.078292,27.679,3427.679
poia_zt_authenticator,PoIA with ZT-Authenticator,80,2958,0.001834,0.02225,17.947333,2.244375,20.218833,3420.218833
poia_zt_authenticator,PoIA with ZT-Authenticator,80,2959,0.002,0.022417,17.879584,0.244209,18.151,3418.151
poia_zt_authenticator,PoIA with ZT-Authenticator,80,2960,0.001959,0.022125,8.311416,0.43625,8.774666,3408.774666
