mode,configuration,users,sample,intent_construction_ms,canonicalization_ms,signature_generation_ms,verification_ms,server_side_latency_ms,end_to_end_latency_ms
baseline,Baseline session authorization,120,1,0.000333,0.003791,0.0,0.00575,0.010667,0.010667
baseline,Baseline session authorization,120,2,0.000333,0.025542,0.0,0.010083,0.0375,0.0375
baseline,Baseline session authorization,120,3,0.000333,0.004,0.0,0.006084,0.011292,0.011292
baseline,Baseline session authorization,120,4,0.000916,0.01025,0.0,0.011459,0.024166,0.024166
baseline,Baseline session authorization,120,5,0.00125,0.016042,0.0,0.011459,0.030583,0.030583
baseline,Baseline session authorization,120,6,0.000334,0.003792,0.0,0.005958,0.010916,0.010916
baseline,Baseline session authorization,120,7,0.000333,0.007541,0.0,0.006084,0.014792,0.014792
baseline,Baseline session authorization,120,8,0.000833,0.010542,0.0,0.0115,0.024417,0.024417
baseline,Baseline session authorization,120,9,0.000333,0.004,0.0,0.006084,0.011292,0.011292
baseline,Baseline session authorization,120,10,0.000334,0.00375,0.0,0.005875,0.010709,0.010709
baseline,Baseline session authorization,120,11,0.000291,0.004458,0.0,0.006209,0.016125,0.016125
baseline,Baseline session authorization,120,12,0.000334,0.004583,0.0,0.006125,0.012,0.012
baseline,Baseline session authorization,120,13,0.000292,0.00375,0.0,0.005833,0.010709,0.010709
baseline,Baseline session authorization,120,14,0.000416,0.004625,0.0,0.006083,0.012,0.012
baseline,Baseline session authorization,120,15,0.000417,0.004459,0.0,0.005958,0.011708,0.011708
baseline,Baseline session authorization,120,16,0.000333,0.004,0.0,0.006042,0.011292,0.011292
baseline,Baseline session authorization,120,17,0.000333,0.003708,0.0,0.005959,0.010792,0.010792
baseline,Baseline session authorization,120,18,0.000375,0.004208,0.0,0.006334,0.01175,0.01175
baseline,Baseline session authorization,120,19,0.000334,0.003958,0.0,0.005917,0.011083,0.011083
baseline,Baseline session authorization,120,20,0.000333,0.00375,0.0,0.005834,0.01075,0.01075
baseline,Baseline session authorization,120,21,0.000375,0.004042,0.0,0.006125,0.011417,0.011417
baseline,Baseline session authorization,120,22,0.000292,0.008125,0.0,0.006041,0.01525,0.01525
baseline,Baseline session authorization,120,23,0.001208,0.014125,0.0,0.010583,0.027542,0.027542
baseline,Baseline session authorization,120,24,0.000292,0.003875,0.0,0.005875,0.010917,0.010917
baseline,Baseline session authorization,120,25,0.000333,0.004125,0.0,0.006084,0.011459,0.011459
baseline,Baseline session authorization,120,26,0.000291,0.00375,0.0,0.005791,0.010667,0.010667
baseline,Baseline session authorization,120,27,0.000333,0.003875,0.0,0.005958,0.011,0.011
baseline,Baseline session authorization,120,28,0.000292,0.003875,0.0,0.006,0.011,0.011
baseline,Baseline session authorization,120,29,0.000292,0.004083,0.0,0.006084,0.011375,0.011375
baseline,Baseline session authorization,120,30,0.000291,0.008375,0.0,0.006083,0.015625,0.015625
baseline,Baseline session authorization,120,31,0.001042,0.011708,0.0,0.0115,0.025667,0.025667
baseline,Baseline session authorization,120,32,0.000333,0.00375,0.0,0.005792,0.01075,0.01075
baseline,Baseline session authorization,120,33,0.000334,0.003792,0.0,0.005792,0.010709,0.010709
baseline,Baseline session authorization,120,34,0.000333,0.003792,0.0,0.00575,0.010666,0.010666
baseline,Baseline session authorization,120,35,0.001042,0.013083,0.0,0.012,0.027792,0.027792
baseline,Baseline session authorization,120,36,0.000334,0.004041,0.0,0.006167,0.011458,0.011458
baseline,Baseline session authorization,120,37,0.000334,0.003667,0.0,0.005833,0.010666,0.010666
baseline,Baseline session authorization,120,38,0.000333,0.004084,0.0,0.00625,0.011584,0.011584
baseline,Baseline session authorization,120,39,0.000292,0.003792,0.0,0.005833,0.01075,0.01075
baseline,Baseline session authorization,120,40,0.000333,0.003875,0.0,0.005958,0.010917,0.010917
baseline,Baseline session authorization,120,41,0.000333,0.003834,0.0,0.006,0.011,0.011
baseline,Baseline session authorization,120,42,0.000292,0.003667,0.0,0.005833,0.010667,0.010667
baseline,Baseline session authorization,120,43,0.000292,0.003833,0.0,0.005834,0.010834,0.010834
baseline,Baseline session authorization,120,44,0.000333,0.003708,0.0,0.005875,0.01075,0.01075
baseline,Baseline session authorization,120,45,0.000334,0.003792,0.0,0.005958,0.010875,0.010875
baseline,Baseline session authorization,120,46,0.000334,0.003792,0.0,0.005792,0.01075,0.01075
baseline,Baseline session authorization,120,47,0.000334,0.003958,0.0,0.005875,0.011041,0.011041
baseline,Baseline session authorization,120,48,0.000334,0.003792,0.0,0.005875,0.010709,0.010709
baseline,Baseline session authorization,120,49,0.000292,0.00375,0.0,0.005834,0.01075,0.01075
baseline,Baseline session authorization,120,50,0.000291,0.003792,0.0,0.005875,0.010875,0.010875
baseline,Baseline session authorization,120,51,0.000333,0.003959,0.0,0.005833,0.011,0.011
baseline,Baseline session authorization,120,52,0.000375,0.004375,0.0,0.006,0.011583,0.011583
baseline,Baseline session authorization,120,53,0.001334,0.009583,0.0,0.010041,0.022708,0.022708
baseline,Baseline session authorization,120,54,0.000334,0.005292,0.0,0.021958,0.0285,0.0285
baseline,Baseline session authorization,120,55,0.000334,0.003875,0.0,0.005708,0.01075,0.01075
baseline,Baseline session authorization,120,56,0.000375,0.004,0.0,0.006042,0.011292,0.011292
baseline,Baseline session authorization,120,57,0.000584,0.005,0.0,0.006833,0.013458,0.013458
baseline,Baseline session authorization,120,58,0.001333,0.011208,0.0,0.0105,0.024834,0.024834
baseline,Baseline session authorization,120,59,0.000333,0.003708,0.0,0.005834,0.010667,0.010667
baseline,Baseline session authorization,120,60,0.000375,0.004208,0.0,0.006084,0.011584,0.011584
baseline,Baseline session authorization,120,61,0.000375,0.004708,0.0,0.006291,0.012291,0.012291
baseline,Baseline session authorization,120,62,0.001166,0.009292,0.0,0.009959,0.022125,0.022125
baseline,Baseline session authorization,120,63,0.000291,0.003833,0.0,0.005917,0.010875,0.010875
baseline,Baseline session authorization,120,64,0.000333,0.004,0.0,0.006084,0.011334,0.011334
baseline,Baseline session authorization,120,65,0.000375,0.004084,0.0,0.006166,0.011541,0.011541
baseline,Baseline session authorization,120,66,0.000333,0.003833,0.0,0.005917,0.010875,0.010875
baseline,Baseline session authorization,120,67,0.000333,0.003791,0.0,0.005916,0.010792,0.010792
baseline,Baseline session authorization,120,68,0.000334,0.00375,0.0,0.005958,0.010834,0.010834
baseline,Baseline session authorization,120,69,0.000334,0.003917,0.0,0.006083,0.011208,0.011208
baseline,Baseline session authorization,120,70,0.000375,0.004166,0.0,0.006167,0.011584,0.011584
baseline,Baseline session authorization,120,71,0.000334,0.003833,0.0,0.005916,0.010875,0.010875
baseline,Baseline session authorization,120,72,0.000333,0.003833,0.0,0.005792,0.010792,0.010792
baseline,Baseline session authorization,120,73,0.000334,0.003833,0.0,0.005916,0.010875,0.010875
baseline,Baseline session authorization,120,74,0.000334,0.003875,0.0,0.005833,0.010834,0.010834
baseline,Baseline session authorization,120,75,0.000375,0.004,0.0,0.006166,0.011458,0.011458
baseline,Baseline session authorization,120,76,0.000333,0.005042,0.0,0.006,0.01225,0.01225
baseline,Baseline session authorization,120,77,0.000292,0.003792,0.0,0.005875,0.01075,0.01075
baseline,Baseline session authorization,120,78,0.000334,0.003792,0.0,0.005917,0.010875,0.010875
baseline,Baseline session authorization,120,79,0.000417,0.004292,0.0,0.006208,0.01175,0.01175
baseline,Baseline session authorization,120,80,0.000333,0.003875,0.0,0.006041,0.011208,0.011208
baseline,Baseline session authorization,120,81,0.000333,0.003708,0.0,0.005833,0.010709,0.010709
baseline,Baseline session authorization,120,82,0.000333,0.00375,0.0,0.005833,0.010708,0.010708
baseline,Baseline session authorization,120,83,0.000334,0.003792,0.0,0.005875,0.010791,0.010791
baseline,Baseline session authorization,120,84,0.000333,0.003791,0.0,0.005833,0.010792,0.010792
baseline,Baseline session authorization,120,85,0.000958,0.008458,0.0,0.009917,0.02025,0.02025
baseline,Baseline session authorization,120,86,0.000334,0.003833,0.0,0.005834,0.010834,0.010834
baseline,Baseline session authorization,120,87,0.000375,0.005417,0.0,0.00625,0.012917,0.012917
baseline,Baseline session authorization,120,88,0.000333,0.00375,0.0,0.005834,0.01075,0.01075
baseline,Baseline session authorization,120,89,0.001209,0.009084,0.0,0.009917,0.021875,0.021875
baseline,Baseline session authorization,120,90,0.000291,0.00375,0.0,0.005875,0.010708,0.010708
baseline,Baseline session authorization,120,91,0.000292,0.003791,0.0,0.005875,0.010834,0.010834
baseline,Baseline session authorization,120,92,0.000416,0.004667,0.0,0.006042,0.012084,0.012084
baseline,Baseline session authorization,120,93,0.000334,0.0055,0.0,0.007125,0.042583,0.042583
baseline,Baseline session authorization,120,94,0.000333,0.004042,0.0,0.006083,0.011417,0.011417
baseline,Baseline session authorization,120,95,0.000334,0.00375,0.0,0.005875,0.010792,0.010792
baseline,Baseline session authorization,120,96,0.000292,0.003834,0.0,0.005916,0.010875,0.010875
baseline,Baseline session authorization,120,97,0.000291,0.003959,0.0,0.005958,0.011125,0.011125
baseline,Baseline session authorization,120,98,0.000334,0.003708,0.0,0.005875,0.01075,0.01075
baseline,Baseline session authorization,120,99,0.000334,0.003958,0.0,0.006125,0.011291,0.011291
baseline,Baseline session authorization,120,100,0.000417,0.005083,0.0,0.006416,0.012958,0.012958
baseline,Baseline session authorization,120,101,0.000333,0.003833,0.0,0.005875,0.010792,0.010792
baseline,Baseline session authorization,120,102,0.000542,0.005,0.0,0.006708,0.013375,0.013375
baseline,Baseline session authorization,120,103,0.000333,0.003875,0.0,0.006042,0.011042,0.011042
baseline,Baseline session authorization,120,104,0.000333,0.00425,0.0,0.006167,0.011667,0.011667
baseline,Baseline session authorization,120,105,0.000334,0.00375,0.0,0.005833,0.01075,0.01075
baseline,Baseline session authorization,120,106,0.000334,0.005208,0.0,0.006,0.012375,0.012375
baseline,Baseline session authorization,120,107,0.000334,0.003875,0.0,0.005875,0.010875,0.010875
baseline,Baseline session authorization,120,108,0.000334,0.00375,0.0,0.005875,0.010791,0.010791
baseline,Baseline session authorization,120,109,0.000333,0.005333,0.0,0.006,0.012417,0.012417
baseline,Baseline session authorization,120,110,0.000333,0.003792,0.0,0.005958,0.010917,0.010917
baseline,Baseline session authorization,120,111,0.000333,0.003834,0.0,0.006,0.011,0.011
baseline,Baseline session authorization,120,112,0.000333,0.003875,0.0,0.006,0.011042,0.011042
baseline,Baseline session authorization,120,113,0.000333,0.003708,0.0,0.005917,0.010708,0.010708
baseline,Baseline session authorization,120,114,0.000291,0.003833,0.0,0.005875,0.010917,0.010917
baseline,Baseline session authorization,120,115,0.001209,0.009542,0.0,0.010166,0.022541,0.022541
baseline,Baseline session authorization,120,116,0.000333,0.003834,0.0,0.005792,0.010792,0.010792
baseline,Baseline session authorization,120,117,0.000375,0.005334,0.0,0.006125,0.012708,0.012708
baseline,Baseline session authorization,120,118,0.000333,0.004084,0.0,0.006125,0.011417,0.011417
baseline,Baseline session authorization,120,119,0.000333,0.003834,0.0,0.00575,0.010792,0.010792
baseline,Baseline session authorization,120,120,0.000417,0.005458,0.0,0.006208,0.013041,0.013041
baseline,Baseline session authorization,120,121,0.000375,0.004042,0.0,0.006041,0.011416,0.011416
baseline,Baseline session authorization,120,122,0.000292,0.003667,0.0,0.005833,0.010666,0.010666
baseline,Baseline session authorization,120,123,0.000417,0.0045,0.0,0.006333,0.012125,0.012125
baseline,Baseline session authorization,120,124,0.000458,0.004125,0.0,0.005875,0.011333,0.011333
baseline,Baseline session authorization,120,125,0.000333,0.003791,0.0,0.005916,0.010792,0.010792
baseline,Baseline session authorization,120,126,0.000417,0.009042,0.0,0.006917,0.017458,0.017458
baseline,Baseline session authorization,120,127,0.000333,0.004166,0.0,0.006167,0.011583,0.011583
baseline,Baseline session authorization,120,128,0.000334,0.004042,0.0,0.005916,0.011208,0.011208
baseline,Baseline session authorization,120,129,0.000375,0.003875,0.0,0.011583,0.016666,0.016666
baseline,Baseline session authorization,120,130,0.000375,0.005792,0.0,0.0065,0.013625,0.013625
baseline,Baseline session authorization,120,131,0.000333,0.003709,0.0,0.005791,0.010666,0.010666
baseline,Baseline session authorization,120,132,0.000333,0.003791,0.0,0.005791,0.010625,0.010625
baseline,Baseline session authorization,120,133,0.000375,0.004208,0.0,0.005917,0.011292,0.011292
baseline,Baseline session authorization,120,134,0.0005,0.004375,0.0,0.006208,0.012041,0.012041
baseline,Baseline session authorization,120,135,0.000292,0.003917,0.0,0.005875,0.010875,0.010875
baseline,Baseline session authorization,120,136,0.000375,0.01575,0.0,0.007084,0.024334,0.024334
baseline,Baseline session authorization,120,137,0.000291,0.008208,0.0,0.006042,0.015375,0.015375
baseline,Baseline session authorization,120,138,0.000375,0.004458,0.0,0.006125,0.011833,0.011833
baseline,Baseline session authorization,120,139,0.000333,0.0055,0.0,0.006625,0.013708,0.013708
baseline,Baseline session authorization,120,140,0.000334,0.003833,0.0,0.005709,0.01075,0.01075
baseline,Baseline session authorization,120,141,0.000375,0.003959,0.0,0.006041,0.011209,0.011209
baseline,Baseline session authorization,120,142,0.000334,0.005,0.0,0.005958,0.012166,0.012166
baseline,Baseline session authorization,120,143,0.001,0.01125,0.0,0.011333,0.025042,0.025042
baseline,Baseline session authorization,120,144,0.000333,0.004084,0.0,0.005875,0.015792,0.015792
baseline,Baseline session authorization,120,145,0.000375,0.003875,0.0,0.006083,0.011166,0.011166
baseline,Baseline session authorization,120,146,0.000292,0.028333,0.0,0.007041,0.03675,0.03675
baseline,Baseline session authorization,120,147,0.000459,0.004791,0.0,0.006334,0.012542,0.012542
baseline,Baseline session authorization,120,148,0.000375,0.00375,0.0,0.005958,0.010875,0.010875
baseline,Baseline session authorization,120,149,0.000292,0.00375,0.0,0.005833,0.010792,0.010792
baseline,Baseline session authorization,120,150,0.000333,0.004,0.0,0.005958,0.011084,0.011084
baseline,Baseline session authorization,120,151,0.000334,0.004041,0.0,0.006125,0.011375,0.011375
baseline,Baseline session authorization,120,152,0.000583,0.005667,0.0,0.007083,0.014458,0.014458
baseline,Baseline session authorization,120,153,0.000334,0.003792,0.0,0.005791,0.01075,0.01075
baseline,Baseline session authorization,120,154,0.000333,0.004042,0.0,0.006125,0.011417,0.011417
baseline,Baseline session authorization,120,155,0.000375,0.003875,0.0,0.005875,0.010875,0.010875
baseline,Baseline session authorization,120,156,0.000291,0.00375,0.0,0.005791,0.010667,0.010667
baseline,Baseline session authorization,120,157,0.000333,0.003958,0.0,0.005917,0.011042,0.011042
baseline,Baseline session authorization,120,158,0.000333,0.004084,0.0,0.006083,0.011333,0.011333
baseline,Baseline session authorization,120,159,0.000458,0.004416,0.0,0.005833,0.011542,0.011542
baseline,Baseline session authorization,120,160,0.000333,0.004042,0.0,0.006041,0.011333,0.011333
baseline,Baseline session authorization,120,161,0.000333,0.00375,0.0,0.005833,0.010708,0.010708
baseline,Baseline session authorization,120,162,0.000291,0.003917,0.0,0.005833,0.010917,0.010917
baseline,Baseline session authorization,120,163,0.000333,0.004084,0.0,0.005875,0.011083,0.011083
baseline,Baseline session authorization,120,164,0.000333,0.004084,0.0,0.006041,0.011334,0.011334
baseline,Baseline session authorization,120,165,0.000292,0.003917,0.0,0.005833,0.010875,0.010875
baseline,Baseline session authorization,120,166,0.000375,0.005459,0.0,0.006291,0.013,0.013
baseline,Baseline session authorization,120,167,0.000375,0.00425,0.0,0.006083,0.011625,0.011625
baseline,Baseline session authorization,120,168,0.000334,0.004083,0.0,0.005917,0.011208,0.011208
baseline,Baseline session authorization,120,169,0.000291,0.003875,0.0,0.005833,0.010875,0.010875
baseline,Baseline session authorization,120,170,0.000334,0.00375,0.0,0.005792,0.010709,0.010709
baseline,Baseline session authorization,120,171,0.000333,0.003667,0.0,0.005833,0.010666,0.010666
baseline,Baseline session authorization,120,172,0.000334,0.005375,0.0,0.006042,0.012625,0.012625
baseline,Baseline session authorization,120,173,0.000333,0.003833,0.0,0.005959,0.010917,0.010917
baseline,Baseline session authorization,120,174,0.000291,0.00375,0.0,0.005875,0.010708,0.010708
baseline,Baseline session authorization,120,175,0.000291,0.003875,0.0,0.005833,0.010792,0.010792
baseline,Baseline session authorization,120,176,0.000333,0.003917,0.0,0.005792,0.010833,0.010833
baseline,Baseline session authorization,120,177,0.000333,0.004083,0.0,0.005833,0.011125,0.011125
baseline,Baseline session authorization,120,178,0.000333,0.006041,0.0,0.005958,0.013083,0.013083
baseline,Baseline session authorization,120,179,0.000292,0.003792,0.0,0.005792,0.010709,0.010709
baseline,Baseline session authorization,120,180,0.00125,0.013625,0.0,0.012375,0.029125,0.029125
baseline,Baseline session authorization,120,181,0.000334,0.003958,0.0,0.005916,0.011041,0.011041
baseline,Baseline session authorization,120,182,0.000375,0.004125,0.0,0.006042,0.011417,0.011417
baseline,Baseline session authorization,120,183,0.000333,0.003792,0.0,0.005875,0.010833,0.010833
baseline,Baseline session authorization,120,184,0.000334,0.00375,0.0,0.005875,0.010833,0.010833
baseline,Baseline session authorization,120,185,0.000333,0.004,0.0,0.006084,0.011292,0.011292
baseline,Baseline session authorization,120,186,0.000333,0.003625,0.0,0.00575,0.0105,0.0105
baseline,Baseline session authorization,120,187,0.000334,0.003917,0.0,0.005833,0.010958,0.010958
baseline,Baseline session authorization,120,188,0.000333,0.004,0.0,0.006084,0.011292,0.011292
baseline,Baseline session authorization,120,189,0.000334,0.003833,0.0,0.005875,0.010916,0.010916
baseline,Baseline session authorization,120,190,0.000458,0.004584,0.0,0.006167,0.012167,0.012167
baseline,Baseline session authorization,120,191,0.000334,0.004167,0.0,0.011083,0.016416,0.016416
baseline,Baseline session authorization,120,192,0.000375,0.003958,0.0,0.005958,0.011125,0.011125
baseline,Baseline session authorization,120,193,0.000333,0.003875,0.0,0.005959,0.011084,0.011084
baseline,Baseline session authorization,120,194,0.000375,0.004208,0.0,0.006542,0.015625,0.015625
baseline,Baseline session authorization,120,195,0.000334,0.003792,0.0,0.005792,0.010667,0.010667
baseline,Baseline session authorization,120,196,0.000416,0.004375,0.0,0.006291,0.011958,0.011958
baseline,Baseline session authorization,120,197,0.000625,0.005459,0.0,0.006125,0.013041,0.013041
baseline,Baseline session authorization,120,198,0.000375,0.004042,0.0,0.006083,0.011459,0.011459
baseline,Baseline session authorization,120,199,0.000375,0.00375,0.0,0.025292,0.031,0.031
baseline,Baseline session authorization,120,200,0.000334,0.004042,0.0,0.005917,0.011125,0.011125
baseline,Baseline session authorization,120,201,0.000375,0.006209,0.0,0.006375,0.013875,0.013875
baseline,Baseline session authorization,120,202,0.000291,0.02125,0.0,0.010625,0.033917,0.033917
baseline,Baseline session authorization,120,203,0.000334,0.004166,0.0,0.006167,0.011541,0.011541
baseline,Baseline session authorization,120,204,0.000375,0.003708,0.0,0.005833,0.010667,0.010667
baseline,Baseline session authorization,120,205,0.000333,0.004125,0.0,0.005791,0.011125,0.011125
baseline,Baseline session authorization,120,206,0.000333,0.003917,0.0,0.005875,0.010875,0.010875
baseline,Baseline session authorization,120,207,0.000334,0.003792,0.0,0.005875,0.010791,0.010791
baseline,Baseline session authorization,120,208,0.000458,0.005042,0.0,0.006208,0.012583,0.012583
baseline,Baseline session authorization,120,209,0.000292,0.007084,0.0,0.006083,0.01425,0.01425
baseline,Baseline session authorization,120,210,0.000375,0.005458,0.0,0.006334,0.013042,0.013042
baseline,Baseline session authorization,120,211,0.000333,0.004,0.0,0.005792,0.010958,0.010958
baseline,Baseline session authorization,120,212,0.000375,0.004041,0.0,0.005959,0.011208,0.011208
baseline,Baseline session authorization,120,213,0.000333,0.004,0.0,0.019667,0.025083,0.025083
baseline,Baseline session authorization,120,214,0.000333,0.003709,0.0,0.005791,0.010708,0.010708
baseline,Baseline session authorization,120,215,0.000333,0.003833,0.0,0.005792,0.01075,0.01075
baseline,Baseline session authorization,120,216,0.000375,0.003958,0.0,0.005833,0.011,0.011
baseline,Baseline session authorization,120,217,0.000334,0.004083,0.0,0.007583,0.012916,0.012916
baseline,Baseline session authorization,120,218,0.000333,0.00375,0.0,0.005875,0.010792,0.010792
baseline,Baseline session authorization,120,219,0.000334,0.004041,0.0,0.006084,0.011334,0.011334
baseline,Baseline session authorization,120,220,0.000292,0.00375,0.0,0.005833,0.010708,0.010708
baseline,Baseline session authorization,120,221,0.000375,0.003958,0.0,0.006167,0.011334,0.011334
baseline,Baseline session authorization,120,222,0.000375,0.004334,0.0,0.006041,0.011666,0.011666
baseline,Baseline session authorization,120,223,0.000333,0.003916,0.0,0.005709,0.010792,0.010792
baseline,Baseline session authorization,120,224,0.000333,0.004041,0.0,0.005917,0.011125,0.011125
baseline,Baseline session authorization,120,225,0.000375,0.004083,0.0,0.006042,0.011458,0.011458
baseline,Baseline session authorization,120,226,0.000291,0.003709,0.0,0.005875,0.01075,0.01075
baseline,Baseline session authorization,120,227,0.000334,0.003792,0.0,0.005833,0.01075,0.01075
baseline,Baseline session authorization,120,228,0.000334,0.004,0.0,0.005833,0.010959,0.010959
baseline,Baseline session authorization,120,229,0.000334,0.003958,0.0,0.005875,0.011041,0.011041
baseline,Baseline session authorization,120,230,0.000333,0.003792,0.0,0.005792,0.01075,0.01075
baseline,Baseline session authorization,120,231,0.000291,0.004,0.0,0.005833,0.011,0.011
baseline,Baseline session authorization,120,232,0.000334,0.004,0.0,0.005917,0.011083,0.011083
baseline,Baseline session authorization,120,233,0.000417,0.004292,0.0,0.0065,0.012041,0.012041
baseline,Baseline session authorization,120,234,0.000292,0.003791,0.0,0.00575,0.01075,0.01075
baseline,Baseline session authorization,120,235,0.000333,0.004042,0.0,0.005833,0.011125,0.011125
baseline,Baseline session authorization,120,236,0.000334,0.003833,0.0,0.006,0.010959,0.010959
baseline,Baseline session authorization,120,237,0.000333,0.003709,0.0,0.005875,0.010708,0.010708
baseline,Baseline session authorization,120,238,0.000333,0.00375,0.0,0.005791,0.021375,0.021375
baseline,Baseline session authorization,120,239,0.001166,0.013042,0.0,0.01,0.025917,0.025917
baseline,Baseline session authorization,120,240,0.000833,0.007791,0.0,0.006292,0.015833,0.015833
baseline,Baseline session authorization,120,241,0.000333,0.004083,0.0,0.005917,0.011125,0.011125
baseline,Baseline session authorization,120,242,0.000375,0.005459,0.0,0.006375,0.013167,0.013167
baseline,Baseline session authorization,120,243,0.000333,0.004208,0.0,0.005834,0.011167,0.011167
baseline,Baseline session authorization,120,244,0.000333,0.004,0.0,0.006125,0.011375,0.011375
baseline,Baseline session authorization,120,245,0.000333,0.00375,0.0,0.005917,0.010833,0.010833
baseline,Baseline session authorization,120,246,0.000334,0.00375,0.0,0.005958,0.010916,0.010916
baseline,Baseline session authorization,120,247,0.000333,0.004041,0.0,0.006042,0.01125,0.01125
baseline,Baseline session authorization,120,248,0.000375,0.0045,0.0,0.006041,0.01175,0.01175
baseline,Baseline session authorization,120,249,0.000375,0.004084,0.0,0.006125,0.0115,0.0115
baseline,Baseline session authorization,120,250,0.000334,0.003833,0.0,0.005875,0.010875,0.010875
baseline,Baseline session authorization,120,251,0.000417,0.004625,0.0,0.00625,0.01225,0.01225
baseline,Baseline session authorization,120,252,0.000333,0.00375,0.0,0.005792,0.010709,0.010709
baseline,Baseline session authorization,120,253,0.000292,0.005459,0.0,0.006041,0.012666,0.012666
baseline,Baseline session authorization,120,254,0.000334,0.003958,0.0,0.006125,0.011291,0.011291
baseline,Baseline session authorization,120,255,0.000375,0.004083,0.0,0.006042,0.011292,0.011292
baseline,Baseline session authorization,120,256,0.000375,0.004459,0.0,0.006375,0.012084,0.012084
baseline,Baseline session authorization,120,257,0.000334,0.00375,0.0,0.005834,0.010708,0.010708
baseline,Baseline session authorization,120,258,0.000333,0.003708,0.0,0.005959,0.01075,0.01075
baseline,Baseline session authorization,120,259,0.000333,0.004042,0.0,0.005875,0.011041,0.011041
baseline,Baseline session authorization,120,260,0.000292,0.003792,0.0,0.005917,0.010791,0.010791
baseline,Baseline session authorization,120,261,0.000375,0.003958,0.0,0.006083,0.011291,0.011291
baseline,Baseline session authorization,120,262,0.000375,0.004042,0.0,0.006208,0.0115,0.0115
baseline,Baseline session authorization,120,263,0.000334,0.003708,0.0,0.00575,0.010666,0.010666
baseline,Baseline session authorization,120,264,0.000334,0.003917,0.0,0.005791,0.010875,0.010875
baseline,Baseline session authorization,120,265,0.000334,0.004083,0.0,0.006292,0.011625,0.011625
baseline,Baseline session authorization,120,266,0.000375,0.004042,0.0,0.006,0.011292,0.011292
baseline,Baseline session authorization,120,267,0.000292,0.003708,0.0,0.00575,0.010584,0.010584
baseline,Baseline session authorization,120,268,0.000375,0.003917,0.0,0.006084,0.011334,0.011334
baseline,Baseline session authorization,120,269,0.000334,0.00375,0.0,0.005917,0.010792,0.010792
baseline,Baseline session authorization,120,270,0.000333,0.004042,0.0,0.005833,0.011083,0.011083
baseline,Baseline session authorization,120,271,0.000334,0.003708,0.0,0.005791,0.010625,0.010625
baseline,Baseline session authorization,120,272,0.001,0.009167,0.0,0.008291,0.019458,0.019458
baseline,Baseline session authorization,120,273,0.000334,0.004167,0.0,0.006125,0.0115,0.0115
baseline,Baseline session authorization,120,274,0.000333,0.004,0.0,0.006208,0.011375,0.011375
baseline,Baseline session authorization,120,275,0.000334,0.003833,0.0,0.005791,0.010709,0.010709
baseline,Baseline session authorization,120,276,0.000333,0.005541,0.0,0.006084,0.012834,0.012834
baseline,Baseline session authorization,120,277,0.000375,0.004042,0.0,0.006167,0.011541,0.011541
baseline,Baseline session authorization,120,278,0.000375,0.0055,0.0,0.006084,0.012792,0.012792
baseline,Baseline session authorization,120,279,0.000333,0.003917,0.0,0.005792,0.010833,0.010833
baseline,Baseline session authorization,120,280,0.000292,0.005417,0.0,0.006,0.012625,0.012625
baseline,Baseline session authorization,120,281,0.000375,0.004,0.0,0.005875,0.011041,0.011041
baseline,Baseline session authorization,120,282,0.000333,0.003875,0.0,0.005958,0.011,0.011
baseline,Baseline session authorization,120,283,0.000333,0.003875,0.0,0.005875,0.010833,0.010833
baseline,Baseline session authorization,120,284,0.000334,0.004,0.0,0.006167,0.0115,0.0115
baseline,Baseline session authorization,120,285,0.000333,0.004,0.0,0.006125,0.011292,0.011292
baseline,Baseline session authorization,120,286,0.000292,0.003792,0.0,0.00575,0.010625,0.010625
baseline,Baseline session authorization,120,287,0.000333,0.004167,0.0,0.005958,0.011458,0.011458
baseline,Baseline session authorization,120,288,0.000333,0.004,0.0,0.006041,0.011167,0.011167
baseline,Baseline session authorization,120,289,0.000375,0.00525,0.0,0.006042,0.0125,0.0125
baseline,Baseline session authorization,120,290,0.000291,0.00375,0.0,0.00575,0.010625,0.010625
baseline,Baseline session authorization,120,291,0.000333,0.005041,0.0,0.006,0.01225,0.01225
baseline,Baseline session authorization,120,292,0.000292,0.004,0.0,0.006042,0.011209,0.011209
baseline,Baseline session authorization,120,293,0.000292,0.003833,0.0,0.024292,0.030084,0.030084
baseline,Baseline session authorization,120,294,0.000292,0.00375,0.0,0.005792,0.010708,0.010708
baseline,Baseline session authorization,120,295,0.000333,0.003958,0.0,0.005833,0.010958,0.010958
baseline,Baseline session authorization,120,296,0.000375,0.004,0.0,0.005875,0.011167,0.011167
baseline,Baseline session authorization,120,297,0.000375,0.004125,0.0,0.005958,0.011291,0.011291
baseline,Baseline session authorization,120,298,0.000333,0.004,0.0,0.005792,0.010958,0.010958
baseline,Baseline session authorization,120,299,0.000333,0.007625,0.0,0.00625,0.015125,0.015125
baseline,Baseline session authorization,120,300,0.000416,0.004666,0.0,0.006667,0.012792,0.012792
baseline,Baseline session authorization,120,301,0.000292,0.003958,0.0,0.005792,0.010959,0.010959
baseline,Baseline session authorization,120,302,0.0005,0.005792,0.0,0.006416,0.013625,0.013625
baseline,Baseline session authorization,120,303,0.000292,0.003875,0.0,0.00575,0.010709,0.010709
baseline,Baseline session authorization,120,304,0.000333,0.004,0.0,0.005959,0.011209,0.011209
baseline,Baseline session authorization,120,305,0.000333,0.004042,0.0,0.006,0.011292,0.011292
baseline,Baseline session authorization,120,306,0.000333,0.004042,0.0,0.006167,0.011417,0.011417
baseline,Baseline session authorization,120,307,0.000333,0.003875,0.0,0.00575,0.010833,0.010833
baseline,Baseline session authorization,120,308,0.000292,0.004042,0.0,0.005916,0.011125,0.011125
baseline,Baseline session authorization,120,309,0.000292,0.003708,0.0,0.00575,0.010625,0.010625
baseline,Baseline session authorization,120,310,0.000375,0.004084,0.0,0.006041,0.011375,0.011375
baseline,Baseline session authorization,120,311,0.000333,0.003875,0.0,0.005833,0.010916,0.010916
baseline,Baseline session authorization,120,312,0.000292,0.004,0.0,0.005875,0.011042,0.011042
baseline,Baseline session authorization,120,313,0.000375,0.00425,0.0,0.006209,0.01175,0.01175
baseline,Baseline session authorization,120,314,0.000292,0.00375,0.0,0.005709,0.010583,0.010583
baseline,Baseline session authorization,120,315,0.000333,0.003917,0.0,0.005959,0.011042,0.011042
baseline,Baseline session authorization,120,316,0.000417,0.004084,0.0,0.006,0.011375,0.011375
baseline,Baseline session authorization,120,317,0.000333,0.003792,0.0,0.005833,0.010792,0.010792
baseline,Baseline session authorization,120,318,0.000375,0.004083,0.0,0.006083,0.011375,0.011375
baseline,Baseline session authorization,120,319,0.000334,0.00375,0.0,0.005834,0.01075,0.01075
baseline,Baseline session authorization,120,320,0.000334,0.003833,0.0,0.005791,0.010709,0.010709
baseline,Baseline session authorization,120,321,0.000333,0.007459,0.0,0.006167,0.014875,0.014875
baseline,Baseline session authorization,120,322,0.000334,0.003916,0.0,0.00575,0.010916,0.010916
baseline,Baseline session authorization,120,323,0.000375,0.004083,0.0,0.006125,0.011542,0.011542
baseline,Baseline session authorization,120,324,0.000292,0.003875,0.0,0.005833,0.010834,0.010834
baseline,Baseline session authorization,120,325,0.000375,0.004083,0.0,0.006,0.011333,0.011333
baseline,Baseline session authorization,120,326,0.000333,0.003959,0.0,0.006125,0.011334,0.011334
baseline,Baseline session authorization,120,327,0.000333,0.003917,0.0,0.005833,0.010917,0.010917
baseline,Baseline session authorization,120,328,0.000333,0.003917,0.0,0.005792,0.010875,0.010875
baseline,Baseline session authorization,120,329,0.000375,0.004042,0.0,0.006083,0.011333,0.011333
baseline,Baseline session authorization,120,330,0.000292,0.00375,0.0,0.00575,0.010625,0.010625
baseline,Baseline session authorization,120,331,0.000333,0.003791,0.0,0.008459,0.013459,0.013459
baseline,Baseline session authorization,120,332,0.000334,0.004166,0.0,0.006125,0.011541,0.011541
baseline,Baseline session authorization,120,333,0.000417,0.006833,0.0,0.006167,0.014292,0.014292
baseline,Baseline session authorization,120,334,0.000333,0.030833,0.0,0.006083,0.038083,0.038083
baseline,Baseline session authorization,120,335,0.000333,0.004125,0.0,0.005875,0.011167,0.011167
baseline,Baseline session authorization,120,336,0.000375,0.004125,0.0,0.006042,0.011459,0.011459
baseline,Baseline session authorization,120,337,0.000375,0.003792,0.0,0.005875,0.010792,0.010792
baseline,Baseline session authorization,120,338,0.000333,0.00375,0.0,0.005833,0.01075,0.01075
baseline,Baseline session authorization,120,339,0.000333,0.004208,0.0,0.007042,0.012458,0.012458
baseline,Baseline session authorization,120,340,0.000375,0.003833,0.0,0.005833,0.010917,0.010917
baseline,Baseline session authorization,120,341,0.000333,0.003917,0.0,0.005875,0.010958,0.010958
baseline,Baseline session authorization,120,342,0.000333,0.00575,0.0,0.006042,0.012958,0.012958
baseline,Baseline session authorization,120,343,0.000333,0.004,0.0,0.005959,0.011125,0.011125
baseline,Baseline session authorization,120,344,0.000333,0.003875,0.0,0.005875,0.010875,0.010875
baseline,Baseline session authorization,120,345,0.000333,0.003834,0.0,0.00575,0.010708,0.010708
baseline,Baseline session authorization,120,346,0.000375,0.004416,0.0,0.006,0.011625,0.011625
baseline,Baseline session authorization,120,347,0.000333,0.004,0.0,0.005917,0.011083,0.011083
baseline,Baseline session authorization,120,348,0.000334,0.004167,0.0,0.006208,0.011625,0.011625
baseline,Baseline session authorization,120,349,0.000333,0.003875,0.0,0.00575,0.010791,0.010791
baseline,Baseline session authorization,120,350,0.000333,0.004125,0.0,0.010125,0.015458,0.015458
baseline,Baseline session authorization,120,351,0.000375,0.005542,0.0,0.00625,0.013167,0.013167
baseline,Baseline session authorization,120,352,0.000292,0.005542,0.0,0.005917,0.0125,0.0125
baseline,Baseline session authorization,120,353,0.000292,0.004,0.0,0.005833,0.011,0.011
baseline,Baseline session authorization,120,354,0.000334,0.004041,0.0,0.006209,0.011542,0.011542
baseline,Baseline session authorization,120,355,0.000292,0.00375,0.0,0.005833,0.01075,0.01075
baseline,Baseline session authorization,120,356,0.000292,0.003792,0.0,0.005916,0.010834,0.010834
baseline,Baseline session authorization,120,357,0.000333,0.004041,0.0,0.005834,0.011,0.011
baseline,Baseline session authorization,120,358,0.000375,0.005375,0.0,0.006167,0.012834,0.012834
baseline,Baseline session authorization,120,359,0.000292,0.003958,0.0,0.005875,0.011,0.011
baseline,Baseline session authorization,120,360,0.000375,0.003958,0.0,0.006084,0.011292,0.011292
baseline,Baseline session authorization,120,361,0.000333,0.00375,0.0,0.00575,0.010667,0.010667
baseline,Baseline session authorization,120,362,0.000334,0.004,0.0,0.005875,0.011083,0.011083
baseline,Baseline session authorization,120,363,0.000333,0.003875,0.0,0.006042,0.011167,0.011167
baseline,Baseline session authorization,120,364,0.000292,0.003875,0.0,0.005833,0.010833,0.010833
baseline,Baseline session authorization,120,365,0.000291,0.003791,0.0,0.005917,0.010833,0.010833
baseline,Baseline session authorization,120,366,0.000333,0.004083,0.0,0.006084,0.0115,0.0115
baseline,Baseline session authorization,120,367,0.000334,0.003792,0.0,0.00575,0.01075,0.01075
baseline,Baseline session authorization,120,368,0.000333,0.004,0.0,0.006125,0.011292,0.011292
baseline,Baseline session authorization,120,369,0.000333,0.004125,0.0,0.005875,0.011208,0.011208
baseline,Baseline session authorization,120,370,0.000375,0.003959,0.0,0.006041,0.011291,0.011291
baseline,Baseline session authorization,120,371,0.000333,0.003958,0.0,0.005959,0.011042,0.011042
baseline,Baseline session authorization,120,372,0.000333,0.005209,0.0,0.006,0.012375,0.012375
baseline,Baseline session authorization,120,373,0.000375,0.004083,0.0,0.006125,0.011542,0.011542
baseline,Baseline session authorization,120,374,0.000334,0.003792,0.0,0.00575,0.010625,0.010625
baseline,Baseline session authorization,120,375,0.000333,0.004042,0.0,0.005875,0.011083,0.011083
baseline,Baseline session authorization,120,376,0.000375,0.005667,0.0,0.006375,0.013333,0.013333
baseline,Baseline session authorization,120,377,0.000334,0.00375,0.0,0.00575,0.010625,0.010625
baseline,Baseline session authorization,120,378,0.000333,0.003958,0.0,0.005917,0.011041,0.011041
baseline,Baseline session authorization,120,379,0.000334,0.004083,0.0,0.00625,0.011625,0.011625
baseline,Baseline session authorization,120,380,0.000292,0.003708,0.0,0.005792,0.010625,0.010625
baseline,Baseline session authorization,120,381,0.000333,0.00375,0.0,0.005875,0.01075,0.01075
baseline,Baseline session authorization,120,382,0.000333,0.003958,0.0,0.005833,0.011,0.011
baseline,Baseline session authorization,120,383,0.000333,0.004,0.0,0.006042,0.011292,0.011292
baseline,Baseline session authorization,120,384,0.000334,0.003708,0.0,0.005875,0.01075,0.01075
baseline,Baseline session authorization,120,385,0.000417,0.005583,0.0,0.005959,0.012834,0.012834
baseline,Baseline session authorization,120,386,0.000334,0.003916,0.0,0.006167,0.011333,0.011333
baseline,Baseline session authorization,120,387,0.000333,0.003917,0.0,0.005833,0.010916,0.010916
baseline,Baseline session authorization,120,388,0.000292,0.004083,0.0,0.005875,0.011125,0.011125
baseline,Baseline session authorization,120,389,0.000333,0.003916,0.0,0.006042,0.011167,0.011167
baseline,Baseline session authorization,120,390,0.000334,0.003667,0.0,0.00575,0.010584,0.010584
baseline,Baseline session authorization,120,391,0.000375,0.004125,0.0,0.006042,0.011417,0.011417
baseline,Baseline session authorization,120,392,0.000333,0.003791,0.0,0.00575,0.010667,0.010667
baseline,Baseline session authorization,120,393,0.000334,0.004083,0.0,0.005875,0.011083,0.011083
baseline,Baseline session authorization,120,394,0.000291,0.004041,0.0,0.005833,0.010958,0.010958
baseline,Baseline session authorization,120,395,0.000333,0.00375,0.0,0.005875,0.010792,0.010792
baseline,Baseline session authorization,120,396,0.000334,0.00425,0.0,0.005875,0.011333,0.011333
baseline,Baseline session authorization,120,397,0.000292,0.005792,0.0,0.005875,0.012959,0.012959
baseline,Baseline session authorization,120,398,0.000334,0.004,0.0,0.006,0.011166,0.011166
baseline,Baseline session authorization,120,399,0.000334,0.004042,0.0,0.005833,0.011,0.011
baseline,Baseline session authorization,120,400,0.000333,0.003834,0.0,0.005833,0.01075,0.01075
baseline,Baseline session authorization,120,401,0.000333,0.005375,0.0,0.006041,0.012583,0.012583
baseline,Baseline session authorization,120,402,0.000291,0.003875,0.0,0.005958,0.010917,0.010917
baseline,Baseline session authorization,120,403,0.000333,0.004,0.0,0.005958,0.011083,0.011083
baseline,Baseline session authorization,120,404,0.000458,0.004583,0.0,0.006584,0.012584,0.012584
baseline,Baseline session authorization,120,405,0.000334,0.004,0.0,0.006125,0.011375,0.011375
baseline,Baseline session authorization,120,406,0.000333,0.004,0.0,0.005833,0.011042,0.011042
baseline,Baseline session authorization,120,407,0.000375,0.004083,0.0,0.005875,0.011291,0.011291
baseline,Baseline session authorization,120,408,0.000292,0.00375,0.0,0.005833,0.01075,0.01075
baseline,Baseline session authorization,120,409,0.000458,0.004709,0.0,0.006125,0.012209,0.012209
baseline,Baseline session authorization,120,410,0.000375,0.007709,0.0,0.006208,0.015125,0.015125
baseline,Baseline session authorization,120,411,0.000333,0.005375,0.0,0.006,0.012542,0.012542
baseline,Baseline session authorization,120,412,0.000333,0.003958,0.0,0.005917,0.011,0.011
baseline,Baseline session authorization,120,413,0.000333,0.004041,0.0,0.005917,0.011083,0.011083
baseline,Baseline session authorization,120,414,0.000333,0.004041,0.0,0.020292,0.025709,0.025709
baseline,Baseline session authorization,120,415,0.000334,0.003792,0.0,0.005791,0.010709,0.010709
baseline,Baseline session authorization,120,416,0.000291,0.003833,0.0,0.005833,0.010792,0.010792
baseline,Baseline session authorization,120,417,0.000375,0.004,0.0,0.006083,0.011375,0.011375
baseline,Baseline session authorization,120,418,0.000375,0.004084,0.0,0.005917,0.011167,0.011167
baseline,Baseline session authorization,120,419,0.000375,0.003792,0.0,0.005875,0.010833,0.010833
baseline,Baseline session authorization,120,420,0.000333,0.003958,0.0,0.005875,0.011042,0.011042
baseline,Baseline session authorization,120,421,0.000333,0.004042,0.0,0.005958,0.011292,0.011292
baseline,Baseline session authorization,120,422,0.000375,0.00375,0.0,0.00575,0.010667,0.010667
baseline,Baseline session authorization,120,423,0.000334,0.004041,0.0,0.00625,0.011541,0.011541
baseline,Baseline session authorization,120,424,0.000333,0.003875,0.0,0.005917,0.010917,0.010917
baseline,Baseline session authorization,120,425,0.000375,0.004083,0.0,0.005958,0.011166,0.011166
baseline,Baseline session authorization,120,426,0.000292,0.006,0.0,0.005959,0.013083,0.013083
baseline,Baseline session authorization,120,427,0.000333,0.004,0.0,0.005833,0.011,0.011
baseline,Baseline session authorization,120,428,0.000333,0.004083,0.0,0.006084,0.011334,0.011334
baseline,Baseline session authorization,120,429,0.000334,0.003708,0.0,0.005833,0.010625,0.010625
baseline,Baseline session authorization,120,430,0.000375,0.004,0.0,0.006083,0.011375,0.011375
baseline,Baseline session authorization,120,431,0.000333,0.004083,0.0,0.005959,0.011209,0.011209
baseline,Baseline session authorization,120,432,0.000333,0.003834,0.0,0.005708,0.010708,0.010708
baseline,Baseline session authorization,120,433,0.000334,0.003958,0.0,0.006042,0.01125,0.01125
baseline,Baseline session authorization,120,434,0.000333,0.003708,0.0,0.005708,0.010584,0.010584
baseline,Baseline session authorization,120,435,0.000375,0.004,0.0,0.006166,0.011416,0.011416
baseline,Baseline session authorization,120,436,0.000334,0.004042,0.0,0.005833,0.011,0.011
baseline,Baseline session authorization,120,437,0.000291,0.0055,0.0,0.006041,0.012708,0.012708
baseline,Baseline session authorization,120,438,0.000333,0.004,0.0,0.006083,0.011333,0.011333
baseline,Baseline session authorization,120,439,0.000333,0.003667,0.0,0.00575,0.010583,0.010583
baseline,Baseline session authorization,120,440,0.000334,0.003708,0.0,0.005792,0.010666,0.010666
baseline,Baseline session authorization,120,441,0.000334,0.003916,0.0,0.006209,0.011375,0.011375
baseline,Baseline session authorization,120,442,0.000333,0.003875,0.0,0.005833,0.010833,0.010833
baseline,Baseline session authorization,120,443,0.000334,0.003875,0.0,0.005833,0.010875,0.010875
baseline,Baseline session authorization,120,444,0.000333,0.004042,0.0,0.006125,0.011375,0.011375
baseline,Baseline session authorization,120,445,0.000292,0.003667,0.0,0.00575,0.0105,0.0105
baseline,Baseline session authorization,120,446,0.000375,0.004166,0.0,0.005875,0.011375,0.011375
baseline,Baseline session authorization,120,447,0.000333,0.00375,0.0,0.005791,0.010667,0.010667
baseline,Baseline session authorization,120,448,0.000291,0.003708,0.0,0.005709,0.0105,0.0105
baseline,Baseline session authorization,120,449,0.000458,0.004833,0.0,0.006292,0.012375,0.012375
baseline,Baseline session authorization,120,450,0.000333,0.003709,0.0,0.005792,0.010583,0.010583
baseline,Baseline session authorization,120,451,0.000334,0.003708,0.0,0.005875,0.010791,0.010791
baseline,Baseline session authorization,120,452,0.000333,0.00375,0.0,0.005792,0.01075,0.01075
baseline,Baseline session authorization,120,453,0.000333,0.005667,0.0,0.006208,0.013042,0.013042
baseline,Baseline session authorization,120,454,0.000333,0.003709,0.0,0.005791,0.010666,0.010666
baseline,Baseline session authorization,120,455,0.000292,0.003792,0.0,0.005833,0.01075,0.01075
baseline,Baseline session authorization,120,456,0.000292,0.003792,0.0,0.005833,0.010709,0.010709
baseline,Baseline session authorization,120,457,0.000333,0.003833,0.0,0.005792,0.010792,0.010792
baseline,Baseline session authorization,120,458,0.000375,0.004334,0.0,0.005875,0.011458,0.011458
baseline,Baseline session authorization,120,459,0.001041,0.01275,0.0,0.012083,0.0275,0.0275
baseline,Baseline session authorization,120,460,0.000292,0.003833,0.0,0.005875,0.010875,0.010875
baseline,Baseline session authorization,120,461,0.000292,0.003792,0.0,0.00575,0.010666,0.010666
baseline,Baseline session authorization,120,462,0.000334,0.00375,0.0,0.005792,0.010708,0.010708
baseline,Baseline session authorization,120,463,0.000375,0.003792,0.0,0.005875,0.010833,0.010833
baseline,Baseline session authorization,120,464,0.000333,0.003834,0.0,0.007416,0.012417,0.012417
baseline,Baseline session authorization,120,465,0.000333,0.004,0.0,0.01725,0.022625,0.022625
baseline,Baseline session authorization,120,466,0.000291,0.005,0.0,0.005958,0.012041,0.012041
baseline,Baseline session authorization,120,467,0.000333,0.00375,0.0,0.005834,0.010708,0.010708
baseline,Baseline session authorization,120,468,0.000292,0.00375,0.0,0.005833,0.010709,0.010709
baseline,Baseline session authorization,120,469,0.000292,0.003708,0.0,0.005708,0.0105,0.0105
baseline,Baseline session authorization,120,470,0.000292,0.00375,0.0,0.005875,0.01075,0.01075
baseline,Baseline session authorization,120,471,0.000292,0.003708,0.0,0.005833,0.010583,0.010583
baseline,Baseline session authorization,120,472,0.000833,0.011042,0.0,0.006292,0.019084,0.019084
baseline,Baseline session authorization,120,473,0.000292,0.003792,0.0,0.005792,0.010708,0.010708
baseline,Baseline session authorization,120,474,0.000291,0.00375,0.0,0.005791,0.010708,0.010708
baseline,Baseline session authorization,120,475,0.000333,0.003833,0.0,0.005875,0.010791,0.010791
baseline,Baseline session authorization,120,476,0.000333,0.003791,0.0,0.005875,0.010833,0.010833
baseline,Baseline session authorization,120,477,0.000292,0.003792,0.0,0.005792,0.010709,0.010709
baseline,Baseline session authorization,120,478,0.000292,0.0055,0.0,0.006042,0.012666,0.012666
baseline,Baseline session authorization,120,479,0.000375,0.003875,0.0,0.023708,0.0295,0.0295
baseline,Baseline session authorization,120,480,0.000333,0.003792,0.0,0.005834,0.01075,0.01075
baseline,Baseline session authorization,120,481,0.000292,0.003792,0.0,0.005834,0.010709,0.010709
baseline,Baseline session authorization,120,482,0.000291,0.003791,0.0,0.005834,0.01075,0.01075
baseline,Baseline session authorization,120,483,0.000292,0.003792,0.0,0.005792,0.010667,0.010667
baseline,Baseline session authorization,120,484,0.000292,0.003708,0.0,0.005791,0.010584,0.010584
baseline,Baseline session authorization,120,485,0.000333,0.003875,0.0,0.00575,0.01075,0.01075
baseline,Baseline session authorization,120,486,0.000292,0.00375,0.0,0.005667,0.010625,0.010625
baseline,Baseline session authorization,120,487,0.000333,0.003792,0.0,0.005792,0.010666,0.010666
baseline,Baseline session authorization,120,488,0.000333,0.003958,0.0,0.00575,0.010917,0.010917
baseline,Baseline session authorization,120,489,0.000334,0.00375,0.0,0.005833,0.01075,0.01075
baseline,Baseline session authorization,120,490,0.000333,0.003791,0.0,0.005834,0.010834,0.010834
baseline,Baseline session authorization,120,491,0.000292,0.003792,0.0,0.005833,0.010833,0.010833
baseline,Baseline session authorization,120,492,0.000292,0.00375,0.0,0.005791,0.010666,0.010666
baseline,Baseline session authorization,120,493,0.000333,0.003791,0.0,0.00575,0.010667,0.010667
baseline,Baseline session authorization,120,494,0.000333,0.003792,0.0,0.005708,0.010667,0.010667
baseline,Baseline session authorization,120,495,0.000334,0.003792,0.0,0.005875,0.010792,0.010792
baseline,Baseline session authorization,120,496,0.000333,0.00375,0.0,0.005834,0.010792,0.010792
baseline,Baseline session authorization,120,497,0.000333,0.00375,0.0,0.005875,0.01075,0.01075
baseline,Baseline session authorization,120,498,0.000291,0.003791,0.0,0.005875,0.01075,0.01075
baseline,Baseline session authorization,120,499,0.000333,0.003708,0.0,0.005834,0.010625,0.010625
baseline,Baseline session authorization,120,500,0.000333,0.003833,0.0,0.005792,0.010834,0.010834
baseline,Baseline session authorization,120,501,0.000375,0.003792,0.0,0.005791,0.010791,0.010791
baseline,Baseline session authorization,120,502,0.000291,0.003875,0.0,0.005833,0.010833,0.010833
baseline,Baseline session authorization,120,503,0.000333,0.003875,0.0,0.005792,0.010875,0.010875
baseline,Baseline session authorization,120,504,0.000334,0.003792,0.0,0.005791,0.010791,0.010791
baseline,Baseline session authorization,120,505,0.000333,0.005167,0.0,0.005958,0.012291,0.012291
baseline,Baseline session authorization,120,506,0.000333,0.00525,0.0,0.006083,0.0125,0.0125
baseline,Baseline session authorization,120,507,0.000333,0.00375,0.0,0.00575,0.010667,0.010667
baseline,Baseline session authorization,120,508,0.000292,0.003833,0.0,0.00575,0.01075,0.01075
baseline,Baseline session authorization,120,509,0.000333,0.003833,0.0,0.005834,0.010834,0.010834
baseline,Baseline session authorization,120,510,0.000334,0.003792,0.0,0.005833,0.010792,0.010792
baseline,Baseline session authorization,120,511,0.000375,0.003791,0.0,0.005833,0.010792,0.010792
baseline,Baseline session authorization,120,512,0.000333,0.003792,0.0,0.005791,0.010792,0.010792
baseline,Baseline session authorization,120,513,0.000292,0.003792,0.0,0.005792,0.010708,0.010708
baseline,Baseline session authorization,120,514,0.000292,0.003708,0.0,0.005791,0.010584,0.010584
baseline,Baseline session authorization,120,515,0.000417,0.003875,0.0,0.00575,0.010916,0.010916
baseline,Baseline session authorization,120,516,0.000375,0.004,0.0,0.005833,0.011125,0.011125
baseline,Baseline session authorization,120,517,0.000333,0.00375,0.0,0.005875,0.01075,0.01075
baseline,Baseline session authorization,120,518,0.000333,0.003792,0.0,0.00575,0.010708,0.010708
baseline,Baseline session authorization,120,519,0.000333,0.005583,0.0,0.006167,0.013209,0.013209
baseline,Baseline session authorization,120,520,0.000292,0.003875,0.0,0.005834,0.010792,0.010792
baseline,Baseline session authorization,120,521,0.000291,0.003625,0.0,0.005791,0.010583,0.010583
baseline,Baseline session authorization,120,522,0.000291,0.00375,0.0,0.00575,0.010625,0.010625
baseline,Baseline session authorization,120,523,0.000334,0.003875,0.0,0.00575,0.010709,0.010709
baseline,Baseline session authorization,120,524,0.000333,0.003791,0.0,0.005875,0.010834,0.010834
baseline,Baseline session authorization,120,525,0.000333,0.003833,0.0,0.005875,0.010792,0.010792
baseline,Baseline session authorization,120,526,0.000292,0.003833,0.0,0.00575,0.01075,0.01075
baseline,Baseline session authorization,120,527,0.000333,0.003875,0.0,0.00575,0.010792,0.010792
baseline,Baseline session authorization,120,528,0.000291,0.003708,0.0,0.005833,0.010667,0.010667
baseline,Baseline session authorization,120,529,0.000333,0.00525,0.0,0.006,0.012375,0.012375
baseline,Baseline session authorization,120,530,0.000334,0.00375,0.0,0.015458,0.020542,0.020542
baseline,Baseline session authorization,120,531,0.000333,0.00375,0.0,0.00575,0.010625,0.010625
baseline,Baseline session authorization,120,532,0.000292,0.003708,0.0,0.005875,0.010792,0.010792
baseline,Baseline session authorization,120,533,0.000333,0.003917,0.0,0.005792,0.010875,0.010875
baseline,Baseline session authorization,120,534,0.000292,0.003792,0.0,0.005833,0.010792,0.010792
baseline,Baseline session authorization,120,535,0.000333,0.003875,0.0,0.00575,0.010792,0.010792
baseline,Baseline session authorization,120,536,0.000334,0.003792,0.0,0.005792,0.010709,0.010709
baseline,Baseline session authorization,120,537,0.000291,0.003708,0.0,0.005833,0.010708,0.010708
baseline,Baseline session authorization,120,538,0.000333,0.003917,0.0,0.005792,0.010833,0.010833
baseline,Baseline session authorization,120,539,0.000334,0.003792,0.0,0.00575,0.010708,0.010708
baseline,Baseline session authorization,120,540,0.000292,0.00375,0.0,0.00575,0.010541,0.010541
baseline,Baseline session authorization,120,541,0.000292,0.003875,0.0,0.00575,0.010791,0.010791
baseline,Baseline session authorization,120,542,0.000334,0.00375,0.0,0.005833,0.010709,0.010709
baseline,Baseline session authorization,120,543,0.000291,0.003708,0.0,0.005833,0.010667,0.010667
baseline,Baseline session authorization,120,544,0.000292,0.003792,0.0,0.005792,0.01075,0.01075
baseline,Baseline session authorization,120,545,0.000334,0.00375,0.0,0.00575,0.010666,0.010666
baseline,Baseline session authorization,120,546,0.000291,0.003791,0.0,0.005834,0.010792,0.010792
baseline,Baseline session authorization,120,547,0.000292,0.003708,0.0,0.005792,0.010583,0.010583
baseline,Baseline session authorization,120,548,0.000334,0.003792,0.0,0.00575,0.010708,0.010708
baseline,Baseline session authorization,120,549,0.000291,0.003834,0.0,0.005833,0.010833,0.010833
baseline,Baseline session authorization,120,550,0.000333,0.003791,0.0,0.005792,0.010792,0.010792
baseline,Baseline session authorization,120,551,0.000333,0.003834,0.0,0.005875,0.010875,0.010875
baseline,Baseline session authorization,120,552,0.000334,0.003792,0.0,0.005833,0.010791,0.010791
baseline,Baseline session authorization,120,553,0.000333,0.003875,0.0,0.005792,0.010708,0.010708
baseline,Baseline session authorization,120,554,0.000333,0.003834,0.0,0.00575,0.01075,0.01075
baseline,Baseline session authorization,120,555,0.000334,0.00375,0.0,0.005792,0.010791,0.010791
baseline,Baseline session authorization,120,556,0.000334,0.003792,0.0,0.00575,0.010708,0.010708
baseline,Baseline session authorization,120,557,0.000291,0.003791,0.0,0.005792,0.01075,0.01075
baseline,Baseline session authorization,120,558,0.000375,0.003708,0.0,0.005708,0.010583,0.010583
baseline,Baseline session authorization,120,559,0.000291,0.00375,0.0,0.005875,0.010792,0.010792
baseline,Baseline session authorization,120,560,0.000292,0.003667,0.0,0.005875,0.010708,0.010708
baseline,Baseline session authorization,120,561,0.000334,0.003708,0.0,0.005708,0.010583,0.010583
baseline,Baseline session authorization,120,562,0.000334,0.003791,0.0,0.005875,0.010833,0.010833
baseline,Baseline session authorization,120,563,0.000292,0.003792,0.0,0.00575,0.010625,0.010625
baseline,Baseline session authorization,120,564,0.000334,0.005208,0.0,0.005875,0.012291,0.012291
baseline,Baseline session authorization,120,565,0.000334,0.003791,0.0,0.005875,0.010916,0.010916
baseline,Baseline session authorization,120,566,0.000333,0.003833,0.0,0.005709,0.010709,0.010709
baseline,Baseline session authorization,120,567,0.000291,0.003791,0.0,0.005833,0.010708,0.010708
baseline,Baseline session authorization,120,568,0.000292,0.0055,0.0,0.005875,0.0125,0.0125
baseline,Baseline session authorization,120,569,0.000375,0.003833,0.0,0.005708,0.010709,0.010709
baseline,Baseline session authorization,120,570,0.000333,0.003791,0.0,0.00575,0.010667,0.010667
baseline,Baseline session authorization,120,571,0.000333,0.003792,0.0,0.005708,0.010667,0.010667
baseline,Baseline session authorization,120,572,0.000333,0.00375,0.0,0.005791,0.010709,0.010709
baseline,Baseline session authorization,120,573,0.000291,0.003833,0.0,0.005792,0.01075,0.01075
baseline,Baseline session authorization,120,574,0.000375,0.005333,0.0,0.005875,0.012417,0.012417
baseline,Baseline session authorization,120,575,0.000375,0.00425,0.0,0.005792,0.011292,0.011292
baseline,Baseline session authorization,120,576,0.000333,0.003833,0.0,0.005834,0.010792,0.010792
baseline,Baseline session authorization,120,577,0.000333,0.00375,0.0,0.00575,0.010709,0.010709
baseline,Baseline session authorization,120,578,0.000333,0.00375,0.0,0.005791,0.010667,0.010667
baseline,Baseline session authorization,120,579,0.000292,0.003875,0.0,0.00575,0.010791,0.010791
baseline,Baseline session authorization,120,580,0.000333,0.003834,0.0,0.00575,0.01075,0.01075
baseline,Baseline session authorization,120,581,0.000333,0.005041,0.0,0.005959,0.012125,0.012125
baseline,Baseline session authorization,120,582,0.000333,0.003791,0.0,0.005667,0.010667,0.010667
baseline,Baseline session authorization,120,583,0.000291,0.005209,0.0,0.016916,0.023375,0.023375
baseline,Baseline session authorization,120,584,0.000291,0.00375,0.0,0.005875,0.01075,0.01075
baseline,Baseline session authorization,120,585,0.000292,0.003833,0.0,0.00575,0.01075,0.01075
baseline,Baseline session authorization,120,586,0.000333,0.00375,0.0,0.005708,0.010667,0.010667
baseline,Baseline session authorization,120,587,0.000333,0.003791,0.0,0.005709,0.010709,0.010709
baseline,Baseline session authorization,120,588,0.000292,0.003875,0.0,0.005875,0.010875,0.010875
baseline,Baseline session authorization,120,589,0.000334,0.003833,0.0,0.00575,0.010709,0.010709
baseline,Baseline session authorization,120,590,0.000291,0.00375,0.0,0.005833,0.01075,0.01075
baseline,Baseline session authorization,120,591,0.000334,0.003875,0.0,0.005792,0.010792,0.010792
baseline,Baseline session authorization,120,592,0.000333,0.003792,0.0,0.006375,0.011334,0.011334
baseline,Baseline session authorization,120,593,0.001,0.013042,0.0,0.009958,0.025458,0.025458
baseline,Baseline session authorization,120,594,0.000375,0.004,0.0,0.006041,0.011209,0.011209
baseline,Baseline session authorization,120,595,0.00125,0.009625,0.0,0.010417,0.023084,0.023084
baseline,Baseline session authorization,120,596,0.000291,0.003958,0.0,0.006,0.011083,0.011083
baseline,Baseline session authorization,120,597,0.000333,0.003917,0.0,0.006125,0.011166,0.011166
baseline,Baseline session authorization,120,598,0.000333,0.003875,0.0,0.005833,0.010875,0.010875
baseline,Baseline session authorization,120,599,0.001375,0.013792,0.0,0.012917,0.029917,0.029917
baseline,Baseline session authorization,120,600,0.000334,0.004,0.0,0.006125,0.011333,0.011333
baseline,Baseline session authorization,120,601,0.000375,0.004583,0.0,0.00625,0.012125,0.012125
baseline,Baseline session authorization,120,602,0.000334,0.003958,0.0,0.006125,0.011291,0.011291
baseline,Baseline session authorization,120,603,0.000333,0.004,0.0,0.006417,0.011625,0.011625
baseline,Baseline session authorization,120,604,0.000334,0.004042,0.0,0.006166,0.011375,0.011375
baseline,Baseline session authorization,120,605,0.00125,0.012584,0.0,0.0105,0.026083,0.026083
baseline,Baseline session authorization,120,606,0.000333,0.004042,0.0,0.00625,0.011542,0.011542
baseline,Baseline session authorization,120,607,0.000292,0.00375,0.0,0.005792,0.010666,0.010666
baseline,Baseline session authorization,120,608,0.000333,0.004,0.0,0.005917,0.011083,0.011083
baseline,Baseline session authorization,120,609,0.000333,0.004375,0.0,0.006042,0.011667,0.011667
baseline,Baseline session authorization,120,610,0.000291,0.003708,0.0,0.00575,0.010583,0.010583
baseline,Baseline session authorization,120,611,0.000334,0.003833,0.0,0.005916,0.010875,0.010875
baseline,Baseline session authorization,120,612,0.000334,0.003833,0.0,0.005916,0.010916,0.010916
baseline,Baseline session authorization,120,613,0.000292,0.003709,0.0,0.005916,0.01075,0.01075
baseline,Baseline session authorization,120,614,0.001,0.008125,0.0,0.008833,0.019208,0.019208
baseline,Baseline session authorization,120,615,0.000333,0.003708,0.0,0.005833,0.010667,0.010667
baseline,Baseline session authorization,120,616,0.000333,0.003916,0.0,0.006167,0.01125,0.01125
baseline,Baseline session authorization,120,617,0.000333,0.003875,0.0,0.006042,0.011167,0.011167
baseline,Baseline session authorization,120,618,0.000292,0.003917,0.0,0.005792,0.010791,0.010791
baseline,Baseline session authorization,120,619,0.000333,0.005458,0.0,0.006125,0.012875,0.012875
baseline,Baseline session authorization,120,620,0.000334,0.004,0.0,0.006125,0.011291,0.011291
baseline,Baseline session authorization,120,621,0.000375,0.004584,0.0,0.006375,0.012167,0.012167
baseline,Baseline session authorization,120,622,0.000333,0.003834,0.0,0.005875,0.010791,0.010791
baseline,Baseline session authorization,120,623,0.000292,0.004,0.0,0.006333,0.0115,0.0115
baseline,Baseline session authorization,120,624,0.001167,0.018166,0.0,0.01475,0.035959,0.035959
baseline,Baseline session authorization,120,625,0.000333,0.00375,0.0,0.005792,0.010667,0.010667
baseline,Baseline session authorization,120,626,0.000375,0.004208,0.0,0.005875,0.011417,0.011417
baseline,Baseline session authorization,120,627,0.000375,0.004041,0.0,0.006209,0.011458,0.011458
baseline,Baseline session authorization,120,628,0.000292,0.003709,0.0,0.00575,0.010583,0.010583
baseline,Baseline session authorization,120,629,0.000333,0.004,0.0,0.006167,0.011375,0.011375
baseline,Baseline session authorization,120,630,0.000333,0.003958,0.0,0.005708,0.01075,0.01075
baseline,Baseline session authorization,120,631,0.000334,0.005083,0.0,0.00625,0.012541,0.012541
baseline,Baseline session authorization,120,632,0.000333,0.003917,0.0,0.006083,0.011208,0.011208
baseline,Baseline session authorization,120,633,0.000334,0.003792,0.0,0.005792,0.010709,0.010709
baseline,Baseline session authorization,120,634,0.000333,0.003917,0.0,0.005959,0.011042,0.011042
baseline,Baseline session authorization,120,635,0.000333,0.0055,0.0,0.006292,0.013,0.013
baseline,Baseline session authorization,120,636,0.000292,0.003875,0.0,0.005958,0.011041,0.011041
baseline,Baseline session authorization,120,637,0.000375,0.003875,0.0,0.006125,0.011166,0.011166
baseline,Baseline session authorization,120,638,0.000291,0.003708,0.0,0.005708,0.010542,0.010542
baseline,Baseline session authorization,120,639,0.000334,0.004,0.0,0.006083,0.01125,0.01125
baseline,Baseline session authorization,120,640,0.001333,0.014708,0.0,0.012708,0.030541,0.030541
baseline,Baseline session authorization,120,641,0.000334,0.005042,0.0,0.005916,0.012125,0.012125
baseline,Baseline session authorization,120,642,0.000334,0.003917,0.0,0.005916,0.011042,0.011042
baseline,Baseline session authorization,120,643,0.000333,0.003917,0.0,0.006167,0.01125,0.01125
baseline,Baseline session authorization,120,644,0.000333,0.00375,0.0,0.00575,0.010625,0.010625
baseline,Baseline session authorization,120,645,0.000333,0.004042,0.0,0.006167,0.011375,0.011375
baseline,Baseline session authorization,120,646,0.000334,0.003708,0.0,0.005792,0.010667,0.010667
baseline,Baseline session authorization,120,647,0.000334,0.004,0.0,0.006209,0.011375,0.011375
baseline,Baseline session authorization,120,648,0.000333,0.003916,0.0,0.006166,0.01125,0.01125
baseline,Baseline session authorization,120,649,0.000292,0.003792,0.0,0.005792,0.010667,0.010667
baseline,Baseline session authorization,120,650,0.000334,0.005333,0.0,0.006125,0.012666,0.012666
baseline,Baseline session authorization,120,651,0.000334,0.004083,0.0,0.00625,0.011459,0.011459
baseline,Baseline session authorization,120,652,0.000375,0.003958,0.0,0.005833,0.011,0.011
baseline,Baseline session authorization,120,653,0.000333,0.004,0.0,0.006208,0.011292,0.011292
baseline,Baseline session authorization,120,654,0.000292,0.003833,0.0,0.005833,0.010792,0.010792
baseline,Baseline session authorization,120,655,0.000291,0.003959,0.0,0.00625,0.011333,0.011333
baseline,Baseline session authorization,120,656,0.000458,0.006708,0.0,0.006875,0.015042,0.015042
baseline,Baseline session authorization,120,657,0.000292,0.003833,0.0,0.005834,0.010792,0.010792
baseline,Baseline session authorization,120,658,0.000334,0.003917,0.0,0.005833,0.010958,0.010958
baseline,Baseline session authorization,120,659,0.000334,0.004,0.0,0.006125,0.011291,0.011291
baseline,Baseline session authorization,120,660,0.000292,0.003792,0.0,0.005958,0.010875,0.010875
baseline,Baseline session authorization,120,661,0.000333,0.004041,0.0,0.006125,0.011292,0.011292
baseline,Baseline session authorization,120,662,0.000291,0.005375,0.0,0.005958,0.012458,0.012458
baseline,Baseline session authorization,120,663,0.000292,0.004083,0.0,0.006084,0.011334,0.011334
baseline,Baseline session authorization,120,664,0.000333,0.003833,0.0,0.00575,0.010625,0.010625
baseline,Baseline session authorization,120,665,0.000333,0.003833,0.0,0.005875,0.010875,0.010875
baseline,Baseline session authorization,120,666,0.000334,0.00375,0.0,0.005917,0.010875,0.010875
baseline,Baseline session authorization,120,667,0.000333,0.003834,0.0,0.005958,0.010875,0.010875
baseline,Baseline session authorization,120,668,0.000334,0.003792,0.0,0.00575,0.010625,0.010625
baseline,Baseline session authorization,120,669,0.000334,0.003792,0.0,0.00575,0.010666,0.010666
baseline,Baseline session authorization,120,670,0.000333,0.003833,0.0,0.005834,0.010792,0.010792
baseline,Baseline session authorization,120,671,0.000375,0.004042,0.0,0.006167,0.011459,0.011459
baseline,Baseline session authorization,120,672,0.000292,0.003791,0.0,0.00575,0.010667,0.010667
baseline,Baseline session authorization,120,673,0.000333,0.003709,0.0,0.005791,0.010666,0.010666
baseline,Baseline session authorization,120,674,0.000333,0.004,0.0,0.006625,0.011834,0.011834
baseline,Baseline session authorization,120,675,0.000417,0.004709,0.0,0.006458,0.012416,0.012416
baseline,Baseline session authorization,120,676,0.000292,0.003834,0.0,0.005792,0.010667,0.010667
baseline,Baseline session authorization,120,677,0.000333,0.004125,0.0,0.006625,0.011959,0.011959
baseline,Baseline session authorization,120,678,0.000333,0.003916,0.0,0.005875,0.010917,0.010917
baseline,Baseline session authorization,120,679,0.001333,0.011208,0.0,0.010833,0.025209,0.025209
baseline,Baseline session authorization,120,680,0.000375,0.003917,0.0,0.00575,0.010875,0.010875
baseline,Baseline session authorization,120,681,0.000291,0.003791,0.0,0.005792,0.010708,0.010708
baseline,Baseline session authorization,120,682,0.000458,0.004583,0.0,0.007,0.013084,0.013084
baseline,Baseline session authorization,120,683,0.000334,0.004041,0.0,0.006209,0.011458,0.011458
baseline,Baseline session authorization,120,684,0.000333,0.003708,0.0,0.005792,0.010583,0.010583
baseline,Baseline session authorization,120,685,0.000334,0.004333,0.0,0.006167,0.011708,0.011708
baseline,Baseline session authorization,120,686,0.000292,0.003834,0.0,0.005833,0.010791,0.010791
baseline,Baseline session authorization,120,687,0.000334,0.003958,0.0,0.006167,0.011291,0.011291
baseline,Baseline session authorization,120,688,0.000292,0.003708,0.0,0.005667,0.010583,0.010583
baseline,Baseline session authorization,120,689,0.000333,0.005167,0.0,0.006,0.012291,0.012291
baseline,Baseline session authorization,120,690,0.000333,0.004,0.0,0.006125,0.011333,0.011333
baseline,Baseline session authorization,120,691,0.000333,0.004083,0.0,0.006167,0.011417,0.011417
baseline,Baseline session authorization,120,692,0.000291,0.00375,0.0,0.005791,0.010667,0.010667
baseline,Baseline session authorization,120,693,0.000292,0.004209,0.0,0.006333,0.011708,0.011708
baseline,Baseline session authorization,120,694,0.000333,0.003833,0.0,0.005875,0.010834,0.010834
baseline,Baseline session authorization,120,695,0.000333,0.003792,0.0,0.005875,0.010791,0.010791
baseline,Baseline session authorization,120,696,0.000333,0.004,0.0,0.006166,0.011292,0.011292
baseline,Baseline session authorization,120,697,0.000292,0.003708,0.0,0.005792,0.010667,0.010667
baseline,Baseline session authorization,120,698,0.000291,0.004042,0.0,0.006459,0.011667,0.011667
baseline,Baseline session authorization,120,699,0.000375,0.004084,0.0,0.006166,0.011458,0.011458
baseline,Baseline session authorization,120,700,0.000292,0.00375,0.0,0.005792,0.010666,0.010666
baseline,Baseline session authorization,120,701,0.000334,0.005917,0.0,0.006708,0.013833,0.013833
baseline,Baseline session authorization,120,702,0.000333,0.003875,0.0,0.005917,0.010917,0.010917
baseline,Baseline session authorization,120,703,0.000375,0.004,0.0,0.006125,0.011291,0.011291
baseline,Baseline session authorization,120,704,0.000333,0.003791,0.0,0.005833,0.01075,0.01075
baseline,Baseline session authorization,120,705,0.000291,0.003791,0.0,0.005791,0.010667,0.010667
baseline,Baseline session authorization,120,706,0.000334,0.004,0.0,0.006125,0.011333,0.011333
baseline,Baseline session authorization,120,707,0.000375,0.004042,0.0,0.006167,0.011459,0.011459
baseline,Baseline session authorization,120,708,0.000334,0.004,0.0,0.006125,0.01125,0.01125
baseline,Baseline session authorization,120,709,0.000333,0.00375,0.0,0.005791,0.010709,0.010709
baseline,Baseline session authorization,120,710,0.000334,0.004,0.0,0.006208,0.011416,0.011416
baseline,Baseline session authorization,120,711,0.000375,0.004584,0.0,0.006416,0.012292,0.012292
baseline,Baseline session authorization,120,712,0.000334,0.004083,0.0,0.00625,0.011583,0.011583
baseline,Baseline session authorization,120,713,0.000334,0.003917,0.0,0.006166,0.011291,0.011291
baseline,Baseline session authorization,120,714,0.000375,0.004042,0.0,0.00625,0.011583,0.011583
baseline,Baseline session authorization,120,715,0.000333,0.005583,0.0,0.006208,0.013,0.013
baseline,Baseline session authorization,120,716,0.000334,0.003791,0.0,0.005833,0.010833,0.010833
baseline,Baseline session authorization,120,717,0.000333,0.003791,0.0,0.005875,0.010792,0.010792
baseline,Baseline session authorization,120,718,0.000292,0.003792,0.0,0.006375,0.01125,0.01125
baseline,Baseline session authorization,120,719,0.000416,0.004208,0.0,0.005959,0.011375,0.011375
baseline,Baseline session authorization,120,720,0.000333,0.003791,0.0,0.005834,0.010792,0.010792
baseline,Baseline session authorization,120,721,0.000333,0.003791,0.0,0.005792,0.010708,0.010708
baseline,Baseline session authorization,120,722,0.000291,0.005958,0.0,0.006125,0.013167,0.013167
baseline,Baseline session authorization,120,723,0.000416,0.004584,0.0,0.006292,0.01225,0.01225
baseline,Baseline session authorization,120,724,0.000291,0.003709,0.0,0.005833,0.010708,0.010708
baseline,Baseline session authorization,120,725,0.000333,0.004042,0.0,0.006083,0.011333,0.011333
baseline,Baseline session authorization,120,726,0.000375,0.00425,0.0,0.006166,0.011708,0.011708
baseline,Baseline session authorization,120,727,0.000334,0.00375,0.0,0.005792,0.010708,0.010708
baseline,Baseline session authorization,120,728,0.000333,0.004,0.0,0.006084,0.011292,0.011292
baseline,Baseline session authorization,120,729,0.000333,0.003791,0.0,0.005834,0.010792,0.010792
baseline,Baseline session authorization,120,730,0.000334,0.004083,0.0,0.00625,0.0115,0.0115
baseline,Baseline session authorization,120,731,0.000334,0.004,0.0,0.006209,0.011459,0.011459
baseline,Baseline session authorization,120,732,0.000375,0.003958,0.0,0.006125,0.011208,0.011208
baseline,Baseline session authorization,120,733,0.000333,0.003834,0.0,0.005792,0.010791,0.010791
baseline,Baseline session authorization,120,734,0.000334,0.003917,0.0,0.006166,0.01125,0.01125
baseline,Baseline session authorization,120,735,0.000292,0.003792,0.0,0.00575,0.010667,0.010667
baseline,Baseline session authorization,120,736,0.000334,0.003916,0.0,0.006042,0.011125,0.011125
baseline,Baseline session authorization,120,737,0.000375,0.004042,0.0,0.006083,0.011291,0.011291
baseline,Baseline session authorization,120,738,0.000334,0.007417,0.0,0.006416,0.015041,0.015041
baseline,Baseline session authorization,120,739,0.000334,0.003875,0.0,0.005875,0.010875,0.010875
baseline,Baseline session authorization,120,740,0.000375,0.003958,0.0,0.006042,0.01125,0.01125
baseline,Baseline session authorization,120,741,0.000334,0.004,0.0,0.006125,0.011333,0.011333
baseline,Baseline session authorization,120,742,0.000291,0.003833,0.0,0.005875,0.010792,0.010792
baseline,Baseline session authorization,120,743,0.000333,0.00375,0.0,0.005667,0.010625,0.010625
baseline,Baseline session authorization,120,744,0.000333,0.004083,0.0,0.006125,0.011417,0.011417
baseline,Baseline session authorization,120,745,0.00125,0.014042,0.0,0.012125,0.028958,0.028958
baseline,Baseline session authorization,120,746,0.000333,0.003791,0.0,0.00575,0.010708,0.010708
baseline,Baseline session authorization,120,747,0.000333,0.004083,0.0,0.006208,0.0115,0.0115
baseline,Baseline session authorization,120,748,0.000333,0.004084,0.0,0.006333,0.011666,0.011666
baseline,Baseline session authorization,120,749,0.000333,0.003834,0.0,0.005958,0.010958,0.010958
baseline,Baseline session authorization,120,750,0.000333,0.004,0.0,0.006083,0.01125,0.01125
baseline,Baseline session authorization,120,751,0.000334,0.003792,0.0,0.005834,0.010708,0.010708
baseline,Baseline session authorization,120,752,0.000333,0.004041,0.0,0.006166,0.011292,0.011292
baseline,Baseline session authorization,120,753,0.000417,0.004375,0.0,0.006417,0.012208,0.012208
baseline,Baseline session authorization,120,754,0.000333,0.003959,0.0,0.006208,0.011417,0.011417
baseline,Baseline session authorization,120,755,0.000333,0.003833,0.0,0.005833,0.010833,0.010833
baseline,Baseline session authorization,120,756,0.000333,0.004167,0.0,0.00625,0.011667,0.011667
baseline,Baseline session authorization,120,757,0.000292,0.004083,0.0,0.006167,0.011375,0.011375
baseline,Baseline session authorization,120,758,0.000334,0.003917,0.0,0.005875,0.010958,0.010958
baseline,Baseline session authorization,120,759,0.0005,0.006459,0.0,0.006709,0.014625,0.014625
baseline,Baseline session authorization,120,760,0.001041,0.012125,0.0,0.01125,0.025959,0.025959
baseline,Baseline session authorization,120,761,0.000375,0.003792,0.0,0.005917,0.010875,0.010875
baseline,Baseline session authorization,120,762,0.000375,0.004041,0.0,0.006083,0.011292,0.011292
baseline,Baseline session authorization,120,763,0.000334,0.003833,0.0,0.005875,0.010875,0.010875
baseline,Baseline session authorization,120,764,0.000333,0.004,0.0,0.006208,0.011417,0.011417
baseline,Baseline session authorization,120,765,0.000333,0.003916,0.0,0.005917,0.011042,0.011042
baseline,Baseline session authorization,120,766,0.000333,0.004042,0.0,0.006125,0.011417,0.011417
baseline,Baseline session authorization,120,767,0.000334,0.003833,0.0,0.005959,0.010958,0.010958
baseline,Baseline session authorization,120,768,0.000292,0.004083,0.0,0.006125,0.011375,0.011375
baseline,Baseline session authorization,120,769,0.000291,0.003833,0.0,0.005833,0.010792,0.010792
baseline,Baseline session authorization,120,770,0.000333,0.004125,0.0,0.006292,0.011625,0.011625
baseline,Baseline session authorization,120,771,0.000375,0.003709,0.0,0.005916,0.010834,0.010834
baseline,Baseline session authorization,120,772,0.000333,0.005833,0.0,0.006083,0.013042,0.013042
baseline,Baseline session authorization,120,773,0.000333,0.003917,0.0,0.005917,0.010916,0.010916
baseline,Baseline session authorization,120,774,0.000333,0.003792,0.0,0.005917,0.010833,0.010833
baseline,Baseline session authorization,120,775,0.000333,0.006791,0.0,0.006042,0.014,0.014
baseline,Baseline session authorization,120,776,0.000334,0.003833,0.0,0.005792,0.010833,0.010833
baseline,Baseline session authorization,120,777,0.000375,0.004208,0.0,0.006333,0.012167,0.012167
baseline,Baseline session authorization,120,778,0.000333,0.00375,0.0,0.00575,0.010625,0.010625
baseline,Baseline session authorization,120,779,0.000375,0.004084,0.0,0.006166,0.0115,0.0115
baseline,Baseline session authorization,120,780,0.000333,0.003708,0.0,0.005875,0.010708,0.010708
baseline,Baseline session authorization,120,781,0.000417,0.004833,0.0,0.00625,0.0125,0.0125
baseline,Baseline session authorization,120,782,0.000334,0.00375,0.0,0.00575,0.010583,0.010583
baseline,Baseline session authorization,120,783,0.000334,0.004041,0.0,0.006125,0.011375,0.011375
baseline,Baseline session authorization,120,784,0.000416,0.004209,0.0,0.006292,0.011917,0.011917
baseline,Baseline session authorization,120,785,0.000333,0.003875,0.0,0.005834,0.010917,0.010917
baseline,Baseline session authorization,120,786,0.000333,0.003958,0.0,0.006083,0.011209,0.011209
baseline,Baseline session authorization,120,787,0.000333,0.003833,0.0,0.005791,0.010709,0.010709
baseline,Baseline session authorization,120,788,0.000333,0.005542,0.0,0.006375,0.013125,0.013125
baseline,Baseline session authorization,120,789,0.000333,0.003834,0.0,0.005833,0.010792,0.010792
baseline,Baseline session authorization,120,790,0.000333,0.004,0.0,0.006209,0.011459,0.011459
baseline,Baseline session authorization,120,791,0.000375,0.004333,0.0,0.006417,0.012042,0.012042
baseline,Baseline session authorization,120,792,0.000292,0.003709,0.0,0.005791,0.010708,0.010708
baseline,Baseline session authorization,120,793,0.000334,0.004083,0.0,0.006292,0.011625,0.011625
baseline,Baseline session authorization,120,794,0.000291,0.005625,0.0,0.006,0.012792,0.012792
baseline,Baseline session authorization,120,795,0.000334,0.005833,0.0,0.006375,0.013583,0.013583
baseline,Baseline session authorization,120,796,0.000333,0.003875,0.0,0.005792,0.010875,0.010875
baseline,Baseline session authorization,120,797,0.000334,0.003833,0.0,0.005791,0.01075,0.01075
baseline,Baseline session authorization,120,798,0.000334,0.005542,0.0,0.006333,0.013083,0.013083
baseline,Baseline session authorization,120,799,0.000333,0.004,0.0,0.00625,0.011417,0.011417
baseline,Baseline session authorization,120,800,0.000292,0.005417,0.0,0.005958,0.012541,0.012541
baseline,Baseline session authorization,120,801,0.000334,0.004083,0.0,0.006167,0.0115,0.0115
baseline,Baseline session authorization,120,802,0.000334,0.00375,0.0,0.005833,0.010709,0.010709
baseline,Baseline session authorization,120,803,0.000334,0.004,0.0,0.006083,0.01125,0.01125
baseline,Baseline session authorization,120,804,0.000333,0.00375,0.0,0.005833,0.01075,0.01075
baseline,Baseline session authorization,120,805,0.000333,0.003834,0.0,0.005792,0.010708,0.010708
baseline,Baseline session authorization,120,806,0.000458,0.004083,0.0,0.006167,0.011584,0.011584
baseline,Baseline session authorization,120,807,0.000333,0.003791,0.0,0.005834,0.010792,0.010792
baseline,Baseline session authorization,120,808,0.000333,0.004292,0.0,0.006208,0.011708,0.011708
baseline,Baseline session authorization,120,809,0.000334,0.003792,0.0,0.005875,0.010833,0.010833
baseline,Baseline session authorization,120,810,0.000375,0.004,0.0,0.006166,0.011417,0.011417
baseline,Baseline session authorization,120,811,0.000333,0.003834,0.0,0.005833,0.010833,0.010833
baseline,Baseline session authorization,120,812,0.000333,0.003958,0.0,0.006208,0.011375,0.011375
baseline,Baseline session authorization,120,813,0.000291,0.00375,0.0,0.005875,0.01075,0.01075
baseline,Baseline session authorization,120,814,0.000333,0.004167,0.0,0.00625,0.011583,0.011583
baseline,Baseline session authorization,120,815,0.000333,0.004166,0.0,0.006459,0.011834,0.011834
baseline,Baseline session authorization,120,816,0.000334,0.003792,0.0,0.005916,0.010875,0.010875
baseline,Baseline session authorization,120,817,0.000375,0.003708,0.0,0.005792,0.010667,0.010667
baseline,Baseline session authorization,120,818,0.000333,0.004167,0.0,0.006208,0.011625,0.011625
baseline,Baseline session authorization,120,819,0.000333,0.003917,0.0,0.005875,0.010958,0.010958
baseline,Baseline session authorization,120,820,0.000333,0.005167,0.0,0.005958,0.012292,0.012292
baseline,Baseline session authorization,120,821,0.000333,0.004042,0.0,0.006208,0.011458,0.011458
baseline,Baseline session authorization,120,822,0.000292,0.003792,0.0,0.005833,0.01075,0.01075
baseline,Baseline session authorization,120,823,0.000333,0.003667,0.0,0.005834,0.010583,0.010583
baseline,Baseline session authorization,120,824,0.000375,0.00525,0.0,0.006334,0.012875,0.012875
baseline,Baseline session authorization,120,825,0.000375,0.004042,0.0,0.00625,0.011458,0.011458
baseline,Baseline session authorization,120,826,0.000334,0.003833,0.0,0.00575,0.010709,0.010709
baseline,Baseline session authorization,120,827,0.000375,0.004,0.0,0.006167,0.011417,0.011417
baseline,Baseline session authorization,120,828,0.000292,0.00375,0.0,0.005791,0.010625,0.010625
baseline,Baseline session authorization,120,829,0.000375,0.005584,0.0,0.006333,0.013208,0.013208
baseline,Baseline session authorization,120,830,0.000375,0.003958,0.0,0.006042,0.011208,0.011208
baseline,Baseline session authorization,120,831,0.000292,0.003834,0.0,0.005833,0.010791,0.010791
baseline,Baseline session authorization,120,832,0.000334,0.003708,0.0,0.005834,0.010708,0.010708
baseline,Baseline session authorization,120,833,0.000375,0.004042,0.0,0.006167,0.011459,0.011459
baseline,Baseline session authorization,120,834,0.000334,0.003958,0.0,0.006208,0.011416,0.011416
baseline,Baseline session authorization,120,835,0.000417,0.0045,0.0,0.005875,0.011667,0.011667
baseline,Baseline session authorization,120,836,0.000334,0.005875,0.0,0.006333,0.013416,0.013416
baseline,Baseline session authorization,120,837,0.000375,0.004083,0.0,0.006208,0.011542,0.011542
baseline,Baseline session authorization,120,838,0.000291,0.003708,0.0,0.020542,0.025542,0.025542
baseline,Baseline session authorization,120,839,0.000333,0.003708,0.0,0.005792,0.010625,0.010625
baseline,Baseline session authorization,120,840,0.000375,0.003958,0.0,0.006083,0.011292,0.011292
baseline,Baseline session authorization,120,841,0.000333,0.004042,0.0,0.00625,0.0115,0.0115
baseline,Baseline session authorization,120,842,0.000291,0.00375,0.0,0.005792,0.01075,0.01075
baseline,Baseline session authorization,120,843,0.000334,0.00375,0.0,0.005708,0.010584,0.010584
baseline,Baseline session authorization,120,844,0.000334,0.004125,0.0,0.006167,0.011458,0.011458
baseline,Baseline session authorization,120,845,0.000292,0.00375,0.0,0.005833,0.010666,0.010666
baseline,Baseline session authorization,120,846,0.000375,0.00425,0.0,0.006208,0.011708,0.011708
baseline,Baseline session authorization,120,847,0.000292,0.003792,0.0,0.005792,0.010667,0.010667
baseline,Baseline session authorization,120,848,0.000333,0.004,0.0,0.006084,0.011334,0.011334
baseline,Baseline session authorization,120,849,0.000292,0.003708,0.0,0.005791,0.010584,0.010584
baseline,Baseline session authorization,120,850,0.000333,0.004042,0.0,0.006167,0.011375,0.011375
baseline,Baseline session authorization,120,851,0.000334,0.003834,0.0,0.005833,0.010958,0.010958
baseline,Baseline session authorization,120,852,0.000292,0.003792,0.0,0.005875,0.01075,0.01075
baseline,Baseline session authorization,120,853,0.000375,0.004,0.0,0.006125,0.011334,0.011334
baseline,Baseline session authorization,120,854,0.000334,0.00375,0.0,0.005792,0.010667,0.010667
baseline,Baseline session authorization,120,855,0.000334,0.004125,0.0,0.006125,0.011458,0.011458
baseline,Baseline session authorization,120,856,0.000334,0.003708,0.0,0.005792,0.010625,0.010625
baseline,Baseline session authorization,120,857,0.000334,0.004041,0.0,0.006209,0.0115,0.0115
baseline,Baseline session authorization,120,858,0.000333,0.005,0.0,0.005917,0.012041,0.012041
baseline,Baseline session authorization,120,859,0.000375,0.003958,0.0,0.00625,0.011416,0.011416
baseline,Baseline session authorization,120,860,0.000333,0.003791,0.0,0.005833,0.01075,0.01075
baseline,Baseline session authorization,120,861,0.000333,0.004041,0.0,0.006125,0.011334,0.011334
baseline,Baseline session authorization,120,862,0.000292,0.00375,0.0,0.00575,0.010666,0.010666
baseline,Baseline session authorization,120,863,0.000292,0.003708,0.0,0.005792,0.010625,0.010625
baseline,Baseline session authorization,120,864,0.000334,0.00375,0.0,0.005792,0.010708,0.010708
baseline,Baseline session authorization,120,865,0.000416,0.004709,0.0,0.006125,0.012167,0.012167
baseline,Baseline session authorization,120,866,0.000334,0.00375,0.0,0.00575,0.010625,0.010625
baseline,Baseline session authorization,120,867,0.000292,0.00375,0.0,0.005875,0.01075,0.01075
baseline,Baseline session authorization,120,868,0.000333,0.004,0.0,0.006041,0.01125,0.01125
baseline,Baseline session authorization,120,869,0.000333,0.004208,0.0,0.00625,0.011708,0.011708
baseline,Baseline session authorization,120,870,0.000291,0.003708,0.0,0.005833,0.010708,0.010708
baseline,Baseline session authorization,120,871,0.000375,0.003958,0.0,0.006083,0.01125,0.01125
baseline,Baseline session authorization,120,872,0.000291,0.005375,0.0,0.005875,0.012375,0.012375
baseline,Baseline session authorization,120,873,0.000333,0.004083,0.0,0.006084,0.011334,0.011334
baseline,Baseline session authorization,120,874,0.000375,0.004125,0.0,0.006084,0.011458,0.011458
baseline,Baseline session authorization,120,875,0.000292,0.003833,0.0,0.005833,0.010791,0.010791
baseline,Baseline session authorization,120,876,0.000333,0.003959,0.0,0.006166,0.011334,0.011334
baseline,Baseline session authorization,120,877,0.000334,0.00375,0.0,0.00575,0.010584,0.010584
baseline,Baseline session authorization,120,878,0.000333,0.003833,0.0,0.005875,0.010792,0.010792
baseline,Baseline session authorization,120,879,0.000375,0.004,0.0,0.006167,0.011375,0.011375
baseline,Baseline session authorization,120,880,0.000334,0.003917,0.0,0.006042,0.011083,0.011083
baseline,Baseline session authorization,120,881,0.000375,0.004,0.0,0.006209,0.011417,0.011417
baseline,Baseline session authorization,120,882,0.000333,0.00375,0.0,0.005917,0.01075,0.01075
baseline,Baseline session authorization,120,883,0.000333,0.004125,0.0,0.006083,0.011333,0.011333
baseline,Baseline session authorization,120,884,0.000334,0.005625,0.0,0.006041,0.012834,0.012834
baseline,Baseline session authorization,120,885,0.000334,0.003708,0.0,0.00575,0.010625,0.010625
baseline,Baseline session authorization,120,886,0.001,0.014875,0.0,0.010584,0.028041,0.028041
baseline,Baseline session authorization,120,887,0.001,0.012667,0.0,0.011417,0.026625,0.026625
baseline,Baseline session authorization,120,888,0.000917,0.008459,0.0,0.009334,0.020166,0.020166
baseline,Baseline session authorization,120,889,0.000875,0.013833,0.0,0.009875,0.025958,0.025958
baseline,Baseline session authorization,120,890,0.000292,0.003709,0.0,0.00575,0.010584,0.010584
baseline,Baseline session authorization,120,891,0.000334,0.004208,0.0,0.005916,0.01125,0.01125
baseline,Baseline session authorization,120,892,0.000375,0.004041,0.0,0.005917,0.011167,0.011167
baseline,Baseline session authorization,120,893,0.000333,0.004,0.0,0.005958,0.011083,0.011083
baseline,Baseline session authorization,120,894,0.0015,0.021084,0.0,0.016333,0.040917,0.040917
baseline,Baseline session authorization,120,895,0.000334,0.003792,0.0,0.005708,0.010625,0.010625
baseline,Baseline session authorization,120,896,0.000291,0.003709,0.0,0.005791,0.010625,0.010625
baseline,Baseline session authorization,120,897,0.000292,0.00375,0.0,0.00575,0.010625,0.010625
baseline,Baseline session authorization,120,898,0.000333,0.004,0.0,0.005833,0.011042,0.011042
baseline,Baseline session authorization,120,899,0.000292,0.004,0.0,0.005833,0.011,0.011
baseline,Baseline session authorization,120,900,0.000333,0.003791,0.0,0.005791,0.01075,0.01075
baseline,Baseline session authorization,120,901,0.000541,0.007083,0.0,0.006625,0.015292,0.015292
baseline,Baseline session authorization,120,902,0.000417,0.004708,0.0,0.006042,0.012042,0.012042
baseline,Baseline session authorization,120,903,0.000416,0.004375,0.0,0.005875,0.011542,0.011542
baseline,Baseline session authorization,120,904,0.000292,0.003834,0.0,0.00575,0.010666,0.010666
baseline,Baseline session authorization,120,905,0.000375,0.004167,0.0,0.005917,0.011375,0.011375
baseline,Baseline session authorization,120,906,0.000375,0.004,0.0,0.005791,0.011,0.011
baseline,Baseline session authorization,120,907,0.000333,0.004,0.0,0.00575,0.010958,0.010958
baseline,Baseline session authorization,120,908,0.000333,0.003917,0.0,0.005708,0.010875,0.010875
baseline,Baseline session authorization,120,909,0.001,0.008917,0.0,0.011458,0.022708,0.022708
baseline,Baseline session authorization,120,910,0.000375,0.00425,0.0,0.005875,0.011334,0.011334
baseline,Baseline session authorization,120,911,0.001167,0.012792,0.0,0.010834,0.026292,0.026292
baseline,Baseline session authorization,120,912,0.000334,0.003792,0.0,0.005792,0.01075,0.01075
baseline,Baseline session authorization,120,913,0.000334,0.003792,0.0,0.005791,0.010791,0.010791
baseline,Baseline session authorization,120,914,0.000333,0.005959,0.0,0.006084,0.013292,0.013292
baseline,Baseline session authorization,120,915,0.000333,0.004041,0.0,0.005875,0.011042,0.011042
baseline,Baseline session authorization,120,916,0.001084,0.015792,0.0,0.011208,0.029834,0.029834
baseline,Baseline session authorization,120,917,0.001041,0.013,0.0,0.01025,0.025875,0.025875
baseline,Baseline session authorization,120,918,0.001042,0.013417,0.0,0.012917,0.029083,0.029083
baseline,Baseline session authorization,120,919,0.000333,0.006084,0.0,0.005917,0.013125,0.013125
baseline,Baseline session authorization,120,920,0.000416,0.004875,0.0,0.006167,0.012375,0.012375
baseline,Baseline session authorization,120,921,0.000375,0.004125,0.0,0.005958,0.011333,0.011333
baseline,Baseline session authorization,120,922,0.000334,0.004,0.0,0.005917,0.011125,0.011125
baseline,Baseline session authorization,120,923,0.000333,0.00375,0.0,0.005875,0.01075,0.01075
baseline,Baseline session authorization,120,924,0.000333,0.003916,0.0,0.005834,0.010959,0.010959
baseline,Baseline session authorization,120,925,0.000375,0.004,0.0,0.005917,0.011167,0.011167
baseline,Baseline session authorization,120,926,0.000334,0.004125,0.0,0.005834,0.011083,0.011083
baseline,Baseline session authorization,120,927,0.000333,0.004208,0.0,0.006083,0.011416,0.011416
baseline,Baseline session authorization,120,928,0.000375,0.006042,0.0,0.006209,0.013584,0.013584
baseline,Baseline session authorization,120,929,0.000334,0.003792,0.0,0.005666,0.010625,0.010625
baseline,Baseline session authorization,120,930,0.000333,0.003916,0.0,0.005708,0.010792,0.010792
baseline,Baseline session authorization,120,931,0.000334,0.003792,0.0,0.005917,0.010833,0.010833
baseline,Baseline session authorization,120,932,0.000292,0.005375,0.0,0.005958,0.0125,0.0125
baseline,Baseline session authorization,120,933,0.000333,0.003958,0.0,0.005792,0.011,0.011
baseline,Baseline session authorization,120,934,0.000334,0.004041,0.0,0.005917,0.011166,0.011166
baseline,Baseline session authorization,120,935,0.000375,0.004,0.0,0.005791,0.011041,0.011041
baseline,Baseline session authorization,120,936,0.000333,0.004084,0.0,0.006208,0.011458,0.011458
baseline,Baseline session authorization,120,937,0.000333,0.003666,0.0,0.00575,0.010625,0.010625
baseline,Baseline session authorization,120,938,0.000375,0.004167,0.0,0.006041,0.011458,0.011458
baseline,Baseline session authorization,120,939,0.000417,0.004,0.0,0.01025,0.015542,0.015542
baseline,Baseline session authorization,120,940,0.000334,0.003917,0.0,0.005875,0.010958,0.010958
baseline,Baseline session authorization,120,941,0.000333,0.003833,0.0,0.005792,0.01075,0.01075
baseline,Baseline session authorization,120,942,0.000334,0.004042,0.0,0.005875,0.011125,0.011125
baseline,Baseline session authorization,120,943,0.000334,0.00375,0.0,0.005875,0.01075,0.01075
baseline,Baseline session authorization,120,944,0.000375,0.004042,0.0,0.005792,0.011084,0.011084
baseline,Baseline session authorization,120,945,0.000333,0.004,0.0,0.00575,0.011,0.011
baseline,Baseline session authorization,120,946,0.000333,0.005958,0.0,0.006208,0.013375,0.013375
baseline,Baseline session authorization,120,947,0.000333,0.00375,0.0,0.022042,0.027042,0.027042
baseline,Baseline session authorization,120,948,0.000375,0.004208,0.0,0.006042,0.011375,0.011375
baseline,Baseline session authorization,120,949,0.000333,0.008167,0.0,0.006208,0.015625,0.015625
baseline,Baseline session authorization,120,950,0.000333,0.005125,0.0,0.005959,0.01225,0.01225
baseline,Baseline session authorization,120,951,0.000333,0.003708,0.0,0.005875,0.010708,0.010708
baseline,Baseline session authorization,120,952,0.000334,0.004125,0.0,0.005875,0.011208,0.011208
baseline,Baseline session authorization,120,953,0.000334,0.005208,0.0,0.006,0.012375,0.012375
baseline,Baseline session authorization,120,954,0.000375,0.004125,0.0,0.005792,0.011167,0.011167
baseline,Baseline session authorization,120,955,0.000333,0.003959,0.0,0.005792,0.010917,0.010917
baseline,Baseline session authorization,120,956,0.000375,0.004125,0.0,0.006125,0.011542,0.011542
baseline,Baseline session authorization,120,957,0.000542,0.005625,0.0,0.043583,0.051375,0.051375
baseline,Baseline session authorization,120,958,0.0005,0.005,0.0,0.006042,0.012417,0.012417
baseline,Baseline session authorization,120,959,0.000333,0.00375,0.0,0.005833,0.010709,0.010709
baseline,Baseline session authorization,120,960,0.000334,0.004125,0.0,0.005958,0.011209,0.011209
baseline,Baseline session authorization,120,961,0.000375,0.004292,0.0,0.005959,0.011542,0.011542
baseline,Baseline session authorization,120,962,0.000333,0.003791,0.0,0.005791,0.010709,0.010709
baseline,Baseline session authorization,120,963,0.000333,0.003667,0.0,0.005833,0.010708,0.010708
baseline,Baseline session authorization,120,964,0.000333,0.003916,0.0,0.005875,0.010959,0.010959
baseline,Baseline session authorization,120,965,0.000333,0.003959,0.0,0.005792,0.010917,0.010917
baseline,Baseline session authorization,120,966,0.000334,0.004041,0.0,0.005791,0.011,0.011
baseline,Baseline session authorization,120,967,0.000334,0.004125,0.0,0.00575,0.011083,0.011083
baseline,Baseline session authorization,120,968,0.000291,0.003791,0.0,0.005875,0.010875,0.010875
baseline,Baseline session authorization,120,969,0.000375,0.004667,0.0,0.006041,0.012209,0.012209
baseline,Baseline session authorization,120,970,0.000291,0.003791,0.0,0.005792,0.010708,0.010708
baseline,Baseline session authorization,120,971,0.000458,0.005792,0.0,0.006291,0.013459,0.013459
baseline,Baseline session authorization,120,972,0.000416,0.005334,0.0,0.006291,0.013,0.013
baseline,Baseline session authorization,120,973,0.000458,0.005125,0.0,0.006083,0.012541,0.012541
baseline,Baseline session authorization,120,974,0.000292,0.003792,0.0,0.005792,0.010708,0.010708
baseline,Baseline session authorization,120,975,0.000333,0.003916,0.0,0.005792,0.010875,0.010875
baseline,Baseline session authorization,120,976,0.000333,0.006125,0.0,0.006042,0.013417,0.013417
baseline,Baseline session authorization,120,977,0.000333,0.00425,0.0,0.005875,0.011292,0.011292
baseline,Baseline session authorization,120,978,0.000375,0.004083,0.0,0.00575,0.011,0.011
baseline,Baseline session authorization,120,979,0.000334,0.003708,0.0,0.005709,0.010542,0.010542
baseline,Baseline session authorization,120,980,0.000333,0.003958,0.0,0.006041,0.01125,0.01125
baseline,Baseline session authorization,120,981,0.000333,0.003792,0.0,0.005792,0.010666,0.010666
baseline,Baseline session authorization,120,982,0.000334,0.004042,0.0,0.006083,0.011291,0.011291
baseline,Baseline session authorization,120,983,0.000333,0.004041,0.0,0.005875,0.011042,0.011042
baseline,Baseline session authorization,120,984,0.000333,0.005666,0.0,0.006084,0.012959,0.012959
baseline,Baseline session authorization,120,985,0.000416,0.004166,0.0,0.006083,0.011583,0.011583
baseline,Baseline session authorization,120,986,0.000333,0.003791,0.0,0.00575,0.010709,0.010709
baseline,Baseline session authorization,120,987,0.000334,0.005333,0.0,0.005958,0.012416,0.012416
baseline,Baseline session authorization,120,988,0.000458,0.005208,0.0,0.006167,0.012792,0.012792
baseline,Baseline session authorization,120,989,0.000333,0.003667,0.0,0.005667,0.010542,0.010542
baseline,Baseline session authorization,120,990,0.000334,0.003792,0.0,0.005708,0.010666,0.010666
baseline,Baseline session authorization,120,991,0.000334,0.003917,0.0,0.005833,0.010958,0.010958
baseline,Baseline session authorization,120,992,0.000333,0.004041,0.0,0.016459,0.021834,0.021834
baseline,Baseline session authorization,120,993,0.000292,0.00375,0.0,0.005792,0.010667,0.010667
baseline,Baseline session authorization,120,994,0.000333,0.003833,0.0,0.005792,0.010708,0.010708
baseline,Baseline session authorization,120,995,0.000292,0.004041,0.0,0.005834,0.011084,0.011084
baseline,Baseline session authorization,120,996,0.000792,0.009167,0.0,0.006542,0.0175,0.0175
baseline,Baseline session authorization,120,997,0.000333,0.005708,0.0,0.005875,0.012875,0.012875
baseline,Baseline session authorization,120,998,0.000333,0.005458,0.0,0.006125,0.012666,0.012666
baseline,Baseline session authorization,120,999,0.000333,0.004,0.0,0.005958,0.011167,0.011167
baseline,Baseline session authorization,120,1000,0.000333,0.004166,0.0,0.005875,0.011209,0.011209
baseline,Baseline session authorization,120,1001,0.000417,0.004875,0.0,0.006084,0.01225,0.01225
baseline,Baseline session authorization,120,1002,0.014292,0.007333,0.0,0.006875,0.029541,0.029541
baseline,Baseline session authorization,120,1003,0.000334,0.003833,0.0,0.005833,0.01075,0.01075
baseline,Baseline session authorization,120,1004,0.000333,0.003875,0.0,0.005792,0.010791,0.010791
baseline,Baseline session authorization,120,1005,0.000333,0.004,0.0,0.006,0.011125,0.011125
baseline,Baseline session authorization,120,1006,0.000291,0.00575,0.0,0.029083,0.03675,0.03675
baseline,Baseline session authorization,120,1007,0.000333,0.005375,0.0,0.006,0.0125,0.0125
baseline,Baseline session authorization,120,1008,0.000333,0.004042,0.0,0.005875,0.011125,0.011125
baseline,Baseline session authorization,120,1009,0.0005,0.004709,0.0,0.006375,0.012375,0.012375
baseline,Baseline session authorization,120,1010,0.000333,0.00575,0.0,0.006167,0.013083,0.013083
baseline,Baseline session authorization,120,1011,0.000375,0.004042,0.0,0.005875,0.011167,0.011167
baseline,Baseline session authorization,120,1012,0.000292,0.004792,0.0,0.005917,0.011875,0.011875
baseline,Baseline session authorization,120,1013,0.000333,0.004,0.0,0.005875,0.011,0.011
baseline,Baseline session authorization,120,1014,0.000292,0.004125,0.0,0.005916,0.011166,0.011166
baseline,Baseline session authorization,120,1015,0.000333,0.004084,0.0,0.005792,0.011042,0.011042
baseline,Baseline session authorization,120,1016,0.000291,0.003959,0.0,0.005875,0.011,0.011
baseline,Baseline session authorization,120,1017,0.000333,0.004084,0.0,0.005917,0.011208,0.011208
baseline,Baseline session authorization,120,1018,0.000542,0.005208,0.0,0.006625,0.013416,0.013416
baseline,Baseline session authorization,120,1019,0.000292,0.00375,0.0,0.005834,0.01075,0.01075
baseline,Baseline session authorization,120,1020,0.000333,0.004,0.0,0.005917,0.011,0.011
baseline,Baseline session authorization,120,1021,0.000375,0.004125,0.0,0.005875,0.011167,0.011167
baseline,Baseline session authorization,120,1022,0.000333,0.003958,0.0,0.005792,0.010875,0.010875
baseline,Baseline session authorization,120,1023,0.000334,0.00375,0.0,0.005833,0.01075,0.01075
baseline,Baseline session authorization,120,1024,0.000333,0.004,0.0,0.006,0.011208,0.011208
baseline,Baseline session authorization,120,1025,0.000334,0.004083,0.0,0.006,0.011333,0.011333
baseline,Baseline session authorization,120,1026,0.000333,0.003833,0.0,0.005959,0.010875,0.010875
baseline,Baseline session authorization,120,1027,0.000292,0.003958,0.0,0.005834,0.010917,0.010917
baseline,Baseline session authorization,120,1028,0.000375,0.004,0.0,0.005959,0.011167,0.011167
baseline,Baseline session authorization,120,1029,0.000333,0.004209,0.0,0.005791,0.011167,0.011167
baseline,Baseline session authorization,120,1030,0.000291,0.003958,0.0,0.005792,0.010875,0.010875
baseline,Baseline session authorization,120,1031,0.000375,0.003917,0.0,0.005916,0.011042,0.011042
baseline,Baseline session authorization,120,1032,0.000333,0.003834,0.0,0.005917,0.010917,0.010917
baseline,Baseline session authorization,120,1033,0.000333,0.004042,0.0,0.005833,0.011083,0.011083
baseline,Baseline session authorization,120,1034,0.000333,0.007583,0.0,0.006166,0.014917,0.014917
baseline,Baseline session authorization,120,1035,0.000292,0.006084,0.0,0.006,0.01325,0.01325
baseline,Baseline session authorization,120,1036,0.000333,0.003791,0.0,0.005875,0.010875,0.010875
baseline,Baseline session authorization,120,1037,0.000333,0.004041,0.0,0.005833,0.011,0.011
baseline,Baseline session authorization,120,1038,0.000333,0.004042,0.0,0.005916,0.011125,0.011125
baseline,Baseline session authorization,120,1039,0.000333,0.004209,0.0,0.006125,0.011542,0.011542
baseline,Baseline session authorization,120,1040,0.0005,0.005375,0.0,0.006208,0.013042,0.013042
baseline,Baseline session authorization,120,1041,0.000334,0.004,0.0,0.006042,0.01125,0.01125
baseline,Baseline session authorization,120,1042,0.000334,0.003917,0.0,0.005833,0.010917,0.010917
baseline,Baseline session authorization,120,1043,0.000375,0.006166,0.0,0.006084,0.0135,0.0135
baseline,Baseline session authorization,120,1044,0.000333,0.003791,0.0,0.005792,0.010792,0.010792
baseline,Baseline session authorization,120,1045,0.000333,0.005041,0.0,0.005917,0.012125,0.012125
baseline,Baseline session authorization,120,1046,0.000333,0.004084,0.0,0.005875,0.011041,0.011041
baseline,Baseline session authorization,120,1047,0.000333,0.004084,0.0,0.006,0.01125,0.01125
baseline,Baseline session authorization,120,1048,0.000333,0.00425,0.0,0.00625,0.011709,0.011709
baseline,Baseline session authorization,120,1049,0.000333,0.003834,0.0,0.00575,0.010708,0.010708
baseline,Baseline session authorization,120,1050,0.000333,0.003792,0.0,0.005792,0.010667,0.010667
baseline,Baseline session authorization,120,1051,0.000334,0.004291,0.0,0.006,0.011583,0.011583
baseline,Baseline session authorization,120,1052,0.000375,0.004041,0.0,0.005917,0.011125,0.011125
baseline,Baseline session authorization,120,1053,0.000333,0.004083,0.0,0.005875,0.011209,0.011209
baseline,Baseline session authorization,120,1054,0.000333,0.003708,0.0,0.005875,0.010667,0.010667
baseline,Baseline session authorization,120,1055,0.000333,0.003917,0.0,0.005791,0.010958,0.010958
baseline,Baseline session authorization,120,1056,0.000333,0.003708,0.0,0.005792,0.010709,0.010709
baseline,Baseline session authorization,120,1057,0.000333,0.004041,0.0,0.005958,0.011167,0.011167
baseline,Baseline session authorization,120,1058,0.000375,0.004375,0.0,0.006333,0.011916,0.011916
baseline,Baseline session authorization,120,1059,0.000333,0.003958,0.0,0.005959,0.011042,0.011042
baseline,Baseline session authorization,120,1060,0.000333,0.003791,0.0,0.005709,0.010709,0.010709
baseline,Baseline session authorization,120,1061,0.000334,0.005375,0.0,0.006041,0.012459,0.012459
baseline,Baseline session authorization,120,1062,0.000333,0.004,0.0,0.006042,0.011167,0.011167
baseline,Baseline session authorization,120,1063,0.000416,0.004625,0.0,0.005959,0.011917,0.011917
baseline,Baseline session authorization,120,1064,0.000333,0.003792,0.0,0.005875,0.01075,0.01075
baseline,Baseline session authorization,120,1065,0.000333,0.003792,0.0,0.005875,0.010791,0.010791
baseline,Baseline session authorization,120,1066,0.000292,0.004208,0.0,0.006083,0.011666,0.011666
baseline,Baseline session authorization,120,1067,0.000334,0.004,0.0,0.005958,0.011167,0.011167
baseline,Baseline session authorization,120,1068,0.000292,0.004,0.0,0.005792,0.010959,0.010959
baseline,Baseline session authorization,120,1069,0.000333,0.003792,0.0,0.005834,0.01075,0.01075
baseline,Baseline session authorization,120,1070,0.000333,0.004042,0.0,0.005958,0.01125,0.01125
baseline,Baseline session authorization,120,1071,0.000292,0.003792,0.0,0.00575,0.010667,0.010667
baseline,Baseline session authorization,120,1072,0.000375,0.004041,0.0,0.005875,0.011167,0.011167
baseline,Baseline session authorization,120,1073,0.000292,0.005458,0.0,0.006042,0.012625,0.012625
baseline,Baseline session authorization,120,1074,0.000292,0.00375,0.0,0.00575,0.010666,0.010666
baseline,Baseline session authorization,120,1075,0.000334,0.00375,0.0,0.005834,0.010708,0.010708
baseline,Baseline session authorization,120,1076,0.000375,0.00425,0.0,0.005958,0.011333,0.011333
baseline,Baseline session authorization,120,1077,0.000333,0.004,0.0,0.005875,0.011042,0.011042
baseline,Baseline session authorization,120,1078,0.000291,0.004041,0.0,0.005667,0.010875,0.010875
baseline,Baseline session authorization,120,1079,0.000333,0.00375,0.0,0.005625,0.010583,0.010583
baseline,Baseline session authorization,120,1080,0.000333,0.003917,0.0,0.005875,0.011,0.011
baseline,Baseline session authorization,120,1081,0.001125,0.014667,0.0,0.012083,0.029583,0.029583
baseline,Baseline session authorization,120,1082,0.000333,0.003959,0.0,0.005958,0.011083,0.011083
baseline,Baseline session authorization,120,1083,0.000333,0.003917,0.0,0.006042,0.011083,0.011083
baseline,Baseline session authorization,120,1084,0.000334,0.004042,0.0,0.006,0.011208,0.011208
baseline,Baseline session authorization,120,1085,0.000292,0.005458,0.0,0.005959,0.012584,0.012584
baseline,Baseline session authorization,120,1086,0.000292,0.00375,0.0,0.005792,0.010667,0.010667
baseline,Baseline session authorization,120,1087,0.000375,0.004,0.0,0.006083,0.01125,0.01125
baseline,Baseline session authorization,120,1088,0.000333,0.004125,0.0,0.005916,0.011167,0.011167
baseline,Baseline session authorization,120,1089,0.000334,0.004,0.0,0.005833,0.011041,0.011041
baseline,Baseline session authorization,120,1090,0.000333,0.003709,0.0,0.005792,0.010583,0.010583
baseline,Baseline session authorization,120,1091,0.000292,0.003833,0.0,0.005791,0.010709,0.010709
baseline,Baseline session authorization,120,1092,0.001042,0.012,0.0,0.01025,0.024833,0.024833
baseline,Baseline session authorization,120,1093,0.0005,0.005292,0.0,0.008125,0.014875,0.014875
baseline,Baseline session authorization,120,1094,0.000334,0.004209,0.0,0.005875,0.011333,0.011333
baseline,Baseline session authorization,120,1095,0.000333,0.004041,0.0,0.005959,0.011209,0.011209
baseline,Baseline session authorization,120,1096,0.000292,0.00375,0.0,0.005833,0.01075,0.01075
baseline,Baseline session authorization,120,1097,0.000333,0.004084,0.0,0.005958,0.01125,0.01125
baseline,Baseline session authorization,120,1098,0.000334,0.003708,0.0,0.005834,0.010708,0.010708
baseline,Baseline session authorization,120,1099,0.000333,0.005459,0.0,0.006125,0.01275,0.01275
baseline,Baseline session authorization,120,1100,0.000375,0.004,0.0,0.005917,0.011125,0.011125
baseline,Baseline session authorization,120,1101,0.000292,0.009208,0.0,0.006,0.016417,0.016417
baseline,Baseline session authorization,120,1102,0.000291,0.00375,0.0,0.005708,0.010583,0.010583
baseline,Baseline session authorization,120,1103,0.000291,0.00375,0.0,0.005875,0.01075,0.01075
baseline,Baseline session authorization,120,1104,0.000375,0.006791,0.0,0.00625,0.01425,0.01425
baseline,Baseline session authorization,120,1105,0.001,0.020208,0.0,0.012584,0.035875,0.035875
baseline,Baseline session authorization,120,1106,0.000334,0.00375,0.0,0.005875,0.01075,0.01075
baseline,Baseline session authorization,120,1107,0.000333,0.00375,0.0,0.005791,0.010625,0.010625
baseline,Baseline session authorization,120,1108,0.000334,0.004,0.0,0.005917,0.011083,0.011083
baseline,Baseline session authorization,120,1109,0.000333,0.004,0.0,0.00575,0.010958,0.010958
baseline,Baseline session authorization,120,1110,0.000292,0.003792,0.0,0.005834,0.010708,0.010708
baseline,Baseline session authorization,120,1111,0.000334,0.003667,0.0,0.005792,0.010542,0.010542
baseline,Baseline session authorization,120,1112,0.000375,0.004042,0.0,0.005792,0.011,0.011
baseline,Baseline session authorization,120,1113,0.000333,0.004042,0.0,0.005875,0.011083,0.011083
baseline,Baseline session authorization,120,1114,0.000333,0.003834,0.0,0.005833,0.01075,0.01075
baseline,Baseline session authorization,120,1115,0.000334,0.003792,0.0,0.005834,0.01075,0.01075
baseline,Baseline session authorization,120,1116,0.000334,0.004041,0.0,0.005875,0.011125,0.011125
baseline,Baseline session authorization,120,1117,0.000333,0.003958,0.0,0.005792,0.010875,0.010875
baseline,Baseline session authorization,120,1118,0.000375,0.005083,0.0,0.006,0.012333,0.012333
baseline,Baseline session authorization,120,1119,0.000375,0.004333,0.0,0.006083,0.011584,0.011584
baseline,Baseline session authorization,120,1120,0.000333,0.003917,0.0,0.005958,0.011083,0.011083
baseline,Baseline session authorization,120,1121,0.000333,0.004041,0.0,0.005917,0.011125,0.011125
baseline,Baseline session authorization,120,1122,0.000334,0.003792,0.0,0.005791,0.01075,0.01075
baseline,Baseline session authorization,120,1123,0.000292,0.003709,0.0,0.005833,0.010625,0.010625
baseline,Baseline session authorization,120,1124,0.000375,0.005542,0.0,0.006125,0.012875,0.012875
baseline,Baseline session authorization,120,1125,0.000333,0.004,0.0,0.00575,0.010958,0.010958
baseline,Baseline session authorization,120,1126,0.000333,0.003875,0.0,0.005833,0.010833,0.010833
baseline,Baseline session authorization,120,1127,0.000292,0.003792,0.0,0.00575,0.010667,0.010667
baseline,Baseline session authorization,120,1128,0.001166,0.048291,0.0,0.012167,0.063667,0.063667
baseline,Baseline session authorization,120,1129,0.000291,0.004209,0.0,0.005791,0.011208,0.011208
baseline,Baseline session authorization,120,1130,0.000334,0.004083,0.0,0.005875,0.011125,0.011125
baseline,Baseline session authorization,120,1131,0.000333,0.003791,0.0,0.005834,0.01075,0.01075
baseline,Baseline session authorization,120,1132,0.000292,0.003792,0.0,0.005833,0.010709,0.010709
baseline,Baseline session authorization,120,1133,0.000333,0.003875,0.0,0.005875,0.010875,0.010875
baseline,Baseline session authorization,120,1134,0.000375,0.004083,0.0,0.005875,0.011125,0.011125
baseline,Baseline session authorization,120,1135,0.000333,0.005459,0.0,0.006041,0.012666,0.012666
baseline,Baseline session authorization,120,1136,0.000292,0.00375,0.0,0.005834,0.010667,0.010667
baseline,Baseline session authorization,120,1137,0.000292,0.00375,0.0,0.005833,0.01075,0.01075
baseline,Baseline session authorization,120,1138,0.000334,0.004,0.0,0.006,0.011166,0.011166
baseline,Baseline session authorization,120,1139,0.000334,0.003958,0.0,0.005875,0.011,0.011
baseline,Baseline session authorization,120,1140,0.000416,0.004125,0.0,0.005958,0.011333,0.011333
baseline,Baseline session authorization,120,1141,0.000333,0.003834,0.0,0.005875,0.010875,0.010875
baseline,Baseline session authorization,120,1142,0.000333,0.00375,0.0,0.005792,0.010708,0.010708
baseline,Baseline session authorization,120,1143,0.000375,0.004125,0.0,0.006125,0.011417,0.011417
baseline,Baseline session authorization,120,1144,0.000334,0.003958,0.0,0.005834,0.011,0.011
baseline,Baseline session authorization,120,1145,0.000333,0.00375,0.0,0.005833,0.010708,0.010708
baseline,Baseline session authorization,120,1146,0.000333,0.003833,0.0,0.00575,0.010666,0.010666
baseline,Baseline session authorization,120,1147,0.000375,0.004125,0.0,0.006,0.011334,0.011334
baseline,Baseline session authorization,120,1148,0.000334,0.004125,0.0,0.005834,0.011083,0.011083
baseline,Baseline session authorization,120,1149,0.000333,0.004125,0.0,0.005875,0.011208,0.011208
baseline,Baseline session authorization,120,1150,0.000334,0.004042,0.0,0.005791,0.011,0.011
baseline,Baseline session authorization,120,1151,0.000333,0.003792,0.0,0.005792,0.010834,0.010834
baseline,Baseline session authorization,120,1152,0.000291,0.003833,0.0,0.005792,0.010792,0.010792
baseline,Baseline session authorization,120,1153,0.000333,0.005917,0.0,0.006208,0.013292,0.013292
baseline,Baseline session authorization,120,1154,0.000292,0.004,0.0,0.005833,0.011,0.011
baseline,Baseline session authorization,120,1155,0.000333,0.003833,0.0,0.005959,0.010917,0.010917
baseline,Baseline session authorization,120,1156,0.000333,0.004083,0.0,0.005875,0.011167,0.011167
baseline,Baseline session authorization,120,1157,0.000375,0.0055,0.0,0.006083,0.012833,0.012833
baseline,Baseline session authorization,120,1158,0.000333,0.003959,0.0,0.005875,0.010958,0.010958
baseline,Baseline session authorization,120,1159,0.000333,0.003958,0.0,0.006084,0.011167,0.011167
baseline,Baseline session authorization,120,1160,0.000542,0.00525,0.0,0.006792,0.013625,0.013625
baseline,Baseline session authorization,120,1161,0.000375,0.003792,0.0,0.005875,0.010833,0.010833
baseline,Baseline session authorization,120,1162,0.000291,0.003875,0.0,0.005833,0.010792,0.010792
baseline,Baseline session authorization,120,1163,0.000375,0.004167,0.0,0.005875,0.011208,0.011208
baseline,Baseline session authorization,120,1164,0.000333,0.003875,0.0,0.005791,0.010792,0.010792
baseline,Baseline session authorization,120,1165,0.000334,0.003917,0.0,0.005917,0.011,0.011
baseline,Baseline session authorization,120,1166,0.000375,0.003792,0.0,0.00575,0.01075,0.01075
baseline,Baseline session authorization,120,1167,0.000458,0.004958,0.0,0.016958,0.023416,0.023416
baseline,Baseline session authorization,120,1168,0.000375,0.005875,0.0,0.006,0.013125,0.013125
baseline,Baseline session authorization,120,1169,0.000334,0.005167,0.0,0.006,0.012375,0.012375
baseline,Baseline session authorization,120,1170,0.000292,0.005209,0.0,0.005916,0.01225,0.01225
baseline,Baseline session authorization,120,1171,0.000833,0.011208,0.0,0.00975,0.023416,0.023416
baseline,Baseline session authorization,120,1172,0.000333,0.003792,0.0,0.00575,0.01075,0.01075
baseline,Baseline session authorization,120,1173,0.000333,0.00375,0.0,0.005833,0.010792,0.010792
baseline,Baseline session authorization,120,1174,0.000333,0.003959,0.0,0.005916,0.011083,0.011083
baseline,Baseline session authorization,120,1175,0.000333,0.003958,0.0,0.005875,0.010958,0.010958
baseline,Baseline session authorization,120,1176,0.000333,0.003959,0.0,0.005792,0.010875,0.010875
baseline,Baseline session authorization,120,1177,0.000375,0.004,0.0,0.006042,0.01375,0.01375
baseline,Baseline session authorization,120,1178,0.000334,0.003792,0.0,0.005833,0.010792,0.010792
baseline,Baseline session authorization,120,1179,0.000333,0.004084,0.0,0.005958,0.011208,0.011208
baseline,Baseline session authorization,120,1180,0.000333,0.003791,0.0,0.005791,0.010667,0.010667
baseline,Baseline session authorization,120,1181,0.000334,0.004,0.0,0.005833,0.011041,0.011041
baseline,Baseline session authorization,120,1182,0.000375,0.003833,0.0,0.005875,0.010875,0.010875
baseline,Baseline session authorization,120,1183,0.000333,0.004333,0.0,0.006,0.011542,0.011542
baseline,Baseline session authorization,120,1184,0.000333,0.003834,0.0,0.00575,0.010708,0.010708
baseline,Baseline session authorization,120,1185,0.000292,0.004042,0.0,0.005875,0.011042,0.011042
baseline,Baseline session authorization,120,1186,0.000375,0.004084,0.0,0.005959,0.011542,0.011542
baseline,Baseline session authorization,120,1187,0.000333,0.003959,0.0,0.005875,0.010958,0.010958
baseline,Baseline session authorization,120,1188,0.000333,0.003958,0.0,0.005958,0.011083,0.011083
baseline,Baseline session authorization,120,1189,0.000333,0.00375,0.0,0.005834,0.01075,0.01075
baseline,Baseline session authorization,120,1190,0.000333,0.004166,0.0,0.005916,0.01125,0.01125
baseline,Baseline session authorization,120,1191,0.000333,0.003792,0.0,0.005875,0.010833,0.010833
baseline,Baseline session authorization,120,1192,0.000333,0.003708,0.0,0.005833,0.010708,0.010708
baseline,Baseline session authorization,120,1193,0.000333,0.004,0.0,0.005959,0.011167,0.011167
baseline,Baseline session authorization,120,1194,0.000333,0.004375,0.0,0.006208,0.01175,0.01175
baseline,Baseline session authorization,120,1195,0.000333,0.004292,0.0,0.00625,0.011708,0.011708
baseline,Baseline session authorization,120,1196,0.000459,0.004625,0.0,0.00575,0.011666,0.011666
baseline,Baseline session authorization,120,1197,0.000334,0.004041,0.0,0.005917,0.011166,0.011166
baseline,Baseline session authorization,120,1198,0.000334,0.00375,0.0,0.005792,0.010667,0.010667
baseline,Baseline session authorization,120,1199,0.000375,0.004667,0.0,0.006083,0.012042,0.012042
baseline,Baseline session authorization,120,1200,0.000333,0.004042,0.0,0.005917,0.011167,0.011167
baseline,Baseline session authorization,120,1201,0.000333,0.003709,0.0,0.005791,0.010666,0.010666
baseline,Baseline session authorization,120,1202,0.000417,0.004583,0.0,0.006416,0.012375,0.012375
baseline,Baseline session authorization,120,1203,0.000292,0.003833,0.0,0.005833,0.01075,0.01075
baseline,Baseline session authorization,120,1204,0.000334,0.004208,0.0,0.006125,0.011583,0.011583
baseline,Baseline session authorization,120,1205,0.000334,0.004041,0.0,0.005875,0.011125,0.011125
baseline,Baseline session authorization,120,1206,0.000292,0.004167,0.0,0.008166,0.0135,0.0135
baseline,Baseline session authorization,120,1207,0.000292,0.005542,0.0,0.006042,0.01275,0.01275
baseline,Baseline session authorization,120,1208,0.000333,0.004041,0.0,0.005833,0.011042,0.011042
baseline,Baseline session authorization,120,1209,0.000333,0.00375,0.0,0.005875,0.01075,0.01075
baseline,Baseline session authorization,120,1210,0.000333,0.004083,0.0,0.00575,0.011041,0.011041
baseline,Baseline session authorization,120,1211,0.000291,0.003666,0.0,0.005792,0.010625,0.010625
baseline,Baseline session authorization,120,1212,0.000291,0.003833,0.0,0.005833,0.010833,0.010833
baseline,Baseline session authorization,120,1213,0.000334,0.008333,0.0,0.006209,0.015708,0.015708
baseline,Baseline session authorization,120,1214,0.000333,0.004042,0.0,0.005958,0.011209,0.011209
baseline,Baseline session authorization,120,1215,0.000333,0.004125,0.0,0.005958,0.011209,0.011209
baseline,Baseline session authorization,120,1216,0.000291,0.003875,0.0,0.005917,0.010917,0.010917
baseline,Baseline session authorization,120,1217,0.000333,0.004084,0.0,0.005833,0.011083,0.011083
baseline,Baseline session authorization,120,1218,0.000333,0.004083,0.0,0.006,0.01125,0.01125
baseline,Baseline session authorization,120,1219,0.000333,0.003791,0.0,0.005792,0.010708,0.010708
baseline,Baseline session authorization,120,1220,0.000375,0.00375,0.0,0.005958,0.010875,0.010875
baseline,Baseline session authorization,120,1221,0.000333,0.003958,0.0,0.00575,0.010917,0.010917
baseline,Baseline session authorization,120,1222,0.000292,0.003792,0.0,0.00575,0.010709,0.010709
baseline,Baseline session authorization,120,1223,0.000333,0.003791,0.0,0.005666,0.010583,0.010583
baseline,Baseline session authorization,120,1224,0.000333,0.003792,0.0,0.005834,0.010792,0.010792
baseline,Baseline session authorization,120,1225,0.000375,0.00425,0.0,0.005875,0.011292,0.011292
baseline,Baseline session authorization,120,1226,0.000375,0.004042,0.0,0.005792,0.011042,0.011042
baseline,Baseline session authorization,120,1227,0.000333,0.004,0.0,0.005875,0.011042,0.011042
baseline,Baseline session authorization,120,1228,0.000417,0.003875,0.0,0.005875,0.011,0.011
baseline,Baseline session authorization,120,1229,0.000333,0.004084,0.0,0.005958,0.011167,0.011167
baseline,Baseline session authorization,120,1230,0.000333,0.003791,0.0,0.005875,0.010834,0.010834
baseline,Baseline session authorization,120,1231,0.000292,0.004,0.0,0.007291,0.0125,0.0125
baseline,Baseline session authorization,120,1232,0.000292,0.003667,0.0,0.00575,0.010541,0.010541
baseline,Baseline session authorization,120,1233,0.000375,0.00375,0.0,0.005792,0.010708,0.010708
baseline,Baseline session authorization,120,1234,0.000334,0.004666,0.0,0.006125,0.012041,0.012041
baseline,Baseline session authorization,120,1235,0.000333,0.005333,0.0,0.005958,0.0125,0.0125
baseline,Baseline session authorization,120,1236,0.000333,0.004042,0.0,0.005916,0.011167,0.011167
baseline,Baseline session authorization,120,1237,0.000291,0.005417,0.0,0.005917,0.0125,0.0125
baseline,Baseline session authorization,120,1238,0.0005,0.004959,0.0,0.006416,0.01275,0.01275
baseline,Baseline session authorization,120,1239,0.000334,0.004042,0.0,0.005916,0.011125,0.011125
baseline,Baseline session authorization,120,1240,0.000333,0.003792,0.0,0.005917,0.010875,0.010875
baseline,Baseline session authorization,120,1241,0.000333,0.003958,0.0,0.005875,0.011,0.011
baseline,Baseline session authorization,120,1242,0.000334,0.00375,0.0,0.005875,0.010791,0.010791
baseline,Baseline session authorization,120,1243,0.000292,0.00375,0.0,0.00575,0.010584,0.010584
baseline,Baseline session authorization,120,1244,0.000333,0.003708,0.0,0.005834,0.010625,0.010625
baseline,Baseline session authorization,120,1245,0.000833,0.010208,0.0,0.007875,0.019875,0.019875
baseline,Baseline session authorization,120,1246,0.000334,0.003916,0.0,0.00575,0.010916,0.010916
baseline,Baseline session authorization,120,1247,0.000333,0.004042,0.0,0.005917,0.011125,0.011125
baseline,Baseline session authorization,120,1248,0.000292,0.004,0.0,0.005834,0.010959,0.010959
baseline,Baseline session authorization,120,1249,0.000375,0.004292,0.0,0.005791,0.011291,0.011291
baseline,Baseline session authorization,120,1250,0.000375,0.004084,0.0,0.006,0.011334,0.011334
baseline,Baseline session authorization,120,1251,0.000333,0.004042,0.0,0.005708,0.010958,0.010958
baseline,Baseline session authorization,120,1252,0.000291,0.003708,0.0,0.005792,0.010667,0.010667
baseline,Baseline session authorization,120,1253,0.000333,0.003959,0.0,0.027875,0.033875,0.033875
baseline,Baseline session authorization,120,1254,0.000333,0.00425,0.0,0.005875,0.011292,0.011292
baseline,Baseline session authorization,120,1255,0.000333,0.004166,0.0,0.006,0.011334,0.011334
baseline,Baseline session authorization,120,1256,0.000334,0.003833,0.0,0.005792,0.010792,0.010792
baseline,Baseline session authorization,120,1257,0.000291,0.004041,0.0,0.005959,0.011125,0.011125
baseline,Baseline session authorization,120,1258,0.000334,0.004042,0.0,0.005958,0.011125,0.011125
baseline,Baseline session authorization,120,1259,0.000333,0.005459,0.0,0.006041,0.01275,0.01275
baseline,Baseline session authorization,120,1260,0.000375,0.003791,0.0,0.005833,0.01075,0.01075
baseline,Baseline session authorization,120,1261,0.000292,0.004083,0.0,0.005917,0.011125,0.011125
baseline,Baseline session authorization,120,1262,0.000375,0.004125,0.0,0.005959,0.011334,0.011334
baseline,Baseline session authorization,120,1263,0.000292,0.004083,0.0,0.005917,0.011208,0.011208
baseline,Baseline session authorization,120,1264,0.000334,0.003958,0.0,0.005875,0.010959,0.010959
baseline,Baseline session authorization,120,1265,0.000333,0.003917,0.0,0.005917,0.011042,0.011042
baseline,Baseline session authorization,120,1266,0.001084,0.011542,0.0,0.010625,0.024917,0.024917
baseline,Baseline session authorization,120,1267,0.000291,0.003833,0.0,0.005875,0.010792,0.010792
baseline,Baseline session authorization,120,1268,0.000333,0.004,0.0,0.005875,0.011084,0.011084
baseline,Baseline session authorization,120,1269,0.000333,0.00575,0.0,0.006042,0.013042,0.013042
baseline,Baseline session authorization,120,1270,0.000333,0.004083,0.0,0.005875,0.011167,0.011167
baseline,Baseline session authorization,120,1271,0.000333,0.00375,0.0,0.00575,0.010583,0.010583
baseline,Baseline session authorization,120,1272,0.000333,0.006375,0.0,0.006,0.013541,0.013541
baseline,Baseline session authorization,120,1273,0.000375,0.003916,0.0,0.006,0.011084,0.011084
baseline,Baseline session authorization,120,1274,0.000334,0.003708,0.0,0.005792,0.010708,0.010708
baseline,Baseline session authorization,120,1275,0.000333,0.004,0.0,0.037375,0.042875,0.042875
baseline,Baseline session authorization,120,1276,0.000333,0.004042,0.0,0.005917,0.011125,0.011125
baseline,Baseline session authorization,120,1277,0.000333,0.003833,0.0,0.005833,0.010792,0.010792
baseline,Baseline session authorization,120,1278,0.000333,0.00375,0.0,0.005833,0.010667,0.010667
baseline,Baseline session authorization,120,1279,0.000333,0.00375,0.0,0.005792,0.010667,0.010667
baseline,Baseline session authorization,120,1280,0.000292,0.008458,0.0,0.006125,0.01575,0.01575
baseline,Baseline session authorization,120,1281,0.000334,0.004083,0.0,0.005875,0.011125,0.011125
baseline,Baseline session authorization,120,1282,0.000333,0.003917,0.0,0.005834,0.010917,0.010917
baseline,Baseline session authorization,120,1283,0.000334,0.003917,0.0,0.006,0.011041,0.011041
baseline,Baseline session authorization,120,1284,0.000333,0.004167,0.0,0.005833,0.011167,0.011167
baseline,Baseline session authorization,120,1285,0.000333,0.004042,0.0,0.005792,0.011,0.011
baseline,Baseline session authorization,120,1286,0.000375,0.00375,0.0,0.005708,0.010708,0.010708
baseline,Baseline session authorization,120,1287,0.000333,0.005,0.0,0.005917,0.012125,0.012125
baseline,Baseline session authorization,120,1288,0.000333,0.003791,0.0,0.005875,0.010792,0.010792
baseline,Baseline session authorization,120,1289,0.000334,0.004042,0.0,0.006,0.01125,0.01125
baseline,Baseline session authorization,120,1290,0.000333,0.004166,0.0,0.005792,0.011167,0.011167
baseline,Baseline session authorization,120,1291,0.001375,0.009959,0.0,0.011084,0.024166,0.024166
baseline,Baseline session authorization,120,1292,0.000334,0.003958,0.0,0.005959,0.011125,0.011125
baseline,Baseline session authorization,120,1293,0.000333,0.004083,0.0,0.005917,0.01125,0.01125
baseline,Baseline session authorization,120,1294,0.000417,0.004083,0.0,0.005917,0.011334,0.011334
baseline,Baseline session authorization,120,1295,0.000333,0.004,0.0,0.005833,0.011042,0.011042
baseline,Baseline session authorization,120,1296,0.000291,0.005375,0.0,0.006042,0.012625,0.012625
baseline,Baseline session authorization,120,1297,0.000291,0.003791,0.0,0.005834,0.01075,0.01075
baseline,Baseline session authorization,120,1298,0.000291,0.003791,0.0,0.005833,0.01075,0.01075
baseline,Baseline session authorization,120,1299,0.000542,0.004917,0.0,0.00675,0.013209,0.013209
baseline,Baseline session authorization,120,1300,0.000333,0.004084,0.0,0.005791,0.011083,0.011083
baseline,Baseline session authorization,120,1301,0.000333,0.0055,0.0,0.006041,0.012709,0.012709
baseline,Baseline session authorization,120,1302,0.000458,0.00475,0.0,0.006,0.012125,0.012125
baseline,Baseline session authorization,120,1303,0.000333,0.00375,0.0,0.005833,0.010667,0.010667
baseline,Baseline session authorization,120,1304,0.000291,0.014625,0.0,0.006583,0.022458,0.022458
baseline,Baseline session authorization,120,1305,0.000292,0.004,0.0,0.005875,0.011125,0.011125
baseline,Baseline session authorization,120,1306,0.000292,0.003833,0.0,0.005833,0.01075,0.01075
baseline,Baseline session authorization,120,1307,0.000334,0.003792,0.0,0.005875,0.010709,0.010709
baseline,Baseline session authorization,120,1308,0.000292,0.005042,0.0,0.005958,0.012166,0.012166
baseline,Baseline session authorization,120,1309,0.000292,0.004208,0.0,0.006,0.011334,0.011334
baseline,Baseline session authorization,120,1310,0.000375,0.004167,0.0,0.005833,0.011208,0.011208
baseline,Baseline session authorization,120,1311,0.000334,0.004083,0.0,0.005792,0.011041,0.011041
baseline,Baseline session authorization,120,1312,0.000333,0.00375,0.0,0.005875,0.010833,0.010833
baseline,Baseline session authorization,120,1313,0.000334,0.004083,0.0,0.005917,0.011208,0.011208
baseline,Baseline session authorization,120,1314,0.000333,0.005459,0.0,0.006208,0.012875,0.012875
baseline,Baseline session authorization,120,1315,0.000334,0.003792,0.0,0.005875,0.010791,0.010791
baseline,Baseline session authorization,120,1316,0.000333,0.003958,0.0,0.005875,0.011042,0.011042
baseline,Baseline session authorization,120,1317,0.000292,0.00375,0.0,0.00575,0.010667,0.010667
baseline,Baseline session authorization,120,1318,0.000333,0.00375,0.0,0.005833,0.010708,0.010708
baseline,Baseline session authorization,120,1319,0.000291,0.00375,0.0,0.005917,0.01075,0.01075
baseline,Baseline session authorization,120,1320,0.000667,0.006209,0.0,0.006125,0.013833,0.013833
baseline,Baseline session authorization,120,1321,0.000334,0.004292,0.0,0.005792,0.01125,0.01125
baseline,Baseline session authorization,120,1322,0.000333,0.004042,0.0,0.005792,0.011042,0.011042
baseline,Baseline session authorization,120,1323,0.000416,0.0045,0.0,0.005916,0.011708,0.011708
baseline,Baseline session authorization,120,1324,0.000292,0.004042,0.0,0.00575,0.010917,0.010917
baseline,Baseline session authorization,120,1325,0.000333,0.003875,0.0,0.005792,0.010834,0.010834
baseline,Baseline session authorization,120,1326,0.000292,0.003708,0.0,0.005791,0.010625,0.010625
baseline,Baseline session authorization,120,1327,0.000333,0.004084,0.0,0.005833,0.011083,0.011083
baseline,Baseline session authorization,120,1328,0.000333,0.004,0.0,0.005792,0.011,0.011
baseline,Baseline session authorization,120,1329,0.000334,0.003792,0.0,0.005791,0.01075,0.01075
baseline,Baseline session authorization,120,1330,0.000334,0.003792,0.0,0.005875,0.010834,0.010834
baseline,Baseline session authorization,120,1331,0.000333,0.004042,0.0,0.005916,0.011167,0.011167
baseline,Baseline session authorization,120,1332,0.000334,0.004042,0.0,0.005833,0.011,0.011
baseline,Baseline session authorization,120,1333,0.000334,0.003875,0.0,0.005834,0.010833,0.010833
baseline,Baseline session authorization,120,1334,0.000333,0.003916,0.0,0.005875,0.010917,0.010917
baseline,Baseline session authorization,120,1335,0.000375,0.004041,0.0,0.00575,0.010959,0.010959
baseline,Baseline session authorization,120,1336,0.000334,0.004083,0.0,0.005875,0.011166,0.011166
baseline,Baseline session authorization,120,1337,0.000292,0.003833,0.0,0.006041,0.010959,0.010959
baseline,Baseline session authorization,120,1338,0.000333,0.003917,0.0,0.006042,0.011125,0.011125
baseline,Baseline session authorization,120,1339,0.000333,0.003791,0.0,0.005833,0.010708,0.010708
baseline,Baseline session authorization,120,1340,0.000333,0.004,0.0,0.005791,0.010917,0.010917
baseline,Baseline session authorization,120,1341,0.000292,0.003875,0.0,0.005791,0.010791,0.010791
baseline,Baseline session authorization,120,1342,0.000333,0.004167,0.0,0.005833,0.011166,0.011166
baseline,Baseline session authorization,120,1343,0.000292,0.003875,0.0,0.005875,0.010792,0.010792
baseline,Baseline session authorization,120,1344,0.001125,0.056666,0.0,0.01025,0.070208,0.070208
baseline,Baseline session authorization,120,1345,0.000333,0.004,0.0,0.005959,0.011167,0.011167
baseline,Baseline session authorization,120,1346,0.000333,0.003917,0.0,0.005833,0.010958,0.010958
baseline,Baseline session authorization,120,1347,0.000334,0.004,0.0,0.005792,0.010959,0.010959
baseline,Baseline session authorization,120,1348,0.000334,0.00375,0.0,0.005917,0.010792,0.010792
baseline,Baseline session authorization,120,1349,0.000334,0.003792,0.0,0.005833,0.010833,0.010833
baseline,Baseline session authorization,120,1350,0.000417,0.017,0.0,0.006125,0.024541,0.024541
baseline,Baseline session authorization,120,1351,0.000333,0.00375,0.0,0.005833,0.010667,0.010667
baseline,Baseline session authorization,120,1352,0.000375,0.004125,0.0,0.005917,0.011333,0.011333
baseline,Baseline session authorization,120,1353,0.000333,0.004208,0.0,0.005875,0.011209,0.011209
baseline,Baseline session authorization,120,1354,0.000333,0.004042,0.0,0.005917,0.011083,0.011083
baseline,Baseline session authorization,120,1355,0.000375,0.02025,0.0,0.006792,0.028375,0.028375
baseline,Baseline session authorization,120,1356,0.000333,0.003875,0.0,0.005875,0.010833,0.010833
baseline,Baseline session authorization,120,1357,0.000333,0.003791,0.0,0.005875,0.010792,0.010792
baseline,Baseline session authorization,120,1358,0.000334,0.004167,0.0,0.005916,0.011291,0.011291
baseline,Baseline session authorization,120,1359,0.000375,0.006292,0.0,0.006,0.0135,0.0135
baseline,Baseline session authorization,120,1360,0.000291,0.003791,0.0,0.005875,0.010833,0.010833
baseline,Baseline session authorization,120,1361,0.000458,0.00425,0.0,0.005917,0.011542,0.011542
baseline,Baseline session authorization,120,1362,0.000333,0.004041,0.0,0.005834,0.011084,0.011084
baseline,Baseline session authorization,120,1363,0.000333,0.003834,0.0,0.005833,0.010917,0.010917
baseline,Baseline session authorization,120,1364,0.000333,0.004042,0.0,0.005959,0.011083,0.011083
baseline,Baseline session authorization,120,1365,0.000333,0.00425,0.0,0.006166,0.011542,0.011542
baseline,Baseline session authorization,120,1366,0.000333,0.003875,0.0,0.005875,0.010875,0.010875
baseline,Baseline session authorization,120,1367,0.000375,0.004083,0.0,0.005833,0.011166,0.011166
baseline,Baseline session authorization,120,1368,0.000416,0.003875,0.0,0.005916,0.011083,0.011083
baseline,Baseline session authorization,120,1369,0.000292,0.003959,0.0,0.005958,0.011083,0.011083
baseline,Baseline session authorization,120,1370,0.000333,0.004,0.0,0.005875,0.011208,0.011208
baseline,Baseline session authorization,120,1371,0.000291,0.003834,0.0,0.005791,0.010833,0.010833
baseline,Baseline session authorization,120,1372,0.000334,0.004083,0.0,0.005833,0.011125,0.011125
baseline,Baseline session authorization,120,1373,0.000375,0.004,0.0,0.005833,0.011083,0.011083
baseline,Baseline session authorization,120,1374,0.000292,0.00375,0.0,0.005875,0.01075,0.01075
baseline,Baseline session authorization,120,1375,0.000333,0.004292,0.0,0.006083,0.011709,0.011709
baseline,Baseline session authorization,120,1376,0.000333,0.004084,0.0,0.006,0.011208,0.011208
baseline,Baseline session authorization,120,1377,0.000375,0.004416,0.0,0.006333,0.012,0.012
baseline,Baseline session authorization,120,1378,0.000459,0.004708,0.0,0.006417,0.012583,0.012583
baseline,Baseline session authorization,120,1379,0.000375,0.00425,0.0,0.005875,0.011375,0.011375
baseline,Baseline session authorization,120,1380,0.000333,0.004125,0.0,0.005875,0.011208,0.011208
baseline,Baseline session authorization,120,1381,0.000334,0.004125,0.0,0.005791,0.011166,0.011166
baseline,Baseline session authorization,120,1382,0.000333,0.003833,0.0,0.005917,0.010833,0.010833
baseline,Baseline session authorization,120,1383,0.000334,0.005875,0.0,0.006125,0.013209,0.013209
baseline,Baseline session authorization,120,1384,0.000333,0.003916,0.0,0.006042,0.011083,0.011083
baseline,Baseline session authorization,120,1385,0.000334,0.005792,0.0,0.0065,0.0135,0.0135
baseline,Baseline session authorization,120,1386,0.000375,0.004041,0.0,0.00575,0.010959,0.010959
baseline,Baseline session authorization,120,1387,0.000291,0.003791,0.0,0.005792,0.01075,0.01075
baseline,Baseline session authorization,120,1388,0.000334,0.003833,0.0,0.005875,0.010792,0.010792
baseline,Baseline session authorization,120,1389,0.000334,0.003958,0.0,0.007708,0.012916,0.012916
baseline,Baseline session authorization,120,1390,0.000292,0.003959,0.0,0.00575,0.010833,0.010833
baseline,Baseline session authorization,120,1391,0.000291,0.003833,0.0,0.005917,0.010833,0.010833
baseline,Baseline session authorization,120,1392,0.000292,0.003834,0.0,0.005833,0.01075,0.01075
baseline,Baseline session authorization,120,1393,0.000333,0.004,0.0,0.005916,0.011,0.011
baseline,Baseline session authorization,120,1394,0.000333,0.004083,0.0,0.006083,0.011375,0.011375
baseline,Baseline session authorization,120,1395,0.000334,0.003958,0.0,0.005792,0.010916,0.010916
baseline,Baseline session authorization,120,1396,0.000334,0.004208,0.0,0.006,0.011375,0.011375
baseline,Baseline session authorization,120,1397,0.000375,0.004125,0.0,0.005917,0.01125,0.01125
baseline,Baseline session authorization,120,1398,0.000291,0.003833,0.0,0.005958,0.010917,0.010917
baseline,Baseline session authorization,120,1399,0.000542,0.005083,0.0,0.006791,0.013583,0.013583
baseline,Baseline session authorization,120,1400,0.000333,0.005541,0.0,0.006042,0.012792,0.012792
baseline,Baseline session authorization,120,1401,0.000333,0.003792,0.0,0.005834,0.010708,0.010708
baseline,Baseline session authorization,120,1402,0.000334,0.003875,0.0,0.005834,0.010834,0.010834
baseline,Baseline session authorization,120,1403,0.000292,0.004,0.0,0.005958,0.011084,0.011084
baseline,Baseline session authorization,120,1404,0.000333,0.004083,0.0,0.006167,0.011417,0.011417
baseline,Baseline session authorization,120,1405,0.000292,0.003958,0.0,0.005834,0.010958,0.010958
baseline,Baseline session authorization,120,1406,0.000333,0.003834,0.0,0.005833,0.010791,0.010791
baseline,Baseline session authorization,120,1407,0.000292,0.003792,0.0,0.005833,0.010791,0.010791
baseline,Baseline session authorization,120,1408,0.000375,0.006792,0.0,0.008709,0.016833,0.016833
baseline,Baseline session authorization,120,1409,0.000333,0.004333,0.0,0.006125,0.011667,0.011667
baseline,Baseline session authorization,120,1410,0.000333,0.003834,0.0,0.00575,0.010792,0.010792
baseline,Baseline session authorization,120,1411,0.000292,0.003875,0.0,0.005875,0.010833,0.010833
baseline,Baseline session authorization,120,1412,0.000291,0.005292,0.0,0.006083,0.012583,0.012583
baseline,Baseline session authorization,120,1413,0.000292,0.004083,0.0,0.005959,0.011167,0.011167
baseline,Baseline session authorization,120,1414,0.000375,0.004583,0.0,0.006084,0.011792,0.011792
baseline,Baseline session authorization,120,1415,0.000333,0.004083,0.0,0.005833,0.011042,0.011042
baseline,Baseline session authorization,120,1416,0.000333,0.00375,0.0,0.005833,0.010792,0.010792
baseline,Baseline session authorization,120,1417,0.000375,0.006208,0.0,0.007583,0.015,0.015
baseline,Baseline session authorization,120,1418,0.000417,0.003959,0.0,0.005791,0.011041,0.011041
baseline,Baseline session authorization,120,1419,0.000333,0.004083,0.0,0.005917,0.01125,0.01125
baseline,Baseline session authorization,120,1420,0.000333,0.004083,0.0,0.005792,0.011084,0.011084
baseline,Baseline session authorization,120,1421,0.000292,0.005042,0.0,0.005917,0.012083,0.012083
baseline,Baseline session authorization,120,1422,0.000333,0.003791,0.0,0.005834,0.010792,0.010792
baseline,Baseline session authorization,120,1423,0.000334,0.004125,0.0,0.006041,0.011375,0.011375
baseline,Baseline session authorization,120,1424,0.000541,0.004458,0.0,0.006125,0.011958,0.011958
baseline,Baseline session authorization,120,1425,0.000375,0.004083,0.0,0.005667,0.010916,0.010916
baseline,Baseline session authorization,120,1426,0.000292,0.003791,0.0,0.005792,0.010792,0.010792
baseline,Baseline session authorization,120,1427,0.000334,0.00375,0.0,0.005792,0.010708,0.010708
baseline,Baseline session authorization,120,1428,0.000625,0.005375,0.0,0.108875,0.117541,0.117541
baseline,Baseline session authorization,120,1429,0.000375,0.004125,0.0,0.005958,0.011292,0.011292
baseline,Baseline session authorization,120,1430,0.000333,0.003916,0.0,0.005875,0.010959,0.010959
baseline,Baseline session authorization,120,1431,0.000333,0.003834,0.0,0.005833,0.01075,0.01075
baseline,Baseline session authorization,120,1432,0.000292,0.00375,0.0,0.005833,0.01075,0.01075
baseline,Baseline session authorization,120,1433,0.000333,0.003958,0.0,0.005875,0.011,0.011
baseline,Baseline session authorization,120,1434,0.000333,0.004167,0.0,0.005875,0.011208,0.011208
baseline,Baseline session authorization,120,1435,0.000333,0.004042,0.0,0.005792,0.010958,0.010958
baseline,Baseline session authorization,120,1436,0.000375,0.004042,0.0,0.005958,0.011208,0.011208
baseline,Baseline session authorization,120,1437,0.000416,0.004458,0.0,0.006083,0.011791,0.011791
baseline,Baseline session authorization,120,1438,0.000334,0.003917,0.0,0.005875,0.010875,0.010875
baseline,Baseline session authorization,120,1439,0.000333,0.004,0.0,0.005875,0.011042,0.011042
baseline,Baseline session authorization,120,1440,0.000334,0.004083,0.0,0.005875,0.011125,0.011125
baseline,Baseline session authorization,120,1441,0.000333,0.003791,0.0,0.00575,0.01075,0.01075
baseline,Baseline session authorization,120,1442,0.000333,0.003833,0.0,0.005958,0.010875,0.010875
baseline,Baseline session authorization,120,1443,0.000333,0.003958,0.0,0.005833,0.011,0.011
baseline,Baseline session authorization,120,1444,0.000333,0.004166,0.0,0.005959,0.011334,0.011334
baseline,Baseline session authorization,120,1445,0.000334,0.003958,0.0,0.005958,0.011166,0.011166
baseline,Baseline session authorization,120,1446,0.000334,0.003791,0.0,0.005833,0.010792,0.010792
baseline,Baseline session authorization,120,1447,0.000334,0.003875,0.0,0.005875,0.010916,0.010916
baseline,Baseline session authorization,120,1448,0.000875,0.008,0.0,0.0095,0.019208,0.019208
baseline,Baseline session authorization,120,1449,0.000292,0.004,0.0,0.005792,0.010958,0.010958
baseline,Baseline session authorization,120,1450,0.000334,0.005,0.0,0.005792,0.012,0.012
baseline,Baseline session authorization,120,1451,0.000291,0.003875,0.0,0.005833,0.010791,0.010791
baseline,Baseline session authorization,120,1452,0.000291,0.003792,0.0,0.005875,0.010833,0.010833
baseline,Baseline session authorization,120,1453,0.000291,0.004041,0.0,0.005917,0.011083,0.011083
baseline,Baseline session authorization,120,1454,0.000333,0.004125,0.0,0.005875,0.011208,0.011208
baseline,Baseline session authorization,120,1455,0.000334,0.004042,0.0,0.005708,0.010875,0.010875
baseline,Baseline session authorization,120,1456,0.000333,0.00375,0.0,0.005875,0.010834,0.010834
baseline,Baseline session authorization,120,1457,0.000458,0.004916,0.0,0.006,0.012167,0.012167
baseline,Baseline session authorization,120,1458,0.000333,0.004209,0.0,0.005916,0.011375,0.011375
baseline,Baseline session authorization,120,1459,0.000291,0.004083,0.0,0.005834,0.011,0.011
baseline,Baseline session authorization,120,1460,0.000375,0.005459,0.0,0.005958,0.012583,0.012583
baseline,Baseline session authorization,120,1461,0.000333,0.004,0.0,0.005792,0.010958,0.010958
baseline,Baseline session authorization,120,1462,0.000291,0.00375,0.0,0.005791,0.010708,0.010708
baseline,Baseline session authorization,120,1463,0.000292,0.003708,0.0,0.005834,0.010709,0.010709
baseline,Baseline session authorization,120,1464,0.000375,0.005542,0.0,0.006125,0.012875,0.012875
baseline,Baseline session authorization,120,1465,0.000333,0.004125,0.0,0.005834,0.011125,0.011125
baseline,Baseline session authorization,120,1466,0.000375,0.004,0.0,0.00575,0.010959,0.010959
baseline,Baseline session authorization,120,1467,0.000334,0.004042,0.0,0.005833,0.011041,0.011041
baseline,Baseline session authorization,120,1468,0.000375,0.004041,0.0,0.005959,0.011209,0.011209
baseline,Baseline session authorization,120,1469,0.000292,0.003792,0.0,0.005792,0.01075,0.01075
baseline,Baseline session authorization,120,1470,0.000375,0.004375,0.0,0.006334,0.011959,0.011959
baseline,Baseline session authorization,120,1471,0.000292,0.003958,0.0,0.005792,0.010959,0.010959
baseline,Baseline session authorization,120,1472,0.000375,0.00375,0.0,0.005833,0.01075,0.01075
baseline,Baseline session authorization,120,1473,0.000291,0.00375,0.0,0.005875,0.01075,0.01075
baseline,Baseline session authorization,120,1474,0.000333,0.004209,0.0,0.005958,0.011375,0.011375
baseline,Baseline session authorization,120,1475,0.000333,0.004083,0.0,0.005875,0.011125,0.011125
baseline,Baseline session authorization,120,1476,0.000334,0.005625,0.0,0.005875,0.012667,0.012667
baseline,Baseline session authorization,120,1477,0.000333,0.003959,0.0,0.005875,0.011,0.011
baseline,Baseline session authorization,120,1478,0.000333,0.004292,0.0,0.007208,0.02675,0.02675
baseline,Baseline session authorization,120,1479,0.000334,0.005208,0.0,0.006125,0.0125,0.0125
baseline,Baseline session authorization,120,1480,0.000375,0.004041,0.0,0.005959,0.01125,0.01125
baseline,Baseline session authorization,120,1481,0.000334,0.004083,0.0,0.005834,0.011084,0.011084
baseline,Baseline session authorization,120,1482,0.000333,0.003791,0.0,0.00575,0.01075,0.01075
baseline,Baseline session authorization,120,1483,0.000292,0.00375,0.0,0.005834,0.010709,0.010709
baseline,Baseline session authorization,120,1484,0.000333,0.003959,0.0,0.005917,0.011,0.011
baseline,Baseline session authorization,120,1485,0.000291,0.00575,0.0,0.006083,0.013042,0.013042
baseline,Baseline session authorization,120,1486,0.000333,0.004167,0.0,0.005792,0.011125,0.011125
baseline,Baseline session authorization,120,1487,0.000334,0.003958,0.0,0.005916,0.011041,0.011041
baseline,Baseline session authorization,120,1488,0.000333,0.004125,0.0,0.005959,0.011292,0.011292
baseline,Baseline session authorization,120,1489,0.000333,0.005084,0.0,0.005958,0.012166,0.012166
baseline,Baseline session authorization,120,1490,0.000375,0.004375,0.0,0.00625,0.011917,0.011917
baseline,Baseline session authorization,120,1491,0.000291,0.004125,0.0,0.005833,0.011167,0.011167
baseline,Baseline session authorization,120,1492,0.000333,0.003709,0.0,0.005792,0.010667,0.010667
baseline,Baseline session authorization,120,1493,0.000333,0.003875,0.0,0.005833,0.010833,0.010833
baseline,Baseline session authorization,120,1494,0.000333,0.003791,0.0,0.005875,0.01075,0.01075
baseline,Baseline session authorization,120,1495,0.000292,0.004083,0.0,0.005958,0.011166,0.011166
baseline,Baseline session authorization,120,1496,0.000292,0.00425,0.0,0.005834,0.01125,0.01125
baseline,Baseline session authorization,120,1497,0.000333,0.004084,0.0,0.005875,0.011125,0.011125
baseline,Baseline session authorization,120,1498,0.000334,0.00375,0.0,0.005959,0.010792,0.010792
baseline,Baseline session authorization,120,1499,0.000333,0.004042,0.0,0.029334,0.034708,0.034708
baseline,Baseline session authorization,120,1500,0.000458,0.004959,0.0,0.006666,0.012958,0.012958
baseline,Baseline session authorization,120,1501,0.000333,0.004083,0.0,0.005875,0.011083,0.011083
baseline,Baseline session authorization,120,1502,0.000334,0.004167,0.0,0.005833,0.011125,0.011125
baseline,Baseline session authorization,120,1503,0.000333,0.003708,0.0,0.00575,0.010625,0.010625
baseline,Baseline session authorization,120,1504,0.000333,0.003709,0.0,0.005875,0.010708,0.010708
baseline,Baseline session authorization,120,1505,0.000333,0.004041,0.0,0.005958,0.011125,0.011125
baseline,Baseline session authorization,120,1506,0.000292,0.004083,0.0,0.005875,0.011125,0.011125
baseline,Baseline session authorization,120,1507,0.000333,0.004458,0.0,0.00675,0.012417,0.012417
baseline,Baseline session authorization,120,1508,0.000417,0.00375,0.0,0.005875,0.010916,0.010916
baseline,Baseline session authorization,120,1509,0.000333,0.00375,0.0,0.005875,0.010792,0.010792
baseline,Baseline session authorization,120,1510,0.000333,0.004083,0.0,0.005917,0.011208,0.011208
baseline,Baseline session authorization,120,1511,0.000333,0.003875,0.0,0.00575,0.010834,0.010834
baseline,Baseline session authorization,120,1512,0.000333,0.00375,0.0,0.005875,0.01075,0.01075
baseline,Baseline session authorization,120,1513,0.000333,0.003709,0.0,0.005708,0.010583,0.010583
baseline,Baseline session authorization,120,1514,0.000292,0.003792,0.0,0.005917,0.010834,0.010834
baseline,Baseline session authorization,120,1515,0.000291,0.004041,0.0,0.005917,0.011125,0.011125
baseline,Baseline session authorization,120,1516,0.000333,0.004125,0.0,0.005875,0.011208,0.011208
baseline,Baseline session authorization,120,1517,0.000375,0.004125,0.0,0.005833,0.011166,0.011166
baseline,Baseline session authorization,120,1518,0.000334,0.004,0.0,0.005958,0.011166,0.011166
baseline,Baseline session authorization,120,1519,0.000334,0.00375,0.0,0.005792,0.010667,0.010667
baseline,Baseline session authorization,120,1520,0.000334,0.004125,0.0,0.005792,0.011083,0.011083
baseline,Baseline session authorization,120,1521,0.000333,0.00375,0.0,0.005792,0.01075,0.01075
baseline,Baseline session authorization,120,1522,0.000334,0.004042,0.0,0.005958,0.011166,0.011166
baseline,Baseline session authorization,120,1523,0.000292,0.003792,0.0,0.005792,0.010708,0.010708
baseline,Baseline session authorization,120,1524,0.000333,0.004125,0.0,0.010625,0.015958,0.015958
baseline,Baseline session authorization,120,1525,0.000334,0.00375,0.0,0.005708,0.010666,0.010666
baseline,Baseline session authorization,120,1526,0.000375,0.004042,0.0,0.007917,0.013375,0.013375
baseline,Baseline session authorization,120,1527,0.000334,0.004125,0.0,0.005833,0.011167,0.011167
baseline,Baseline session authorization,120,1528,0.000375,0.004125,0.0,0.005916,0.011209,0.011209
baseline,Baseline session authorization,120,1529,0.000334,0.003834,0.0,0.005833,0.010709,0.010709
baseline,Baseline session authorization,120,1530,0.000291,0.004041,0.0,0.005875,0.011125,0.011125
baseline,Baseline session authorization,120,1531,0.000334,0.003833,0.0,0.005875,0.010875,0.010875
baseline,Baseline session authorization,120,1532,0.000291,0.003833,0.0,0.005875,0.010792,0.010792
baseline,Baseline session authorization,120,1533,0.000333,0.00425,0.0,0.006125,0.011584,0.011584
baseline,Baseline session authorization,120,1534,0.000334,0.004,0.0,0.006125,0.011375,0.011375
baseline,Baseline session authorization,120,1535,0.000292,0.005083,0.0,0.006,0.01225,0.01225
baseline,Baseline session authorization,120,1536,0.000334,0.00375,0.0,0.005709,0.010583,0.010583
baseline,Baseline session authorization,120,1537,0.000333,0.004167,0.0,0.005917,0.011292,0.011292
baseline,Baseline session authorization,120,1538,0.000292,0.003833,0.0,0.005875,0.010834,0.010834
baseline,Baseline session authorization,120,1539,0.000416,0.004708,0.0,0.005958,0.011917,0.011917
baseline,Baseline session authorization,120,1540,0.000333,0.005792,0.0,0.006292,0.01325,0.01325
baseline,Baseline session authorization,120,1541,0.000334,0.004,0.0,0.005916,0.011084,0.011084
baseline,Baseline session authorization,120,1542,0.000333,0.004125,0.0,0.005792,0.011041,0.011041
baseline,Baseline session authorization,120,1543,0.000292,0.003708,0.0,0.005792,0.010625,0.010625
baseline,Baseline session authorization,120,1544,0.000292,0.00375,0.0,0.00575,0.010584,0.010584
baseline,Baseline session authorization,120,1545,0.000333,0.005834,0.0,0.006,0.012916,0.012916
baseline,Baseline session authorization,120,1546,0.000333,0.003833,0.0,0.005875,0.010833,0.010833
baseline,Baseline session authorization,120,1547,0.000375,0.004042,0.0,0.00575,0.011125,0.011125
baseline,Baseline session authorization,120,1548,0.000334,0.004333,0.0,0.006084,0.011667,0.011667
baseline,Baseline session authorization,120,1549,0.000292,0.004,0.0,0.005917,0.011083,0.011083
baseline,Baseline session authorization,120,1550,0.000375,0.004042,0.0,0.006125,0.011375,0.011375
baseline,Baseline session authorization,120,1551,0.000333,0.00375,0.0,0.005708,0.010625,0.010625
baseline,Baseline session authorization,120,1552,0.000333,0.003875,0.0,0.005959,0.011,0.011
baseline,Baseline session authorization,120,1553,0.000292,0.004084,0.0,0.005791,0.011,0.011
baseline,Baseline session authorization,120,1554,0.000333,0.00375,0.0,0.005791,0.010708,0.010708
baseline,Baseline session authorization,120,1555,0.000333,0.005083,0.0,0.006,0.01225,0.01225
baseline,Baseline session authorization,120,1556,0.000375,0.004,0.0,0.005709,0.010875,0.010875
baseline,Baseline session authorization,120,1557,0.000333,0.004041,0.0,0.006334,0.011584,0.011584
baseline,Baseline session authorization,120,1558,0.000625,0.019625,0.0,0.01075,0.032667,0.032667
baseline,Baseline session authorization,120,1559,0.000334,0.004,0.0,0.00575,0.010958,0.010958
baseline,Baseline session authorization,120,1560,0.000292,0.00375,0.0,0.005791,0.010625,0.010625
baseline,Baseline session authorization,120,1561,0.000333,0.005125,0.0,0.005875,0.012208,0.012208
baseline,Baseline session authorization,120,1562,0.000334,0.003791,0.0,0.005833,0.01075,0.01075
baseline,Baseline session authorization,120,1563,0.000292,0.003833,0.0,0.005834,0.010792,0.010792
baseline,Baseline session authorization,120,1564,0.000333,0.003959,0.0,0.005875,0.011084,0.011084
baseline,Baseline session authorization,120,1565,0.000334,0.003917,0.0,0.006125,0.011208,0.011208
baseline,Baseline session authorization,120,1566,0.000333,0.003916,0.0,0.005875,0.010958,0.010958
baseline,Baseline session authorization,120,1567,0.000417,0.004083,0.0,0.005917,0.011292,0.011292
baseline,Baseline session authorization,120,1568,0.000333,0.004084,0.0,0.006334,0.011667,0.011667
baseline,Baseline session authorization,120,1569,0.000292,0.003791,0.0,0.005709,0.010709,0.010709
baseline,Baseline session authorization,120,1570,0.000334,0.003833,0.0,0.00575,0.010791,0.010791
baseline,Baseline session authorization,120,1571,0.000333,0.004083,0.0,0.005917,0.011167,0.011167
baseline,Baseline session authorization,120,1572,0.000291,0.005375,0.0,0.005833,0.012375,0.012375
baseline,Baseline session authorization,120,1573,0.000292,0.003792,0.0,0.005875,0.010833,0.010833
baseline,Baseline session authorization,120,1574,0.000333,0.004083,0.0,0.005833,0.011083,0.011083
baseline,Baseline session authorization,120,1575,0.000334,0.004,0.0,0.005833,0.011,0.011
baseline,Baseline session authorization,120,1576,0.000333,0.003959,0.0,0.006166,0.011333,0.011333
baseline,Baseline session authorization,120,1577,0.000334,0.004125,0.0,0.005833,0.011125,0.011125
baseline,Baseline session authorization,120,1578,0.000291,0.003875,0.0,0.00575,0.010708,0.010708
baseline,Baseline session authorization,120,1579,0.000333,0.00375,0.0,0.00575,0.010625,0.010625
baseline,Baseline session authorization,120,1580,0.000292,0.003833,0.0,0.005875,0.010833,0.010833
baseline,Baseline session authorization,120,1581,0.000292,0.005583,0.0,0.006083,0.012834,0.012834
baseline,Baseline session authorization,120,1582,0.000333,0.004125,0.0,0.005916,0.011209,0.011209
baseline,Baseline session authorization,120,1583,0.000333,0.004042,0.0,0.005875,0.011041,0.011041
baseline,Baseline session authorization,120,1584,0.000334,0.003916,0.0,0.006125,0.01125,0.01125
baseline,Baseline session authorization,120,1585,0.000334,0.003875,0.0,0.005917,0.010917,0.010917
baseline,Baseline session authorization,120,1586,0.000375,0.004417,0.0,0.006083,0.011792,0.011792
baseline,Baseline session authorization,120,1587,0.000375,0.003958,0.0,0.006,0.011125,0.011125
baseline,Baseline session authorization,120,1588,0.000291,0.003917,0.0,0.005834,0.010917,0.010917
baseline,Baseline session authorization,120,1589,0.000333,0.003791,0.0,0.00575,0.010667,0.010667
baseline,Baseline session authorization,120,1590,0.000333,0.005792,0.0,0.006125,0.013083,0.013083
baseline,Baseline session authorization,120,1591,0.000333,0.003792,0.0,0.00575,0.010708,0.010708
baseline,Baseline session authorization,120,1592,0.000375,0.004125,0.0,0.006042,0.011417,0.011417
baseline,Baseline session authorization,120,1593,0.000333,0.004,0.0,0.00575,0.010959,0.010959
baseline,Baseline session authorization,120,1594,0.000375,0.003958,0.0,0.005833,0.011041,0.011041
baseline,Baseline session authorization,120,1595,0.000333,0.004,0.0,0.00625,0.011459,0.011459
baseline,Baseline session authorization,120,1596,0.000334,0.027708,0.0,0.03775,0.067541,0.067541
baseline,Baseline session authorization,120,1597,0.000291,0.004083,0.0,0.005875,0.011125,0.011125
baseline,Baseline session authorization,120,1598,0.000334,0.003958,0.0,0.005792,0.010875,0.010875
baseline,Baseline session authorization,120,1599,0.000333,0.00375,0.0,0.00575,0.010625,0.010625
baseline,Baseline session authorization,120,1600,0.000292,0.004917,0.0,0.006041,0.012125,0.012125
baseline,Baseline session authorization,120,1601,0.000375,0.00375,0.0,0.005959,0.010833,0.010833
baseline,Baseline session authorization,120,1602,0.000334,0.004,0.0,0.005834,0.011,0.011
baseline,Baseline session authorization,120,1603,0.000334,0.004042,0.0,0.005792,0.011,0.011
baseline,Baseline session authorization,120,1604,0.000333,0.004,0.0,0.006167,0.011417,0.011417
baseline,Baseline session authorization,120,1605,0.000334,0.003833,0.0,0.005875,0.010958,0.010958
baseline,Baseline session authorization,120,1606,0.000375,0.004084,0.0,0.005917,0.011208,0.011208
baseline,Baseline session authorization,120,1607,0.000333,0.004208,0.0,0.006125,0.011542,0.011542
baseline,Baseline session authorization,120,1608,0.000292,0.003917,0.0,0.005875,0.010917,0.010917
baseline,Baseline session authorization,120,1609,0.000333,0.003834,0.0,0.005666,0.010666,0.010666
baseline,Baseline session authorization,120,1610,0.000375,0.00425,0.0,0.005791,0.011291,0.011291
baseline,Baseline session authorization,120,1611,0.000333,0.00375,0.0,0.005709,0.010667,0.010667
baseline,Baseline session authorization,120,1612,0.000334,0.00375,0.0,0.005875,0.01075,0.01075
baseline,Baseline session authorization,120,1613,0.000291,0.003833,0.0,0.005875,0.010833,0.010833
baseline,Baseline session authorization,120,1614,0.000333,0.004125,0.0,0.005833,0.011125,0.011125
baseline,Baseline session authorization,120,1615,0.000375,0.004167,0.0,0.005917,0.011292,0.011292
baseline,Baseline session authorization,120,1616,0.000375,0.004,0.0,0.006125,0.011334,0.011334
baseline,Baseline session authorization,120,1617,0.000291,0.004125,0.0,0.005833,0.011125,0.011125
baseline,Baseline session authorization,120,1618,0.000292,0.003917,0.0,0.005791,0.010875,0.010875
baseline,Baseline session authorization,120,1619,0.000333,0.003875,0.0,0.005708,0.010792,0.010792
baseline,Baseline session authorization,120,1620,0.000334,0.003833,0.0,0.005917,0.010875,0.010875
baseline,Baseline session authorization,120,1621,0.000292,0.00375,0.0,0.005875,0.010792,0.010792
baseline,Baseline session authorization,120,1622,0.000375,0.004125,0.0,0.005791,0.011125,0.011125
baseline,Baseline session authorization,120,1623,0.000333,0.004125,0.0,0.005917,0.01125,0.01125
baseline,Baseline session authorization,120,1624,0.000333,0.003917,0.0,0.006167,0.011208,0.011208
baseline,Baseline session authorization,120,1625,0.000333,0.003959,0.0,0.005958,0.011083,0.011083
baseline,Baseline session authorization,120,1626,0.000375,0.004166,0.0,0.005875,0.011292,0.011292
baseline,Baseline session authorization,120,1627,0.000333,0.00425,0.0,0.009167,0.014584,0.014584
baseline,Baseline session authorization,120,1628,0.000333,0.005042,0.0,0.006042,0.012208,0.012208
baseline,Baseline session authorization,120,1629,0.000334,0.00375,0.0,0.00575,0.010667,0.010667
baseline,Baseline session authorization,120,1630,0.000334,0.004,0.0,0.005833,0.011,0.011
baseline,Baseline session authorization,120,1631,0.000334,0.003791,0.0,0.00575,0.01075,0.01075
baseline,Baseline session authorization,120,1632,0.000333,0.00375,0.0,0.005791,0.010708,0.010708
baseline,Baseline session authorization,120,1633,0.000292,0.004083,0.0,0.005875,0.011125,0.011125
baseline,Baseline session authorization,120,1634,0.000333,0.003958,0.0,0.005792,0.010959,0.010959
baseline,Baseline session authorization,120,1635,0.000333,0.003917,0.0,0.006167,0.011166,0.011166
baseline,Baseline session authorization,120,1636,0.000333,0.003916,0.0,0.006084,0.011167,0.011167
baseline,Baseline session authorization,120,1637,0.001083,0.013292,0.0,0.0115,0.0275,0.0275
baseline,Baseline session authorization,120,1638,0.000375,0.003958,0.0,0.006167,0.011333,0.011333
baseline,Baseline session authorization,120,1639,0.000375,0.004708,0.0,0.006125,0.012166,0.012166
baseline,Baseline session authorization,120,1640,0.000416,0.005167,0.0,0.0065,0.013,0.013
baseline,Baseline session authorization,120,1641,0.000333,0.005333,0.0,0.00625,0.01275,0.01275
baseline,Baseline session authorization,120,1642,0.000375,0.004125,0.0,0.006292,0.011667,0.011667
baseline,Baseline session authorization,120,1643,0.000334,0.004083,0.0,0.006084,0.011416,0.011416
baseline,Baseline session authorization,120,1644,0.000334,0.004167,0.0,0.006083,0.011458,0.011458
baseline,Baseline session authorization,120,1645,0.0005,0.005166,0.0,0.006584,0.013125,0.013125
baseline,Baseline session authorization,120,1646,0.000375,0.004166,0.0,0.006167,0.011583,0.011583
baseline,Baseline session authorization,120,1647,0.000875,0.012458,0.0,0.010958,0.025959,0.025959
baseline,Baseline session authorization,120,1648,0.000334,0.004042,0.0,0.006125,0.011291,0.011291
baseline,Baseline session authorization,120,1649,0.000333,0.007834,0.0,0.006584,0.015667,0.015667
baseline,Baseline session authorization,120,1650,0.000333,0.004209,0.0,0.006292,0.011709,0.011709
baseline,Baseline session authorization,120,1651,0.001208,0.009834,0.0,0.009834,0.022625,0.022625
baseline,Baseline session authorization,120,1652,0.000333,0.004042,0.0,0.006,0.011208,0.011208
baseline,Baseline session authorization,120,1653,0.000333,0.004041,0.0,0.009042,0.014334,0.014334
baseline,Baseline session authorization,120,1654,0.000375,0.004,0.0,0.006209,0.011375,0.011375
baseline,Baseline session authorization,120,1655,0.000334,0.00575,0.0,0.006417,0.013333,0.013333
baseline,Baseline session authorization,120,1656,0.000375,0.004167,0.0,0.006167,0.011625,0.011625
baseline,Baseline session authorization,120,1657,0.000375,0.004042,0.0,0.006167,0.011417,0.011417
baseline,Baseline session authorization,120,1658,0.000334,0.004125,0.0,0.006125,0.011416,0.011416
baseline,Baseline session authorization,120,1659,0.000375,0.004584,0.0,0.006083,0.011958,0.011958
baseline,Baseline session authorization,120,1660,0.000334,0.004042,0.0,0.006041,0.011291,0.011291
baseline,Baseline session authorization,120,1661,0.000459,0.004584,0.0,0.006125,0.011917,0.011917
baseline,Baseline session authorization,120,1662,0.000333,0.003958,0.0,0.006208,0.011416,0.011416
baseline,Baseline session authorization,120,1663,0.000333,0.003958,0.0,0.017167,0.022458,0.022458
baseline,Baseline session authorization,120,1664,0.000333,0.004,0.0,0.006083,0.011292,0.011292
baseline,Baseline session authorization,120,1665,0.000292,0.005542,0.0,0.006334,0.013167,0.013167
baseline,Baseline session authorization,120,1666,0.000333,0.004041,0.0,0.006084,0.011292,0.011292
baseline,Baseline session authorization,120,1667,0.000334,0.005292,0.0,0.00625,0.01275,0.01275
baseline,Baseline session authorization,120,1668,0.000292,0.004,0.0,0.006125,0.011334,0.011334
baseline,Baseline session authorization,120,1669,0.000375,0.004042,0.0,0.006208,0.0115,0.0115
baseline,Baseline session authorization,120,1670,0.000333,0.004083,0.0,0.006167,0.011459,0.011459
baseline,Baseline session authorization,120,1671,0.000417,0.006167,0.0,0.006208,0.013667,0.013667
baseline,Baseline session authorization,120,1672,0.000333,0.004042,0.0,0.006584,0.01175,0.01175
baseline,Baseline session authorization,120,1673,0.000334,0.003958,0.0,0.006209,0.011292,0.011292
baseline,Baseline session authorization,120,1674,0.000416,0.005334,0.0,0.006459,0.013208,0.013208
baseline,Baseline session authorization,120,1675,0.000375,0.004042,0.0,0.006084,0.011292,0.011292
baseline,Baseline session authorization,120,1676,0.000959,0.01475,0.0,0.011708,0.029083,0.029083
baseline,Baseline session authorization,120,1677,0.000334,0.004333,0.0,0.006167,0.01175,0.01175
baseline,Baseline session authorization,120,1678,0.000334,0.003958,0.0,0.006042,0.011125,0.011125
baseline,Baseline session authorization,120,1679,0.000333,0.004584,0.0,0.006333,0.012167,0.012167
baseline,Baseline session authorization,120,1680,0.000333,0.004,0.0,0.006167,0.011375,0.011375
baseline,Baseline session authorization,120,1681,0.000333,0.004,0.0,0.006166,0.011292,0.011292
baseline,Baseline session authorization,120,1682,0.000334,0.004042,0.0,0.006041,0.011291,0.011291
baseline,Baseline session authorization,120,1683,0.000292,0.004333,0.0,0.006125,0.011666,0.011666
baseline,Baseline session authorization,120,1684,0.000334,0.004042,0.0,0.006083,0.011291,0.011291
baseline,Baseline session authorization,120,1685,0.000333,0.004,0.0,0.006083,0.011291,0.011291
baseline,Baseline session authorization,120,1686,0.000333,0.006208,0.0,0.006417,0.013875,0.013875
baseline,Baseline session authorization,120,1687,0.000333,0.004084,0.0,0.00625,0.011584,0.011584
baseline,Baseline session authorization,120,1688,0.000375,0.003917,0.0,0.006084,0.011209,0.011209
baseline,Baseline session authorization,120,1689,0.000375,0.004,0.0,0.006125,0.011333,0.011333
baseline,Baseline session authorization,120,1690,0.000375,0.004125,0.0,0.006167,0.0115,0.0115
baseline,Baseline session authorization,120,1691,0.000333,0.004,0.0,0.006083,0.011292,0.011292
baseline,Baseline session authorization,120,1692,0.000334,0.006125,0.0,0.006084,0.013375,0.013375
baseline,Baseline session authorization,120,1693,0.000375,0.004041,0.0,0.006042,0.011292,0.011292
baseline,Baseline session authorization,120,1694,0.000333,0.004,0.0,0.006125,0.01125,0.01125
baseline,Baseline session authorization,120,1695,0.000333,0.004125,0.0,0.00625,0.011542,0.011542
baseline,Baseline session authorization,120,1696,0.000375,0.004,0.0,0.006125,0.011292,0.011292
baseline,Baseline session authorization,120,1697,0.000333,0.003959,0.0,0.006125,0.011334,0.011334
baseline,Baseline session authorization,120,1698,0.000333,0.004042,0.0,0.006125,0.011375,0.011375
baseline,Baseline session authorization,120,1699,0.000333,0.004125,0.0,0.006167,0.011458,0.011458
baseline,Baseline session authorization,120,1700,0.000334,0.006167,0.0,0.006291,0.013666,0.013666
baseline,Baseline session authorization,120,1701,0.000334,0.004,0.0,0.006167,0.011333,0.011333
baseline,Baseline session authorization,120,1702,0.000333,0.004041,0.0,0.006167,0.011333,0.011333
baseline,Baseline session authorization,120,1703,0.000334,0.004,0.0,0.006208,0.011458,0.011458
baseline,Baseline session authorization,120,1704,0.000375,0.008708,0.0,0.006708,0.016958,0.016958
baseline,Baseline session authorization,120,1705,0.000375,0.003917,0.0,0.006125,0.011167,0.011167
baseline,Baseline session authorization,120,1706,0.000333,0.004042,0.0,0.006208,0.011458,0.011458
baseline,Baseline session authorization,120,1707,0.000333,0.003959,0.0,0.006208,0.011375,0.011375
baseline,Baseline session authorization,120,1708,0.000458,0.005792,0.0,0.006417,0.01375,0.01375
baseline,Baseline session authorization,120,1709,0.000375,0.004083,0.0,0.006125,0.011375,0.011375
baseline,Baseline session authorization,120,1710,0.000334,0.004125,0.0,0.005875,0.011166,0.011166
baseline,Baseline session authorization,120,1711,0.000333,0.005416,0.0,0.006292,0.012875,0.012875
baseline,Baseline session authorization,120,1712,0.000333,0.004042,0.0,0.006209,0.011375,0.011375
baseline,Baseline session authorization,120,1713,0.000375,0.004375,0.0,0.006208,0.011833,0.011833
baseline,Baseline session authorization,120,1714,0.000334,0.003917,0.0,0.006208,0.011291,0.011291
baseline,Baseline session authorization,120,1715,0.000333,0.003916,0.0,0.006084,0.011209,0.011209
baseline,Baseline session authorization,120,1716,0.000334,0.004,0.0,0.006042,0.011208,0.011208
baseline,Baseline session authorization,120,1717,0.000333,0.004125,0.0,0.006084,0.011417,0.011417
baseline,Baseline session authorization,120,1718,0.000333,0.003958,0.0,0.006208,0.011375,0.011375
baseline,Baseline session authorization,120,1719,0.000333,0.003959,0.0,0.006208,0.011333,0.011333
baseline,Baseline session authorization,120,1720,0.000291,0.005583,0.0,0.006459,0.013292,0.013292
baseline,Baseline session authorization,120,1721,0.000334,0.004042,0.0,0.006125,0.011333,0.011333
baseline,Baseline session authorization,120,1722,0.000334,0.004125,0.0,0.006292,0.011625,0.011625
baseline,Baseline session authorization,120,1723,0.000334,0.004,0.0,0.005958,0.011166,0.011166
baseline,Baseline session authorization,120,1724,0.000375,0.003875,0.0,0.006292,0.011375,0.011375
baseline,Baseline session authorization,120,1725,0.000334,0.004042,0.0,0.00625,0.011458,0.011458
baseline,Baseline session authorization,120,1726,0.000333,0.003917,0.0,0.006083,0.01125,0.01125
baseline,Baseline session authorization,120,1727,0.000333,0.003917,0.0,0.006125,0.011208,0.011208
baseline,Baseline session authorization,120,1728,0.000333,0.004042,0.0,0.017042,0.022417,0.022417
baseline,Baseline session authorization,120,1729,0.000291,0.004,0.0,0.00625,0.011375,0.011375
baseline,Baseline session authorization,120,1730,0.000375,0.004083,0.0,0.006166,0.011417,0.011417
baseline,Baseline session authorization,120,1731,0.000333,0.003875,0.0,0.006167,0.01125,0.01125
baseline,Baseline session authorization,120,1732,0.000458,0.004708,0.0,0.00625,0.01225,0.01225
baseline,Baseline session authorization,120,1733,0.000334,0.003916,0.0,0.006167,0.011333,0.011333
baseline,Baseline session authorization,120,1734,0.000333,0.003916,0.0,0.006083,0.011208,0.011208
baseline,Baseline session authorization,120,1735,0.000334,0.004125,0.0,0.006625,0.011875,0.011875
baseline,Baseline session authorization,120,1736,0.000333,0.003916,0.0,0.006125,0.011209,0.011209
baseline,Baseline session authorization,120,1737,0.000333,0.004,0.0,0.006291,0.011459,0.011459
baseline,Baseline session authorization,120,1738,0.000333,0.004042,0.0,0.006125,0.011333,0.011333
baseline,Baseline session authorization,120,1739,0.000333,0.004,0.0,0.006167,0.011417,0.011417
baseline,Baseline session authorization,120,1740,0.000333,0.004041,0.0,0.006125,0.011334,0.011334
baseline,Baseline session authorization,120,1741,0.000333,0.004,0.0,0.00625,0.011416,0.011416
baseline,Baseline session authorization,120,1742,0.000375,0.005334,0.0,0.006333,0.012875,0.012875
baseline,Baseline session authorization,120,1743,0.000333,0.004041,0.0,0.006166,0.011292,0.011292
baseline,Baseline session authorization,120,1744,0.000334,0.003875,0.0,0.006167,0.01125,0.01125
baseline,Baseline session authorization,120,1745,0.000334,0.007375,0.0,0.006542,0.015208,0.015208
baseline,Baseline session authorization,120,1746,0.000333,0.003875,0.0,0.006084,0.011209,0.011209
baseline,Baseline session authorization,120,1747,0.000333,0.004084,0.0,0.006208,0.0115,0.0115
baseline,Baseline session authorization,120,1748,0.000375,0.003917,0.0,0.006125,0.01125,0.01125
baseline,Baseline session authorization,120,1749,0.000375,0.004166,0.0,0.006292,0.011666,0.011666
baseline,Baseline session authorization,120,1750,0.000292,0.003833,0.0,0.006167,0.011167,0.011167
baseline,Baseline session authorization,120,1751,0.00125,0.009125,0.0,0.009583,0.02175,0.02175
baseline,Baseline session authorization,120,1752,0.000292,0.003958,0.0,0.006,0.011166,0.011166
baseline,Baseline session authorization,120,1753,0.000334,0.003875,0.0,0.006083,0.011125,0.011125
baseline,Baseline session authorization,120,1754,0.000334,0.004,0.0,0.006209,0.011375,0.011375
baseline,Baseline session authorization,120,1755,0.000334,0.003917,0.0,0.006125,0.011208,0.011208
baseline,Baseline session authorization,120,1756,0.000375,0.004416,0.0,0.006375,0.012041,0.012041
baseline,Baseline session authorization,120,1757,0.000375,0.003958,0.0,0.006084,0.01125,0.01125
baseline,Baseline session authorization,120,1758,0.000334,0.003875,0.0,0.006375,0.011416,0.011416
baseline,Baseline session authorization,120,1759,0.000292,0.004083,0.0,0.006125,0.011375,0.011375
baseline,Baseline session authorization,120,1760,0.000333,0.005375,0.0,0.006375,0.012916,0.012916
baseline,Baseline session authorization,120,1761,0.000375,0.003917,0.0,0.006125,0.011292,0.011292
baseline,Baseline session authorization,120,1762,0.000375,0.004125,0.0,0.006084,0.011417,0.011417
baseline,Baseline session authorization,120,1763,0.000334,0.003916,0.0,0.006125,0.011291,0.011291
baseline,Baseline session authorization,120,1764,0.000375,0.00925,0.0,0.006417,0.016917,0.016917
baseline,Baseline session authorization,120,1765,0.000458,0.004167,0.0,0.018292,0.024542,0.024542
baseline,Baseline session authorization,120,1766,0.000333,0.004,0.0,0.006084,0.011292,0.011292
baseline,Baseline session authorization,120,1767,0.000458,0.078583,0.0,0.007541,0.087708,0.087708
baseline,Baseline session authorization,120,1768,0.000375,0.004042,0.0,0.006167,0.011417,0.011417
baseline,Baseline session authorization,120,1769,0.000333,0.006458,0.0,0.010125,0.01775,0.01775
baseline,Baseline session authorization,120,1770,0.000417,0.00425,0.0,0.00625,0.01175,0.01175
baseline,Baseline session authorization,120,1771,0.000375,0.004416,0.0,0.006417,0.012042,0.012042
baseline,Baseline session authorization,120,1772,0.000333,0.003959,0.0,0.006125,0.011292,0.011292
baseline,Baseline session authorization,120,1773,0.000709,0.010083,0.0,0.008125,0.020167,0.020167
baseline,Baseline session authorization,120,1774,0.000334,0.004083,0.0,0.009833,0.015166,0.015166
baseline,Baseline session authorization,120,1775,0.000333,0.003875,0.0,0.094959,0.100792,0.100792
baseline,Baseline session authorization,120,1776,0.000375,0.003959,0.0,0.006166,0.011292,0.011292
baseline,Baseline session authorization,120,1777,0.000333,0.003959,0.0,0.006083,0.011167,0.011167
baseline,Baseline session authorization,120,1778,0.000292,0.003958,0.0,0.006375,0.011459,0.011459
baseline,Baseline session authorization,120,1779,0.000292,0.003875,0.0,0.005833,0.010875,0.010875
baseline,Baseline session authorization,120,1780,0.001,0.0135,0.0,0.012459,0.0285,0.0285
baseline,Baseline session authorization,120,1781,0.000333,0.00375,0.0,0.005917,0.010791,0.010791
baseline,Baseline session authorization,120,1782,0.001041,0.013583,0.0,0.01,0.026208,0.026208
baseline,Baseline session authorization,120,1783,0.000334,0.003792,0.0,0.005833,0.01075,0.01075
baseline,Baseline session authorization,120,1784,0.000458,0.005208,0.0,0.006416,0.013,0.013
baseline,Baseline session authorization,120,1785,0.000292,0.003833,0.0,0.005792,0.010792,0.010792
baseline,Baseline session authorization,120,1786,0.000333,0.003916,0.0,0.005875,0.010875,0.010875
baseline,Baseline session authorization,120,1787,0.000334,0.003917,0.0,0.005833,0.010916,0.010916
baseline,Baseline session authorization,120,1788,0.000375,0.00425,0.0,0.006041,0.0115,0.0115
baseline,Baseline session authorization,120,1789,0.000292,0.005833,0.0,0.006042,0.013042,0.013042
baseline,Baseline session authorization,120,1790,0.000334,0.003708,0.0,0.005792,0.010625,0.010625
baseline,Baseline session authorization,120,1791,0.001042,0.010208,0.0,0.009667,0.022459,0.022459
baseline,Baseline session authorization,120,1792,0.000291,0.004041,0.0,0.005708,0.010833,0.010833
baseline,Baseline session authorization,120,1793,0.000334,0.003833,0.0,0.005834,0.010834,0.010834
baseline,Baseline session authorization,120,1794,0.000292,0.003875,0.0,0.005709,0.01075,0.01075
baseline,Baseline session authorization,120,1795,0.000333,0.005916,0.0,0.006167,0.01325,0.01325
baseline,Baseline session authorization,120,1796,0.000333,0.003709,0.0,0.005708,0.010583,0.010583
baseline,Baseline session authorization,120,1797,0.000333,0.003792,0.0,0.005916,0.010875,0.010875
baseline,Baseline session authorization,120,1798,0.000334,0.00375,0.0,0.00575,0.010625,0.010625
baseline,Baseline session authorization,120,1799,0.000416,0.004416,0.0,0.006084,0.01175,0.01175
baseline,Baseline session authorization,120,1800,0.000333,0.003875,0.0,0.005709,0.010708,0.010708
baseline,Baseline session authorization,120,1801,0.000292,0.003792,0.0,0.005917,0.010875,0.010875
baseline,Baseline session authorization,120,1802,0.000292,0.003834,0.0,0.005833,0.010791,0.010791
baseline,Baseline session authorization,120,1803,0.000292,0.003792,0.0,0.005833,0.01075,0.01075
baseline,Baseline session authorization,120,1804,0.000334,0.003875,0.0,0.005792,0.010791,0.010791
baseline,Baseline session authorization,120,1805,0.000333,0.003791,0.0,0.005958,0.010833,0.010833
baseline,Baseline session authorization,120,1806,0.000542,0.004792,0.0,0.006625,0.012958,0.012958
baseline,Baseline session authorization,120,1807,0.000333,0.003709,0.0,0.005875,0.01075,0.01075
baseline,Baseline session authorization,120,1808,0.000333,0.003666,0.0,0.005875,0.010667,0.010667
baseline,Baseline session authorization,120,1809,0.000375,0.02025,0.0,0.006833,0.028458,0.028458
baseline,Baseline session authorization,120,1810,0.000291,0.007083,0.0,0.006,0.014167,0.014167
baseline,Baseline session authorization,120,1811,0.000291,0.003875,0.0,0.005833,0.010875,0.010875
baseline,Baseline session authorization,120,1812,0.000292,0.003875,0.0,0.005833,0.010791,0.010791
baseline,Baseline session authorization,120,1813,0.000292,0.003792,0.0,0.005875,0.010833,0.010833
baseline,Baseline session authorization,120,1814,0.000292,0.003792,0.0,0.005834,0.010708,0.010708
baseline,Baseline session authorization,120,1815,0.000292,0.003792,0.0,0.00575,0.010709,0.010709
baseline,Baseline session authorization,120,1816,0.000292,0.003833,0.0,0.005834,0.010792,0.010792
baseline,Baseline session authorization,120,1817,0.000333,0.00375,0.0,0.006,0.010875,0.010875
baseline,Baseline session authorization,120,1818,0.000333,0.003791,0.0,0.005834,0.010792,0.010792
baseline,Baseline session authorization,120,1819,0.000292,0.00375,0.0,0.005792,0.010625,0.010625
baseline,Baseline session authorization,120,1820,0.000291,0.005084,0.0,0.006042,0.012292,0.012292
baseline,Baseline session authorization,120,1821,0.000333,0.003875,0.0,0.00575,0.010708,0.010708
baseline,Baseline session authorization,120,1822,0.000291,0.00375,0.0,0.005792,0.010625,0.010625
baseline,Baseline session authorization,120,1823,0.000334,0.007458,0.0,0.006083,0.014667,0.014667
baseline,Baseline session authorization,120,1824,0.000334,0.003667,0.0,0.005708,0.010583,0.010583
baseline,Baseline session authorization,120,1825,0.000375,0.004,0.0,0.005958,0.011208,0.011208
baseline,Baseline session authorization,120,1826,0.000333,0.003833,0.0,0.005792,0.010708,0.010708
baseline,Baseline session authorization,120,1827,0.000333,0.003875,0.0,0.005833,0.010833,0.010833
baseline,Baseline session authorization,120,1828,0.000292,0.003708,0.0,0.005792,0.010625,0.010625
baseline,Baseline session authorization,120,1829,0.000459,0.004542,0.0,0.006041,0.011875,0.011875
baseline,Baseline session authorization,120,1830,0.000292,0.003959,0.0,0.005791,0.010916,0.010916
baseline,Baseline session authorization,120,1831,0.000334,0.003833,0.0,0.005916,0.010834,0.010834
baseline,Baseline session authorization,120,1832,0.000334,0.003792,0.0,0.005791,0.01075,0.01075
baseline,Baseline session authorization,120,1833,0.000333,0.006042,0.0,0.006042,0.01325,0.01325
baseline,Baseline session authorization,120,1834,0.000334,0.003708,0.0,0.005834,0.010667,0.010667
baseline,Baseline session authorization,120,1835,0.000333,0.00375,0.0,0.005833,0.01075,0.01075
baseline,Baseline session authorization,120,1836,0.000334,0.00375,0.0,0.005792,0.010667,0.010667
baseline,Baseline session authorization,120,1837,0.000292,0.003708,0.0,0.022625,0.027667,0.027667
baseline,Baseline session authorization,120,1838,0.000333,0.00375,0.0,0.00575,0.010625,0.010625
baseline,Baseline session authorization,120,1839,0.000333,0.00375,0.0,0.005834,0.010708,0.010708
baseline,Baseline session authorization,120,1840,0.000292,0.003708,0.0,0.00575,0.010542,0.010542
baseline,Baseline session authorization,120,1841,0.000375,0.003875,0.0,0.005875,0.011,0.011
baseline,Baseline session authorization,120,1842,0.000333,0.003709,0.0,0.005833,0.01075,0.01075
baseline,Baseline session authorization,120,1843,0.000333,0.00375,0.0,0.005833,0.01075,0.01075
baseline,Baseline session authorization,120,1844,0.000333,0.003833,0.0,0.005875,0.010833,0.010833
baseline,Baseline session authorization,120,1845,0.000292,0.00375,0.0,0.005833,0.010625,0.010625
baseline,Baseline session authorization,120,1846,0.000334,0.005208,0.0,0.005875,0.01225,0.01225
baseline,Baseline session authorization,120,1847,0.000334,0.003833,0.0,0.005791,0.01075,0.01075
baseline,Baseline session authorization,120,1848,0.000292,0.00375,0.0,0.005708,0.010584,0.010584
baseline,Baseline session authorization,120,1849,0.000334,0.003833,0.0,0.005959,0.010959,0.010959
baseline,Baseline session authorization,120,1850,0.000333,0.00375,0.0,0.00575,0.010625,0.010625
baseline,Baseline session authorization,120,1851,0.000292,0.003834,0.0,0.00575,0.010667,0.010667
baseline,Baseline session authorization,120,1852,0.000334,0.003875,0.0,0.005834,0.010833,0.010833
baseline,Baseline session authorization,120,1853,0.000291,0.00375,0.0,0.005916,0.010833,0.010833
baseline,Baseline session authorization,120,1854,0.000333,0.00375,0.0,0.005875,0.010792,0.010792
baseline,Baseline session authorization,120,1855,0.000334,0.003958,0.0,0.005875,0.010917,0.010917
baseline,Baseline session authorization,120,1856,0.000334,0.003708,0.0,0.005959,0.010792,0.010792
baseline,Baseline session authorization,120,1857,0.000333,0.003834,0.0,0.005833,0.010875,0.010875
baseline,Baseline session authorization,120,1858,0.000291,0.003791,0.0,0.005709,0.010667,0.010667
baseline,Baseline session authorization,120,1859,0.000292,0.003708,0.0,0.005834,0.010667,0.010667
baseline,Baseline session authorization,120,1860,0.000292,0.003709,0.0,0.005833,0.010666,0.010666
baseline,Baseline session authorization,120,1861,0.001041,0.013958,0.0,0.010167,0.026708,0.026708
baseline,Baseline session authorization,120,1862,0.000333,0.003833,0.0,0.005667,0.010667,0.010667
baseline,Baseline session authorization,120,1863,0.000292,0.00375,0.0,0.005833,0.010709,0.010709
baseline,Baseline session authorization,120,1864,0.000334,0.003959,0.0,0.006041,0.011291,0.011291
baseline,Baseline session authorization,120,1865,0.000292,0.003834,0.0,0.005875,0.010875,0.010875
baseline,Baseline session authorization,120,1866,0.000291,0.003708,0.0,0.007334,0.012125,0.012125
baseline,Baseline session authorization,120,1867,0.000292,0.00375,0.0,0.005916,0.01075,0.01075
baseline,Baseline session authorization,120,1868,0.000375,0.003875,0.0,0.005875,0.010875,0.010875
baseline,Baseline session authorization,120,1869,0.000334,0.00375,0.0,0.005958,0.010875,0.010875
baseline,Baseline session authorization,120,1870,0.000333,0.003875,0.0,0.00575,0.010708,0.010708
baseline,Baseline session authorization,120,1871,0.000334,0.003833,0.0,0.005917,0.010917,0.010917
baseline,Baseline session authorization,120,1872,0.000333,0.003792,0.0,0.005916,0.010875,0.010875
baseline,Baseline session authorization,120,1873,0.000333,0.003917,0.0,0.005875,0.010958,0.010958
baseline,Baseline session authorization,120,1874,0.000334,0.003667,0.0,0.005917,0.010667,0.010667
baseline,Baseline session authorization,120,1875,0.000333,0.003792,0.0,0.005834,0.010792,0.010792
baseline,Baseline session authorization,120,1876,0.000333,0.003875,0.0,0.005833,0.010792,0.010792
baseline,Baseline session authorization,120,1877,0.000291,0.003833,0.0,0.005917,0.010917,0.010917
baseline,Baseline session authorization,120,1878,0.000334,0.003792,0.0,0.005792,0.010791,0.010791
baseline,Baseline session authorization,120,1879,0.000292,0.003875,0.0,0.005875,0.010875,0.010875
baseline,Baseline session authorization,120,1880,0.000333,0.003792,0.0,0.005875,0.01075,0.01075
baseline,Baseline session authorization,120,1881,0.000334,0.005417,0.0,0.006083,0.012625,0.012625
baseline,Baseline session authorization,120,1882,0.000333,0.004,0.0,0.006042,0.01125,0.01125
baseline,Baseline session authorization,120,1883,0.000333,0.00375,0.0,0.005875,0.010792,0.010792
baseline,Baseline session authorization,120,1884,0.000292,0.003792,0.0,0.005833,0.01075,0.01075
baseline,Baseline session authorization,120,1885,0.000333,0.003917,0.0,0.005833,0.010916,0.010916
baseline,Baseline session authorization,120,1886,0.000292,0.005167,0.0,0.006042,0.012333,0.012333
baseline,Baseline session authorization,120,1887,0.000375,0.004125,0.0,0.005875,0.011167,0.011167
baseline,Baseline session authorization,120,1888,0.000333,0.00375,0.0,0.005833,0.010708,0.010708
baseline,Baseline session authorization,120,1889,0.000292,0.004333,0.0,0.005875,0.011292,0.011292
baseline,Baseline session authorization,120,1890,0.000291,0.005167,0.0,0.005958,0.01225,0.01225
baseline,Baseline session authorization,120,1891,0.000416,0.004791,0.0,0.00625,0.012333,0.012333
baseline,Baseline session authorization,120,1892,0.000291,0.00375,0.0,0.005875,0.010792,0.010792
baseline,Baseline session authorization,120,1893,0.001125,0.015375,0.0,0.011041,0.029375,0.029375
baseline,Baseline session authorization,120,1894,0.000334,0.003708,0.0,0.00575,0.010625,0.010625
baseline,Baseline session authorization,120,1895,0.000292,0.00375,0.0,0.005917,0.010792,0.010792
baseline,Baseline session authorization,120,1896,0.000292,0.00375,0.0,0.005792,0.010709,0.010709
baseline,Baseline session authorization,120,1897,0.000333,0.003792,0.0,0.005834,0.01075,0.01075
baseline,Baseline session authorization,120,1898,0.000334,0.003833,0.0,0.005875,0.010834,0.010834
baseline,Baseline session authorization,120,1899,0.000333,0.003792,0.0,0.005792,0.010708,0.010708
baseline,Baseline session authorization,120,1900,0.000334,0.005042,0.0,0.005958,0.012125,0.012125
baseline,Baseline session authorization,120,1901,0.000333,0.003834,0.0,0.006,0.010958,0.010958
baseline,Baseline session authorization,120,1902,0.000292,0.003791,0.0,0.005792,0.01075,0.01075
baseline,Baseline session authorization,120,1903,0.000334,0.003792,0.0,0.005875,0.010875,0.010875
baseline,Baseline session authorization,120,1904,0.000333,0.003833,0.0,0.005917,0.010875,0.010875
baseline,Baseline session authorization,120,1905,0.000334,0.003875,0.0,0.005959,0.010917,0.010917
baseline,Baseline session authorization,120,1906,0.000333,0.003791,0.0,0.005833,0.010792,0.010792
baseline,Baseline session authorization,120,1907,0.000334,0.00575,0.0,0.006042,0.012917,0.012917
baseline,Baseline session authorization,120,1908,0.000291,0.003791,0.0,0.005792,0.010708,0.010708
baseline,Baseline session authorization,120,1909,0.000292,0.003834,0.0,0.005917,0.010875,0.010875
baseline,Baseline session authorization,120,1910,0.000333,0.003708,0.0,0.00575,0.010583,0.010583
baseline,Baseline session authorization,120,1911,0.000292,0.00375,0.0,0.00575,0.010708,0.010708
baseline,Baseline session authorization,120,1912,0.000334,0.003792,0.0,0.005875,0.010792,0.010792
baseline,Baseline session authorization,120,1913,0.000292,0.003709,0.0,0.005792,0.010625,0.010625
baseline,Baseline session authorization,120,1914,0.000333,0.003833,0.0,0.005875,0.010833,0.010833
baseline,Baseline session authorization,120,1915,0.000333,0.003875,0.0,0.005917,0.010875,0.010875
baseline,Baseline session authorization,120,1916,0.000333,0.003791,0.0,0.007542,0.012542,0.012542
baseline,Baseline session authorization,120,1917,0.000333,0.005666,0.0,0.006125,0.012917,0.012917
baseline,Baseline session authorization,120,1918,0.000292,0.003875,0.0,0.005834,0.01075,0.01075
baseline,Baseline session authorization,120,1919,0.000291,0.00375,0.0,0.005875,0.01075,0.01075
baseline,Baseline session authorization,120,1920,0.000333,0.003875,0.0,0.005958,0.010958,0.010958
baseline,Baseline session authorization,120,1921,0.000333,0.00375,0.0,0.005833,0.010667,0.010667
baseline,Baseline session authorization,120,1922,0.000292,0.003708,0.0,0.005834,0.010708,0.010708
baseline,Baseline session authorization,120,1923,0.000292,0.003917,0.0,0.005959,0.011,0.011
baseline,Baseline session authorization,120,1924,0.000333,0.003791,0.0,0.005917,0.010875,0.010875
baseline,Baseline session authorization,120,1925,0.000333,0.003708,0.0,0.005792,0.010625,0.010625
baseline,Baseline session authorization,120,1926,0.000334,0.003875,0.0,0.00575,0.01075,0.01075
baseline,Baseline session authorization,120,1927,0.000333,0.00375,0.0,0.005834,0.010709,0.010709
baseline,Baseline session authorization,120,1928,0.000292,0.003917,0.0,0.005833,0.010875,0.010875
baseline,Baseline session authorization,120,1929,0.000292,0.00375,0.0,0.005917,0.010792,0.010792
baseline,Baseline session authorization,120,1930,0.000291,0.003833,0.0,0.005833,0.010792,0.010792
baseline,Baseline session authorization,120,1931,0.000333,0.003958,0.0,0.005958,0.011084,0.011084
baseline,Baseline session authorization,120,1932,0.000292,0.00375,0.0,0.005875,0.010708,0.010708
baseline,Baseline session authorization,120,1933,0.000333,0.003792,0.0,0.005875,0.010875,0.010875
baseline,Baseline session authorization,120,1934,0.000333,0.00375,0.0,0.00575,0.010625,0.010625
baseline,Baseline session authorization,120,1935,0.000375,0.003791,0.0,0.005875,0.01075,0.01075
baseline,Baseline session authorization,120,1936,0.000333,0.003792,0.0,0.00575,0.01075,0.01075
baseline,Baseline session authorization,120,1937,0.000292,0.00575,0.0,0.006458,0.013458,0.013458
baseline,Baseline session authorization,120,1938,0.001292,0.009875,0.0,0.009792,0.022709,0.022709
baseline,Baseline session authorization,120,1939,0.000375,0.003833,0.0,0.005833,0.010875,0.010875
baseline,Baseline session authorization,120,1940,0.000542,0.006291,0.0,0.006459,0.01425,0.01425
baseline,Baseline session authorization,120,1941,0.001292,0.010583,0.0,0.0105,0.024166,0.024166
baseline,Baseline session authorization,120,1942,0.000333,0.003791,0.0,0.005792,0.010792,0.010792
baseline,Baseline session authorization,120,1943,0.000334,0.005375,0.0,0.006375,0.012958,0.012958
baseline,Baseline session authorization,120,1944,0.001167,0.00925,0.0,0.010084,0.022292,0.022292
baseline,Baseline session authorization,120,1945,0.000291,0.003875,0.0,0.00575,0.010792,0.010792
baseline,Baseline session authorization,120,1946,0.000375,0.004333,0.0,0.006042,0.011625,0.011625
baseline,Baseline session authorization,120,1947,0.000375,0.004167,0.0,0.006166,0.011583,0.011583
baseline,Baseline session authorization,120,1948,0.000375,0.004792,0.0,0.00625,0.012417,0.012417
baseline,Baseline session authorization,120,1949,0.000333,0.00525,0.0,0.006083,0.0125,0.0125
baseline,Baseline session authorization,120,1950,0.000333,0.003916,0.0,0.005834,0.010875,0.010875
baseline,Baseline session authorization,120,1951,0.000333,0.003875,0.0,0.006125,0.011167,0.011167
baseline,Baseline session authorization,120,1952,0.000333,0.004083,0.0,0.006209,0.011584,0.011584
baseline,Baseline session authorization,120,1953,0.000292,0.003708,0.0,0.005917,0.010792,0.010792
baseline,Baseline session authorization,120,1954,0.000334,0.003958,0.0,0.006,0.011125,0.011125
baseline,Baseline session authorization,120,1955,0.000375,0.003875,0.0,0.006208,0.011292,0.011292
baseline,Baseline session authorization,120,1956,0.000375,0.004125,0.0,0.006167,0.011542,0.011542
baseline,Baseline session authorization,120,1957,0.000333,0.003792,0.0,0.005875,0.010833,0.010833
baseline,Baseline session authorization,120,1958,0.000834,0.0115,0.0,0.012166,0.026083,0.026083
baseline,Baseline session authorization,120,1959,0.000333,0.007166,0.0,0.006292,0.014667,0.014667
baseline,Baseline session authorization,120,1960,0.001375,0.017166,0.0,0.013166,0.033542,0.033542
baseline,Baseline session authorization,120,1961,0.000292,0.003833,0.0,0.005875,0.010875,0.010875
baseline,Baseline session authorization,120,1962,0.000333,0.003875,0.0,0.005958,0.010917,0.010917
baseline,Baseline session authorization,120,1963,0.000334,0.004,0.0,0.00625,0.011458,0.011458
baseline,Baseline session authorization,120,1964,0.000333,0.004,0.0,0.006042,0.01125,0.01125
baseline,Baseline session authorization,120,1965,0.000333,0.00375,0.0,0.005916,0.010791,0.010791
baseline,Baseline session authorization,120,1966,0.000292,0.003833,0.0,0.005958,0.010875,0.010875
baseline,Baseline session authorization,120,1967,0.000458,0.004459,0.0,0.006,0.011833,0.011833
baseline,Baseline session authorization,120,1968,0.000291,0.003791,0.0,0.005958,0.010833,0.010833
baseline,Baseline session authorization,120,1969,0.000291,0.003833,0.0,0.005917,0.010875,0.010875
baseline,Baseline session authorization,120,1970,0.000292,0.00375,0.0,0.005875,0.01075,0.01075
baseline,Baseline session authorization,120,1971,0.000291,0.003833,0.0,0.005917,0.010917,0.010917
baseline,Baseline session authorization,120,1972,0.00125,0.012667,0.0,0.011875,0.027416,0.027416
baseline,Baseline session authorization,120,1973,0.000333,0.0155,0.0,0.006708,0.023459,0.023459
baseline,Baseline session authorization,120,1974,0.000375,0.004042,0.0,0.006125,0.011333,0.011333
baseline,Baseline session authorization,120,1975,0.00125,0.041959,0.0,0.010208,0.05525,0.05525
baseline,Baseline session authorization,120,1976,0.000333,0.003875,0.0,0.005917,0.010917,0.010917
baseline,Baseline session authorization,120,1977,0.000292,0.003792,0.0,0.005958,0.010875,0.010875
baseline,Baseline session authorization,120,1978,0.000375,0.004292,0.0,0.006292,0.011834,0.011834
baseline,Baseline session authorization,120,1979,0.000416,0.004708,0.0,0.006292,0.012292,0.012292
baseline,Baseline session authorization,120,1980,0.001125,0.018875,0.0,0.015042,0.03675,0.03675
baseline,Baseline session authorization,120,1981,0.000334,0.004083,0.0,0.010667,0.016041,0.016041
baseline,Baseline session authorization,120,1982,0.000334,0.004041,0.0,0.006167,0.011375,0.011375
baseline,Baseline session authorization,120,1983,0.000375,0.008584,0.0,0.006541,0.016416,0.016416
baseline,Baseline session authorization,120,1984,0.000333,0.004084,0.0,0.00625,0.011583,0.011583
baseline,Baseline session authorization,120,1985,0.001084,0.008416,0.0,0.010042,0.021167,0.021167
baseline,Baseline session authorization,120,1986,0.000416,0.004459,0.0,0.006125,0.011875,0.011875
baseline,Baseline session authorization,120,1987,0.000334,0.003833,0.0,0.005875,0.010834,0.010834
baseline,Baseline session authorization,120,1988,0.000333,0.004209,0.0,0.022,0.027542,0.027542
baseline,Baseline session authorization,120,1989,0.000333,0.004,0.0,0.006208,0.011416,0.011416
baseline,Baseline session authorization,120,1990,0.0005,0.005166,0.0,0.006125,0.012625,0.012625
baseline,Baseline session authorization,120,1991,0.000334,0.00375,0.0,0.005875,0.01075,0.01075
baseline,Baseline session authorization,120,1992,0.000291,0.003709,0.0,0.005833,0.010667,0.010667
baseline,Baseline session authorization,120,1993,0.000333,0.00375,0.0,0.005833,0.010666,0.010666
baseline,Baseline session authorization,120,1994,0.000292,0.00375,0.0,0.005875,0.010709,0.010709
baseline,Baseline session authorization,120,1995,0.000291,0.003875,0.0,0.006,0.011,0.011
baseline,Baseline session authorization,120,1996,0.000292,0.003709,0.0,0.005791,0.010625,0.010625
baseline,Baseline session authorization,120,1997,0.013333,0.018209,0.0,0.015791,0.049333,0.049333
baseline,Baseline session authorization,120,1998,0.000334,0.003792,0.0,0.005791,0.010791,0.010791
baseline,Baseline session authorization,120,1999,0.000333,0.004041,0.0,0.006209,0.011417,0.011417
baseline,Baseline session authorization,120,2000,0.000333,0.004042,0.0,0.006209,0.0115,0.0115
baseline,Baseline session authorization,120,2001,0.000292,0.003792,0.0,0.00575,0.010667,0.010667
baseline,Baseline session authorization,120,2002,0.000333,0.00375,0.0,0.005917,0.010791,0.010791
baseline,Baseline session authorization,120,2003,0.000416,0.003959,0.0,0.006166,0.011416,0.011416
baseline,Baseline session authorization,120,2004,0.000625,0.007208,0.0,0.006917,0.01575,0.01575
baseline,Baseline session authorization,120,2005,0.000334,0.00375,0.0,0.00575,0.010625,0.010625
baseline,Baseline session authorization,120,2006,0.000292,0.005208,0.0,0.006042,0.012417,0.012417
baseline,Baseline session authorization,120,2007,0.000333,0.004,0.0,0.006208,0.011458,0.011458
baseline,Baseline session authorization,120,2008,0.000333,0.003791,0.0,0.00575,0.01075,0.01075
baseline,Baseline session authorization,120,2009,0.000417,0.004791,0.0,0.006292,0.012417,0.012417
baseline,Baseline session authorization,120,2010,0.000333,0.003792,0.0,0.005875,0.010875,0.010875
baseline,Baseline session authorization,120,2011,0.000375,0.004375,0.0,0.006209,0.011834,0.011834
baseline,Baseline session authorization,120,2012,0.000334,0.004708,0.0,0.006417,0.012417,0.012417
baseline,Baseline session authorization,120,2013,0.000334,0.00375,0.0,0.005833,0.010791,0.010791
baseline,Baseline session authorization,120,2014,0.000333,0.003958,0.0,0.006125,0.011333,0.011333
baseline,Baseline session authorization,120,2015,0.000292,0.003833,0.0,0.005916,0.010875,0.010875
baseline,Baseline session authorization,120,2016,0.000375,0.003875,0.0,0.005792,0.010917,0.010917
baseline,Baseline session authorization,120,2017,0.000375,0.003917,0.0,0.006166,0.011291,0.011291
baseline,Baseline session authorization,120,2018,0.000333,0.004167,0.0,0.005917,0.011334,0.011334
baseline,Baseline session authorization,120,2019,0.000417,0.003916,0.0,0.005875,0.011166,0.011166
baseline,Baseline session authorization,120,2020,0.000334,0.00375,0.0,0.005917,0.010875,0.010875
baseline,Baseline session authorization,120,2021,0.000333,0.007083,0.0,0.005958,0.014334,0.014334
baseline,Baseline session authorization,120,2022,0.000333,0.005916,0.0,0.006125,0.013208,0.013208
baseline,Baseline session authorization,120,2023,0.000333,0.003792,0.0,0.005875,0.010833,0.010833
baseline,Baseline session authorization,120,2024,0.00125,0.015041,0.0,0.011833,0.030042,0.030042
baseline,Baseline session authorization,120,2025,0.000292,0.00375,0.0,0.005959,0.010792,0.010792
baseline,Baseline session authorization,120,2026,0.000458,0.004417,0.0,0.00625,0.012042,0.012042
baseline,Baseline session authorization,120,2027,0.000375,0.003875,0.0,0.005833,0.010833,0.010833
baseline,Baseline session authorization,120,2028,0.000333,0.004042,0.0,0.006083,0.011375,0.011375
baseline,Baseline session authorization,120,2029,0.000375,0.006208,0.0,0.006458,0.014292,0.014292
baseline,Baseline session authorization,120,2030,0.000333,0.00375,0.0,0.00725,0.012167,0.012167
baseline,Baseline session authorization,120,2031,0.000416,0.004917,0.0,0.006292,0.012542,0.012542
baseline,Baseline session authorization,120,2032,0.000292,0.00375,0.0,0.005834,0.010709,0.010709
baseline,Baseline session authorization,120,2033,0.000333,0.005792,0.0,0.006333,0.013458,0.013458
baseline,Baseline session authorization,120,2034,0.000334,0.003708,0.0,0.00575,0.010584,0.010584
baseline,Baseline session authorization,120,2035,0.000334,0.004,0.0,0.005875,0.011041,0.011041
baseline,Baseline session authorization,120,2036,0.000334,0.004167,0.0,0.006333,0.011708,0.011708
baseline,Baseline session authorization,120,2037,0.000375,0.004083,0.0,0.006125,0.011458,0.011458
baseline,Baseline session authorization,120,2038,0.000333,0.00375,0.0,0.005834,0.01075,0.01075
baseline,Baseline session authorization,120,2039,0.000375,0.004292,0.0,0.00625,0.011792,0.011792
baseline,Baseline session authorization,120,2040,0.000333,0.003792,0.0,0.005792,0.010792,0.010792
baseline,Baseline session authorization,120,2041,0.000333,0.004084,0.0,0.006208,0.011583,0.011583
baseline,Baseline session authorization,120,2042,0.000291,0.003666,0.0,0.005916,0.010667,0.010667
baseline,Baseline session authorization,120,2043,0.000333,0.003875,0.0,0.005917,0.011,0.011
baseline,Baseline session authorization,120,2044,0.000375,0.003834,0.0,0.005833,0.010875,0.010875
baseline,Baseline session authorization,120,2045,0.000291,0.00375,0.0,0.005958,0.010833,0.010833
baseline,Baseline session authorization,120,2046,0.000291,0.003833,0.0,0.005792,0.01075,0.01075
baseline,Baseline session authorization,120,2047,0.000333,0.003792,0.0,0.005875,0.010792,0.010792
baseline,Baseline session authorization,120,2048,0.000375,0.003916,0.0,0.005791,0.010916,0.010916
baseline,Baseline session authorization,120,2049,0.000334,0.003792,0.0,0.005875,0.010791,0.010791
baseline,Baseline session authorization,120,2050,0.001292,0.014375,0.0,0.028542,0.046209,0.046209
baseline,Baseline session authorization,120,2051,0.000334,0.005042,0.0,0.005959,0.012209,0.012209
baseline,Baseline session authorization,120,2052,0.000333,0.004042,0.0,0.006125,0.011417,0.011417
baseline,Baseline session authorization,120,2053,0.000375,0.004042,0.0,0.006167,0.011459,0.011459
baseline,Baseline session authorization,120,2054,0.000292,0.00375,0.0,0.005791,0.01075,0.01075
baseline,Baseline session authorization,120,2055,0.000375,0.003875,0.0,0.005917,0.010917,0.010917
baseline,Baseline session authorization,120,2056,0.000334,0.004083,0.0,0.006125,0.011458,0.011458
baseline,Baseline session authorization,120,2057,0.000542,0.005541,0.0,0.006292,0.013334,0.013334
baseline,Baseline session authorization,120,2058,0.000375,0.003792,0.0,0.006042,0.011,0.011
baseline,Baseline session authorization,120,2059,0.000333,0.003833,0.0,0.005833,0.010875,0.010875
baseline,Baseline session authorization,120,2060,0.000334,0.004042,0.0,0.006125,0.011375,0.011375
baseline,Baseline session authorization,120,2061,0.000375,0.004292,0.0,0.006208,0.01175,0.01175
baseline,Baseline session authorization,120,2062,0.000375,0.003875,0.0,0.005916,0.011,0.011
baseline,Baseline session authorization,120,2063,0.000416,0.003833,0.0,0.006,0.011083,0.011083
baseline,Baseline session authorization,120,2064,0.000333,0.004125,0.0,0.006167,0.011542,0.011542
baseline,Baseline session authorization,120,2065,0.000375,0.004125,0.0,0.006416,0.011791,0.011791
baseline,Baseline session authorization,120,2066,0.000333,0.01775,0.0,0.006709,0.025792,0.025792
baseline,Baseline session authorization,120,2067,0.000292,0.0145,0.0,0.006458,0.022166,0.022166
baseline,Baseline session authorization,120,2068,0.000334,0.004,0.0,0.006125,0.011333,0.011333
baseline,Baseline session authorization,120,2069,0.000375,0.004042,0.0,0.006291,0.011583,0.011583
baseline,Baseline session authorization,120,2070,0.000334,0.003708,0.0,0.005792,0.010708,0.010708
baseline,Baseline session authorization,120,2071,0.000333,0.004125,0.0,0.006125,0.011584,0.011584
baseline,Baseline session authorization,120,2072,0.000333,0.006084,0.0,0.006125,0.013417,0.013417
baseline,Baseline session authorization,120,2073,0.000417,0.004167,0.0,0.005959,0.011334,0.011334
baseline,Baseline session authorization,120,2074,0.000375,0.004,0.0,0.006291,0.011541,0.011541
baseline,Baseline session authorization,120,2075,0.000333,0.003709,0.0,0.005792,0.010667,0.010667
baseline,Baseline session authorization,120,2076,0.000291,0.003666,0.0,0.005834,0.010625,0.010625
baseline,Baseline session authorization,120,2077,0.000333,0.003834,0.0,0.005916,0.010958,0.010958
baseline,Baseline session authorization,120,2078,0.000292,0.003792,0.0,0.005917,0.010833,0.010833
baseline,Baseline session authorization,120,2079,0.000333,0.003875,0.0,0.005875,0.010875,0.010875
baseline,Baseline session authorization,120,2080,0.001291,0.010041,0.0,0.010292,0.023292,0.023292
baseline,Baseline session authorization,120,2081,0.000333,0.00375,0.0,0.005917,0.010833,0.010833
baseline,Baseline session authorization,120,2082,0.000292,0.003792,0.0,0.005791,0.01075,0.01075
baseline,Baseline session authorization,120,2083,0.000333,0.004083,0.0,0.006042,0.011334,0.011334
baseline,Baseline session authorization,120,2084,0.000333,0.004083,0.0,0.005875,0.011042,0.011042
baseline,Baseline session authorization,120,2085,0.000417,0.004125,0.0,0.006125,0.011584,0.011584
baseline,Baseline session authorization,120,2086,0.000333,0.00375,0.0,0.005834,0.01075,0.01075
baseline,Baseline session authorization,120,2087,0.000333,0.004041,0.0,0.006084,0.011334,0.011334
baseline,Baseline session authorization,120,2088,0.000417,0.004708,0.0,0.00625,0.012333,0.012333
baseline,Baseline session authorization,120,2089,0.000333,0.005417,0.0,0.006,0.012667,0.012667
baseline,Baseline session authorization,120,2090,0.000334,0.005917,0.0,0.005959,0.013083,0.013083
baseline,Baseline session authorization,120,2091,0.000333,0.004084,0.0,0.006208,0.011458,0.011458
baseline,Baseline session authorization,120,2092,0.000292,0.004,0.0,0.006,0.011125,0.011125
baseline,Baseline session authorization,120,2093,0.000375,0.004167,0.0,0.006166,0.011541,0.011541
baseline,Baseline session authorization,120,2094,0.000333,0.003834,0.0,0.005833,0.010792,0.010792
baseline,Baseline session authorization,120,2095,0.000333,0.003917,0.0,0.005875,0.010958,0.010958
baseline,Baseline session authorization,120,2096,0.000333,0.003791,0.0,0.005833,0.01075,0.01075
baseline,Baseline session authorization,120,2097,0.000375,0.003875,0.0,0.006,0.011042,0.011042
baseline,Baseline session authorization,120,2098,0.000333,0.003792,0.0,0.00575,0.010708,0.010708
baseline,Baseline session authorization,120,2099,0.000334,0.003708,0.0,0.005916,0.010791,0.010791
baseline,Baseline session authorization,120,2100,0.001292,0.019875,0.0,0.010041,0.033,0.033
baseline,Baseline session authorization,120,2101,0.000333,0.003834,0.0,0.005875,0.010875,0.010875
baseline,Baseline session authorization,120,2102,0.000417,0.004333,0.0,0.006166,0.011792,0.011792
baseline,Baseline session authorization,120,2103,0.000333,0.003791,0.0,0.006084,0.011042,0.011042
baseline,Baseline session authorization,120,2104,0.000375,0.004125,0.0,0.006042,0.011417,0.011417
baseline,Baseline session authorization,120,2105,0.000333,0.003833,0.0,0.005875,0.010875,0.010875
baseline,Baseline session authorization,120,2106,0.000334,0.007792,0.0,0.006541,0.015583,0.015583
baseline,Baseline session authorization,120,2107,0.000333,0.003875,0.0,0.00575,0.010833,0.010833
baseline,Baseline session authorization,120,2108,0.000625,0.00575,0.0,0.007041,0.0275,0.0275
baseline,Baseline session authorization,120,2109,0.000417,0.004459,0.0,0.006333,0.012,0.012
baseline,Baseline session authorization,120,2110,0.000292,0.005625,0.0,0.006125,0.012875,0.012875
baseline,Baseline session authorization,120,2111,0.000333,0.004125,0.0,0.006375,0.01175,0.01175
baseline,Baseline session authorization,120,2112,0.000333,0.004,0.0,0.005917,0.011083,0.011083
baseline,Baseline session authorization,120,2113,0.000292,0.003792,0.0,0.005792,0.02075,0.02075
baseline,Baseline session authorization,120,2114,0.000334,0.00375,0.0,0.005917,0.010833,0.010833
baseline,Baseline session authorization,120,2115,0.000333,0.00375,0.0,0.005792,0.010625,0.010625
baseline,Baseline session authorization,120,2116,0.000334,0.005667,0.0,0.006083,0.012916,0.012916
baseline,Baseline session authorization,120,2117,0.000292,0.00375,0.0,0.005833,0.010666,0.010666
baseline,Baseline session authorization,120,2118,0.000333,0.003834,0.0,0.005917,0.010875,0.010875
baseline,Baseline session authorization,120,2119,0.001292,0.010208,0.0,0.010333,0.023583,0.023583
baseline,Baseline session authorization,120,2120,0.000292,0.003834,0.0,0.005792,0.010708,0.010708
baseline,Baseline session authorization,120,2121,0.000333,0.004209,0.0,0.006166,0.011583,0.011583
baseline,Baseline session authorization,120,2122,0.000375,0.003834,0.0,0.005958,0.011042,0.011042
baseline,Baseline session authorization,120,2123,0.000375,0.004417,0.0,0.006167,0.011875,0.011875
baseline,Baseline session authorization,120,2124,0.000334,0.003833,0.0,0.005875,0.010792,0.010792
baseline,Baseline session authorization,120,2125,0.000375,0.004459,0.0,0.006291,0.012125,0.012125
baseline,Baseline session authorization,120,2126,0.000459,0.005,0.0,0.006375,0.01275,0.01275
baseline,Baseline session authorization,120,2127,0.000334,0.00375,0.0,0.005792,0.01075,0.01075
baseline,Baseline session authorization,120,2128,0.000334,0.00375,0.0,0.005834,0.010709,0.010709
baseline,Baseline session authorization,120,2129,0.000333,0.003917,0.0,0.005875,0.010916,0.010916
baseline,Baseline session authorization,120,2130,0.000333,0.003791,0.0,0.005833,0.010792,0.010792
baseline,Baseline session authorization,120,2131,0.000334,0.003667,0.0,0.005792,0.010583,0.010583
baseline,Baseline session authorization,120,2132,0.000333,0.005,0.0,0.006,0.012125,0.012125
baseline,Baseline session authorization,120,2133,0.001292,0.017584,0.0,0.01425,0.034916,0.034916
baseline,Baseline session authorization,120,2134,0.000333,0.00375,0.0,0.005833,0.010708,0.010708
baseline,Baseline session authorization,120,2135,0.000375,0.0045,0.0,0.006292,0.012083,0.012083
baseline,Baseline session authorization,120,2136,0.000333,0.00375,0.0,0.005833,0.01075,0.01075
baseline,Baseline session authorization,120,2137,0.000375,0.004084,0.0,0.00625,0.011584,0.011584
baseline,Baseline session authorization,120,2138,0.000291,0.00375,0.0,0.005875,0.010792,0.010792
baseline,Baseline session authorization,120,2139,0.0005,0.006916,0.0,0.006709,0.015042,0.015042
baseline,Baseline session authorization,120,2140,0.000334,0.003833,0.0,0.005916,0.010875,0.010875
baseline,Baseline session authorization,120,2141,0.000333,0.003833,0.0,0.005875,0.010792,0.010792
baseline,Baseline session authorization,120,2142,0.001291,0.020542,0.0,0.015166,0.039125,0.039125
baseline,Baseline session authorization,120,2143,0.000459,0.006458,0.0,0.006833,0.014708,0.014708
baseline,Baseline session authorization,120,2144,0.000333,0.003875,0.0,0.006,0.010958,0.010958
baseline,Baseline session authorization,120,2145,0.0005,0.00625,0.0,0.006625,0.014416,0.014416
baseline,Baseline session authorization,120,2146,0.000333,0.004,0.0,0.00625,0.0115,0.0115
baseline,Baseline session authorization,120,2147,0.000375,0.003916,0.0,0.005833,0.010917,0.010917
baseline,Baseline session authorization,120,2148,0.000291,0.00375,0.0,0.00575,0.010708,0.010708
baseline,Baseline session authorization,120,2149,0.000375,0.003875,0.0,0.005916,0.011,0.011
baseline,Baseline session authorization,120,2150,0.000459,0.00475,0.0,0.006208,0.012291,0.012291
baseline,Baseline session authorization,120,2151,0.000333,0.003833,0.0,0.005917,0.010833,0.010833
baseline,Baseline session authorization,120,2152,0.000459,0.004417,0.0,0.006,0.01175,0.01175
baseline,Baseline session authorization,120,2153,0.000292,0.003833,0.0,0.005917,0.010917,0.010917
baseline,Baseline session authorization,120,2154,0.000375,0.005375,0.0,0.006041,0.012708,0.012708
baseline,Baseline session authorization,120,2155,0.001375,0.014917,0.0,0.013916,0.032292,0.032292
baseline,Baseline session authorization,120,2156,0.000375,0.003709,0.0,0.007041,0.030625,0.030625
baseline,Baseline session authorization,120,2157,0.000333,0.004084,0.0,0.006167,0.011542,0.011542
baseline,Baseline session authorization,120,2158,0.000334,0.00375,0.0,0.005875,0.01075,0.01075
baseline,Baseline session authorization,120,2159,0.000375,0.003792,0.0,0.005834,0.010792,0.010792
baseline,Baseline session authorization,120,2160,0.000334,0.003667,0.0,0.00575,0.010583,0.010583
baseline,Baseline session authorization,120,2161,0.000292,0.003792,0.0,0.005791,0.010709,0.010709
baseline,Baseline session authorization,120,2162,0.001375,0.025125,0.0,0.034375,0.063417,0.063417
baseline,Baseline session authorization,120,2163,0.000375,0.00375,0.0,0.00575,0.01075,0.01075
baseline,Baseline session authorization,120,2164,0.000333,0.003834,0.0,0.005875,0.010917,0.010917
baseline,Baseline session authorization,120,2165,0.000416,0.003916,0.0,0.00575,0.010875,0.010875
baseline,Baseline session authorization,120,2166,0.000375,0.003791,0.0,0.005875,0.010792,0.010792
baseline,Baseline session authorization,120,2167,0.000334,0.003792,0.0,0.005792,0.010667,0.010667
baseline,Baseline session authorization,120,2168,0.000333,0.003791,0.0,0.005833,0.010792,0.010792
baseline,Baseline session authorization,120,2169,0.000333,0.003916,0.0,0.005833,0.010833,0.010833
baseline,Baseline session authorization,120,2170,0.000333,0.003833,0.0,0.005833,0.010833,0.010833
baseline,Baseline session authorization,120,2171,0.000292,0.00375,0.0,0.005792,0.010666,0.010666
baseline,Baseline session authorization,120,2172,0.000375,0.005542,0.0,0.006,0.012792,0.012792
baseline,Baseline session authorization,120,2173,0.000375,0.003875,0.0,0.006042,0.011125,0.011125
baseline,Baseline session authorization,120,2174,0.000334,0.003792,0.0,0.005875,0.010791,0.010791
baseline,Baseline session authorization,120,2175,0.000292,0.003667,0.0,0.005834,0.010583,0.010583
baseline,Baseline session authorization,120,2176,0.000333,0.005208,0.0,0.005875,0.012291,0.012291
baseline,Baseline session authorization,120,2177,0.000334,0.00375,0.0,0.005917,0.010833,0.010833
baseline,Baseline session authorization,120,2178,0.000333,0.00375,0.0,0.005791,0.010625,0.010625
baseline,Baseline session authorization,120,2179,0.000333,0.00375,0.0,0.005834,0.010708,0.010708
baseline,Baseline session authorization,120,2180,0.000333,0.00375,0.0,0.005708,0.010625,0.010625
baseline,Baseline session authorization,120,2181,0.000334,0.003833,0.0,0.006167,0.013583,0.013583
baseline,Baseline session authorization,120,2182,0.000333,0.003709,0.0,0.005833,0.010708,0.010708
baseline,Baseline session authorization,120,2183,0.000833,0.011958,0.0,0.01,0.02425,0.02425
baseline,Baseline session authorization,120,2184,0.001166,0.012709,0.0,0.010958,0.0265,0.0265
baseline,Baseline session authorization,120,2185,0.000333,0.003833,0.0,0.005792,0.010708,0.010708
baseline,Baseline session authorization,120,2186,0.000958,0.010333,0.0,0.010084,0.022875,0.022875
baseline,Baseline session authorization,120,2187,0.001042,0.013791,0.0,0.010167,0.026625,0.026625
baseline,Baseline session authorization,120,2188,0.000333,0.005209,0.0,0.006,0.012375,0.012375
baseline,Baseline session authorization,120,2189,0.000333,0.003917,0.0,0.005792,0.010792,0.010792
baseline,Baseline session authorization,120,2190,0.000333,0.003791,0.0,0.00575,0.010708,0.010708
baseline,Baseline session authorization,120,2191,0.000375,0.005166,0.0,0.005959,0.012334,0.012334
baseline,Baseline session authorization,120,2192,0.000333,0.00375,0.0,0.005834,0.01075,0.01075
baseline,Baseline session authorization,120,2193,0.000292,0.003792,0.0,0.005875,0.01075,0.01075
baseline,Baseline session authorization,120,2194,0.000333,0.003834,0.0,0.005708,0.010708,0.010708
baseline,Baseline session authorization,120,2195,0.000333,0.003958,0.0,0.005917,0.011,0.011
baseline,Baseline session authorization,120,2196,0.000958,0.010334,0.0,0.010458,0.023458,0.023458
baseline,Baseline session authorization,120,2197,0.000375,0.00375,0.0,0.00575,0.010666,0.010666
baseline,Baseline session authorization,120,2198,0.000375,0.004834,0.0,0.006083,0.01225,0.01225
baseline,Baseline session authorization,120,2199,0.000292,0.003875,0.0,0.005875,0.010875,0.010875
baseline,Baseline session authorization,120,2200,0.000333,0.003667,0.0,0.005667,0.0105,0.0105
baseline,Baseline session authorization,120,2201,0.000334,0.003792,0.0,0.005792,0.01075,0.01075
baseline,Baseline session authorization,120,2202,0.000334,0.003792,0.0,0.00575,0.01075,0.01075
baseline,Baseline session authorization,120,2203,0.0005,0.005166,0.0,0.006209,0.012708,0.012708
baseline,Baseline session authorization,120,2204,0.000416,0.004333,0.0,0.006,0.011625,0.011625
baseline,Baseline session authorization,120,2205,0.000375,0.004375,0.0,0.005916,0.011541,0.011541
baseline,Baseline session authorization,120,2206,0.000333,0.003792,0.0,0.005792,0.010792,0.010792
baseline,Baseline session authorization,120,2207,0.000333,0.006375,0.0,0.005959,0.0135,0.0135
baseline,Baseline session authorization,120,2208,0.000333,0.003709,0.0,0.005708,0.010541,0.010541
baseline,Baseline session authorization,120,2209,0.000333,0.004,0.0,0.005833,0.010958,0.010958
baseline,Baseline session authorization,120,2210,0.000333,0.003833,0.0,0.005834,0.010834,0.010834
baseline,Baseline session authorization,120,2211,0.000333,0.006417,0.0,0.005958,0.013583,0.013583
baseline,Baseline session authorization,120,2212,0.004459,0.010958,0.0,0.010708,0.028084,0.028084
baseline,Baseline session authorization,120,2213,0.000334,0.003833,0.0,0.005833,0.010791,0.010791
baseline,Baseline session authorization,120,2214,0.000333,0.00375,0.0,0.005708,0.010667,0.010667
baseline,Baseline session authorization,120,2215,0.000333,0.003792,0.0,0.005792,0.01075,0.01075
baseline,Baseline session authorization,120,2216,0.000334,0.004,0.0,0.006042,0.011166,0.011166
baseline,Baseline session authorization,120,2217,0.000333,0.003833,0.0,0.005792,0.010834,0.010834
baseline,Baseline session authorization,120,2218,0.000333,0.003834,0.0,0.005708,0.010708,0.010708
baseline,Baseline session authorization,120,2219,0.000375,0.008125,0.0,0.006,0.015334,0.015334
baseline,Baseline session authorization,120,2220,0.000375,0.00375,0.0,0.005791,0.010709,0.010709
baseline,Baseline session authorization,120,2221,0.000333,0.004083,0.0,0.005917,0.01125,0.01125
baseline,Baseline session authorization,120,2222,0.000292,0.003917,0.0,0.005875,0.010916,0.010916
baseline,Baseline session authorization,120,2223,0.000334,0.003875,0.0,0.005959,0.011,0.011
baseline,Baseline session authorization,120,2224,0.000333,0.00375,0.0,0.00575,0.010709,0.010709
baseline,Baseline session authorization,120,2225,0.000292,0.003959,0.0,0.005917,0.011,0.011
baseline,Baseline session authorization,120,2226,0.000292,0.003833,0.0,0.00575,0.010709,0.010709
baseline,Baseline session authorization,120,2227,0.000334,0.003708,0.0,0.005834,0.010708,0.010708
baseline,Baseline session authorization,120,2228,0.000333,0.003917,0.0,0.00575,0.010875,0.010875
baseline,Baseline session authorization,120,2229,0.000333,0.003833,0.0,0.005917,0.010875,0.010875
baseline,Baseline session authorization,120,2230,0.000291,0.003958,0.0,0.005916,0.010958,0.010958
baseline,Baseline session authorization,120,2231,0.001208,0.011541,0.0,0.010333,0.024709,0.024709
baseline,Baseline session authorization,120,2232,0.000334,0.003833,0.0,0.005792,0.010791,0.010791
baseline,Baseline session authorization,120,2233,0.000333,0.003833,0.0,0.005875,0.01075,0.01075
baseline,Baseline session authorization,120,2234,0.000334,0.003792,0.0,0.005708,0.010666,0.010666
baseline,Baseline session authorization,120,2235,0.000333,0.003833,0.0,0.005875,0.010875,0.010875
baseline,Baseline session authorization,120,2236,0.000333,0.003709,0.0,0.005875,0.010708,0.010708
baseline,Baseline session authorization,120,2237,0.000291,0.005375,0.0,0.006,0.0125,0.0125
baseline,Baseline session authorization,120,2238,0.000333,0.003833,0.0,0.005792,0.010791,0.010791
baseline,Baseline session authorization,120,2239,0.000333,0.004,0.0,0.005875,0.011,0.011
baseline,Baseline session authorization,120,2240,0.000292,0.003792,0.0,0.005917,0.01075,0.01075
baseline,Baseline session authorization,120,2241,0.000333,0.00375,0.0,0.00575,0.010625,0.010625
baseline,Baseline session authorization,120,2242,0.000333,0.003792,0.0,0.005708,0.010625,0.010625
baseline,Baseline session authorization,120,2243,0.000375,0.003792,0.0,0.005833,0.010875,0.010875
baseline,Baseline session authorization,120,2244,0.000333,0.00375,0.0,0.005791,0.010667,0.010667
baseline,Baseline session authorization,120,2245,0.000292,0.00375,0.0,0.005708,0.010625,0.010625
baseline,Baseline session authorization,120,2246,0.000333,0.004,0.0,0.005875,0.011042,0.011042
baseline,Baseline session authorization,120,2247,0.000375,0.003875,0.0,0.006,0.011042,0.011042
baseline,Baseline session authorization,120,2248,0.000459,0.004708,0.0,0.0065,0.012666,0.012666
baseline,Baseline session authorization,120,2249,0.000333,0.003791,0.0,0.02,0.026166,0.026166
baseline,Baseline session authorization,120,2250,0.000333,0.003833,0.0,0.00575,0.010791,0.010791
baseline,Baseline session authorization,120,2251,0.000291,0.019041,0.0,0.0065,0.026792,0.026792
baseline,Baseline session authorization,120,2252,0.000333,0.003791,0.0,0.005791,0.010667,0.010667
baseline,Baseline session authorization,120,2253,0.000708,0.006875,0.0,0.006084,0.014584,0.014584
baseline,Baseline session authorization,120,2254,0.000333,0.003792,0.0,0.005875,0.010875,0.010875
baseline,Baseline session authorization,120,2255,0.000291,0.003792,0.0,0.00575,0.01075,0.01075
baseline,Baseline session authorization,120,2256,0.0005,0.005167,0.0,0.00625,0.012791,0.012791
baseline,Baseline session authorization,120,2257,0.000292,0.003834,0.0,0.005875,0.010791,0.010791
baseline,Baseline session authorization,120,2258,0.000541,0.004916,0.0,0.006166,0.012708,0.012708
baseline,Baseline session authorization,120,2259,0.000333,0.00375,0.0,0.008417,0.013292,0.013292
baseline,Baseline session authorization,120,2260,0.000292,0.00375,0.0,0.00575,0.010667,0.010667
baseline,Baseline session authorization,120,2261,0.000334,0.003792,0.0,0.005791,0.01075,0.01075
baseline,Baseline session authorization,120,2262,0.000333,0.003916,0.0,0.005792,0.010875,0.010875
baseline,Baseline session authorization,120,2263,0.000334,0.003833,0.0,0.024833,0.030625,0.030625
baseline,Baseline session authorization,120,2264,0.000334,0.003792,0.0,0.005875,0.010833,0.010833
baseline,Baseline session authorization,120,2265,0.000375,0.003958,0.0,0.005917,0.011167,0.011167
baseline,Baseline session authorization,120,2266,0.000375,0.003875,0.0,0.005917,0.010958,0.010958
baseline,Baseline session authorization,120,2267,0.000917,0.00775,0.0,0.00825,0.017833,0.017833
baseline,Baseline session authorization,120,2268,0.000334,0.003708,0.0,0.005833,0.010666,0.010666
baseline,Baseline session authorization,120,2269,0.000333,0.003875,0.0,0.005875,0.010917,0.010917
baseline,Baseline session authorization,120,2270,0.000292,0.003791,0.0,0.005791,0.01075,0.01075
baseline,Baseline session authorization,120,2271,0.000334,0.005417,0.0,0.006083,0.012667,0.012667
baseline,Baseline session authorization,120,2272,0.000334,0.003708,0.0,0.00575,0.010666,0.010666
baseline,Baseline session authorization,120,2273,0.000333,0.00375,0.0,0.005834,0.01075,0.01075
baseline,Baseline session authorization,120,2274,0.000375,0.003792,0.0,0.005833,0.010917,0.010917
baseline,Baseline session authorization,120,2275,0.000333,0.00375,0.0,0.00575,0.010667,0.010667
baseline,Baseline session authorization,120,2276,0.000292,0.003917,0.0,0.005917,0.010916,0.010916
baseline,Baseline session authorization,120,2277,0.000375,0.004417,0.0,0.006542,0.012334,0.012334
baseline,Baseline session authorization,120,2278,0.000334,0.003708,0.0,0.005709,0.010625,0.010625
baseline,Baseline session authorization,120,2279,0.000333,0.003833,0.0,0.005667,0.010625,0.010625
baseline,Baseline session authorization,120,2280,0.000333,0.003708,0.0,0.005709,0.010542,0.010542
baseline,Baseline session authorization,120,2281,0.000292,0.003792,0.0,0.005958,0.010875,0.010875
baseline,Baseline session authorization,120,2282,0.000333,0.003834,0.0,0.005875,0.010917,0.010917
baseline,Baseline session authorization,120,2283,0.000333,0.00375,0.0,0.005875,0.010792,0.010792
baseline,Baseline session authorization,120,2284,0.000334,0.003958,0.0,0.005875,0.011083,0.011083
baseline,Baseline session authorization,120,2285,0.000333,0.00375,0.0,0.005708,0.010583,0.010583
baseline,Baseline session authorization,120,2286,0.000292,0.003833,0.0,0.005791,0.010709,0.010709
baseline,Baseline session authorization,120,2287,0.000333,0.00375,0.0,0.005708,0.010542,0.010542
baseline,Baseline session authorization,120,2288,0.000333,0.00375,0.0,0.00575,0.010625,0.010625
baseline,Baseline session authorization,120,2289,0.000333,0.003834,0.0,0.005833,0.010833,0.010833
baseline,Baseline session authorization,120,2290,0.000292,0.005542,0.0,0.006042,0.012709,0.012709
baseline,Baseline session authorization,120,2291,0.000375,0.003708,0.0,0.005792,0.010666,0.010666
baseline,Baseline session authorization,120,2292,0.000333,0.003834,0.0,0.005875,0.010833,0.010833
baseline,Baseline session authorization,120,2293,0.000333,0.003917,0.0,0.006084,0.011167,0.011167
baseline,Baseline session authorization,120,2294,0.001125,0.015625,0.0,0.012459,0.031,0.031
baseline,Baseline session authorization,120,2295,0.000333,0.003834,0.0,0.005875,0.010875,0.010875
baseline,Baseline session authorization,120,2296,0.000334,0.003667,0.0,0.00575,0.010625,0.010625
baseline,Baseline session authorization,120,2297,0.000333,0.00375,0.0,0.005875,0.010708,0.010708
baseline,Baseline session authorization,120,2298,0.000292,0.003792,0.0,0.005709,0.010583,0.010583
baseline,Baseline session authorization,120,2299,0.000334,0.004,0.0,0.00575,0.010875,0.010875
baseline,Baseline session authorization,120,2300,0.000333,0.005875,0.0,0.006,0.013,0.013
baseline,Baseline session authorization,120,2301,0.000334,0.003792,0.0,0.005875,0.010791,0.010791
baseline,Baseline session authorization,120,2302,0.000375,0.00375,0.0,0.005917,0.010833,0.010833
baseline,Baseline session authorization,120,2303,0.000291,0.003791,0.0,0.005834,0.010792,0.010792
baseline,Baseline session authorization,120,2304,0.000334,0.003833,0.0,0.005916,0.010916,0.010916
baseline,Baseline session authorization,120,2305,0.000292,0.00375,0.0,0.005833,0.01075,0.01075
baseline,Baseline session authorization,120,2306,0.000333,0.003709,0.0,0.005875,0.010708,0.010708
baseline,Baseline session authorization,120,2307,0.000292,0.003792,0.0,0.005792,0.010666,0.010666
baseline,Baseline session authorization,120,2308,0.000334,0.003875,0.0,0.005709,0.01075,0.01075
baseline,Baseline session authorization,120,2309,0.000292,0.00375,0.0,0.00575,0.010625,0.010625
baseline,Baseline session authorization,120,2310,0.000334,0.003792,0.0,0.005833,0.010791,0.010791
baseline,Baseline session authorization,120,2311,0.000292,0.003875,0.0,0.005917,0.010833,0.010833
baseline,Baseline session authorization,120,2312,0.000959,0.011416,0.0,0.011417,0.025375,0.025375
baseline,Baseline session authorization,120,2313,0.000416,0.0045,0.0,0.005875,0.011625,0.011625
baseline,Baseline session authorization,120,2314,0.000292,0.003875,0.0,0.005833,0.010833,0.010833
baseline,Baseline session authorization,120,2315,0.000333,0.003834,0.0,0.005791,0.010792,0.010792
baseline,Baseline session authorization,120,2316,0.000333,0.003792,0.0,0.005917,0.010791,0.010791
baseline,Baseline session authorization,120,2317,0.000333,0.003792,0.0,0.005834,0.010708,0.010708
baseline,Baseline session authorization,120,2318,0.000292,0.00375,0.0,0.00575,0.010625,0.010625
baseline,Baseline session authorization,120,2319,0.000292,0.003875,0.0,0.005791,0.01075,0.01075
baseline,Baseline session authorization,120,2320,0.000375,0.003709,0.0,0.005958,0.010834,0.010834
baseline,Baseline session authorization,120,2321,0.000333,0.003917,0.0,0.005792,0.010875,0.010875
baseline,Baseline session authorization,120,2322,0.000334,0.003833,0.0,0.005875,0.010958,0.010958
baseline,Baseline session authorization,120,2323,0.000334,0.003833,0.0,0.00575,0.010791,0.010791
baseline,Baseline session authorization,120,2324,0.000291,0.00375,0.0,0.005875,0.010666,0.010666
baseline,Baseline session authorization,120,2325,0.000334,0.003792,0.0,0.00575,0.010709,0.010709
baseline,Baseline session authorization,120,2326,0.000333,0.003834,0.0,0.00575,0.010792,0.010792
baseline,Baseline session authorization,120,2327,0.000292,0.00375,0.0,0.005833,0.010666,0.010666
baseline,Baseline session authorization,120,2328,0.000292,0.003833,0.0,0.00575,0.010709,0.010709
baseline,Baseline session authorization,120,2329,0.000334,0.006083,0.0,0.006083,0.013416,0.013416
baseline,Baseline session authorization,120,2330,0.000292,0.005834,0.0,0.006,0.013,0.013
baseline,Baseline session authorization,120,2331,0.000375,0.004291,0.0,0.005917,0.011458,0.011458
baseline,Baseline session authorization,120,2332,0.000375,0.004208,0.0,0.005875,0.011417,0.011417
baseline,Baseline session authorization,120,2333,0.000333,0.003709,0.0,0.005916,0.01075,0.01075
baseline,Baseline session authorization,120,2334,0.000291,0.003708,0.0,0.00575,0.010542,0.010542
baseline,Baseline session authorization,120,2335,0.000333,0.003708,0.0,0.00575,0.010584,0.010584
baseline,Baseline session authorization,120,2336,0.000333,0.003792,0.0,0.005833,0.010833,0.010833
baseline,Baseline session authorization,120,2337,0.000333,0.008291,0.0,0.006167,0.015583,0.015583
baseline,Baseline session authorization,120,2338,0.000375,0.003834,0.0,0.005875,0.010875,0.010875
baseline,Baseline session authorization,120,2339,0.000333,0.003833,0.0,0.006,0.010917,0.010917
baseline,Baseline session authorization,120,2340,0.000334,0.003917,0.0,0.005792,0.010833,0.010833
baseline,Baseline session authorization,120,2341,0.000833,0.008375,0.0,0.007291,0.017542,0.017542
baseline,Baseline session authorization,120,2342,0.000291,0.003833,0.0,0.00575,0.01075,0.01075
baseline,Baseline session authorization,120,2343,0.000292,0.00375,0.0,0.005875,0.01075,0.01075
baseline,Baseline session authorization,120,2344,0.000291,0.003708,0.0,0.005834,0.010667,0.010667
baseline,Baseline session authorization,120,2345,0.000917,0.010916,0.0,0.009875,0.02325,0.02325
baseline,Baseline session authorization,120,2346,0.000333,0.00375,0.0,0.005875,0.01075,0.01075
baseline,Baseline session authorization,120,2347,0.000334,0.006417,0.0,0.006166,0.013791,0.013791
baseline,Baseline session authorization,120,2348,0.000291,0.003833,0.0,0.016959,0.022,0.022
baseline,Baseline session authorization,120,2349,0.000333,0.003875,0.0,0.005791,0.010792,0.010792
baseline,Baseline session authorization,120,2350,0.000334,0.003875,0.0,0.022583,0.028417,0.028417
baseline,Baseline session authorization,120,2351,0.000333,0.003833,0.0,0.005917,0.010833,0.010833
baseline,Baseline session authorization,120,2352,0.000292,0.00375,0.0,0.005708,0.010584,0.010584
baseline,Baseline session authorization,120,2353,0.000375,0.005208,0.0,0.006042,0.012417,0.012417
baseline,Baseline session authorization,120,2354,0.000333,0.003834,0.0,0.00575,0.010708,0.010708
baseline,Baseline session authorization,120,2355,0.000375,0.00375,0.0,0.005792,0.010708,0.010708
baseline,Baseline session authorization,120,2356,0.000292,0.005834,0.0,0.007541,0.0145,0.0145
baseline,Baseline session authorization,120,2357,0.000333,0.00375,0.0,0.005792,0.010667,0.010667
baseline,Baseline session authorization,120,2358,0.000375,0.003917,0.0,0.005833,0.010958,0.010958
baseline,Baseline session authorization,120,2359,0.000333,0.003792,0.0,0.005792,0.010792,0.010792
baseline,Baseline session authorization,120,2360,0.000334,0.003917,0.0,0.005791,0.010875,0.010875
baseline,Baseline session authorization,120,2361,0.000333,0.003833,0.0,0.005834,0.010792,0.010792
baseline,Baseline session authorization,120,2362,0.000334,0.003792,0.0,0.005791,0.010709,0.010709
baseline,Baseline session authorization,120,2363,0.000333,0.003708,0.0,0.005792,0.010708,0.010708
baseline,Baseline session authorization,120,2364,0.000333,0.003792,0.0,0.005875,0.010833,0.010833
baseline,Baseline session authorization,120,2365,0.000333,0.003791,0.0,0.005834,0.010834,0.010834
baseline,Baseline session authorization,120,2366,0.000333,0.015417,0.0,0.006625,0.023333,0.023333
baseline,Baseline session authorization,120,2367,0.000333,0.003917,0.0,0.005875,0.010917,0.010917
baseline,Baseline session authorization,120,2368,0.000333,0.003834,0.0,0.005791,0.01075,0.01075
baseline,Baseline session authorization,120,2369,0.000333,0.003875,0.0,0.005875,0.010875,0.010875
baseline,Baseline session authorization,120,2370,0.000375,0.005,0.0,0.005959,0.012209,0.012209
baseline,Baseline session authorization,120,2371,0.000291,0.00375,0.0,0.00575,0.010667,0.010667
baseline,Baseline session authorization,120,2372,0.000334,0.003792,0.0,0.005833,0.01075,0.01075
baseline,Baseline session authorization,120,2373,0.000333,0.003834,0.0,0.005833,0.01075,0.01075
baseline,Baseline session authorization,120,2374,0.000333,0.003792,0.0,0.005875,0.010833,0.010833
baseline,Baseline session authorization,120,2375,0.000292,0.00375,0.0,0.005709,0.010625,0.010625
baseline,Baseline session authorization,120,2376,0.000375,0.00375,0.0,0.005791,0.010709,0.010709
baseline,Baseline session authorization,120,2377,0.000292,0.003792,0.0,0.005833,0.01075,0.01075
baseline,Baseline session authorization,120,2378,0.000334,0.003792,0.0,0.005833,0.010791,0.010791
baseline,Baseline session authorization,120,2379,0.000333,0.003791,0.0,0.005833,0.010792,0.010792
baseline,Baseline session authorization,120,2380,0.000291,0.003833,0.0,0.005792,0.01075,0.01075
baseline,Baseline session authorization,120,2381,0.000333,0.003792,0.0,0.005792,0.010708,0.010708
baseline,Baseline session authorization,120,2382,0.000333,0.003916,0.0,0.005833,0.010875,0.010875
baseline,Baseline session authorization,120,2383,0.000333,0.003792,0.0,0.005875,0.010833,0.010833
baseline,Baseline session authorization,120,2384,0.000375,0.003875,0.0,0.00575,0.010875,0.010875
baseline,Baseline session authorization,120,2385,0.000334,0.003917,0.0,0.005833,0.010875,0.010875
baseline,Baseline session authorization,120,2386,0.000333,0.003791,0.0,0.005875,0.01075,0.01075
baseline,Baseline session authorization,120,2387,0.000334,0.003792,0.0,0.005833,0.01075,0.01075
baseline,Baseline session authorization,120,2388,0.000292,0.003875,0.0,0.00575,0.01075,0.01075
baseline,Baseline session authorization,120,2389,0.000334,0.003792,0.0,0.005958,0.010875,0.010875
baseline,Baseline session authorization,120,2390,0.000292,0.003792,0.0,0.005709,0.010625,0.010625
baseline,Baseline session authorization,120,2391,0.000291,0.003708,0.0,0.005792,0.010625,0.010625
baseline,Baseline session authorization,120,2392,0.000292,0.003917,0.0,0.005666,0.01075,0.01075
baseline,Baseline session authorization,120,2393,0.000417,0.003917,0.0,0.005917,0.011041,0.011041
baseline,Baseline session authorization,120,2394,0.000334,0.00375,0.0,0.005917,0.010834,0.010834
baseline,Baseline session authorization,120,2395,0.000334,0.003833,0.0,0.005791,0.01075,0.01075
baseline,Baseline session authorization,120,2396,0.000333,0.003917,0.0,0.005875,0.010917,0.010917
baseline,Baseline session authorization,120,2397,0.000292,0.00375,0.0,0.005792,0.010667,0.010667
baseline,Baseline session authorization,120,2398,0.000333,0.004084,0.0,0.005958,0.01125,0.01125
baseline,Baseline session authorization,120,2399,0.000292,0.003833,0.0,0.005791,0.01075,0.01075
baseline,Baseline session authorization,120,2400,0.000333,0.00375,0.0,0.005875,0.010792,0.010792
baseline,Baseline session authorization,120,2401,0.000291,0.00375,0.0,0.00575,0.010667,0.010667
baseline,Baseline session authorization,120,2402,0.000334,0.021667,0.0,0.00675,0.029667,0.029667
baseline,Baseline session authorization,120,2403,0.000375,0.003833,0.0,0.005834,0.010792,0.010792
baseline,Baseline session authorization,120,2404,0.000334,0.003875,0.0,0.005792,0.010875,0.010875
baseline,Baseline session authorization,120,2405,0.000333,0.009583,0.0,0.006167,0.016875,0.016875
baseline,Baseline session authorization,120,2406,0.000333,0.003791,0.0,0.005834,0.010792,0.010792
baseline,Baseline session authorization,120,2407,0.000333,0.003791,0.0,0.00575,0.010709,0.010709
baseline,Baseline session authorization,120,2408,0.000333,0.00375,0.0,0.005791,0.010625,0.010625
baseline,Baseline session authorization,120,2409,0.000333,0.003708,0.0,0.005833,0.010709,0.010709
baseline,Baseline session authorization,120,2410,0.000416,0.004,0.0,0.005958,0.011333,0.011333
baseline,Baseline session authorization,120,2411,0.000292,0.00575,0.0,0.006042,0.012916,0.012916
baseline,Baseline session authorization,120,2412,0.000334,0.00375,0.0,0.005834,0.010667,0.010667
baseline,Baseline session authorization,120,2413,0.000334,0.003792,0.0,0.005875,0.010792,0.010792
baseline,Baseline session authorization,120,2414,0.000333,0.003917,0.0,0.009625,0.014708,0.014708
baseline,Baseline session authorization,120,2415,0.000333,0.003875,0.0,0.005833,0.010792,0.010792
baseline,Baseline session authorization,120,2416,0.000333,0.004084,0.0,0.005958,0.011292,0.011292
baseline,Baseline session authorization,120,2417,0.000334,0.00375,0.0,0.005792,0.010667,0.010667
baseline,Baseline session authorization,120,2418,0.000334,0.00375,0.0,0.005833,0.010791,0.010791
baseline,Baseline session authorization,120,2419,0.000292,0.004959,0.0,0.005916,0.012041,0.012041
baseline,Baseline session authorization,120,2420,0.000333,0.003792,0.0,0.005834,0.01075,0.01075
baseline,Baseline session authorization,120,2421,0.000334,0.003833,0.0,0.005875,0.010875,0.010875
baseline,Baseline session authorization,120,2422,0.000333,0.005375,0.0,0.006209,0.013,0.013
baseline,Baseline session authorization,120,2423,0.000333,0.003833,0.0,0.00575,0.010708,0.010708
baseline,Baseline session authorization,120,2424,0.000333,0.00375,0.0,0.005792,0.010709,0.010709
baseline,Baseline session authorization,120,2425,0.000375,0.00375,0.0,0.005791,0.010708,0.010708
baseline,Baseline session authorization,120,2426,0.000292,0.003792,0.0,0.005791,0.010709,0.010709
baseline,Baseline session authorization,120,2427,0.000292,0.003709,0.0,0.005833,0.010625,0.010625
baseline,Baseline session authorization,120,2428,0.000333,0.00375,0.0,0.005834,0.010792,0.010792
baseline,Baseline session authorization,120,2429,0.000291,0.003791,0.0,0.005958,0.010833,0.010833
baseline,Baseline session authorization,120,2430,0.000333,0.003833,0.0,0.005833,0.010834,0.010834
baseline,Baseline session authorization,120,2431,0.000333,0.003792,0.0,0.005792,0.010792,0.010792
baseline,Baseline session authorization,120,2432,0.000334,0.003792,0.0,0.005833,0.01075,0.01075
baseline,Baseline session authorization,120,2433,0.000334,0.004125,0.0,0.005875,0.011208,0.011208
baseline,Baseline session authorization,120,2434,0.000333,0.003792,0.0,0.005834,0.01075,0.01075
baseline,Baseline session authorization,120,2435,0.000333,0.00375,0.0,0.005834,0.01075,0.01075
baseline,Baseline session authorization,120,2436,0.000375,0.003792,0.0,0.005958,0.010917,0.010917
baseline,Baseline session authorization,120,2437,0.000292,0.00375,0.0,0.005791,0.010625,0.010625
baseline,Baseline session authorization,120,2438,0.000292,0.00375,0.0,0.00575,0.010625,0.010625
baseline,Baseline session authorization,120,2439,0.000333,0.003792,0.0,0.005833,0.010792,0.010792
baseline,Baseline session authorization,120,2440,0.000333,0.008375,0.0,0.006042,0.015625,0.015625
baseline,Baseline session authorization,120,2441,0.000375,0.004,0.0,0.005917,0.011208,0.011208
baseline,Baseline session authorization,120,2442,0.000334,0.003708,0.0,0.005792,0.010666,0.010666
baseline,Baseline session authorization,120,2443,0.000333,0.003708,0.0,0.00575,0.010708,0.010708
baseline,Baseline session authorization,120,2444,0.000334,0.003792,0.0,0.005792,0.010667,0.010667
baseline,Baseline session authorization,120,2445,0.000292,0.003792,0.0,0.005791,0.010709,0.010709
baseline,Baseline session authorization,120,2446,0.000292,0.00375,0.0,0.005791,0.010625,0.010625
baseline,Baseline session authorization,120,2447,0.000333,0.003709,0.0,0.005833,0.010708,0.010708
baseline,Baseline session authorization,120,2448,0.000292,0.003833,0.0,0.005875,0.010834,0.010834
baseline,Baseline session authorization,120,2449,0.000333,0.003917,0.0,0.005875,0.010875,0.010875
baseline,Baseline session authorization,120,2450,0.000291,0.005041,0.0,0.005917,0.012083,0.012083
baseline,Baseline session authorization,120,2451,0.000333,0.003792,0.0,0.020459,0.025583,0.025583
baseline,Baseline session authorization,120,2452,0.000333,0.003833,0.0,0.005792,0.010833,0.010833
baseline,Baseline session authorization,120,2453,0.000292,0.003917,0.0,0.005792,0.010875,0.010875
baseline,Baseline session authorization,120,2454,0.000333,0.00375,0.0,0.005709,0.010709,0.010709
baseline,Baseline session authorization,120,2455,0.000375,0.003791,0.0,0.005791,0.01075,0.01075
baseline,Baseline session authorization,120,2456,0.000334,0.003792,0.0,0.005791,0.010709,0.010709
baseline,Baseline session authorization,120,2457,0.000292,0.003792,0.0,0.005833,0.01075,0.01075
baseline,Baseline session authorization,120,2458,0.000292,0.003708,0.0,0.005834,0.010708,0.010708
baseline,Baseline session authorization,120,2459,0.000333,0.003834,0.0,0.005917,0.010875,0.010875
baseline,Baseline session authorization,120,2460,0.000375,0.003792,0.0,0.00575,0.01075,0.01075
baseline,Baseline session authorization,120,2461,0.000291,0.00375,0.0,0.005791,0.010667,0.010667
baseline,Baseline session authorization,120,2462,0.000375,0.00425,0.0,0.006,0.011542,0.011542
baseline,Baseline session authorization,120,2463,0.000291,0.004958,0.0,0.005917,0.011958,0.011958
baseline,Baseline session authorization,120,2464,0.000375,0.00575,0.0,0.005917,0.012875,0.012875
baseline,Baseline session authorization,120,2465,0.000292,0.003709,0.0,0.005833,0.010625,0.010625
baseline,Baseline session authorization,120,2466,0.000333,0.003792,0.0,0.005834,0.01075,0.01075
baseline,Baseline session authorization,120,2467,0.000375,0.004375,0.0,0.006125,0.01175,0.01175
baseline,Baseline session authorization,120,2468,0.000333,0.003791,0.0,0.005833,0.01075,0.01075
baseline,Baseline session authorization,120,2469,0.000417,0.004667,0.0,0.006417,0.012375,0.012375
baseline,Baseline session authorization,120,2470,0.000333,0.003875,0.0,0.005833,0.010875,0.010875
baseline,Baseline session authorization,120,2471,0.000292,0.003875,0.0,0.005791,0.01075,0.01075
baseline,Baseline session authorization,120,2472,0.000459,0.004292,0.0,0.005916,0.011459,0.011459
baseline,Baseline session authorization,120,2473,0.000333,0.00375,0.0,0.005791,0.010708,0.010708
baseline,Baseline session authorization,120,2474,0.000333,0.003791,0.0,0.00575,0.010667,0.010667
baseline,Baseline session authorization,120,2475,0.000333,0.003833,0.0,0.00575,0.010708,0.010708
baseline,Baseline session authorization,120,2476,0.000333,0.003708,0.0,0.005834,0.010625,0.010625
baseline,Baseline session authorization,120,2477,0.000333,0.003791,0.0,0.005833,0.010792,0.010792
baseline,Baseline session authorization,120,2478,0.000333,0.003833,0.0,0.005792,0.01075,0.01075
baseline,Baseline session authorization,120,2479,0.000334,0.003958,0.0,0.00575,0.010875,0.010875
baseline,Baseline session authorization,120,2480,0.000334,0.003792,0.0,0.005875,0.01075,0.01075
baseline,Baseline session authorization,120,2481,0.000291,0.00375,0.0,0.005708,0.010583,0.010583
baseline,Baseline session authorization,120,2482,0.000292,0.005333,0.0,0.006,0.012417,0.012417
baseline,Baseline session authorization,120,2483,0.000333,0.003834,0.0,0.00575,0.01075,0.01075
baseline,Baseline session authorization,120,2484,0.000292,0.005875,0.0,0.005917,0.012917,0.012917
baseline,Baseline session authorization,120,2485,0.000292,0.003875,0.0,0.00575,0.01075,0.01075
baseline,Baseline session authorization,120,2486,0.000291,0.004,0.0,0.005791,0.010917,0.010917
baseline,Baseline session authorization,120,2487,0.000333,0.00375,0.0,0.005792,0.01075,0.01075
baseline,Baseline session authorization,120,2488,0.000292,0.003833,0.0,0.00575,0.010708,0.010708
baseline,Baseline session authorization,120,2489,0.000333,0.005875,0.0,0.006,0.013,0.013
baseline,Baseline session authorization,120,2490,0.000333,0.003709,0.0,0.005708,0.010625,0.010625
baseline,Baseline session authorization,120,2491,0.000333,0.003959,0.0,0.005958,0.011083,0.011083
baseline,Baseline session authorization,120,2492,0.000333,0.003833,0.0,0.005959,0.010917,0.010917
baseline,Baseline session authorization,120,2493,0.000333,0.003833,0.0,0.005834,0.01075,0.01075
baseline,Baseline session authorization,120,2494,0.000334,0.003917,0.0,0.005916,0.011041,0.011041
baseline,Baseline session authorization,120,2495,0.000333,0.00375,0.0,0.005792,0.010708,0.010708
baseline,Baseline session authorization,120,2496,0.000334,0.003708,0.0,0.00575,0.010625,0.010625
baseline,Baseline session authorization,120,2497,0.000292,0.00375,0.0,0.005709,0.010542,0.010542
baseline,Baseline session authorization,120,2498,0.000333,0.004958,0.0,0.006042,0.012167,0.012167
baseline,Baseline session authorization,120,2499,0.000333,0.00375,0.0,0.005875,0.01075,0.01075
baseline,Baseline session authorization,120,2500,0.000333,0.003708,0.0,0.00575,0.010625,0.010625
baseline,Baseline session authorization,120,2501,0.000333,0.003791,0.0,0.005916,0.010833,0.010833
baseline,Baseline session authorization,120,2502,0.000791,0.007666,0.0,0.007041,0.0165,0.0165
baseline,Baseline session authorization,120,2503,0.000333,0.003875,0.0,0.005833,0.010791,0.010791
baseline,Baseline session authorization,120,2504,0.000333,0.003792,0.0,0.00575,0.01075,0.01075
baseline,Baseline session authorization,120,2505,0.000334,0.003792,0.0,0.005792,0.010667,0.010667
baseline,Baseline session authorization,120,2506,0.000333,0.003792,0.0,0.00575,0.010667,0.010667
baseline,Baseline session authorization,120,2507,0.000334,0.00375,0.0,0.005834,0.01075,0.01075
baseline,Baseline session authorization,120,2508,0.000333,0.003875,0.0,0.005875,0.010875,0.010875
baseline,Baseline session authorization,120,2509,0.000291,0.003875,0.0,0.00575,0.01075,0.01075
baseline,Baseline session authorization,120,2510,0.000584,0.005791,0.0,0.006167,0.0135,0.0135
baseline,Baseline session authorization,120,2511,0.000334,0.00375,0.0,0.005917,0.010833,0.010833
baseline,Baseline session authorization,120,2512,0.000334,0.005083,0.0,0.005959,0.01225,0.01225
baseline,Baseline session authorization,120,2513,0.000334,0.003833,0.0,0.005833,0.010875,0.010875
baseline,Baseline session authorization,120,2514,0.000333,0.003709,0.0,0.005708,0.010583,0.010583
baseline,Baseline session authorization,120,2515,0.000333,0.003833,0.0,0.005917,0.010959,0.010959
baseline,Baseline session authorization,120,2516,0.000334,0.00375,0.0,0.005792,0.010625,0.010625
baseline,Baseline session authorization,120,2517,0.000333,0.00375,0.0,0.005916,0.010875,0.010875
baseline,Baseline session authorization,120,2518,0.000459,0.0045,0.0,0.006375,0.012208,0.012208
baseline,Baseline session authorization,120,2519,0.000291,0.003833,0.0,0.005875,0.010833,0.010833
baseline,Baseline session authorization,120,2520,0.000333,0.021291,0.0,0.010583,0.033833,0.033833
baseline,Baseline session authorization,120,2521,0.000292,0.003792,0.0,0.005792,0.010667,0.010667
baseline,Baseline session authorization,120,2522,0.000333,0.00375,0.0,0.005709,0.010709,0.010709
baseline,Baseline session authorization,120,2523,0.000291,0.003833,0.0,0.005875,0.010833,0.010833
baseline,Baseline session authorization,120,2524,0.000333,0.003833,0.0,0.005917,0.010875,0.010875
baseline,Baseline session authorization,120,2525,0.000333,0.003833,0.0,0.005791,0.010792,0.010792
baseline,Baseline session authorization,120,2526,0.000334,0.00375,0.0,0.005833,0.01075,0.01075
baseline,Baseline session authorization,120,2527,0.000334,0.003709,0.0,0.005708,0.010583,0.010583
baseline,Baseline session authorization,120,2528,0.000334,0.00375,0.0,0.005792,0.01075,0.01075
baseline,Baseline session authorization,120,2529,0.000334,0.00375,0.0,0.005875,0.010833,0.010833
baseline,Baseline session authorization,120,2530,0.000333,0.003875,0.0,0.005833,0.010833,0.010833
baseline,Baseline session authorization,120,2531,0.000292,0.005209,0.0,0.005916,0.01225,0.01225
baseline,Baseline session authorization,120,2532,0.000333,0.003791,0.0,0.005792,0.01075,0.01075
baseline,Baseline session authorization,120,2533,0.000333,0.003791,0.0,0.005833,0.010792,0.010792
baseline,Baseline session authorization,120,2534,0.000333,0.003709,0.0,0.005708,0.010541,0.010541
baseline,Baseline session authorization,120,2535,0.000333,0.00375,0.0,0.005792,0.010709,0.010709
baseline,Baseline session authorization,120,2536,0.000334,0.003792,0.0,0.005791,0.010791,0.010791
baseline,Baseline session authorization,120,2537,0.000333,0.00375,0.0,0.005792,0.010666,0.010666
baseline,Baseline session authorization,120,2538,0.000333,0.00375,0.0,0.005833,0.010792,0.010792
baseline,Baseline session authorization,120,2539,0.000292,0.003792,0.0,0.005833,0.01075,0.01075
baseline,Baseline session authorization,120,2540,0.000291,0.003833,0.0,0.005875,0.010833,0.010833
baseline,Baseline session authorization,120,2541,0.000333,0.003791,0.0,0.005833,0.010708,0.010708
baseline,Baseline session authorization,120,2542,0.000333,0.003833,0.0,0.005834,0.010834,0.010834
baseline,Baseline session authorization,120,2543,0.000333,0.00375,0.0,0.005791,0.010667,0.010667
baseline,Baseline session authorization,120,2544,0.000292,0.003875,0.0,0.005875,0.010833,0.010833
baseline,Baseline session authorization,120,2545,0.000292,0.00375,0.0,0.005917,0.01075,0.01075
baseline,Baseline session authorization,120,2546,0.000333,0.004167,0.0,0.006125,0.011542,0.011542
baseline,Baseline session authorization,120,2547,0.000334,0.003792,0.0,0.00575,0.010666,0.010666
baseline,Baseline session authorization,120,2548,0.000291,0.003791,0.0,0.005667,0.010583,0.010583
baseline,Baseline session authorization,120,2549,0.000334,0.003834,0.0,0.00575,0.01075,0.01075
baseline,Baseline session authorization,120,2550,0.000291,0.00375,0.0,0.005833,0.010792,0.010792
baseline,Baseline session authorization,120,2551,0.000375,0.003792,0.0,0.005833,0.010791,0.010791
baseline,Baseline session authorization,120,2552,0.000333,0.005625,0.0,0.006083,0.012833,0.012833
baseline,Baseline session authorization,120,2553,0.000333,0.003833,0.0,0.00575,0.01075,0.01075
baseline,Baseline session authorization,120,2554,0.000333,0.003792,0.0,0.005875,0.010875,0.010875
baseline,Baseline session authorization,120,2555,0.000334,0.00375,0.0,0.005792,0.010625,0.010625
baseline,Baseline session authorization,120,2556,0.000333,0.005208,0.0,0.006,0.012333,0.012333
baseline,Baseline session authorization,120,2557,0.000334,0.003875,0.0,0.005833,0.010917,0.010917
baseline,Baseline session authorization,120,2558,0.000334,0.003708,0.0,0.005834,0.010708,0.010708
baseline,Baseline session authorization,120,2559,0.000417,0.004375,0.0,0.005917,0.011541,0.011541
baseline,Baseline session authorization,120,2560,0.000333,0.003875,0.0,0.005875,0.010875,0.010875
baseline,Baseline session authorization,120,2561,0.000333,0.003791,0.0,0.005709,0.010709,0.010709
baseline,Baseline session authorization,120,2562,0.000333,0.003792,0.0,0.005875,0.010917,0.010917
baseline,Baseline session authorization,120,2563,0.000334,0.003833,0.0,0.005917,0.010875,0.010875
baseline,Baseline session authorization,120,2564,0.000292,0.003875,0.0,0.005833,0.010791,0.010791
baseline,Baseline session authorization,120,2565,0.000334,0.003833,0.0,0.006042,0.011041,0.011041
baseline,Baseline session authorization,120,2566,0.000375,0.003791,0.0,0.005959,0.010958,0.010958
baseline,Baseline session authorization,120,2567,0.000292,0.003792,0.0,0.015417,0.020416,0.020416
baseline,Baseline session authorization,120,2568,0.000334,0.00375,0.0,0.00575,0.010625,0.010625
baseline,Baseline session authorization,120,2569,0.000333,0.00375,0.0,0.005834,0.010709,0.010709
baseline,Baseline session authorization,120,2570,0.000334,0.003916,0.0,0.00575,0.010875,0.010875
baseline,Baseline session authorization,120,2571,0.000375,0.003833,0.0,0.005792,0.01075,0.01075
baseline,Baseline session authorization,120,2572,0.000292,0.003834,0.0,0.005792,0.010667,0.010667
baseline,Baseline session authorization,120,2573,0.000334,0.003875,0.0,0.005792,0.010791,0.010791
baseline,Baseline session authorization,120,2574,0.000292,0.003834,0.0,0.005916,0.010916,0.010916
baseline,Baseline session authorization,120,2575,0.000292,0.003709,0.0,0.005833,0.010625,0.010625
baseline,Baseline session authorization,120,2576,0.000333,0.003917,0.0,0.005875,0.010917,0.010917
baseline,Baseline session authorization,120,2577,0.000375,0.003792,0.0,0.005917,0.010875,0.010875
baseline,Baseline session authorization,120,2578,0.000333,0.003792,0.0,0.005792,0.01075,0.01075
baseline,Baseline session authorization,120,2579,0.000333,0.003791,0.0,0.005834,0.01075,0.01075
baseline,Baseline session authorization,120,2580,0.000291,0.003833,0.0,0.005875,0.010875,0.010875
baseline,Baseline session authorization,120,2581,0.000333,0.003833,0.0,0.005959,0.010958,0.010958
baseline,Baseline session authorization,120,2582,0.000333,0.00625,0.0,0.005916,0.013333,0.013333
baseline,Baseline session authorization,120,2583,0.000375,0.003833,0.0,0.00575,0.010833,0.010833
baseline,Baseline session authorization,120,2584,0.000333,0.003792,0.0,0.005708,0.010708,0.010708
baseline,Baseline session authorization,120,2585,0.000334,0.003875,0.0,0.005875,0.010792,0.010792
baseline,Baseline session authorization,120,2586,0.000292,0.005625,0.0,0.006041,0.012916,0.012916
baseline,Baseline session authorization,120,2587,0.000333,0.005584,0.0,0.006,0.01275,0.01275
baseline,Baseline session authorization,120,2588,0.000292,0.003833,0.0,0.005875,0.010834,0.010834
baseline,Baseline session authorization,120,2589,0.000375,0.003666,0.0,0.005875,0.010709,0.010709
baseline,Baseline session authorization,120,2590,0.000334,0.00375,0.0,0.005917,0.010791,0.010791
baseline,Baseline session authorization,120,2591,0.000375,0.003791,0.0,0.005875,0.010834,0.010834
baseline,Baseline session authorization,120,2592,0.000333,0.00375,0.0,0.006041,0.010959,0.010959
baseline,Baseline session authorization,120,2593,0.000333,0.003792,0.0,0.005834,0.01075,0.01075
baseline,Baseline session authorization,120,2594,0.000334,0.003833,0.0,0.005833,0.010833,0.010833
baseline,Baseline session authorization,120,2595,0.000375,0.003917,0.0,0.00575,0.010875,0.010875
baseline,Baseline session authorization,120,2596,0.000333,0.0055,0.0,0.006125,0.012792,0.012792
baseline,Baseline session authorization,120,2597,0.000333,0.005416,0.0,0.005959,0.012584,0.012584
baseline,Baseline session authorization,120,2598,0.000334,0.003625,0.0,0.00575,0.010583,0.010583
baseline,Baseline session authorization,120,2599,0.000333,0.003792,0.0,0.005833,0.010791,0.010791
baseline,Baseline session authorization,120,2600,0.000292,0.003792,0.0,0.005833,0.01075,0.01075
baseline,Baseline session authorization,120,2601,0.000333,0.005167,0.0,0.005917,0.01225,0.01225
baseline,Baseline session authorization,120,2602,0.000375,0.003833,0.0,0.005792,0.010875,0.010875
baseline,Baseline session authorization,120,2603,0.000292,0.003834,0.0,0.005791,0.010792,0.010792
baseline,Baseline session authorization,120,2604,0.000333,0.00375,0.0,0.005792,0.010625,0.010625
baseline,Baseline session authorization,120,2605,0.000333,0.004,0.0,0.005834,0.011042,0.011042
baseline,Baseline session authorization,120,2606,0.000333,0.010375,0.0,0.005959,0.017584,0.017584
baseline,Baseline session authorization,120,2607,0.000291,0.003916,0.0,0.005791,0.01075,0.01075
baseline,Baseline session authorization,120,2608,0.000333,0.00375,0.0,0.005958,0.010833,0.010833
baseline,Baseline session authorization,120,2609,0.000333,0.003792,0.0,0.005792,0.010708,0.010708
baseline,Baseline session authorization,120,2610,0.000334,0.005167,0.0,0.005958,0.01225,0.01225
baseline,Baseline session authorization,120,2611,0.000333,0.003792,0.0,0.005875,0.010792,0.010792
baseline,Baseline session authorization,120,2612,0.000333,0.003833,0.0,0.005917,0.010917,0.010917
baseline,Baseline session authorization,120,2613,0.000292,0.003834,0.0,0.005791,0.01075,0.01075
baseline,Baseline session authorization,120,2614,0.000333,0.005,0.0,0.005834,0.012042,0.012042
baseline,Baseline session authorization,120,2615,0.000333,0.003916,0.0,0.005833,0.010917,0.010917
baseline,Baseline session authorization,120,2616,0.000375,0.003709,0.0,0.005916,0.010834,0.010834
baseline,Baseline session authorization,120,2617,0.000334,0.003792,0.0,0.00575,0.01075,0.01075
baseline,Baseline session authorization,120,2618,0.000334,0.003709,0.0,0.005792,0.010625,0.010625
baseline,Baseline session authorization,120,2619,0.000375,0.003917,0.0,0.00575,0.010875,0.010875
baseline,Baseline session authorization,120,2620,0.000333,0.00375,0.0,0.005833,0.010708,0.010708
baseline,Baseline session authorization,120,2621,0.000292,0.00525,0.0,0.006042,0.012458,0.012458
baseline,Baseline session authorization,120,2622,0.000375,0.003875,0.0,0.005875,0.010959,0.010959
baseline,Baseline session authorization,120,2623,0.000334,0.003792,0.0,0.00575,0.010709,0.010709
baseline,Baseline session authorization,120,2624,0.000333,0.00375,0.0,0.005792,0.010666,0.010666
baseline,Baseline session authorization,120,2625,0.000334,0.003791,0.0,0.005791,0.01075,0.01075
baseline,Baseline session authorization,120,2626,0.000334,0.003833,0.0,0.00575,0.01075,0.01075
baseline,Baseline session authorization,120,2627,0.000292,0.00375,0.0,0.005833,0.010666,0.010666
baseline,Baseline session authorization,120,2628,0.000375,0.00375,0.0,0.005875,0.010791,0.010791
baseline,Baseline session authorization,120,2629,0.000291,0.004958,0.0,0.006042,0.012083,0.012083
baseline,Baseline session authorization,120,2630,0.00025,0.003875,0.0,0.005833,0.01125,0.01125
baseline,Baseline session authorization,120,2631,0.0005,0.00675,0.0,0.006042,0.014125,0.014125
baseline,Baseline session authorization,120,2632,0.000292,0.003792,0.0,0.00575,0.010667,0.010667
baseline,Baseline session authorization,120,2633,0.000375,0.003791,0.0,0.00575,0.010709,0.010709
baseline,Baseline session authorization,120,2634,0.000333,0.003834,0.0,0.005792,0.01075,0.01075
baseline,Baseline session authorization,120,2635,0.000333,0.003833,0.0,0.006,0.011,0.011
baseline,Baseline session authorization,120,2636,0.000333,0.00375,0.0,0.005791,0.010625,0.010625
baseline,Baseline session authorization,120,2637,0.000333,0.003959,0.0,0.005791,0.010917,0.010917
baseline,Baseline session authorization,120,2638,0.000333,0.003792,0.0,0.005917,0.010875,0.010875
baseline,Baseline session authorization,120,2639,0.000291,0.003791,0.0,0.005792,0.01075,0.01075
baseline,Baseline session authorization,120,2640,0.000292,0.003709,0.0,0.005833,0.010666,0.010666
baseline,Baseline session authorization,120,2641,0.000333,0.003875,0.0,0.005709,0.01075,0.01075
baseline,Baseline session authorization,120,2642,0.000375,0.003792,0.0,0.020875,0.025958,0.025958
baseline,Baseline session authorization,120,2643,0.000292,0.003833,0.0,0.005791,0.01075,0.01075
baseline,Baseline session authorization,120,2644,0.000333,0.003916,0.0,0.005916,0.010958,0.010958
baseline,Baseline session authorization,120,2645,0.000333,0.003875,0.0,0.005792,0.010834,0.010834
baseline,Baseline session authorization,120,2646,0.000292,0.003834,0.0,0.005875,0.010833,0.010833
baseline,Baseline session authorization,120,2647,0.000333,0.003791,0.0,0.005875,0.010834,0.010834
baseline,Baseline session authorization,120,2648,0.000333,0.003833,0.0,0.005875,0.010833,0.010833
baseline,Baseline session authorization,120,2649,0.000333,0.00375,0.0,0.00575,0.010667,0.010667
baseline,Baseline session authorization,120,2650,0.000375,0.003792,0.0,0.005875,0.010875,0.010875
baseline,Baseline session authorization,120,2651,0.000333,0.003792,0.0,0.005917,0.010791,0.010791
baseline,Baseline session authorization,120,2652,0.000333,0.00375,0.0,0.005708,0.010667,0.010667
baseline,Baseline session authorization,120,2653,0.000334,0.003875,0.0,0.005834,0.010833,0.010833
baseline,Baseline session authorization,120,2654,0.000292,0.003917,0.0,0.005833,0.010834,0.010834
baseline,Baseline session authorization,120,2655,0.000333,0.003833,0.0,0.005833,0.010834,0.010834
baseline,Baseline session authorization,120,2656,0.000292,0.00375,0.0,0.005791,0.010666,0.010666
baseline,Baseline session authorization,120,2657,0.000333,0.00375,0.0,0.00575,0.010583,0.010583
baseline,Baseline session authorization,120,2658,0.000333,0.003791,0.0,0.005834,0.010792,0.010792
baseline,Baseline session authorization,120,2659,0.000292,0.003792,0.0,0.005833,0.01075,0.01075
baseline,Baseline session authorization,120,2660,0.000334,0.003833,0.0,0.00575,0.010708,0.010708
baseline,Baseline session authorization,120,2661,0.000333,0.003791,0.0,0.005875,0.010834,0.010834
baseline,Baseline session authorization,120,2662,0.000292,0.003792,0.0,0.005792,0.010667,0.010667
baseline,Baseline session authorization,120,2663,0.000333,0.00375,0.0,0.005792,0.010583,0.010583
baseline,Baseline session authorization,120,2664,0.000334,0.00375,0.0,0.005833,0.010709,0.010709
baseline,Baseline session authorization,120,2665,0.000333,0.003834,0.0,0.005875,0.010875,0.010875
baseline,Baseline session authorization,120,2666,0.000334,0.003708,0.0,0.005792,0.010666,0.010666
baseline,Baseline session authorization,120,2667,0.000291,0.003792,0.0,0.005917,0.010833,0.010833
baseline,Baseline session authorization,120,2668,0.000292,0.00825,0.0,0.006042,0.015459,0.015459
baseline,Baseline session authorization,120,2669,0.000333,0.003666,0.0,0.005791,0.010584,0.010584
baseline,Baseline session authorization,120,2670,0.000334,0.003792,0.0,0.005792,0.010708,0.010708
baseline,Baseline session authorization,120,2671,0.000291,0.003708,0.0,0.005792,0.010625,0.010625
baseline,Baseline session authorization,120,2672,0.000375,0.004084,0.0,0.005792,0.011,0.011
baseline,Baseline session authorization,120,2673,0.000333,0.003708,0.0,0.005834,0.010625,0.010625
baseline,Baseline session authorization,120,2674,0.000334,0.003791,0.0,0.005958,0.010916,0.010916
baseline,Baseline session authorization,120,2675,0.000333,0.003833,0.0,0.005792,0.01075,0.01075
baseline,Baseline session authorization,120,2676,0.000291,0.003708,0.0,0.00575,0.010583,0.010583
baseline,Baseline session authorization,120,2677,0.000333,0.003833,0.0,0.005875,0.010833,0.010833
baseline,Baseline session authorization,120,2678,0.000333,0.003875,0.0,0.005875,0.010875,0.010875
baseline,Baseline session authorization,120,2679,0.000334,0.00375,0.0,0.005834,0.010708,0.010708
baseline,Baseline session authorization,120,2680,0.000333,0.00375,0.0,0.00575,0.010666,0.010666
baseline,Baseline session authorization,120,2681,0.000333,0.003791,0.0,0.005708,0.010583,0.010583
baseline,Baseline session authorization,120,2682,0.000292,0.003834,0.0,0.005875,0.01075,0.01075
baseline,Baseline session authorization,120,2683,0.000292,0.003834,0.0,0.005708,0.010666,0.010666
baseline,Baseline session authorization,120,2684,0.000333,0.003667,0.0,0.005875,0.010667,0.010667
baseline,Baseline session authorization,120,2685,0.000333,0.003792,0.0,0.005917,0.010917,0.010917
baseline,Baseline session authorization,120,2686,0.000333,0.004916,0.0,0.005959,0.012042,0.012042
baseline,Baseline session authorization,120,2687,0.000333,0.00375,0.0,0.005875,0.010792,0.010792
baseline,Baseline session authorization,120,2688,0.000291,0.003833,0.0,0.005834,0.01075,0.01075
baseline,Baseline session authorization,120,2689,0.000333,0.00375,0.0,0.005791,0.01075,0.01075
baseline,Baseline session authorization,120,2690,0.000375,0.003875,0.0,0.005833,0.010875,0.010875
baseline,Baseline session authorization,120,2691,0.000333,0.003792,0.0,0.005875,0.010875,0.010875
baseline,Baseline session authorization,120,2692,0.000333,0.003833,0.0,0.005792,0.010666,0.010666
baseline,Baseline session authorization,120,2693,0.000459,0.00475,0.0,0.005959,0.012,0.012
baseline,Baseline session authorization,120,2694,0.000291,0.003791,0.0,0.005792,0.010708,0.010708
baseline,Baseline session authorization,120,2695,0.000334,0.00375,0.0,0.00575,0.010666,0.010666
baseline,Baseline session authorization,120,2696,0.000333,0.005291,0.0,0.006125,0.012625,0.012625
baseline,Baseline session authorization,120,2697,0.000291,0.003791,0.0,0.005833,0.010708,0.010708
baseline,Baseline session authorization,120,2698,0.000333,0.00375,0.0,0.005875,0.01075,0.01075
baseline,Baseline session authorization,120,2699,0.000333,0.003833,0.0,0.005792,0.01075,0.01075
baseline,Baseline session authorization,120,2700,0.000333,0.005083,0.0,0.005875,0.012166,0.012166
baseline,Baseline session authorization,120,2701,0.000333,0.00375,0.0,0.005791,0.010709,0.010709
baseline,Baseline session authorization,120,2702,0.000292,0.003792,0.0,0.00575,0.010667,0.010667
baseline,Baseline session authorization,120,2703,0.000333,0.005083,0.0,0.006,0.012292,0.012292
baseline,Baseline session authorization,120,2704,0.000333,0.00375,0.0,0.00575,0.010667,0.010667
baseline,Baseline session authorization,120,2705,0.000291,0.003917,0.0,0.005834,0.010917,0.010917
baseline,Baseline session authorization,120,2706,0.000375,0.003791,0.0,0.005875,0.010792,0.010792
baseline,Baseline session authorization,120,2707,0.000333,0.003792,0.0,0.005834,0.01075,0.01075
baseline,Baseline session authorization,120,2708,0.000333,0.003834,0.0,0.00575,0.010708,0.010708
baseline,Baseline session authorization,120,2709,0.000333,0.003833,0.0,0.005875,0.010792,0.010792
baseline,Baseline session authorization,120,2710,0.000333,0.00375,0.0,0.005833,0.010666,0.010666
baseline,Baseline session authorization,120,2711,0.000375,0.00375,0.0,0.005833,0.010791,0.010791
baseline,Baseline session authorization,120,2712,0.000333,0.003791,0.0,0.005792,0.010708,0.010708
baseline,Baseline session authorization,120,2713,0.000334,0.003833,0.0,0.005709,0.01075,0.01075
baseline,Baseline session authorization,120,2714,0.000291,0.00375,0.0,0.00575,0.010625,0.010625
baseline,Baseline session authorization,120,2715,0.000333,0.003791,0.0,0.005917,0.010833,0.010833
baseline,Baseline session authorization,120,2716,0.000334,0.003792,0.0,0.00575,0.010584,0.010584
baseline,Baseline session authorization,120,2717,0.000375,0.003792,0.0,0.005834,0.01075,0.01075
baseline,Baseline session authorization,120,2718,0.000334,0.003792,0.0,0.005792,0.010708,0.010708
baseline,Baseline session authorization,120,2719,0.000292,0.00375,0.0,0.00575,0.010625,0.010625
baseline,Baseline session authorization,120,2720,0.000333,0.003791,0.0,0.005792,0.01075,0.01075
baseline,Baseline session authorization,120,2721,0.000333,0.003792,0.0,0.005792,0.01075,0.01075
baseline,Baseline session authorization,120,2722,0.000333,0.003833,0.0,0.005875,0.010833,0.010833
baseline,Baseline session authorization,120,2723,0.001125,0.013958,0.0,0.009542,0.026417,0.026417
baseline,Baseline session authorization,120,2724,0.000292,0.003834,0.0,0.005875,0.010791,0.010791
baseline,Baseline session authorization,120,2725,0.000292,0.003792,0.0,0.00575,0.010666,0.010666
baseline,Baseline session authorization,120,2726,0.000333,0.005042,0.0,0.006,0.012167,0.012167
baseline,Baseline session authorization,120,2727,0.000334,0.003958,0.0,0.005792,0.010958,0.010958
baseline,Baseline session authorization,120,2728,0.000291,0.00375,0.0,0.005708,0.010542,0.010542
baseline,Baseline session authorization,120,2729,0.0005,0.005,0.0,0.006125,0.012541,0.012541
baseline,Baseline session authorization,120,2730,0.000334,0.003791,0.0,0.005875,0.010875,0.010875
baseline,Baseline session authorization,120,2731,0.000291,0.003916,0.0,0.00575,0.010792,0.010792
baseline,Baseline session authorization,120,2732,0.000334,0.003875,0.0,0.005875,0.010875,0.010875
baseline,Baseline session authorization,120,2733,0.000333,0.003708,0.0,0.005834,0.010792,0.010792
baseline,Baseline session authorization,120,2734,0.000375,0.003875,0.0,0.005917,0.010959,0.010959
baseline,Baseline session authorization,120,2735,0.000333,0.003792,0.0,0.005833,0.01075,0.01075
baseline,Baseline session authorization,120,2736,0.000333,0.00375,0.0,0.005791,0.010667,0.010667
baseline,Baseline session authorization,120,2737,0.000333,0.005084,0.0,0.006,0.01225,0.01225
baseline,Baseline session authorization,120,2738,0.000334,0.00375,0.0,0.00575,0.010625,0.010625
baseline,Baseline session authorization,120,2739,0.000333,0.003833,0.0,0.005917,0.010875,0.010875
baseline,Baseline session authorization,120,2740,0.000334,0.003708,0.0,0.005709,0.010625,0.010625
baseline,Baseline session authorization,120,2741,0.000334,0.003875,0.0,0.005875,0.010875,0.010875
baseline,Baseline session authorization,120,2742,0.000375,0.004125,0.0,0.005958,0.011292,0.011292
baseline,Baseline session authorization,120,2743,0.000333,0.003792,0.0,0.005792,0.010708,0.010708
baseline,Baseline session authorization,120,2744,0.000334,0.003833,0.0,0.005834,0.010792,0.010792
baseline,Baseline session authorization,120,2745,0.000375,0.003833,0.0,0.005791,0.010792,0.010792
baseline,Baseline session authorization,120,2746,0.000334,0.003708,0.0,0.005708,0.010583,0.010583
baseline,Baseline session authorization,120,2747,0.000334,0.003875,0.0,0.005833,0.010875,0.010875
baseline,Baseline session authorization,120,2748,0.000333,0.005,0.0,0.005917,0.012167,0.012167
baseline,Baseline session authorization,120,2749,0.000292,0.003792,0.0,0.005875,0.010791,0.010791
baseline,Baseline session authorization,120,2750,0.000333,0.003792,0.0,0.005708,0.010583,0.010583
baseline,Baseline session authorization,120,2751,0.000333,0.00375,0.0,0.006041,0.010917,0.010917
baseline,Baseline session authorization,120,2752,0.000334,0.00525,0.0,0.005834,0.01225,0.01225
baseline,Baseline session authorization,120,2753,0.000291,0.003791,0.0,0.005791,0.010708,0.010708
baseline,Baseline session authorization,120,2754,0.000292,0.005042,0.0,0.005916,0.012125,0.012125
baseline,Baseline session authorization,120,2755,0.000292,0.003833,0.0,0.005709,0.010709,0.010709
baseline,Baseline session authorization,120,2756,0.000375,0.00375,0.0,0.005833,0.010833,0.010833
baseline,Baseline session authorization,120,2757,0.000333,0.005667,0.0,0.005916,0.01275,0.01275
baseline,Baseline session authorization,120,2758,0.000292,0.003833,0.0,0.005834,0.010792,0.010792
baseline,Baseline session authorization,120,2759,0.000333,0.003791,0.0,0.005792,0.010791,0.010791
baseline,Baseline session authorization,120,2760,0.000333,0.006875,0.0,0.00625,0.014292,0.014292
baseline,Baseline session authorization,120,2761,0.000334,0.00575,0.0,0.006,0.013083,0.013083
baseline,Baseline session authorization,120,2762,0.000334,0.003833,0.0,0.00575,0.01075,0.01075
baseline,Baseline session authorization,120,2763,0.000333,0.00375,0.0,0.00575,0.010667,0.010667
baseline,Baseline session authorization,120,2764,0.000333,0.003791,0.0,0.005833,0.010792,0.010792
baseline,Baseline session authorization,120,2765,0.000334,0.004916,0.0,0.005959,0.012125,0.012125
baseline,Baseline session authorization,120,2766,0.000375,0.003875,0.0,0.005917,0.010958,0.010958
baseline,Baseline session authorization,120,2767,0.000459,0.004583,0.0,0.006,0.011834,0.011834
baseline,Baseline session authorization,120,2768,0.000292,0.00375,0.0,0.00575,0.010625,0.010625
baseline,Baseline session authorization,120,2769,0.000333,0.00375,0.0,0.005875,0.01075,0.01075
baseline,Baseline session authorization,120,2770,0.000292,0.003834,0.0,0.005875,0.010791,0.010791
baseline,Baseline session authorization,120,2771,0.000375,0.003708,0.0,0.005792,0.010667,0.010667
baseline,Baseline session authorization,120,2772,0.000375,0.00375,0.0,0.005791,0.01075,0.01075
baseline,Baseline session authorization,120,2773,0.000292,0.005125,0.0,0.005958,0.01225,0.01225
baseline,Baseline session authorization,120,2774,0.000291,0.00375,0.0,0.00575,0.010667,0.010667
baseline,Baseline session authorization,120,2775,0.000334,0.003792,0.0,0.005792,0.010709,0.010709
baseline,Baseline session authorization,120,2776,0.000333,0.003875,0.0,0.005792,0.010834,0.010834
baseline,Baseline session authorization,120,2777,0.000834,0.008291,0.0,0.006292,0.016375,0.016375
baseline,Baseline session authorization,120,2778,0.000333,0.003791,0.0,0.005791,0.010709,0.010709
baseline,Baseline session authorization,120,2779,0.000333,0.003708,0.0,0.005833,0.01075,0.01075
baseline,Baseline session authorization,120,2780,0.000333,0.003833,0.0,0.005708,0.010667,0.010667
baseline,Baseline session authorization,120,2781,0.000375,0.003791,0.0,0.005916,0.010875,0.010875
baseline,Baseline session authorization,120,2782,0.000333,0.00375,0.0,0.005708,0.010667,0.010667
baseline,Baseline session authorization,120,2783,0.000375,0.003791,0.0,0.005875,0.010875,0.010875
baseline,Baseline session authorization,120,2784,0.000333,0.005084,0.0,0.005958,0.012208,0.012208
baseline,Baseline session authorization,120,2785,0.0005,0.004,0.0,0.006166,0.011625,0.011625
baseline,Baseline session authorization,120,2786,0.000291,0.00725,0.0,0.006375,0.015083,0.015083
baseline,Baseline session authorization,120,2787,0.000333,0.005542,0.0,0.006167,0.012833,0.012833
baseline,Baseline session authorization,120,2788,0.000333,0.003792,0.0,0.005875,0.010791,0.010791
baseline,Baseline session authorization,120,2789,0.000334,0.003875,0.0,0.005792,0.010834,0.010834
baseline,Baseline session authorization,120,2790,0.000334,0.003833,0.0,0.006,0.011,0.011
baseline,Baseline session authorization,120,2791,0.000333,0.003791,0.0,0.005833,0.01075,0.01075
baseline,Baseline session authorization,120,2792,0.000292,0.003792,0.0,0.005834,0.01075,0.01075
baseline,Baseline session authorization,120,2793,0.000291,0.003791,0.0,0.005916,0.010792,0.010792
baseline,Baseline session authorization,120,2794,0.000334,0.003834,0.0,0.005791,0.01075,0.01075
baseline,Baseline session authorization,120,2795,0.000292,0.003833,0.0,0.005834,0.010792,0.010792
baseline,Baseline session authorization,120,2796,0.000334,0.003917,0.0,0.005917,0.010959,0.010959
baseline,Baseline session authorization,120,2797,0.000375,0.00375,0.0,0.005791,0.010791,0.010791
baseline,Baseline session authorization,120,2798,0.000334,0.00375,0.0,0.005792,0.010666,0.010666
baseline,Baseline session authorization,120,2799,0.000291,0.00375,0.0,0.00575,0.010625,0.010625
baseline,Baseline session authorization,120,2800,0.000292,0.003792,0.0,0.005834,0.010708,0.010708
baseline,Baseline session authorization,120,2801,0.000375,0.004041,0.0,0.006208,0.011583,0.011583
baseline,Baseline session authorization,120,2802,0.000334,0.003708,0.0,0.005917,0.010791,0.010791
baseline,Baseline session authorization,120,2803,0.000333,0.00375,0.0,0.00575,0.010625,0.010625
baseline,Baseline session authorization,120,2804,0.000333,0.003833,0.0,0.005792,0.01075,0.01075
baseline,Baseline session authorization,120,2805,0.000333,0.003792,0.0,0.006042,0.010958,0.010958
baseline,Baseline session authorization,120,2806,0.000334,0.003833,0.0,0.005958,0.010916,0.010916
baseline,Baseline session authorization,120,2807,0.000333,0.003791,0.0,0.00575,0.01075,0.01075
baseline,Baseline session authorization,120,2808,0.000333,0.003833,0.0,0.008459,0.013375,0.013375
baseline,Baseline session authorization,120,2809,0.000291,0.003791,0.0,0.00575,0.010625,0.010625
baseline,Baseline session authorization,120,2810,0.000333,0.00525,0.0,0.006042,0.012458,0.012458
baseline,Baseline session authorization,120,2811,0.000334,0.003792,0.0,0.027833,0.033542,0.033542
baseline,Baseline session authorization,120,2812,0.000334,0.00375,0.0,0.005917,0.010875,0.010875
baseline,Baseline session authorization,120,2813,0.000291,0.003833,0.0,0.005792,0.01075,0.01075
baseline,Baseline session authorization,120,2814,0.000334,0.004042,0.0,0.006166,0.011375,0.011375
baseline,Baseline session authorization,120,2815,0.000333,0.004125,0.0,0.005916,0.011208,0.011208
baseline,Baseline session authorization,120,2816,0.000333,0.007791,0.0,0.006208,0.015167,0.015167
baseline,Baseline session authorization,120,2817,0.000334,0.003792,0.0,0.005958,0.010875,0.010875
baseline,Baseline session authorization,120,2818,0.000333,0.003834,0.0,0.005708,0.010667,0.010667
baseline,Baseline session authorization,120,2819,0.000334,0.003833,0.0,0.005959,0.010958,0.010958
baseline,Baseline session authorization,120,2820,0.000292,0.00375,0.0,0.005875,0.01075,0.01075
baseline,Baseline session authorization,120,2821,0.000334,0.00375,0.0,0.00575,0.010584,0.010584
baseline,Baseline session authorization,120,2822,0.000333,0.003959,0.0,0.020958,0.026208,0.026208
baseline,Baseline session authorization,120,2823,0.000334,0.00375,0.0,0.005875,0.010709,0.010709
baseline,Baseline session authorization,120,2824,0.000292,0.003792,0.0,0.005833,0.01075,0.01075
baseline,Baseline session authorization,120,2825,0.000333,0.003792,0.0,0.006084,0.011,0.011
baseline,Baseline session authorization,120,2826,0.000334,0.003833,0.0,0.005875,0.010833,0.010833
baseline,Baseline session authorization,120,2827,0.000334,0.003792,0.0,0.00575,0.010667,0.010667
baseline,Baseline session authorization,120,2828,0.000333,0.003792,0.0,0.005792,0.010708,0.010708
baseline,Baseline session authorization,120,2829,0.000375,0.003917,0.0,0.005958,0.011084,0.011084
baseline,Baseline session authorization,120,2830,0.000291,0.003791,0.0,0.005791,0.010708,0.010708
baseline,Baseline session authorization,120,2831,0.000375,0.003875,0.0,0.005875,0.010875,0.010875
baseline,Baseline session authorization,120,2832,0.000291,0.003708,0.0,0.005875,0.010708,0.010708
baseline,Baseline session authorization,120,2833,0.000291,0.00375,0.0,0.005875,0.010792,0.010792
baseline,Baseline session authorization,120,2834,0.000333,0.003833,0.0,0.006084,0.011042,0.011042
baseline,Baseline session authorization,120,2835,0.000292,0.003834,0.0,0.005833,0.010833,0.010833
baseline,Baseline session authorization,120,2836,0.000333,0.003708,0.0,0.005917,0.01075,0.01075
baseline,Baseline session authorization,120,2837,0.000292,0.00375,0.0,0.005792,0.010625,0.010625
baseline,Baseline session authorization,120,2838,0.000333,0.003708,0.0,0.005833,0.010709,0.010709
baseline,Baseline session authorization,120,2839,0.000292,0.00375,0.0,0.005792,0.010709,0.010709
baseline,Baseline session authorization,120,2840,0.000333,0.003791,0.0,0.005834,0.01075,0.01075
baseline,Baseline session authorization,120,2841,0.000333,0.003667,0.0,0.005833,0.010625,0.010625
baseline,Baseline session authorization,120,2842,0.000291,0.003833,0.0,0.005792,0.01075,0.01075
baseline,Baseline session authorization,120,2843,0.000292,0.004,0.0,0.006041,0.011125,0.011125
baseline,Baseline session authorization,120,2844,0.000333,0.003959,0.0,0.005875,0.011042,0.011042
baseline,Baseline session authorization,120,2845,0.000292,0.003792,0.0,0.005708,0.010666,0.010666
baseline,Baseline session authorization,120,2846,0.000291,0.00375,0.0,0.005791,0.010667,0.010667
baseline,Baseline session authorization,120,2847,0.000334,0.003708,0.0,0.005916,0.01075,0.01075
baseline,Baseline session authorization,120,2848,0.000291,0.003791,0.0,0.005833,0.010708,0.010708
baseline,Baseline session authorization,120,2849,0.000333,0.003791,0.0,0.005834,0.01075,0.01075
baseline,Baseline session authorization,120,2850,0.000333,0.003709,0.0,0.006041,0.011,0.011
baseline,Baseline session authorization,120,2851,0.000291,0.003791,0.0,0.005834,0.010792,0.010792
baseline,Baseline session authorization,120,2852,0.000292,0.003792,0.0,0.005708,0.010667,0.010667
baseline,Baseline session authorization,120,2853,0.000333,0.003792,0.0,0.005958,0.010958,0.010958
baseline,Baseline session authorization,120,2854,0.000334,0.003667,0.0,0.005833,0.010666,0.010666
baseline,Baseline session authorization,120,2855,0.000292,0.00375,0.0,0.005875,0.010833,0.010833
baseline,Baseline session authorization,120,2856,0.000333,0.004042,0.0,0.005833,0.011042,0.011042
baseline,Baseline session authorization,120,2857,0.000333,0.003791,0.0,0.005709,0.010709,0.010709
baseline,Baseline session authorization,120,2858,0.000375,0.003875,0.0,0.005917,0.010958,0.010958
baseline,Baseline session authorization,120,2859,0.000334,0.003833,0.0,0.005916,0.010916,0.010916
baseline,Baseline session authorization,120,2860,0.000292,0.00375,0.0,0.005792,0.010667,0.010667
baseline,Baseline session authorization,120,2861,0.000292,0.003833,0.0,0.005791,0.010791,0.010791
baseline,Baseline session authorization,120,2862,0.000334,0.003792,0.0,0.005833,0.01075,0.01075
baseline,Baseline session authorization,120,2863,0.000333,0.003875,0.0,0.00575,0.01075,0.01075
baseline,Baseline session authorization,120,2864,0.000333,0.005708,0.0,0.005958,0.013083,0.013083
baseline,Baseline session authorization,120,2865,0.000334,0.003833,0.0,0.006125,0.011125,0.011125
baseline,Baseline session authorization,120,2866,0.000334,0.00375,0.0,0.005833,0.010791,0.010791
baseline,Baseline session authorization,120,2867,0.000333,0.004916,0.0,0.005917,0.012042,0.012042
baseline,Baseline session authorization,120,2868,0.000333,0.003792,0.0,0.005792,0.010708,0.010708
baseline,Baseline session authorization,120,2869,0.000292,0.003875,0.0,0.005875,0.010917,0.010917
baseline,Baseline session authorization,120,2870,0.000334,0.003875,0.0,0.005667,0.010667,0.010667
baseline,Baseline session authorization,120,2871,0.000333,0.00375,0.0,0.00575,0.010667,0.010667
baseline,Baseline session authorization,120,2872,0.000333,0.00375,0.0,0.005833,0.01075,0.01075
baseline,Baseline session authorization,120,2873,0.000292,0.005125,0.0,0.005917,0.012208,0.012208
baseline,Baseline session authorization,120,2874,0.000334,0.003792,0.0,0.005666,0.010666,0.010666
baseline,Baseline session authorization,120,2875,0.000292,0.004083,0.0,0.00575,0.010917,0.010917
baseline,Baseline session authorization,120,2876,0.000375,0.00375,0.0,0.00575,0.010625,0.010625
baseline,Baseline session authorization,120,2877,0.000333,0.003834,0.0,0.005875,0.010791,0.010791
baseline,Baseline session authorization,120,2878,0.000333,0.003834,0.0,0.005833,0.010791,0.010791
baseline,Baseline session authorization,120,2879,0.000375,0.003833,0.0,0.005834,0.010875,0.010875
baseline,Baseline session authorization,120,2880,0.000334,0.005167,0.0,0.005958,0.012291,0.012291
baseline,Baseline session authorization,120,2881,0.000291,0.003875,0.0,0.00575,0.010708,0.010708
baseline,Baseline session authorization,120,2882,0.000292,0.003708,0.0,0.005791,0.010625,0.010625
baseline,Baseline session authorization,120,2883,0.000333,0.003792,0.0,0.005834,0.01075,0.01075
baseline,Baseline session authorization,120,2884,0.000291,0.003791,0.0,0.005875,0.010792,0.010792
baseline,Baseline session authorization,120,2885,0.000292,0.003708,0.0,0.00575,0.010625,0.010625
baseline,Baseline session authorization,120,2886,0.000292,0.004167,0.0,0.005834,0.011083,0.011083
baseline,Baseline session authorization,120,2887,0.000375,0.003708,0.0,0.005834,0.010708,0.010708
baseline,Baseline session authorization,120,2888,0.000334,0.003792,0.0,0.005791,0.010709,0.010709
baseline,Baseline session authorization,120,2889,0.000292,0.003875,0.0,0.005792,0.010792,0.010792
baseline,Baseline session authorization,120,2890,0.000375,0.00375,0.0,0.005792,0.01075,0.01075
baseline,Baseline session authorization,120,2891,0.000292,0.00375,0.0,0.005791,0.010625,0.010625
baseline,Baseline session authorization,120,2892,0.000333,0.003709,0.0,0.005792,0.010625,0.010625
baseline,Baseline session authorization,120,2893,0.000292,0.003833,0.0,0.005917,0.010875,0.010875
baseline,Baseline session authorization,120,2894,0.000292,0.003791,0.0,0.005709,0.010709,0.010709
baseline,Baseline session authorization,120,2895,0.000291,0.00375,0.0,0.005917,0.010792,0.010792
baseline,Baseline session authorization,120,2896,0.000334,0.003708,0.0,0.005709,0.010583,0.010583
baseline,Baseline session authorization,120,2897,0.000333,0.003709,0.0,0.005833,0.010708,0.010708
baseline,Baseline session authorization,120,2898,0.000334,0.005458,0.0,0.006,0.012625,0.012625
baseline,Baseline session authorization,120,2899,0.000333,0.00375,0.0,0.005875,0.010834,0.010834
baseline,Baseline session authorization,120,2900,0.000333,0.003875,0.0,0.005833,0.010833,0.010833
baseline,Baseline session authorization,120,2901,0.000292,0.003917,0.0,0.00575,0.01075,0.01075
baseline,Baseline session authorization,120,2902,0.000333,0.003792,0.0,0.005792,0.01075,0.01075
baseline,Baseline session authorization,120,2903,0.000292,0.003833,0.0,0.005708,0.010667,0.010667
baseline,Baseline session authorization,120,2904,0.000333,0.003834,0.0,0.006042,0.010958,0.010958
baseline,Baseline session authorization,120,2905,0.000333,0.003834,0.0,0.005875,0.010833,0.010833
baseline,Baseline session authorization,120,2906,0.000333,0.003708,0.0,0.005792,0.010667,0.010667
baseline,Baseline session authorization,120,2907,0.000334,0.003833,0.0,0.005834,0.010792,0.010792
baseline,Baseline session authorization,120,2908,0.000334,0.004917,0.0,0.005958,0.012041,0.012041
baseline,Baseline session authorization,120,2909,0.000333,0.003791,0.0,0.005916,0.010834,0.010834
baseline,Baseline session authorization,120,2910,0.000334,0.00375,0.0,0.006042,0.010958,0.010958
baseline,Baseline session authorization,120,2911,0.000333,0.005167,0.0,0.005917,0.01225,0.01225
baseline,Baseline session authorization,120,2912,0.000375,0.00375,0.0,0.00575,0.010666,0.010666
baseline,Baseline session authorization,120,2913,0.000333,0.003875,0.0,0.005916,0.010917,0.010917
baseline,Baseline session authorization,120,2914,0.000333,0.003709,0.0,0.00575,0.010583,0.010583
baseline,Baseline session authorization,120,2915,0.000334,0.003833,0.0,0.005791,0.010791,0.010791
baseline,Baseline session authorization,120,2916,0.000334,0.003833,0.0,0.005833,0.010791,0.010791
baseline,Baseline session authorization,120,2917,0.000333,0.005292,0.0,0.005875,0.012375,0.012375
baseline,Baseline session authorization,120,2918,0.000292,0.003708,0.0,0.005792,0.010625,0.010625
baseline,Baseline session authorization,120,2919,0.000375,0.00375,0.0,0.005791,0.01075,0.01075
baseline,Baseline session authorization,120,2920,0.000292,0.00375,0.0,0.00575,0.010625,0.010625
baseline,Baseline session authorization,120,2921,0.000333,0.003833,0.0,0.005917,0.010833,0.010833
baseline,Baseline session authorization,120,2922,0.000542,0.005125,0.0,0.005958,0.012542,0.012542
baseline,Baseline session authorization,120,2923,0.000375,0.00375,0.0,0.005917,0.010917,0.010917
baseline,Baseline session authorization,120,2924,0.000334,0.00375,0.0,0.00575,0.010708,0.010708
baseline,Baseline session authorization,120,2925,0.000291,0.00375,0.0,0.005708,0.010625,0.010625
baseline,Baseline session authorization,120,2926,0.000333,0.003791,0.0,0.005833,0.01075,0.01075
baseline,Baseline session authorization,120,2927,0.001708,0.021209,0.0,0.017125,0.042417,0.042417
baseline,Baseline session authorization,120,2928,0.0005,0.004792,0.0,0.006291,0.012458,0.012458
baseline,Baseline session authorization,120,2929,0.000416,0.004041,0.0,0.005959,0.01125,0.01125
baseline,Baseline session authorization,120,2930,0.000375,0.003917,0.0,0.005875,0.010958,0.010958
baseline,Baseline session authorization,120,2931,0.000333,0.003833,0.0,0.005917,0.010917,0.010917
baseline,Baseline session authorization,120,2932,0.000333,0.003959,0.0,0.006,0.011083,0.011083
baseline,Baseline session authorization,120,2933,0.000333,0.005666,0.0,0.006084,0.012959,0.012959
baseline,Baseline session authorization,120,2934,0.000333,0.02475,0.0,0.007083,0.03325,0.03325
baseline,Baseline session authorization,120,2935,0.000459,0.004542,0.0,0.006083,0.011958,0.011958
baseline,Baseline session authorization,120,2936,0.000334,0.004125,0.0,0.006166,0.011583,0.011583
baseline,Baseline session authorization,120,2937,0.000375,0.003875,0.0,0.005959,0.011125,0.011125
baseline,Baseline session authorization,120,2938,0.000375,0.003959,0.0,0.005917,0.011084,0.011084
baseline,Baseline session authorization,120,2939,0.000333,0.003834,0.0,0.005917,0.010875,0.010875
baseline,Baseline session authorization,120,2940,0.000333,0.003791,0.0,0.005875,0.010834,0.010834
baseline,Baseline session authorization,120,2941,0.000333,0.003834,0.0,0.005958,0.010875,0.010875
baseline,Baseline session authorization,120,2942,0.000375,0.003833,0.0,0.006042,0.011042,0.011042
baseline,Baseline session authorization,120,2943,0.000292,0.003834,0.0,0.005958,0.010875,0.010875
baseline,Baseline session authorization,120,2944,0.000333,0.003875,0.0,0.005916,0.011,0.011
baseline,Baseline session authorization,120,2945,0.000334,0.003875,0.0,0.005917,0.010917,0.010917
baseline,Baseline session authorization,120,2946,0.000333,0.005916,0.0,0.006166,0.01325,0.01325
baseline,Baseline session authorization,120,2947,0.000334,0.003875,0.0,0.005958,0.011,0.011
baseline,Baseline session authorization,120,2948,0.000375,0.003833,0.0,0.005916,0.010916,0.010916
baseline,Baseline session authorization,120,2949,0.000333,0.003791,0.0,0.005834,0.010834,0.010834
baseline,Baseline session authorization,120,2950,0.000334,0.003917,0.0,0.005875,0.010958,0.010958
baseline,Baseline session authorization,120,2951,0.000375,0.003833,0.0,0.005834,0.010834,0.010834
baseline,Baseline session authorization,120,2952,0.000375,0.003875,0.0,0.006,0.011084,0.011084
baseline,Baseline session authorization,120,2953,0.000375,0.003917,0.0,0.005875,0.011,0.011
baseline,Baseline session authorization,120,2954,0.000375,0.003917,0.0,0.005875,0.011,0.011
baseline,Baseline session authorization,120,2955,0.000333,0.003792,0.0,0.005875,0.010875,0.010875
baseline,Baseline session authorization,120,2956,0.000333,0.003834,0.0,0.005875,0.010917,0.010917
baseline,Baseline session authorization,120,2957,0.000333,0.003875,0.0,0.005833,0.010875,0.010875
baseline,Baseline session authorization,120,2958,0.000375,0.003833,0.0,0.005875,0.010875,0.010875
baseline,Baseline session authorization,120,2959,0.000375,0.003792,0.0,0.005834,0.010834,0.010834
baseline,Baseline session authorization,120,2960,0.000333,0.007375,0.0,0.006042,0.014625,0.014625
baseline,Baseline session authorization,120,2961,0.000333,0.003917,0.0,0.005917,0.011,0.011
baseline,Baseline session authorization,120,2962,0.000333,0.003792,0.0,0.005834,0.01075,0.01075
baseline,Baseline session authorization,120,2963,0.000375,0.003834,0.0,0.005958,0.011083,0.011083
baseline,Baseline session authorization,120,2964,0.000333,0.003917,0.0,0.005875,0.010917,0.010917
baseline,Baseline session authorization,120,2965,0.000375,0.003958,0.0,0.005917,0.011,0.011
baseline,Baseline session authorization,120,2966,0.000334,0.003833,0.0,0.005916,0.010916,0.010916
baseline,Baseline session authorization,120,2967,0.000375,0.003833,0.0,0.005917,0.010917,0.010917
baseline,Baseline session authorization,120,2968,0.000334,0.003833,0.0,0.005875,0.010875,0.010875
baseline,Baseline session authorization,120,2969,0.000375,0.003833,0.0,0.005916,0.010875,0.010875
baseline,Baseline session authorization,120,2970,0.000334,0.003792,0.0,0.005792,0.010709,0.010709
baseline,Baseline session authorization,120,2971,0.000291,0.003917,0.0,0.005833,0.010917,0.010917
baseline,Baseline session authorization,120,2972,0.000333,0.003916,0.0,0.005834,0.010917,0.010917
baseline,Baseline session authorization,120,2973,0.000333,0.003958,0.0,0.005792,0.010917,0.010917
baseline,Baseline session authorization,120,2974,0.000334,0.003875,0.0,0.005792,0.010833,0.010833
baseline,Baseline session authorization,120,2975,0.000333,0.003834,0.0,0.00575,0.010834,0.010834
baseline,Baseline session authorization,120,2976,0.000375,0.003917,0.0,0.00575,0.010875,0.010875
baseline,Baseline session authorization,120,2977,0.000333,0.003875,0.0,0.00575,0.01075,0.01075
baseline,Baseline session authorization,120,2978,0.000375,0.003833,0.0,0.005792,0.010834,0.010834
baseline,Baseline session authorization,120,2979,0.000333,0.003834,0.0,0.005833,0.010833,0.010833
baseline,Baseline session authorization,120,2980,0.000333,0.003834,0.0,0.005833,0.010875,0.010875
baseline,Baseline session authorization,120,2981,0.000333,0.003834,0.0,0.00575,0.010792,0.010792
baseline,Baseline session authorization,120,2982,0.000334,0.00375,0.0,0.005833,0.010833,0.010833
baseline,Baseline session authorization,120,2983,0.000334,0.003875,0.0,0.005792,0.010875,0.010875
baseline,Baseline session authorization,120,2984,0.000333,0.004042,0.0,0.006042,0.011292,0.011292
baseline,Baseline session authorization,120,2985,0.000375,0.003791,0.0,0.005875,0.010792,0.010792
baseline,Baseline session authorization,120,2986,0.000333,0.003791,0.0,0.005916,0.010834,0.010834
baseline,Baseline session authorization,120,2987,0.000334,0.003833,0.0,0.005833,0.010833,0.010833
baseline,Baseline session authorization,120,2988,0.000333,0.003833,0.0,0.005834,0.010834,0.010834
baseline,Baseline session authorization,120,2989,0.000334,0.003833,0.0,0.005834,0.010833,0.010833
baseline,Baseline session authorization,120,2990,0.000334,0.003833,0.0,0.005833,0.010833,0.010833
baseline,Baseline session authorization,120,2991,0.000333,0.003875,0.0,0.005875,0.010875,0.010875
baseline,Baseline session authorization,120,2992,0.000541,0.00475,0.0,0.006666,0.012959,0.012959
baseline,Baseline session authorization,120,2993,0.000333,0.003958,0.0,0.005875,0.011042,0.011042
baseline,Baseline session authorization,120,2994,0.000333,0.003833,0.0,0.005834,0.010834,0.010834
baseline,Baseline session authorization,120,2995,0.000334,0.003833,0.0,0.005792,0.01075,0.01075
baseline,Baseline session authorization,120,2996,0.000333,0.003875,0.0,0.005875,0.010875,0.010875
baseline,Baseline session authorization,120,2997,0.000333,0.003875,0.0,0.005833,0.010834,0.010834
baseline,Baseline session authorization,120,2998,0.000333,0.003959,0.0,0.005791,0.010958,0.010958
baseline,Baseline session authorization,120,2999,0.000334,0.004,0.0,0.005875,0.011,0.011
baseline,Baseline session authorization,120,3000,0.000333,0.003875,0.0,0.005834,0.010833,0.010833
poia_webauthn,PoIA with WebAuthn,120,1,0.002375,0.025375,3.847292,2.186375,6.065,5506.065
poia_webauthn,PoIA with WebAuthn,120,2,0.001917,0.021125,2.919958,2.85175,5.797792,5505.797792
poia_webauthn,PoIA with WebAuthn,120,3,0.00175,0.01775,1.954458,0.134791,2.111291,5502.111291
poia_webauthn,PoIA with WebAuthn,120,4,0.001625,0.020875,2.463291,0.131417,2.619833,5502.619833
poia_webauthn,PoIA with WebAuthn,120,5,0.001833,0.017584,2.798083,0.127542,2.947625,5502.947625
poia_webauthn,PoIA with WebAuthn,120,6,0.001875,0.01825,1.980375,1.20825,3.211125,5503.211125
poia_webauthn,PoIA with WebAuthn,120,7,0.001666,0.017458,4.930917,0.13225,5.085,5505.085
poia_webauthn,PoIA with WebAuthn,120,8,0.001667,0.017458,4.912083,0.13175,5.0655,5505.0655
poia_webauthn,PoIA with WebAuthn,120,9,0.001666,0.017542,4.893792,0.1325,5.048083,5505.048083
poia_webauthn,PoIA with WebAuthn,120,10,0.001666,0.017166,2.485042,0.1305,2.637,5502.637
poia_webauthn,PoIA with WebAuthn,120,11,0.00175,0.017625,1.806083,2.0675,3.895667,5503.895667
poia_webauthn,PoIA with WebAuthn,120,12,0.001625,0.017916,1.9055,0.141042,2.068667,5502.068667
poia_webauthn,PoIA with WebAuthn,120,13,0.001667,0.017375,5.051125,0.130875,5.203584,5505.203584
poia_webauthn,PoIA with WebAuthn,120,14,0.001916,0.018083,1.224084,0.148625,1.395208,5501.395208
poia_webauthn,PoIA with WebAuthn,120,15,0.001625,0.017375,1.951459,0.127583,2.100583,5502.100583
poia_webauthn,PoIA with WebAuthn,120,16,0.001834,0.017833,1.820333,2.103834,3.946833,5503.946833
poia_webauthn,PoIA with WebAuthn,120,17,0.001584,0.017334,7.524333,0.117083,7.66225,5507.66225
poia_webauthn,PoIA with WebAuthn,120,18,0.002458,0.0225,1.849291,0.144833,2.022333,5502.022333
poia_webauthn,PoIA with WebAuthn,120,19,0.001709,0.017417,2.737542,0.142541,2.901833,5502.901833
poia_webauthn,PoIA with WebAuthn,120,20,0.001958,0.021417,2.462167,0.128958,2.617084,5502.617084
poia_webauthn,PoIA with WebAuthn,120,21,0.001708,0.01825,1.406291,0.131042,1.559875,5501.559875
poia_webauthn,PoIA with WebAuthn,120,22,0.00175,0.017541,1.783167,0.131209,1.93625,5501.93625
poia_webauthn,PoIA with WebAuthn,120,23,0.001708,0.017292,2.467583,0.130583,2.61975,5502.61975
poia_webauthn,PoIA with WebAuthn,120,24,0.002,0.020917,1.705083,6.044041,7.775167,5507.775167
poia_webauthn,PoIA with WebAuthn,120,25,0.001333,0.017584,2.52525,0.365166,2.911792,5502.911792
poia_webauthn,PoIA with WebAuthn,120,26,0.001875,0.021959,2.93,2.830416,5.787416,5505.787416
poia_webauthn,PoIA with WebAuthn,120,27,0.001667,0.017417,2.836292,0.134333,2.992292,5502.992292
poia_webauthn,PoIA with WebAuthn,120,28,0.00175,0.017625,0.055208,0.118292,0.194708,5500.194708
poia_webauthn,PoIA with WebAuthn,120,29,0.001625,0.017791,3.053584,0.133875,3.208625,5503.208625
poia_webauthn,PoIA with WebAuthn,120,30,0.001375,0.020333,0.0525,0.118083,0.194125,5500.194125
poia_webauthn,PoIA with WebAuthn,120,31,0.001791,0.017708,6.6335,1.632625,8.288542,5508.288542
poia_webauthn,PoIA with WebAuthn,120,32,0.001542,0.017666,2.336125,0.127417,2.485291,5502.485291
poia_webauthn,PoIA with WebAuthn,120,33,0.001917,0.017833,9.893,0.132583,10.047916,5510.047916
poia_webauthn,PoIA with WebAuthn,120,34,0.002083,0.021542,3.238208,0.127417,3.391834,5503.391834
poia_webauthn,PoIA with WebAuthn,120,35,0.002125,0.02125,3.756958,0.131375,3.914208,5503.914208
poia_webauthn,PoIA with WebAuthn,120,36,0.001625,0.017291,1.83025,2.335917,4.188167,5504.188167
poia_webauthn,PoIA with WebAuthn,120,37,0.001708,0.017541,1.955542,0.131292,2.108709,5502.108709
poia_webauthn,PoIA with WebAuthn,120,38,0.001583,0.017333,6.14275,2.42025,8.584375,5508.584375
poia_webauthn,PoIA with WebAuthn,120,39,0.001917,0.018042,1.95125,0.140042,2.11375,5502.11375
poia_webauthn,PoIA with WebAuthn,120,40,0.001542,0.017542,5.226333,0.134125,5.382208,5505.382208
poia_webauthn,PoIA with WebAuthn,120,41,0.001958,0.018166,2.213417,0.131375,2.367542,5502.367542
poia_webauthn,PoIA with WebAuthn,120,42,0.00175,0.017625,1.808667,0.132541,1.963166,5501.963166
poia_webauthn,PoIA with WebAuthn,120,43,0.002,0.024708,2.915583,0.131417,3.076292,5503.076292
poia_webauthn,PoIA with WebAuthn,120,44,0.00175,0.02075,2.474667,2.518584,5.018875,5505.018875
poia_webauthn,PoIA with WebAuthn,120,45,0.001791,0.017667,1.928666,0.133917,2.084583,5502.084583
poia_webauthn,PoIA with WebAuthn,120,46,0.00225,0.024375,2.522583,0.134458,2.686375,5502.686375
poia_webauthn,PoIA with WebAuthn,120,47,0.001708,0.018958,7.161667,0.149417,7.334334,5507.334334
poia_webauthn,PoIA with WebAuthn,120,48,0.001625,0.0175,5.730833,0.1285,5.881042,5505.881042
poia_webauthn,PoIA with WebAuthn,120,49,0.001959,0.02175,2.846,0.131083,3.003375,5503.003375
poia_webauthn,PoIA with WebAuthn,120,50,0.001375,0.01775,5.8785,9.925208,15.825208,5515.825208
poia_webauthn,PoIA with WebAuthn,120,51,0.001875,0.018208,0.056292,0.118667,0.196917,5500.196917
poia_webauthn,PoIA with WebAuthn,120,52,0.002417,0.026,4.729792,2.422667,7.184458,5507.184458
poia_webauthn,PoIA with WebAuthn,120,53,0.002084,0.021333,2.020958,0.135875,2.183041,5502.183041
poia_webauthn,PoIA with WebAuthn,120,54,0.00175,0.017541,0.056459,0.118458,0.196125,5500.196125
poia_webauthn,PoIA with WebAuthn,120,55,0.002,0.021958,1.878792,1.892667,3.798417,5503.798417
poia_webauthn,PoIA with WebAuthn,120,56,0.001708,0.017666,8.349459,0.1205,8.49125,5508.49125
poia_webauthn,PoIA with WebAuthn,120,57,0.001875,0.018208,2.708208,0.130458,2.861292,5502.861292
poia_webauthn,PoIA with WebAuthn,120,58,0.001834,0.01775,4.82825,0.144792,4.995166,5504.995166
poia_webauthn,PoIA with WebAuthn,120,59,0.001584,0.017916,8.265709,1.967958,10.256208,5510.256208
poia_webauthn,PoIA with WebAuthn,120,60,0.001917,0.021834,2.508,0.131416,2.665791,5502.665791
poia_webauthn,PoIA with WebAuthn,120,61,0.001625,0.017459,19.230375,0.137375,19.389417,5519.389417
poia_webauthn,PoIA with WebAuthn,120,62,0.00175,0.017667,4.933375,7.749458,12.705375,5512.705375
poia_webauthn,PoIA with WebAuthn,120,63,0.001667,0.017291,2.813709,0.126958,2.962166,5502.962166
poia_webauthn,PoIA with WebAuthn,120,64,0.001416,0.017666,2.716209,0.127,2.864792,5502.864792
poia_webauthn,PoIA with WebAuthn,120,65,0.001708,0.017459,5.02925,0.126708,5.177667,5505.177667
poia_webauthn,PoIA with WebAuthn,120,66,0.00175,0.017709,2.232416,0.147416,2.401792,5502.401792
poia_webauthn,PoIA with WebAuthn,120,67,0.002083,0.021375,1.952208,0.131542,2.109833,5502.109833
poia_webauthn,PoIA with WebAuthn,120,68,0.00175,0.01775,1.686625,2.546708,4.255208,5504.255208
poia_webauthn,PoIA with WebAuthn,120,69,0.001666,0.017542,0.063583,2.517167,2.602458,5502.602458
poia_webauthn,PoIA with WebAuthn,120,70,0.001666,0.017292,3.954417,0.145167,4.121083,5504.121083
poia_webauthn,PoIA with WebAuthn,120,71,0.001959,0.021417,2.866958,2.633875,5.527291,5505.527291
poia_webauthn,PoIA with WebAuthn,120,72,0.00175,0.017542,2.519042,0.12825,2.669125,5502.669125
poia_webauthn,PoIA with WebAuthn,120,73,0.002,0.021292,2.050833,0.131625,2.208166,5502.208166
poia_webauthn,PoIA with WebAuthn,120,74,0.001625,0.017375,2.810084,0.130958,2.962583,5502.962583
poia_webauthn,PoIA with WebAuthn,120,75,0.002375,0.022167,8.085708,0.159625,8.272958,5508.272958
poia_webauthn,PoIA with WebAuthn,120,76,0.001667,0.017292,3.015125,2.675292,5.712416,5505.712416
poia_webauthn,PoIA with WebAuthn,120,77,0.001834,0.017458,2.088584,0.132125,2.242417,5502.242417
poia_webauthn,PoIA with WebAuthn,120,78,0.001958,0.021417,13.002958,0.131333,13.16025,5513.16025
poia_webauthn,PoIA with WebAuthn,120,79,0.002083,0.021458,2.140625,0.131542,2.29825,5502.29825
poia_webauthn,PoIA with WebAuthn,120,80,0.001917,0.020833,2.718208,0.13125,2.874708,5502.874708
poia_webauthn,PoIA with WebAuthn,120,81,0.001875,0.021666,2.434417,0.131417,2.591958,5502.591958
poia_webauthn,PoIA with WebAuthn,120,82,0.001875,0.01775,2.516209,0.131667,2.670125,5502.670125
poia_webauthn,PoIA with WebAuthn,120,83,0.001667,0.017667,1.68575,0.142541,1.850333,5501.850333
poia_webauthn,PoIA with WebAuthn,120,84,0.001542,0.020291,2.047083,0.14075,2.212166,5502.212166
poia_webauthn,PoIA with WebAuthn,120,85,0.00175,0.0195,2.8005,0.13675,2.961084,5502.961084
poia_webauthn,PoIA with WebAuthn,120,86,0.002125,0.021125,12.20725,0.131792,12.364834,5512.364834
poia_webauthn,PoIA with WebAuthn,120,87,0.001625,0.017167,1.803666,0.129709,1.954625,5501.954625
poia_webauthn,PoIA with WebAuthn,120,88,0.001625,0.017416,2.522375,0.130417,2.674417,5502.674417
poia_webauthn,PoIA with WebAuthn,120,89,0.001583,0.034958,5.481792,0.132708,5.654042,5505.654042
poia_webauthn,PoIA with WebAuthn,120,90,0.002,0.02175,1.938042,1.962625,3.9275,5503.9275
poia_webauthn,PoIA with WebAuthn,120,91,0.001667,0.017417,2.294417,0.142333,2.458375,5502.458375
poia_webauthn,PoIA with WebAuthn,120,92,0.001792,0.017417,2.042875,0.133709,2.198208,5502.198208
poia_webauthn,PoIA with WebAuthn,120,93,0.002,0.021625,0.06125,1.807875,1.895166,5501.895166
poia_webauthn,PoIA with WebAuthn,120,94,0.001792,0.01725,2.859833,0.131,3.012458,5503.012458
poia_webauthn,PoIA with WebAuthn,120,95,0.001833,0.020792,3.443708,3.743458,7.212417,5507.212417
poia_webauthn,PoIA with WebAuthn,120,96,0.001666,0.017458,1.998625,2.090458,4.110458,5504.110458
poia_webauthn,PoIA with WebAuthn,120,97,0.001542,0.017416,5.220959,0.131083,5.373375,5505.373375
poia_webauthn,PoIA with WebAuthn,120,98,0.002333,0.022125,1.440125,9.318167,10.786417,5510.786417
poia_webauthn,PoIA with WebAuthn,120,99,0.00175,0.017583,3.775542,0.133417,3.930875,5503.930875
poia_webauthn,PoIA with WebAuthn,120,100,0.00175,0.017209,7.829916,2.850583,10.702458,5510.702458
poia_webauthn,PoIA with WebAuthn,120,101,0.001625,0.020875,4.708375,0.132292,4.865792,5504.865792
poia_webauthn,PoIA with WebAuthn,120,102,0.002,0.017959,0.057125,0.117959,0.197,5500.197
poia_webauthn,PoIA with WebAuthn,120,103,0.002292,0.025875,1.325292,0.135209,1.491708,5501.491708
poia_webauthn,PoIA with WebAuthn,120,104,0.001958,0.021209,1.766125,0.136625,1.928542,5501.928542
poia_webauthn,PoIA with WebAuthn,120,105,0.001625,0.017583,5.055875,0.1315,5.209,5505.209
poia_webauthn,PoIA with WebAuthn,120,106,0.001542,0.021666,1.803541,0.127458,1.956625,5501.956625
poia_webauthn,PoIA with WebAuthn,120,107,0.001792,0.021417,4.737083,0.134,4.896792,5504.896792
poia_webauthn,PoIA with WebAuthn,120,108,0.001875,0.019292,2.558291,0.13275,2.714709,5502.714709
poia_webauthn,PoIA with WebAuthn,120,109,0.001792,0.017625,5.403209,0.130583,5.555708,5505.555708
poia_webauthn,PoIA with WebAuthn,120,110,0.001625,0.01725,5.501208,2.65475,8.177875,5508.177875
poia_webauthn,PoIA with WebAuthn,120,111,0.002292,0.021917,0.063792,4.863834,4.954458,5504.954458
poia_webauthn,PoIA with WebAuthn,120,112,0.001625,0.018667,8.051292,0.130667,8.204917,5508.204917
poia_webauthn,PoIA with WebAuthn,120,113,0.001833,0.017625,2.87175,0.135,3.028792,5503.028792
poia_webauthn,PoIA with WebAuthn,120,114,0.001666,0.0175,2.40275,0.127625,2.552084,5502.552084
poia_webauthn,PoIA with WebAuthn,120,115,0.001667,0.017666,2.826041,0.185959,3.034333,5503.034333
poia_webauthn,PoIA with WebAuthn,120,116,0.002167,0.02125,2.059958,2.172417,4.258833,5504.258833
poia_webauthn,PoIA with WebAuthn,120,117,0.002,0.02125,1.78325,0.142708,1.951792,5501.951792
poia_webauthn,PoIA with WebAuthn,120,118,0.001708,0.017583,2.345166,0.145666,2.51275,5502.51275
poia_webauthn,PoIA with WebAuthn,120,119,0.002,0.021333,5.176167,3.177667,8.379458,5508.379458
poia_webauthn,PoIA with WebAuthn,120,120,0.001667,0.02075,1.71,11.866291,13.601916,5513.601916
poia_webauthn,PoIA with WebAuthn,120,121,0.001958,0.021708,2.570083,0.141292,2.737709,5502.737709
poia_webauthn,PoIA with WebAuthn,120,122,0.002,0.021708,0.061833,1.741542,1.8295,5501.8295
poia_webauthn,PoIA with WebAuthn,120,123,0.001959,0.021209,2.66275,0.131,2.819542,5502.819542
poia_webauthn,PoIA with WebAuthn,120,124,0.001834,0.017917,7.089166,0.131208,7.242833,5507.242833
poia_webauthn,PoIA with WebAuthn,120,125,0.001833,0.017584,0.056791,1.882625,1.961459,5501.961459
poia_webauthn,PoIA with WebAuthn,120,126,0.001541,0.028167,2.848666,0.130917,3.022584,5503.022584
poia_webauthn,PoIA with WebAuthn,120,127,0.001667,0.017833,4.703417,0.13225,4.857875,5504.857875
poia_webauthn,PoIA with WebAuthn,120,128,0.001708,0.021125,2.751667,1.826458,4.60325,5504.60325
poia_webauthn,PoIA with WebAuthn,120,129,0.001666,0.018,6.249542,0.133125,6.405042,5506.405042
poia_webauthn,PoIA with WebAuthn,120,130,0.00175,0.01825,2.528083,0.132083,2.682667,5502.682667
poia_webauthn,PoIA with WebAuthn,120,131,0.001541,0.017958,2.171042,2.0745,4.268,5504.268
poia_webauthn,PoIA with WebAuthn,120,132,0.001709,0.017583,4.813042,0.131125,4.966042,5504.966042
poia_webauthn,PoIA with WebAuthn,120,133,0.001666,0.017333,5.7425,1.38125,7.145875,5507.145875
poia_webauthn,PoIA with WebAuthn,120,134,0.00175,0.017458,1.973292,0.130625,2.125792,5502.125792
poia_webauthn,PoIA with WebAuthn,120,135,0.001959,0.022125,2.018125,0.13125,2.176041,5502.176041
poia_webauthn,PoIA with WebAuthn,120,136,0.001625,0.019666,4.685084,0.128125,4.837083,5504.837083
poia_webauthn,PoIA with WebAuthn,120,137,0.002334,0.022792,1.621292,1.871209,3.521167,5503.521167
poia_webauthn,PoIA with WebAuthn,120,138,0.001458,0.018041,1.650625,0.130292,1.802834,5501.802834
poia_webauthn,PoIA with WebAuthn,120,139,0.001792,0.017875,3.430291,0.127,3.579459,5503.579459
poia_webauthn,PoIA with WebAuthn,120,140,0.002083,0.021541,2.484875,0.134541,2.645542,5502.645542
poia_webauthn,PoIA with WebAuthn,120,141,0.001917,0.024833,7.602541,0.127333,7.759167,5507.759167
poia_webauthn,PoIA with WebAuthn,120,142,0.018083,0.032958,1.963833,1.995875,4.016625,5504.016625
poia_webauthn,PoIA with WebAuthn,120,143,0.001667,0.017209,1.912208,5.434542,7.368709,5507.368709
poia_webauthn,PoIA with WebAuthn,120,144,0.001791,0.017709,2.3355,0.130666,2.488208,5502.488208
poia_webauthn,PoIA with WebAuthn,120,145,0.001875,0.021,1.869584,5.025625,6.92125,5506.92125
poia_webauthn,PoIA with WebAuthn,120,146,0.001666,0.017667,0.060792,0.115167,0.197125,5500.197125
poia_webauthn,PoIA with WebAuthn,120,147,0.001625,0.017416,2.256916,0.144791,2.423334,5502.423334
poia_webauthn,PoIA with WebAuthn,120,148,0.002375,0.026541,2.093667,2.152792,4.278792,5504.278792
poia_webauthn,PoIA with WebAuthn,120,149,0.002084,0.021708,1.600875,0.130583,1.757291,5501.757291
poia_webauthn,PoIA with WebAuthn,120,150,0.001542,0.017417,1.763667,5.442833,7.228666,5507.228666
poia_webauthn,PoIA with WebAuthn,120,151,0.001709,0.017334,2.771917,0.12725,2.92075,5502.92075
poia_webauthn,PoIA with WebAuthn,120,152,0.002208,0.01825,3.952583,0.1315,4.107291,5504.107291
poia_webauthn,PoIA with WebAuthn,120,153,0.001583,0.017333,5.575375,0.131542,5.728416,5505.728416
poia_webauthn,PoIA with WebAuthn,120,154,0.001958,0.021584,2.402667,0.146292,2.575084,5502.575084
poia_webauthn,PoIA with WebAuthn,120,155,0.001875,0.017833,4.0955,0.131208,4.248916,5504.248916
poia_webauthn,PoIA with WebAuthn,120,156,0.001541,0.0175,0.055625,0.118583,0.195125,5500.195125
poia_webauthn,PoIA with WebAuthn,120,157,0.001833,0.017333,13.814667,0.353917,14.189584,5514.189584
poia_webauthn,PoIA with WebAuthn,120,158,0.001375,0.017334,2.064875,2.511625,4.598209,5504.598209
poia_webauthn,PoIA with WebAuthn,120,159,0.001834,0.021459,1.850291,0.132333,2.0085,5502.0085
poia_webauthn,PoIA with WebAuthn,120,160,0.002542,0.022042,2.187958,3.626792,5.842875,5505.842875
poia_webauthn,PoIA with WebAuthn,120,161,0.001708,0.017417,4.121292,0.131125,4.274084,5504.274084
poia_webauthn,PoIA with WebAuthn,120,162,0.00225,0.0225,1.242584,0.1345,1.404917,5501.404917
poia_webauthn,PoIA with WebAuthn,120,163,0.00175,0.017667,0.055875,0.117791,0.195084,5500.195084
poia_webauthn,PoIA with WebAuthn,120,164,0.002458,0.037167,1.711292,0.130792,1.884708,5501.884708
poia_webauthn,PoIA with WebAuthn,120,165,0.001625,0.017334,1.909458,0.133625,2.064625,5502.064625
poia_webauthn,PoIA with WebAuthn,120,166,0.001458,0.0175,2.752833,0.135584,2.909792,5502.909792
poia_webauthn,PoIA with WebAuthn,120,167,0.001709,0.017416,2.059417,0.129875,2.210958,5502.210958
poia_webauthn,PoIA with WebAuthn,120,168,0.001667,0.01775,2.781042,0.131083,2.934,5502.934
poia_webauthn,PoIA with WebAuthn,120,169,0.001458,0.017583,1.941208,0.131291,2.094,5502.094
poia_webauthn,PoIA with WebAuthn,120,170,0.001958,0.021583,0.070667,1.806292,1.903042,5501.903042
poia_webauthn,PoIA with WebAuthn,120,171,0.001375,0.017166,5.185291,0.126459,5.332667,5505.332667
poia_webauthn,PoIA with WebAuthn,120,172,0.001625,0.021,5.053833,0.130708,5.209833,5505.209833
poia_webauthn,PoIA with WebAuthn,120,173,0.002458,0.02275,2.742583,2.987041,5.758625,5505.758625
poia_webauthn,PoIA with WebAuthn,120,174,0.001792,0.01775,3.9185,0.14475,4.08525,5504.08525
poia_webauthn,PoIA with WebAuthn,120,175,0.001333,0.01725,1.771792,0.126542,1.919458,5501.919458
poia_webauthn,PoIA with WebAuthn,120,176,0.001833,0.017667,2.217625,0.14075,2.380375,5502.380375
poia_webauthn,PoIA with WebAuthn,120,177,0.001791,0.017292,0.056708,0.219667,0.297417,5500.297417
poia_webauthn,PoIA with WebAuthn,120,178,0.001958,0.021458,4.849708,0.119333,4.994292,5504.994292
poia_webauthn,PoIA with WebAuthn,120,179,0.002041,0.021791,0.061792,0.136042,0.223708,5500.223708
poia_webauthn,PoIA with WebAuthn,120,180,0.001542,0.017375,2.695709,0.126708,2.843875,5502.843875
poia_webauthn,PoIA with WebAuthn,120,181,0.002083,0.02175,2.628708,0.143208,2.798292,5502.798292
poia_webauthn,PoIA with WebAuthn,120,182,0.001333,0.017333,11.488375,7.50825,19.018125,5519.018125
poia_webauthn,PoIA with WebAuthn,120,183,0.001666,0.01775,0.05625,0.11825,0.195917,5500.195917
poia_webauthn,PoIA with WebAuthn,120,184,0.001625,0.01725,2.609708,2.9525,5.584042,5505.584042
poia_webauthn,PoIA with WebAuthn,120,185,0.002625,0.022792,1.915875,0.135959,2.080333,5502.080333
poia_webauthn,PoIA with WebAuthn,120,186,0.001584,0.017417,1.802,0.129084,1.95275,5501.95275
poia_webauthn,PoIA with WebAuthn,120,187,0.00175,0.017458,2.79175,0.11975,2.93275,5502.93275
poia_webauthn,PoIA with WebAuthn,120,188,0.001625,0.017084,11.345541,4.474417,15.84175,5515.84175
poia_webauthn,PoIA with WebAuthn,120,189,0.001666,0.0175,5.48275,0.131291,5.635667,5505.635667
poia_webauthn,PoIA with WebAuthn,120,190,0.002083,0.0215,12.612417,0.133291,12.772,5512.772
poia_webauthn,PoIA with WebAuthn,120,191,0.001625,0.01775,1.226375,0.134417,1.382625,5501.382625
poia_webauthn,PoIA with WebAuthn,120,192,0.001333,0.017708,1.601917,0.363084,1.986666,5501.986666
poia_webauthn,PoIA with WebAuthn,120,193,0.001708,0.017208,2.27425,0.142416,2.438042,5502.438042
poia_webauthn,PoIA with WebAuthn,120,194,0.001708,0.017791,2.217291,4.713625,6.95325,5506.95325
poia_webauthn,PoIA with WebAuthn,120,195,0.002209,0.021833,0.0615,1.770584,1.858667,5501.858667
poia_webauthn,PoIA with WebAuthn,120,196,0.001667,0.017625,2.285167,3.53825,5.84525,5505.84525
poia_webauthn,PoIA with WebAuthn,120,197,0.002208,0.021458,2.0615,0.133584,2.221375,5502.221375
poia_webauthn,PoIA with WebAuthn,120,198,0.001709,0.017417,4.637,0.130458,4.789166,5504.789166
poia_webauthn,PoIA with WebAuthn,120,199,0.0015,0.017916,3.400417,2.026042,5.448917,5505.448917
poia_webauthn,PoIA with WebAuthn,120,200,0.001958,0.021458,1.932542,0.130667,2.089208,5502.089208
poia_webauthn,PoIA with WebAuthn,120,201,0.001667,0.048625,4.607708,6.004958,10.666583,5510.666583
poia_webauthn,PoIA with WebAuthn,120,202,0.002458,0.022334,13.775625,1.549042,15.352583,5515.352583
poia_webauthn,PoIA with WebAuthn,120,203,0.00175,0.017667,0.056333,0.121667,0.199458,5500.199458
poia_webauthn,PoIA with WebAuthn,120,204,0.002375,0.026208,2.823209,2.669042,5.52425,5505.52425
poia_webauthn,PoIA with WebAuthn,120,205,0.002083,0.021292,5.042583,0.131667,5.200125,5505.200125
poia_webauthn,PoIA with WebAuthn,120,206,0.001625,0.017417,2.140833,0.131083,2.2935,5502.2935
poia_webauthn,PoIA with WebAuthn,120,207,0.001708,0.017375,1.954167,0.131209,2.107,5502.107
poia_webauthn,PoIA with WebAuthn,120,208,0.001708,0.017291,3.594542,0.13125,3.747541,5503.747541
poia_webauthn,PoIA with WebAuthn,120,209,0.001667,0.017959,4.769625,0.130917,4.922959,5504.922959
poia_webauthn,PoIA with WebAuthn,120,210,0.001625,0.017375,8.159,0.128541,8.309166,5508.309166
poia_webauthn,PoIA with WebAuthn,120,211,0.001667,0.017584,3.0775,0.133041,3.232333,5503.232333
poia_webauthn,PoIA with WebAuthn,120,212,0.001667,0.017875,1.756125,0.132292,1.910459,5501.910459
poia_webauthn,PoIA with WebAuthn,120,213,0.001833,0.017875,8.386708,0.134875,8.54375,5508.54375
poia_webauthn,PoIA with WebAuthn,120,214,0.00175,0.017417,2.077042,0.131,2.229792,5502.229792
poia_webauthn,PoIA with WebAuthn,120,215,0.001791,0.01775,2.017584,0.132416,2.172042,5502.172042
poia_webauthn,PoIA with WebAuthn,120,216,0.001625,0.017084,7.76375,0.131208,7.916292,5507.916292
poia_webauthn,PoIA with WebAuthn,120,217,0.002,0.017834,2.409125,5.184958,7.617084,5507.617084
poia_webauthn,PoIA with WebAuthn,120,218,0.00175,0.0175,10.906208,0.131209,11.059167,5511.059167
poia_webauthn,PoIA with WebAuthn,120,219,0.001583,0.017208,2.421625,0.130625,2.573583,5502.573583
poia_webauthn,PoIA with WebAuthn,120,220,0.001708,0.0175,1.88525,1.981291,3.888833,5503.888833
poia_webauthn,PoIA with WebAuthn,120,221,0.001708,0.017416,2.587042,0.127291,2.735917,5502.735917
poia_webauthn,PoIA with WebAuthn,120,222,0.00175,0.017708,1.750209,0.130125,1.9025,5501.9025
poia_webauthn,PoIA with WebAuthn,120,223,0.00175,0.01725,2.430875,0.1315,2.584,5502.584
poia_webauthn,PoIA with WebAuthn,120,224,0.001958,0.02175,2.365375,0.145375,2.537,5502.537
poia_webauthn,PoIA with WebAuthn,120,225,0.001667,0.017333,4.826666,0.13075,4.978875,5504.978875
poia_webauthn,PoIA with WebAuthn,120,226,0.0015,0.021375,1.235625,0.129667,1.390625,5501.390625
poia_webauthn,PoIA with WebAuthn,120,227,0.001708,0.018,2.357625,0.142458,2.522375,5502.522375
poia_webauthn,PoIA with WebAuthn,120,228,0.001708,0.017417,2.48375,2.758,5.263875,5505.263875
poia_webauthn,PoIA with WebAuthn,120,229,0.001917,0.02125,1.926917,0.127458,2.080042,5502.080042
poia_webauthn,PoIA with WebAuthn,120,230,0.001625,0.017625,5.490125,0.13425,5.646167,5505.646167
poia_webauthn,PoIA with WebAuthn,120,231,0.001667,0.017458,4.641833,0.126958,4.790375,5504.790375
poia_webauthn,PoIA with WebAuthn,120,232,0.002209,0.025167,3.631667,0.130541,3.792625,5503.792625
poia_webauthn,PoIA with WebAuthn,120,233,0.001792,0.018125,2.613,2.775667,5.411083,5505.411083
poia_webauthn,PoIA with WebAuthn,120,234,0.001667,0.017541,2.125834,0.127625,2.275125,5502.275125
poia_webauthn,PoIA with WebAuthn,120,235,0.001666,0.017333,1.650541,11.514083,13.18675,5513.18675
poia_webauthn,PoIA with WebAuthn,120,236,0.001667,0.029209,2.440167,6.202,8.676209,5508.676209
poia_webauthn,PoIA with WebAuthn,120,237,0.001959,0.024917,2.082541,0.134667,2.246708,5502.246708
poia_webauthn,PoIA with WebAuthn,120,238,0.001833,0.017958,2.119625,0.134417,2.276541,5502.276541
poia_webauthn,PoIA with WebAuthn,120,239,0.002041,0.0215,2.507625,0.130833,2.6645,5502.6645
poia_webauthn,PoIA with WebAuthn,120,240,0.001625,0.017541,2.498917,0.1305,2.651125,5502.651125
poia_webauthn,PoIA with WebAuthn,120,241,0.001625,0.017417,1.841083,0.133625,1.99625,5501.99625
poia_webauthn,PoIA with WebAuthn,120,242,0.002041,0.021167,2.713459,0.133666,2.872792,5502.872792
poia_webauthn,PoIA with WebAuthn,120,243,0.001583,0.017334,1.82025,0.1305,1.972291,5501.972291
poia_webauthn,PoIA with WebAuthn,120,244,0.001708,0.017375,2.37325,10.702125,13.097542,5513.097542
poia_webauthn,PoIA with WebAuthn,120,245,0.001709,0.017667,3.743292,0.127083,3.892292,5503.892292
poia_webauthn,PoIA with WebAuthn,120,246,0.002125,0.023833,2.125958,0.130542,2.285125,5502.285125
poia_webauthn,PoIA with WebAuthn,120,247,0.001792,0.017958,2.735375,0.127459,2.885041,5502.885041
poia_webauthn,PoIA with WebAuthn,120,248,0.001791,0.0175,1.658583,0.134375,1.814792,5501.814792
poia_webauthn,PoIA with WebAuthn,120,249,0.001833,0.021542,2.289791,2.52525,4.841583,5504.841583
poia_webauthn,PoIA with WebAuthn,120,250,0.00175,0.020708,5.321166,0.116208,5.461833,5505.461833
poia_webauthn,PoIA with WebAuthn,120,251,0.001291,0.017416,3.34325,2.102959,5.468,5505.468
poia_webauthn,PoIA with WebAuthn,120,252,0.001916,0.025042,4.775,0.13075,4.935333,5504.935333
poia_webauthn,PoIA with WebAuthn,120,253,0.001583,0.017583,6.274625,0.151209,6.447625,5506.447625
poia_webauthn,PoIA with WebAuthn,120,254,0.001916,0.018334,1.465375,2.862208,4.350958,5504.350958
poia_webauthn,PoIA with WebAuthn,120,255,0.002083,0.018083,7.05925,0.132416,7.214375,5507.214375
poia_webauthn,PoIA with WebAuthn,120,256,0.001708,0.01725,5.248542,0.141125,5.411209,5505.411209
poia_webauthn,PoIA with WebAuthn,120,257,0.001625,0.017375,5.061625,0.142959,5.226208,5505.226208
poia_webauthn,PoIA with WebAuthn,120,258,0.00125,0.017416,1.703292,2.278709,4.003667,5504.003667
poia_webauthn,PoIA with WebAuthn,120,259,0.001708,0.017458,2.7455,0.132041,2.899167,5502.899167
poia_webauthn,PoIA with WebAuthn,120,260,0.002333,0.022875,1.752792,0.15325,1.933875,5501.933875
poia_webauthn,PoIA with WebAuthn,120,261,0.001625,0.017417,2.363667,0.143583,2.528917,5502.528917
poia_webauthn,PoIA with WebAuthn,120,262,0.001666,0.017542,5.380208,0.133792,5.535792,5505.535792
poia_webauthn,PoIA with WebAuthn,120,263,0.001709,0.017709,2.467416,0.130667,2.620125,5502.620125
poia_webauthn,PoIA with WebAuthn,120,264,0.00225,0.024417,4.1175,0.149458,4.297875,5504.297875
poia_webauthn,PoIA with WebAuthn,120,265,0.002541,0.022625,7.999792,0.133042,8.16125,5508.16125
poia_webauthn,PoIA with WebAuthn,120,266,0.001792,0.017625,4.793541,0.126708,4.942166,5504.942166
poia_webauthn,PoIA with WebAuthn,120,267,0.00175,0.017875,1.445375,1.401167,2.86925,5502.86925
poia_webauthn,PoIA with WebAuthn,120,268,0.002042,0.022041,3.43525,0.131459,3.593333,5503.593333
poia_webauthn,PoIA with WebAuthn,120,269,0.00225,0.034542,1.65375,0.131125,1.824917,5501.824917
poia_webauthn,PoIA with WebAuthn,120,270,0.0015,0.017,1.627083,1.965125,3.613625,5503.613625
poia_webauthn,PoIA with WebAuthn,120,271,0.001625,0.017208,4.755709,0.130375,4.9075,5504.9075
poia_webauthn,PoIA with WebAuthn,120,272,0.001916,0.01825,2.358417,0.126958,2.50825,5502.50825
poia_webauthn,PoIA with WebAuthn,120,273,0.001959,0.02125,0.06125,0.134584,0.221,5500.221
poia_webauthn,PoIA with WebAuthn,120,274,0.00175,0.0175,2.7265,0.131666,2.88,5502.88
poia_webauthn,PoIA with WebAuthn,120,275,0.001709,0.017667,6.178458,0.138583,6.339042,5506.339042
poia_webauthn,PoIA with WebAuthn,120,276,0.001584,0.017292,5.511708,0.130792,5.663917,5505.663917
poia_webauthn,PoIA with WebAuthn,120,277,0.001666,0.019917,4.7015,0.131167,4.856833,5504.856833
poia_webauthn,PoIA with WebAuthn,120,278,0.002,0.018292,1.699416,0.127042,1.84925,5501.84925
poia_webauthn,PoIA with WebAuthn,120,279,0.001583,0.017583,5.404292,2.955125,8.381208,5508.381208
poia_webauthn,PoIA with WebAuthn,120,280,0.001959,0.021084,4.122125,0.119458,4.266625,5504.266625
poia_webauthn,PoIA with WebAuthn,120,281,0.002041,0.021416,2.848375,5.347542,8.222333,5508.222333
poia_webauthn,PoIA with WebAuthn,120,282,0.001917,0.021875,0.061458,0.173542,0.261291,5500.261291
poia_webauthn,PoIA with WebAuthn,120,283,0.001833,0.017583,5.200959,0.12725,5.350292,5505.350292
poia_webauthn,PoIA with WebAuthn,120,284,0.002083,0.018,3.014125,0.130958,3.16775,5503.16775
poia_webauthn,PoIA with WebAuthn,120,285,0.001708,0.0175,2.715916,0.130833,2.868541,5502.868541
poia_webauthn,PoIA with WebAuthn,120,286,0.001834,0.018166,4.412625,0.132833,4.567875,5504.567875
poia_webauthn,PoIA with WebAuthn,120,287,0.001625,0.021375,7.141417,1.647666,8.8145,5508.8145
poia_webauthn,PoIA with WebAuthn,120,288,0.001541,0.017208,2.085541,0.128209,2.235042,5502.235042
poia_webauthn,PoIA with WebAuthn,120,289,0.001916,0.021458,3.45725,0.131708,3.614916,5503.614916
poia_webauthn,PoIA with WebAuthn,120,290,0.002208,0.021042,1.737042,0.128,1.891125,5501.891125
poia_webauthn,PoIA with WebAuthn,120,291,0.001667,0.017583,2.48025,0.1235,2.62475,5502.62475
poia_webauthn,PoIA with WebAuthn,120,292,0.001625,0.017417,4.956958,0.144917,5.123583,5505.123583
poia_webauthn,PoIA with WebAuthn,120,293,0.001917,0.021208,1.608542,0.134583,1.768916,5501.768916
poia_webauthn,PoIA with WebAuthn,120,294,0.002167,0.021584,2.789416,0.131291,2.947041,5502.947041
poia_webauthn,PoIA with WebAuthn,120,295,0.001417,0.017458,1.465542,0.127041,1.614,5501.614
poia_webauthn,PoIA with WebAuthn,120,296,0.001667,0.0175,1.972792,0.134292,2.12875,5502.12875
poia_webauthn,PoIA with WebAuthn,120,297,0.002583,0.022833,4.509875,0.131,4.669333,5504.669333
poia_webauthn,PoIA with WebAuthn,120,298,0.001833,0.018,5.520834,3.021959,8.565625,5508.565625
poia_webauthn,PoIA with WebAuthn,120,299,0.001917,0.025042,2.836334,3.592125,6.458584,5506.458584
poia_webauthn,PoIA with WebAuthn,120,300,0.001708,0.017709,2.486333,3.5805,6.089459,5506.089459
poia_webauthn,PoIA with WebAuthn,120,301,0.0015,0.02075,0.055542,0.120083,0.199667,5500.199667
poia_webauthn,PoIA with WebAuthn,120,302,0.001708,0.017667,3.065042,0.130833,3.217792,5503.217792
poia_webauthn,PoIA with WebAuthn,120,303,0.002042,0.021666,4.215625,0.145,4.386833,5504.386833
poia_webauthn,PoIA with WebAuthn,120,304,0.001875,0.021042,2.820292,1.833833,4.680125,5504.680125
poia_webauthn,PoIA with WebAuthn,120,305,0.001959,0.020625,0.056583,0.118417,0.199541,5500.199541
poia_webauthn,PoIA with WebAuthn,120,306,0.001834,0.017834,0.056542,0.119125,0.197375,5500.197375
poia_webauthn,PoIA with WebAuthn,120,307,0.001791,0.017958,2.202166,0.130792,2.355167,5502.355167
poia_webauthn,PoIA with WebAuthn,120,308,0.001875,0.018791,2.700334,0.132167,2.85575,5502.85575
poia_webauthn,PoIA with WebAuthn,120,309,0.001959,0.017875,1.996208,0.130208,2.148792,5502.148792
poia_webauthn,PoIA with WebAuthn,120,310,0.002042,0.025084,2.835292,0.133541,2.998708,5502.998708
poia_webauthn,PoIA with WebAuthn,120,311,0.001667,0.021375,3.061917,0.13075,3.218333,5503.218333
poia_webauthn,PoIA with WebAuthn,120,312,0.001666,0.0175,3.295625,0.144625,3.462125,5503.462125
poia_webauthn,PoIA with WebAuthn,120,313,0.001625,0.017209,2.516208,0.126958,2.664458,5502.664458
poia_webauthn,PoIA with WebAuthn,120,314,0.001625,0.017917,1.624833,0.135458,1.782291,5501.782291
poia_webauthn,PoIA with WebAuthn,120,315,0.001875,0.017417,2.267583,0.1305,2.419917,5502.419917
poia_webauthn,PoIA with WebAuthn,120,316,0.001833,0.017833,7.080958,0.121083,7.22375,5507.22375
poia_webauthn,PoIA with WebAuthn,120,317,0.001625,0.017625,0.055292,2.813333,2.889542,5502.889542
poia_webauthn,PoIA with WebAuthn,120,318,0.002208,0.021917,1.753916,0.128041,1.9085,5501.9085
poia_webauthn,PoIA with WebAuthn,120,319,0.002,0.021667,5.234833,0.134083,5.395208,5505.395208
poia_webauthn,PoIA with WebAuthn,120,320,0.002083,0.021583,0.068708,0.120417,0.21475,5500.21475
poia_webauthn,PoIA with WebAuthn,120,321,0.00175,0.017875,2.807833,0.144792,2.974666,5502.974666
poia_webauthn,PoIA with WebAuthn,120,322,0.001292,0.017584,2.122792,0.136417,2.280583,5502.280583
poia_webauthn,PoIA with WebAuthn,120,323,0.001833,0.018167,0.058541,0.118375,0.199083,5500.199083
poia_webauthn,PoIA with WebAuthn,120,324,0.001666,0.017417,2.743292,8.019875,10.785292,5510.785292
poia_webauthn,PoIA with WebAuthn,120,325,0.002125,0.023625,2.008042,0.135875,2.171833,5502.171833
poia_webauthn,PoIA with WebAuthn,120,326,0.002083,0.021208,1.614,0.138417,1.778292,5501.778292
poia_webauthn,PoIA with WebAuthn,120,327,0.001917,0.01725,5.299375,0.145834,5.467,5505.467
poia_webauthn,PoIA with WebAuthn,120,328,0.001583,0.02125,4.173833,0.145708,4.345042,5504.345042
poia_webauthn,PoIA with WebAuthn,120,329,0.001583,0.017667,2.823084,0.130458,2.97525,5502.97525
poia_webauthn,PoIA with WebAuthn,120,330,0.002041,0.017708,6.136292,0.13075,6.289375,5506.289375
poia_webauthn,PoIA with WebAuthn,120,331,0.00175,0.017666,7.694292,2.832667,10.5495,5510.5495
poia_webauthn,PoIA with WebAuthn,120,332,0.001583,0.020792,1.758458,0.130834,1.914375,5501.914375
poia_webauthn,PoIA with WebAuthn,120,333,0.001667,0.029,2.823208,4.894167,7.750459,5507.750459
poia_webauthn,PoIA with WebAuthn,120,334,0.001625,0.017708,2.973708,0.126792,3.122416,5503.122416
poia_webauthn,PoIA with WebAuthn,120,335,0.00175,0.017584,0.055458,3.565792,3.643041,5503.643041
poia_webauthn,PoIA with WebAuthn,120,336,0.001542,0.01775,2.019041,0.149334,2.190125,5502.190125
poia_webauthn,PoIA with WebAuthn,120,337,0.001625,0.017667,1.606958,0.126458,1.755375,5501.755375
poia_webauthn,PoIA with WebAuthn,120,338,0.002167,0.021625,1.84375,0.14575,2.015792,5502.015792
poia_webauthn,PoIA with WebAuthn,120,339,0.001959,0.017792,1.558458,0.130625,1.711458,5501.711458
poia_webauthn,PoIA with WebAuthn,120,340,0.001708,0.017417,1.761041,0.132625,1.915417,5501.915417
poia_webauthn,PoIA with WebAuthn,120,341,0.001542,0.017833,2.672584,0.127166,2.821625,5502.821625
poia_webauthn,PoIA with WebAuthn,120,342,0.002,0.021667,1.623916,0.13475,1.784958,5501.784958
poia_webauthn,PoIA with WebAuthn,120,343,0.00175,0.03075,2.486666,0.130833,2.652833,5502.652833
poia_webauthn,PoIA with WebAuthn,120,344,0.002292,0.022459,2.141084,0.1315,2.3,5502.3
poia_webauthn,PoIA with WebAuthn,120,345,0.001916,0.021625,1.793958,1.983084,3.803667,5503.803667
poia_webauthn,PoIA with WebAuthn,120,346,0.002042,0.0245,8.067084,0.131292,8.227583,5508.227583
poia_webauthn,PoIA with WebAuthn,120,347,0.001792,0.017542,2.975167,0.1265,3.123459,5503.123459
poia_webauthn,PoIA with WebAuthn,120,348,0.001875,0.021292,2.861416,0.131917,3.019083,5503.019083
poia_webauthn,PoIA with WebAuthn,120,349,0.002,0.021375,3.094459,0.1305,3.250875,5503.250875
poia_webauthn,PoIA with WebAuthn,120,350,0.001875,0.021666,3.262792,0.13425,3.423125,5503.423125
poia_webauthn,PoIA with WebAuthn,120,351,0.002083,0.023708,1.708,0.131333,1.867875,5501.867875
poia_webauthn,PoIA with WebAuthn,120,352,0.001666,0.017667,2.527875,0.126833,2.6765,5502.6765
poia_webauthn,PoIA with WebAuthn,120,353,0.002458,0.026708,2.708291,0.145959,2.886542,5502.886542
poia_webauthn,PoIA with WebAuthn,120,354,0.001833,0.021292,7.545,2.860291,10.4315,5510.4315
poia_webauthn,PoIA with WebAuthn,120,355,0.002583,0.022583,2.103167,0.131416,2.263,5502.263
poia_webauthn,PoIA with WebAuthn,120,356,0.001959,0.021834,1.799916,0.131583,1.957875,5501.957875
poia_webauthn,PoIA with WebAuthn,120,357,0.001584,0.029084,11.899917,14.315625,26.249291,5526.249291
poia_webauthn,PoIA with WebAuthn,120,358,0.002209,0.021208,3.427291,0.130417,3.583833,5503.583833
poia_webauthn,PoIA with WebAuthn,120,359,0.002,0.022083,5.146709,2.625625,7.799542,5507.799542
poia_webauthn,PoIA with WebAuthn,120,360,0.002166,0.028041,1.876625,0.128166,2.037708,5502.037708
poia_webauthn,PoIA with WebAuthn,120,361,0.002125,0.021667,1.745083,0.135708,1.907375,5501.907375
poia_webauthn,PoIA with WebAuthn,120,362,0.001625,0.017792,1.741583,0.130917,1.894458,5501.894458
poia_webauthn,PoIA with WebAuthn,120,363,0.002167,0.024375,1.297125,0.135916,1.462291,5501.462291
poia_webauthn,PoIA with WebAuthn,120,364,0.002458,0.022292,7.357375,0.131708,7.517041,5507.517041
poia_webauthn,PoIA with WebAuthn,120,365,0.001791,0.017583,2.435792,0.131375,2.589167,5502.589167
poia_webauthn,PoIA with WebAuthn,120,366,0.002417,0.026667,0.071917,5.857917,5.961916,5505.961916
poia_webauthn,PoIA with WebAuthn,120,367,0.001625,0.017333,2.083,2.55775,4.662792,5504.662792
poia_webauthn,PoIA with WebAuthn,120,368,0.00175,0.01825,2.821167,0.144458,2.98825,5502.98825
poia_webauthn,PoIA with WebAuthn,120,369,0.00175,0.017542,3.037417,0.134333,3.193458,5503.193458
poia_webauthn,PoIA with WebAuthn,120,370,0.00175,0.028791,13.53375,0.130583,13.697625,5513.697625
poia_webauthn,PoIA with WebAuthn,120,371,0.0015,0.018916,2.746375,0.131375,2.900709,5502.900709
poia_webauthn,PoIA with WebAuthn,120,372,0.001917,0.021667,3.06925,0.131292,3.226666,5503.226666
poia_webauthn,PoIA with WebAuthn,120,373,0.0025,0.022375,0.063042,3.656666,3.747709,5503.747709
poia_webauthn,PoIA with WebAuthn,120,374,0.002042,0.022,2.01675,0.131,2.174334,5502.174334
poia_webauthn,PoIA with WebAuthn,120,375,0.002083,0.017959,3.172333,0.127666,3.322708,5503.322708
poia_webauthn,PoIA with WebAuthn,120,376,0.001708,0.017708,2.622042,0.128417,2.772417,5502.772417
poia_webauthn,PoIA with WebAuthn,120,377,0.001917,0.031708,1.405375,1.45975,2.901917,5502.901917
poia_webauthn,PoIA with WebAuthn,120,378,0.001708,0.017542,2.659416,0.126834,2.808,5502.808
poia_webauthn,PoIA with WebAuthn,120,379,0.002084,0.0185,7.584958,0.130792,7.738958,5507.738958
poia_webauthn,PoIA with WebAuthn,120,380,0.001875,0.021208,3.257834,0.122958,3.406083,5503.406083
poia_webauthn,PoIA with WebAuthn,120,381,0.001708,0.020958,2.878208,27.626417,30.529666,5530.529666
poia_webauthn,PoIA with WebAuthn,120,382,0.002416,0.022292,2.018792,2.087167,4.13425,5504.13425
poia_webauthn,PoIA with WebAuthn,120,383,0.001833,0.017916,4.792042,0.131625,4.946042,5504.946042
poia_webauthn,PoIA with WebAuthn,120,384,0.001875,0.021458,1.704833,0.134667,1.8655,5501.8655
poia_webauthn,PoIA with WebAuthn,120,385,0.00225,0.018875,1.893667,5.860458,7.778333,5507.778333
poia_webauthn,PoIA with WebAuthn,120,386,0.002042,0.021541,1.73075,0.131792,1.888708,5501.888708
poia_webauthn,PoIA with WebAuthn,120,387,0.001709,0.017334,1.694,0.131209,1.846917,5501.846917
poia_webauthn,PoIA with WebAuthn,120,388,0.00175,0.01725,2.618958,0.142291,2.782833,5502.782833
poia_webauthn,PoIA with WebAuthn,120,389,0.002,0.021667,1.382417,0.130042,1.538709,5501.538709
poia_webauthn,PoIA with WebAuthn,120,390,0.001666,0.017667,1.815125,0.130167,1.96725,5501.96725
poia_webauthn,PoIA with WebAuthn,120,391,0.001625,0.017666,2.21075,9.5705,11.803584,5511.803584
poia_webauthn,PoIA with WebAuthn,120,392,0.001792,0.017459,1.778583,0.134709,1.935084,5501.935084
poia_webauthn,PoIA with WebAuthn,120,393,0.001708,0.017375,5.567958,0.140791,5.730417,5505.730417
poia_webauthn,PoIA with WebAuthn,120,394,0.001667,0.017458,8.171542,0.133833,8.327083,5508.327083
poia_webauthn,PoIA with WebAuthn,120,395,0.002375,0.022708,2.739292,0.130458,2.898083,5502.898083
poia_webauthn,PoIA with WebAuthn,120,396,0.002125,0.025875,2.097042,0.130833,2.258583,5502.258583
poia_webauthn,PoIA with WebAuthn,120,397,0.001583,0.0175,7.192416,0.136,7.349792,5507.349792
poia_webauthn,PoIA with WebAuthn,120,398,0.001583,0.0175,2.716917,0.127417,2.865875,5502.865875
poia_webauthn,PoIA with WebAuthn,120,399,0.001667,0.017459,2.639958,0.129791,2.79125,5502.79125
poia_webauthn,PoIA with WebAuthn,120,400,0.001875,0.017459,3.086542,0.133584,3.242084,5503.242084
poia_webauthn,PoIA with WebAuthn,120,401,0.001625,0.017291,2.360125,0.130042,2.511542,5502.511542
poia_webauthn,PoIA with WebAuthn,120,402,0.001667,0.017667,2.146458,0.130667,2.298958,5502.298958
poia_webauthn,PoIA with WebAuthn,120,403,0.001417,0.0175,5.644708,0.134,5.800125,5505.800125
poia_webauthn,PoIA with WebAuthn,120,404,0.001708,0.01775,12.691083,0.130833,12.843958,5512.843958
poia_webauthn,PoIA with WebAuthn,120,405,0.00225,0.022917,2.073833,0.132667,2.234417,5502.234417
poia_webauthn,PoIA with WebAuthn,120,406,0.001792,0.017416,3.024916,2.508625,5.555834,5505.555834
poia_webauthn,PoIA with WebAuthn,120,407,0.001833,0.017542,2.129541,0.127875,2.27925,5502.27925
poia_webauthn,PoIA with WebAuthn,120,408,0.001667,0.017583,4.839667,0.12775,4.989166,5504.989166
poia_webauthn,PoIA with WebAuthn,120,409,0.002458,0.023125,12.040125,0.130625,12.199084,5512.199084
poia_webauthn,PoIA with WebAuthn,120,410,0.001791,0.01775,1.667791,0.127542,1.817542,5501.817542
poia_webauthn,PoIA with WebAuthn,120,411,0.001708,0.017584,5.003,0.130875,5.155542,5505.155542
poia_webauthn,PoIA with WebAuthn,120,412,0.001459,0.017834,5.483792,0.13425,5.639709,5505.639709
poia_webauthn,PoIA with WebAuthn,120,413,0.001667,0.017542,2.463625,0.120291,2.604875,5502.604875
poia_webauthn,PoIA with WebAuthn,120,414,0.00225,0.026625,3.436875,1.9375,5.406375,5505.406375
poia_webauthn,PoIA with WebAuthn,120,415,0.002042,0.021333,2.529875,2.889708,5.446041,5505.446041
poia_webauthn,PoIA with WebAuthn,120,416,0.001583,0.017791,3.040708,0.131542,3.194125,5503.194125
poia_webauthn,PoIA with WebAuthn,120,417,0.001709,0.01725,2.4055,0.131041,2.558041,5502.558041
poia_webauthn,PoIA with WebAuthn,120,418,0.002375,0.022875,6.08275,0.132417,6.243667,5506.243667
poia_webauthn,PoIA with WebAuthn,120,419,0.001625,0.017458,1.964042,0.126916,2.112542,5502.112542
poia_webauthn,PoIA with WebAuthn,120,420,0.001709,0.017666,2.907042,0.136958,3.065916,5503.065916
poia_webauthn,PoIA with WebAuthn,120,421,0.001625,0.017459,2.925833,0.128167,3.075583,5503.075583
poia_webauthn,PoIA with WebAuthn,120,422,0.001666,0.018041,1.984292,0.12725,2.133834,5502.133834
poia_webauthn,PoIA with WebAuthn,120,423,0.002125,0.021667,2.314166,0.131584,2.472083,5502.472083
poia_webauthn,PoIA with WebAuthn,120,424,0.001625,0.020708,2.480209,0.127,2.632083,5502.632083
poia_webauthn,PoIA with WebAuthn,120,425,0.001709,0.0175,4.20675,0.12975,4.358292,5504.358292
poia_webauthn,PoIA with WebAuthn,120,426,0.002083,0.018917,5.69725,0.149708,5.8705,5505.8705
poia_webauthn,PoIA with WebAuthn,120,427,0.002209,0.025708,11.35525,0.119458,11.505,5511.505
poia_webauthn,PoIA with WebAuthn,120,428,0.001583,0.017916,5.093417,0.142583,5.258083,5505.258083
poia_webauthn,PoIA with WebAuthn,120,429,0.001625,0.017708,2.540333,0.131292,2.693458,5502.693458
poia_webauthn,PoIA with WebAuthn,120,430,0.00175,0.018375,2.501292,0.131375,2.65525,5502.65525
poia_webauthn,PoIA with WebAuthn,120,431,0.001667,0.017875,5.083875,0.131333,5.237375,5505.237375
poia_webauthn,PoIA with WebAuthn,120,432,0.001625,0.017708,2.5385,0.135917,2.696333,5502.696333
poia_webauthn,PoIA with WebAuthn,120,433,0.002375,0.027709,2.483417,0.134708,2.650959,5502.650959
poia_webauthn,PoIA with WebAuthn,120,434,0.001667,0.01775,2.504042,0.130875,2.656875,5502.656875
poia_webauthn,PoIA with WebAuthn,120,435,0.001667,0.017709,5.028542,0.130833,5.181292,5505.181292
poia_webauthn,PoIA with WebAuthn,120,436,0.001667,0.017583,2.465833,0.126875,2.6145,5502.6145
poia_webauthn,PoIA with WebAuthn,120,437,0.00175,0.017542,2.551292,0.130666,2.703834,5502.703834
poia_webauthn,PoIA with WebAuthn,120,438,0.001583,0.017792,2.544708,2.673667,5.240792,5505.240792
poia_webauthn,PoIA with WebAuthn,120,439,0.001583,0.017458,4.900709,0.131292,5.053625,5505.053625
poia_webauthn,PoIA with WebAuthn,120,440,0.002167,0.021333,2.709417,0.131458,2.866959,5502.866959
poia_webauthn,PoIA with WebAuthn,120,441,0.002084,0.021708,2.548375,0.12725,2.701958,5502.701958
poia_webauthn,PoIA with WebAuthn,120,442,0.002,0.021625,2.508875,0.135125,2.670375,5502.670375
poia_webauthn,PoIA with WebAuthn,120,443,0.001625,0.017833,2.527209,0.133375,2.682625,5502.682625
poia_webauthn,PoIA with WebAuthn,120,444,0.002042,0.021709,4.576208,0.130625,4.733125,5504.733125
poia_webauthn,PoIA with WebAuthn,120,445,0.001791,0.019084,2.33475,0.127666,2.48575,5502.48575
poia_webauthn,PoIA with WebAuthn,120,446,0.002125,0.021667,2.183958,0.131417,2.341667,5502.341667
poia_webauthn,PoIA with WebAuthn,120,447,0.001625,0.017333,4.648917,0.140416,4.810958,5504.810958
poia_webauthn,PoIA with WebAuthn,120,448,0.001708,0.017708,2.195417,0.131916,2.349375,5502.349375
poia_webauthn,PoIA with WebAuthn,120,449,0.001833,0.018709,2.725083,0.137125,2.885417,5502.885417
poia_webauthn,PoIA with WebAuthn,120,450,0.001708,0.017833,0.162875,0.120208,0.30475,5500.30475
poia_webauthn,PoIA with WebAuthn,120,451,0.001792,0.017666,4.375375,0.131167,4.528583,5504.528583
poia_webauthn,PoIA with WebAuthn,120,452,0.00175,0.017667,6.743959,0.135833,6.901625,5506.901625
poia_webauthn,PoIA with WebAuthn,120,453,0.001917,0.018041,2.293584,0.134708,2.450833,5502.450833
poia_webauthn,PoIA with WebAuthn,120,454,0.001875,0.018042,2.246209,0.17125,2.44175,5502.44175
poia_webauthn,PoIA with WebAuthn,120,455,0.001375,0.02075,2.34325,0.135084,2.502959,5502.502959
poia_webauthn,PoIA with WebAuthn,120,456,0.001667,0.017875,4.331084,0.142459,4.4955,5504.4955
poia_webauthn,PoIA with WebAuthn,120,457,0.002459,0.028084,2.244375,0.142333,2.420375,5502.420375
poia_webauthn,PoIA with WebAuthn,120,458,0.001917,0.031625,2.197708,0.147,2.380958,5502.380958
poia_webauthn,PoIA with WebAuthn,120,459,0.002041,0.021458,9.108958,2.650208,11.785708,5511.785708
poia_webauthn,PoIA with WebAuthn,120,460,0.001666,0.01775,2.316334,0.130833,2.469125,5502.469125
poia_webauthn,PoIA with WebAuthn,120,461,0.002167,0.026375,2.184083,0.15825,2.373541,5502.373541
poia_webauthn,PoIA with WebAuthn,120,462,0.001916,0.017333,4.36875,0.136708,4.527333,5504.527333
poia_webauthn,PoIA with WebAuthn,120,463,0.001792,0.017584,2.314958,0.131167,2.468,5502.468
poia_webauthn,PoIA with WebAuthn,120,464,0.001667,0.017541,0.055334,5.014166,5.091209,5505.091209
poia_webauthn,PoIA with WebAuthn,120,465,0.001917,0.017291,2.176583,0.131625,2.329916,5502.329916
poia_webauthn,PoIA with WebAuthn,120,466,0.001708,0.017167,4.337292,6.964875,11.323958,5511.323958
poia_webauthn,PoIA with WebAuthn,120,467,0.001583,0.017958,7.586958,0.127209,7.736125,5507.736125
poia_webauthn,PoIA with WebAuthn,120,468,0.001875,0.017666,2.064292,0.135833,2.22225,5502.22225
poia_webauthn,PoIA with WebAuthn,120,469,0.002208,0.02375,11.0215,0.132709,11.182833,5511.182833
poia_webauthn,PoIA with WebAuthn,120,470,0.002042,0.018458,4.3595,0.135459,4.517958,5504.517958
poia_webauthn,PoIA with WebAuthn,120,471,0.001875,0.021167,2.125292,2.213334,4.364792,5504.364792
poia_webauthn,PoIA with WebAuthn,120,472,0.001875,0.025125,2.122125,2.193084,4.34525,5504.34525
poia_webauthn,PoIA with WebAuthn,120,473,0.001917,0.018166,6.444084,0.132334,6.599083,5506.599083
poia_webauthn,PoIA with WebAuthn,120,474,0.001708,0.017167,4.125666,0.131833,4.278917,5504.278917
poia_webauthn,PoIA with WebAuthn,120,475,0.001834,0.017792,2.232042,0.131625,2.385959,5502.385959
poia_webauthn,PoIA with WebAuthn,120,476,0.001709,0.017625,1.986583,0.130708,2.139167,5502.139167
poia_webauthn,PoIA with WebAuthn,120,477,0.001834,0.017708,2.1365,0.131,2.289625,5502.289625
poia_webauthn,PoIA with WebAuthn,120,478,0.00175,0.017667,2.602375,0.131292,2.755625,5502.755625
poia_webauthn,PoIA with WebAuthn,120,479,0.001667,0.01775,6.442833,0.121667,6.586125,5506.586125
poia_webauthn,PoIA with WebAuthn,120,480,0.001709,0.029125,4.091917,0.132084,4.2575,5504.2575
poia_webauthn,PoIA with WebAuthn,120,481,0.002167,0.022125,2.088334,0.132,2.247208,5502.247208
poia_webauthn,PoIA with WebAuthn,120,482,0.001959,0.021459,2.144708,0.146417,2.317084,5502.317084
poia_webauthn,PoIA with WebAuthn,120,483,0.001834,0.017792,2.309583,2.545625,4.877916,5504.877916
poia_webauthn,PoIA with WebAuthn,120,484,0.001708,0.017542,4.269708,0.131167,4.4225,5504.4225
poia_webauthn,PoIA with WebAuthn,120,485,0.001792,0.0175,2.018542,0.1305,2.170833,5502.170833
poia_webauthn,PoIA with WebAuthn,120,486,0.001709,0.01775,4.053166,2.261458,6.33725,5506.33725
poia_webauthn,PoIA with WebAuthn,120,487,0.001667,0.01775,2.3995,0.152834,2.574291,5502.574291
poia_webauthn,PoIA with WebAuthn,120,488,0.002084,0.018083,3.167125,1.948333,5.138666,5505.138666
poia_webauthn,PoIA with WebAuthn,120,489,0.001959,0.021375,1.9465,0.12775,2.100125,5502.100125
poia_webauthn,PoIA with WebAuthn,120,490,0.00175,0.017958,1.670667,1.649666,3.343084,5503.343084
poia_webauthn,PoIA with WebAuthn,120,491,0.001708,0.020583,1.967167,0.13375,2.125708,5502.125708
poia_webauthn,PoIA with WebAuthn,120,492,0.001958,0.024375,2.684583,5.856667,8.57075,5508.57075
poia_webauthn,PoIA with WebAuthn,120,493,0.001917,0.021833,1.972375,2.041125,4.0405,5504.0405
poia_webauthn,PoIA with WebAuthn,120,494,0.001625,0.018209,1.899708,0.129458,2.0515,5502.0515
poia_webauthn,PoIA with WebAuthn,120,495,0.002083,0.022,8.44275,0.133625,8.60325,5508.60325
poia_webauthn,PoIA with WebAuthn,120,496,0.001792,0.017542,4.016375,0.133875,4.172125,5504.172125
poia_webauthn,PoIA with WebAuthn,120,497,0.001792,0.017916,5.780334,0.132625,5.93525,5505.93525
poia_webauthn,PoIA with WebAuthn,120,498,0.001708,0.021125,5.713458,0.133459,5.872208,5505.872208
poia_webauthn,PoIA with WebAuthn,120,499,0.001375,0.017583,1.807292,0.127583,1.956167,5501.956167
poia_webauthn,PoIA with WebAuthn,120,500,0.00175,0.017875,3.567959,0.131375,3.721292,5503.721292
poia_webauthn,PoIA with WebAuthn,120,501,0.001625,0.017959,9.490833,0.132292,9.645208,5509.645208
poia_webauthn,PoIA with WebAuthn,120,502,0.001708,0.017791,3.603209,0.130625,3.755958,5503.755958
poia_webauthn,PoIA with WebAuthn,120,503,0.001833,0.029416,2.532959,0.141375,2.708209,5502.708209
poia_webauthn,PoIA with WebAuthn,120,504,0.001625,0.017458,1.579625,0.127458,1.728542,5501.728542
poia_webauthn,PoIA with WebAuthn,120,505,0.001583,0.017625,5.562416,13.538084,19.122084,5519.122084
poia_webauthn,PoIA with WebAuthn,120,506,0.001834,0.018041,7.66575,0.144792,7.833041,5507.833041
poia_webauthn,PoIA with WebAuthn,120,507,0.001917,0.017542,1.651667,0.1315,1.805125,5501.805125
poia_webauthn,PoIA with WebAuthn,120,508,0.002375,0.025459,1.652834,1.649958,3.333708,5503.333708
poia_webauthn,PoIA with WebAuthn,120,509,0.001667,0.020833,3.605708,0.127666,3.758292,5503.758292
poia_webauthn,PoIA with WebAuthn,120,510,0.001458,0.017375,2.804125,0.129583,2.955083,5502.955083
poia_webauthn,PoIA with WebAuthn,120,511,0.001708,0.017417,3.520625,9.356792,12.89975,5512.89975
poia_webauthn,PoIA with WebAuthn,120,512,0.001625,0.017417,8.834709,0.115666,8.971292,5508.971292
poia_webauthn,PoIA with WebAuthn,120,513,0.002208,0.022041,0.062209,3.748875,3.837875,5503.837875
poia_webauthn,PoIA with WebAuthn,120,514,0.0015,0.017125,2.280958,0.127167,2.42925,5502.42925
poia_webauthn,PoIA with WebAuthn,120,515,0.001709,0.017416,1.94525,0.1315,2.098416,5502.098416
poia_webauthn,PoIA with WebAuthn,120,516,0.001959,0.021334,1.638333,0.140625,1.804917,5501.804917
poia_webauthn,PoIA with WebAuthn,120,517,0.001416,0.017875,2.132875,0.133834,2.288667,5502.288667
poia_webauthn,PoIA with WebAuthn,120,518,0.00175,0.017583,0.351875,0.123166,0.496292,5500.496292
poia_webauthn,PoIA with WebAuthn,120,519,0.001584,0.01775,5.559416,2.87325,8.455,5508.455
poia_webauthn,PoIA with WebAuthn,120,520,0.002167,0.02175,1.731959,6.84,8.598833,5508.598833
poia_webauthn,PoIA with WebAuthn,120,521,0.00175,0.017666,2.478083,0.130292,2.630375,5502.630375
poia_webauthn,PoIA with WebAuthn,120,522,0.001709,0.017334,2.767125,0.132708,2.921458,5502.921458
poia_webauthn,PoIA with WebAuthn,120,523,0.002041,0.022375,1.615875,0.132,1.774917,5501.774917
poia_webauthn,PoIA with WebAuthn,120,524,0.001625,0.017583,1.657417,0.131916,1.811084,5501.811084
poia_webauthn,PoIA with WebAuthn,120,525,0.0015,0.017375,1.943084,0.127,2.0915,5502.0915
poia_webauthn,PoIA with WebAuthn,120,526,0.004125,0.025875,8.433209,0.131875,8.598,5508.598
poia_webauthn,PoIA with WebAuthn,120,527,0.001833,0.017375,2.7485,0.126875,2.897125,5502.897125
poia_webauthn,PoIA with WebAuthn,120,528,0.001709,0.017416,2.2375,0.131625,2.390791,5502.390791
poia_webauthn,PoIA with WebAuthn,120,529,0.001375,0.017583,1.496625,0.148709,1.66675,5501.66675
poia_webauthn,PoIA with WebAuthn,120,530,0.001584,0.017459,1.995583,0.126542,2.143666,5502.143666
poia_webauthn,PoIA with WebAuthn,120,531,0.001916,0.020833,2.692416,2.957667,5.676042,5505.676042
poia_webauthn,PoIA with WebAuthn,120,532,0.001667,0.017584,1.710375,6.741208,8.473209,5508.473209
poia_webauthn,PoIA with WebAuthn,120,533,0.001667,0.017334,1.895208,0.1305,2.047209,5502.047209
poia_webauthn,PoIA with WebAuthn,120,534,0.001708,0.017459,5.025375,0.14375,5.190709,5505.190709
poia_webauthn,PoIA with WebAuthn,120,535,0.001792,0.01975,0.056,0.121041,0.2005,5500.2005
poia_webauthn,PoIA with WebAuthn,120,536,0.002292,0.025167,0.064084,0.1305,0.224625,5500.224625
poia_webauthn,PoIA with WebAuthn,120,537,0.001333,0.017416,1.761458,4.655583,6.438791,5506.438791
poia_webauthn,PoIA with WebAuthn,120,538,0.001667,0.017625,2.416833,0.131334,2.57,5502.57
poia_webauthn,PoIA with WebAuthn,120,539,0.001959,0.0215,1.967833,0.135792,2.129833,5502.129833
poia_webauthn,PoIA with WebAuthn,120,540,0.001958,0.021542,3.642541,1.980584,5.649834,5505.649834
poia_webauthn,PoIA with WebAuthn,120,541,0.001625,0.017209,3.318917,1.6525,4.992708,5504.992708
poia_webauthn,PoIA with WebAuthn,120,542,0.001459,0.01775,0.052875,0.1185,0.192333,5500.192333
poia_webauthn,PoIA with WebAuthn,120,543,0.001833,0.017458,3.206959,0.134166,3.362917,5503.362917
poia_webauthn,PoIA with WebAuthn,120,544,0.00175,0.017917,2.8285,0.127958,2.978708,5502.978708
poia_webauthn,PoIA with WebAuthn,120,545,0.002541,0.028583,5.733334,0.131792,5.899417,5505.899417
poia_webauthn,PoIA with WebAuthn,120,546,0.001625,0.017375,6.42875,2.442125,8.892917,5508.892917
poia_webauthn,PoIA with WebAuthn,120,547,0.001708,0.017667,1.942416,0.131042,2.095375,5502.095375
poia_webauthn,PoIA with WebAuthn,120,548,0.001416,0.017791,3.107916,0.131083,3.260625,5503.260625
poia_webauthn,PoIA with WebAuthn,120,549,0.001667,0.017417,3.025875,1.664167,4.71175,5504.71175
poia_webauthn,PoIA with WebAuthn,120,550,0.001625,0.017458,7.446542,0.11975,7.587084,5507.587084
poia_webauthn,PoIA with WebAuthn,120,551,0.001625,0.017417,1.753458,2.449625,4.22525,5504.22525
poia_webauthn,PoIA with WebAuthn,120,552,0.001583,0.017417,5.635,0.123708,5.779667,5505.779667
poia_webauthn,PoIA with WebAuthn,120,553,0.001917,0.018667,1.96875,2.091375,4.083917,5504.083917
poia_webauthn,PoIA with WebAuthn,120,554,0.001542,0.01725,4.59775,7.35325,11.972833,5511.972833
poia_webauthn,PoIA with WebAuthn,120,555,0.001708,0.017583,1.577709,0.135792,1.735416,5501.735416
poia_webauthn,PoIA with WebAuthn,120,556,0.001583,0.0175,3.583917,1.797459,5.403417,5505.403417
poia_webauthn,PoIA with WebAuthn,120,557,0.002,0.018834,2.460458,0.128667,2.612458,5502.612458
poia_webauthn,PoIA with WebAuthn,120,558,0.00175,0.017583,3.287792,0.143875,3.453625,5503.453625
poia_webauthn,PoIA with WebAuthn,120,559,0.001708,0.017667,0.055667,0.117041,0.193875,5500.193875
poia_webauthn,PoIA with WebAuthn,120,560,0.001959,0.017667,1.636667,0.132,1.79075,5501.79075
poia_webauthn,PoIA with WebAuthn,120,561,0.0025,0.022416,2.339959,4.128625,6.497166,5506.497166
poia_webauthn,PoIA with WebAuthn,120,562,0.00175,0.017667,1.566875,1.661833,3.25125,5503.25125
poia_webauthn,PoIA with WebAuthn,120,563,0.001708,0.017833,4.047375,0.13675,4.206292,5504.206292
poia_webauthn,PoIA with WebAuthn,120,564,0.001917,0.025042,0.06225,0.119959,0.21125,5500.21125
poia_webauthn,PoIA with WebAuthn,120,565,0.001917,0.018959,4.623458,0.131666,4.778542,5504.778542
poia_webauthn,PoIA with WebAuthn,120,566,0.001541,0.017375,1.751917,0.356208,2.129625,5502.129625
poia_webauthn,PoIA with WebAuthn,120,567,0.001792,0.018584,7.053583,0.134125,7.210708,5507.210708
poia_webauthn,PoIA with WebAuthn,120,568,0.001542,0.019542,1.748708,2.123666,3.896541,5503.896541
poia_webauthn,PoIA with WebAuthn,120,569,0.002042,0.022041,1.689708,0.133083,1.8495,5501.8495
poia_webauthn,PoIA with WebAuthn,120,570,0.001375,0.017125,0.052625,0.118667,0.1915,5500.1915
poia_webauthn,PoIA with WebAuthn,120,571,0.00175,0.018,2.094208,0.131083,2.247416,5502.247416
poia_webauthn,PoIA with WebAuthn,120,572,0.001833,0.0175,2.057542,0.135083,2.2145,5502.2145
poia_webauthn,PoIA with WebAuthn,120,573,0.0025,0.022834,3.199583,1.634583,4.86325,5504.86325
poia_webauthn,PoIA with WebAuthn,120,574,0.001625,0.017583,1.911709,2.082541,4.016459,5504.016459
poia_webauthn,PoIA with WebAuthn,120,575,0.001459,0.017625,3.674791,0.135209,3.8315,5503.8315
poia_webauthn,PoIA with WebAuthn,120,576,0.002375,0.027667,7.652833,0.133334,7.819166,5507.819166
poia_webauthn,PoIA with WebAuthn,120,577,0.002042,0.023292,2.910542,0.131334,3.069834,5503.069834
poia_webauthn,PoIA with WebAuthn,120,578,0.001708,0.017375,1.800583,2.098375,3.921125,5503.921125
poia_webauthn,PoIA with WebAuthn,120,579,0.001959,0.021625,1.881292,0.145917,2.053375,5502.053375
poia_webauthn,PoIA with WebAuthn,120,580,0.002167,0.021666,1.7135,0.131208,1.871208,5501.871208
poia_webauthn,PoIA with WebAuthn,120,581,0.001583,0.017375,2.645792,0.134583,2.801125,5502.801125
poia_webauthn,PoIA with WebAuthn,120,582,0.002,0.021417,0.059959,0.120625,0.206209,5500.206209
poia_webauthn,PoIA with WebAuthn,120,583,0.0015,0.017292,1.401875,0.132208,1.555542,5501.555542
poia_webauthn,PoIA with WebAuthn,120,584,0.001791,0.017041,6.419042,0.142458,6.582916,5506.582916
poia_webauthn,PoIA with WebAuthn,120,585,0.001875,0.017625,3.289666,0.131708,3.443291,5503.443291
poia_webauthn,PoIA with WebAuthn,120,586,0.001875,0.018042,1.688625,0.133584,1.844625,5501.844625
poia_webauthn,PoIA with WebAuthn,120,587,0.001625,0.017459,1.916583,0.127042,2.065167,5502.065167
poia_webauthn,PoIA with WebAuthn,120,588,0.001625,0.0175,1.301375,0.135583,1.458833,5501.458833
poia_webauthn,PoIA with WebAuthn,120,589,0.001708,0.017792,1.811291,2.389666,4.223625,5504.223625
poia_webauthn,PoIA with WebAuthn,120,590,0.0015,0.017333,3.722709,0.132166,3.876291,5503.876291
poia_webauthn,PoIA with WebAuthn,120,591,0.002041,0.02175,2.252542,0.12725,2.406125,5502.406125
poia_webauthn,PoIA with WebAuthn,120,592,0.001583,0.017375,12.315958,0.114541,12.451375,5512.451375
poia_webauthn,PoIA with WebAuthn,120,593,0.001625,0.017583,1.762666,0.127542,1.911875,5501.911875
poia_webauthn,PoIA with WebAuthn,120,594,0.001875,0.021625,3.868041,0.116625,4.010042,5504.010042
poia_webauthn,PoIA with WebAuthn,120,595,0.001667,0.021041,2.664709,0.131375,2.82125,5502.82125
poia_webauthn,PoIA with WebAuthn,120,596,0.001667,0.017625,2.690792,0.188167,2.901417,5502.901417
poia_webauthn,PoIA with WebAuthn,120,597,0.001792,0.017959,14.759958,0.131584,14.913916,5514.913916
poia_webauthn,PoIA with WebAuthn,120,598,0.002292,0.022542,1.776625,0.131167,1.935167,5501.935167
poia_webauthn,PoIA with WebAuthn,120,599,0.001541,0.017292,1.897708,3.773042,5.692583,5505.692583
poia_webauthn,PoIA with WebAuthn,120,600,0.001542,0.017458,4.698958,1.747958,6.468959,5506.468959
poia_webauthn,PoIA with WebAuthn,120,601,0.001625,0.017542,2.647958,0.133875,2.803541,5502.803541
poia_webauthn,PoIA with WebAuthn,120,602,0.001667,0.017542,4.497458,0.136917,4.656083,5504.656083
poia_webauthn,PoIA with WebAuthn,120,603,0.002167,0.02275,6.549875,0.131166,6.708666,5506.708666
poia_webauthn,PoIA with WebAuthn,120,604,0.001833,0.017917,2.234667,0.130833,2.387833,5502.387833
poia_webauthn,PoIA with WebAuthn,120,605,0.002042,0.022708,4.769291,0.131834,4.928541,5504.928541
poia_webauthn,PoIA with WebAuthn,120,606,0.001666,0.017667,3.994167,6.339667,10.355542,5510.355542
poia_webauthn,PoIA with WebAuthn,120,607,0.001667,0.018958,2.672292,2.140333,4.836167,5504.836167
poia_webauthn,PoIA with WebAuthn,120,608,0.00175,0.017541,2.25025,0.142292,2.414459,5502.414459
poia_webauthn,PoIA with WebAuthn,120,609,0.001625,0.020625,2.087333,0.132458,2.244542,5502.244542
poia_webauthn,PoIA with WebAuthn,120,610,0.002083,0.025583,1.627708,0.142209,1.800208,5501.800208
poia_webauthn,PoIA with WebAuthn,120,611,0.002417,0.022583,8.930875,0.131625,9.090792,5509.090792
poia_webauthn,PoIA with WebAuthn,120,612,0.001584,0.017458,2.115667,0.131709,2.268916,5502.268916
poia_webauthn,PoIA with WebAuthn,120,613,0.001917,0.0285,0.06125,0.119541,0.213417,5500.213417
poia_webauthn,PoIA with WebAuthn,120,614,0.00175,0.017791,2.257208,2.612958,4.892709,5504.892709
poia_webauthn,PoIA with WebAuthn,120,615,0.001541,0.017708,1.788792,0.126792,1.937417,5501.937417
poia_webauthn,PoIA with WebAuthn,120,616,0.00175,0.0175,2.467667,2.6585,5.148417,5505.148417
poia_webauthn,PoIA with WebAuthn,120,617,0.002,0.021542,1.996167,0.137666,2.159959,5502.159959
poia_webauthn,PoIA with WebAuthn,120,618,0.001958,0.021291,1.939084,10.162792,12.128083,5512.128083
poia_webauthn,PoIA with WebAuthn,120,619,0.002417,0.03875,4.384792,1.608333,6.038,5506.038
poia_webauthn,PoIA with WebAuthn,120,620,0.001958,0.021875,1.428625,0.130958,1.586041,5501.586041
poia_webauthn,PoIA with WebAuthn,120,621,0.001667,0.017416,1.931916,0.131625,2.085125,5502.085125
poia_webauthn,PoIA with WebAuthn,120,622,0.002084,0.018083,2.25825,0.130667,2.411708,5502.411708
poia_webauthn,PoIA with WebAuthn,120,623,0.001542,0.017417,1.792667,0.129708,1.943834,5501.943834
poia_webauthn,PoIA with WebAuthn,120,624,0.001708,0.018083,2.097208,0.131417,2.251,5502.251
poia_webauthn,PoIA with WebAuthn,120,625,0.001292,0.017292,2.025625,2.254083,4.301292,5504.301292
poia_webauthn,PoIA with WebAuthn,120,626,0.00175,0.0175,2.262875,0.131042,2.415834,5502.415834
poia_webauthn,PoIA with WebAuthn,120,627,0.002333,0.025458,1.924625,0.148083,2.103625,5502.103625
poia_webauthn,PoIA with WebAuthn,120,628,0.002042,0.022458,1.404584,0.134083,1.565833,5501.565833
poia_webauthn,PoIA with WebAuthn,120,629,0.002458,0.025916,3.48325,0.127209,3.642,5503.642
poia_webauthn,PoIA with WebAuthn,120,630,0.006292,0.091167,0.423292,0.353334,0.879916,5500.879916
poia_webauthn,PoIA with WebAuthn,120,631,0.001625,0.017375,1.789208,0.129583,1.940292,5501.940292
poia_webauthn,PoIA with WebAuthn,120,632,0.002041,0.021708,1.920834,0.12875,2.076,5502.076
poia_webauthn,PoIA with WebAuthn,120,633,0.001708,0.019458,1.896709,0.130833,2.051209,5502.051209
poia_webauthn,PoIA with WebAuthn,120,634,0.001666,0.017667,1.799833,0.127833,1.9495,5501.9495
poia_webauthn,PoIA with WebAuthn,120,635,0.002083,0.025166,2.256833,0.134917,2.421625,5502.421625
poia_webauthn,PoIA with WebAuthn,120,636,0.002042,0.02175,3.132,0.132916,3.291333,5503.291333
poia_webauthn,PoIA with WebAuthn,120,637,0.001959,0.021208,2.015417,0.131541,2.172625,5502.172625
poia_webauthn,PoIA with WebAuthn,120,638,0.001792,0.018959,0.0565,0.114709,0.193875,5500.193875
poia_webauthn,PoIA with WebAuthn,120,639,0.002,0.021709,8.927042,0.134541,9.08775,5509.08775
poia_webauthn,PoIA with WebAuthn,120,640,0.011416,0.018125,3.582667,0.131667,3.746458,5503.746458
poia_webauthn,PoIA with WebAuthn,120,641,0.001791,0.017417,1.902541,0.130959,2.055334,5502.055334
poia_webauthn,PoIA with WebAuthn,120,642,0.0025,0.022875,3.103417,2.042584,5.176458,5505.176458
poia_webauthn,PoIA with WebAuthn,120,643,0.001917,0.021458,3.044208,0.130625,3.20075,5503.20075
poia_webauthn,PoIA with WebAuthn,120,644,0.002084,0.025333,2.922417,16.724666,19.677083,5519.677083
poia_webauthn,PoIA with WebAuthn,120,645,0.002,0.021125,1.844375,2.093708,3.964291,5503.964291
poia_webauthn,PoIA with WebAuthn,120,646,0.001916,0.019125,2.324292,0.131542,2.479459,5502.479459
poia_webauthn,PoIA with WebAuthn,120,647,0.001666,0.017458,1.901666,0.131292,2.054667,5502.054667
poia_webauthn,PoIA with WebAuthn,120,648,0.001792,0.017541,2.714208,2.9175,5.654041,5505.654041
poia_webauthn,PoIA with WebAuthn,120,649,0.002,0.021416,2.116917,0.131042,2.274041,5502.274041
poia_webauthn,PoIA with WebAuthn,120,650,0.001709,0.017834,4.102375,2.113416,6.238458,5506.238458
poia_webauthn,PoIA with WebAuthn,120,651,0.00175,0.017417,2.108375,4.00525,6.136042,5506.136042
poia_webauthn,PoIA with WebAuthn,120,652,0.0025,0.02625,2.676875,0.133042,2.841625,5502.841625
poia_webauthn,PoIA with WebAuthn,120,653,0.001625,0.017375,1.759833,0.143792,1.925167,5501.925167
poia_webauthn,PoIA with WebAuthn,120,654,0.001708,0.017583,5.169042,0.130083,5.320958,5505.320958
poia_webauthn,PoIA with WebAuthn,120,655,0.002083,0.021375,1.738667,2.136083,3.901375,5503.901375
poia_webauthn,PoIA with WebAuthn,120,656,0.001542,0.017625,2.990167,0.136125,3.148083,5503.148083
poia_webauthn,PoIA with WebAuthn,120,657,0.001625,0.017708,1.886,0.143834,2.051792,5502.051792
poia_webauthn,PoIA with WebAuthn,120,658,0.001708,0.021416,2.099625,0.134167,2.259625,5502.259625
poia_webauthn,PoIA with WebAuthn,120,659,0.002125,0.0215,1.971875,0.144083,2.142208,5502.142208
poia_webauthn,PoIA with WebAuthn,120,660,0.001584,0.017666,4.233792,0.143375,4.399,5504.399
poia_webauthn,PoIA with WebAuthn,120,661,0.001625,0.0175,2.677333,0.133084,2.832084,5502.832084
poia_webauthn,PoIA with WebAuthn,120,662,0.001916,0.017791,2.654167,0.131333,2.807667,5502.807667
poia_webauthn,PoIA with WebAuthn,120,663,0.001666,0.017125,1.849375,0.127792,1.998458,5501.998458
poia_webauthn,PoIA with WebAuthn,120,664,0.001958,0.021291,5.125458,4.318833,9.46975,5509.46975
poia_webauthn,PoIA with WebAuthn,120,665,0.001625,0.017209,1.531667,0.131542,1.684667,5501.684667
poia_webauthn,PoIA with WebAuthn,120,666,0.001417,0.017417,2.577041,2.737416,5.336209,5505.336209
poia_webauthn,PoIA with WebAuthn,120,667,0.0015,0.018,2.176208,0.130875,2.329041,5502.329041
poia_webauthn,PoIA with WebAuthn,120,668,0.001833,0.020166,3.000042,0.134833,3.159334,5503.159334
poia_webauthn,PoIA with WebAuthn,120,669,0.001583,0.017333,1.91175,0.127209,2.060375,5502.060375
poia_webauthn,PoIA with WebAuthn,120,670,0.001666,0.0175,17.056084,2.007875,19.086167,5519.086167
poia_webauthn,PoIA with WebAuthn,120,671,0.001917,0.018625,4.309709,0.131416,4.464167,5504.464167
poia_webauthn,PoIA with WebAuthn,120,672,0.001917,0.018,1.929833,3.822625,5.77525,5505.77525
poia_webauthn,PoIA with WebAuthn,120,673,0.001708,0.017625,2.197375,0.130542,2.349792,5502.349792
poia_webauthn,PoIA with WebAuthn,120,674,0.001709,0.017416,5.739541,2.414209,8.175833,5508.175833
poia_webauthn,PoIA with WebAuthn,120,675,0.001875,0.018,3.356667,0.130208,3.509292,5503.509292
poia_webauthn,PoIA with WebAuthn,120,676,0.001834,0.01775,1.72,0.338875,2.081125,5502.081125
poia_webauthn,PoIA with WebAuthn,120,677,0.00175,0.020958,2.746833,0.136458,2.908542,5502.908542
poia_webauthn,PoIA with WebAuthn,120,678,0.001583,0.017834,3.929167,0.149209,4.100041,5504.100041
poia_webauthn,PoIA with WebAuthn,120,679,0.00225,0.026292,2.3205,0.134458,2.486416,5502.486416
poia_webauthn,PoIA with WebAuthn,120,680,0.00175,0.017625,2.856375,0.128125,3.006458,5503.006458
poia_webauthn,PoIA with WebAuthn,120,681,0.001792,0.017792,1.861792,0.1445,2.0285,5502.0285
poia_webauthn,PoIA with WebAuthn,120,682,0.001917,0.021375,11.7995,0.132208,11.957542,5511.957542
poia_webauthn,PoIA with WebAuthn,120,683,0.001834,0.017625,1.925333,0.135,2.082417,5502.082417
poia_webauthn,PoIA with WebAuthn,120,684,0.001958,0.021417,3.067917,0.129584,3.223584,5503.223584
poia_webauthn,PoIA with WebAuthn,120,685,0.002084,0.017958,1.697,1.657875,3.377875,5503.377875
poia_webauthn,PoIA with WebAuthn,120,686,0.001917,0.022292,2.124208,0.133042,2.284166,5502.284166
poia_webauthn,PoIA with WebAuthn,120,687,0.001666,0.017875,1.67575,0.130375,1.830584,5501.830584
poia_webauthn,PoIA with WebAuthn,120,688,0.001958,0.021542,3.772833,0.116042,3.914209,5503.914209
poia_webauthn,PoIA with WebAuthn,120,689,0.001708,0.01725,1.443666,0.115083,1.579417,5501.579417
poia_webauthn,PoIA with WebAuthn,120,690,0.001875,0.01775,2.239416,4.895917,7.158042,5507.158042
poia_webauthn,PoIA with WebAuthn,120,691,0.002,0.021791,1.535125,0.142959,1.704542,5501.704542
poia_webauthn,PoIA with WebAuthn,120,692,0.00175,0.017542,1.856208,0.14475,2.022875,5502.022875
poia_webauthn,PoIA with WebAuthn,120,693,0.001584,0.017417,2.3245,2.348334,4.694875,5504.694875
poia_webauthn,PoIA with WebAuthn,120,694,0.001833,0.017292,0.058666,0.119083,0.19875,5500.19875
poia_webauthn,PoIA with WebAuthn,120,695,0.001416,0.017292,1.642333,0.134833,1.798291,5501.798291
poia_webauthn,PoIA with WebAuthn,120,696,0.0025,0.028416,4.844083,0.134625,5.012667,5505.012667
poia_webauthn,PoIA with WebAuthn,120,697,0.001667,0.017917,7.451625,0.131666,7.6055,5507.6055
poia_webauthn,PoIA with WebAuthn,120,698,0.001416,0.017292,3.634125,0.131125,3.786334,5503.786334
poia_webauthn,PoIA with WebAuthn,120,699,0.001583,0.017166,1.799459,0.12725,1.948042,5501.948042
poia_webauthn,PoIA with WebAuthn,120,700,0.00175,0.018042,3.574042,3.193584,6.790375,5506.790375
poia_webauthn,PoIA with WebAuthn,120,701,0.001625,0.017541,6.638875,2.420917,9.082,5509.082
poia_webauthn,PoIA with WebAuthn,120,702,0.001708,0.018625,6.090375,0.131834,6.245084,5506.245084
poia_webauthn,PoIA with WebAuthn,120,703,0.001709,0.017584,11.57975,4.230458,15.832583,5515.832583
poia_webauthn,PoIA with WebAuthn,120,704,0.002041,0.021291,3.605417,0.115541,3.74625,5503.74625
poia_webauthn,PoIA with WebAuthn,120,705,0.002125,0.021167,4.204667,0.130625,4.361291,5504.361291
poia_webauthn,PoIA with WebAuthn,120,706,0.001791,0.0175,3.718334,1.615875,5.356417,5505.356417
poia_webauthn,PoIA with WebAuthn,120,707,0.001958,0.021541,13.697541,0.131458,13.854916,5513.854916
poia_webauthn,PoIA with WebAuthn,120,708,0.001375,0.017167,1.899042,1.963792,3.883542,5503.883542
poia_webauthn,PoIA with WebAuthn,120,709,0.001792,0.017584,1.367,0.144083,1.533042,5501.533042
poia_webauthn,PoIA with WebAuthn,120,710,0.001833,0.028625,2.074417,0.128917,2.236417,5502.236417
poia_webauthn,PoIA with WebAuthn,120,711,0.002333,0.026833,0.09025,0.123333,0.24525,5500.24525
poia_webauthn,PoIA with WebAuthn,120,712,0.001792,0.0175,1.265209,1.312875,2.600375,5502.600375
poia_webauthn,PoIA with WebAuthn,120,713,0.001333,0.017333,1.442209,2.21575,3.679583,5503.679583
poia_webauthn,PoIA with WebAuthn,120,714,0.001709,0.017666,0.057791,0.1175,0.196541,5500.196541
poia_webauthn,PoIA with WebAuthn,120,715,0.001833,0.021083,2.064125,0.130458,2.220125,5502.220125
poia_webauthn,PoIA with WebAuthn,120,716,0.001208,0.017375,1.678,2.300458,3.999959,5503.999959
poia_webauthn,PoIA with WebAuthn,120,717,0.001667,0.017334,5.72325,0.131083,5.875875,5505.875875
poia_webauthn,PoIA with WebAuthn,120,718,0.001834,0.0175,3.149667,0.131417,3.303,5503.303
poia_webauthn,PoIA with WebAuthn,120,719,0.001667,0.017209,1.841291,0.127583,1.990209,5501.990209
poia_webauthn,PoIA with WebAuthn,120,720,0.001625,0.022333,2.089167,1.816167,3.932292,5503.932292
poia_webauthn,PoIA with WebAuthn,120,721,0.002042,0.022125,1.389708,0.131166,1.547625,5501.547625
poia_webauthn,PoIA with WebAuthn,120,722,0.001583,0.017583,5.725584,0.127084,5.87425,5505.87425
poia_webauthn,PoIA with WebAuthn,120,723,0.002,0.021917,1.920875,0.141417,2.088833,5502.088833
poia_webauthn,PoIA with WebAuthn,120,724,0.001667,0.017708,1.951417,0.134042,2.107333,5502.107333
poia_webauthn,PoIA with WebAuthn,120,725,0.001209,0.017375,1.992083,0.134959,2.148125,5502.148125
poia_webauthn,PoIA with WebAuthn,120,726,0.001542,0.0175,2.172792,1.863291,4.057459,5504.057459
poia_webauthn,PoIA with WebAuthn,120,727,0.002416,0.024792,2.027709,0.127167,2.185042,5502.185042
poia_webauthn,PoIA with WebAuthn,120,728,0.001667,0.02825,1.829709,0.160333,2.022666,5502.022666
poia_webauthn,PoIA with WebAuthn,120,729,0.001834,0.018666,2.058625,0.131667,2.213417,5502.213417
poia_webauthn,PoIA with WebAuthn,120,730,0.001958,0.021333,6.881916,1.947959,8.856167,5508.856167
poia_webauthn,PoIA with WebAuthn,120,731,0.001917,0.021417,1.908167,0.130166,2.064209,5502.064209
poia_webauthn,PoIA with WebAuthn,120,732,0.001708,0.017625,4.53,13.917958,18.469792,5518.469792
poia_webauthn,PoIA with WebAuthn,120,733,0.001791,0.017334,3.882042,0.135709,4.039292,5504.039292
poia_webauthn,PoIA with WebAuthn,120,734,0.001666,0.017458,1.943709,0.130833,2.09625,5502.09625
poia_webauthn,PoIA with WebAuthn,120,735,0.001917,0.0235,1.961292,0.130542,2.119708,5502.119708
poia_webauthn,PoIA with WebAuthn,120,736,0.001292,0.017625,2.523042,0.131625,2.676,5502.676
poia_webauthn,PoIA with WebAuthn,120,737,0.001708,0.017458,2.832959,0.134333,2.989084,5502.989084
poia_webauthn,PoIA with WebAuthn,120,738,0.001875,0.021333,5.830917,0.132291,5.989084,5505.989084
poia_webauthn,PoIA with WebAuthn,120,739,0.001667,0.017541,3.87,0.132042,4.02375,5504.02375
poia_webauthn,PoIA with WebAuthn,120,740,0.002,0.031875,2.4635,0.127167,2.627083,5502.627083
poia_webauthn,PoIA with WebAuthn,120,741,0.001708,0.017583,3.9555,0.133917,4.111292,5504.111292
poia_webauthn,PoIA with WebAuthn,120,742,0.001333,0.017417,0.05475,5.498916,5.574209,5505.574209
poia_webauthn,PoIA with WebAuthn,120,743,0.002042,0.021459,1.454125,0.130625,1.610792,5501.610792
poia_webauthn,PoIA with WebAuthn,120,744,0.001709,0.017792,2.475,0.133083,2.630208,5502.630208
poia_webauthn,PoIA with WebAuthn,120,745,0.00175,0.017917,2.057833,0.131667,2.21175,5502.21175
poia_webauthn,PoIA with WebAuthn,120,746,0.00175,0.017791,10.479041,2.247292,12.748917,5512.748917
poia_webauthn,PoIA with WebAuthn,120,747,0.001791,0.017667,11.049458,2.500542,13.572625,5513.572625
poia_webauthn,PoIA with WebAuthn,120,748,0.00175,0.017875,2.02075,0.127208,2.170084,5502.170084
poia_webauthn,PoIA with WebAuthn,120,749,0.00175,0.017625,1.920875,0.131208,2.074125,5502.074125
poia_webauthn,PoIA with WebAuthn,120,750,0.001875,0.017875,1.377333,1.735125,3.13525,5503.13525
poia_webauthn,PoIA with WebAuthn,120,751,0.001834,0.018583,2.745417,0.130916,2.899334,5502.899334
poia_webauthn,PoIA with WebAuthn,120,752,0.001917,0.0215,4.0355,0.135,4.196375,5504.196375
poia_webauthn,PoIA with WebAuthn,120,753,0.001792,0.021459,2.044541,0.1245,2.194375,5502.194375
poia_webauthn,PoIA with WebAuthn,120,754,0.00175,0.017625,6.9565,0.128292,7.106625,5507.106625
poia_webauthn,PoIA with WebAuthn,120,755,0.001917,0.025167,1.639333,0.134125,1.803166,5501.803166
poia_webauthn,PoIA with WebAuthn,120,756,0.001708,0.01775,2.8305,0.130583,2.983,5502.983
poia_webauthn,PoIA with WebAuthn,120,757,0.001708,0.017625,1.716834,0.143167,1.882084,5501.882084
poia_webauthn,PoIA with WebAuthn,120,758,0.00225,0.022125,1.604459,1.686458,3.3185,5503.3185
poia_webauthn,PoIA with WebAuthn,120,759,0.001666,0.017584,0.056041,1.628625,1.706584,5501.706584
poia_webauthn,PoIA with WebAuthn,120,760,0.001583,0.017625,1.9365,1.159416,3.118167,5503.118167
poia_webauthn,PoIA with WebAuthn,120,761,0.002292,0.022541,2.041625,1.744583,3.814875,5503.814875
poia_webauthn,PoIA with WebAuthn,120,762,0.001917,0.01825,2.783208,0.132708,2.938666,5502.938666
poia_webauthn,PoIA with WebAuthn,120,763,0.002042,0.025458,5.930459,0.131959,6.092542,5506.092542
poia_webauthn,PoIA with WebAuthn,120,764,0.001709,0.0175,1.254458,0.13075,1.407083,5501.407083
poia_webauthn,PoIA with WebAuthn,120,765,0.001583,0.017791,7.689458,1.762209,9.474291,5509.474291
poia_webauthn,PoIA with WebAuthn,120,766,0.002084,0.022375,1.710083,0.12525,1.861875,5501.861875
poia_webauthn,PoIA with WebAuthn,120,767,0.001792,0.017292,1.271083,0.134042,1.426833,5501.426833
poia_webauthn,PoIA with WebAuthn,120,768,0.002083,0.022833,0.071833,1.760375,1.859834,5501.859834
poia_webauthn,PoIA with WebAuthn,120,769,0.002083,0.018125,3.160959,0.126958,3.310709,5503.310709
poia_webauthn,PoIA with WebAuthn,120,770,0.0015,0.017541,6.010542,1.06775,7.100459,5507.100459
poia_webauthn,PoIA with WebAuthn,120,771,0.001875,0.018209,1.585292,3.111333,4.72,5504.72
poia_webauthn,PoIA with WebAuthn,120,772,0.001833,0.022958,6.3275,1.636167,7.99175,5507.99175
poia_webauthn,PoIA with WebAuthn,120,773,0.001792,0.018209,2.091333,0.131875,2.245709,5502.245709
poia_webauthn,PoIA with WebAuthn,120,774,0.001625,0.017584,7.636375,0.147042,7.805375,5507.805375
poia_webauthn,PoIA with WebAuthn,120,775,0.001709,0.017708,2.57725,0.129292,2.728541,5502.728541
poia_webauthn,PoIA with WebAuthn,120,776,0.001875,0.017959,2.62875,0.134375,2.785667,5502.785667
poia_webauthn,PoIA with WebAuthn,120,777,0.002375,0.025708,1.655167,0.135666,1.821583,5501.821583
poia_webauthn,PoIA with WebAuthn,120,778,0.002125,0.021375,4.4355,0.119208,4.58025,5504.58025
poia_webauthn,PoIA with WebAuthn,120,779,0.001291,0.017125,1.593125,7.323416,8.937958,5508.937958
poia_webauthn,PoIA with WebAuthn,120,780,0.001667,0.017708,1.25375,1.378708,2.654917,5502.654917
poia_webauthn,PoIA with WebAuthn,120,781,0.001667,0.0175,1.463625,6.73925,8.225125,5508.225125
poia_webauthn,PoIA with WebAuthn,120,782,0.00175,0.01725,0.056625,15.468292,15.546416,5515.546416
poia_webauthn,PoIA with WebAuthn,120,783,0.001708,0.017458,1.726416,0.12675,1.875083,5501.875083
poia_webauthn,PoIA with WebAuthn,120,784,0.002041,0.017708,1.1955,0.128709,1.346625,5501.346625
poia_webauthn,PoIA with WebAuthn,120,785,0.001167,0.017417,0.924125,1.885125,2.830875,5502.830875
poia_webauthn,PoIA with WebAuthn,120,786,0.001625,0.017625,3.352709,0.131708,3.506208,5503.506208
poia_webauthn,PoIA with WebAuthn,120,787,0.00175,0.017625,1.943584,2.193125,4.159167,5504.159167
poia_webauthn,PoIA with WebAuthn,120,788,0.001667,0.017875,4.934584,0.136291,5.092917,5505.092917
poia_webauthn,PoIA with WebAuthn,120,789,0.001875,0.02125,1.621625,0.133542,1.780875,5501.780875
poia_webauthn,PoIA with WebAuthn,120,790,0.001709,0.0175,1.7345,0.131792,1.887875,5501.887875
poia_webauthn,PoIA with WebAuthn,120,791,0.001875,0.040666,1.308458,0.132291,1.486125,5501.486125
poia_webauthn,PoIA with WebAuthn,120,792,0.001792,0.017875,1.7745,0.130875,1.927583,5501.927583
poia_webauthn,PoIA with WebAuthn,120,793,0.001667,0.017667,0.055917,0.114417,0.191583,5500.191583
poia_webauthn,PoIA with WebAuthn,120,794,0.001333,0.017708,15.729292,0.127209,15.877292,5515.877292
poia_webauthn,PoIA with WebAuthn,120,795,0.002416,0.025667,3.681458,0.127375,3.840042,5503.840042
poia_webauthn,PoIA with WebAuthn,120,796,0.001875,0.01775,2.025667,0.141625,2.189458,5502.189458
poia_webauthn,PoIA with WebAuthn,120,797,0.001625,0.018916,1.518833,0.126667,1.668542,5501.668542
poia_webauthn,PoIA with WebAuthn,120,798,0.001583,0.01775,4.92975,0.131291,5.082792,5505.082792
poia_webauthn,PoIA with WebAuthn,120,799,0.00175,0.01775,1.194416,0.131792,1.348291,5501.348291
poia_webauthn,PoIA with WebAuthn,120,800,0.001833,0.017833,4.822208,0.131209,4.975667,5504.975667
poia_webauthn,PoIA with WebAuthn,120,801,0.001625,0.017541,4.296084,0.132375,4.450208,5504.450208
poia_webauthn,PoIA with WebAuthn,120,802,0.001917,0.021083,2.904334,0.14225,3.072292,5503.072292
poia_webauthn,PoIA with WebAuthn,120,803,0.001583,0.017708,2.745875,0.134417,2.902209,5502.902209
poia_webauthn,PoIA with WebAuthn,120,804,0.00175,0.017375,4.34775,0.141584,4.511167,5504.511167
poia_webauthn,PoIA with WebAuthn,120,805,0.002,0.022166,1.01725,0.135167,1.17925,5501.17925
poia_webauthn,PoIA with WebAuthn,120,806,0.002375,0.022625,6.129,0.137,6.294041,5506.294041
poia_webauthn,PoIA with WebAuthn,120,807,0.002333,0.025,1.140291,0.131584,1.301959,5501.301959
poia_webauthn,PoIA with WebAuthn,120,808,0.002208,0.018834,1.401666,0.128667,1.554167,5501.554167
poia_webauthn,PoIA with WebAuthn,120,809,0.002292,0.024209,1.627334,0.130208,1.786792,5501.786792
poia_webauthn,PoIA with WebAuthn,120,810,0.001667,0.017542,3.586125,0.131083,3.738916,5503.738916
poia_webauthn,PoIA with WebAuthn,120,811,0.001959,0.021458,1.235416,0.130708,1.39225,5501.39225
poia_webauthn,PoIA with WebAuthn,120,812,0.00175,0.0175,4.750917,0.132417,4.904875,5504.904875
poia_webauthn,PoIA with WebAuthn,120,813,0.001667,0.0175,0.055542,0.121709,0.198333,5500.198333
poia_webauthn,PoIA with WebAuthn,120,814,0.002041,0.025083,8.458041,0.131459,8.619292,5508.619292
poia_webauthn,PoIA with WebAuthn,120,815,0.001583,0.01725,2.874041,0.133334,3.028042,5503.028042
poia_webauthn,PoIA with WebAuthn,120,816,0.001666,0.018584,0.057417,0.122417,0.202208,5500.202208
poia_webauthn,PoIA with WebAuthn,120,817,0.001625,0.033708,1.208292,1.250667,2.497584,5502.497584
poia_webauthn,PoIA with WebAuthn,120,818,0.001709,0.030375,8.183125,0.984791,9.203291,5509.203291
poia_webauthn,PoIA with WebAuthn,120,819,0.0025,0.022667,4.497875,0.144208,4.670542,5504.670542
poia_webauthn,PoIA with WebAuthn,120,820,0.001667,0.017375,1.667125,0.273209,1.961875,5501.961875
poia_webauthn,PoIA with WebAuthn,120,821,0.001917,0.01825,2.366583,2.28925,4.679125,5504.679125
poia_webauthn,PoIA with WebAuthn,120,822,0.001875,0.017875,2.446041,0.135125,2.6035,5502.6035
poia_webauthn,PoIA with WebAuthn,120,823,0.002,0.021792,1.485,0.130875,1.642375,5501.642375
poia_webauthn,PoIA with WebAuthn,120,824,0.001666,0.017459,4.468625,0.134667,4.625,5504.625
poia_webauthn,PoIA with WebAuthn,120,825,0.002167,0.021667,1.137875,0.131792,1.296083,5501.296083
poia_webauthn,PoIA with WebAuthn,120,826,0.001875,0.017958,4.847709,2.114417,6.985125,5506.985125
poia_webauthn,PoIA with WebAuthn,120,827,0.001625,0.017292,8.399625,0.117125,8.537417,5508.537417
poia_webauthn,PoIA with WebAuthn,120,828,0.001667,0.017417,1.266417,0.128625,1.41675,5501.41675
poia_webauthn,PoIA with WebAuthn,120,829,0.001625,0.017333,5.743208,0.131292,5.896083,5505.896083
poia_webauthn,PoIA with WebAuthn,120,830,0.0025,0.022792,2.077208,2.132375,4.238542,5504.238542
poia_webauthn,PoIA with WebAuthn,120,831,0.001709,0.018083,2.752584,0.131334,2.906375,5502.906375
poia_webauthn,PoIA with WebAuthn,120,832,0.002084,0.021917,0.062375,3.617834,3.70675,5503.70675
poia_webauthn,PoIA with WebAuthn,120,833,0.0015,0.017334,2.459,0.129542,2.609791,5502.609791
poia_webauthn,PoIA with WebAuthn,120,834,0.001917,0.021709,0.061666,0.123041,0.210375,5500.210375
poia_webauthn,PoIA with WebAuthn,120,835,0.002083,0.021167,1.389292,0.127166,1.542292,5501.542292
poia_webauthn,PoIA with WebAuthn,120,836,0.001708,0.017583,4.298917,0.131875,4.452584,5504.452584
poia_webauthn,PoIA with WebAuthn,120,837,0.001792,0.01775,2.541375,0.12725,2.690709,5502.690709
poia_webauthn,PoIA with WebAuthn,120,838,0.001917,0.017458,0.957917,0.435792,1.415875,5501.415875
poia_webauthn,PoIA with WebAuthn,120,839,0.001584,0.0175,2.934166,0.134417,3.090166,5503.090166
poia_webauthn,PoIA with WebAuthn,120,840,0.00175,0.017667,1.676208,0.131584,1.829875,5501.829875
poia_webauthn,PoIA with WebAuthn,120,841,0.002083,0.021541,1.560959,3.176375,4.764,5504.764
poia_webauthn,PoIA with WebAuthn,120,842,0.001917,0.021083,2.892209,2.101292,5.019666,5505.019666
poia_webauthn,PoIA with WebAuthn,120,843,0.001667,0.017666,2.707959,0.142667,2.872583,5502.872583
poia_webauthn,PoIA with WebAuthn,120,844,0.001584,0.017584,1.718,3.766292,5.506542,5505.506542
poia_webauthn,PoIA with WebAuthn,120,845,0.001625,0.022333,7.638875,3.588791,11.25475,5511.25475
poia_webauthn,PoIA with WebAuthn,120,846,0.001625,0.0175,1.409292,0.133542,1.564458,5501.564458
poia_webauthn,PoIA with WebAuthn,120,847,0.00175,0.018083,1.078834,0.131375,1.232708,5501.232708
poia_webauthn,PoIA with WebAuthn,120,848,0.001917,0.017792,11.095083,5.912334,17.030292,5517.030292
poia_webauthn,PoIA with WebAuthn,120,849,0.001791,0.018291,1.836,0.147708,2.0065,5502.0065
poia_webauthn,PoIA with WebAuthn,120,850,0.001959,0.0215,2.914292,2.129875,5.070625,5505.070625
poia_webauthn,PoIA with WebAuthn,120,851,0.001792,0.017708,2.858375,0.144708,3.025167,5503.025167
poia_webauthn,PoIA with WebAuthn,120,852,0.002083,0.018709,3.752541,0.134584,3.910709,5503.910709
poia_webauthn,PoIA with WebAuthn,120,853,0.001792,0.0175,2.026375,0.131125,2.179334,5502.179334
poia_webauthn,PoIA with WebAuthn,120,854,0.001625,0.019708,15.466667,0.129292,15.619375,5515.619375
poia_webauthn,PoIA with WebAuthn,120,855,0.001625,0.017333,3.093958,7.724417,10.839834,5510.839834
poia_webauthn,PoIA with WebAuthn,120,856,0.00175,0.017334,1.436375,0.131625,1.58975,5501.58975
poia_webauthn,PoIA with WebAuthn,120,857,0.001625,0.018125,1.427167,0.1425,1.59225,5501.59225
poia_webauthn,PoIA with WebAuthn,120,858,0.00175,0.017875,2.335083,0.130542,2.487875,5502.487875
poia_webauthn,PoIA with WebAuthn,120,859,0.001541,0.017333,1.123875,1.156375,2.302375,5502.302375
poia_webauthn,PoIA with WebAuthn,120,860,0.00175,0.018208,1.504792,4.5475,6.075459,5506.075459
poia_webauthn,PoIA with WebAuthn,120,861,0.002459,0.026,2.298,2.087875,4.418042,5504.418042
poia_webauthn,PoIA with WebAuthn,120,862,0.002,0.021666,2.53025,0.131291,2.687791,5502.687791
poia_webauthn,PoIA with WebAuthn,120,863,0.002084,0.024834,3.294041,0.131792,3.455208,5503.455208
poia_webauthn,PoIA with WebAuthn,120,864,0.001708,0.017708,2.221584,0.131,2.374542,5502.374542
poia_webauthn,PoIA with WebAuthn,120,865,0.001417,0.017709,1.706583,0.127208,1.855458,5501.855458
poia_webauthn,PoIA with WebAuthn,120,866,0.002083,0.021959,1.252208,0.131417,1.41025,5501.41025
poia_webauthn,PoIA with WebAuthn,120,867,0.0015,0.017375,0.055833,0.121625,0.198334,5500.198334
poia_webauthn,PoIA with WebAuthn,120,868,0.001916,0.01775,4.221125,0.134875,4.378125,5504.378125
poia_webauthn,PoIA with WebAuthn,120,869,0.001583,0.017625,1.67525,1.555667,3.253375,5503.253375
poia_webauthn,PoIA with WebAuthn,120,870,0.001917,0.017542,1.462208,9.17175,10.655833,5510.655833
poia_webauthn,PoIA with WebAuthn,120,871,0.00225,0.019042,1.634166,2.695458,4.353875,5504.353875
poia_webauthn,PoIA with WebAuthn,120,872,0.001834,0.01825,2.111042,0.132,2.265666,5502.265666
poia_webauthn,PoIA with WebAuthn,120,873,0.001666,0.017583,2.75825,0.131125,2.911208,5502.911208
poia_webauthn,PoIA with WebAuthn,120,874,0.001708,0.017792,4.349334,0.141084,4.512667,5504.512667
poia_webauthn,PoIA with WebAuthn,120,875,0.002,0.020833,2.610917,1.350917,3.987875,5503.987875
poia_webauthn,PoIA with WebAuthn,120,876,0.001667,0.017541,4.859,0.131458,5.012167,5505.012167
poia_webauthn,PoIA with WebAuthn,120,877,0.002167,0.022,0.931875,1.069083,2.028333,5502.028333
poia_webauthn,PoIA with WebAuthn,120,878,0.001792,0.032542,2.583916,0.130625,2.751666,5502.751666
poia_webauthn,PoIA with WebAuthn,120,879,0.002583,0.022208,1.977625,0.1345,2.140083,5502.140083
poia_webauthn,PoIA with WebAuthn,120,880,0.002083,0.02125,4.689166,3.799375,8.515125,5508.515125
poia_webauthn,PoIA with WebAuthn,120,881,0.002042,0.0215,1.023458,0.131333,1.181,5501.181
poia_webauthn,PoIA with WebAuthn,120,882,0.001541,0.01725,2.078292,0.129792,2.229333,5502.229333
poia_webauthn,PoIA with WebAuthn,120,883,0.001542,0.017416,3.128125,1.578375,4.728541,5504.728541
poia_webauthn,PoIA with WebAuthn,120,884,0.001625,0.017375,2.841291,0.132208,2.995,5502.995
poia_webauthn,PoIA with WebAuthn,120,885,0.002041,0.019083,1.59875,0.149708,1.772209,5501.772209
poia_webauthn,PoIA with WebAuthn,120,886,0.001292,0.017458,4.728042,0.131583,4.880791,5504.880791
poia_webauthn,PoIA with WebAuthn,120,887,0.001584,0.017625,1.755917,1.505167,3.2835,5503.2835
poia_webauthn,PoIA with WebAuthn,120,888,0.001875,0.021875,1.51475,0.131708,1.672875,5501.672875
poia_webauthn,PoIA with WebAuthn,120,889,0.001833,0.017792,0.056,0.118917,0.196458,5500.196458
poia_webauthn,PoIA with WebAuthn,120,890,0.001625,0.017875,6.501125,0.12875,6.651708,5506.651708
poia_webauthn,PoIA with WebAuthn,120,891,0.001625,0.020792,14.69675,1.777917,16.500041,5516.500041
poia_webauthn,PoIA with WebAuthn,120,892,0.001959,0.022125,2.995458,0.131458,3.153583,5503.153583
poia_webauthn,PoIA with WebAuthn,120,893,0.002125,0.020792,3.516708,0.1335,3.67575,5503.67575
poia_webauthn,PoIA with WebAuthn,120,894,0.001708,0.017459,0.0555,0.11425,0.190875,5500.190875
poia_webauthn,PoIA with WebAuthn,120,895,0.001875,0.021167,4.409166,1.492209,5.927667,5505.927667
poia_webauthn,PoIA with WebAuthn,120,896,0.001708,0.017625,5.784583,0.1315,5.937958,5505.937958
poia_webauthn,PoIA with WebAuthn,120,897,0.002,0.019959,0.059333,5.426792,5.510292,5505.510292
poia_webauthn,PoIA with WebAuthn,120,898,0.001791,0.017958,1.661875,1.943542,3.626958,5503.626958
poia_webauthn,PoIA with WebAuthn,120,899,0.00175,0.017792,1.566583,0.131042,1.719834,5501.719834
poia_webauthn,PoIA with WebAuthn,120,900,0.002041,0.021583,3.334292,1.998667,5.35925,5505.35925
poia_webauthn,PoIA with WebAuthn,120,901,0.001625,0.023208,4.026458,0.131166,4.185166,5504.185166
poia_webauthn,PoIA with WebAuthn,120,902,0.001625,0.017208,3.006917,0.132542,3.160958,5503.160958
poia_webauthn,PoIA with WebAuthn,120,903,0.001833,0.018208,1.8895,0.132708,2.044833,5502.044833
poia_webauthn,PoIA with WebAuthn,120,904,0.002,0.017625,12.071958,0.138792,12.233042,5512.233042
poia_webauthn,PoIA with WebAuthn,120,905,0.002291,0.025,1.724875,1.78825,3.543834,5503.543834
poia_webauthn,PoIA with WebAuthn,120,906,0.001667,0.017417,4.212667,0.147292,4.381709,5504.381709
poia_webauthn,PoIA with WebAuthn,120,907,0.002,0.021167,1.47,1.496667,2.993084,5502.993084
poia_webauthn,PoIA with WebAuthn,120,908,0.001833,0.018084,4.120291,0.130333,4.273125,5504.273125
poia_webauthn,PoIA with WebAuthn,120,909,0.001666,0.019208,5.533959,3.757041,9.314958,5509.314958
poia_webauthn,PoIA with WebAuthn,120,910,0.001667,0.018125,1.627333,0.14325,1.793041,5501.793041
poia_webauthn,PoIA with WebAuthn,120,911,0.001542,0.017292,1.553208,0.126959,1.701625,5501.701625
poia_webauthn,PoIA with WebAuthn,120,912,0.001666,0.01725,5.626875,3.886333,9.535166,5509.535166
poia_webauthn,PoIA with WebAuthn,120,913,0.001833,0.017541,3.372917,0.133917,3.528875,5503.528875
poia_webauthn,PoIA with WebAuthn,120,914,0.001917,0.021292,4.591708,0.137,4.754708,5504.754708
poia_webauthn,PoIA with WebAuthn,120,915,0.00175,0.017833,7.358834,0.13075,7.511667,5507.511667
poia_webauthn,PoIA with WebAuthn,120,916,0.002458,0.026042,1.027333,0.133,1.192208,5501.192208
poia_webauthn,PoIA with WebAuthn,120,917,0.002,0.021417,1.675083,0.147666,1.848958,5501.848958
poia_webauthn,PoIA with WebAuthn,120,918,0.001959,0.021625,3.670958,0.127083,3.824041,5503.824041
poia_webauthn,PoIA with WebAuthn,120,919,0.001334,0.0175,1.799167,0.131666,1.952125,5501.952125
poia_webauthn,PoIA with WebAuthn,120,920,0.002334,0.021958,1.756709,0.13025,1.914375,5501.914375
poia_webauthn,PoIA with WebAuthn,120,921,0.001917,0.02175,2.579458,0.1305,2.73625,5502.73625
poia_webauthn,PoIA with WebAuthn,120,922,0.002541,0.022292,1.295708,18.315291,19.639791,5519.639791
poia_webauthn,PoIA with WebAuthn,120,923,0.002042,0.018292,1.769042,7.978,9.770291,5509.770291
poia_webauthn,PoIA with WebAuthn,120,924,0.001709,0.017542,5.784,0.130875,5.936792,5505.936792
poia_webauthn,PoIA with WebAuthn,120,925,0.00175,0.017666,1.762834,0.134083,1.918916,5501.918916
poia_webauthn,PoIA with WebAuthn,120,926,0.00175,0.0175,1.686958,0.136292,1.845125,5501.845125
poia_webauthn,PoIA with WebAuthn,120,927,0.002083,0.021625,1.890709,0.120917,2.037375,5502.037375
poia_webauthn,PoIA with WebAuthn,120,928,0.002125,0.021834,2.421541,0.126959,2.575083,5502.575083
poia_webauthn,PoIA with WebAuthn,120,929,0.001792,0.02125,0.056167,0.117875,0.199083,5500.199083
poia_webauthn,PoIA with WebAuthn,120,930,0.001917,0.021083,1.819458,0.130875,1.975958,5501.975958
poia_webauthn,PoIA with WebAuthn,120,931,0.001542,0.017834,1.467208,0.1345,1.6335,5501.6335
poia_webauthn,PoIA with WebAuthn,120,932,0.001625,0.017583,3.077458,0.130333,3.2295,5503.2295
poia_webauthn,PoIA with WebAuthn,120,933,0.001667,0.017792,7.713959,0.134125,7.870125,5507.870125
poia_webauthn,PoIA with WebAuthn,120,934,0.003167,0.032625,3.224875,1.753666,5.018417,5505.018417
poia_webauthn,PoIA with WebAuthn,120,935,0.001875,0.034209,1.657584,0.134125,1.830375,5501.830375
poia_webauthn,PoIA with WebAuthn,120,936,0.001625,0.017417,3.310625,1.918125,5.250959,5505.250959
poia_webauthn,PoIA with WebAuthn,120,937,0.001791,0.021166,6.6515,1.033584,7.711083,5507.711083
poia_webauthn,PoIA with WebAuthn,120,938,0.002167,0.041208,1.73075,0.130833,1.907791,5501.907791
poia_webauthn,PoIA with WebAuthn,120,939,0.002584,0.022292,1.612,1.795583,3.436166,5503.436166
poia_webauthn,PoIA with WebAuthn,120,940,0.001708,0.018,5.51425,0.122666,5.658667,5505.658667
poia_webauthn,PoIA with WebAuthn,120,941,0.001917,0.021292,3.145041,1.448042,4.618709,5504.618709
poia_webauthn,PoIA with WebAuthn,120,942,0.001583,0.017583,1.618917,0.131083,1.77175,5501.77175
poia_webauthn,PoIA with WebAuthn,120,943,0.001792,0.018042,1.424417,1.484833,2.93225,5502.93225
poia_webauthn,PoIA with WebAuthn,120,944,0.001583,0.018,2.98725,0.131167,3.140542,5503.140542
poia_webauthn,PoIA with WebAuthn,120,945,0.001834,0.0215,1.607583,1.509875,3.144,5503.144
poia_webauthn,PoIA with WebAuthn,120,946,0.001708,0.017708,5.730166,1.940709,7.6925,5507.6925
poia_webauthn,PoIA with WebAuthn,120,947,0.001625,0.017042,1.71025,1.721083,3.453125,5503.453125
poia_webauthn,PoIA with WebAuthn,120,948,0.00175,0.017875,4.770042,0.130125,4.922417,5504.922417
poia_webauthn,PoIA with WebAuthn,120,949,0.002209,0.022375,1.288625,1.208958,2.525375,5502.525375
poia_webauthn,PoIA with WebAuthn,120,950,0.00225,0.025625,0.071834,1.579083,1.681708,5501.681708
poia_webauthn,PoIA with WebAuthn,120,951,0.001791,0.0175,20.370375,4.438958,24.83175,5524.83175
poia_webauthn,PoIA with WebAuthn,120,952,0.00175,0.017708,1.52175,0.14575,1.689625,5501.689625
poia_webauthn,PoIA with WebAuthn,120,953,0.00175,0.017542,1.256083,0.13075,1.408666,5501.408666
poia_webauthn,PoIA with WebAuthn,120,954,0.001667,0.017459,1.4675,0.13075,1.620042,5501.620042
poia_webauthn,PoIA with WebAuthn,120,955,0.001834,0.017334,1.814166,0.127875,1.965833,5501.965833
poia_webauthn,PoIA with WebAuthn,120,956,0.001416,0.017958,1.7905,0.131791,1.947375,5501.947375
poia_webauthn,PoIA with WebAuthn,120,957,0.001875,0.021333,2.822583,0.131208,2.979583,5502.979583
poia_webauthn,PoIA with WebAuthn,120,958,0.001834,0.017875,1.709916,0.135167,1.867541,5501.867541
poia_webauthn,PoIA with WebAuthn,120,959,0.001917,0.021791,1.922417,0.133292,2.08225,5502.08225
poia_webauthn,PoIA with WebAuthn,120,960,0.001958,0.02125,2.53425,0.126959,2.686917,5502.686917
poia_webauthn,PoIA with WebAuthn,120,961,0.001666,0.0215,4.917375,0.135583,5.078875,5505.078875
poia_webauthn,PoIA with WebAuthn,120,962,0.001917,0.021458,1.966,0.1335,2.125666,5502.125666
poia_webauthn,PoIA with WebAuthn,120,963,0.001708,0.028333,1.850333,0.140333,2.023542,5502.023542
poia_webauthn,PoIA with WebAuthn,120,964,0.001917,0.021333,3.083083,0.131084,3.24,5503.24
poia_webauthn,PoIA with WebAuthn,120,965,0.001791,0.0195,6.013375,0.130916,6.168167,5506.168167
poia_webauthn,PoIA with WebAuthn,120,966,0.001791,0.017541,1.550667,0.131291,1.703875,5501.703875
poia_webauthn,PoIA with WebAuthn,120,967,0.001791,0.018667,0.0595,0.119416,0.213333,5500.213333
poia_webauthn,PoIA with WebAuthn,120,968,0.001791,0.018083,1.666542,0.1345,1.823583,5501.823583
poia_webauthn,PoIA with WebAuthn,120,969,0.001667,0.017333,3.007167,0.132125,3.16075,5503.16075
poia_webauthn,PoIA with WebAuthn,120,970,0.001875,0.021083,1.946709,0.131708,2.104042,5502.104042
poia_webauthn,PoIA with WebAuthn,120,971,0.001708,0.017417,1.618125,0.130709,1.770625,5501.770625
poia_webauthn,PoIA with WebAuthn,120,972,0.001625,0.017708,2.848625,0.126584,2.997083,5502.997083
poia_webauthn,PoIA with WebAuthn,120,973,0.00175,0.01775,4.590667,2.197459,6.810291,5506.810291
poia_webauthn,PoIA with WebAuthn,120,974,0.00175,0.017875,0.056083,0.114209,0.191792,5500.191792
poia_webauthn,PoIA with WebAuthn,120,975,0.001625,0.017209,3.476416,0.133334,3.631209,5503.631209
poia_webauthn,PoIA with WebAuthn,120,976,0.001667,0.017708,3.102542,0.131542,3.256041,5503.256041
poia_webauthn,PoIA with WebAuthn,120,977,0.002167,0.021625,1.81775,1.905666,3.75025,5503.75025
poia_webauthn,PoIA with WebAuthn,120,978,0.001917,0.017542,1.516292,1.470708,3.009667,5503.009667
poia_webauthn,PoIA with WebAuthn,120,979,0.001875,0.017542,3.343875,0.12325,3.488333,5503.488333
poia_webauthn,PoIA with WebAuthn,120,980,0.001708,0.0175,1.208833,0.134333,1.364958,5501.364958
poia_webauthn,PoIA with WebAuthn,120,981,0.001833,0.017375,3.11175,1.781583,4.915708,5504.915708
poia_webauthn,PoIA with WebAuthn,120,982,0.002209,0.018,3.24375,0.131667,3.398375,5503.398375
poia_webauthn,PoIA with WebAuthn,120,983,0.001584,0.020583,7.668208,6.656334,14.349791,5514.349791
poia_webauthn,PoIA with WebAuthn,120,984,0.002417,0.022292,3.338708,0.131,3.4975,5503.4975
poia_webauthn,PoIA with WebAuthn,120,985,0.001916,0.021375,1.76625,0.13225,1.924208,5501.924208
poia_webauthn,PoIA with WebAuthn,120,986,0.001667,0.01725,5.010041,0.127834,5.159292,5505.159292
poia_webauthn,PoIA with WebAuthn,120,987,0.002375,0.025584,2.160459,2.408209,4.60025,5504.60025
poia_webauthn,PoIA with WebAuthn,120,988,0.00125,0.0175,0.051709,1.373542,1.446416,5501.446416
poia_webauthn,PoIA with WebAuthn,120,989,0.001625,0.01775,3.283625,3.216041,6.522041,5506.522041
poia_webauthn,PoIA with WebAuthn,120,990,0.002125,0.021875,1.868334,0.1315,2.026584,5502.026584
poia_webauthn,PoIA with WebAuthn,120,991,0.001708,0.017667,5.852083,0.143417,6.0175,5506.0175
poia_webauthn,PoIA with WebAuthn,120,992,0.001375,0.017375,5.632792,0.137541,5.791541,5505.791541
poia_webauthn,PoIA with WebAuthn,120,993,0.001625,0.017666,1.209209,0.134458,1.365666,5501.365666
poia_webauthn,PoIA with WebAuthn,120,994,0.001875,0.018,0.057583,0.130458,0.209958,5500.209958
poia_webauthn,PoIA with WebAuthn,120,995,0.0055,0.023208,2.122292,2.306833,4.4615,5504.4615
poia_webauthn,PoIA with WebAuthn,120,996,0.001625,0.017791,2.769958,0.131,2.923042,5502.923042
poia_webauthn,PoIA with WebAuthn,120,997,0.001709,0.017125,8.245458,2.079625,10.346208,5510.346208
poia_webauthn,PoIA with WebAuthn,120,998,0.001625,0.021125,1.290583,0.126791,1.44275,5501.44275
poia_webauthn,PoIA with WebAuthn,120,999,0.001583,0.018584,1.889875,0.127834,2.040625,5502.040625
poia_webauthn,PoIA with WebAuthn,120,1000,0.002291,0.025417,2.969958,1.694875,4.696167,5504.696167
poia_webauthn,PoIA with WebAuthn,120,1001,0.001541,0.017583,1.915583,0.145417,2.08275,5502.08275
poia_webauthn,PoIA with WebAuthn,120,1002,0.001959,0.0215,2.692041,0.132084,2.850083,5502.850083
poia_webauthn,PoIA with WebAuthn,120,1003,0.00175,0.017625,2.907167,0.131667,3.060708,5503.060708
poia_webauthn,PoIA with WebAuthn,120,1004,0.001958,0.01825,2.847375,1.34375,4.214709,5504.214709
poia_webauthn,PoIA with WebAuthn,120,1005,0.001542,0.016958,2.482458,2.63125,5.13525,5505.13525
poia_webauthn,PoIA with WebAuthn,120,1006,0.00275,0.025209,1.466625,0.129917,1.627625,5501.627625
poia_webauthn,PoIA with WebAuthn,120,1007,0.001583,0.0175,5.663084,0.13075,5.815459,5505.815459
poia_webauthn,PoIA with WebAuthn,120,1008,0.001667,0.017791,2.922375,2.988792,5.933708,5505.933708
poia_webauthn,PoIA with WebAuthn,120,1009,0.002625,0.026083,1.157083,0.135208,1.324166,5501.324166
poia_webauthn,PoIA with WebAuthn,120,1010,0.002125,0.022125,1.670708,0.131791,1.829458,5501.829458
poia_webauthn,PoIA with WebAuthn,120,1011,0.001625,0.029209,0.061292,0.119625,0.213959,5500.213959
poia_webauthn,PoIA with WebAuthn,120,1012,0.001583,0.017958,8.389166,6.993959,15.405459,5515.405459
poia_webauthn,PoIA with WebAuthn,120,1013,0.002,0.022291,3.082542,0.13525,3.244666,5503.244666
poia_webauthn,PoIA with WebAuthn,120,1014,0.001834,0.017959,1.6615,0.142875,1.82675,5501.82675
poia_webauthn,PoIA with WebAuthn,120,1015,0.00175,0.0175,4.951667,0.13125,5.104708,5505.104708
poia_webauthn,PoIA with WebAuthn,120,1016,0.002041,0.021583,3.35175,0.132958,3.510917,5503.510917
poia_webauthn,PoIA with WebAuthn,120,1017,0.002542,0.025792,1.490167,0.131291,1.652792,5501.652792
poia_webauthn,PoIA with WebAuthn,120,1018,0.00175,0.0175,1.695042,0.132333,1.84925,5501.84925
poia_webauthn,PoIA with WebAuthn,120,1019,0.002084,0.021416,1.272625,0.132,1.430833,5501.430833
poia_webauthn,PoIA with WebAuthn,120,1020,0.002208,0.02225,1.958292,0.131084,2.116542,5502.116542
poia_webauthn,PoIA with WebAuthn,120,1021,0.001583,0.021083,2.908792,0.129583,3.063625,5503.063625
poia_webauthn,PoIA with WebAuthn,120,1022,0.001584,0.017583,5.275375,0.131417,5.42875,5505.42875
poia_webauthn,PoIA with WebAuthn,120,1023,0.001708,0.01775,1.763041,0.133166,1.918375,5501.918375
poia_webauthn,PoIA with WebAuthn,120,1024,0.002375,0.027125,3.59575,2.090959,5.719792,5505.719792
poia_webauthn,PoIA with WebAuthn,120,1025,0.0015,0.017708,2.640458,0.128125,2.790042,5502.790042
poia_webauthn,PoIA with WebAuthn,120,1026,0.001416,0.018083,1.021375,0.131875,1.175417,5501.175417
poia_webauthn,PoIA with WebAuthn,120,1027,0.001958,0.02175,2.65225,0.131542,2.81,5502.81
poia_webauthn,PoIA with WebAuthn,120,1028,0.001792,0.018166,2.805625,0.13075,2.959083,5502.959083
poia_webauthn,PoIA with WebAuthn,120,1029,0.00175,0.017458,2.182375,2.133,4.337833,5504.337833
poia_webauthn,PoIA with WebAuthn,120,1030,0.001875,0.017833,17.760959,0.133792,17.917083,5517.917083
poia_webauthn,PoIA with WebAuthn,120,1031,0.001667,0.017625,3.635459,0.12825,3.785583,5503.785583
poia_webauthn,PoIA with WebAuthn,120,1032,0.001625,0.017292,1.605708,0.142875,1.770083,5501.770083
poia_webauthn,PoIA with WebAuthn,120,1033,0.001625,0.02,2.895958,0.133875,3.05425,5503.05425
poia_webauthn,PoIA with WebAuthn,120,1034,0.00175,0.017375,0.057542,1.065125,1.144333,5501.144333
poia_webauthn,PoIA with WebAuthn,120,1035,0.001833,0.018208,10.351542,0.131166,10.505334,5510.505334
poia_webauthn,PoIA with WebAuthn,120,1036,0.001833,0.017916,0.05625,0.11875,0.19675,5500.19675
poia_webauthn,PoIA with WebAuthn,120,1037,0.002625,0.02525,1.148375,0.153,1.332458,5501.332458
poia_webauthn,PoIA with WebAuthn,120,1038,0.002041,0.0225,3.2635,0.129792,3.420333,5503.420333
poia_webauthn,PoIA with WebAuthn,120,1039,0.001667,0.017167,1.412458,0.130834,1.564834,5501.564834
poia_webauthn,PoIA with WebAuthn,120,1040,0.002083,0.018291,1.164417,0.127042,1.3145,5501.3145
poia_webauthn,PoIA with WebAuthn,120,1041,0.002,0.022042,1.001167,0.138916,1.166791,5501.166791
poia_webauthn,PoIA with WebAuthn,120,1042,0.00175,0.017333,3.070208,0.133917,3.225625,5503.225625
poia_webauthn,PoIA with WebAuthn,120,1043,0.001708,0.017542,1.327708,0.130125,1.479708,5501.479708
poia_webauthn,PoIA with WebAuthn,120,1044,0.001667,0.017542,4.7035,0.130708,4.856042,5504.856042
poia_webauthn,PoIA with WebAuthn,120,1045,0.001834,0.017417,3.507083,0.130833,3.659791,5503.659791
poia_webauthn,PoIA with WebAuthn,120,1046,0.002,0.021583,3.131542,0.146708,3.304458,5503.304458
poia_webauthn,PoIA with WebAuthn,120,1047,0.00175,0.017583,1.93675,0.1335,2.092166,5502.092166
poia_webauthn,PoIA with WebAuthn,120,1048,0.001625,0.017667,1.688041,0.130417,1.840375,5501.840375
poia_webauthn,PoIA with WebAuthn,120,1049,0.001708,0.017667,1.479666,2.895958,4.397375,5504.397375
poia_webauthn,PoIA with WebAuthn,120,1050,0.002416,0.022375,1.910875,1.863083,3.8025,5503.8025
poia_webauthn,PoIA with WebAuthn,120,1051,0.002,0.021417,3.091417,0.136084,3.2535,5503.2535
poia_webauthn,PoIA with WebAuthn,120,1052,0.001791,0.018,1.844958,0.130958,1.99825,5501.99825
poia_webauthn,PoIA with WebAuthn,120,1053,0.001875,0.02125,2.256166,2.045167,4.327458,5504.327458
poia_webauthn,PoIA with WebAuthn,120,1054,0.001709,0.018209,1.845083,0.132208,1.999833,5501.999833
poia_webauthn,PoIA with WebAuthn,120,1055,0.001667,0.017791,2.756166,0.130959,2.909166,5502.909166
poia_webauthn,PoIA with WebAuthn,120,1056,0.002042,0.021292,1.210375,0.128917,1.365209,5501.365209
poia_webauthn,PoIA with WebAuthn,120,1057,0.001792,0.0175,2.512667,0.129708,2.664292,5502.664292
poia_webauthn,PoIA with WebAuthn,120,1058,0.00175,0.018375,1.395,1.60325,3.021667,5503.021667
poia_webauthn,PoIA with WebAuthn,120,1059,0.001708,0.018125,5.010792,0.132125,5.165125,5505.165125
poia_webauthn,PoIA with WebAuthn,120,1060,0.002042,0.021833,1.568542,0.135458,1.730459,5501.730459
poia_webauthn,PoIA with WebAuthn,120,1061,0.002,0.021458,2.307792,0.130709,2.464542,5502.464542
poia_webauthn,PoIA with WebAuthn,120,1062,0.001792,0.017291,2.963542,0.133625,3.118875,5503.118875
poia_webauthn,PoIA with WebAuthn,120,1063,0.001542,0.017625,2.443375,0.130125,2.595167,5502.595167
poia_webauthn,PoIA with WebAuthn,120,1064,0.001834,0.017875,1.231042,0.128583,1.382083,5501.382083
poia_webauthn,PoIA with WebAuthn,120,1065,0.001708,0.021375,6.395666,0.131083,6.552541,5506.552541
poia_webauthn,PoIA with WebAuthn,120,1066,0.001542,0.017333,3.506792,1.982958,5.511791,5505.511791
poia_webauthn,PoIA with WebAuthn,120,1067,0.001791,0.017583,6.904,0.134667,7.060417,5507.060417
poia_webauthn,PoIA with WebAuthn,120,1068,0.001833,0.021375,1.8415,1.973959,3.841667,5503.841667
poia_webauthn,PoIA with WebAuthn,120,1069,0.00175,0.022709,3.256584,0.131625,3.415292,5503.415292
poia_webauthn,PoIA with WebAuthn,120,1070,0.001959,0.021458,1.973792,0.136625,2.136583,5502.136583
poia_webauthn,PoIA with WebAuthn,120,1071,0.001583,0.021,3.315166,0.130833,3.471375,5503.471375
poia_webauthn,PoIA with WebAuthn,120,1072,0.001958,0.021541,1.604292,0.130459,1.761,5501.761
poia_webauthn,PoIA with WebAuthn,120,1073,0.002208,0.026375,2.660416,0.149334,2.841541,5502.841541
poia_webauthn,PoIA with WebAuthn,120,1074,0.002,0.025208,1.523,1.555584,3.109125,5503.109125
poia_webauthn,PoIA with WebAuthn,120,1075,0.00275,0.02325,1.616084,0.122083,1.766917,5501.766917
poia_webauthn,PoIA with WebAuthn,120,1076,0.001666,0.017583,8.732584,5.942625,14.697583,5514.697583
poia_webauthn,PoIA with WebAuthn,120,1077,0.001708,0.01725,0.059458,3.681542,3.762542,5503.762542
poia_webauthn,PoIA with WebAuthn,120,1078,0.001208,0.017459,1.334875,0.127875,1.483917,5501.483917
poia_webauthn,PoIA with WebAuthn,120,1079,0.001916,0.021792,1.360292,1.409334,2.796583,5502.796583
poia_webauthn,PoIA with WebAuthn,120,1080,0.001667,0.017416,2.895417,0.1325,3.049625,5503.049625
poia_webauthn,PoIA with WebAuthn,120,1081,0.001792,0.017542,1.789625,0.145458,1.957125,5501.957125
poia_webauthn,PoIA with WebAuthn,120,1082,0.00175,0.019209,2.38075,0.131042,2.535333,5502.535333
poia_webauthn,PoIA with WebAuthn,120,1083,0.001916,0.018208,1.69775,1.748291,3.469125,5503.469125
poia_webauthn,PoIA with WebAuthn,120,1084,0.001375,0.0175,2.519917,1.370583,3.912417,5503.912417
poia_webauthn,PoIA with WebAuthn,120,1085,0.001833,0.017833,7.198167,2.761833,9.982625,5509.982625
poia_webauthn,PoIA with WebAuthn,120,1086,0.001708,0.017583,2.192,2.072291,4.286125,5504.286125
poia_webauthn,PoIA with WebAuthn,120,1087,0.001875,0.017875,3.057042,0.1315,3.210917,5503.210917
poia_webauthn,PoIA with WebAuthn,120,1088,0.001583,0.017208,4.622166,0.143833,4.787542,5504.787542
poia_webauthn,PoIA with WebAuthn,120,1089,0.001625,0.017375,2.777958,0.130208,2.92975,5502.92975
poia_webauthn,PoIA with WebAuthn,120,1090,0.001667,0.017792,1.232042,0.131125,1.385375,5501.385375
poia_webauthn,PoIA with WebAuthn,120,1091,0.002042,0.025208,2.715042,0.131458,2.876333,5502.876333
poia_webauthn,PoIA with WebAuthn,120,1092,0.001708,0.017875,4.776041,0.12375,4.921792,5504.921792
poia_webauthn,PoIA with WebAuthn,120,1093,0.001583,0.0175,1.9425,0.126417,2.0905,5502.0905
poia_webauthn,PoIA with WebAuthn,120,1094,0.001833,0.0225,3.061083,0.136083,3.224042,5503.224042
poia_webauthn,PoIA with WebAuthn,120,1095,0.001959,0.021417,2.321583,0.155833,2.503333,5502.503333
poia_webauthn,PoIA with WebAuthn,120,1096,0.001833,0.018375,2.529167,2.498584,5.050959,5505.050959
poia_webauthn,PoIA with WebAuthn,120,1097,0.001709,0.01775,1.406083,0.128166,1.55625,5501.55625
poia_webauthn,PoIA with WebAuthn,120,1098,0.001625,0.019125,3.163125,0.132291,3.318625,5503.318625
poia_webauthn,PoIA with WebAuthn,120,1099,0.002084,0.038167,5.664625,0.138042,5.845708,5505.845708
poia_webauthn,PoIA with WebAuthn,120,1100,0.001625,0.017666,1.305542,4.76475,6.092708,5506.092708
poia_webauthn,PoIA with WebAuthn,120,1101,0.001875,0.017792,5.202792,0.119667,5.343917,5505.343917
poia_webauthn,PoIA with WebAuthn,120,1102,0.002208,0.018042,1.792083,0.130375,1.945375,5501.945375
poia_webauthn,PoIA with WebAuthn,120,1103,0.001708,0.017458,13.633709,0.131125,13.786542,5513.786542
poia_webauthn,PoIA with WebAuthn,120,1104,0.001917,0.021292,1.615458,0.130667,1.772,5501.772
poia_webauthn,PoIA with WebAuthn,120,1105,0.001792,0.021959,2.316625,2.910125,5.253417,5505.253417
poia_webauthn,PoIA with WebAuthn,120,1106,0.001667,0.018334,1.4865,3.269041,4.77825,5504.77825
poia_webauthn,PoIA with WebAuthn,120,1107,0.001542,0.017833,1.857209,0.151417,2.030625,5502.030625
poia_webauthn,PoIA with WebAuthn,120,1108,0.001625,0.017541,13.492042,0.132708,13.645834,5513.645834
poia_webauthn,PoIA with WebAuthn,120,1109,0.002667,0.025041,0.064959,3.074958,3.170833,5503.170833
poia_webauthn,PoIA with WebAuthn,120,1110,0.0015,0.017333,2.820959,0.126583,2.968916,5502.968916
poia_webauthn,PoIA with WebAuthn,120,1111,0.001875,0.032042,1.812875,0.130667,1.98025,5501.98025
poia_webauthn,PoIA with WebAuthn,120,1112,0.001709,0.017792,1.229958,0.134,1.386041,5501.386041
poia_webauthn,PoIA with WebAuthn,120,1113,0.001958,0.021375,1.269458,0.141791,1.437209,5501.437209
poia_webauthn,PoIA with WebAuthn,120,1114,0.001667,0.017625,1.880333,2.087709,3.990334,5503.990334
poia_webauthn,PoIA with WebAuthn,120,1115,0.002125,0.02175,2.034,1.231417,3.292458,5503.292458
poia_webauthn,PoIA with WebAuthn,120,1116,0.002,0.022,1.703833,0.147125,1.877791,5501.877791
poia_webauthn,PoIA with WebAuthn,120,1117,0.002042,0.021125,3.642584,0.134167,3.802625,5503.802625
poia_webauthn,PoIA with WebAuthn,120,1118,0.001709,0.028917,2.96175,0.1415,3.136708,5503.136708
poia_webauthn,PoIA with WebAuthn,120,1119,0.001875,0.018291,1.938667,0.128125,2.089541,5502.089541
poia_webauthn,PoIA with WebAuthn,120,1120,0.001708,0.017667,1.077041,0.897709,1.99725,5501.99725
poia_webauthn,PoIA with WebAuthn,120,1121,0.002,0.025,3.37975,0.1275,3.536834,5503.536834
poia_webauthn,PoIA with WebAuthn,120,1122,0.00175,0.017666,2.962792,0.130417,3.115125,5503.115125
poia_webauthn,PoIA with WebAuthn,120,1123,0.002166,0.021709,1.579458,0.128333,1.734333,5501.734333
poia_webauthn,PoIA with WebAuthn,120,1124,0.001959,0.033,2.100625,0.134375,2.272708,5502.272708
poia_webauthn,PoIA with WebAuthn,120,1125,0.002,0.021083,2.493792,1.210459,3.730417,5503.730417
poia_webauthn,PoIA with WebAuthn,120,1126,0.002083,0.017958,1.660541,0.13575,1.818916,5501.818916
poia_webauthn,PoIA with WebAuthn,120,1127,0.001875,0.017625,2.885292,6.043708,8.951583,5508.951583
poia_webauthn,PoIA with WebAuthn,120,1128,0.002458,0.024459,1.757875,8.105041,9.892542,5509.892542
poia_webauthn,PoIA with WebAuthn,120,1129,0.001667,0.017417,1.351583,0.135,1.508416,5501.508416
poia_webauthn,PoIA with WebAuthn,120,1130,0.001542,0.017625,7.825542,0.133625,7.981,5507.981
poia_webauthn,PoIA with WebAuthn,120,1131,0.001583,0.018459,1.731625,10.293667,12.048375,5512.048375
poia_webauthn,PoIA with WebAuthn,120,1132,0.001709,0.018084,1.229125,1.124291,2.375541,5502.375541
poia_webauthn,PoIA with WebAuthn,120,1133,0.002458,0.0225,1.951125,2.094708,4.0745,5504.0745
poia_webauthn,PoIA with WebAuthn,120,1134,0.001834,0.02125,1.277583,2.7545,4.058333,5504.058333
poia_webauthn,PoIA with WebAuthn,120,1135,0.001541,0.018042,2.549834,0.132042,2.703875,5502.703875
poia_webauthn,PoIA with WebAuthn,120,1136,0.001875,0.021,3.664209,0.132708,3.822541,5503.822541
poia_webauthn,PoIA with WebAuthn,120,1137,0.001791,0.018917,1.773042,0.131083,1.927333,5501.927333
poia_webauthn,PoIA with WebAuthn,120,1138,0.001833,0.020958,1.895875,1.812,3.733834,5503.733834
poia_webauthn,PoIA with WebAuthn,120,1139,0.002083,0.039917,22.196917,0.132709,22.374459,5522.374459
poia_webauthn,PoIA with WebAuthn,120,1140,0.001333,0.0175,1.700792,1.956792,3.679542,5503.679542
poia_webauthn,PoIA with WebAuthn,120,1141,0.001666,0.017459,4.13,0.11925,4.270042,5504.270042
poia_webauthn,PoIA with WebAuthn,120,1142,0.001833,0.017958,11.459833,0.135292,11.617459,5511.617459
poia_webauthn,PoIA with WebAuthn,120,1143,0.00175,0.017417,5.761125,0.132375,5.915333,5505.915333
poia_webauthn,PoIA with WebAuthn,120,1144,0.001709,0.017791,7.065334,0.132791,7.220125,5507.220125
poia_webauthn,PoIA with WebAuthn,120,1145,0.002167,0.021667,1.487458,0.130708,1.644833,5501.644833
poia_webauthn,PoIA with WebAuthn,120,1146,0.002542,0.027791,4.157333,2.219166,6.409834,5506.409834
poia_webauthn,PoIA with WebAuthn,120,1147,0.00175,0.017583,1.143833,0.128459,1.294208,5501.294208
poia_webauthn,PoIA with WebAuthn,120,1148,0.001834,0.021125,4.616875,0.1325,4.774917,5504.774917
poia_webauthn,PoIA with WebAuthn,120,1149,0.001625,0.017541,2.12725,0.131042,2.28,5502.28
poia_webauthn,PoIA with WebAuthn,120,1150,0.001625,0.017667,4.214375,0.147666,4.384,5504.384
poia_webauthn,PoIA with WebAuthn,120,1151,0.001667,0.018,1.499042,2.963875,4.48575,5504.48575
poia_webauthn,PoIA with WebAuthn,120,1152,0.002,0.021125,1.492125,0.132917,1.650833,5501.650833
poia_webauthn,PoIA with WebAuthn,120,1153,0.001958,0.021208,3.11625,1.539625,4.68225,5504.68225
poia_webauthn,PoIA with WebAuthn,120,1154,0.00175,0.020792,3.126291,0.13025,3.281792,5503.281792
poia_webauthn,PoIA with WebAuthn,120,1155,0.002667,0.022708,0.91175,0.131375,1.071667,5501.071667
poia_webauthn,PoIA with WebAuthn,120,1156,0.002083,0.021625,2.526167,0.135166,2.687666,5502.687666
poia_webauthn,PoIA with WebAuthn,120,1157,0.00225,0.037541,2.112166,0.135125,2.289917,5502.289917
poia_webauthn,PoIA with WebAuthn,120,1158,0.001875,0.021334,4.916375,0.13375,5.076,5505.076
poia_webauthn,PoIA with WebAuthn,120,1159,0.002333,0.022458,3.077042,2.97125,6.076833,5506.076833
poia_webauthn,PoIA with WebAuthn,120,1160,0.002417,0.027584,1.330459,2.227417,3.590875,5503.590875
poia_webauthn,PoIA with WebAuthn,120,1161,0.001583,0.017292,3.162958,0.136583,3.321084,5503.321084
poia_webauthn,PoIA with WebAuthn,120,1162,0.001791,0.01825,3.596166,0.132292,3.751125,5503.751125
poia_webauthn,PoIA with WebAuthn,120,1163,0.002125,0.031167,2.252417,1.236042,3.525041,5503.525041
poia_webauthn,PoIA with WebAuthn,120,1164,0.002,0.021292,1.414916,4.871917,6.313417,5506.313417
poia_webauthn,PoIA with WebAuthn,120,1165,0.00175,0.017709,0.057542,4.612709,4.692083,5504.692083
poia_webauthn,PoIA with WebAuthn,120,1166,0.001791,0.017125,1.240417,3.503875,4.76575,5504.76575
poia_webauthn,PoIA with WebAuthn,120,1167,0.001916,0.0275,2.07375,2.139042,4.245459,5504.245459
poia_webauthn,PoIA with WebAuthn,120,1168,0.001625,0.017417,2.121791,0.130125,2.2735,5502.2735
poia_webauthn,PoIA with WebAuthn,120,1169,0.001834,0.017542,10.24,1.699125,11.961041,5511.961041
poia_webauthn,PoIA with WebAuthn,120,1170,0.001708,0.017292,4.954708,2.032375,7.008958,5507.008958
poia_webauthn,PoIA with WebAuthn,120,1171,0.001792,0.017833,3.534625,0.130833,3.687625,5503.687625
poia_webauthn,PoIA with WebAuthn,120,1172,0.002333,0.025792,1.931917,1.058333,3.021959,5503.021959
poia_webauthn,PoIA with WebAuthn,120,1173,0.00175,0.018708,6.085917,0.133,6.241875,5506.241875
poia_webauthn,PoIA with WebAuthn,120,1174,0.001959,0.02125,2.892333,0.130916,3.049166,5503.049166
poia_webauthn,PoIA with WebAuthn,120,1175,0.002209,0.021,1.516292,0.130292,1.672542,5501.672542
poia_webauthn,PoIA with WebAuthn,120,1176,0.00175,0.017458,3.519459,1.508708,5.050208,5505.050208
poia_webauthn,PoIA with WebAuthn,120,1177,0.001667,0.017458,2.823792,0.13275,2.978333,5502.978333
poia_webauthn,PoIA with WebAuthn,120,1178,0.002708,0.023583,4.914834,0.145333,5.0895,5505.0895
poia_webauthn,PoIA with WebAuthn,120,1179,0.002584,0.022375,10.106125,0.134541,10.268709,5510.268709
poia_webauthn,PoIA with WebAuthn,120,1180,0.002,0.018625,0.858292,0.339584,1.221083,5501.221083
poia_webauthn,PoIA with WebAuthn,120,1181,0.00175,0.017959,1.738875,0.133625,1.894875,5501.894875
poia_webauthn,PoIA with WebAuthn,120,1182,0.001708,0.01775,2.1805,0.13025,2.332708,5502.332708
poia_webauthn,PoIA with WebAuthn,120,1183,0.001958,0.021166,1.835917,0.131,1.992708,5501.992708
poia_webauthn,PoIA with WebAuthn,120,1184,0.0025,0.063833,2.62975,0.146834,2.846083,5502.846083
poia_webauthn,PoIA with WebAuthn,120,1185,0.001708,0.017375,3.127209,0.127041,3.275833,5503.275833
poia_webauthn,PoIA with WebAuthn,120,1186,0.001833,0.0175,2.126,0.126792,2.274708,5502.274708
poia_webauthn,PoIA with WebAuthn,120,1187,0.001709,0.01775,1.319167,1.127333,2.469083,5502.469083
poia_webauthn,PoIA with WebAuthn,120,1188,0.001792,0.017917,3.104875,0.132042,3.259125,5503.259125
poia_webauthn,PoIA with WebAuthn,120,1189,0.002042,0.021958,5.268458,0.147042,5.44225,5505.44225
poia_webauthn,PoIA with WebAuthn,120,1190,0.001709,0.01775,1.156708,0.127084,1.305791,5501.305791
poia_webauthn,PoIA with WebAuthn,120,1191,0.001708,0.017666,2.71225,0.133667,2.867875,5502.867875
poia_webauthn,PoIA with WebAuthn,120,1192,0.002125,0.024875,3.124084,0.145875,3.299791,5503.299791
poia_webauthn,PoIA with WebAuthn,120,1193,0.001875,0.017667,5.617083,0.139333,5.778542,5505.778542
poia_webauthn,PoIA with WebAuthn,120,1194,0.001709,0.017625,1.673958,0.1445,1.840417,5501.840417
poia_webauthn,PoIA with WebAuthn,120,1195,0.001708,0.017417,1.482833,0.130375,1.634959,5501.634959
poia_webauthn,PoIA with WebAuthn,120,1196,0.002167,0.021667,1.539,1.541375,3.1075,5503.1075
poia_webauthn,PoIA with WebAuthn,120,1197,0.00175,0.017917,1.866125,0.133667,2.022125,5502.022125
poia_webauthn,PoIA with WebAuthn,120,1198,0.001791,0.01725,0.056958,0.118792,0.19675,5500.19675
poia_webauthn,PoIA with WebAuthn,120,1199,0.001333,0.018,1.996541,0.128542,2.146875,5502.146875
poia_webauthn,PoIA with WebAuthn,120,1200,0.001667,0.0175,1.7605,0.127917,1.910084,5501.910084
poia_webauthn,PoIA with WebAuthn,120,1201,0.001667,0.017542,1.401625,1.088583,2.512458,5502.512458
poia_webauthn,PoIA with WebAuthn,120,1202,0.002041,0.019375,4.735458,0.137833,4.897292,5504.897292
poia_webauthn,PoIA with WebAuthn,120,1203,0.001709,0.028584,5.927292,0.144583,6.104833,5506.104833
poia_webauthn,PoIA with WebAuthn,120,1204,0.001625,0.0175,1.68825,0.130458,1.840375,5501.840375
poia_webauthn,PoIA with WebAuthn,120,1205,0.002208,0.027667,2.551209,0.131333,2.715459,5502.715459
poia_webauthn,PoIA with WebAuthn,120,1206,0.001708,0.017708,1.230667,0.130667,1.383375,5501.383375
poia_webauthn,PoIA with WebAuthn,120,1207,0.001833,0.018125,0.056333,1.496,1.574959,5501.574959
poia_webauthn,PoIA with WebAuthn,120,1208,0.001625,0.017583,1.859959,0.130917,2.012625,5502.012625
poia_webauthn,PoIA with WebAuthn,120,1209,0.001917,0.021375,2.867667,0.13125,3.02475,5503.02475
poia_webauthn,PoIA with WebAuthn,120,1210,0.002375,0.0255,1.115667,0.131958,1.278541,5501.278541
poia_webauthn,PoIA with WebAuthn,120,1211,0.001792,0.018,1.428292,1.312208,2.762625,5502.762625
poia_webauthn,PoIA with WebAuthn,120,1212,0.001709,0.017125,1.9675,0.16275,2.152166,5502.152166
poia_webauthn,PoIA with WebAuthn,120,1213,0.001667,0.017292,2.20775,2.662333,4.892,5504.892
poia_webauthn,PoIA with WebAuthn,120,1214,0.001833,0.017792,1.706417,0.131708,1.860375,5501.860375
poia_webauthn,PoIA with WebAuthn,120,1215,0.001375,0.017458,1.979042,8.450083,10.450375,5510.450375
poia_webauthn,PoIA with WebAuthn,120,1216,0.001667,0.017292,9.124875,0.129041,9.2755,5509.2755
poia_webauthn,PoIA with WebAuthn,120,1217,0.001917,0.02125,1.349125,1.04275,2.418292,5502.418292
poia_webauthn,PoIA with WebAuthn,120,1218,0.001958,0.021708,2.195459,0.132458,2.354084,5502.354084
poia_webauthn,PoIA with WebAuthn,120,1219,0.001792,0.01775,0.055625,0.114375,0.191417,5500.191417
poia_webauthn,PoIA with WebAuthn,120,1220,0.001709,0.017833,1.689083,0.132334,1.843375,5501.843375
poia_webauthn,PoIA with WebAuthn,120,1221,0.001958,0.017875,2.753458,0.131625,2.907458,5502.907458
poia_webauthn,PoIA with WebAuthn,120,1222,0.001625,0.017458,1.909,0.13125,2.061875,5502.061875
poia_webauthn,PoIA with WebAuthn,120,1223,0.001833,0.01775,1.486917,0.131083,1.64025,5501.64025
poia_webauthn,PoIA with WebAuthn,120,1224,0.001583,0.017541,1.547542,1.501417,3.071209,5503.071209
poia_webauthn,PoIA with WebAuthn,120,1225,0.001708,0.017875,1.375042,0.131333,1.528584,5501.528584
poia_webauthn,PoIA with WebAuthn,120,1226,0.001625,0.027625,1.268792,0.131833,1.432542,5501.432542
poia_webauthn,PoIA with WebAuthn,120,1227,0.001625,0.017292,2.442583,0.134,2.598125,5502.598125
poia_webauthn,PoIA with WebAuthn,120,1228,0.001708,0.017417,1.420416,0.129333,1.5715,5501.5715
poia_webauthn,PoIA with WebAuthn,120,1229,0.001875,0.021333,1.732834,1.618791,3.378,5503.378
poia_webauthn,PoIA with WebAuthn,120,1230,0.001708,0.028916,3.495666,0.13175,3.660667,5503.660667
poia_webauthn,PoIA with WebAuthn,120,1231,0.001667,0.017792,2.237292,22.011041,24.270875,5524.270875
poia_webauthn,PoIA with WebAuthn,120,1232,0.001792,0.017584,3.105125,0.126958,3.253959,5503.253959
poia_webauthn,PoIA with WebAuthn,120,1233,0.001625,0.017375,1.70225,1.659667,3.384125,5503.384125
poia_webauthn,PoIA with WebAuthn,120,1234,0.001542,0.017791,6.898416,3.286375,10.207083,5510.207083
poia_webauthn,PoIA with WebAuthn,120,1235,0.002,0.021125,3.528833,0.131125,3.685667,5503.685667
poia_webauthn,PoIA with WebAuthn,120,1236,0.001875,0.021375,1.432042,0.1315,1.591916,5501.591916
poia_webauthn,PoIA with WebAuthn,120,1237,0.001375,0.017333,1.085,0.131541,1.237875,5501.237875
poia_webauthn,PoIA with WebAuthn,120,1238,0.002042,0.017709,1.288708,0.13125,1.442417,5501.442417
poia_webauthn,PoIA with WebAuthn,120,1239,0.001791,0.017792,1.311875,1.178125,2.512709,5502.512709
poia_webauthn,PoIA with WebAuthn,120,1240,0.001625,0.021375,1.555875,0.126958,1.708542,5501.708542
poia_webauthn,PoIA with WebAuthn,120,1241,0.00175,0.017583,2.29225,0.127166,2.441292,5502.441292
poia_webauthn,PoIA with WebAuthn,120,1242,0.0015,0.0175,1.745042,0.134583,1.901125,5501.901125
poia_webauthn,PoIA with WebAuthn,120,1243,0.002083,0.022125,1.33425,0.144333,1.505334,5501.505334
poia_webauthn,PoIA with WebAuthn,120,1244,0.001625,0.017417,4.530417,0.134583,4.686625,5504.686625
poia_webauthn,PoIA with WebAuthn,120,1245,0.00175,0.017458,0.056,3.221958,3.299583,5503.299583
poia_webauthn,PoIA with WebAuthn,120,1246,0.002083,0.018333,6.017333,0.126708,6.167,5506.167
poia_webauthn,PoIA with WebAuthn,120,1247,0.001791,0.017583,3.464667,0.131125,3.617833,5503.617833
poia_webauthn,PoIA with WebAuthn,120,1248,0.00175,0.017417,2.509125,0.142958,2.673875,5502.673875
poia_webauthn,PoIA with WebAuthn,120,1249,0.001875,0.017416,4.935959,0.143167,5.101167,5505.101167
poia_webauthn,PoIA with WebAuthn,120,1250,0.001959,0.018,3.655625,2.130666,5.809292,5505.809292
poia_webauthn,PoIA with WebAuthn,120,1251,0.001875,0.021375,2.143208,3.33825,5.50775,5505.50775
poia_webauthn,PoIA with WebAuthn,120,1252,0.001667,0.017334,1.559291,0.133792,1.714667,5501.714667
poia_webauthn,PoIA with WebAuthn,120,1253,0.001958,0.020875,1.876792,0.13525,2.037584,5502.037584
poia_webauthn,PoIA with WebAuthn,120,1254,0.001834,0.017667,2.583333,3.57425,6.180166,5506.180166
poia_webauthn,PoIA with WebAuthn,120,1255,0.001667,0.017875,3.727,1.040667,4.790334,5504.790334
poia_webauthn,PoIA with WebAuthn,120,1256,0.001959,0.018125,1.936875,0.132166,2.091833,5502.091833
poia_webauthn,PoIA with WebAuthn,120,1257,0.001709,0.017667,1.693041,0.131167,1.84625,5501.84625
poia_webauthn,PoIA with WebAuthn,120,1258,0.001792,0.017625,2.808834,0.136041,2.966792,5502.966792
poia_webauthn,PoIA with WebAuthn,120,1259,0.001625,0.017583,4.766834,2.855292,7.643833,5507.643833
poia_webauthn,PoIA with WebAuthn,120,1260,0.002,0.017834,1.52575,1.681083,3.229833,5503.229833
poia_webauthn,PoIA with WebAuthn,120,1261,0.001666,0.017709,1.507708,0.132,1.66175,5501.66175
poia_webauthn,PoIA with WebAuthn,120,1262,0.002083,0.021791,1.815959,0.13225,1.974667,5501.974667
poia_webauthn,PoIA with WebAuthn,120,1263,0.001625,0.019458,4.419042,0.136459,4.579291,5504.579291
poia_webauthn,PoIA with WebAuthn,120,1264,0.001583,0.017166,1.608292,0.129334,1.759083,5501.759083
poia_webauthn,PoIA with WebAuthn,120,1265,0.001667,0.03325,3.390208,0.134959,3.562833,5503.562833
poia_webauthn,PoIA with WebAuthn,120,1266,0.001791,0.017833,3.524625,0.140042,3.686875,5503.686875
poia_webauthn,PoIA with WebAuthn,120,1267,0.002333,0.024208,0.921875,1.1605,2.112292,5502.112292
poia_webauthn,PoIA with WebAuthn,120,1268,0.001792,0.017792,3.173292,0.131792,3.327167,5503.327167
poia_webauthn,PoIA with WebAuthn,120,1269,0.002375,0.024917,1.394375,0.129959,1.554584,5501.554584
poia_webauthn,PoIA with WebAuthn,120,1270,0.001583,0.0175,2.435875,0.127333,2.584709,5502.584709
poia_webauthn,PoIA with WebAuthn,120,1271,0.0025,0.022208,1.252417,0.145,1.425291,5501.425291
poia_webauthn,PoIA with WebAuthn,120,1272,0.001834,0.018375,1.545167,0.145667,1.713625,5501.713625
poia_webauthn,PoIA with WebAuthn,120,1273,0.001875,0.021209,7.506416,0.130792,7.662917,5507.662917
poia_webauthn,PoIA with WebAuthn,120,1274,0.002,0.021625,6.627334,0.134125,6.787583,5506.787583
poia_webauthn,PoIA with WebAuthn,120,1275,0.002042,0.021875,1.405,0.135667,1.567208,5501.567208
poia_webauthn,PoIA with WebAuthn,120,1276,0.001917,0.021083,2.26825,0.136875,2.4305,5502.4305
poia_webauthn,PoIA with WebAuthn,120,1277,0.00175,0.017709,3.099333,0.131333,3.25275,5503.25275
poia_webauthn,PoIA with WebAuthn,120,1278,0.001792,0.017917,2.079916,0.130959,2.233375,5502.233375
poia_webauthn,PoIA with WebAuthn,120,1279,0.001792,0.018709,5.292917,0.139667,5.4555,5505.4555
poia_webauthn,PoIA with WebAuthn,120,1280,0.00225,0.018708,1.817375,0.131125,1.972125,5501.972125
poia_webauthn,PoIA with WebAuthn,120,1281,0.001791,0.018167,1.69975,1.792542,3.515292,5503.515292
poia_webauthn,PoIA with WebAuthn,120,1282,0.001583,0.017125,2.061583,0.148958,2.23175,5502.23175
poia_webauthn,PoIA with WebAuthn,120,1283,0.001791,0.017583,3.502541,0.132125,3.656583,5503.656583
poia_webauthn,PoIA with WebAuthn,120,1284,0.001834,0.01725,3.333667,0.133667,3.489083,5503.489083
poia_webauthn,PoIA with WebAuthn,120,1285,0.002459,0.028042,14.932875,0.14425,15.110708,5515.110708
poia_webauthn,PoIA with WebAuthn,120,1286,0.001875,0.018042,6.876708,0.14325,7.042458,5507.042458
poia_webauthn,PoIA with WebAuthn,120,1287,0.001666,0.017583,1.852334,0.136083,2.010208,5502.010208
poia_webauthn,PoIA with WebAuthn,120,1288,0.001708,0.01925,5.086208,0.134833,5.244458,5505.244458
poia_webauthn,PoIA with WebAuthn,120,1289,0.001625,0.017375,1.983834,0.132375,2.138,5502.138
poia_webauthn,PoIA with WebAuthn,120,1290,0.002208,0.026125,2.954084,0.12725,3.112625,5503.112625
poia_webauthn,PoIA with WebAuthn,120,1291,0.001583,0.017792,1.878459,0.128875,2.029292,5502.029292
poia_webauthn,PoIA with WebAuthn,120,1292,0.002625,0.027,0.074458,1.583417,1.690375,5501.690375
poia_webauthn,PoIA with WebAuthn,120,1293,0.001709,0.017709,9.156917,5.960042,15.138875,5515.138875
poia_webauthn,PoIA with WebAuthn,120,1294,0.002,0.017458,5.179334,0.130583,5.331958,5505.331958
poia_webauthn,PoIA with WebAuthn,120,1295,0.001666,0.01725,2.483416,2.542917,5.048167,5505.048167
poia_webauthn,PoIA with WebAuthn,120,1296,0.001958,0.021542,2.417916,1.259958,3.7045,5503.7045
poia_webauthn,PoIA with WebAuthn,120,1297,0.001833,0.017667,1.817875,0.145542,1.9855,5501.9855
poia_webauthn,PoIA with WebAuthn,120,1298,0.00175,0.017541,0.058375,0.122209,0.201708,5500.201708
poia_webauthn,PoIA with WebAuthn,120,1299,0.001917,0.018125,8.646084,0.113125,8.781167,5508.781167
poia_webauthn,PoIA with WebAuthn,120,1300,0.001792,0.0175,3.570833,3.134167,6.727334,5506.727334
poia_webauthn,PoIA with WebAuthn,120,1301,0.002,0.021166,1.273292,1.770959,3.070708,5503.070708
poia_webauthn,PoIA with WebAuthn,120,1302,0.0015,0.017625,4.850083,0.13175,5.003417,5505.003417
poia_webauthn,PoIA with WebAuthn,120,1303,0.002375,0.027416,3.898917,2.138958,6.071167,5506.071167
poia_webauthn,PoIA with WebAuthn,120,1304,0.001792,0.017667,3.487208,0.131708,3.64075,5503.64075
poia_webauthn,PoIA with WebAuthn,120,1305,0.001833,0.017667,1.558333,0.127125,1.7075,5501.7075
poia_webauthn,PoIA with WebAuthn,120,1306,0.001583,0.021292,2.568417,0.134167,2.727917,5502.727917
poia_webauthn,PoIA with WebAuthn,120,1307,0.001833,0.021084,4.8505,0.123667,4.999,5504.999
poia_webauthn,PoIA with WebAuthn,120,1308,0.00175,0.017958,1.747084,1.598209,3.368208,5503.368208
poia_webauthn,PoIA with WebAuthn,120,1309,0.0015,0.017375,4.16575,0.131292,4.318333,5504.318333
poia_webauthn,PoIA with WebAuthn,120,1310,0.001791,0.017375,1.345791,0.13225,1.499833,5501.499833
poia_webauthn,PoIA with WebAuthn,120,1311,0.001708,0.017334,1.204875,0.130917,1.357542,5501.357542
poia_webauthn,PoIA with WebAuthn,120,1312,0.001625,0.01775,2.72825,0.133459,2.883709,5502.883709
poia_webauthn,PoIA with WebAuthn,120,1313,0.0015,0.017708,0.053375,1.4435,1.518542,5501.518542
poia_webauthn,PoIA with WebAuthn,120,1314,0.001625,0.017959,9.94225,0.118708,10.082417,5510.082417
poia_webauthn,PoIA with WebAuthn,120,1315,0.00225,0.024959,3.429417,1.803417,5.263583,5505.263583
poia_webauthn,PoIA with WebAuthn,120,1316,0.001875,0.021458,0.062167,0.123416,0.211,5500.211
poia_webauthn,PoIA with WebAuthn,120,1317,0.002625,0.026,2.084208,0.134083,2.249958,5502.249958
poia_webauthn,PoIA with WebAuthn,120,1318,0.001792,0.017375,2.56975,0.1405,2.731916,5502.731916
poia_webauthn,PoIA with WebAuthn,120,1319,0.001917,0.021458,3.569875,0.144333,3.740166,5503.740166
poia_webauthn,PoIA with WebAuthn,120,1320,0.001959,0.018875,1.27675,0.132791,1.432917,5501.432917
poia_webauthn,PoIA with WebAuthn,120,1321,0.00175,0.017667,5.459583,0.131084,5.61275,5505.61275
poia_webauthn,PoIA with WebAuthn,120,1322,0.001833,0.017792,3.961166,0.142125,4.125375,5504.125375
poia_webauthn,PoIA with WebAuthn,120,1323,0.001667,0.017834,2.185041,1.977834,4.185541,5504.185541
poia_webauthn,PoIA with WebAuthn,120,1324,0.002084,0.021833,2.277042,0.131792,2.435334,5502.435334
poia_webauthn,PoIA with WebAuthn,120,1325,0.001625,0.017708,1.546875,1.525375,3.09475,5503.09475
poia_webauthn,PoIA with WebAuthn,120,1326,0.002166,0.021375,1.500458,0.136916,1.663542,5501.663542
poia_webauthn,PoIA with WebAuthn,120,1327,0.002,0.017792,2.160458,2.709083,4.892417,5504.892417
poia_webauthn,PoIA with WebAuthn,120,1328,0.00175,0.020875,1.722583,1.878833,3.627375,5503.627375
poia_webauthn,PoIA with WebAuthn,120,1329,0.001916,0.021666,4.068584,0.136417,4.231292,5504.231292
poia_webauthn,PoIA with WebAuthn,120,1330,0.001916,0.01775,1.457083,3.029542,4.509417,5504.509417
poia_webauthn,PoIA with WebAuthn,120,1331,0.002125,0.020958,3.019166,0.131291,3.176291,5503.176291
poia_webauthn,PoIA with WebAuthn,120,1332,0.002167,0.0225,0.908875,0.128292,1.0645,5501.0645
poia_webauthn,PoIA with WebAuthn,120,1333,0.001917,0.018208,0.061375,0.122959,0.206708,5500.206708
poia_webauthn,PoIA with WebAuthn,120,1334,0.001666,0.0175,6.764833,0.13375,6.920333,5506.920333
poia_webauthn,PoIA with WebAuthn,120,1335,0.001958,0.021291,1.763792,0.1315,1.92125,5501.92125
poia_webauthn,PoIA with WebAuthn,120,1336,0.002125,0.02125,1.876458,0.131,2.033459,5502.033459
poia_webauthn,PoIA with WebAuthn,120,1337,0.0025,0.022458,2.245958,0.134541,2.408542,5502.408542
poia_webauthn,PoIA with WebAuthn,120,1338,0.001916,0.021667,5.642083,0.139917,5.80825,5505.80825
poia_webauthn,PoIA with WebAuthn,120,1339,0.001708,0.017458,2.60825,1.437208,4.067708,5504.067708
poia_webauthn,PoIA with WebAuthn,120,1340,0.001958,0.018,0.056625,2.11125,2.190416,5502.190416
poia_webauthn,PoIA with WebAuthn,120,1341,0.001625,0.017875,1.335125,0.141292,1.4985,5501.4985
poia_webauthn,PoIA with WebAuthn,120,1342,0.001792,0.020958,1.851208,0.132125,2.008792,5502.008792
poia_webauthn,PoIA with WebAuthn,120,1343,0.001834,0.017459,0.057166,0.119458,0.197875,5500.197875
poia_webauthn,PoIA with WebAuthn,120,1344,0.001625,0.017333,3.344792,0.134375,3.500667,5503.500667
poia_webauthn,PoIA with WebAuthn,120,1345,0.002125,0.018458,3.508833,0.135917,3.667959,5503.667959
poia_webauthn,PoIA with WebAuthn,120,1346,0.001667,0.029417,1.395667,1.570541,3.000583,5503.000583
poia_webauthn,PoIA with WebAuthn,120,1347,0.0015,0.017333,2.759458,1.876416,4.657625,5504.657625
poia_webauthn,PoIA with WebAuthn,120,1348,0.001583,0.017625,9.144375,0.143209,9.309292,5509.309292
poia_webauthn,PoIA with WebAuthn,120,1349,0.002542,0.022667,1.512167,0.130417,1.670959,5501.670959
poia_webauthn,PoIA with WebAuthn,120,1350,0.001708,0.017417,3.3445,3.261125,6.62775,5506.62775
poia_webauthn,PoIA with WebAuthn,120,1351,0.002541,0.022208,2.581292,0.133209,2.742458,5502.742458
poia_webauthn,PoIA with WebAuthn,120,1352,0.001708,0.017416,2.703709,0.131833,2.85725,5502.85725
poia_webauthn,PoIA with WebAuthn,120,1353,0.002125,0.021792,1.66675,1.961917,3.655583,5503.655583
poia_webauthn,PoIA with WebAuthn,120,1354,0.001708,0.018042,6.324791,0.132625,6.479708,5506.479708
poia_webauthn,PoIA with WebAuthn,120,1355,0.001709,0.018292,2.168083,0.152375,2.343375,5502.343375
poia_webauthn,PoIA with WebAuthn,120,1356,0.002417,0.022334,1.683292,0.13425,1.845667,5501.845667
poia_webauthn,PoIA with WebAuthn,120,1357,0.001792,0.017708,1.211333,0.127959,1.361416,5501.361416
poia_webauthn,PoIA with WebAuthn,120,1358,0.002042,0.022125,2.065,1.226583,3.318875,5503.318875
poia_webauthn,PoIA with WebAuthn,120,1359,0.001666,0.017334,6.477917,8.775209,15.274667,5515.274667
poia_webauthn,PoIA with WebAuthn,120,1360,0.002417,0.022375,2.956625,2.337875,5.322916,5505.322916
poia_webauthn,PoIA with WebAuthn,120,1361,0.001875,0.017666,6.355417,0.134875,6.512583,5506.512583
poia_webauthn,PoIA with WebAuthn,120,1362,0.001791,0.01775,2.508458,0.12675,2.657292,5502.657292
poia_webauthn,PoIA with WebAuthn,120,1363,0.002041,0.021584,3.190791,0.131625,3.348542,5503.348542
poia_webauthn,PoIA with WebAuthn,120,1364,0.002042,0.022417,1.590875,0.131041,1.749125,5501.749125
poia_webauthn,PoIA with WebAuthn,120,1365,0.001583,0.0175,3.875458,0.131667,4.028959,5504.028959
poia_webauthn,PoIA with WebAuthn,120,1366,0.001917,0.022042,4.396167,2.636167,7.059416,5507.059416
poia_webauthn,PoIA with WebAuthn,120,1367,0.001625,0.01775,1.843542,0.135292,2.000833,5502.000833
poia_webauthn,PoIA with WebAuthn,120,1368,0.00175,0.017875,0.850584,0.127333,1.000125,5501.000125
poia_webauthn,PoIA with WebAuthn,120,1369,0.00175,0.01775,3.2855,3.239292,6.547208,5506.547208
poia_webauthn,PoIA with WebAuthn,120,1370,0.002083,0.021833,2.974042,0.130333,3.130875,5503.130875
poia_webauthn,PoIA with WebAuthn,120,1371,0.001625,0.017666,4.913417,0.121084,5.055917,5505.055917
poia_webauthn,PoIA with WebAuthn,120,1372,0.001833,0.018042,3.683791,1.88725,5.594125,5505.594125
poia_webauthn,PoIA with WebAuthn,120,1373,0.002,0.021792,1.1125,0.132625,1.271542,5501.271542
poia_webauthn,PoIA with WebAuthn,120,1374,0.001584,0.017542,4.492667,1.767375,6.28225,5506.28225
poia_webauthn,PoIA with WebAuthn,120,1375,0.001709,0.017958,1.604917,0.134042,1.761291,5501.761291
poia_webauthn,PoIA with WebAuthn,120,1376,0.001792,0.017875,4.775958,1.233958,6.032666,5506.032666
poia_webauthn,PoIA with WebAuthn,120,1377,0.001792,0.017917,2.194417,16.672291,18.888959,5518.888959
poia_webauthn,PoIA with WebAuthn,120,1378,0.001958,0.021666,1.030875,1.138875,2.1965,5502.1965
poia_webauthn,PoIA with WebAuthn,120,1379,0.001416,0.017542,3.431916,0.144792,3.598083,5503.598083
poia_webauthn,PoIA with WebAuthn,120,1380,0.001833,0.018042,4.540417,0.131166,4.694041,5504.694041
poia_webauthn,PoIA with WebAuthn,120,1381,0.001875,0.021417,2.760208,0.126584,2.912625,5502.912625
poia_webauthn,PoIA with WebAuthn,120,1382,0.002583,0.022459,2.980833,1.716084,4.725792,5504.725792
poia_webauthn,PoIA with WebAuthn,120,1383,0.001625,0.017583,1.93575,0.127417,2.084958,5502.084958
poia_webauthn,PoIA with WebAuthn,120,1384,0.002042,0.0215,1.71175,0.131,1.868875,5501.868875
poia_webauthn,PoIA with WebAuthn,120,1385,0.001625,0.017167,1.689542,0.13575,1.846709,5501.846709
poia_webauthn,PoIA with WebAuthn,120,1386,0.001625,0.017458,2.917667,0.134667,3.074042,5503.074042
poia_webauthn,PoIA with WebAuthn,120,1387,0.00175,0.017584,0.0565,3.013541,3.091791,5503.091791
poia_webauthn,PoIA with WebAuthn,120,1388,0.001708,0.0175,2.934875,3.316542,6.273208,5506.273208
poia_webauthn,PoIA with WebAuthn,120,1389,0.001917,0.021334,2.119167,2.202791,4.348333,5504.348333
poia_webauthn,PoIA with WebAuthn,120,1390,0.002416,0.022208,1.904417,0.134042,2.066291,5502.066291
poia_webauthn,PoIA with WebAuthn,120,1391,0.001708,0.017334,1.568916,0.134209,1.724792,5501.724792
poia_webauthn,PoIA with WebAuthn,120,1392,0.002208,0.025208,0.061083,0.119459,0.209833,5500.209833
poia_webauthn,PoIA with WebAuthn,120,1393,0.001959,0.020084,1.3765,0.134667,1.535791,5501.535791
poia_webauthn,PoIA with WebAuthn,120,1394,0.001833,0.017709,4.637208,0.127792,4.787042,5504.787042
poia_webauthn,PoIA with WebAuthn,120,1395,0.001667,0.017334,1.212416,0.131292,1.365334,5501.365334
poia_webauthn,PoIA with WebAuthn,120,1396,0.001542,0.017708,1.275125,0.127083,1.423875,5501.423875
poia_webauthn,PoIA with WebAuthn,120,1397,0.002167,0.023708,2.23825,0.13125,2.398041,5502.398041
poia_webauthn,PoIA with WebAuthn,120,1398,0.001708,0.017292,0.055375,0.118416,0.194667,5500.194667
poia_webauthn,PoIA with WebAuthn,120,1399,0.001709,0.017583,2.677958,0.12725,2.826917,5502.826917
poia_webauthn,PoIA with WebAuthn,120,1400,0.002209,0.026,0.062666,0.123083,0.216083,5500.216083
poia_webauthn,PoIA with WebAuthn,120,1401,0.001667,0.0175,5.337958,2.889625,8.26325,5508.26325
poia_webauthn,PoIA with WebAuthn,120,1402,0.001709,0.017459,2.59375,0.1285,2.743875,5502.743875
poia_webauthn,PoIA with WebAuthn,120,1403,0.001917,0.021375,5.741083,0.134208,5.901125,5505.901125
poia_webauthn,PoIA with WebAuthn,120,1404,0.00175,0.028458,5.329333,0.130833,5.492917,5505.492917
poia_webauthn,PoIA with WebAuthn,120,1405,0.001834,0.021334,2.840375,0.143208,3.009375,5503.009375
poia_webauthn,PoIA with WebAuthn,120,1406,0.001333,0.019666,2.71925,0.151459,2.894167,5502.894167
poia_webauthn,PoIA with WebAuthn,120,1407,0.001625,0.017125,2.627417,0.124666,2.772875,5502.772875
poia_webauthn,PoIA with WebAuthn,120,1408,0.001834,0.017958,0.056375,0.114792,0.192875,5500.192875
poia_webauthn,PoIA with WebAuthn,120,1409,0.001667,0.017417,2.748708,0.130916,2.90125,5502.90125
poia_webauthn,PoIA with WebAuthn,120,1410,0.0015,0.0175,2.634875,3.202292,5.859083,5505.859083
poia_webauthn,PoIA with WebAuthn,120,1411,0.001958,0.021125,2.780917,0.134833,2.941334,5502.941334
poia_webauthn,PoIA with WebAuthn,120,1412,0.001583,0.017208,5.556083,0.146458,5.723959,5505.723959
poia_webauthn,PoIA with WebAuthn,120,1413,0.002042,0.021208,2.426959,2.796125,5.249458,5505.249458
poia_webauthn,PoIA with WebAuthn,120,1414,0.001667,0.01775,5.004375,0.135417,5.162042,5505.162042
poia_webauthn,PoIA with WebAuthn,120,1415,0.001708,0.01775,13.469667,0.130916,13.622666,5513.622666
poia_webauthn,PoIA with WebAuthn,120,1416,0.001875,0.017958,17.230334,0.129791,17.382459,5517.382459
poia_webauthn,PoIA with WebAuthn,120,1417,0.002375,0.025875,1.738708,1.745417,3.515667,5503.515667
poia_webauthn,PoIA with WebAuthn,120,1418,0.001666,0.017917,2.373958,0.127084,2.523125,5502.523125
poia_webauthn,PoIA with WebAuthn,120,1419,0.002042,0.018084,1.932625,2.026458,3.982333,5503.982333
poia_webauthn,PoIA with WebAuthn,120,1420,0.002375,0.024959,5.600791,5.589083,11.220708,5511.220708
poia_webauthn,PoIA with WebAuthn,120,1421,0.001667,0.018833,5.172,0.144042,5.339166,5505.339166
poia_webauthn,PoIA with WebAuthn,120,1422,0.002792,0.022833,19.729042,0.120166,19.877125,5519.877125
poia_webauthn,PoIA with WebAuthn,120,1423,0.00175,0.017417,2.606791,0.128459,2.756917,5502.756917
poia_webauthn,PoIA with WebAuthn,120,1424,0.001708,0.017667,2.67,0.131,2.822875,5502.822875
poia_webauthn,PoIA with WebAuthn,120,1425,0.001833,0.02125,5.415875,2.686292,8.128417,5508.128417
poia_webauthn,PoIA with WebAuthn,120,1426,0.001917,0.017708,7.20575,11.723709,18.952084,5518.952084
poia_webauthn,PoIA with WebAuthn,120,1427,0.001667,0.017416,2.782,2.702625,5.50675,5505.50675
poia_webauthn,PoIA with WebAuthn,120,1428,0.001958,0.025,2.183834,0.133375,2.346709,5502.346709
poia_webauthn,PoIA with WebAuthn,120,1429,0.00175,0.017833,7.720791,0.130875,7.873791,5507.873791
poia_webauthn,PoIA with WebAuthn,120,1430,0.00175,0.020959,2.906125,11.006416,13.93825,5513.93825
poia_webauthn,PoIA with WebAuthn,120,1431,0.001708,0.017292,0.056875,0.128875,0.206625,5500.206625
poia_webauthn,PoIA with WebAuthn,120,1432,0.001791,0.019,2.845792,0.128166,2.997333,5502.997333
poia_webauthn,PoIA with WebAuthn,120,1433,0.001583,0.017459,2.796917,0.128458,2.946708,5502.946708
poia_webauthn,PoIA with WebAuthn,120,1434,0.001542,0.017833,3.819083,0.132458,3.9735,5503.9735
poia_webauthn,PoIA with WebAuthn,120,1435,0.001834,0.021542,2.433458,1.928291,4.388125,5504.388125
poia_webauthn,PoIA with WebAuthn,120,1436,0.001791,0.017958,2.735959,0.14075,2.899083,5502.899083
poia_webauthn,PoIA with WebAuthn,120,1437,0.00175,0.017709,2.73325,0.139083,2.894417,5502.894417
poia_webauthn,PoIA with WebAuthn,120,1438,0.001833,0.01775,0.056458,0.117958,0.195917,5500.195917
poia_webauthn,PoIA with WebAuthn,120,1439,0.001541,0.021167,2.184916,0.130542,2.340792,5502.340792
poia_webauthn,PoIA with WebAuthn,120,1440,0.001708,0.017958,10.837125,2.6485,13.508333,5513.508333
poia_webauthn,PoIA with WebAuthn,120,1441,0.001625,0.030625,2.49,3.20025,5.725666,5505.725666
poia_webauthn,PoIA with WebAuthn,120,1442,0.001625,0.017667,1.964875,10.103,12.089541,5512.089541
poia_webauthn,PoIA with WebAuthn,120,1443,0.00175,0.017542,2.852583,0.133875,3.008167,5503.008167
poia_webauthn,PoIA with WebAuthn,120,1444,0.002,0.021167,8.375084,0.130833,8.531541,5508.531541
poia_webauthn,PoIA with WebAuthn,120,1445,0.001667,0.018125,5.867917,0.132333,6.022584,5506.022584
poia_webauthn,PoIA with WebAuthn,120,1446,0.001584,0.0175,3.980625,10.231292,14.234125,5514.234125
poia_webauthn,PoIA with WebAuthn,120,1447,0.001792,0.017541,4.162833,0.133958,4.318708,5504.318708
poia_webauthn,PoIA with WebAuthn,120,1448,0.001792,0.0175,2.938333,0.134875,3.094875,5503.094875
poia_webauthn,PoIA with WebAuthn,120,1449,0.00125,0.017375,5.07375,0.13575,5.230583,5505.230583
poia_webauthn,PoIA with WebAuthn,120,1450,0.001708,0.017583,2.840166,0.14425,3.006333,5503.006333
poia_webauthn,PoIA with WebAuthn,120,1451,0.001959,0.021792,9.189667,0.115541,9.330875,5509.330875
poia_webauthn,PoIA with WebAuthn,120,1452,0.001583,0.017708,2.758542,2.797041,5.578042,5505.578042
poia_webauthn,PoIA with WebAuthn,120,1453,0.001875,0.021625,2.946708,2.8805,5.853333,5505.853333
poia_webauthn,PoIA with WebAuthn,120,1454,0.001541,0.017292,2.022583,0.131041,2.174917,5502.174917
poia_webauthn,PoIA with WebAuthn,120,1455,0.001917,0.018292,8.032709,5.940375,13.996,5513.996
poia_webauthn,PoIA with WebAuthn,120,1456,0.001792,0.018083,2.208958,0.131209,2.362667,5502.362667
poia_webauthn,PoIA with WebAuthn,120,1457,0.001792,0.017208,2.198208,0.13175,2.351583,5502.351583
poia_webauthn,PoIA with WebAuthn,120,1458,0.001875,0.020833,2.857292,0.129542,3.012083,5503.012083
poia_webauthn,PoIA with WebAuthn,120,1459,0.001458,0.017375,2.117708,0.129666,2.268667,5502.268667
poia_webauthn,PoIA with WebAuthn,120,1460,0.00175,0.017291,2.650125,0.127125,2.79875,5502.79875
poia_webauthn,PoIA with WebAuthn,120,1461,0.001959,0.018,2.708375,0.132084,2.863042,5502.863042
poia_webauthn,PoIA with WebAuthn,120,1462,0.003958,0.027417,0.0725,0.116083,0.222291,5500.222291
poia_webauthn,PoIA with WebAuthn,120,1463,0.001584,0.020917,2.160958,0.143708,2.329833,5502.329833
poia_webauthn,PoIA with WebAuthn,120,1464,0.002,0.034042,2.166917,0.132625,2.338333,5502.338333
poia_webauthn,PoIA with WebAuthn,120,1465,0.002333,0.025541,3.165542,2.925708,6.122667,5506.122667
poia_webauthn,PoIA with WebAuthn,120,1466,0.001791,0.017375,5.173583,0.14775,5.343167,5505.343167
poia_webauthn,PoIA with WebAuthn,120,1467,0.002209,0.02125,2.322292,0.134,2.481958,5502.481958
poia_webauthn,PoIA with WebAuthn,120,1468,0.001583,0.017625,2.285584,0.128417,2.435625,5502.435625
poia_webauthn,PoIA with WebAuthn,120,1469,0.001625,0.021333,2.616708,0.1435,2.785792,5502.785792
poia_webauthn,PoIA with WebAuthn,120,1470,0.001916,0.023667,2.724333,0.126458,2.878917,5502.878917
poia_webauthn,PoIA with WebAuthn,120,1471,0.002166,0.018083,8.162125,0.1305,8.315458,5508.315458
poia_webauthn,PoIA with WebAuthn,120,1472,0.001542,0.023292,0.054167,0.118916,0.199833,5500.199833
poia_webauthn,PoIA with WebAuthn,120,1473,0.001792,0.017375,2.04075,0.126583,2.189041,5502.189041
poia_webauthn,PoIA with WebAuthn,120,1474,0.001792,0.018125,5.748583,0.131084,5.902208,5505.902208
poia_webauthn,PoIA with WebAuthn,120,1475,0.001667,0.017458,4.15825,0.131167,4.311166,5504.311166
poia_webauthn,PoIA with WebAuthn,120,1476,0.002209,0.02525,2.672875,0.14425,2.847292,5502.847292
poia_webauthn,PoIA with WebAuthn,120,1477,0.001708,0.017417,2.041042,0.130542,2.193167,5502.193167
poia_webauthn,PoIA with WebAuthn,120,1478,0.002125,0.022458,5.382625,6.00225,11.412042,5511.412042
poia_webauthn,PoIA with WebAuthn,120,1479,0.002375,0.022375,6.557625,0.134667,6.720209,5506.720209
poia_webauthn,PoIA with WebAuthn,120,1480,0.001833,0.021583,6.897667,5.576667,12.500167,5512.500167
poia_webauthn,PoIA with WebAuthn,120,1481,0.001666,0.017375,1.971667,2.4025,4.396208,5504.396208
poia_webauthn,PoIA with WebAuthn,120,1482,0.001958,0.02125,2.665041,8.236167,10.927416,5510.927416
poia_webauthn,PoIA with WebAuthn,120,1483,0.001792,0.017584,2.8735,0.132083,3.027458,5503.027458
poia_webauthn,PoIA with WebAuthn,120,1484,0.002125,0.02225,1.4575,0.130375,1.61475,5501.61475
poia_webauthn,PoIA with WebAuthn,120,1485,0.001583,0.021084,2.27225,0.13825,2.435792,5502.435792
poia_webauthn,PoIA with WebAuthn,120,1486,0.001417,0.017417,2.359125,0.256416,2.636792,5502.636792
poia_webauthn,PoIA with WebAuthn,120,1487,0.002042,0.02125,2.764792,0.130917,2.921584,5502.921584
poia_webauthn,PoIA with WebAuthn,120,1488,0.00225,0.022,17.431167,0.131208,17.589208,5517.589208
poia_webauthn,PoIA with WebAuthn,120,1489,0.001667,0.017917,2.738417,0.13125,2.891834,5502.891834
poia_webauthn,PoIA with WebAuthn,120,1490,0.001833,0.017833,1.88625,2.336542,4.245416,5504.245416
poia_webauthn,PoIA with WebAuthn,120,1491,0.001791,0.018,0.056542,0.118125,0.196417,5500.196417
poia_webauthn,PoIA with WebAuthn,120,1492,0.001625,0.03,2.377042,0.143541,2.554875,5502.554875
poia_webauthn,PoIA with WebAuthn,120,1493,0.001542,0.01725,2.65275,2.820667,5.495333,5505.495333
poia_webauthn,PoIA with WebAuthn,120,1494,0.001916,0.021292,2.876041,0.14625,3.048125,5503.048125
poia_webauthn,PoIA with WebAuthn,120,1495,0.00175,0.0175,2.837916,2.68875,5.548959,5505.548959
poia_webauthn,PoIA with WebAuthn,120,1496,0.001583,0.01775,5.494458,0.134334,5.65075,5505.65075
poia_webauthn,PoIA with WebAuthn,120,1497,0.001791,0.0175,2.388917,0.130583,2.541333,5502.541333
poia_webauthn,PoIA with WebAuthn,120,1498,0.001792,0.017583,2.0635,0.127333,2.212708,5502.212708
poia_webauthn,PoIA with WebAuthn,120,1499,0.002125,0.021583,1.912542,2.055625,3.994958,5503.994958
poia_webauthn,PoIA with WebAuthn,120,1500,0.002041,0.021709,2.642,0.134291,2.802541,5502.802541
poia_webauthn,PoIA with WebAuthn,120,1501,0.001875,0.017583,2.618417,0.132791,2.773333,5502.773333
poia_webauthn,PoIA with WebAuthn,120,1502,0.002416,0.025291,6.274625,0.128583,6.433959,5506.433959
poia_webauthn,PoIA with WebAuthn,120,1503,0.001708,0.017458,2.067417,0.130542,2.219625,5502.219625
poia_webauthn,PoIA with WebAuthn,120,1504,0.00175,0.017375,4.934959,0.131291,5.087791,5505.087791
poia_webauthn,PoIA with WebAuthn,120,1505,0.001916,0.017875,2.067083,0.132042,2.221667,5502.221667
poia_webauthn,PoIA with WebAuthn,120,1506,0.001958,0.018541,2.128,2.234292,4.385875,5504.385875
poia_webauthn,PoIA with WebAuthn,120,1507,0.001292,0.02,2.073709,0.232875,2.330458,5502.330458
poia_webauthn,PoIA with WebAuthn,120,1508,0.002042,0.022,2.068709,0.130666,2.226041,5502.226041
poia_webauthn,PoIA with WebAuthn,120,1509,0.001542,0.017708,24.252,1.838709,26.112291,5526.112291
poia_webauthn,PoIA with WebAuthn,120,1510,0.011958,0.021542,1.995334,1.949167,3.981208,5503.981208
poia_webauthn,PoIA with WebAuthn,120,1511,0.001667,0.017875,4.567292,0.136792,4.726209,5504.726209
poia_webauthn,PoIA with WebAuthn,120,1512,0.002041,0.021292,2.732083,0.131083,2.889125,5502.889125
poia_webauthn,PoIA with WebAuthn,120,1513,0.002083,0.022042,1.887334,0.259292,2.173375,5502.173375
poia_webauthn,PoIA with WebAuthn,120,1514,0.001834,0.017959,2.012458,0.126791,2.161583,5502.161583
poia_webauthn,PoIA with WebAuthn,120,1515,0.002166,0.021875,2.265084,0.13,2.421667,5502.421667
poia_webauthn,PoIA with WebAuthn,120,1516,0.001917,0.019208,1.914833,0.12675,2.065209,5502.065209
poia_webauthn,PoIA with WebAuthn,120,1517,0.001875,0.017584,2.011083,0.130708,2.163667,5502.163667
poia_webauthn,PoIA with WebAuthn,120,1518,0.001625,0.017583,2.390209,6.487791,8.900375,5508.900375
poia_webauthn,PoIA with WebAuthn,120,1519,0.001709,0.017709,4.637458,0.131208,4.790708,5504.790708
poia_webauthn,PoIA with WebAuthn,120,1520,0.00175,0.017833,7.948208,0.115917,8.085584,5508.085584
poia_webauthn,PoIA with WebAuthn,120,1521,0.001958,0.021292,2.083333,0.134375,2.2435,5502.2435
poia_webauthn,PoIA with WebAuthn,120,1522,0.001709,0.017125,5.547917,0.137958,5.70725,5505.70725
poia_webauthn,PoIA with WebAuthn,120,1523,0.001833,0.018,2.406375,2.787542,5.21675,5505.21675
poia_webauthn,PoIA with WebAuthn,120,1524,0.002375,0.025875,3.0065,0.131458,3.169125,5503.169125
poia_webauthn,PoIA with WebAuthn,120,1525,0.001666,0.018125,2.584708,0.131,2.738,5502.738
poia_webauthn,PoIA with WebAuthn,120,1526,0.001667,0.017583,7.067209,0.131875,7.22075,5507.22075
poia_webauthn,PoIA with WebAuthn,120,1527,0.002416,0.0225,2.034292,3.85725,5.920209,5505.920209
poia_webauthn,PoIA with WebAuthn,120,1528,0.001458,0.017625,2.497333,0.127541,2.64625,5502.64625
poia_webauthn,PoIA with WebAuthn,120,1529,0.001875,0.017166,2.730583,0.127167,2.879209,5502.879209
poia_webauthn,PoIA with WebAuthn,120,1530,0.002,0.0215,1.88075,0.128042,2.036875,5502.036875
poia_webauthn,PoIA with WebAuthn,120,1531,0.001625,0.017708,0.057208,0.118583,0.197042,5500.197042
poia_webauthn,PoIA with WebAuthn,120,1532,0.001666,0.022167,1.814291,2.121583,3.962917,5503.962917
poia_webauthn,PoIA with WebAuthn,120,1533,0.00175,0.018,1.900333,0.14175,2.064375,5502.064375
poia_webauthn,PoIA with WebAuthn,120,1534,0.002334,0.0225,1.148792,0.135791,1.312167,5501.312167
poia_webauthn,PoIA with WebAuthn,120,1535,0.001667,0.017625,1.588833,1.70625,3.317583,5503.317583
poia_webauthn,PoIA with WebAuthn,120,1536,0.002417,0.022333,5.169333,0.138291,5.335625,5505.335625
poia_webauthn,PoIA with WebAuthn,120,1537,0.001625,0.017708,1.508375,0.127708,1.657917,5501.657917
poia_webauthn,PoIA with WebAuthn,120,1538,0.001875,0.021042,1.50725,0.134875,1.667792,5501.667792
poia_webauthn,PoIA with WebAuthn,120,1539,0.001833,0.018,1.52075,0.131,1.674208,5501.674208
poia_webauthn,PoIA with WebAuthn,120,1540,0.001583,0.017417,1.590041,1.68225,3.294292,5503.294292
poia_webauthn,PoIA with WebAuthn,120,1541,0.002542,0.027291,2.409125,1.416125,3.858625,5503.858625
poia_webauthn,PoIA with WebAuthn,120,1542,0.001792,0.017791,1.88175,0.13625,2.040334,5502.040334
poia_webauthn,PoIA with WebAuthn,120,1543,0.002292,0.022583,1.505584,0.130625,1.663667,5501.663667
poia_webauthn,PoIA with WebAuthn,120,1544,0.001833,0.017833,5.192875,0.131541,5.346833,5505.346833
poia_webauthn,PoIA with WebAuthn,120,1545,0.00175,0.017625,5.930791,0.131375,6.084167,5506.084167
poia_webauthn,PoIA with WebAuthn,120,1546,0.002083,0.018917,5.544875,0.1325,5.700792,5505.700792
poia_webauthn,PoIA with WebAuthn,120,1547,0.001708,0.017917,11.56525,0.132375,11.719917,5511.719917
poia_webauthn,PoIA with WebAuthn,120,1548,0.001834,0.017833,3.6135,0.138875,3.774791,5503.774791
poia_webauthn,PoIA with WebAuthn,120,1549,0.001833,0.017834,3.511416,1.818542,5.352792,5505.352792
poia_webauthn,PoIA with WebAuthn,120,1550,0.002458,0.021834,4.944041,0.13175,5.103209,5505.103209
poia_webauthn,PoIA with WebAuthn,120,1551,0.00175,0.017792,3.511041,1.844,5.377708,5505.377708
poia_webauthn,PoIA with WebAuthn,120,1552,0.002125,0.021292,3.494292,0.132292,3.652625,5503.652625
poia_webauthn,PoIA with WebAuthn,120,1553,0.001666,0.017666,1.933584,0.131,2.0865,5502.0865
poia_webauthn,PoIA with WebAuthn,120,1554,0.002333,0.024042,1.322375,1.593208,2.945084,5502.945084
poia_webauthn,PoIA with WebAuthn,120,1555,0.00225,0.026625,3.648833,2.717375,6.398625,5506.398625
poia_webauthn,PoIA with WebAuthn,120,1556,0.002375,0.025875,1.21025,0.127208,1.368792,5501.368792
poia_webauthn,PoIA with WebAuthn,120,1557,0.001959,0.021875,1.337958,0.132416,1.496917,5501.496917
poia_webauthn,PoIA with WebAuthn,120,1558,0.002,0.018833,1.523709,0.131417,1.678458,5501.678458
poia_webauthn,PoIA with WebAuthn,120,1559,0.001875,0.018,1.68975,0.143542,1.855875,5501.855875
poia_webauthn,PoIA with WebAuthn,120,1560,0.001875,0.036709,1.696375,0.133584,1.871375,5501.871375
poia_webauthn,PoIA with WebAuthn,120,1561,0.001875,0.021791,1.289792,0.148417,1.464541,5501.464541
poia_webauthn,PoIA with WebAuthn,120,1562,0.002291,0.025917,2.6785,1.530375,4.24075,5504.24075
poia_webauthn,PoIA with WebAuthn,120,1563,0.001583,0.017333,1.778042,0.132292,1.931833,5501.931833
poia_webauthn,PoIA with WebAuthn,120,1564,0.002,0.017916,2.142875,0.134875,2.300375,5502.300375
poia_webauthn,PoIA with WebAuthn,120,1565,0.002541,0.022958,1.315416,2.836583,4.181334,5504.181334
poia_webauthn,PoIA with WebAuthn,120,1566,0.001625,0.018208,1.69825,0.13,1.85075,5501.85075
poia_webauthn,PoIA with WebAuthn,120,1567,0.00175,0.018167,1.335458,1.592166,2.950542,5502.950542
poia_webauthn,PoIA with WebAuthn,120,1568,0.001666,0.018167,1.43725,0.126917,1.586625,5501.586625
poia_webauthn,PoIA with WebAuthn,120,1569,0.001916,0.018417,2.498291,0.137375,2.658667,5502.658667
poia_webauthn,PoIA with WebAuthn,120,1570,0.001667,0.017584,3.502833,0.131875,3.656583,5503.656583
poia_webauthn,PoIA with WebAuthn,120,1571,0.001709,0.017958,1.376959,2.288917,3.688667,5503.688667
poia_webauthn,PoIA with WebAuthn,120,1572,0.001666,0.017666,2.500959,0.131625,2.654625,5502.654625
poia_webauthn,PoIA with WebAuthn,120,1573,0.001792,0.01775,1.767833,0.131,1.921,5501.921
poia_webauthn,PoIA with WebAuthn,120,1574,0.001833,0.017958,2.806417,0.134625,2.963375,5502.963375
poia_webauthn,PoIA with WebAuthn,120,1575,0.001792,0.017667,1.737417,0.144167,1.903791,5501.903791
poia_webauthn,PoIA with WebAuthn,120,1576,0.001708,0.020708,2.451417,1.473625,3.950625,5503.950625
poia_webauthn,PoIA with WebAuthn,120,1577,0.002125,0.01825,2.4325,0.134041,2.589583,5502.589583
poia_webauthn,PoIA with WebAuthn,120,1578,0.00175,0.017875,1.91775,1.790584,3.731125,5503.731125
poia_webauthn,PoIA with WebAuthn,120,1579,0.001666,0.0175,1.227458,0.133292,1.382667,5501.382667
poia_webauthn,PoIA with WebAuthn,120,1580,0.001666,0.017916,3.507209,0.131875,3.661292,5503.661292
poia_webauthn,PoIA with WebAuthn,120,1581,0.00175,0.018042,7.705208,0.127167,7.854667,5507.854667
poia_webauthn,PoIA with WebAuthn,120,1582,0.002,0.018125,1.344042,0.128708,1.495625,5501.495625
poia_webauthn,PoIA with WebAuthn,120,1583,0.002375,0.024584,4.173292,2.911167,7.115083,5507.115083
poia_webauthn,PoIA with WebAuthn,120,1584,0.00175,0.018166,3.530375,0.131292,3.68425,5503.68425
poia_webauthn,PoIA with WebAuthn,120,1585,0.001917,0.021334,1.077333,1.302375,2.406125,5502.406125
poia_webauthn,PoIA with WebAuthn,120,1586,0.001875,0.017625,3.476583,1.764042,5.263292,5505.263292
poia_webauthn,PoIA with WebAuthn,120,1587,0.002208,0.022,2.412292,1.232958,3.672791,5503.672791
poia_webauthn,PoIA with WebAuthn,120,1588,0.00175,0.021792,5.220417,1.436291,6.683292,5506.683292
poia_webauthn,PoIA with WebAuthn,120,1589,0.001583,0.018167,1.353167,0.131709,1.507125,5501.507125
poia_webauthn,PoIA with WebAuthn,120,1590,0.00175,0.017584,2.079625,0.135,2.236667,5502.236667
poia_webauthn,PoIA with WebAuthn,120,1591,0.001791,0.01775,3.648084,1.646417,5.316583,5505.316583
poia_webauthn,PoIA with WebAuthn,120,1592,0.002417,0.021666,1.589292,0.135333,1.751875,5501.751875
poia_webauthn,PoIA with WebAuthn,120,1593,0.002042,0.018083,0.057625,0.118417,0.198291,5500.198291
poia_webauthn,PoIA with WebAuthn,120,1594,0.001834,0.017959,2.071416,0.132917,2.226666,5502.226666
poia_webauthn,PoIA with WebAuthn,120,1595,0.001708,0.018041,1.144625,1.297416,2.464917,5502.464917
poia_webauthn,PoIA with WebAuthn,120,1596,0.0015,0.01725,1.434583,0.137708,1.593584,5501.593584
poia_webauthn,PoIA with WebAuthn,120,1597,0.002125,0.018042,1.042625,0.131166,1.196542,5501.196542
poia_webauthn,PoIA with WebAuthn,120,1598,0.002167,0.022166,4.533917,1.213375,5.774833,5505.774833
poia_webauthn,PoIA with WebAuthn,120,1599,0.001833,0.017958,3.315834,0.133667,3.471959,5503.471959
poia_webauthn,PoIA with WebAuthn,120,1600,0.002541,0.026625,3.424833,0.131,3.588125,5503.588125
poia_webauthn,PoIA with WebAuthn,120,1601,0.002417,0.025833,1.373416,0.134917,1.539333,5501.539333
poia_webauthn,PoIA with WebAuthn,120,1602,0.001709,0.017875,0.056375,0.118292,0.19625,5500.19625
poia_webauthn,PoIA with WebAuthn,120,1603,0.002041,0.020708,3.349,3.677542,7.052292,5507.052292
poia_webauthn,PoIA with WebAuthn,120,1604,0.0015,0.017833,3.085417,0.13175,3.239167,5503.239167
poia_webauthn,PoIA with WebAuthn,120,1605,0.002042,0.017792,1.41825,1.0145,2.45575,5502.45575
poia_webauthn,PoIA with WebAuthn,120,1606,0.001542,0.017416,2.441167,0.131292,2.593209,5502.593209
poia_webauthn,PoIA with WebAuthn,120,1607,0.001916,0.021291,1.579875,0.144042,1.749833,5501.749833
poia_webauthn,PoIA with WebAuthn,120,1608,0.001875,0.017541,0.055792,0.118583,0.195917,5500.195917
poia_webauthn,PoIA with WebAuthn,120,1609,0.00175,0.017584,3.113416,0.132833,3.268083,5503.268083
poia_webauthn,PoIA with WebAuthn,120,1610,0.001959,0.021375,2.955125,0.131917,3.112958,5503.112958
poia_webauthn,PoIA with WebAuthn,120,1611,0.001916,0.017792,3.457833,1.757792,5.238583,5505.238583
poia_webauthn,PoIA with WebAuthn,120,1612,0.001958,0.017958,1.3125,0.129209,1.464167,5501.464167
poia_webauthn,PoIA with WebAuthn,120,1613,0.001709,0.018459,1.727125,1.179625,2.92925,5502.92925
poia_webauthn,PoIA with WebAuthn,120,1614,0.001584,0.017292,3.314916,0.143792,3.480083,5503.480083
poia_webauthn,PoIA with WebAuthn,120,1615,0.001792,0.017791,1.707917,0.133875,1.864083,5501.864083
poia_webauthn,PoIA with WebAuthn,120,1616,0.001958,0.021375,1.916625,0.132834,2.075459,5502.075459
poia_webauthn,PoIA with WebAuthn,120,1617,0.002042,0.02175,1.755209,0.143875,1.925541,5501.925541
poia_webauthn,PoIA with WebAuthn,120,1618,0.002333,0.021916,1.690834,0.149084,1.867375,5501.867375
poia_webauthn,PoIA with WebAuthn,120,1619,0.002041,0.021834,2.753041,1.528083,4.308209,5504.308209
poia_webauthn,PoIA with WebAuthn,120,1620,0.001834,0.02125,2.140458,0.143166,2.309333,5502.309333
poia_webauthn,PoIA with WebAuthn,120,1621,0.00175,0.017875,1.736917,0.14675,1.905959,5501.905959
poia_webauthn,PoIA with WebAuthn,120,1622,0.001709,0.017417,1.330208,1.668459,3.02075,5503.02075
poia_webauthn,PoIA with WebAuthn,120,1623,0.001458,0.017875,2.945792,1.001208,3.969458,5503.969458
poia_webauthn,PoIA with WebAuthn,120,1624,0.001875,0.017958,3.374084,0.137584,3.534125,5503.534125
poia_webauthn,PoIA with WebAuthn,120,1625,0.002458,0.025042,3.561834,1.826916,5.419917,5505.419917
poia_webauthn,PoIA with WebAuthn,120,1626,0.001709,0.017833,3.36425,0.136542,3.523125,5503.523125
poia_webauthn,PoIA with WebAuthn,120,1627,0.001791,0.01775,1.807667,1.273375,3.103792,5503.103792
poia_webauthn,PoIA with WebAuthn,120,1628,0.001959,0.017959,3.618583,0.135666,3.776875,5503.776875
poia_webauthn,PoIA with WebAuthn,120,1629,0.001917,0.0215,1.579792,0.133833,1.739666,5501.739666
poia_webauthn,PoIA with WebAuthn,120,1630,0.001834,0.017959,4.30175,0.132208,4.456375,5504.456375
poia_webauthn,PoIA with WebAuthn,120,1631,0.001791,0.018375,1.306917,0.122875,1.451958,5501.451958
poia_webauthn,PoIA with WebAuthn,120,1632,0.001292,0.017583,3.826542,0.167833,4.016333,5504.016333
poia_webauthn,PoIA with WebAuthn,120,1633,0.002042,0.018917,1.0385,0.1365,1.198541,5501.198541
poia_webauthn,PoIA with WebAuthn,120,1634,0.001916,0.02125,1.371583,0.130583,1.527917,5501.527917
poia_webauthn,PoIA with WebAuthn,120,1635,0.001708,0.017708,1.018334,0.127458,1.167708,5501.167708
poia_webauthn,PoIA with WebAuthn,120,1636,0.001875,0.018333,1.260167,1.7985,3.082041,5503.082041
poia_webauthn,PoIA with WebAuthn,120,1637,0.002041,0.021375,3.51425,0.135834,3.676083,5503.676083
poia_webauthn,PoIA with WebAuthn,120,1638,0.002417,0.04075,1.324875,0.128625,1.499625,5501.499625
poia_webauthn,PoIA with WebAuthn,120,1639,0.001625,0.017708,0.056667,0.154958,0.233458,5500.233458
poia_webauthn,PoIA with WebAuthn,120,1640,0.001833,0.021542,1.048,1.086458,2.160958,5502.160958
poia_webauthn,PoIA with WebAuthn,120,1641,0.002375,0.02475,1.136708,0.134125,1.30075,5501.30075
poia_webauthn,PoIA with WebAuthn,120,1642,0.001709,0.017667,1.461125,1.565083,3.048666,5503.048666
poia_webauthn,PoIA with WebAuthn,120,1643,0.00175,0.017792,3.618292,0.131084,3.771542,5503.771542
poia_webauthn,PoIA with WebAuthn,120,1644,0.001958,0.018375,2.141834,0.130291,2.295,5502.295
poia_webauthn,PoIA with WebAuthn,120,1645,0.001584,0.017708,1.521834,0.131917,1.675875,5501.675875
poia_webauthn,PoIA with WebAuthn,120,1646,0.002125,0.01875,1.87475,0.126875,2.025042,5502.025042
poia_webauthn,PoIA with WebAuthn,120,1647,0.001875,0.017625,3.554542,0.131458,3.708167,5503.708167
poia_webauthn,PoIA with WebAuthn,120,1648,0.001583,0.017917,3.102458,1.330917,4.456,5504.456
poia_webauthn,PoIA with WebAuthn,120,1649,0.001667,0.017584,1.931166,0.131584,2.084584,5502.084584
poia_webauthn,PoIA with WebAuthn,120,1650,0.001667,0.017583,1.663417,0.127125,1.812333,5501.812333
poia_webauthn,PoIA with WebAuthn,120,1651,0.001791,0.017667,0.993916,0.132417,1.148375,5501.148375
poia_webauthn,PoIA with WebAuthn,120,1652,0.001958,0.0175,0.067542,1.42,1.50975,5501.50975
poia_webauthn,PoIA with WebAuthn,120,1653,0.001666,0.017708,1.80225,0.133458,1.95775,5501.95775
poia_webauthn,PoIA with WebAuthn,120,1654,0.002458,0.026584,7.162292,0.116459,7.310208,5507.310208
poia_webauthn,PoIA with WebAuthn,120,1655,0.002,0.021291,1.04725,0.134958,1.208208,5501.208208
poia_webauthn,PoIA with WebAuthn,120,1656,0.001792,0.018042,1.437417,0.131167,1.590959,5501.590959
poia_webauthn,PoIA with WebAuthn,120,1657,0.001666,0.018,5.493375,0.121208,5.636125,5505.636125
poia_webauthn,PoIA with WebAuthn,120,1658,0.001583,0.018042,2.123041,0.131875,2.277042,5502.277042
poia_webauthn,PoIA with WebAuthn,120,1659,0.00175,0.017875,0.056459,0.118959,0.197,5500.197
poia_webauthn,PoIA with WebAuthn,120,1660,0.001875,0.01775,1.046375,2.444417,3.513625,5503.513625
poia_webauthn,PoIA with WebAuthn,120,1661,0.001834,0.02125,6.705417,0.977167,7.708917,5507.708917
poia_webauthn,PoIA with WebAuthn,120,1662,0.001541,0.0285,1.701584,0.136584,1.870917,5501.870917
poia_webauthn,PoIA with WebAuthn,120,1663,0.002375,0.025625,3.785291,0.131208,3.947625,5503.947625
poia_webauthn,PoIA with WebAuthn,120,1664,0.002125,0.021417,3.771083,0.135625,3.932917,5503.932917
poia_webauthn,PoIA with WebAuthn,120,1665,0.0015,0.0175,5.335833,0.134125,5.491458,5505.491458
poia_webauthn,PoIA with WebAuthn,120,1666,0.001583,0.017833,2.826083,0.130625,2.978667,5502.978667
poia_webauthn,PoIA with WebAuthn,120,1667,0.001667,0.017666,12.159625,2.548875,14.730792,5514.730792
poia_webauthn,PoIA with WebAuthn,120,1668,0.001458,0.017708,5.363959,0.128,5.513583,5505.513583
poia_webauthn,PoIA with WebAuthn,120,1669,0.001834,0.017584,2.637666,0.127417,2.787,5502.787
poia_webauthn,PoIA with WebAuthn,120,1670,0.001541,0.0185,2.820083,0.130916,2.984208,5502.984208
poia_webauthn,PoIA with WebAuthn,120,1671,0.001583,0.017625,10.308667,0.128042,10.458417,5510.458417
poia_webauthn,PoIA with WebAuthn,120,1672,0.002041,0.02175,7.98725,2.579375,10.593542,5510.593542
poia_webauthn,PoIA with WebAuthn,120,1673,0.002084,0.01775,6.302125,0.131583,6.456167,5506.456167
poia_webauthn,PoIA with WebAuthn,120,1674,0.00175,0.017958,8.378458,4.441375,12.842542,5512.842542
poia_webauthn,PoIA with WebAuthn,120,1675,0.001625,0.018166,2.037042,0.1305,2.189833,5502.189833
poia_webauthn,PoIA with WebAuthn,120,1676,0.001708,0.017834,2.829375,0.133583,2.985208,5502.985208
poia_webauthn,PoIA with WebAuthn,120,1677,0.001916,0.017833,1.958792,0.136,2.117209,5502.117209
poia_webauthn,PoIA with WebAuthn,120,1678,0.002,0.021625,10.822917,2.543584,13.3925,5513.3925
poia_webauthn,PoIA with WebAuthn,120,1679,0.001708,0.017459,2.78175,0.126666,2.930167,5502.930167
poia_webauthn,PoIA with WebAuthn,120,1680,0.002541,0.023125,7.004458,0.132083,7.165417,5507.165417
poia_webauthn,PoIA with WebAuthn,120,1681,0.001791,0.017792,2.844625,0.1305,2.99725,5502.99725
poia_webauthn,PoIA with WebAuthn,120,1682,0.001708,0.021375,0.056292,0.121875,0.203084,5500.203084
poia_webauthn,PoIA with WebAuthn,120,1683,0.001625,0.017167,5.507916,0.135792,5.665125,5505.665125
poia_webauthn,PoIA with WebAuthn,120,1684,0.001667,0.017417,5.678875,2.051708,7.752625,5507.752625
poia_webauthn,PoIA with WebAuthn,120,1685,0.002083,0.021666,6.192084,2.459208,8.677667,5508.677667
poia_webauthn,PoIA with WebAuthn,120,1686,0.00175,0.017916,2.896416,0.131417,3.050041,5503.050041
poia_webauthn,PoIA with WebAuthn,120,1687,0.001667,0.017708,3.783084,2.133792,5.939291,5505.939291
poia_webauthn,PoIA with WebAuthn,120,1688,0.001708,0.017833,5.704583,0.131209,5.857917,5505.857917
poia_webauthn,PoIA with WebAuthn,120,1689,0.001708,0.017375,3.01625,0.131667,3.1695,5503.1695
poia_webauthn,PoIA with WebAuthn,120,1690,0.001917,0.017916,4.000416,0.132375,4.155166,5504.155166
poia_webauthn,PoIA with WebAuthn,120,1691,0.001541,0.017958,2.930292,5.411125,8.363875,5508.363875
poia_webauthn,PoIA with WebAuthn,120,1692,0.001709,0.017667,7.180542,0.13225,7.334708,5507.334708
poia_webauthn,PoIA with WebAuthn,120,1693,0.001917,0.018417,2.582834,0.130208,2.736,5502.736
poia_webauthn,PoIA with WebAuthn,120,1694,0.001917,0.035833,3.970041,0.146792,4.157375,5504.157375
poia_webauthn,PoIA with WebAuthn,120,1695,0.001792,0.023625,2.71825,5.410416,8.157291,5508.157291
poia_webauthn,PoIA with WebAuthn,120,1696,0.001708,0.017667,5.452333,2.868708,8.343333,5508.343333
poia_webauthn,PoIA with WebAuthn,120,1697,0.001625,0.0175,5.426959,0.131916,5.580459,5505.580459
poia_webauthn,PoIA with WebAuthn,120,1698,0.001625,0.017708,2.818667,0.131167,2.971833,5502.971833
poia_webauthn,PoIA with WebAuthn,120,1699,0.00175,0.018042,9.269167,0.135208,9.426666,5509.426666
poia_webauthn,PoIA with WebAuthn,120,1700,0.001375,0.01725,2.860083,0.127917,3.009125,5503.009125
poia_webauthn,PoIA with WebAuthn,120,1701,0.00175,0.017416,0.055417,0.120917,0.197417,5500.197417
poia_webauthn,PoIA with WebAuthn,120,1702,0.00175,0.017875,2.708667,0.127291,2.858084,5502.858084
poia_webauthn,PoIA with WebAuthn,120,1703,0.001916,0.021125,10.837125,0.130917,10.993667,5510.993667
poia_webauthn,PoIA with WebAuthn,120,1704,0.001958,0.022042,2.770125,0.128125,2.924792,5502.924792
poia_webauthn,PoIA with WebAuthn,120,1705,0.001791,0.017875,3.887584,2.448958,6.359292,5506.359292
poia_webauthn,PoIA with WebAuthn,120,1706,0.001666,0.017459,2.890166,2.624959,5.537375,5505.537375
poia_webauthn,PoIA with WebAuthn,120,1707,0.001625,0.017333,13.466209,4.282708,17.770333,5517.770333
poia_webauthn,PoIA with WebAuthn,120,1708,0.001875,0.017709,3.004291,0.13775,3.164041,5503.164041
poia_webauthn,PoIA with WebAuthn,120,1709,0.002416,0.026209,3.937,0.137875,4.1065,5504.1065
poia_webauthn,PoIA with WebAuthn,120,1710,0.002458,0.022417,0.063292,0.12175,0.212459,5500.212459
poia_webauthn,PoIA with WebAuthn,120,1711,0.002042,0.021917,2.984166,0.13075,3.141542,5503.141542
poia_webauthn,PoIA with WebAuthn,120,1712,0.001708,0.018708,2.939625,0.1315,3.094084,5503.094084
poia_webauthn,PoIA with WebAuthn,120,1713,0.00175,0.017791,5.578084,0.131458,5.731625,5505.731625
poia_webauthn,PoIA with WebAuthn,120,1714,0.002,0.021125,0.061792,1.527583,1.614959,5501.614959
poia_webauthn,PoIA with WebAuthn,120,1715,0.0015,0.018,3.004875,0.131292,3.158125,5503.158125
poia_webauthn,PoIA with WebAuthn,120,1716,0.002042,0.017625,5.4285,0.136833,5.587541,5505.587541
poia_webauthn,PoIA with WebAuthn,120,1717,0.001958,0.025167,1.776541,0.128209,1.934417,5501.934417
poia_webauthn,PoIA with WebAuthn,120,1718,0.001583,0.017625,2.710667,0.127208,2.859584,5502.859584
poia_webauthn,PoIA with WebAuthn,120,1719,0.001709,0.017583,5.740042,0.130708,5.892541,5505.892541
poia_webauthn,PoIA with WebAuthn,120,1720,0.001917,0.017542,2.945875,0.126792,3.094667,5503.094667
poia_webauthn,PoIA with WebAuthn,120,1721,0.001625,0.017542,2.605292,2.932166,5.55975,5505.55975
poia_webauthn,PoIA with WebAuthn,120,1722,0.001625,0.017958,11.508667,0.131667,11.662375,5511.662375
poia_webauthn,PoIA with WebAuthn,120,1723,0.001667,0.017625,3.017834,0.130375,3.170084,5503.170084
poia_webauthn,PoIA with WebAuthn,120,1724,0.00175,0.021042,2.742416,0.134083,2.901708,5502.901708
poia_webauthn,PoIA with WebAuthn,120,1725,0.001916,0.02125,2.850416,0.133791,3.01,5503.01
poia_webauthn,PoIA with WebAuthn,120,1726,0.001792,0.018791,1.820417,0.132041,1.975708,5501.975708
poia_webauthn,PoIA with WebAuthn,120,1727,0.001584,0.017583,11.330667,5.440166,16.792541,5516.792541
poia_webauthn,PoIA with WebAuthn,120,1728,0.001708,0.017459,3.000541,0.131583,3.153916,5503.153916
poia_webauthn,PoIA with WebAuthn,120,1729,0.001584,0.017542,2.878,0.135625,3.035333,5503.035333
poia_webauthn,PoIA with WebAuthn,120,1730,0.002584,0.027375,1.830791,2.131917,3.996291,5503.996291
poia_webauthn,PoIA with WebAuthn,120,1731,0.002,0.024792,2.858583,0.131833,3.019833,5503.019833
poia_webauthn,PoIA with WebAuthn,120,1732,0.001709,0.017834,2.711708,0.127292,2.861083,5502.861083
poia_webauthn,PoIA with WebAuthn,120,1733,0.001667,0.017417,2.486125,0.144458,2.652166,5502.652166
poia_webauthn,PoIA with WebAuthn,120,1734,0.002334,0.022,2.882084,0.131417,3.040375,5503.040375
poia_webauthn,PoIA with WebAuthn,120,1735,0.002417,0.022667,5.730583,0.131125,5.889959,5505.889959
poia_webauthn,PoIA with WebAuthn,120,1736,0.001709,0.017583,2.694917,0.139792,2.8565,5502.8565
poia_webauthn,PoIA with WebAuthn,120,1737,0.001917,0.021958,2.904625,2.85525,5.786791,5505.786791
poia_webauthn,PoIA with WebAuthn,120,1738,0.001708,0.0175,2.930584,0.13125,3.083625,5503.083625
poia_webauthn,PoIA with WebAuthn,120,1739,0.001958,0.021375,10.295959,2.533833,12.856209,5512.856209
poia_webauthn,PoIA with WebAuthn,120,1740,0.001916,0.017667,0.0565,0.114291,0.192166,5500.192166
poia_webauthn,PoIA with WebAuthn,120,1741,0.0025,0.0285,2.915083,5.745542,8.695041,5508.695041
poia_webauthn,PoIA with WebAuthn,120,1742,0.002042,0.017541,5.132458,2.495375,7.650417,5507.650417
poia_webauthn,PoIA with WebAuthn,120,1743,0.001583,0.017541,2.540542,0.131166,2.6935,5502.6935
poia_webauthn,PoIA with WebAuthn,120,1744,0.001875,0.020917,2.883916,3.006541,5.916041,5505.916041
poia_webauthn,PoIA with WebAuthn,120,1745,0.001875,0.017833,2.735209,0.130875,2.88825,5502.88825
poia_webauthn,PoIA with WebAuthn,120,1746,0.00175,0.017542,2.779083,0.127459,2.928375,5502.928375
poia_webauthn,PoIA with WebAuthn,120,1747,0.00225,0.02375,2.623417,0.138375,2.790667,5502.790667
poia_webauthn,PoIA with WebAuthn,120,1748,0.002041,0.021333,1.822375,29.554084,31.402875,5531.402875
poia_webauthn,PoIA with WebAuthn,120,1749,0.002042,0.023541,5.778875,0.13075,5.937875,5505.937875
poia_webauthn,PoIA with WebAuthn,120,1750,0.001917,0.021416,1.97675,0.137417,2.140083,5502.140083
poia_webauthn,PoIA with WebAuthn,120,1751,0.001625,0.017541,5.455209,0.146167,5.623209,5505.623209
poia_webauthn,PoIA with WebAuthn,120,1752,0.001875,0.021583,2.768916,0.142125,2.937083,5502.937083
poia_webauthn,PoIA with WebAuthn,120,1753,0.002084,0.021584,11.765083,0.120791,11.911458,5511.911458
poia_webauthn,PoIA with WebAuthn,120,1754,0.001666,0.017625,1.909584,0.131166,2.062542,5502.062542
poia_webauthn,PoIA with WebAuthn,120,1755,0.001958,0.021125,2.954209,0.130541,3.110292,5503.110292
poia_webauthn,PoIA with WebAuthn,120,1756,0.001625,0.017833,8.600167,0.130542,8.752666,5508.752666
poia_webauthn,PoIA with WebAuthn,120,1757,0.001625,0.017458,5.721125,0.131208,5.873958,5505.873958
poia_webauthn,PoIA with WebAuthn,120,1758,0.001583,0.020375,8.164541,0.132375,8.3215,5508.3215
poia_webauthn,PoIA with WebAuthn,120,1759,0.001958,0.018125,2.793,0.134125,2.949833,5502.949833
poia_webauthn,PoIA with WebAuthn,120,1760,0.002292,0.026083,2.633458,5.469584,8.135,5508.135
poia_webauthn,PoIA with WebAuthn,120,1761,0.002,0.0215,2.485209,5.12675,7.6385,5507.6385
poia_webauthn,PoIA with WebAuthn,120,1762,0.00175,0.01825,1.61775,0.13275,1.773125,5501.773125
poia_webauthn,PoIA with WebAuthn,120,1763,0.001625,0.017416,2.974,0.127333,3.12275,5503.12275
poia_webauthn,PoIA with WebAuthn,120,1764,0.001666,0.0175,2.702042,1.764875,4.489167,5504.489167
poia_webauthn,PoIA with WebAuthn,120,1765,0.001792,0.017708,5.170416,16.759209,21.952084,5521.952084
poia_webauthn,PoIA with WebAuthn,120,1766,0.001834,0.017667,3.116416,0.133542,3.271958,5503.271958
poia_webauthn,PoIA with WebAuthn,120,1767,0.001709,0.017792,2.693958,0.131084,2.847125,5502.847125
poia_webauthn,PoIA with WebAuthn,120,1768,0.001917,0.02175,9.258625,1.841958,11.127416,5511.127416
poia_webauthn,PoIA with WebAuthn,120,1769,0.002041,0.022042,2.070041,0.12375,2.219917,5502.219917
poia_webauthn,PoIA with WebAuthn,120,1770,0.001708,0.017458,6.023959,0.130542,6.176167,5506.176167
poia_webauthn,PoIA with WebAuthn,120,1771,0.001916,0.021292,6.004166,0.127166,6.157042,5506.157042
poia_webauthn,PoIA with WebAuthn,120,1772,0.001625,0.017666,2.819542,0.130958,2.972333,5502.972333
poia_webauthn,PoIA with WebAuthn,120,1773,0.001875,0.024709,5.262542,0.131167,5.422958,5505.422958
poia_webauthn,PoIA with WebAuthn,120,1774,0.002041,0.0215,0.071958,0.119334,0.216875,5500.216875
poia_webauthn,PoIA with WebAuthn,120,1775,0.001667,0.017458,5.7405,8.212334,13.975,5513.975
poia_webauthn,PoIA with WebAuthn,120,1776,0.00175,0.0175,2.888084,0.127,3.036667,5503.036667
poia_webauthn,PoIA with WebAuthn,120,1777,0.001916,0.017792,5.698333,0.152208,5.872833,5505.872833
poia_webauthn,PoIA with WebAuthn,120,1778,0.001833,0.01975,2.281042,0.131125,2.436292,5502.436292
poia_webauthn,PoIA with WebAuthn,120,1779,0.001708,0.01725,5.474916,0.131209,5.627709,5505.627709
poia_webauthn,PoIA with WebAuthn,120,1780,0.001667,0.021,5.695459,2.631583,8.35275,5508.35275
poia_webauthn,PoIA with WebAuthn,120,1781,0.001709,0.0175,2.896083,0.131709,3.049416,5503.049416
poia_webauthn,PoIA with WebAuthn,120,1782,0.001834,0.021209,2.273833,0.146125,2.445667,5502.445667
poia_webauthn,PoIA with WebAuthn,120,1783,0.002,0.021042,3.191125,0.131292,3.348083,5503.348083
poia_webauthn,PoIA with WebAuthn,120,1784,0.00175,0.017458,2.874834,0.146042,3.042667,5503.042667
poia_webauthn,PoIA with WebAuthn,120,1785,0.002042,0.025125,2.711208,0.13425,2.875291,5502.875291
poia_webauthn,PoIA with WebAuthn,120,1786,0.002125,0.021708,8.601292,0.134208,8.762084,5508.762084
poia_webauthn,PoIA with WebAuthn,120,1787,0.001709,0.017583,2.825458,0.131667,2.979083,5502.979083
poia_webauthn,PoIA with WebAuthn,120,1788,0.001834,0.017875,2.416375,0.127416,2.565958,5502.565958
poia_webauthn,PoIA with WebAuthn,120,1789,0.001791,0.017458,2.498333,0.131792,2.651917,5502.651917
poia_webauthn,PoIA with WebAuthn,120,1790,0.001792,0.017542,3.138042,0.127833,3.287667,5503.287667
poia_webauthn,PoIA with WebAuthn,120,1791,0.001667,0.017834,14.89625,0.135083,15.053375,5515.053375
poia_webauthn,PoIA with WebAuthn,120,1792,0.001708,0.017458,2.826667,0.135084,2.983417,5502.983417
poia_webauthn,PoIA with WebAuthn,120,1793,0.001708,0.029125,3.195125,0.132709,3.361459,5503.361459
poia_webauthn,PoIA with WebAuthn,120,1794,0.001917,0.018125,8.855792,2.42575,11.304833,5511.304833
poia_webauthn,PoIA with WebAuthn,120,1795,0.00225,0.024167,2.655292,0.130583,2.815041,5502.815041
poia_webauthn,PoIA with WebAuthn,120,1796,0.001833,0.018417,4.565208,0.134834,4.722834,5504.722834
poia_webauthn,PoIA with WebAuthn,120,1797,0.00175,0.017458,5.801583,0.135333,5.958667,5505.958667
poia_webauthn,PoIA with WebAuthn,120,1798,0.00175,0.021917,3.192583,3.018417,6.237583,5506.237583
poia_webauthn,PoIA with WebAuthn,120,1799,0.002209,0.040541,2.407666,0.135333,2.588917,5502.588917
poia_webauthn,PoIA with WebAuthn,120,1800,0.001625,0.0175,2.744708,0.135375,2.901666,5502.901666
poia_webauthn,PoIA with WebAuthn,120,1801,0.001792,0.017708,10.821583,0.133375,10.977083,5510.977083
poia_webauthn,PoIA with WebAuthn,120,1802,0.001958,0.020958,1.803709,0.134625,1.96375,5501.96375
poia_webauthn,PoIA with WebAuthn,120,1803,0.00175,0.018542,3.193291,0.147,3.363291,5503.363291
poia_webauthn,PoIA with WebAuthn,120,1804,0.002,0.020916,5.319,0.141084,5.485584,5505.485584
poia_webauthn,PoIA with WebAuthn,120,1805,0.001708,0.017959,1.9035,0.130583,2.056292,5502.056292
poia_webauthn,PoIA with WebAuthn,120,1806,0.001541,0.017375,2.85575,0.134417,3.011667,5503.011667
poia_webauthn,PoIA with WebAuthn,120,1807,0.001583,0.021333,3.201,0.134584,3.361167,5503.361167
poia_webauthn,PoIA with WebAuthn,120,1808,0.001917,0.021333,3.171833,0.131125,3.328791,5503.328791
poia_webauthn,PoIA with WebAuthn,120,1809,0.001916,0.018166,5.735958,0.1325,5.891125,5505.891125
poia_webauthn,PoIA with WebAuthn,120,1810,0.001666,0.01775,2.643375,0.135792,2.801208,5502.801208
poia_webauthn,PoIA with WebAuthn,120,1811,0.002041,0.022375,2.738875,0.14625,2.912166,5502.912166
poia_webauthn,PoIA with WebAuthn,120,1812,0.002625,0.027291,1.748292,1.093459,2.875167,5502.875167
poia_webauthn,PoIA with WebAuthn,120,1813,0.001667,0.017417,4.075583,0.130667,4.227917,5504.227917
poia_webauthn,PoIA with WebAuthn,120,1814,0.001917,0.017333,1.036042,0.131292,1.189209,5501.189209
poia_webauthn,PoIA with WebAuthn,120,1815,0.002792,0.027625,0.881792,0.906834,1.82125,5501.82125
poia_webauthn,PoIA with WebAuthn,120,1816,0.001833,0.017584,1.271958,0.131875,1.425959,5501.425959
poia_webauthn,PoIA with WebAuthn,120,1817,0.001792,0.017875,2.5735,0.133334,2.729083,5502.729083
poia_webauthn,PoIA with WebAuthn,120,1818,0.001625,0.017167,1.443125,1.39675,2.862,5502.862
poia_webauthn,PoIA with WebAuthn,120,1819,0.001667,0.017584,1.02675,0.128375,1.176916,5501.176916
poia_webauthn,PoIA with WebAuthn,120,1820,0.001709,0.017833,1.624167,0.135959,1.782208,5501.782208
poia_webauthn,PoIA with WebAuthn,120,1821,0.001709,0.017667,0.975834,0.131792,1.129666,5501.129666
poia_webauthn,PoIA with WebAuthn,120,1822,0.001875,0.017917,1.75875,0.1315,1.912541,5501.912541
poia_webauthn,PoIA with WebAuthn,120,1823,0.001584,0.017417,0.940917,0.130292,1.092875,5501.092875
poia_webauthn,PoIA with WebAuthn,120,1824,0.00175,0.017375,3.309209,0.131,3.461916,5503.461916
poia_webauthn,PoIA with WebAuthn,120,1825,0.001875,0.018167,1.136916,0.151917,1.311583,5501.311583
poia_webauthn,PoIA with WebAuthn,120,1826,0.001958,0.018875,1.258958,0.151042,1.433459,5501.433459
poia_webauthn,PoIA with WebAuthn,120,1827,0.001667,0.017583,0.967709,0.134584,1.137667,5501.137667
poia_webauthn,PoIA with WebAuthn,120,1828,0.001959,0.021667,0.851083,0.133834,1.011167,5501.011167
poia_webauthn,PoIA with WebAuthn,120,1829,0.001958,0.017625,1.311084,0.51025,1.843625,5501.843625
poia_webauthn,PoIA with WebAuthn,120,1830,0.001792,0.017292,0.937,0.13075,1.089542,5501.089542
poia_webauthn,PoIA with WebAuthn,120,1831,0.002584,0.026042,0.928875,0.132208,1.092667,5501.092667
poia_webauthn,PoIA with WebAuthn,120,1832,0.002125,0.01975,0.74825,1.506625,2.28,5502.28
poia_webauthn,PoIA with WebAuthn,120,1833,0.001667,0.018459,1.445708,1.115292,2.584291,5502.584291
poia_webauthn,PoIA with WebAuthn,120,1834,0.00275,0.024375,0.250459,0.14425,0.425083,5500.425083
poia_webauthn,PoIA with WebAuthn,120,1835,0.001833,0.017625,2.423834,0.146833,2.592625,5502.592625
poia_webauthn,PoIA with WebAuthn,120,1836,0.002084,0.018916,1.508792,2.896458,4.429458,5504.429458
poia_webauthn,PoIA with WebAuthn,120,1837,0.001792,0.017875,1.648916,0.147417,1.818583,5501.818583
poia_webauthn,PoIA with WebAuthn,120,1838,0.002042,0.021458,0.934084,0.133,1.093209,5501.093209
poia_webauthn,PoIA with WebAuthn,120,1839,0.002375,0.019875,0.059417,1.221875,1.306292,5501.306292
poia_webauthn,PoIA with WebAuthn,120,1840,0.002333,0.022542,1.245958,1.130542,2.405209,5502.405209
poia_webauthn,PoIA with WebAuthn,120,1841,0.00175,0.021083,7.673,0.130083,7.828542,5507.828542
poia_webauthn,PoIA with WebAuthn,120,1842,0.001958,0.017375,0.975292,1.015916,2.01375,5502.01375
poia_webauthn,PoIA with WebAuthn,120,1843,0.001375,0.017916,0.823917,1.260792,2.106958,5502.106958
poia_webauthn,PoIA with WebAuthn,120,1844,0.002083,0.021167,1.081,0.12275,1.228959,5501.228959
poia_webauthn,PoIA with WebAuthn,120,1845,0.001875,0.017917,3.216875,0.126541,3.36575,5503.36575
poia_webauthn,PoIA with WebAuthn,120,1846,0.001834,0.018709,0.726084,1.001834,1.751625,5501.751625
poia_webauthn,PoIA with WebAuthn,120,1847,0.001916,0.019541,2.335084,0.130292,2.489333,5502.489333
poia_webauthn,PoIA with WebAuthn,120,1848,0.001375,0.017375,2.784041,0.120042,2.924625,5502.924625
poia_webauthn,PoIA with WebAuthn,120,1849,0.001459,0.017875,3.620709,1.582167,5.224792,5505.224792
poia_webauthn,PoIA with WebAuthn,120,1850,0.002375,0.022541,1.927625,1.025041,2.981334,5502.981334
poia_webauthn,PoIA with WebAuthn,120,1851,0.002,0.021459,0.062084,0.120417,0.207959,5500.207959
poia_webauthn,PoIA with WebAuthn,120,1852,0.001708,0.018458,1.176459,0.737417,1.937125,5501.937125
poia_webauthn,PoIA with WebAuthn,120,1853,0.001958,0.023,0.432208,1.040084,1.500417,5501.500417
poia_webauthn,PoIA with WebAuthn,120,1854,0.001708,0.017209,1.271583,1.200125,2.49375,5502.49375
poia_webauthn,PoIA with WebAuthn,120,1855,0.001625,0.01725,1.094541,0.135708,1.25175,5501.25175
poia_webauthn,PoIA with WebAuthn,120,1856,0.001917,0.017917,1.596416,1.511125,3.130625,5503.130625
poia_webauthn,PoIA with WebAuthn,120,1857,0.001666,0.018292,0.933541,0.648792,1.605542,5501.605542
poia_webauthn,PoIA with WebAuthn,120,1858,0.0025,0.026042,5.5305,0.145625,5.707792,5505.707792
poia_webauthn,PoIA with WebAuthn,120,1859,0.002292,0.024417,1.829875,0.131334,1.990542,5501.990542
poia_webauthn,PoIA with WebAuthn,120,1860,0.002042,0.0215,1.240167,0.138375,1.404833,5501.404833
poia_webauthn,PoIA with WebAuthn,120,1861,0.0025,0.026041,1.176583,0.131959,1.339833,5501.339833
poia_webauthn,PoIA with WebAuthn,120,1862,0.001667,0.01725,0.977542,1.040625,2.040375,5502.040375
poia_webauthn,PoIA with WebAuthn,120,1863,0.001666,0.017416,1.469375,18.540708,20.032417,5520.032417
poia_webauthn,PoIA with WebAuthn,120,1864,0.002042,0.021125,1.71425,1.269625,3.01025,5503.01025
poia_webauthn,PoIA with WebAuthn,120,1865,0.001833,0.01825,0.773958,0.876666,1.687792,5501.687792
poia_webauthn,PoIA with WebAuthn,120,1866,0.00175,0.017583,3.366084,0.131292,3.519375,5503.519375
poia_webauthn,PoIA with WebAuthn,120,1867,0.001709,0.018375,1.132041,1.000625,2.157917,5502.157917
poia_webauthn,PoIA with WebAuthn,120,1868,0.002208,0.021208,0.586041,0.74,1.352958,5501.352958
poia_webauthn,PoIA with WebAuthn,120,1869,0.001667,0.017625,1.018666,0.149125,1.189708,5501.189708
poia_webauthn,PoIA with WebAuthn,120,1870,0.001666,0.017375,1.614125,0.126792,1.762584,5501.762584
poia_webauthn,PoIA with WebAuthn,120,1871,0.001875,0.01775,1.379375,1.495375,2.897541,5502.897541
poia_webauthn,PoIA with WebAuthn,120,1872,0.002083,0.022834,0.634166,0.132625,0.794292,5500.794292
poia_webauthn,PoIA with WebAuthn,120,1873,0.00175,0.018,1.262208,0.143167,1.427875,5501.427875
poia_webauthn,PoIA with WebAuthn,120,1874,0.001917,0.021917,2.50525,0.134875,2.666708,5502.666708
poia_webauthn,PoIA with WebAuthn,120,1875,0.001792,0.0175,2.076958,1.154708,3.254083,5503.254083
poia_webauthn,PoIA with WebAuthn,120,1876,0.002584,0.023458,0.650125,0.762709,1.442667,5501.442667
poia_webauthn,PoIA with WebAuthn,120,1877,0.001667,0.0175,3.959667,0.130708,4.112125,5504.112125
poia_webauthn,PoIA with WebAuthn,120,1878,0.00175,0.017959,1.556208,1.5195,3.098584,5503.098584
poia_webauthn,PoIA with WebAuthn,120,1879,0.002458,0.027125,9.414916,0.136,9.583791,5509.583791
poia_webauthn,PoIA with WebAuthn,120,1880,0.001625,0.02,1.708625,0.130375,1.863292,5501.863292
poia_webauthn,PoIA with WebAuthn,120,1881,0.001833,0.019041,1.936375,0.131334,2.091334,5502.091334
poia_webauthn,PoIA with WebAuthn,120,1882,0.002417,0.026,2.011833,2.786875,4.830583,5504.830583
poia_webauthn,PoIA with WebAuthn,120,1883,0.001625,0.017917,0.613375,0.137708,0.7735,5500.7735
poia_webauthn,PoIA with WebAuthn,120,1884,0.001791,0.017875,1.204208,0.131792,1.358208,5501.358208
poia_webauthn,PoIA with WebAuthn,120,1885,0.002291,0.031125,0.554,0.140041,0.7305,5500.7305
poia_webauthn,PoIA with WebAuthn,120,1886,0.001959,0.030292,3.162625,1.662542,4.860708,5504.860708
poia_webauthn,PoIA with WebAuthn,120,1887,0.002541,0.021791,0.642208,0.506125,1.175375,5501.175375
poia_webauthn,PoIA with WebAuthn,120,1888,0.00175,0.017833,5.597667,1.588584,7.209125,5507.209125
poia_webauthn,PoIA with WebAuthn,120,1889,0.002583,0.026,2.073917,0.13175,2.23725,5502.23725
poia_webauthn,PoIA with WebAuthn,120,1890,0.001667,0.017333,0.971,0.142791,1.1355,5501.1355
poia_webauthn,PoIA with WebAuthn,120,1891,0.001708,0.017708,1.388417,0.843084,2.253292,5502.253292
poia_webauthn,PoIA with WebAuthn,120,1892,0.001792,0.017875,1.649459,0.156833,1.828667,5501.828667
poia_webauthn,PoIA with WebAuthn,120,1893,0.001583,0.017875,0.666625,0.13175,0.820459,5500.820459
poia_webauthn,PoIA with WebAuthn,120,1894,0.001917,0.020834,2.870792,0.116791,3.012083,5503.012083
poia_webauthn,PoIA with WebAuthn,120,1895,0.001792,0.018417,1.08925,1.251791,2.364334,5502.364334
poia_webauthn,PoIA with WebAuthn,120,1896,0.001666,0.018083,1.942292,0.152584,2.117083,5502.117083
poia_webauthn,PoIA with WebAuthn,120,1897,0.002583,0.030458,0.731666,0.563875,1.332208,5501.332208
poia_webauthn,PoIA with WebAuthn,120,1898,0.002083,0.024042,1.214584,0.137125,1.380583,5501.380583
poia_webauthn,PoIA with WebAuthn,120,1899,0.001666,0.017375,1.330542,1.558291,2.911125,5502.911125
poia_webauthn,PoIA with WebAuthn,120,1900,0.002042,0.021958,1.218542,0.131792,1.376917,5501.376917
poia_webauthn,PoIA with WebAuthn,120,1901,0.002416,0.02225,1.40325,0.135083,1.566042,5501.566042
poia_webauthn,PoIA with WebAuthn,120,1902,0.001709,0.018667,2.839125,0.133041,2.994375,5502.994375
poia_webauthn,PoIA with WebAuthn,120,1903,0.001958,0.021625,1.081,0.131708,1.238959,5501.238959
poia_webauthn,PoIA with WebAuthn,120,1904,0.001791,0.018167,0.930208,0.130791,1.083542,5501.083542
poia_webauthn,PoIA with WebAuthn,120,1905,0.001958,0.032791,1.051584,0.131,1.220083,5501.220083
poia_webauthn,PoIA with WebAuthn,120,1906,0.001583,0.01725,1.943625,0.135,2.100042,5502.100042
poia_webauthn,PoIA with WebAuthn,120,1907,0.002042,0.025416,0.716334,0.140083,0.8865,5500.8865
poia_webauthn,PoIA with WebAuthn,120,1908,0.001708,0.017333,1.018208,1.266584,2.307,5502.307
poia_webauthn,PoIA with WebAuthn,120,1909,0.001834,0.02125,1.107292,0.13425,1.267291,5501.267291
poia_webauthn,PoIA with WebAuthn,120,1910,0.00225,0.021958,0.650458,0.88225,1.560083,5501.560083
poia_webauthn,PoIA with WebAuthn,120,1911,0.001583,0.017625,1.567375,2.2335,3.823,5503.823
poia_webauthn,PoIA with WebAuthn,120,1912,0.001875,0.021792,1.019583,0.148375,1.194375,5501.194375
poia_webauthn,PoIA with WebAuthn,120,1913,0.002,0.019208,0.883,0.136917,1.043833,5501.043833
poia_webauthn,PoIA with WebAuthn,120,1914,0.001833,0.017375,3.77475,0.130875,3.9275,5503.9275
poia_webauthn,PoIA with WebAuthn,120,1915,0.0025,0.022667,1.662666,0.130875,1.822083,5501.822083
poia_webauthn,PoIA with WebAuthn,120,1916,0.002208,0.018875,1.224208,0.133625,1.38175,5501.38175
poia_webauthn,PoIA with WebAuthn,120,1917,0.0025,0.0225,1.490083,0.134792,1.653125,5501.653125
poia_webauthn,PoIA with WebAuthn,120,1918,0.001625,0.017833,4.382209,0.131666,4.535875,5504.535875
poia_webauthn,PoIA with WebAuthn,120,1919,0.002584,0.023625,0.616625,0.607709,1.254208,5501.254208
poia_webauthn,PoIA with WebAuthn,120,1920,0.001708,0.017583,1.591542,0.133542,1.747042,5501.747042
poia_webauthn,PoIA with WebAuthn,120,1921,0.002416,0.022291,0.884917,0.897083,1.810416,5501.810416
poia_webauthn,PoIA with WebAuthn,120,1922,0.001625,0.017292,0.95075,0.133,1.105333,5501.105333
poia_webauthn,PoIA with WebAuthn,120,1923,0.001958,0.021375,0.095375,1.444416,1.566125,5501.566125
poia_webauthn,PoIA with WebAuthn,120,1924,0.001417,0.01725,0.053542,0.121083,0.195125,5500.195125
poia_webauthn,PoIA with WebAuthn,120,1925,0.0025,0.025292,1.321416,0.128334,1.480708,5501.480708
poia_webauthn,PoIA with WebAuthn,120,1926,0.001917,0.021292,1.379166,1.102791,2.508375,5502.508375
poia_webauthn,PoIA with WebAuthn,120,1927,0.002,0.021458,0.929709,0.173875,1.130167,5501.130167
poia_webauthn,PoIA with WebAuthn,120,1928,0.001625,0.0175,1.428833,1.101542,2.552417,5502.552417
poia_webauthn,PoIA with WebAuthn,120,1929,0.001666,0.017708,1.49075,0.127875,1.640542,5501.640542
poia_webauthn,PoIA with WebAuthn,120,1930,0.002167,0.021667,1.056083,0.145625,1.228167,5501.228167
poia_webauthn,PoIA with WebAuthn,120,1931,0.001917,0.017417,4.9025,0.130583,5.055042,5505.055042
poia_webauthn,PoIA with WebAuthn,120,1932,0.002458,0.026667,1.71525,2.714167,4.462333,5504.462333
poia_webauthn,PoIA with WebAuthn,120,1933,0.001666,0.017958,4.038666,0.130375,4.19125,5504.19125
poia_webauthn,PoIA with WebAuthn,120,1934,0.002042,0.021417,1.39725,0.142666,1.565875,5501.565875
poia_webauthn,PoIA with WebAuthn,120,1935,0.001834,0.018417,3.801458,1.362375,5.187167,5505.187167
poia_webauthn,PoIA with WebAuthn,120,1936,0.001667,0.017292,1.596375,0.133708,1.751667,5501.751667
poia_webauthn,PoIA with WebAuthn,120,1937,0.00225,0.021291,1.521292,0.858833,2.406042,5502.406042
poia_webauthn,PoIA with WebAuthn,120,1938,0.002,0.021375,1.535208,0.135541,1.69675,5501.69675
poia_webauthn,PoIA with WebAuthn,120,1939,0.00175,0.017458,1.486167,0.131083,1.639084,5501.639084
poia_webauthn,PoIA with WebAuthn,120,1940,0.016959,0.022917,1.271041,0.135791,1.4495,5501.4495
poia_webauthn,PoIA with WebAuthn,120,1941,0.001792,0.0185,1.043,0.135833,1.20175,5501.20175
poia_webauthn,PoIA with WebAuthn,120,1942,0.0015,0.01775,1.125084,0.127042,1.273834,5501.273834
poia_webauthn,PoIA with WebAuthn,120,1943,0.001708,0.017958,4.442875,0.131917,4.596958,5504.596958
poia_webauthn,PoIA with WebAuthn,120,1944,0.00175,0.018125,6.156208,0.135375,6.314125,5506.314125
poia_webauthn,PoIA with WebAuthn,120,1945,0.001708,0.017417,7.727625,0.128333,7.877667,5507.877667
poia_webauthn,PoIA with WebAuthn,120,1946,0.0025,0.022417,1.577083,0.134416,1.739625,5501.739625
poia_webauthn,PoIA with WebAuthn,120,1947,0.001959,0.020875,8.153583,0.128083,8.307125,5508.307125
poia_webauthn,PoIA with WebAuthn,120,1948,0.001958,0.017875,1.190834,0.131916,1.345167,5501.345167
poia_webauthn,PoIA with WebAuthn,120,1949,0.0015,0.01725,1.31175,3.471333,4.804958,5504.804958
poia_webauthn,PoIA with WebAuthn,120,1950,0.001792,0.017959,1.537583,0.874291,2.434125,5502.434125
poia_webauthn,PoIA with WebAuthn,120,1951,0.002,0.021375,0.069625,0.120834,0.215958,5500.215958
poia_webauthn,PoIA with WebAuthn,120,1952,0.001625,0.01725,1.544958,0.131625,1.698041,5501.698041
poia_webauthn,PoIA with WebAuthn,120,1953,0.001917,0.021542,5.03275,0.12225,5.180625,5505.180625
poia_webauthn,PoIA with WebAuthn,120,1954,0.001666,0.017417,3.188125,0.13125,3.340959,5503.340959
poia_webauthn,PoIA with WebAuthn,120,1955,0.002083,0.021833,1.066708,0.13525,1.228459,5501.228459
poia_webauthn,PoIA with WebAuthn,120,1956,0.002,0.022167,0.990708,0.930834,1.948833,5501.948833
poia_webauthn,PoIA with WebAuthn,120,1957,0.001958,0.018458,1.644125,3.858708,5.5265,5505.5265
poia_webauthn,PoIA with WebAuthn,120,1958,0.002583,0.022625,1.040667,0.674708,1.743875,5501.743875
poia_webauthn,PoIA with WebAuthn,120,1959,0.002083,0.0215,3.126792,0.650333,3.804,5503.804
poia_webauthn,PoIA with WebAuthn,120,1960,0.002333,0.022875,0.746041,1.666334,2.441541,5502.441541
poia_webauthn,PoIA with WebAuthn,120,1961,0.001792,0.018792,0.486458,0.131833,0.6415,5500.6415
poia_webauthn,PoIA with WebAuthn,120,1962,0.001833,0.018166,5.565084,0.130583,5.71825,5505.71825
poia_webauthn,PoIA with WebAuthn,120,1963,0.002041,0.022291,1.449833,0.137416,1.614292,5501.614292
poia_webauthn,PoIA with WebAuthn,120,1964,0.002042,0.018292,0.76375,0.146667,0.935541,5500.935541
poia_webauthn,PoIA with WebAuthn,120,1965,0.001625,0.0175,2.291792,0.127834,2.441375,5502.441375
poia_webauthn,PoIA with WebAuthn,120,1966,0.002292,0.023958,2.579125,0.782541,3.391291,5503.391291
poia_webauthn,PoIA with WebAuthn,120,1967,0.002041,0.022666,0.612792,0.578167,1.218958,5501.218958
poia_webauthn,PoIA with WebAuthn,120,1968,0.001875,0.018292,1.743625,7.787791,9.554875,5509.554875
poia_webauthn,PoIA with WebAuthn,120,1969,0.002042,0.021709,1.407333,0.163916,1.597666,5501.597666
poia_webauthn,PoIA with WebAuthn,120,1970,0.00175,0.017833,1.114083,0.138042,1.274292,5501.274292
poia_webauthn,PoIA with WebAuthn,120,1971,0.002,0.022042,0.064666,0.121375,0.212084,5500.212084
poia_webauthn,PoIA with WebAuthn,120,1972,0.002334,0.023042,0.74875,0.128625,0.905958,5500.905958
poia_webauthn,PoIA with WebAuthn,120,1973,0.002334,0.021917,1.447875,0.135292,1.610667,5501.610667
poia_webauthn,PoIA with WebAuthn,120,1974,0.002375,0.065833,1.009333,0.9225,2.003791,5502.003791
poia_webauthn,PoIA with WebAuthn,120,1975,0.001708,0.018833,0.756458,0.132125,0.91175,5500.91175
poia_webauthn,PoIA with WebAuthn,120,1976,0.002125,0.022583,1.043167,0.143542,1.214,5501.214
poia_webauthn,PoIA with WebAuthn,120,1977,0.001709,0.019292,1.135125,3.186167,4.345,5504.345
poia_webauthn,PoIA with WebAuthn,120,1978,0.001833,0.01875,1.176083,0.1345,1.333792,5501.333792
poia_webauthn,PoIA with WebAuthn,120,1979,0.002209,0.026333,0.951958,0.138625,1.122208,5501.122208
poia_webauthn,PoIA with WebAuthn,120,1980,0.002583,0.025042,1.677333,0.132042,1.84025,5501.84025
poia_webauthn,PoIA with WebAuthn,120,1981,0.001791,0.018542,0.656833,0.994667,1.675042,5501.675042
poia_webauthn,PoIA with WebAuthn,120,1982,0.001917,0.02175,5.686542,0.131125,5.843916,5505.843916
poia_webauthn,PoIA with WebAuthn,120,1983,0.001792,0.030209,0.0615,0.1245,0.220292,5500.220292
poia_webauthn,PoIA with WebAuthn,120,1984,0.001833,0.017292,1.398583,1.673,3.093959,5503.093959
poia_webauthn,PoIA with WebAuthn,120,1985,0.00175,0.018,1.610167,0.134833,1.76725,5501.76725
poia_webauthn,PoIA with WebAuthn,120,1986,0.00175,0.017875,1.209916,0.128791,1.360875,5501.360875
poia_webauthn,PoIA with WebAuthn,120,1987,0.001625,0.028375,1.423625,0.131792,1.58825,5501.58825
poia_webauthn,PoIA with WebAuthn,120,1988,0.002625,0.042125,1.493916,0.129125,1.671125,5501.671125
poia_webauthn,PoIA with WebAuthn,120,1989,0.002,0.022125,0.061875,0.119584,0.207541,5500.207541
poia_webauthn,PoIA with WebAuthn,120,1990,0.001959,0.021042,1.95075,0.130833,2.107291,5502.107291
poia_webauthn,PoIA with WebAuthn,120,1991,0.001958,0.021041,1.246209,1.196292,2.468667,5502.468667
poia_webauthn,PoIA with WebAuthn,120,1992,0.001625,0.017708,1.513709,0.144166,1.679833,5501.679833
poia_webauthn,PoIA with WebAuthn,120,1993,0.001833,0.01825,3.472417,0.13,3.625042,5503.625042
poia_webauthn,PoIA with WebAuthn,120,1994,0.001875,0.018375,0.596791,0.133958,0.753625,5500.753625
poia_webauthn,PoIA with WebAuthn,120,1995,0.002083,0.0215,1.338125,0.127791,1.492167,5501.492167
poia_webauthn,PoIA with WebAuthn,120,1996,0.001792,0.017167,1.019125,0.130708,1.1715,5501.1715
poia_webauthn,PoIA with WebAuthn,120,1997,0.001959,0.018208,3.276833,0.137792,3.437416,5503.437416
poia_webauthn,PoIA with WebAuthn,120,1998,0.001875,0.022042,0.522333,1.376458,1.926,5501.926
poia_webauthn,PoIA with WebAuthn,120,1999,0.002083,0.021916,0.541334,0.619542,1.188,5501.188
poia_webauthn,PoIA with WebAuthn,120,2000,0.002125,0.024208,0.56025,0.139,0.728084,5500.728084
poia_webauthn,PoIA with WebAuthn,120,2001,0.002375,0.025208,1.272583,0.1305,1.433625,5501.433625
poia_webauthn,PoIA with WebAuthn,120,2002,0.002,0.022583,1.352208,0.135833,1.515375,5501.515375
poia_webauthn,PoIA with WebAuthn,120,2003,0.001833,0.017916,1.110875,0.13075,1.263917,5501.263917
poia_webauthn,PoIA with WebAuthn,120,2004,0.001791,0.018375,0.750291,0.130417,0.903375,5500.903375
poia_webauthn,PoIA with WebAuthn,120,2005,0.002583,0.027583,0.721584,0.159584,0.914834,5500.914834
poia_webauthn,PoIA with WebAuthn,120,2006,0.001792,0.020667,1.228208,0.131459,1.384917,5501.384917
poia_webauthn,PoIA with WebAuthn,120,2007,0.002166,0.033083,1.553458,0.156084,1.747792,5501.747792
poia_webauthn,PoIA with WebAuthn,120,2008,0.002792,0.030917,1.792542,0.139875,1.969334,5501.969334
poia_webauthn,PoIA with WebAuthn,120,2009,0.001625,0.017833,1.326917,0.133833,1.482833,5501.482833
poia_webauthn,PoIA with WebAuthn,120,2010,0.00175,0.017625,1.478208,1.507,3.00775,5503.00775
poia_webauthn,PoIA with WebAuthn,120,2011,0.001792,0.017625,2.916916,0.1425,3.081458,5503.081458
poia_webauthn,PoIA with WebAuthn,120,2012,0.001625,0.017375,1.482834,1.625417,3.130417,5503.130417
poia_webauthn,PoIA with WebAuthn,120,2013,0.001334,0.017458,1.491084,0.127459,1.639791,5501.639791
poia_webauthn,PoIA with WebAuthn,120,2014,0.001917,0.021542,1.827375,2.425708,4.279125,5504.279125
poia_webauthn,PoIA with WebAuthn,120,2015,0.001958,0.0195,0.582459,0.141541,0.748291,5500.748291
poia_webauthn,PoIA with WebAuthn,120,2016,0.002417,0.025291,3.278458,0.13425,3.443541,5503.443541
poia_webauthn,PoIA with WebAuthn,120,2017,0.001916,0.017917,1.374875,1.589917,2.987958,5502.987958
poia_webauthn,PoIA with WebAuthn,120,2018,0.001833,0.018334,1.040958,0.1335,1.197166,5501.197166
poia_webauthn,PoIA with WebAuthn,120,2019,0.002083,0.023542,0.522833,0.661041,1.21275,5501.21275
poia_webauthn,PoIA with WebAuthn,120,2020,0.001375,0.017333,1.986917,2.824167,4.832833,5504.832833
poia_webauthn,PoIA with WebAuthn,120,2021,0.002375,0.026542,1.1285,0.141792,1.301917,5501.301917
poia_webauthn,PoIA with WebAuthn,120,2022,0.001834,0.017625,3.682625,0.135334,3.840041,5503.840041
poia_webauthn,PoIA with WebAuthn,120,2023,0.002,0.03425,0.983708,0.934042,1.957291,5501.957291
poia_webauthn,PoIA with WebAuthn,120,2024,0.001917,0.021584,2.001666,0.55625,2.5845,5502.5845
poia_webauthn,PoIA with WebAuthn,120,2025,0.001708,0.017542,1.902916,0.131583,2.056333,5502.056333
poia_webauthn,PoIA with WebAuthn,120,2026,0.001917,0.022292,0.555416,0.7615,1.344375,5501.344375
poia_webauthn,PoIA with WebAuthn,120,2027,0.00225,0.021375,1.181583,0.131083,1.339042,5501.339042
poia_webauthn,PoIA with WebAuthn,120,2028,0.001708,0.017541,5.081666,0.13325,5.236625,5505.236625
poia_webauthn,PoIA with WebAuthn,120,2029,0.0015,0.0175,2.763375,1.739125,4.5245,5504.5245
poia_webauthn,PoIA with WebAuthn,120,2030,0.001834,0.017667,1.598792,0.130333,1.751125,5501.751125
poia_webauthn,PoIA with WebAuthn,120,2031,0.003209,0.026917,0.663,0.133458,0.829625,5500.829625
poia_webauthn,PoIA with WebAuthn,120,2032,0.001667,0.017791,6.304625,0.13675,6.463458,5506.463458
poia_webauthn,PoIA with WebAuthn,120,2033,0.001708,0.018459,0.674041,0.905,1.602458,5501.602458
poia_webauthn,PoIA with WebAuthn,120,2034,0.001791,0.018333,2.732083,1.423167,4.178625,5504.178625
poia_webauthn,PoIA with WebAuthn,120,2035,0.001917,0.017416,1.295625,0.171833,1.489958,5501.489958
poia_webauthn,PoIA with WebAuthn,120,2036,0.002417,0.039292,1.340625,0.130583,1.516667,5501.516667
poia_webauthn,PoIA with WebAuthn,120,2037,0.002,0.021958,6.592458,0.133917,6.753041,5506.753041
poia_webauthn,PoIA with WebAuthn,120,2038,0.001708,0.018541,1.212209,0.138708,1.373834,5501.373834
poia_webauthn,PoIA with WebAuthn,120,2039,0.001917,0.021333,0.991208,0.13575,1.153,5501.153
poia_webauthn,PoIA with WebAuthn,120,2040,0.001666,0.01725,0.057459,0.119209,0.197458,5500.197458
poia_webauthn,PoIA with WebAuthn,120,2041,0.00175,0.017375,3.178709,0.126875,3.327334,5503.327334
poia_webauthn,PoIA with WebAuthn,120,2042,0.001625,0.017334,1.505791,0.130583,1.658,5501.658
poia_webauthn,PoIA with WebAuthn,120,2043,0.00175,0.018541,0.62525,0.132083,0.78025,5500.78025
poia_webauthn,PoIA with WebAuthn,120,2044,0.001791,0.017417,2.719125,0.130916,2.871959,5502.871959
poia_webauthn,PoIA with WebAuthn,120,2045,0.002209,0.021333,1.320084,0.1315,1.477791,5501.477791
poia_webauthn,PoIA with WebAuthn,120,2046,0.002583,0.025625,0.80275,0.811792,1.646458,5501.646458
poia_webauthn,PoIA with WebAuthn,120,2047,0.001875,0.0175,2.723667,1.162958,3.909083,5503.909083
poia_webauthn,PoIA with WebAuthn,120,2048,0.002,0.022375,1.883292,0.147,2.057292,5502.057292
poia_webauthn,PoIA with WebAuthn,120,2049,0.00175,0.019167,0.821167,0.131917,0.976625,5500.976625
poia_webauthn,PoIA with WebAuthn,120,2050,0.001792,0.018292,0.928042,0.127209,1.078125,5501.078125
poia_webauthn,PoIA with WebAuthn,120,2051,0.001833,0.017458,1.205625,0.130583,1.358084,5501.358084
poia_webauthn,PoIA with WebAuthn,120,2052,0.002,0.03225,3.134167,0.146792,3.318,5503.318
poia_webauthn,PoIA with WebAuthn,120,2053,0.00175,0.017542,3.262333,2.007042,5.291792,5505.291792
poia_webauthn,PoIA with WebAuthn,120,2054,0.002,0.021458,1.97475,0.632416,2.633833,5502.633833
poia_webauthn,PoIA with WebAuthn,120,2055,0.001666,0.017625,1.466666,0.130917,1.619458,5501.619458
poia_webauthn,PoIA with WebAuthn,120,2056,0.002,0.018292,1.401625,0.132208,1.55675,5501.55675
poia_webauthn,PoIA with WebAuthn,120,2057,0.002,0.017958,1.50875,0.131833,1.66325,5501.66325
poia_webauthn,PoIA with WebAuthn,120,2058,0.001667,0.017209,1.719375,0.142291,1.883208,5501.883208
poia_webauthn,PoIA with WebAuthn,120,2059,0.001833,0.02125,1.438667,0.146625,1.611042,5501.611042
poia_webauthn,PoIA with WebAuthn,120,2060,0.001833,0.018417,0.057916,2.943959,3.024208,5503.024208
poia_webauthn,PoIA with WebAuthn,120,2061,0.001875,0.019416,1.0315,0.686333,1.742292,5501.742292
poia_webauthn,PoIA with WebAuthn,120,2062,0.001667,0.017542,1.022083,0.13375,1.177541,5501.177541
poia_webauthn,PoIA with WebAuthn,120,2063,0.002375,0.023042,1.127833,1.029791,2.186792,5502.186792
poia_webauthn,PoIA with WebAuthn,120,2064,0.001375,0.01825,1.542708,0.141792,1.706,5501.706
poia_webauthn,PoIA with WebAuthn,120,2065,0.001875,0.01775,1.010375,1.09775,2.130792,5502.130792
poia_webauthn,PoIA with WebAuthn,120,2066,0.00175,0.017625,1.444625,1.415958,2.883125,5502.883125
poia_webauthn,PoIA with WebAuthn,120,2067,0.001791,0.018583,1.042334,0.134584,1.2,5501.2
poia_webauthn,PoIA with WebAuthn,120,2068,0.001833,0.017875,1.515375,0.131667,1.669333,5501.669333
poia_webauthn,PoIA with WebAuthn,120,2069,0.002,0.02475,0.65425,0.74475,1.429,5501.429
poia_webauthn,PoIA with WebAuthn,120,2070,0.00275,0.025791,3.543542,3.127333,6.703125,5506.703125
poia_webauthn,PoIA with WebAuthn,120,2071,0.001875,0.017125,0.922375,0.130458,1.0745,5501.0745
poia_webauthn,PoIA with WebAuthn,120,2072,0.001791,0.017792,1.384875,0.131417,1.538417,5501.538417
poia_webauthn,PoIA with WebAuthn,120,2073,0.002,0.017834,2.651833,0.147083,2.821375,5502.821375
poia_webauthn,PoIA with WebAuthn,120,2074,0.00175,0.018292,0.688833,0.135833,0.84725,5500.84725
poia_webauthn,PoIA with WebAuthn,120,2075,0.003042,0.041833,0.450208,0.504833,1.003834,5501.003834
poia_webauthn,PoIA with WebAuthn,120,2076,0.002459,0.026541,3.199167,0.135292,3.366708,5503.366708
poia_webauthn,PoIA with WebAuthn,120,2077,0.001541,0.01825,0.825541,1.040042,1.8885,5501.8885
poia_webauthn,PoIA with WebAuthn,120,2078,0.001959,0.021458,1.249458,0.144958,1.420708,5501.420708
poia_webauthn,PoIA with WebAuthn,120,2079,0.002125,0.021459,2.729666,0.131042,2.886833,5502.886833
poia_webauthn,PoIA with WebAuthn,120,2080,0.0025,0.023083,1.499125,0.135583,1.663583,5501.663583
poia_webauthn,PoIA with WebAuthn,120,2081,0.001833,0.019416,1.328,0.158833,1.510792,5501.510792
poia_webauthn,PoIA with WebAuthn,120,2082,0.00175,0.018125,2.718333,1.745875,4.487125,5504.487125
poia_webauthn,PoIA with WebAuthn,120,2083,0.002292,0.026708,0.754792,0.142083,0.929041,5500.929041
poia_webauthn,PoIA with WebAuthn,120,2084,0.001833,0.017375,0.988375,0.148292,1.158417,5501.158417
poia_webauthn,PoIA with WebAuthn,120,2085,0.002667,0.031792,1.321291,1.082709,2.442292,5502.442292
poia_webauthn,PoIA with WebAuthn,120,2086,0.001791,0.018166,1.213625,2.784042,4.020834,5504.020834
poia_webauthn,PoIA with WebAuthn,120,2087,0.00175,0.018458,0.757125,0.134583,0.914541,5500.914541
poia_webauthn,PoIA with WebAuthn,120,2088,0.002417,0.026833,3.104875,1.612792,4.750625,5504.750625
poia_webauthn,PoIA with WebAuthn,120,2089,0.002333,0.022042,1.122125,0.158792,1.308458,5501.308458
poia_webauthn,PoIA with WebAuthn,120,2090,0.001708,0.018167,2.069833,0.131792,2.223834,5502.223834
poia_webauthn,PoIA with WebAuthn,120,2091,0.001958,0.022209,4.151791,0.118917,4.297042,5504.297042
poia_webauthn,PoIA with WebAuthn,120,2092,0.002667,0.023625,1.015333,0.1555,1.200542,5501.200542
poia_webauthn,PoIA with WebAuthn,120,2093,0.002,0.018,2.609333,0.131167,2.763167,5502.763167
poia_webauthn,PoIA with WebAuthn,120,2094,0.001709,0.033375,1.36125,0.127958,1.526958,5501.526958
poia_webauthn,PoIA with WebAuthn,120,2095,0.001667,0.0175,0.762291,0.138125,0.922166,5500.922166
poia_webauthn,PoIA with WebAuthn,120,2096,0.002167,0.025208,1.629875,0.131958,1.79225,5501.79225
poia_webauthn,PoIA with WebAuthn,120,2097,0.001875,0.018708,0.830792,0.131958,0.985917,5500.985917
poia_webauthn,PoIA with WebAuthn,120,2098,0.002583,0.025666,0.490166,0.128709,0.650167,5500.650167
poia_webauthn,PoIA with WebAuthn,120,2099,0.00175,0.020792,1.193375,0.135042,1.353583,5501.353583
poia_webauthn,PoIA with WebAuthn,120,2100,0.002625,0.028084,1.392,0.123042,1.548333,5501.548333
poia_webauthn,PoIA with WebAuthn,120,2101,0.001917,0.030208,2.73025,3.774417,6.540125,5506.540125
poia_webauthn,PoIA with WebAuthn,120,2102,0.001625,0.017583,2.669042,1.029584,3.720875,5503.720875
poia_webauthn,PoIA with WebAuthn,120,2103,0.002042,0.018208,1.699833,0.12725,1.850084,5501.850084
poia_webauthn,PoIA with WebAuthn,120,2104,0.002417,0.0255,1.354792,3.251375,4.637208,5504.637208
poia_webauthn,PoIA with WebAuthn,120,2105,0.002083,0.022417,1.594625,0.147792,1.769583,5501.769583
poia_webauthn,PoIA with WebAuthn,120,2106,0.001708,0.018625,1.365458,0.133833,1.52225,5501.52225
poia_webauthn,PoIA with WebAuthn,120,2107,0.001875,0.024958,0.691917,0.753625,1.475417,5501.475417
poia_webauthn,PoIA with WebAuthn,120,2108,0.001708,0.017459,1.344958,7.128583,8.495292,5508.495292
poia_webauthn,PoIA with WebAuthn,120,2109,0.002042,0.022125,0.987959,0.941042,1.956417,5501.956417
poia_webauthn,PoIA with WebAuthn,120,2110,0.001792,0.018208,1.00625,0.129084,1.157958,5501.157958
poia_webauthn,PoIA with WebAuthn,120,2111,0.00175,0.017625,1.265334,0.128209,1.415459,5501.415459
poia_webauthn,PoIA with WebAuthn,120,2112,0.002542,0.021833,2.9865,0.124209,3.137667,5503.137667
poia_webauthn,PoIA with WebAuthn,120,2113,0.002208,0.02575,0.7505,0.131583,0.913166,5500.913166
poia_webauthn,PoIA with WebAuthn,120,2114,0.002584,0.023,1.013583,0.131291,1.173792,5501.173792
poia_webauthn,PoIA with WebAuthn,120,2115,0.002,0.021958,2.972208,0.139458,3.138458,5503.138458
poia_webauthn,PoIA with WebAuthn,120,2116,0.001917,0.021917,1.125375,0.131375,1.28325,5501.28325
poia_webauthn,PoIA with WebAuthn,120,2117,0.001667,0.0175,1.265792,0.131584,1.419208,5501.419208
poia_webauthn,PoIA with WebAuthn,120,2118,0.002292,0.021917,0.982583,0.131209,1.141083,5501.141083
poia_webauthn,PoIA with WebAuthn,120,2119,0.002292,0.021583,1.222417,2.53875,3.78825,5503.78825
poia_webauthn,PoIA with WebAuthn,120,2120,0.003,0.029833,0.082584,0.12975,0.247916,5500.247916
poia_webauthn,PoIA with WebAuthn,120,2121,0.002166,0.024875,1.421625,0.131291,1.582666,5501.582666
poia_webauthn,PoIA with WebAuthn,120,2122,0.002542,0.022209,2.881834,1.642792,4.553208,5504.553208
poia_webauthn,PoIA with WebAuthn,120,2123,0.002541,0.022667,0.726208,0.973625,1.728875,5501.728875
poia_webauthn,PoIA with WebAuthn,120,2124,0.002042,0.021459,1.367666,0.119542,1.512708,5501.512708
poia_webauthn,PoIA with WebAuthn,120,2125,0.002,0.018917,0.884375,0.13275,1.040583,5501.040583
poia_webauthn,PoIA with WebAuthn,120,2126,0.002209,0.021916,0.063625,1.184667,1.275208,5501.275208
poia_webauthn,PoIA with WebAuthn,120,2127,0.002459,0.022208,1.514125,0.131083,1.673125,5501.673125
poia_webauthn,PoIA with WebAuthn,120,2128,0.001708,0.017541,1.428125,0.13125,1.581292,5501.581292
poia_webauthn,PoIA with WebAuthn,120,2129,0.001834,0.0175,1.834375,0.13625,1.992625,5501.992625
poia_webauthn,PoIA with WebAuthn,120,2130,0.001958,0.018917,1.847875,1.073542,2.945541,5502.945541
poia_webauthn,PoIA with WebAuthn,120,2131,0.003459,0.046333,0.657125,0.186208,0.897333,5500.897333
poia_webauthn,PoIA with WebAuthn,120,2132,0.001917,0.021084,1.265958,0.130875,1.422375,5501.422375
poia_webauthn,PoIA with WebAuthn,120,2133,0.003541,0.031291,0.333292,0.56525,0.93725,5500.93725
poia_webauthn,PoIA with WebAuthn,120,2134,0.002208,0.025208,0.532292,0.136166,0.698667,5500.698667
poia_webauthn,PoIA with WebAuthn,120,2135,0.002041,0.01975,1.31325,0.130792,1.468542,5501.468542
poia_webauthn,PoIA with WebAuthn,120,2136,0.001292,0.01725,4.055042,0.11625,4.191625,5504.191625
poia_webauthn,PoIA with WebAuthn,120,2137,0.001709,0.017834,1.427541,0.144458,1.594125,5501.594125
poia_webauthn,PoIA with WebAuthn,120,2138,0.001541,0.017375,0.992625,2.79275,3.8075,5503.8075
poia_webauthn,PoIA with WebAuthn,120,2139,0.001958,0.018083,1.055875,0.13325,1.211709,5501.211709
poia_webauthn,PoIA with WebAuthn,120,2140,0.002417,0.032458,0.889333,0.570375,1.497916,5501.497916
poia_webauthn,PoIA with WebAuthn,120,2141,0.001791,0.017959,0.983791,0.127833,1.134,5501.134
poia_webauthn,PoIA with WebAuthn,120,2142,0.001958,0.022292,0.931583,0.130791,1.08925,5501.08925
poia_webauthn,PoIA with WebAuthn,120,2143,0.001708,0.017541,2.145375,0.930333,3.098125,5503.098125
poia_webauthn,PoIA with WebAuthn,120,2144,0.001917,0.018833,0.717625,0.131333,0.87225,5500.87225
poia_webauthn,PoIA with WebAuthn,120,2145,0.001875,0.017625,1.171917,0.128375,1.32225,5501.32225
poia_webauthn,PoIA with WebAuthn,120,2146,0.002375,0.02275,0.955125,0.947833,1.931333,5501.931333
poia_webauthn,PoIA with WebAuthn,120,2147,0.002167,0.019875,0.427625,0.465125,0.917958,5500.917958
poia_webauthn,PoIA with WebAuthn,120,2148,0.002042,0.017958,1.508084,0.127417,1.658,5501.658
poia_webauthn,PoIA with WebAuthn,120,2149,0.001667,0.018125,0.819417,0.135917,0.977667,5500.977667
poia_webauthn,PoIA with WebAuthn,120,2150,0.00175,0.017792,2.647208,0.130875,2.800292,5502.800292
poia_webauthn,PoIA with WebAuthn,120,2151,0.002167,0.026375,1.980958,1.236417,3.249666,5503.249666
poia_webauthn,PoIA with WebAuthn,120,2152,0.001709,0.017875,1.43525,0.133375,1.59075,5501.59075
poia_webauthn,PoIA with WebAuthn,120,2153,0.002583,0.022416,1.146709,0.135292,1.310291,5501.310291
poia_webauthn,PoIA with WebAuthn,120,2154,0.001708,0.017667,2.15725,6.15825,8.337209,5508.337209
poia_webauthn,PoIA with WebAuthn,120,2155,0.001833,0.017875,5.509291,0.130542,5.66225,5505.66225
poia_webauthn,PoIA with WebAuthn,120,2156,0.002208,0.021917,0.982375,0.128125,1.137209,5501.137209
poia_webauthn,PoIA with WebAuthn,120,2157,0.002042,0.024458,1.653291,0.131625,1.814208,5501.814208
poia_webauthn,PoIA with WebAuthn,120,2158,0.002209,0.027291,0.837792,0.131916,1.002292,5501.002292
poia_webauthn,PoIA with WebAuthn,120,2159,0.002292,0.023792,1.01375,0.121,1.163125,5501.163125
poia_webauthn,PoIA with WebAuthn,120,2160,0.001583,0.017542,3.901625,3.042625,6.966,5506.966
poia_webauthn,PoIA with WebAuthn,120,2161,0.002042,0.02275,1.063375,0.132208,1.223,5501.223
poia_webauthn,PoIA with WebAuthn,120,2162,0.001958,0.0215,1.203416,0.127583,1.357042,5501.357042
poia_webauthn,PoIA with WebAuthn,120,2163,0.001916,0.022042,0.659209,0.128958,0.814792,5500.814792
poia_webauthn,PoIA with WebAuthn,120,2164,0.002375,0.02225,1.645084,1.666875,3.340375,5503.340375
poia_webauthn,PoIA with WebAuthn,120,2165,0.002584,0.027667,0.784375,0.129834,0.94725,5500.94725
poia_webauthn,PoIA with WebAuthn,120,2166,0.002625,0.027458,0.60125,0.148125,0.782209,5500.782209
poia_webauthn,PoIA with WebAuthn,120,2167,0.002084,0.021708,1.226792,0.143208,1.396375,5501.396375
poia_webauthn,PoIA with WebAuthn,120,2168,0.001791,0.017834,1.549958,2.445625,4.017917,5504.017917
poia_webauthn,PoIA with WebAuthn,120,2169,0.001791,0.017583,8.026333,0.132791,8.181209,5508.181209
poia_webauthn,PoIA with WebAuthn,120,2170,0.002417,0.028875,1.362583,0.772958,2.170166,5502.170166
poia_webauthn,PoIA with WebAuthn,120,2171,0.001583,0.017833,2.20325,2.180041,4.406042,5504.406042
poia_webauthn,PoIA with WebAuthn,120,2172,0.0025,0.025459,0.631791,1.362625,2.025667,5502.025667
poia_webauthn,PoIA with WebAuthn,120,2173,0.001917,0.017625,1.422625,0.132333,1.577334,5501.577334
poia_webauthn,PoIA with WebAuthn,120,2174,0.001667,0.017292,1.818917,1.7705,3.611625,5503.611625
poia_webauthn,PoIA with WebAuthn,120,2175,0.002041,0.020917,1.545959,0.131584,1.703334,5501.703334
poia_webauthn,PoIA with WebAuthn,120,2176,0.001791,0.017458,1.753584,0.127,1.902375,5501.902375
poia_webauthn,PoIA with WebAuthn,120,2177,0.001834,0.017459,1.226333,0.134417,1.382625,5501.382625
poia_webauthn,PoIA with WebAuthn,120,2178,0.002334,0.024458,0.677875,0.132208,0.8395,5500.8395
poia_webauthn,PoIA with WebAuthn,120,2179,0.003625,0.030958,0.097584,0.134,0.269166,5500.269166
poia_webauthn,PoIA with WebAuthn,120,2180,0.002583,0.0225,1.474625,0.141833,1.644709,5501.644709
poia_webauthn,PoIA with WebAuthn,120,2181,0.0025,0.0345,0.684917,0.594292,1.320291,5501.320291
poia_webauthn,PoIA with WebAuthn,120,2182,0.002625,0.023042,1.32375,1.513417,2.866708,5502.866708
poia_webauthn,PoIA with WebAuthn,120,2183,0.001708,0.017875,0.730125,0.135125,0.887459,5500.887459
poia_webauthn,PoIA with WebAuthn,120,2184,0.00175,0.021167,4.99475,0.12875,5.149167,5505.149167
poia_webauthn,PoIA with WebAuthn,120,2185,0.002458,0.02275,1.236375,0.134708,1.399542,5501.399542
poia_webauthn,PoIA with WebAuthn,120,2186,0.001958,0.017625,1.649541,1.701625,3.374,5503.374
poia_webauthn,PoIA with WebAuthn,120,2187,0.00175,0.018375,1.367083,0.715417,2.105833,5502.105833
poia_webauthn,PoIA with WebAuthn,120,2188,0.001792,0.017667,1.255375,2.894792,4.172917,5504.172917
poia_webauthn,PoIA with WebAuthn,120,2189,0.001917,0.022167,0.7085,1.425958,2.161708,5502.161708
poia_webauthn,PoIA with WebAuthn,120,2190,0.002,0.018666,0.822583,0.133375,0.97925,5500.97925
poia_webauthn,PoIA with WebAuthn,120,2191,0.002459,0.022667,0.970791,0.138041,1.13725,5501.13725
poia_webauthn,PoIA with WebAuthn,120,2192,0.002167,0.019708,0.7325,0.625875,1.38375,5501.38375
poia_webauthn,PoIA with WebAuthn,120,2193,0.00175,0.019375,0.056291,0.118833,0.198208,5500.198208
poia_webauthn,PoIA with WebAuthn,120,2194,0.00175,0.01725,0.057458,1.379541,1.4585,5501.4585
poia_webauthn,PoIA with WebAuthn,120,2195,0.002125,0.022042,1.316125,0.133792,1.47675,5501.47675
poia_webauthn,PoIA with WebAuthn,120,2196,0.001917,0.017542,2.78075,0.131583,2.934416,5502.934416
poia_webauthn,PoIA with WebAuthn,120,2197,0.001958,0.018833,1.558542,0.131375,1.713208,5501.713208
poia_webauthn,PoIA with WebAuthn,120,2198,0.001666,0.018167,1.1025,0.139042,1.264,5501.264
poia_webauthn,PoIA with WebAuthn,120,2199,0.001375,0.0175,5.4015,0.131583,5.554542,5505.554542
poia_webauthn,PoIA with WebAuthn,120,2200,0.001958,0.018834,1.6275,0.145959,1.796959,5501.796959
poia_webauthn,PoIA with WebAuthn,120,2201,0.002083,0.021583,0.632292,0.907084,1.566333,5501.566333
poia_webauthn,PoIA with WebAuthn,120,2202,0.001833,0.017708,0.617542,0.137292,0.776959,5500.776959
poia_webauthn,PoIA with WebAuthn,120,2203,0.001708,0.017625,2.69975,0.146125,2.867792,5502.867792
poia_webauthn,PoIA with WebAuthn,120,2204,0.002041,0.021792,1.328958,1.651958,3.007917,5503.007917
poia_webauthn,PoIA with WebAuthn,120,2205,0.00225,0.024375,3.760584,0.132125,3.922458,5503.922458
poia_webauthn,PoIA with WebAuthn,120,2206,0.002125,0.022167,0.81025,0.131625,0.96875,5500.96875
poia_webauthn,PoIA with WebAuthn,120,2207,0.002583,0.025083,0.612083,0.739125,1.3825,5501.3825
poia_webauthn,PoIA with WebAuthn,120,2208,0.001958,0.018583,2.801583,0.176375,3.001667,5503.001667
poia_webauthn,PoIA with WebAuthn,120,2209,0.002292,0.025208,0.658042,0.76375,1.452709,5501.452709
poia_webauthn,PoIA with WebAuthn,120,2210,0.0025,0.02575,0.075,0.120917,0.226959,5500.226959
poia_webauthn,PoIA with WebAuthn,120,2211,0.002625,0.041875,0.828458,0.132917,1.009083,5501.009083
poia_webauthn,PoIA with WebAuthn,120,2212,0.00225,0.023583,4.611625,1.372709,6.01325,5506.01325
poia_webauthn,PoIA with WebAuthn,120,2213,0.001917,0.021,1.090916,0.131542,1.247917,5501.247917
poia_webauthn,PoIA with WebAuthn,120,2214,0.002042,0.021917,2.452542,0.142083,2.621333,5502.621333
poia_webauthn,PoIA with WebAuthn,120,2215,0.001667,0.018084,0.69675,0.129333,0.84825,5500.84825
poia_webauthn,PoIA with WebAuthn,120,2216,0.002459,0.026875,0.526833,0.134208,0.693125,5500.693125
poia_webauthn,PoIA with WebAuthn,120,2217,0.002084,0.022708,0.902333,0.131084,1.060833,5501.060833
poia_webauthn,PoIA with WebAuthn,120,2218,0.00175,0.017709,1.023083,0.127709,1.172875,5501.172875
poia_webauthn,PoIA with WebAuthn,120,2219,0.001916,0.022292,1.565833,0.140542,1.733292,5501.733292
poia_webauthn,PoIA with WebAuthn,120,2220,0.002209,0.025083,0.64775,0.886833,1.565083,5501.565083
poia_webauthn,PoIA with WebAuthn,120,2221,0.004,0.097875,1.141959,1.96675,3.215458,5503.215458
poia_webauthn,PoIA with WebAuthn,120,2222,0.001625,0.022584,1.992417,0.146834,2.166208,5502.166208
poia_webauthn,PoIA with WebAuthn,120,2223,0.002375,0.026167,1.338833,0.135291,1.506,5501.506
poia_webauthn,PoIA with WebAuthn,120,2224,0.001875,0.017958,1.056667,0.135458,1.214458,5501.214458
poia_webauthn,PoIA with WebAuthn,120,2225,0.001667,0.017958,6.377333,0.134959,6.534542,5506.534542
poia_webauthn,PoIA with WebAuthn,120,2226,0.001792,0.017917,1.723916,0.136666,1.883042,5501.883042
poia_webauthn,PoIA with WebAuthn,120,2227,0.002541,0.0255,1.155917,0.134666,1.321709,5501.321709
poia_webauthn,PoIA with WebAuthn,120,2228,0.002042,0.022084,0.863625,1.001709,1.892875,5501.892875
poia_webauthn,PoIA with WebAuthn,120,2229,0.001959,0.021125,1.137708,0.127375,1.290833,5501.290833
poia_webauthn,PoIA with WebAuthn,120,2230,0.002625,0.031,0.746917,0.137417,0.921333,5500.921333
poia_webauthn,PoIA with WebAuthn,120,2231,0.00175,0.017708,3.678417,0.135208,3.835708,5503.835708
poia_webauthn,PoIA with WebAuthn,120,2232,0.003416,0.04,1.178333,0.154209,1.379209,5501.379209
poia_webauthn,PoIA with WebAuthn,120,2233,0.00175,0.017625,1.628375,0.143,1.793333,5501.793333
poia_webauthn,PoIA with WebAuthn,120,2234,0.002084,0.021708,2.401708,0.134625,2.562875,5502.562875
poia_webauthn,PoIA with WebAuthn,120,2235,0.0015,0.017834,0.929458,0.140583,1.092,5501.092
poia_webauthn,PoIA with WebAuthn,120,2236,0.001834,0.017625,1.060459,0.144334,1.227041,5501.227041
poia_webauthn,PoIA with WebAuthn,120,2237,0.001375,0.018,0.805917,1.48925,2.317583,5502.317583
poia_webauthn,PoIA with WebAuthn,120,2238,0.001958,0.017791,1.55625,0.137333,1.716042,5501.716042
poia_webauthn,PoIA with WebAuthn,120,2239,0.002417,0.022916,2.068667,0.13175,2.228958,5502.228958
poia_webauthn,PoIA with WebAuthn,120,2240,0.0025,0.024416,1.367083,0.142917,1.53975,5501.53975
poia_webauthn,PoIA with WebAuthn,120,2241,0.001625,0.018125,0.7345,0.131833,0.888625,5500.888625
poia_webauthn,PoIA with WebAuthn,120,2242,0.001708,0.01775,0.055958,0.121875,0.199209,5500.199209
poia_webauthn,PoIA with WebAuthn,120,2243,0.002375,0.026625,1.30025,0.128959,1.461333,5501.461333
poia_webauthn,PoIA with WebAuthn,120,2244,0.002084,0.021625,1.51325,0.989042,2.528375,5502.528375
poia_webauthn,PoIA with WebAuthn,120,2245,0.001709,0.017583,1.289334,1.364958,2.676666,5502.676666
poia_webauthn,PoIA with WebAuthn,120,2246,0.001792,0.0185,0.77475,0.914875,1.713166,5501.713166
poia_webauthn,PoIA with WebAuthn,120,2247,0.00175,0.017584,4.083,1.221667,5.327125,5505.327125
poia_webauthn,PoIA with WebAuthn,120,2248,0.001667,0.017875,1.139209,2.086084,3.247334,5503.247334
poia_webauthn,PoIA with WebAuthn,120,2249,0.001958,0.022292,0.971958,0.149208,1.148125,5501.148125
poia_webauthn,PoIA with WebAuthn,120,2250,0.001916,0.017792,0.954833,0.131,1.108125,5501.108125
poia_webauthn,PoIA with WebAuthn,120,2251,0.002083,0.022833,0.707916,0.986834,1.723292,5501.723292
poia_webauthn,PoIA with WebAuthn,120,2252,0.001833,0.018959,0.708,0.12175,0.852458,5500.852458
poia_webauthn,PoIA with WebAuthn,120,2253,0.001542,0.017458,3.00975,1.465125,4.496917,5504.496917
poia_webauthn,PoIA with WebAuthn,120,2254,0.001667,0.017458,0.906125,0.131667,1.059375,5501.059375
poia_webauthn,PoIA with WebAuthn,120,2255,0.001875,0.017667,4.079625,0.188208,4.290458,5504.290458
poia_webauthn,PoIA with WebAuthn,120,2256,0.001708,0.018375,0.791875,0.145375,0.960125,5500.960125
poia_webauthn,PoIA with WebAuthn,120,2257,0.001708,0.0175,1.272042,1.155083,2.449375,5502.449375
poia_webauthn,PoIA with WebAuthn,120,2258,0.001958,0.01875,0.73075,0.13275,0.88675,5500.88675
poia_webauthn,PoIA with WebAuthn,120,2259,0.001916,0.01875,1.980042,6.452625,8.4565,5508.4565
poia_webauthn,PoIA with WebAuthn,120,2260,0.002291,0.024,0.960209,0.133334,1.1225,5501.1225
poia_webauthn,PoIA with WebAuthn,120,2261,0.001875,0.018917,1.668375,0.128667,1.820458,5501.820458
poia_webauthn,PoIA with WebAuthn,120,2262,0.002708,0.025583,0.885041,0.662084,1.5795,5501.5795
poia_webauthn,PoIA with WebAuthn,120,2263,0.001625,0.017375,4.0605,1.975417,6.057875,5506.057875
poia_webauthn,PoIA with WebAuthn,120,2264,0.002458,0.024667,1.129791,2.675917,3.836042,5503.836042
poia_webauthn,PoIA with WebAuthn,120,2265,0.002,0.021833,0.696416,0.137291,0.86025,5500.86025
poia_webauthn,PoIA with WebAuthn,120,2266,0.002291,0.022875,1.9915,0.124584,2.143458,5502.143458
poia_webauthn,PoIA with WebAuthn,120,2267,0.001875,0.01775,6.231917,1.863583,8.117708,5508.117708
poia_webauthn,PoIA with WebAuthn,120,2268,0.001709,0.017583,1.095875,0.1425,1.26025,5501.26025
poia_webauthn,PoIA with WebAuthn,120,2269,0.001625,0.018125,1.103625,0.152542,1.278417,5501.278417
poia_webauthn,PoIA with WebAuthn,120,2270,0.001833,0.017917,0.7515,0.137709,0.91175,5500.91175
poia_webauthn,PoIA with WebAuthn,120,2271,0.001709,0.017791,0.986584,1.154209,2.163417,5502.163417
poia_webauthn,PoIA with WebAuthn,120,2272,0.001541,0.017916,0.929084,0.131042,1.08225,5501.08225
poia_webauthn,PoIA with WebAuthn,120,2273,0.001875,0.021959,0.471625,0.150083,0.648125,5500.648125
poia_webauthn,PoIA with WebAuthn,120,2274,0.003459,0.031084,0.85725,0.366167,1.261875,5501.261875
poia_webauthn,PoIA with WebAuthn,120,2275,0.001667,0.017959,0.497083,0.134375,0.653625,5500.653625
poia_webauthn,PoIA with WebAuthn,120,2276,0.001667,0.017167,1.384542,0.131791,1.537583,5501.537583
poia_webauthn,PoIA with WebAuthn,120,2277,0.001833,0.017292,2.83125,0.135125,2.988208,5502.988208
poia_webauthn,PoIA with WebAuthn,120,2278,0.002958,0.031166,0.659667,0.140791,0.83775,5500.83775
poia_webauthn,PoIA with WebAuthn,120,2279,0.002167,0.021292,4.849083,10.341917,15.217625,5515.217625
poia_webauthn,PoIA with WebAuthn,120,2280,0.002,0.021625,4.500708,18.0275,22.554542,5522.554542
poia_webauthn,PoIA with WebAuthn,120,2281,0.001583,0.017625,12.530416,0.139958,12.692125,5512.692125
poia_webauthn,PoIA with WebAuthn,120,2282,0.001542,0.018375,2.203333,14.054292,16.280708,5516.280708
poia_webauthn,PoIA with WebAuthn,120,2283,0.002042,0.021584,2.739833,12.819208,15.585709,5515.585709
poia_webauthn,PoIA with WebAuthn,120,2284,0.001708,0.018208,2.483,15.197333,17.703167,5517.703167
poia_webauthn,PoIA with WebAuthn,120,2285,0.001792,0.01775,15.356333,0.13575,15.51425,5515.51425
poia_webauthn,PoIA with WebAuthn,120,2286,0.002375,0.025792,12.967333,0.139542,13.138083,5513.138083
poia_webauthn,PoIA with WebAuthn,120,2287,0.001834,0.017834,9.665,13.137042,22.82475,5522.82475
poia_webauthn,PoIA with WebAuthn,120,2288,0.001958,0.01825,17.82475,0.133542,17.981083,5517.981083
poia_webauthn,PoIA with WebAuthn,120,2289,0.001834,0.0215,15.4445,0.138084,15.608541,5515.608541
poia_webauthn,PoIA with WebAuthn,120,2290,0.001667,0.02,12.639792,0.122291,12.785709,5512.785709
poia_webauthn,PoIA with WebAuthn,120,2291,0.001792,0.019416,12.769875,0.134125,12.927667,5512.927667
poia_webauthn,PoIA with WebAuthn,120,2292,0.001791,0.017958,12.727584,0.132917,12.88275,5512.88275
poia_webauthn,PoIA with WebAuthn,120,2293,0.001666,0.018125,12.867041,0.132209,13.021583,5513.021583
poia_webauthn,PoIA with WebAuthn,120,2294,0.001958,0.018083,12.792125,0.132167,12.947041,5512.947041
poia_webauthn,PoIA with WebAuthn,120,2295,0.001625,0.0175,17.856083,0.131625,18.0095,5518.0095
poia_webauthn,PoIA with WebAuthn,120,2296,0.002083,0.021708,12.751459,2.571666,15.350208,5515.350208
poia_webauthn,PoIA with WebAuthn,120,2297,0.002083,0.022291,10.159708,2.635916,12.823042,5512.823042
poia_webauthn,PoIA with WebAuthn,120,2298,0.002708,0.027917,2.6075,0.131375,2.772417,5502.772417
poia_webauthn,PoIA with WebAuthn,120,2299,0.001875,0.017666,12.749125,0.132291,12.9035,5512.9035
poia_webauthn,PoIA with WebAuthn,120,2300,0.002209,0.0195,2.659458,0.131458,2.815333,5502.815333
poia_webauthn,PoIA with WebAuthn,120,2301,0.00225,0.022917,2.627125,0.132584,2.788,5502.788
poia_webauthn,PoIA with WebAuthn,120,2302,0.001917,0.017958,15.116167,0.14625,15.284917,5515.284917
poia_webauthn,PoIA with WebAuthn,120,2303,0.00175,0.017333,15.264625,0.148541,15.434833,5515.434833
poia_webauthn,PoIA with WebAuthn,120,2304,0.002166,0.022458,2.554291,0.131167,2.712667,5502.712667
poia_webauthn,PoIA with WebAuthn,120,2305,0.001625,0.017792,15.198833,0.13275,15.353542,5515.353542
poia_webauthn,PoIA with WebAuthn,120,2306,0.001708,0.018458,2.5405,0.131167,2.6945,5502.6945
poia_webauthn,PoIA with WebAuthn,120,2307,0.001583,0.0175,17.856834,0.137625,18.016,5518.016
poia_webauthn,PoIA with WebAuthn,120,2308,0.0025,0.0235,2.624584,0.144125,2.798,5502.798
poia_webauthn,PoIA with WebAuthn,120,2309,0.001583,0.017792,15.096375,0.136292,15.254666,5515.254666
poia_webauthn,PoIA with WebAuthn,120,2310,0.001666,0.017875,2.6435,0.132417,2.798042,5502.798042
poia_webauthn,PoIA with WebAuthn,120,2311,0.001917,0.022125,15.156958,0.131292,15.31475,5515.31475
poia_webauthn,PoIA with WebAuthn,120,2312,0.002042,0.021542,15.333167,2.660542,18.020375,5518.020375
poia_webauthn,PoIA with WebAuthn,120,2313,0.002208,0.021833,2.561875,0.133,2.7215,5502.7215
poia_webauthn,PoIA with WebAuthn,120,2314,0.001708,0.017667,15.18275,0.143208,15.347917,5515.347917
poia_webauthn,PoIA with WebAuthn,120,2315,0.002292,0.022708,5.039667,0.133625,5.201041,5505.201041
poia_webauthn,PoIA with WebAuthn,120,2316,0.002208,0.022167,5.013209,0.131459,5.171792,5505.171792
poia_webauthn,PoIA with WebAuthn,120,2317,0.001833,0.018167,5.00225,0.131041,5.155916,5505.155916
poia_webauthn,PoIA with WebAuthn,120,2318,0.001792,0.018291,4.995375,0.131709,5.149833,5505.149833
poia_webauthn,PoIA with WebAuthn,120,2319,0.001833,0.01775,4.961083,0.130958,5.11425,5505.11425
poia_webauthn,PoIA with WebAuthn,120,2320,0.001583,0.020917,2.534125,0.149917,2.709083,5502.709083
poia_webauthn,PoIA with WebAuthn,120,2321,0.001625,0.021042,4.98925,0.13125,5.145625,5505.145625
poia_webauthn,PoIA with WebAuthn,120,2322,0.001791,0.017792,2.556709,0.131417,2.71025,5502.71025
poia_webauthn,PoIA with WebAuthn,120,2323,0.001792,0.017916,2.559334,2.642916,5.225,5505.225
poia_webauthn,PoIA with WebAuthn,120,2324,0.002708,0.023417,2.636708,0.132292,2.798166,5502.798166
poia_webauthn,PoIA with WebAuthn,120,2325,0.002042,0.021084,29.649041,0.133958,29.808666,5529.808666
poia_webauthn,PoIA with WebAuthn,120,2326,0.001958,0.018458,2.619334,0.131458,2.773875,5502.773875
poia_webauthn,PoIA with WebAuthn,120,2327,0.001666,0.01775,5.058291,0.146292,5.2265,5505.2265
poia_webauthn,PoIA with WebAuthn,120,2328,0.001625,0.017791,2.645667,2.64425,5.312417,5505.312417
poia_webauthn,PoIA with WebAuthn,120,2329,0.002125,0.022792,2.614125,2.654125,5.295875,5505.295875
poia_webauthn,PoIA with WebAuthn,120,2330,0.001833,0.027708,2.649,0.130875,2.812334,5502.812334
poia_webauthn,PoIA with WebAuthn,120,2331,0.001708,0.018208,2.654084,0.137291,2.813916,5502.813916
poia_webauthn,PoIA with WebAuthn,120,2332,0.00175,0.017791,2.660416,0.133125,2.815625,5502.815625
poia_webauthn,PoIA with WebAuthn,120,2333,0.001667,0.017833,5.081792,0.131917,5.235833,5505.235833
poia_webauthn,PoIA with WebAuthn,120,2334,0.001625,0.028583,17.762,2.683916,20.479333,5520.479333
poia_webauthn,PoIA with WebAuthn,120,2335,0.00175,0.018458,5.1025,0.131042,5.25625,5505.25625
poia_webauthn,PoIA with WebAuthn,120,2336,0.001708,0.028584,22.613916,0.135833,22.782667,5522.782667
poia_webauthn,PoIA with WebAuthn,120,2337,0.001709,0.017958,2.688792,0.131125,2.842083,5502.842083
poia_webauthn,PoIA with WebAuthn,120,2338,0.001875,0.017834,2.689458,0.132625,2.844417,5502.844417
poia_webauthn,PoIA with WebAuthn,120,2339,0.001917,0.018125,5.168333,0.1315,5.322416,5505.322416
poia_webauthn,PoIA with WebAuthn,120,2340,0.001709,0.017667,2.665375,0.132291,2.819625,5502.819625
poia_webauthn,PoIA with WebAuthn,120,2341,0.001792,0.017917,5.157792,0.130875,5.310875,5505.310875
poia_webauthn,PoIA with WebAuthn,120,2342,0.001708,0.028542,2.653458,0.131833,2.818291,5502.818291
poia_webauthn,PoIA with WebAuthn,120,2343,0.002083,0.021583,2.625334,2.65825,5.310334,5505.310334
poia_webauthn,PoIA with WebAuthn,120,2344,0.00175,0.019625,7.583,2.647125,10.254542,5510.254542
poia_webauthn,PoIA with WebAuthn,120,2345,0.001709,0.017666,5.101459,2.61225,7.736208,5507.736208
poia_webauthn,PoIA with WebAuthn,120,2346,0.001833,0.018167,2.574458,5.164166,7.761542,5507.761542
poia_webauthn,PoIA with WebAuthn,120,2347,0.001625,0.017833,7.619709,0.130583,7.772333,5507.772333
poia_webauthn,PoIA with WebAuthn,120,2348,0.001875,0.021,2.635583,0.132459,2.793417,5502.793417
poia_webauthn,PoIA with WebAuthn,120,2349,0.001792,0.017917,5.106416,2.7345,7.863666,5507.863666
poia_webauthn,PoIA with WebAuthn,120,2350,0.001834,0.017708,2.660833,2.756958,5.440416,5505.440416
poia_webauthn,PoIA with WebAuthn,120,2351,0.001708,0.017875,2.668042,2.751666,5.442334,5505.442334
poia_webauthn,PoIA with WebAuthn,120,2352,0.0115,0.018125,5.283333,0.132084,5.447542,5505.447542
poia_webauthn,PoIA with WebAuthn,120,2353,0.001958,0.018167,5.274041,0.132709,5.4295,5505.4295
poia_webauthn,PoIA with WebAuthn,120,2354,0.001958,0.018375,5.100833,2.844583,7.968667,5507.968667
poia_webauthn,PoIA with WebAuthn,120,2355,0.002417,0.022958,2.836375,0.131917,2.996833,5502.996833
poia_webauthn,PoIA with WebAuthn,120,2356,0.00175,0.021334,5.373792,0.131333,5.530667,5505.530667
poia_webauthn,PoIA with WebAuthn,120,2357,0.001875,0.018167,2.837916,0.132542,2.993208,5502.993208
poia_webauthn,PoIA with WebAuthn,120,2358,0.001792,0.018333,5.375834,0.13175,5.530125,5505.530125
poia_webauthn,PoIA with WebAuthn,120,2359,0.00175,0.017875,2.837708,0.131458,2.991334,5502.991334
poia_webauthn,PoIA with WebAuthn,120,2360,0.001709,0.018166,5.362542,0.130625,5.515541,5505.515541
poia_webauthn,PoIA with WebAuthn,120,2361,0.001834,0.021583,2.639917,2.851041,5.517375,5505.517375
poia_webauthn,PoIA with WebAuthn,120,2362,0.001916,0.021625,2.650292,2.870167,5.546625,5505.546625
poia_webauthn,PoIA with WebAuthn,120,2363,0.001916,0.021,0.06225,0.179,0.266667,5500.266667
poia_webauthn,PoIA with WebAuthn,120,2364,0.002042,0.021,2.872,0.131833,3.029417,5503.029417
poia_webauthn,PoIA with WebAuthn,120,2365,0.001875,0.021916,2.845,0.131167,3.0025,5503.0025
poia_webauthn,PoIA with WebAuthn,120,2366,0.001667,0.017458,2.837709,0.131958,2.991291,5502.991291
poia_webauthn,PoIA with WebAuthn,120,2367,0.001708,0.017708,2.835041,0.13025,2.987167,5502.987167
poia_webauthn,PoIA with WebAuthn,120,2368,0.00175,0.018125,7.722291,2.79975,10.545083,5510.545083
poia_webauthn,PoIA with WebAuthn,120,2369,0.00175,0.021125,5.290917,2.826875,8.143625,5508.143625
poia_webauthn,PoIA with WebAuthn,120,2370,0.001667,0.017833,2.766209,2.842,5.630791,5505.630791
poia_webauthn,PoIA with WebAuthn,120,2371,0.00175,0.017959,2.750958,2.888458,5.661708,5505.661708
poia_webauthn,PoIA with WebAuthn,120,2372,0.001958,0.021833,2.734166,2.918625,5.679541,5505.679541
poia_webauthn,PoIA with WebAuthn,120,2373,0.00175,0.017417,5.526708,0.131959,5.680334,5505.680334
poia_webauthn,PoIA with WebAuthn,120,2374,0.001834,0.017917,5.522209,0.131708,5.676125,5505.676125
poia_webauthn,PoIA with WebAuthn,120,2375,0.002375,0.023,2.996041,0.1315,3.156084,5503.156084
poia_webauthn,PoIA with WebAuthn,120,2376,0.002,0.021458,2.968208,0.1355,3.129792,5503.129792
poia_webauthn,PoIA with WebAuthn,120,2377,0.001708,0.018125,2.96725,0.146041,3.13575,5503.13575
poia_webauthn,PoIA with WebAuthn,120,2378,0.001791,0.018167,2.954917,0.148166,3.125583,5503.125583
poia_webauthn,PoIA with WebAuthn,120,2379,0.001708,0.0215,2.967042,0.130917,3.12375,5503.12375
poia_webauthn,PoIA with WebAuthn,120,2380,0.00175,0.01775,2.96925,0.131542,3.122834,5503.122834
poia_webauthn,PoIA with WebAuthn,120,2381,0.001625,0.017583,2.968459,0.130625,3.120875,5503.120875
poia_webauthn,PoIA with WebAuthn,120,2382,0.001584,0.01775,2.969083,0.131209,3.122125,5503.122125
poia_webauthn,PoIA with WebAuthn,120,2383,0.002,0.021583,5.656875,0.131708,5.814791,5505.814791
poia_webauthn,PoIA with WebAuthn,120,2384,0.001875,0.021709,2.906291,0.140167,3.072667,5503.072667
poia_webauthn,PoIA with WebAuthn,120,2385,0.001875,0.018209,8.198,0.134334,8.355083,5508.355083
poia_webauthn,PoIA with WebAuthn,120,2386,0.001708,0.017584,2.891125,0.136292,3.049167,5503.049167
poia_webauthn,PoIA with WebAuthn,120,2387,0.00175,0.017709,2.896875,0.131625,3.050458,5503.050458
poia_webauthn,PoIA with WebAuthn,120,2388,0.001667,0.017417,2.899542,0.134333,3.055583,5503.055583
poia_webauthn,PoIA with WebAuthn,120,2389,0.001875,0.025583,2.83775,0.131584,2.999459,5502.999459
poia_webauthn,PoIA with WebAuthn,120,2390,0.002083,0.037,2.795333,0.132583,2.96975,5502.96975
poia_webauthn,PoIA with WebAuthn,120,2391,0.00175,0.017541,5.58875,0.132375,5.743,5505.743
poia_webauthn,PoIA with WebAuthn,120,2392,0.001875,0.017959,5.588583,0.134542,5.745625,5505.745625
poia_webauthn,PoIA with WebAuthn,120,2393,0.0025,0.023041,2.875458,0.131042,3.035166,5503.035166
poia_webauthn,PoIA with WebAuthn,120,2394,0.001708,0.018,15.957583,0.132,16.111916,5516.111916
poia_webauthn,PoIA with WebAuthn,120,2395,0.001792,0.018167,2.867708,0.130959,3.021167,5503.021167
poia_webauthn,PoIA with WebAuthn,120,2396,0.001542,0.019041,28.555792,0.135458,28.714333,5528.714333
poia_webauthn,PoIA with WebAuthn,120,2397,0.001667,0.017792,2.631042,10.963,13.616458,5513.616458
poia_webauthn,PoIA with WebAuthn,120,2398,0.001625,0.017417,2.875167,0.133083,3.02975,5503.02975
poia_webauthn,PoIA with WebAuthn,120,2399,0.001708,0.018042,2.872417,0.134625,3.029292,5503.029292
poia_webauthn,PoIA with WebAuthn,120,2400,0.001709,0.017792,2.881416,0.131209,3.034625,5503.034625
poia_webauthn,PoIA with WebAuthn,120,2401,0.001708,0.018209,2.880333,0.127625,3.030292,5503.030292
poia_webauthn,PoIA with WebAuthn,120,2402,0.001709,0.021375,2.873458,0.133375,3.032458,5503.032458
poia_webauthn,PoIA with WebAuthn,120,2403,0.001834,0.018166,2.868791,0.143625,3.034958,5503.034958
poia_webauthn,PoIA with WebAuthn,120,2404,0.001708,0.017708,2.878916,0.13325,3.034042,5503.034042
poia_webauthn,PoIA with WebAuthn,120,2405,0.001666,0.018209,2.878375,0.131167,3.031833,5503.031833
poia_webauthn,PoIA with WebAuthn,120,2406,0.001959,0.021042,5.616792,0.131542,5.773833,5505.773833
poia_webauthn,PoIA with WebAuthn,120,2407,0.001666,0.018625,2.876834,0.130875,3.030458,5503.030458
poia_webauthn,PoIA with WebAuthn,120,2408,0.002,0.021209,5.525208,0.131958,5.682917,5505.682917
poia_webauthn,PoIA with WebAuthn,120,2409,0.001667,0.018208,2.869208,0.13075,3.022333,5503.022333
poia_webauthn,PoIA with WebAuthn,120,2410,0.001833,0.017917,2.846792,0.1315,3.000584,5503.000584
poia_webauthn,PoIA with WebAuthn,120,2411,0.001625,0.018333,2.84475,0.134375,3.001708,5503.001708
poia_webauthn,PoIA with WebAuthn,120,2412,0.001666,0.017375,11.192375,0.131916,11.346,5511.346
poia_webauthn,PoIA with WebAuthn,120,2413,0.00175,0.018125,5.643125,0.130666,5.796208,5505.796208
poia_webauthn,PoIA with WebAuthn,120,2414,0.00175,0.017792,5.623083,0.130458,5.775625,5505.775625
poia_webauthn,PoIA with WebAuthn,120,2415,0.001666,0.017792,2.892375,0.1335,3.047792,5503.047792
poia_webauthn,PoIA with WebAuthn,120,2416,0.00175,0.017583,8.432833,2.896791,11.352,5511.352
poia_webauthn,PoIA with WebAuthn,120,2417,0.001791,0.017875,2.835333,8.512375,11.370417,5511.370417
poia_webauthn,PoIA with WebAuthn,120,2418,0.001792,0.018417,2.914834,0.131416,3.068875,5503.068875
poia_webauthn,PoIA with WebAuthn,120,2419,0.001958,0.019083,2.913583,0.133334,3.070542,5503.070542
poia_webauthn,PoIA with WebAuthn,120,2420,0.001625,0.018458,2.849917,0.13125,3.003834,5503.003834
poia_webauthn,PoIA with WebAuthn,120,2421,0.002041,0.020708,8.653166,0.133208,8.811625,5508.811625
poia_webauthn,PoIA with WebAuthn,120,2422,0.002,0.021458,5.567959,5.680583,11.275,5511.275
poia_webauthn,PoIA with WebAuthn,120,2423,0.001959,0.021375,8.451125,0.131625,8.608792,5508.608792
poia_webauthn,PoIA with WebAuthn,120,2424,0.001708,0.017917,2.9305,0.130708,3.083375,5503.083375
poia_webauthn,PoIA with WebAuthn,120,2425,0.002,0.021667,2.901209,8.373459,11.301375,5511.301375
poia_webauthn,PoIA with WebAuthn,120,2426,0.00175,0.01825,2.958,0.130833,3.111459,5503.111459
poia_webauthn,PoIA with WebAuthn,120,2427,0.001625,0.018,2.959334,0.131083,3.1125,5503.1125
poia_webauthn,PoIA with WebAuthn,120,2428,0.001709,0.01825,8.433542,0.130625,8.586625,5508.586625
poia_webauthn,PoIA with WebAuthn,120,2429,0.001625,0.018625,2.958958,0.141709,3.123416,5503.123416
poia_webauthn,PoIA with WebAuthn,120,2430,0.001667,0.022875,2.968041,0.131625,3.12675,5503.12675
poia_webauthn,PoIA with WebAuthn,120,2431,0.001667,0.018292,2.967333,0.137209,3.127041,5503.127041
poia_webauthn,PoIA with WebAuthn,120,2432,0.001708,0.01825,2.972709,0.13125,3.126458,5503.126458
poia_webauthn,PoIA with WebAuthn,120,2433,0.00175,0.018084,2.973291,0.131125,3.12675,5503.12675
poia_webauthn,PoIA with WebAuthn,120,2434,0.00175,0.017958,2.861875,5.7605,8.645208,5508.645208
poia_webauthn,PoIA with WebAuthn,120,2435,0.001667,0.017542,3.000208,0.144875,3.166833,5503.166833
poia_webauthn,PoIA with WebAuthn,120,2436,0.001958,0.018167,2.996375,0.139416,3.1585,5503.1585
poia_webauthn,PoIA with WebAuthn,120,2437,0.001917,0.035084,11.270958,2.981208,14.292292,5514.292292
poia_webauthn,PoIA with WebAuthn,120,2438,0.001709,0.018291,5.810625,0.131166,5.964292,5505.964292
poia_webauthn,PoIA with WebAuthn,120,2439,0.00175,0.01775,11.416541,0.131417,11.569958,5511.569958
poia_webauthn,PoIA with WebAuthn,120,2440,0.002042,0.021375,14.103083,0.131209,14.260292,5514.260292
poia_webauthn,PoIA with WebAuthn,120,2441,0.001709,0.028625,2.906917,3.133708,6.074042,5506.074042
poia_webauthn,PoIA with WebAuthn,120,2442,0.001875,0.018125,2.901,3.169,6.093083,5506.093083
poia_webauthn,PoIA with WebAuthn,120,2443,0.001959,0.0225,3.144792,0.13275,3.304458,5503.304458
poia_webauthn,PoIA with WebAuthn,120,2444,0.001708,0.018167,5.948208,0.134708,6.105209,5506.105209
poia_webauthn,PoIA with WebAuthn,120,2445,0.00175,0.018,3.143792,0.131416,3.297417,5503.297417
poia_webauthn,PoIA with WebAuthn,120,2446,0.002083,0.021958,3.119708,0.134833,3.281084,5503.281084
poia_webauthn,PoIA with WebAuthn,120,2447,0.001708,0.017709,3.120416,0.135459,3.277792,5503.277792
poia_webauthn,PoIA with WebAuthn,120,2448,0.001833,0.018083,3.124875,0.143167,3.290625,5503.290625
poia_webauthn,PoIA with WebAuthn,120,2449,0.001625,0.0285,3.130709,0.132375,3.295834,5503.295834
poia_webauthn,PoIA with WebAuthn,120,2450,0.00175,0.018167,3.131083,0.135875,3.289416,5503.289416
poia_webauthn,PoIA with WebAuthn,120,2451,0.001709,0.018208,8.762625,0.132208,8.91725,5508.91725
poia_webauthn,PoIA with WebAuthn,120,2452,0.001667,0.017834,3.13825,0.131666,3.291959,5503.291959
poia_webauthn,PoIA with WebAuthn,120,2453,0.001709,0.019542,8.758541,0.132041,8.914291,5508.914291
poia_webauthn,PoIA with WebAuthn,120,2454,0.001667,0.018083,3.131625,0.131166,3.285,5503.285
poia_webauthn,PoIA with WebAuthn,120,2455,0.002042,0.021625,2.878459,6.000166,8.905041,5508.905041
poia_webauthn,PoIA with WebAuthn,120,2456,0.001917,0.021792,5.976125,0.131417,6.133792,5506.133792
poia_webauthn,PoIA with WebAuthn,120,2457,0.001792,0.018125,3.106959,0.132834,3.262292,5503.262292
poia_webauthn,PoIA with WebAuthn,120,2458,0.002083,0.021875,3.098625,0.134167,3.259333,5503.259333
poia_webauthn,PoIA with WebAuthn,120,2459,0.001791,0.018333,5.882417,0.131833,6.036916,5506.036916
poia_webauthn,PoIA with WebAuthn,120,2460,0.002084,0.023167,2.973792,0.131583,3.133334,5503.133334
poia_webauthn,PoIA with WebAuthn,120,2461,0.001792,0.017875,5.949042,0.134458,6.105666,5506.105666
poia_webauthn,PoIA with WebAuthn,120,2462,0.002,0.028375,2.970417,0.145666,3.149125,5503.149125
poia_webauthn,PoIA with WebAuthn,120,2463,0.002125,0.022417,2.95675,0.136667,3.120542,5503.120542
poia_webauthn,PoIA with WebAuthn,120,2464,0.001958,0.018166,2.927458,0.136292,3.086458,5503.086458
poia_webauthn,PoIA with WebAuthn,120,2465,0.001666,0.018084,11.509,0.131958,11.663292,5511.663292
poia_webauthn,PoIA with WebAuthn,120,2466,0.001834,0.018125,5.53,8.777292,14.330208,5514.330208
poia_webauthn,PoIA with WebAuthn,120,2467,0.013958,0.018875,2.944125,0.14475,3.124333,5503.124333
poia_webauthn,PoIA with WebAuthn,120,2468,0.001833,0.0185,2.959917,0.133292,3.115958,5503.115958
poia_webauthn,PoIA with WebAuthn,120,2469,0.001917,0.021792,2.956958,0.132,3.115166,5503.115166
poia_webauthn,PoIA with WebAuthn,120,2470,0.001667,0.018625,2.95575,0.131333,3.109958,5503.109958
poia_webauthn,PoIA with WebAuthn,120,2471,0.001709,0.018084,2.954791,0.130292,3.107458,5503.107458
poia_webauthn,PoIA with WebAuthn,120,2472,0.001625,0.017959,5.963458,0.1355,6.121083,5506.121083
poia_webauthn,PoIA with WebAuthn,120,2473,0.001625,0.017958,2.958875,0.142167,3.123125,5503.123125
poia_webauthn,PoIA with WebAuthn,120,2474,0.001625,0.018458,2.953125,0.132458,3.108125,5503.108125
poia_webauthn,PoIA with WebAuthn,120,2475,0.001791,0.01775,2.95375,0.131583,3.107375,5503.107375
poia_webauthn,PoIA with WebAuthn,120,2476,0.001791,0.018042,2.950541,0.131166,3.104042,5503.104042
poia_webauthn,PoIA with WebAuthn,120,2477,0.001542,0.018167,2.952292,0.132625,3.107041,5503.107041
poia_webauthn,PoIA with WebAuthn,120,2478,0.001625,0.018583,2.95525,0.131917,3.109833,5503.109833
poia_webauthn,PoIA with WebAuthn,120,2479,0.001666,0.018042,2.957042,0.132208,3.1115,5503.1115
poia_webauthn,PoIA with WebAuthn,120,2480,0.002083,0.018791,2.954542,0.140667,3.118667,5503.118667
poia_webauthn,PoIA with WebAuthn,120,2481,0.00175,0.018125,2.952208,0.13225,3.106875,5503.106875
poia_webauthn,PoIA with WebAuthn,120,2482,0.001875,0.022042,2.946291,0.131792,3.104625,5503.104625
poia_webauthn,PoIA with WebAuthn,120,2483,0.001792,0.018042,5.752042,0.130541,5.905,5505.905
poia_webauthn,PoIA with WebAuthn,120,2484,0.00175,0.018125,2.940541,0.133709,3.096667,5503.096667
poia_webauthn,PoIA with WebAuthn,120,2485,0.002459,0.023292,5.754125,8.842,14.625458,5514.625458
poia_webauthn,PoIA with WebAuthn,120,2486,0.00175,0.017791,14.477375,0.135583,14.634958,5514.634958
poia_webauthn,PoIA with WebAuthn,120,2487,0.001791,0.018125,3.01125,0.131958,3.165542,5503.165542
poia_webauthn,PoIA with WebAuthn,120,2488,0.00175,0.017916,11.186417,11.724375,22.933417,5522.933417
poia_webauthn,PoIA with WebAuthn,120,2489,0.001625,0.017833,3.035542,0.130625,3.188083,5503.188083
poia_webauthn,PoIA with WebAuthn,120,2490,0.001791,0.017917,3.034125,0.135625,3.192042,5503.192042
poia_webauthn,PoIA with WebAuthn,120,2491,0.001833,0.018042,5.869833,0.131291,6.023625,5506.023625
poia_webauthn,PoIA with WebAuthn,120,2492,0.001625,0.017584,3.040125,0.132125,3.193917,5503.193917
poia_webauthn,PoIA with WebAuthn,120,2493,0.002084,0.021917,2.971542,8.880916,11.879541,5511.879541
poia_webauthn,PoIA with WebAuthn,120,2494,0.001709,0.018084,3.063708,0.131541,3.217541,5503.217541
poia_webauthn,PoIA with WebAuthn,120,2495,0.001625,0.018,3.065292,0.130916,3.218334,5503.218334
poia_webauthn,PoIA with WebAuthn,120,2496,0.001666,0.017958,3.065083,0.131584,3.218834,5503.218834
poia_webauthn,PoIA with WebAuthn,120,2497,0.001667,0.022,3.061833,0.131291,3.219417,5503.219417
poia_webauthn,PoIA with WebAuthn,120,2498,0.001625,0.018542,3.058834,0.13125,3.21275,5503.21275
poia_webauthn,PoIA with WebAuthn,120,2499,0.001834,0.018708,3.057334,0.131,3.211333,5503.211333
poia_webauthn,PoIA with WebAuthn,120,2500,0.001792,0.018291,3.0705,0.133166,3.226166,5503.226166
poia_webauthn,PoIA with WebAuthn,120,2501,0.001875,0.020208,3.06,0.1325,3.217083,5503.217083
poia_webauthn,PoIA with WebAuthn,120,2502,0.001666,0.018458,3.058667,0.130458,3.21175,5503.21175
poia_webauthn,PoIA with WebAuthn,120,2503,0.001667,0.018417,3.056875,0.132875,3.212417,5503.212417
poia_webauthn,PoIA with WebAuthn,120,2504,0.001875,0.018375,2.929666,5.902708,8.8555,5508.8555
poia_webauthn,PoIA with WebAuthn,120,2505,0.001625,0.01775,3.085833,0.131417,3.239125,5503.239125
poia_webauthn,PoIA with WebAuthn,120,2506,0.001667,0.018417,3.081833,0.134208,3.238583,5503.238583
poia_webauthn,PoIA with WebAuthn,120,2507,0.002541,0.022875,3.008417,3.146541,6.183542,5506.183542
poia_webauthn,PoIA with WebAuthn,120,2508,0.002458,0.0265,3.144709,0.131542,3.308334,5503.308334
poia_webauthn,PoIA with WebAuthn,120,2509,0.001916,0.01825,6.00775,0.131334,6.16175,5506.16175
poia_webauthn,PoIA with WebAuthn,120,2510,0.001833,0.01825,11.847042,0.131708,12.001417,5512.001417
poia_webauthn,PoIA with WebAuthn,120,2511,0.001875,0.018,2.953125,6.022625,8.99875,5508.99875
poia_webauthn,PoIA with WebAuthn,120,2512,0.002208,0.021916,11.844125,0.13125,12.002083,5512.002083
poia_webauthn,PoIA with WebAuthn,120,2513,0.001625,0.021125,3.0995,0.131208,3.256,5503.256
poia_webauthn,PoIA with WebAuthn,120,2514,0.00175,0.0215,11.828542,0.156417,12.01075,5512.01075
poia_webauthn,PoIA with WebAuthn,120,2515,0.001625,0.017708,3.12225,0.131125,3.27525,5503.27525
poia_webauthn,PoIA with WebAuthn,120,2516,0.001958,0.017958,3.091,11.819459,14.933333,5514.933333
poia_webauthn,PoIA with WebAuthn,120,2517,0.001667,0.017917,3.198167,0.131291,3.351459,5503.351459
poia_webauthn,PoIA with WebAuthn,120,2518,0.001791,0.018125,3.1985,0.131333,3.352209,5503.352209
poia_webauthn,PoIA with WebAuthn,120,2519,0.001666,0.017792,3.199625,0.132458,3.354084,5503.354084
poia_webauthn,PoIA with WebAuthn,120,2520,0.0015,0.017625,3.201166,0.142125,3.364958,5503.364958
poia_webauthn,PoIA with WebAuthn,120,2521,0.00175,0.021791,5.945917,8.9715,14.944,5514.944
poia_webauthn,PoIA with WebAuthn,120,2522,0.00175,0.018375,2.93025,9.002417,11.955917,5511.955917
poia_webauthn,PoIA with WebAuthn,120,2523,0.001958,0.018333,3.241417,0.130833,3.395166,5503.395166
poia_webauthn,PoIA with WebAuthn,120,2524,0.001667,0.017958,3.242542,0.13125,3.395958,5503.395958
poia_webauthn,PoIA with WebAuthn,120,2525,0.00175,0.021334,3.239208,0.131083,3.395917,5503.395917
poia_webauthn,PoIA with WebAuthn,120,2526,0.001833,0.01825,3.240792,0.133667,3.397083,5503.397083
poia_webauthn,PoIA with WebAuthn,120,2527,0.001958,0.0215,2.932291,6.269,9.227334,5509.227334
poia_webauthn,PoIA with WebAuthn,120,2528,0.001708,0.017666,3.228958,0.131375,3.382167,5503.382167
poia_webauthn,PoIA with WebAuthn,120,2529,0.001584,0.018125,3.226041,0.130709,3.378958,5503.378958
poia_webauthn,PoIA with WebAuthn,120,2530,0.00175,0.018,3.224042,0.1315,3.377917,5503.377917
poia_webauthn,PoIA with WebAuthn,120,2531,0.001708,0.018166,6.21175,0.13425,6.3685,5506.3685
poia_webauthn,PoIA with WebAuthn,120,2532,0.002,0.022375,3.099792,3.238875,6.366125,5506.366125
poia_webauthn,PoIA with WebAuthn,120,2533,0.001708,0.017959,3.225166,0.150209,3.397667,5503.397667
poia_webauthn,PoIA with WebAuthn,120,2534,0.001667,0.018125,3.223458,0.134167,3.379958,5503.379958
poia_webauthn,PoIA with WebAuthn,120,2535,0.00175,0.017917,3.227208,0.130875,3.380333,5503.380333
poia_webauthn,PoIA with WebAuthn,120,2536,0.001833,0.018083,3.201666,0.132083,3.356208,5503.356208
poia_webauthn,PoIA with WebAuthn,120,2537,0.001708,0.017875,3.203459,0.134458,3.359959,5503.359959
poia_webauthn,PoIA with WebAuthn,120,2538,0.001625,0.017917,17.774583,0.131917,17.928584,5517.928584
poia_webauthn,PoIA with WebAuthn,120,2539,0.001916,0.018375,14.79,0.130958,14.943792,5514.943792
poia_webauthn,PoIA with WebAuthn,120,2540,0.001917,0.018333,23.31275,0.130875,23.466625,5523.466625
poia_webauthn,PoIA with WebAuthn,120,2541,0.001833,0.018042,3.093792,0.132708,3.248916,5503.248916
poia_webauthn,PoIA with WebAuthn,120,2542,0.001583,0.017917,3.214417,3.112541,6.3495,5506.3495
poia_webauthn,PoIA with WebAuthn,120,2543,0.002125,0.022917,3.104125,0.131208,3.262959,5503.262959
poia_webauthn,PoIA with WebAuthn,120,2544,0.002041,0.021375,3.076333,0.131375,3.233667,5503.233667
poia_webauthn,PoIA with WebAuthn,120,2545,0.001708,0.017792,3.072209,0.130625,3.224791,5503.224791
poia_webauthn,PoIA with WebAuthn,120,2546,0.001833,0.018125,3.071375,0.1315,3.225333,5503.225333
poia_webauthn,PoIA with WebAuthn,120,2547,0.001667,0.018042,3.077542,0.132291,3.232125,5503.232125
poia_webauthn,PoIA with WebAuthn,120,2548,0.001458,0.018125,3.067833,0.135833,3.225708,5503.225708
poia_webauthn,PoIA with WebAuthn,120,2549,0.001833,0.017708,3.074,0.131042,3.227167,5503.227167
poia_webauthn,PoIA with WebAuthn,120,2550,0.00175,0.021292,3.070833,0.130958,3.227375,5503.227375
poia_webauthn,PoIA with WebAuthn,120,2551,0.001791,0.017667,3.070208,0.130709,3.222917,5503.222917
poia_webauthn,PoIA with WebAuthn,120,2552,0.00175,0.018125,3.066333,0.130209,3.219,5503.219
poia_webauthn,PoIA with WebAuthn,120,2553,0.00175,0.018333,6.2145,3.054042,9.291666,5509.291666
poia_webauthn,PoIA with WebAuthn,120,2554,0.001709,0.018042,9.128875,3.08725,12.238958,5512.238958
poia_webauthn,PoIA with WebAuthn,120,2555,0.001542,0.029083,9.170792,0.130792,9.334833,5509.334833
poia_webauthn,PoIA with WebAuthn,120,2556,0.002041,0.021458,9.14525,0.131375,9.302708,5509.302708
poia_webauthn,PoIA with WebAuthn,120,2557,0.002083,0.026542,6.09875,0.133375,6.263541,5506.263541
poia_webauthn,PoIA with WebAuthn,120,2558,0.001708,0.017666,3.122084,0.13275,3.276875,5503.276875
poia_webauthn,PoIA with WebAuthn,120,2559,0.001708,0.017917,3.120167,0.142,3.284375,5503.284375
poia_webauthn,PoIA with WebAuthn,120,2560,0.001708,0.01775,3.127959,0.135125,3.285084,5503.285084
poia_webauthn,PoIA with WebAuthn,120,2561,0.001583,0.017833,3.212875,6.113625,9.348917,5509.348917
poia_webauthn,PoIA with WebAuthn,120,2562,0.001708,0.017792,3.155375,0.131417,3.30875,5503.30875
poia_webauthn,PoIA with WebAuthn,120,2563,0.001916,0.018583,3.151209,0.131708,3.305958,5503.305958
poia_webauthn,PoIA with WebAuthn,120,2564,0.00175,0.018084,14.9555,0.131667,15.109541,5515.109541
poia_webauthn,PoIA with WebAuthn,120,2565,0.001584,0.018125,3.119041,0.132334,3.273583,5503.273583
poia_webauthn,PoIA with WebAuthn,120,2566,0.001667,0.017541,3.155916,0.131083,3.30875,5503.30875
poia_webauthn,PoIA with WebAuthn,120,2567,0.001666,0.017958,3.155958,0.131167,3.30925,5503.30925
poia_webauthn,PoIA with WebAuthn,120,2568,0.001417,0.017875,9.203583,0.131417,9.356875,5509.356875
poia_webauthn,PoIA with WebAuthn,120,2569,0.00175,0.017792,3.146875,0.131667,3.300583,5503.300583
poia_webauthn,PoIA with WebAuthn,120,2570,0.001666,0.017709,9.196166,0.131083,9.349208,5509.349208
poia_webauthn,PoIA with WebAuthn,120,2571,0.001708,0.017667,3.14475,0.134875,3.301542,5503.301542
poia_webauthn,PoIA with WebAuthn,120,2572,0.001875,0.0185,3.045167,3.176958,6.245625,5506.245625
poia_webauthn,PoIA with WebAuthn,120,2573,0.002167,0.021792,3.129125,0.134375,3.290042,5503.290042
poia_webauthn,PoIA with WebAuthn,120,2574,0.001791,0.018416,6.097083,0.131458,6.251292,5506.251292
poia_webauthn,PoIA with WebAuthn,120,2575,0.001708,0.018292,3.128833,0.131041,3.2825,5503.2825
poia_webauthn,PoIA with WebAuthn,120,2576,0.00175,0.017875,6.0255,0.130375,6.178084,5506.178084
poia_webauthn,PoIA with WebAuthn,120,2577,0.001875,0.018375,3.087583,0.131417,3.241959,5503.241959
poia_webauthn,PoIA with WebAuthn,120,2578,0.001708,0.01775,3.094917,0.140709,3.257584,5503.257584
poia_webauthn,PoIA with WebAuthn,120,2579,0.001833,0.017959,9.066042,0.131667,9.220125,5509.220125
poia_webauthn,PoIA with WebAuthn,120,2580,0.001708,0.018541,3.091875,0.13075,3.245334,5503.245334
poia_webauthn,PoIA with WebAuthn,120,2581,0.001667,0.018542,11.512333,15.091834,26.627333,5526.627333
poia_webauthn,PoIA with WebAuthn,120,2582,0.00175,0.018125,3.058166,0.131541,3.212041,5503.212041
poia_webauthn,PoIA with WebAuthn,120,2583,0.00175,0.017958,6.055167,0.135542,6.213042,5506.213042
poia_webauthn,PoIA with WebAuthn,120,2584,0.001708,0.017792,3.071583,6.176959,9.271042,5509.271042
poia_webauthn,PoIA with WebAuthn,120,2585,0.002042,0.022625,15.20675,0.131167,15.365292,5515.365292
poia_webauthn,PoIA with WebAuthn,120,2586,0.001708,0.017959,3.135125,0.1305,3.287792,5503.287792
poia_webauthn,PoIA with WebAuthn,120,2587,0.001667,0.018375,15.204416,0.131417,15.358458,5515.358458
poia_webauthn,PoIA with WebAuthn,120,2588,0.001625,0.017625,3.134584,0.133708,3.290083,5503.290083
poia_webauthn,PoIA with WebAuthn,120,2589,0.001959,0.021417,12.193292,0.131167,12.350458,5512.350458
poia_webauthn,PoIA with WebAuthn,120,2590,0.001583,0.017917,3.132042,0.1405,3.294542,5503.294542
poia_webauthn,PoIA with WebAuthn,120,2591,0.001708,0.017833,3.151375,3.162208,6.336167,5506.336167
poia_webauthn,PoIA with WebAuthn,120,2592,0.001583,0.018291,3.156292,3.185541,6.364792,5506.364792
poia_webauthn,PoIA with WebAuthn,120,2593,0.002083,0.021792,3.152333,3.185625,6.365084,5506.365084
poia_webauthn,PoIA with WebAuthn,120,2594,0.001833,0.021833,3.16825,0.138708,3.333333,5503.333333
poia_webauthn,PoIA with WebAuthn,120,2595,0.001709,0.021416,6.179542,0.131166,6.336292,5506.336292
poia_webauthn,PoIA with WebAuthn,120,2596,0.001625,0.018,3.174625,0.131083,3.327834,5503.327834
poia_webauthn,PoIA with WebAuthn,120,2597,0.00175,0.017541,12.125291,0.131584,12.278667,5512.278667
poia_webauthn,PoIA with WebAuthn,120,2598,0.001667,0.01775,3.174292,0.141042,3.337292,5503.337292
poia_webauthn,PoIA with WebAuthn,120,2599,0.002167,0.02225,14.734958,9.184583,23.947,5523.947
poia_webauthn,PoIA with WebAuthn,120,2600,0.001709,0.028083,3.204375,0.131041,3.367791,5503.367791
poia_webauthn,PoIA with WebAuthn,120,2601,0.001791,0.01825,3.205792,0.1315,3.359833,5503.359833
poia_webauthn,PoIA with WebAuthn,120,2602,0.001583,0.017875,3.212459,0.130791,3.365167,5503.365167
poia_webauthn,PoIA with WebAuthn,120,2603,0.001792,0.018541,3.212292,0.130875,3.366,5503.366
poia_webauthn,PoIA with WebAuthn,120,2604,0.001708,0.017959,3.074083,3.2365,6.332833,5506.332833
poia_webauthn,PoIA with WebAuthn,120,2605,0.001667,0.022417,3.254208,0.134125,3.414916,5503.414916
poia_webauthn,PoIA with WebAuthn,120,2606,0.001625,0.018167,3.253333,0.131709,3.407333,5503.407333
poia_webauthn,PoIA with WebAuthn,120,2607,0.002542,0.023125,3.141625,3.32025,6.491167,5506.491167
poia_webauthn,PoIA with WebAuthn,120,2608,0.002042,0.021125,3.301125,0.131541,3.458334,5503.458334
poia_webauthn,PoIA with WebAuthn,120,2609,0.001583,0.018125,6.317666,0.131667,6.471542,5506.471542
poia_webauthn,PoIA with WebAuthn,120,2610,0.001625,0.017917,3.306208,0.131042,3.459333,5503.459333
poia_webauthn,PoIA with WebAuthn,120,2611,0.001709,0.021541,6.313875,0.131708,6.471292,5506.471292
poia_webauthn,PoIA with WebAuthn,120,2612,0.001708,0.018,3.314791,0.130875,3.467917,5503.467917
poia_webauthn,PoIA with WebAuthn,120,2613,0.001709,0.018208,6.319375,0.13375,6.475541,5506.475541
poia_webauthn,PoIA with WebAuthn,120,2614,0.001708,0.021416,3.284791,0.130625,3.441083,5503.441083
poia_webauthn,PoIA with WebAuthn,120,2615,0.002,0.021541,3.2605,0.13275,3.419333,5503.419333
poia_webauthn,PoIA with WebAuthn,120,2616,0.001833,0.018084,3.252958,0.131209,3.406584,5503.406584
poia_webauthn,PoIA with WebAuthn,120,2617,0.001875,0.018167,6.305667,0.130958,6.459292,5506.459292
poia_webauthn,PoIA with WebAuthn,120,2618,0.002,0.018584,6.097375,9.2745,15.3955,5515.3955
poia_webauthn,PoIA with WebAuthn,120,2619,0.001667,0.01775,3.251584,0.130875,3.404333,5503.404333
poia_webauthn,PoIA with WebAuthn,120,2620,0.001875,0.018083,3.239917,0.133833,3.396375,5503.396375
poia_webauthn,PoIA with WebAuthn,120,2621,0.001917,0.02125,9.253208,0.1315,9.4105,5509.4105
poia_webauthn,PoIA with WebAuthn,120,2622,0.00175,0.018209,3.21275,0.130458,3.365792,5503.365792
poia_webauthn,PoIA with WebAuthn,120,2623,0.002167,0.021416,15.248875,3.161167,18.436708,5518.436708
poia_webauthn,PoIA with WebAuthn,120,2624,0.001875,0.021791,3.165916,0.135375,3.327,5503.327
poia_webauthn,PoIA with WebAuthn,120,2625,0.001666,0.018458,3.063791,6.417625,9.504667,5509.504667
poia_webauthn,PoIA with WebAuthn,120,2626,0.002042,0.018333,3.217042,0.1315,3.371375,5503.371375
poia_webauthn,PoIA with WebAuthn,120,2627,0.001958,0.017917,3.219708,0.139833,3.381834,5503.381834
poia_webauthn,PoIA with WebAuthn,120,2628,0.001708,0.017791,6.392709,0.131083,6.545917,5506.545917
poia_webauthn,PoIA with WebAuthn,120,2629,0.001792,0.021,3.207083,0.143708,3.376208,5503.376208
poia_webauthn,PoIA with WebAuthn,120,2630,0.001667,0.018208,6.412875,0.132208,6.567416,5506.567416
poia_webauthn,PoIA with WebAuthn,120,2631,0.001667,0.017709,3.230833,0.130166,3.382834,5503.382834
poia_webauthn,PoIA with WebAuthn,120,2632,0.001791,0.022042,6.084708,9.510667,15.622292,5515.622292
poia_webauthn,PoIA with WebAuthn,120,2633,0.001583,0.018,3.308625,3.257792,6.589,5506.589
poia_webauthn,PoIA with WebAuthn,120,2634,0.001584,0.017875,15.421042,0.13125,15.574333,5515.574333
poia_webauthn,PoIA with WebAuthn,120,2635,0.001917,0.021542,6.375667,0.131333,6.533041,5506.533041
poia_webauthn,PoIA with WebAuthn,120,2636,0.001625,0.021459,6.457458,0.131792,6.61475,5506.61475
poia_webauthn,PoIA with WebAuthn,120,2637,0.001667,0.017959,3.330208,0.130667,3.483,5503.483
poia_webauthn,PoIA with WebAuthn,120,2638,0.001708,0.018042,6.284209,3.380333,9.687333,5509.687333
poia_webauthn,PoIA with WebAuthn,120,2639,0.001875,0.021708,3.365625,0.13025,3.522,5503.522
poia_webauthn,PoIA with WebAuthn,120,2640,0.001958,0.021542,6.452875,0.1315,6.610458,5506.610458
poia_webauthn,PoIA with WebAuthn,120,2641,0.002,0.025167,6.075167,9.5455,15.650875,5515.650875
poia_webauthn,PoIA with WebAuthn,120,2642,0.001666,0.017917,3.385291,0.130834,3.538208,5503.538208
poia_webauthn,PoIA with WebAuthn,120,2643,0.001625,0.021458,3.383667,0.131041,3.540375,5503.540375
poia_webauthn,PoIA with WebAuthn,120,2644,0.001792,0.017875,3.196041,3.411,6.629708,5506.629708
poia_webauthn,PoIA with WebAuthn,120,2645,0.001792,0.018125,6.192292,6.482333,12.697459,5512.697459
poia_webauthn,PoIA with WebAuthn,120,2646,0.001958,0.021792,3.447458,0.131292,3.605042,5503.605042
poia_webauthn,PoIA with WebAuthn,120,2647,0.00175,0.018083,3.439625,0.131625,3.593625,5503.593625
poia_webauthn,PoIA with WebAuthn,120,2648,0.002584,0.023959,3.301291,6.576167,9.90775,5509.90775
poia_webauthn,PoIA with WebAuthn,120,2649,0.001917,0.021167,6.575292,0.131792,6.732667,5506.732667
poia_webauthn,PoIA with WebAuthn,120,2650,0.001792,0.017791,3.489709,0.131834,3.643791,5503.643791
poia_webauthn,PoIA with WebAuthn,120,2651,0.001708,0.017958,6.581125,0.130959,6.734292,5506.734292
poia_webauthn,PoIA with WebAuthn,120,2652,0.00175,0.017875,15.796542,0.131,15.94975,5515.94975
poia_webauthn,PoIA with WebAuthn,120,2653,0.001625,0.01775,9.682833,0.130542,9.83525,5509.83525
poia_webauthn,PoIA with WebAuthn,120,2654,0.00175,0.01775,3.461667,0.133292,3.616958,5503.616958
poia_webauthn,PoIA with WebAuthn,120,2655,0.001709,0.017459,3.246833,3.465792,6.734875,5506.734875
poia_webauthn,PoIA with WebAuthn,120,2656,0.001833,0.018,3.243125,3.512,6.778084,5506.778084
poia_webauthn,PoIA with WebAuthn,120,2657,0.002042,0.021542,3.499916,0.132042,3.65825,5503.65825
poia_webauthn,PoIA with WebAuthn,120,2658,0.00175,0.017541,6.636958,0.1315,6.790416,5506.790416
poia_webauthn,PoIA with WebAuthn,120,2659,0.00175,0.021542,3.505,0.133584,3.664375,5503.664375
poia_webauthn,PoIA with WebAuthn,120,2660,0.001667,0.018083,6.569541,0.131333,6.723041,5506.723041
poia_webauthn,PoIA with WebAuthn,120,2661,0.002042,0.017833,3.423625,0.131875,3.578083,5503.578083
poia_webauthn,PoIA with WebAuthn,120,2662,0.001833,0.018667,3.43,0.13125,3.584459,5503.584459
poia_webauthn,PoIA with WebAuthn,120,2663,0.001792,0.017916,6.656125,0.131542,6.809917,5506.809917
poia_webauthn,PoIA with WebAuthn,120,2664,0.001792,0.017584,3.419541,0.13,3.571417,5503.571417
poia_webauthn,PoIA with WebAuthn,120,2665,0.001625,0.017709,6.440875,3.444041,9.90725,5509.90725
poia_webauthn,PoIA with WebAuthn,120,2666,0.001875,0.022292,6.285375,6.691959,13.004583,5513.004583
poia_webauthn,PoIA with WebAuthn,120,2667,0.001542,0.01775,3.208167,6.711375,9.941791,5509.941791
poia_webauthn,PoIA with WebAuthn,120,2668,0.00175,0.017917,3.449667,0.13125,3.603125,5503.603125
poia_webauthn,PoIA with WebAuthn,120,2669,0.001875,0.018125,3.44875,0.13075,3.602083,5503.602083
poia_webauthn,PoIA with WebAuthn,120,2670,0.002375,0.026084,6.803,0.130791,6.9655,5506.9655
poia_webauthn,PoIA with WebAuthn,120,2671,0.001625,0.017917,3.426458,0.134792,3.583208,5503.583208
poia_webauthn,PoIA with WebAuthn,120,2672,0.002083,0.0275,3.41225,0.130584,3.575042,5503.575042
poia_webauthn,PoIA with WebAuthn,120,2673,0.001709,0.018125,6.761375,0.131958,6.915708,5506.915708
poia_webauthn,PoIA with WebAuthn,120,2674,0.001541,0.018,3.399959,0.130666,3.552708,5503.552708
poia_webauthn,PoIA with WebAuthn,120,2675,0.001791,0.017958,6.760666,0.130959,6.913833,5506.913833
poia_webauthn,PoIA with WebAuthn,120,2676,0.001792,0.017875,6.571,3.421833,10.015584,5510.015584
poia_webauthn,PoIA with WebAuthn,120,2677,0.001625,0.018083,3.40425,0.14475,3.571292,5503.571292
poia_webauthn,PoIA with WebAuthn,120,2678,0.00175,0.017541,3.418041,0.130084,3.569917,5503.569917
poia_webauthn,PoIA with WebAuthn,120,2679,0.00175,0.01875,3.412334,0.1335,3.568791,5503.568791
poia_webauthn,PoIA with WebAuthn,120,2680,0.001791,0.018292,3.339917,0.132208,3.49475,5503.49475
poia_webauthn,PoIA with WebAuthn,120,2681,0.001833,0.018,3.334084,0.131333,3.487708,5503.487708
poia_webauthn,PoIA with WebAuthn,120,2682,0.00175,0.017833,3.341334,0.132042,3.495375,5503.495375
poia_webauthn,PoIA with WebAuthn,120,2683,0.002125,0.02125,6.626042,0.13175,6.783833,5506.783833
poia_webauthn,PoIA with WebAuthn,120,2684,0.001667,0.017625,3.342958,0.130792,3.495625,5503.495625
poia_webauthn,PoIA with WebAuthn,120,2685,0.001875,0.018,6.623375,0.131083,6.776834,5506.776834
poia_webauthn,PoIA with WebAuthn,120,2686,0.001625,0.017916,3.327958,0.130125,3.480083,5503.480083
poia_webauthn,PoIA with WebAuthn,120,2687,0.001959,0.021542,3.304917,0.138,3.469,5503.469
poia_webauthn,PoIA with WebAuthn,120,2688,0.002042,0.021709,6.557666,0.132292,6.716375,5506.716375
poia_webauthn,PoIA with WebAuthn,120,2689,0.001667,0.018042,3.270708,0.130333,3.423209,5503.423209
poia_webauthn,PoIA with WebAuthn,120,2690,0.002125,0.021792,3.468625,6.634292,10.129833,5510.129833
poia_webauthn,PoIA with WebAuthn,120,2691,0.001584,0.017625,3.33275,0.130417,3.484916,5503.484916
poia_webauthn,PoIA with WebAuthn,120,2692,0.00175,0.018125,3.32675,0.130875,3.480125,5503.480125
poia_webauthn,PoIA with WebAuthn,120,2693,0.001542,0.0175,3.326667,0.14025,3.4885,5503.4885
poia_webauthn,PoIA with WebAuthn,120,2694,0.00175,0.01775,3.325209,0.146833,3.494125,5503.494125
poia_webauthn,PoIA with WebAuthn,120,2695,0.001584,0.0175,3.342125,0.131417,3.49525,5503.49525
poia_webauthn,PoIA with WebAuthn,120,2696,0.00175,0.021625,3.338041,0.130708,3.494625,5503.494625
poia_webauthn,PoIA with WebAuthn,120,2697,0.001875,0.022,6.7465,3.337334,10.110792,5510.110792
poia_webauthn,PoIA with WebAuthn,120,2698,0.002042,0.0215,6.562958,0.13025,6.719292,5506.719292
poia_webauthn,PoIA with WebAuthn,120,2699,0.001666,0.017875,3.333375,0.131625,3.487083,5503.487083
poia_webauthn,PoIA with WebAuthn,120,2700,0.001709,0.018,6.720542,3.356084,10.099375,5510.099375
poia_webauthn,PoIA with WebAuthn,120,2701,0.001666,0.018125,3.247125,13.20075,16.470167,5516.470167
poia_webauthn,PoIA with WebAuthn,120,2702,0.001584,0.018125,3.4965,0.132125,3.650917,5503.650917
poia_webauthn,PoIA with WebAuthn,120,2703,0.001833,0.018208,3.496459,0.131333,3.65025,5503.65025
poia_webauthn,PoIA with WebAuthn,120,2704,0.001708,0.021708,6.702959,0.131,6.859916,5506.859916
poia_webauthn,PoIA with WebAuthn,120,2705,0.001625,0.018,3.487792,0.131125,3.641083,5503.641083
poia_webauthn,PoIA with WebAuthn,120,2706,0.001583,0.018,6.697708,0.142375,6.862084,5506.862084
poia_webauthn,PoIA with WebAuthn,120,2707,0.001667,0.017583,3.488084,0.146667,3.6565,5503.6565
poia_webauthn,PoIA with WebAuthn,120,2708,0.001625,0.017625,3.504125,0.130167,3.656042,5503.656042
poia_webauthn,PoIA with WebAuthn,120,2709,0.001667,0.01775,3.49675,0.132458,3.651125,5503.651125
poia_webauthn,PoIA with WebAuthn,120,2710,0.001708,0.021791,3.509292,0.131375,3.66675,5503.66675
poia_webauthn,PoIA with WebAuthn,120,2711,0.001583,0.018,3.51525,0.130709,3.668042,5503.668042
poia_webauthn,PoIA with WebAuthn,120,2712,0.001791,0.018125,12.435375,13.370333,25.828583,5525.828583
poia_webauthn,PoIA with WebAuthn,120,2713,0.001625,0.017709,3.494,0.134042,3.649875,5503.649875
poia_webauthn,PoIA with WebAuthn,120,2714,0.002,0.018166,13.327209,0.134959,13.484917,5513.484917
poia_webauthn,PoIA with WebAuthn,120,2715,0.001708,0.017875,3.490208,0.131792,3.644042,5503.644042
poia_webauthn,PoIA with WebAuthn,120,2716,0.001667,0.018084,13.328625,0.130958,13.481792,5513.481792
poia_webauthn,PoIA with WebAuthn,120,2717,0.001625,0.01775,3.323459,3.505,6.850834,5506.850834
poia_webauthn,PoIA with WebAuthn,120,2718,0.002209,0.036459,6.594208,3.52825,10.164291,5510.164291
poia_webauthn,PoIA with WebAuthn,120,2719,0.001791,0.018458,9.859333,6.753833,16.636583,5516.636583
poia_webauthn,PoIA with WebAuthn,120,2720,0.001583,0.017542,3.541375,0.130375,3.693375,5503.693375
poia_webauthn,PoIA with WebAuthn,120,2721,0.00175,0.017958,3.536375,0.130792,3.689375,5503.689375
poia_webauthn,PoIA with WebAuthn,120,2722,0.001666,0.018167,3.333042,6.767375,10.123208,5510.123208
poia_webauthn,PoIA with WebAuthn,120,2723,0.001833,0.018625,25.641916,0.131,25.796,5525.796
poia_webauthn,PoIA with WebAuthn,120,2724,0.001667,0.017833,3.384333,0.14225,3.548667,5503.548667
poia_webauthn,PoIA with WebAuthn,120,2725,0.001708,0.017541,3.357333,13.288917,16.668416,5516.668416
poia_webauthn,PoIA with WebAuthn,120,2726,0.001667,0.017917,3.424875,0.130833,3.577833,5503.577833
poia_webauthn,PoIA with WebAuthn,120,2727,0.00175,0.017917,3.417791,0.131459,3.571458,5503.571458
poia_webauthn,PoIA with WebAuthn,120,2728,0.00175,0.017792,3.407583,0.1315,3.561166,5503.561166
poia_webauthn,PoIA with WebAuthn,120,2729,0.001833,0.017959,3.409125,0.131208,3.56275,5503.56275
poia_webauthn,PoIA with WebAuthn,120,2730,0.001958,0.021584,6.577333,6.812167,13.416167,5513.416167
poia_webauthn,PoIA with WebAuthn,120,2731,0.001708,0.017833,3.437042,0.153458,3.612625,5503.612625
poia_webauthn,PoIA with WebAuthn,120,2732,0.001792,0.018083,3.446916,0.144166,3.613458,5503.613458
poia_webauthn,PoIA with WebAuthn,120,2733,0.0025,0.032875,3.321959,6.927708,10.288917,5510.288917
poia_webauthn,PoIA with WebAuthn,120,2734,0.00175,0.017833,6.619792,6.947375,13.589792,5513.589792
poia_webauthn,PoIA with WebAuthn,120,2735,0.001709,0.017875,3.554458,0.131375,3.707958,5503.707958
poia_webauthn,PoIA with WebAuthn,120,2736,0.001666,0.017834,3.553875,0.13125,3.707209,5503.707209
poia_webauthn,PoIA with WebAuthn,120,2737,0.001667,0.017708,9.992792,3.563875,13.578666,5513.578666
poia_webauthn,PoIA with WebAuthn,120,2738,0.001708,0.017625,3.494375,3.602041,7.11875,5507.11875
poia_webauthn,PoIA with WebAuthn,120,2739,0.001667,0.017833,3.603,0.133416,3.758375,5503.758375
poia_webauthn,PoIA with WebAuthn,120,2740,0.001625,0.020334,3.596375,0.130917,3.751792,5503.751792
poia_webauthn,PoIA with WebAuthn,120,2741,0.001667,0.017917,3.595459,0.13125,3.748833,5503.748833
poia_webauthn,PoIA with WebAuthn,120,2742,0.00175,0.01775,3.597042,0.130375,3.749375,5503.749375
poia_webauthn,PoIA with WebAuthn,120,2743,0.001875,0.021334,3.507167,3.585458,7.119,5507.119
poia_webauthn,PoIA with WebAuthn,120,2744,0.00175,0.018333,6.740166,3.591417,10.354792,5510.354792
poia_webauthn,PoIA with WebAuthn,120,2745,0.001791,0.017542,3.606417,0.13125,3.759583,5503.759583
poia_webauthn,PoIA with WebAuthn,120,2746,0.001667,0.017833,3.60625,0.131166,3.7595,5503.7595
poia_webauthn,PoIA with WebAuthn,120,2747,0.001791,0.018166,6.863417,0.132167,7.018125,5507.018125
poia_webauthn,PoIA with WebAuthn,120,2748,0.001833,0.017833,10.229959,0.131084,10.383334,5510.383334
poia_webauthn,PoIA with WebAuthn,120,2749,0.001875,0.02125,3.566083,0.131125,3.722833,5503.722833
poia_webauthn,PoIA with WebAuthn,120,2750,0.001625,0.017791,10.2275,0.130834,10.380334,5510.380334
poia_webauthn,PoIA with WebAuthn,120,2751,0.001834,0.021333,6.672417,6.856375,13.555083,5513.555083
poia_webauthn,PoIA with WebAuthn,120,2752,0.001792,0.017875,3.56175,0.144084,3.728125,5503.728125
poia_webauthn,PoIA with WebAuthn,120,2753,0.001625,0.021292,3.574166,0.131667,3.731334,5503.731334
poia_webauthn,PoIA with WebAuthn,120,2754,0.001667,0.01775,3.5785,0.131709,3.73225,5503.73225
poia_webauthn,PoIA with WebAuthn,120,2755,0.001709,0.017792,6.654167,6.962208,13.638917,5513.638917
poia_webauthn,PoIA with WebAuthn,120,2756,0.001709,0.018708,3.559875,0.13075,3.713875,5503.713875
poia_webauthn,PoIA with WebAuthn,120,2757,0.001833,0.018708,3.557459,0.130542,3.711084,5503.711084
poia_webauthn,PoIA with WebAuthn,120,2758,0.002041,0.0215,3.512625,6.951083,10.490417,5510.490417
poia_webauthn,PoIA with WebAuthn,120,2759,0.001792,0.017834,3.53375,0.134583,3.690459,5503.690459
poia_webauthn,PoIA with WebAuthn,120,2760,0.001833,0.018208,3.53525,0.135042,3.692959,5503.692959
poia_webauthn,PoIA with WebAuthn,120,2761,0.001708,0.018208,13.459334,3.516292,16.9985,5516.9985
poia_webauthn,PoIA with WebAuthn,120,2762,0.001708,0.017583,6.975375,3.536334,10.534042,5510.534042
poia_webauthn,PoIA with WebAuthn,120,2763,0.001959,0.021125,13.585792,0.132167,13.743375,5513.743375
poia_webauthn,PoIA with WebAuthn,120,2764,0.001667,0.017875,10.383583,0.131125,10.536708,5510.536708
poia_webauthn,PoIA with WebAuthn,120,2765,0.001708,0.017833,3.49025,7.041958,10.55475,5510.55475
poia_webauthn,PoIA with WebAuthn,120,2766,0.001917,0.031667,7.047459,0.137708,7.221542,5507.221542
poia_webauthn,PoIA with WebAuthn,120,2767,0.001792,0.021417,3.595666,0.131375,3.752834,5503.752834
poia_webauthn,PoIA with WebAuthn,120,2768,0.001958,0.021042,3.574292,3.600208,7.200625,5507.200625
poia_webauthn,PoIA with WebAuthn,120,2769,0.002042,0.021583,3.572709,3.608083,7.207292,5507.207292
poia_webauthn,PoIA with WebAuthn,120,2770,0.001875,0.031542,6.959,3.627334,10.622834,5510.622834
poia_webauthn,PoIA with WebAuthn,120,2771,0.002292,0.027125,3.384334,7.03225,10.449208,5510.449208
poia_webauthn,PoIA with WebAuthn,120,2772,0.001875,0.021542,7.100875,0.142416,7.269291,5507.269291
poia_webauthn,PoIA with WebAuthn,120,2773,0.001792,0.017833,7.114958,0.133416,7.270708,5507.270708
poia_webauthn,PoIA with WebAuthn,120,2774,0.001708,0.018166,7.105875,0.132375,7.260708,5507.260708
poia_webauthn,PoIA with WebAuthn,120,2775,0.002,0.033167,3.421084,16.95325,20.412625,5520.412625
poia_webauthn,PoIA with WebAuthn,120,2776,0.001666,0.017417,7.107792,0.131083,7.2605,5507.2605
poia_webauthn,PoIA with WebAuthn,120,2777,0.001709,0.017917,3.667667,0.1315,3.821416,5503.821416
poia_webauthn,PoIA with WebAuthn,120,2778,0.001958,0.021375,3.662667,0.132,3.820584,5503.820584
poia_webauthn,PoIA with WebAuthn,120,2779,0.001792,0.018208,3.653667,0.131458,3.807791,5503.807791
poia_webauthn,PoIA with WebAuthn,120,2780,0.001667,0.01775,3.651208,0.121334,3.794083,5503.794083
poia_webauthn,PoIA with WebAuthn,120,2781,0.00175,0.022166,3.638,0.131917,3.796417,5503.796417
poia_webauthn,PoIA with WebAuthn,120,2782,0.001959,0.021459,7.038,0.131542,7.195583,5507.195583
poia_webauthn,PoIA with WebAuthn,120,2783,0.001792,0.017833,3.616583,0.130209,3.769,5503.769
poia_webauthn,PoIA with WebAuthn,120,2784,0.001958,0.021167,6.945625,3.617875,10.58975,5510.58975
poia_webauthn,PoIA with WebAuthn,120,2785,0.002,0.02125,7.011583,0.130334,7.16775,5507.16775
poia_webauthn,PoIA with WebAuthn,120,2786,0.002,0.021583,6.984125,0.140583,7.150917,5507.150917
poia_webauthn,PoIA with WebAuthn,120,2787,0.001834,0.021458,3.597959,0.130625,3.7545,5503.7545
poia_webauthn,PoIA with WebAuthn,120,2788,0.002,0.021125,3.571,0.130709,3.727417,5503.727417
poia_webauthn,PoIA with WebAuthn,120,2789,0.001667,0.017875,3.564375,0.132459,3.718917,5503.718917
poia_webauthn,PoIA with WebAuthn,120,2790,0.001667,0.0175,3.567833,0.131333,3.720916,5503.720916
poia_webauthn,PoIA with WebAuthn,120,2791,0.002042,0.022167,6.973667,0.13175,7.13225,5507.13225
poia_webauthn,PoIA with WebAuthn,120,2792,0.001917,0.018167,3.507208,0.130792,3.660709,5503.660709
poia_webauthn,PoIA with WebAuthn,120,2793,0.001958,0.021291,3.589916,3.505125,7.121334,5507.121334
poia_webauthn,PoIA with WebAuthn,120,2794,0.002083,0.021667,3.470292,0.132375,3.629209,5503.629209
poia_webauthn,PoIA with WebAuthn,120,2795,0.00175,0.018292,6.894666,0.129875,7.047208,5507.047208
poia_webauthn,PoIA with WebAuthn,120,2796,0.002,0.018792,3.437667,0.130833,3.592167,5503.592167
poia_webauthn,PoIA with WebAuthn,120,2797,0.00175,0.018,6.959584,0.130792,7.112709,5507.112709
poia_webauthn,PoIA with WebAuthn,120,2798,0.00175,0.017958,3.445959,0.130375,3.598708,5503.598708
poia_webauthn,PoIA with WebAuthn,120,2799,0.002041,0.02125,3.421542,0.131041,3.578417,5503.578417
poia_webauthn,PoIA with WebAuthn,120,2800,0.00175,0.018041,3.429208,0.131042,3.58275,5503.58275
poia_webauthn,PoIA with WebAuthn,120,2801,0.00175,0.018167,3.429208,0.137459,3.589167,5503.589167
poia_webauthn,PoIA with WebAuthn,120,2802,0.001834,0.017875,3.435583,0.131083,3.588916,5503.588916
poia_webauthn,PoIA with WebAuthn,120,2803,0.001792,0.018375,3.423709,0.130625,3.577125,5503.577125
poia_webauthn,PoIA with WebAuthn,120,2804,0.001459,0.018042,3.447833,0.13075,3.600625,5503.600625
poia_webauthn,PoIA with WebAuthn,120,2805,0.001792,0.021584,3.43775,0.130458,3.594208,5503.594208
poia_webauthn,PoIA with WebAuthn,120,2806,0.002208,0.021334,3.600083,3.453417,7.080208,5507.080208
poia_webauthn,PoIA with WebAuthn,120,2807,0.001709,0.017834,6.934833,0.130542,7.087458,5507.087458
poia_webauthn,PoIA with WebAuthn,120,2808,0.001875,0.018459,6.930167,0.132416,7.085708,5507.085708
poia_webauthn,PoIA with WebAuthn,120,2809,0.001791,0.017833,10.310292,0.130625,10.463083,5510.463083
poia_webauthn,PoIA with WebAuthn,120,2810,0.001708,0.017708,3.434917,0.13225,3.589167,5503.589167
poia_webauthn,PoIA with WebAuthn,120,2811,0.001625,0.018125,10.312875,0.141583,10.476916,5510.476916
poia_webauthn,PoIA with WebAuthn,120,2812,0.00175,0.018083,3.436625,0.148875,3.607834,5503.607834
poia_webauthn,PoIA with WebAuthn,120,2813,0.002083,0.021291,6.826542,0.131125,6.983667,5506.983667
poia_webauthn,PoIA with WebAuthn,120,2814,0.00175,0.018125,3.454333,0.131458,3.608208,5503.608208
poia_webauthn,PoIA with WebAuthn,120,2815,0.001833,0.021125,3.517084,3.434042,6.977042,5506.977042
poia_webauthn,PoIA with WebAuthn,120,2816,0.002125,0.021542,3.496875,3.461375,6.985,5506.985
poia_webauthn,PoIA with WebAuthn,120,2817,0.001875,0.018,3.621208,6.852583,10.496917,5510.496917
poia_webauthn,PoIA with WebAuthn,120,2818,0.001792,0.017625,10.37425,0.133375,10.529667,5510.529667
poia_webauthn,PoIA with WebAuthn,120,2819,0.001792,0.018208,6.846792,0.131584,7.001042,5507.001042
poia_webauthn,PoIA with WebAuthn,120,2820,0.002084,0.02125,3.277833,20.493125,23.797291,5523.797291
poia_webauthn,PoIA with WebAuthn,120,2821,0.001833,0.01775,3.511208,0.131917,3.665291,5503.665291
poia_webauthn,PoIA with WebAuthn,120,2822,0.001916,0.021125,13.779875,0.132334,13.937917,5513.937917
poia_webauthn,PoIA with WebAuthn,120,2823,0.001625,0.017875,3.507875,0.131792,3.661666,5503.661666
poia_webauthn,PoIA with WebAuthn,120,2824,0.001959,0.021042,10.32175,0.14175,10.489083,5510.489083
poia_webauthn,PoIA with WebAuthn,120,2825,0.001625,0.017708,3.521042,0.131083,3.673959,5503.673959
poia_webauthn,PoIA with WebAuthn,120,2826,0.001667,0.017625,10.331584,0.131333,10.484834,5510.484834
poia_webauthn,PoIA with WebAuthn,120,2827,0.001666,0.018167,3.43675,3.53575,6.995417,5506.995417
poia_webauthn,PoIA with WebAuthn,120,2828,0.001792,0.018,3.439167,3.553416,7.015333,5507.015333
poia_webauthn,PoIA with WebAuthn,120,2829,0.001917,0.020875,3.448,3.548125,7.021958,5507.021958
poia_webauthn,PoIA with WebAuthn,120,2830,0.001833,0.017792,6.870792,0.13125,7.02425,5507.02425
poia_webauthn,PoIA with WebAuthn,120,2831,0.001708,0.017916,6.861084,0.141041,7.024333,5507.024333
poia_webauthn,PoIA with WebAuthn,120,2832,0.001709,0.017875,10.308834,3.578708,13.910208,5513.910208
poia_webauthn,PoIA with WebAuthn,120,2833,0.001583,0.017666,6.900041,0.133167,7.055208,5507.055208
poia_webauthn,PoIA with WebAuthn,120,2834,0.002,0.021583,10.322417,0.131209,10.479834,5510.479834
poia_webauthn,PoIA with WebAuthn,120,2835,0.001792,0.017791,6.904334,0.131125,7.057625,5507.057625
poia_webauthn,PoIA with WebAuthn,120,2836,0.001875,0.021625,10.287208,0.131542,10.444792,5510.444792
poia_webauthn,PoIA with WebAuthn,120,2837,0.001625,0.0175,6.905208,0.133125,7.06,5507.06
poia_webauthn,PoIA with WebAuthn,120,2838,0.001958,0.021583,6.884167,0.140958,7.051375,5507.051375
poia_webauthn,PoIA with WebAuthn,120,2839,0.002042,0.02175,3.561417,0.13475,3.722542,5503.722542
poia_webauthn,PoIA with WebAuthn,120,2840,0.002083,0.021458,3.538917,0.134708,3.699709,5503.699709
poia_webauthn,PoIA with WebAuthn,120,2841,0.001833,0.021792,3.523917,3.496875,7.0475,5507.0475
poia_webauthn,PoIA with WebAuthn,120,2842,0.001667,0.017625,3.528417,3.524917,7.075667,5507.075667
poia_webauthn,PoIA with WebAuthn,120,2843,0.001667,0.017708,6.934834,0.131458,7.088166,5507.088166
poia_webauthn,PoIA with WebAuthn,120,2844,0.001625,0.02125,6.932,0.131083,7.0885,5507.0885
poia_webauthn,PoIA with WebAuthn,120,2845,0.001791,0.01825,10.377458,3.545958,13.946583,5513.946583
poia_webauthn,PoIA with WebAuthn,120,2846,0.001666,0.01775,3.53925,3.563458,7.124708,5507.124708
poia_webauthn,PoIA with WebAuthn,120,2847,0.001833,0.024625,3.53275,0.144583,3.7065,5503.7065
poia_webauthn,PoIA with WebAuthn,120,2848,0.001666,0.017875,6.968292,0.131708,7.122,5507.122
poia_webauthn,PoIA with WebAuthn,120,2849,0.001625,0.018167,3.57925,0.131791,3.733292,5503.733292
poia_webauthn,PoIA with WebAuthn,120,2850,0.001875,0.028875,3.494916,0.131084,3.6595,5503.6595
poia_webauthn,PoIA with WebAuthn,120,2851,0.001708,0.017791,7.030042,0.13425,7.186375,5507.186375
poia_webauthn,PoIA with WebAuthn,120,2852,0.001667,0.017875,6.965875,0.130875,7.118791,5507.118791
poia_webauthn,PoIA with WebAuthn,120,2853,0.001833,0.0185,3.563833,0.140667,3.727583,5503.727583
poia_webauthn,PoIA with WebAuthn,120,2854,0.001875,0.021167,3.566875,0.130666,3.72325,5503.72325
poia_webauthn,PoIA with WebAuthn,120,2855,0.002,0.021291,3.546459,0.130583,3.702958,5503.702958
poia_webauthn,PoIA with WebAuthn,120,2856,0.001917,0.021,6.951166,0.131875,7.108541,5507.108541
poia_webauthn,PoIA with WebAuthn,120,2857,0.00175,0.029209,3.442833,0.130875,3.607417,5503.607417
poia_webauthn,PoIA with WebAuthn,120,2858,0.002084,0.021,3.498292,0.135667,3.659667,5503.659667
poia_webauthn,PoIA with WebAuthn,120,2859,0.001667,0.017583,6.9465,0.130375,7.098667,5507.098667
poia_webauthn,PoIA with WebAuthn,120,2860,0.001791,0.021417,3.497625,0.142542,3.666083,5503.666083
poia_webauthn,PoIA with WebAuthn,120,2861,0.00175,0.018292,6.9545,0.132875,7.11,5507.11
poia_webauthn,PoIA with WebAuthn,120,2862,0.001833,0.018208,3.512625,0.130959,3.666209,5503.666209
poia_webauthn,PoIA with WebAuthn,120,2863,0.001708,0.017834,6.951208,0.131,7.104334,5507.104334
poia_webauthn,PoIA with WebAuthn,120,2864,0.00225,0.022917,6.879375,0.133,7.040167,5507.040167
poia_webauthn,PoIA with WebAuthn,120,2865,0.00175,0.018583,3.520292,0.143416,3.686708,5503.686708
poia_webauthn,PoIA with WebAuthn,120,2866,0.002209,0.021875,3.503333,0.132083,3.662042,5503.662042
poia_webauthn,PoIA with WebAuthn,120,2867,0.001958,0.017917,6.89575,0.131166,7.049458,5507.049458
poia_webauthn,PoIA with WebAuthn,120,2868,0.001667,0.018166,3.500209,0.131,3.653542,5503.653542
poia_webauthn,PoIA with WebAuthn,120,2869,0.001958,0.021,3.476667,0.131666,3.633917,5503.633917
poia_webauthn,PoIA with WebAuthn,120,2870,0.001625,0.021709,3.454959,0.130791,3.611709,5503.611709
poia_webauthn,PoIA with WebAuthn,120,2871,0.001833,0.018583,6.907042,0.130833,7.060875,5507.060875
poia_webauthn,PoIA with WebAuthn,120,2872,0.001667,0.018,3.455041,0.142292,3.619542,5503.619542
poia_webauthn,PoIA with WebAuthn,120,2873,0.00175,0.017875,6.896417,0.142292,7.060958,5507.060958
poia_webauthn,PoIA with WebAuthn,120,2874,0.001791,0.018333,3.466792,0.131583,3.621083,5503.621083
poia_webauthn,PoIA with WebAuthn,120,2875,0.001666,0.017875,6.911625,0.131041,7.064708,5507.064708
poia_webauthn,PoIA with WebAuthn,120,2876,0.002125,0.022167,3.540625,6.891125,10.45925,5510.45925
poia_webauthn,PoIA with WebAuthn,120,2877,0.001667,0.017583,3.440584,0.130958,3.593292,5503.593292
poia_webauthn,PoIA with WebAuthn,120,2878,0.001625,0.017584,3.441,0.13225,3.595,5503.595
poia_webauthn,PoIA with WebAuthn,120,2879,0.001583,0.018209,3.461875,0.131584,3.615958,5503.615958
poia_webauthn,PoIA with WebAuthn,120,2880,0.001792,0.018292,10.286042,0.133,10.44175,5510.44175
poia_webauthn,PoIA with WebAuthn,120,2881,0.00175,0.017583,3.458709,0.131667,3.612333,5503.612333
poia_webauthn,PoIA with WebAuthn,120,2882,0.001834,0.018041,10.272375,0.132041,10.426791,5510.426791
poia_webauthn,PoIA with WebAuthn,120,2883,0.001792,0.017917,3.443875,0.130917,3.597125,5503.597125
poia_webauthn,PoIA with WebAuthn,120,2884,0.001709,0.018416,10.271167,0.131083,10.424916,5510.424916
poia_webauthn,PoIA with WebAuthn,120,2885,0.001834,0.018625,3.497042,3.46275,6.983375,5506.983375
poia_webauthn,PoIA with WebAuthn,120,2886,0.001708,0.017666,3.444,0.152875,3.618833,5503.618833
poia_webauthn,PoIA with WebAuthn,120,2887,0.001875,0.021375,6.810375,0.131791,6.967917,5506.967917
poia_webauthn,PoIA with WebAuthn,120,2888,0.001916,0.018708,3.41975,0.1435,3.586625,5503.586625
poia_webauthn,PoIA with WebAuthn,120,2889,0.00175,0.018083,6.78875,0.131,6.942042,5506.942042
poia_webauthn,PoIA with WebAuthn,120,2890,0.001666,0.018208,3.410709,0.131209,3.564375,5503.564375
poia_webauthn,PoIA with WebAuthn,120,2891,0.001916,0.0215,6.745791,0.131458,6.90325,5506.90325
poia_webauthn,PoIA with WebAuthn,120,2892,0.001584,0.017625,3.411209,0.142875,3.575916,5503.575916
poia_webauthn,PoIA with WebAuthn,120,2893,0.001666,0.017708,6.740333,0.120333,6.882125,5506.882125
poia_webauthn,PoIA with WebAuthn,120,2894,0.001667,0.01775,3.399875,0.131375,3.55325,5503.55325
poia_webauthn,PoIA with WebAuthn,120,2895,0.001708,0.017625,6.731166,0.130792,6.883791,5506.883791
poia_webauthn,PoIA with WebAuthn,120,2896,0.001625,0.0185,3.385083,0.131375,3.539084,5503.539084
poia_webauthn,PoIA with WebAuthn,120,2897,0.00175,0.017583,6.728791,0.134625,6.885333,5506.885333
poia_webauthn,PoIA with WebAuthn,120,2898,0.001708,0.017917,3.385333,0.131084,3.538584,5503.538584
poia_webauthn,PoIA with WebAuthn,120,2899,0.002,0.021458,6.867334,3.413208,10.306541,5510.306541
poia_webauthn,PoIA with WebAuthn,120,2900,0.001833,0.022209,10.1095,0.120792,10.256375,5510.256375
poia_webauthn,PoIA with WebAuthn,120,2901,0.001625,0.017959,3.384,0.132833,3.539041,5503.539041
poia_webauthn,PoIA with WebAuthn,120,2902,0.001875,0.017875,10.07825,0.131166,10.231833,5510.231833
poia_webauthn,PoIA with WebAuthn,120,2903,0.001625,0.018166,6.700333,0.134125,6.856958,5506.856958
poia_webauthn,PoIA with WebAuthn,120,2904,0.001792,0.017834,10.07975,0.131083,10.233084,5510.233084
poia_webauthn,PoIA with WebAuthn,120,2905,0.001792,0.020791,6.688459,0.13075,6.844417,5506.844417
poia_webauthn,PoIA with WebAuthn,120,2906,0.00175,0.01775,10.090958,0.131917,10.245,5510.245
poia_webauthn,PoIA with WebAuthn,120,2907,0.001666,0.017542,6.7035,0.130833,6.856083,5506.856083
poia_webauthn,PoIA with WebAuthn,120,2908,0.001958,0.021458,3.363,0.13425,3.523209,5503.523209
poia_webauthn,PoIA with WebAuthn,120,2909,0.001708,0.018,3.359417,0.130541,3.512208,5503.512208
poia_webauthn,PoIA with WebAuthn,120,2910,0.001792,0.017959,13.419833,0.131792,13.573917,5513.573917
poia_webauthn,PoIA with WebAuthn,120,2911,0.001875,0.02125,3.345666,0.1305,3.502041,5503.502041
poia_webauthn,PoIA with WebAuthn,120,2912,0.00175,0.017875,3.365625,0.130708,3.5185,5503.5185
poia_webauthn,PoIA with WebAuthn,120,2913,0.001625,0.018708,3.365875,0.131625,3.520375,5503.520375
poia_webauthn,PoIA with WebAuthn,120,2914,0.001709,0.028,3.359125,0.130667,3.522333,5503.522333
poia_webauthn,PoIA with WebAuthn,120,2915,0.001667,0.018041,3.358125,0.131292,3.511708,5503.511708
poia_webauthn,PoIA with WebAuthn,120,2916,0.001333,0.017459,3.387291,0.130084,3.538666,5503.538666
poia_webauthn,PoIA with WebAuthn,120,2917,0.00175,0.01825,3.379125,0.13075,3.532417,5503.532417
poia_webauthn,PoIA with WebAuthn,120,2918,0.001625,0.018375,3.391833,0.132917,3.547375,5503.547375
poia_webauthn,PoIA with WebAuthn,120,2919,0.001542,0.017666,3.393083,0.133333,3.548292,5503.548292
poia_webauthn,PoIA with WebAuthn,120,2920,0.001666,0.017917,3.395125,0.132917,3.550292,5503.550292
poia_webauthn,PoIA with WebAuthn,120,2921,0.001834,0.018125,13.644916,3.404333,17.071958,5517.071958
poia_webauthn,PoIA with WebAuthn,120,2922,0.001709,0.017792,3.457292,6.712458,10.192291,5510.192291
poia_webauthn,PoIA with WebAuthn,120,2923,0.001333,0.021625,3.464583,0.130625,3.620625,5503.620625
poia_webauthn,PoIA with WebAuthn,120,2924,0.001917,0.017959,3.459208,0.141666,3.623291,5503.623291
poia_webauthn,PoIA with WebAuthn,120,2925,0.001667,0.017708,3.472834,0.131041,3.62575,5503.62575
poia_webauthn,PoIA with WebAuthn,120,2926,0.001625,0.017958,3.470417,0.13125,3.623875,5503.623875
poia_webauthn,PoIA with WebAuthn,120,2927,0.001666,0.018333,3.474375,0.1315,3.6285,5503.6285
poia_webauthn,PoIA with WebAuthn,120,2928,0.001625,0.031667,3.4615,0.131,3.628459,5503.628459
poia_webauthn,PoIA with WebAuthn,120,2929,0.001666,0.018,3.459792,0.13175,3.613667,5503.613667
poia_webauthn,PoIA with WebAuthn,120,2930,0.001667,0.017833,3.459542,0.131458,3.613041,5503.613041
poia_webauthn,PoIA with WebAuthn,120,2931,0.001917,0.018167,3.518166,0.133667,3.674375,5503.674375
poia_webauthn,PoIA with WebAuthn,120,2932,0.001791,0.017667,3.523416,0.138083,3.683542,5503.683542
poia_webauthn,PoIA with WebAuthn,120,2933,0.00175,0.017792,3.530833,0.13225,3.685125,5503.685125
poia_webauthn,PoIA with WebAuthn,120,2934,0.001625,0.017542,3.533709,0.131,3.686375,5503.686375
poia_webauthn,PoIA with WebAuthn,120,2935,0.002458,0.022667,3.517375,30.554708,34.100916,5534.100916
poia_webauthn,PoIA with WebAuthn,120,2936,0.001666,0.01775,3.600833,0.131417,3.754083,5503.754083
poia_webauthn,PoIA with WebAuthn,120,2937,0.001625,0.021458,3.596166,0.144958,3.766792,5503.766792
poia_webauthn,PoIA with WebAuthn,120,2938,0.001708,0.0175,3.612625,0.131209,3.7655,5503.7655
poia_webauthn,PoIA with WebAuthn,120,2939,0.001625,0.017834,3.611666,0.131542,3.765208,5503.765208
poia_webauthn,PoIA with WebAuthn,120,2940,0.001625,0.017625,3.618416,0.131292,3.771542,5503.771542
poia_webauthn,PoIA with WebAuthn,120,2941,0.001666,0.017875,3.618709,0.131375,3.772167,5503.772167
poia_webauthn,PoIA with WebAuthn,120,2942,0.001708,0.018,6.654042,3.632166,10.308917,5510.308917
poia_webauthn,PoIA with WebAuthn,120,2943,0.002042,0.021833,3.375459,6.916416,10.318875,5510.318875
poia_webauthn,PoIA with WebAuthn,120,2944,0.001875,0.021625,6.8795,0.136333,7.041458,5507.041458
poia_webauthn,PoIA with WebAuthn,120,2945,0.001834,0.018,3.6345,0.132666,3.789625,5503.789625
poia_webauthn,PoIA with WebAuthn,120,2946,0.001709,0.017875,6.703459,3.625084,10.351292,5510.351292
poia_webauthn,PoIA with WebAuthn,120,2947,0.002084,0.021917,3.613084,0.131541,3.771166,5503.771166
poia_webauthn,PoIA with WebAuthn,120,2948,0.001666,0.0175,10.1975,0.131167,10.350375,5510.350375
poia_webauthn,PoIA with WebAuthn,120,2949,0.004208,0.018291,3.602584,0.131166,3.758792,5503.758792
poia_webauthn,PoIA with WebAuthn,120,2950,0.001792,0.01775,10.194958,0.130833,10.347917,5510.347917
poia_webauthn,PoIA with WebAuthn,120,2951,0.001667,0.01775,10.187125,0.132667,10.341708,5510.341708
poia_webauthn,PoIA with WebAuthn,120,2952,0.001583,0.017792,3.579958,0.131,3.732916,5503.732916
poia_webauthn,PoIA with WebAuthn,120,2953,0.001917,0.01825,13.387917,0.131583,13.542333,5513.542333
poia_webauthn,PoIA with WebAuthn,120,2954,0.001625,0.017708,3.578959,0.131041,3.731916,5503.731916
poia_webauthn,PoIA with WebAuthn,120,2955,0.00175,0.018125,13.446125,0.132625,13.60125,5513.60125
poia_webauthn,PoIA with WebAuthn,120,2956,0.001916,0.01825,3.517583,0.13125,3.671834,5503.671834
poia_webauthn,PoIA with WebAuthn,120,2957,0.001666,0.018292,10.124458,3.388042,13.535667,5513.535667
poia_webauthn,PoIA with WebAuthn,120,2958,0.001666,0.018,3.373334,0.131833,3.527375,5503.527375
poia_webauthn,PoIA with WebAuthn,120,2959,0.001917,0.018542,3.182166,0.134333,3.339875,5503.339875
poia_webauthn,PoIA with WebAuthn,120,2960,0.001709,0.018333,3.182625,0.131083,3.336291,5503.336291
poia_webauthn,PoIA with WebAuthn,120,2961,0.001708,0.019417,3.457333,13.039292,16.520833,5516.520833
poia_webauthn,PoIA with WebAuthn,120,2962,0.001625,0.021667,3.078292,0.1325,3.236458,5503.236458
poia_webauthn,PoIA with WebAuthn,120,2963,0.001792,0.018292,3.632584,2.837125,6.492791,5506.492791
poia_webauthn,PoIA with WebAuthn,120,2964,0.00175,0.022125,6.250333,0.13475,6.411459,5506.411459
poia_webauthn,PoIA with WebAuthn,120,2965,0.001791,0.017958,12.698708,0.123833,12.844333,5512.844333
poia_webauthn,PoIA with WebAuthn,120,2966,0.00175,0.017708,12.596417,0.134166,12.752417,5512.752417
poia_webauthn,PoIA with WebAuthn,120,2967,0.001583,0.017833,5.995333,0.133,6.150292,5506.150292
poia_webauthn,PoIA with WebAuthn,120,2968,0.001583,0.017708,10.194917,2.42475,12.642,5512.642
poia_webauthn,PoIA with WebAuthn,120,2969,0.001791,0.018583,10.001042,9.207125,19.231625,5519.231625
poia_webauthn,PoIA with WebAuthn,120,2970,0.001708,0.018167,2.356083,0.132584,2.510958,5502.510958
poia_webauthn,PoIA with WebAuthn,120,2971,0.001792,0.018209,12.27375,0.13225,12.428417,5512.428417
poia_webauthn,PoIA with WebAuthn,120,2972,0.001708,0.01825,5.596958,0.145834,5.765209,5505.765209
poia_webauthn,PoIA with WebAuthn,120,2973,0.001875,0.021125,5.313917,0.119375,5.458209,5505.458209
poia_webauthn,PoIA with WebAuthn,120,2974,0.001709,0.018458,15.317542,0.135917,15.476375,5515.476375
poia_webauthn,PoIA with WebAuthn,120,2975,0.00175,0.017834,3.520791,21.913084,25.456541,5525.456541
poia_webauthn,PoIA with WebAuthn,120,2976,0.001667,0.018042,3.381208,8.424625,11.8285,5511.8285
poia_webauthn,PoIA with WebAuthn,120,2977,0.00175,0.02175,15.106375,0.133167,15.26575,5515.26575
poia_webauthn,PoIA with WebAuthn,120,2978,0.001667,0.017833,4.757458,0.134583,4.91375,5504.91375
poia_webauthn,PoIA with WebAuthn,120,2979,0.001792,0.017958,4.459916,0.135458,4.617334,5504.617334
poia_webauthn,PoIA with WebAuthn,120,2980,0.001917,0.021292,2.630958,1.84075,4.497875,5504.497875
poia_webauthn,PoIA with WebAuthn,120,2981,0.001834,0.018125,4.462,0.132875,4.617542,5504.617542
poia_webauthn,PoIA with WebAuthn,120,2982,0.00175,0.017625,6.101875,1.853709,7.977958,5507.977958
poia_webauthn,PoIA with WebAuthn,120,2983,0.001875,0.021458,3.596209,4.167,7.789417,5507.789417
poia_webauthn,PoIA with WebAuthn,120,2984,0.00175,0.018167,5.848583,1.690833,7.562334,5507.562334
poia_webauthn,PoIA with WebAuthn,120,2985,0.001625,0.017833,2.35825,1.58075,3.9615,5503.9615
poia_webauthn,PoIA with WebAuthn,120,2986,0.001583,0.021125,2.310542,1.483708,3.819917,5503.819917
poia_webauthn,PoIA with WebAuthn,120,2987,0.0025,0.023584,9.007167,1.362542,10.401333,5510.401333
poia_webauthn,PoIA with WebAuthn,120,2988,0.001625,0.018167,6.162208,0.133667,6.318,5506.318
poia_webauthn,PoIA with WebAuthn,120,2989,0.001792,0.021667,5.936625,0.133667,6.096459,5506.096459
poia_webauthn,PoIA with WebAuthn,120,2990,0.001625,0.017708,4.254083,0.898958,5.17525,5505.17525
poia_webauthn,PoIA with WebAuthn,120,2991,0.001666,0.017667,2.466375,2.477125,4.965125,5504.965125
poia_webauthn,PoIA with WebAuthn,120,2992,0.002167,0.021417,3.522416,34.132542,37.68175,5537.68175
poia_webauthn,PoIA with WebAuthn,120,2993,0.002042,0.021625,4.735959,1.626417,6.389083,5506.389083
poia_webauthn,PoIA with WebAuthn,120,2994,0.001708,0.017792,4.147541,1.317042,5.486959,5505.486959
poia_webauthn,PoIA with WebAuthn,120,2995,0.001708,0.017917,5.673708,0.138709,5.834584,5505.834584
poia_webauthn,PoIA with WebAuthn,120,2996,0.001875,0.018375,7.409333,0.43575,7.8685,5507.8685
poia_webauthn,PoIA with WebAuthn,120,2997,0.001667,0.017916,4.312041,0.645125,4.979709,5504.979709
poia_webauthn,PoIA with WebAuthn,120,2998,0.001708,0.017833,8.561084,0.133709,8.71675,5508.71675
poia_webauthn,PoIA with WebAuthn,120,2999,0.002208,0.02225,6.224959,3.964292,10.216917,5510.216917
poia_webauthn,PoIA with WebAuthn,120,3000,0.002167,0.021416,6.77325,0.132167,6.9315,5506.9315
poia_zt_authenticator,PoIA with ZT-Authenticator,120,1,0.001292,0.01725,1.148291,1.015375,2.184708,3402.184708
poia_zt_authenticator,PoIA with ZT-Authenticator,120,2,0.002,0.018333,2.987292,1.552208,4.562959,3404.562959
poia_zt_authenticator,PoIA with ZT-Authenticator,120,3,0.00175,0.022042,10.438041,0.132959,10.597375,3410.597375
poia_zt_authenticator,PoIA with ZT-Authenticator,120,4,0.001875,0.018,3.074916,0.128709,3.226125,3403.226125
poia_zt_authenticator,PoIA with ZT-Authenticator,120,5,0.001917,0.018333,4.800208,2.954542,7.776791,3407.776791
poia_zt_authenticator,PoIA with ZT-Authenticator,120,6,0.002083,0.022709,6.415916,0.129792,6.573125,3406.573125
poia_zt_authenticator,PoIA with ZT-Authenticator,120,7,0.002,0.021334,1.955083,0.127542,2.108458,3402.108458
poia_zt_authenticator,PoIA with ZT-Authenticator,120,8,0.001958,0.018375,1.365875,0.144166,1.533,3401.533
poia_zt_authenticator,PoIA with ZT-Authenticator,120,9,0.001625,0.018125,3.492583,0.134125,3.649083,3403.649083
poia_zt_authenticator,PoIA with ZT-Authenticator,120,10,0.001958,0.021625,1.206542,2.842292,4.075667,3404.075667
poia_zt_authenticator,PoIA with ZT-Authenticator,120,11,0.0015,0.018417,2.325458,1.799042,4.147542,3404.147542
poia_zt_authenticator,PoIA with ZT-Authenticator,120,12,0.002,0.018291,3.730084,0.129458,3.8825,3403.8825
poia_zt_authenticator,PoIA with ZT-Authenticator,120,13,0.001333,0.0175,3.762375,0.130375,3.914084,3403.914084
poia_zt_authenticator,PoIA with ZT-Authenticator,120,14,0.001833,0.017958,5.151209,0.147166,5.321042,3405.321042
poia_zt_authenticator,PoIA with ZT-Authenticator,120,15,0.001959,0.022166,7.0375,20.9815,28.0455,3428.0455
poia_zt_authenticator,PoIA with ZT-Authenticator,120,16,0.001792,0.017666,2.693959,0.127542,2.843375,3402.843375
poia_zt_authenticator,PoIA with ZT-Authenticator,120,17,0.001958,0.021083,2.147834,0.131167,2.304542,3402.304542
poia_zt_authenticator,PoIA with ZT-Authenticator,120,18,0.002125,0.020333,2.699208,0.135375,2.859834,3402.859834
poia_zt_authenticator,PoIA with ZT-Authenticator,120,19,0.002417,0.049083,3.818084,2.668625,6.541208,3406.541208
poia_zt_authenticator,PoIA with ZT-Authenticator,120,20,0.00175,0.01725,0.050459,0.117625,0.189,3400.189
poia_zt_authenticator,PoIA with ZT-Authenticator,120,21,0.001666,0.017583,3.639791,0.123042,3.783833,3403.783833
poia_zt_authenticator,PoIA with ZT-Authenticator,120,22,0.001667,0.017708,3.535084,1.822542,5.38,3405.38
poia_zt_authenticator,PoIA with ZT-Authenticator,120,23,0.00175,0.017917,0.051625,0.114667,0.187792,3400.187792
poia_zt_authenticator,PoIA with ZT-Authenticator,120,24,0.001917,0.017917,0.565458,0.127792,0.715666,3400.715666
poia_zt_authenticator,PoIA with ZT-Authenticator,120,25,0.001667,0.017583,1.931416,0.127167,2.080292,3402.080292
poia_zt_authenticator,PoIA with ZT-Authenticator,120,26,0.002166,0.022458,3.054292,0.133167,3.21475,3403.21475
poia_zt_authenticator,PoIA with ZT-Authenticator,120,27,0.001875,0.021542,3.535333,0.124042,3.684792,3403.684792
poia_zt_authenticator,PoIA with ZT-Authenticator,120,28,0.00175,0.017709,6.414541,0.13275,6.5695,3406.5695
poia_zt_authenticator,PoIA with ZT-Authenticator,120,29,0.003459,0.03675,1.54925,0.138792,1.731708,3401.731708
poia_zt_authenticator,PoIA with ZT-Authenticator,120,30,0.001792,0.018,3.792125,0.1325,3.947,3403.947
poia_zt_authenticator,PoIA with ZT-Authenticator,120,31,0.002,0.022417,2.094125,0.130875,2.252042,3402.252042
poia_zt_authenticator,PoIA with ZT-Authenticator,120,32,0.001583,0.01775,1.697625,0.126959,1.846417,3401.846417
poia_zt_authenticator,PoIA with ZT-Authenticator,120,33,0.00175,0.017916,18.263166,0.135083,18.420291,3418.420291
poia_zt_authenticator,PoIA with ZT-Authenticator,120,34,0.002667,0.033834,1.557833,4.065542,5.663208,3405.663208
poia_zt_authenticator,PoIA with ZT-Authenticator,120,35,0.002917,0.0275,3.74775,0.128083,3.909333,3403.909333
poia_zt_authenticator,PoIA with ZT-Authenticator,120,36,0.001625,0.019458,1.941583,2.131,4.096625,3404.096625
poia_zt_authenticator,PoIA with ZT-Authenticator,120,37,0.001625,0.017541,1.155833,2.137791,3.315667,3403.315667
poia_zt_authenticator,PoIA with ZT-Authenticator,120,38,0.001583,0.017541,2.147708,0.141167,2.310542,3402.310542
poia_zt_authenticator,PoIA with ZT-Authenticator,120,39,0.002208,0.022083,1.267792,0.176416,1.472084,3401.472084
poia_zt_authenticator,PoIA with ZT-Authenticator,120,40,0.001459,0.017833,7.536459,7.0255,14.584208,3414.584208
poia_zt_authenticator,PoIA with ZT-Authenticator,120,41,0.001959,0.018333,3.982959,0.134625,4.140625,3404.140625
poia_zt_authenticator,PoIA with ZT-Authenticator,120,42,0.002083,0.01875,1.582166,0.144083,1.749875,3401.749875
poia_zt_authenticator,PoIA with ZT-Authenticator,120,43,0.001666,0.017833,0.642042,0.138667,0.802708,3400.802708
poia_zt_authenticator,PoIA with ZT-Authenticator,120,44,0.001834,0.023542,1.217333,0.147958,1.393125,3401.393125
poia_zt_authenticator,PoIA with ZT-Authenticator,120,45,0.0015,0.017583,2.937083,0.129208,3.087958,3403.087958
poia_zt_authenticator,PoIA with ZT-Authenticator,120,46,0.001708,0.017875,1.115916,0.131958,1.27,3401.27
poia_zt_authenticator,PoIA with ZT-Authenticator,120,47,0.001708,0.017958,5.601791,0.130959,5.754917,3405.754917
poia_zt_authenticator,PoIA with ZT-Authenticator,120,48,0.002,0.017958,0.053958,0.120667,0.196584,3400.196584
poia_zt_authenticator,PoIA with ZT-Authenticator,120,49,0.002125,0.022416,0.05825,1.141958,1.227291,3401.227291
poia_zt_authenticator,PoIA with ZT-Authenticator,120,50,0.00175,0.018208,3.80075,0.129833,3.953084,3403.953084
poia_zt_authenticator,PoIA with ZT-Authenticator,120,51,0.002,0.021333,0.994459,1.1075,2.128375,3402.128375
poia_zt_authenticator,PoIA with ZT-Authenticator,120,52,0.003958,0.083333,3.438542,0.153375,3.683333,3403.683333
poia_zt_authenticator,PoIA with ZT-Authenticator,120,53,0.001625,0.017709,0.0505,0.117958,0.189667,3400.189667
poia_zt_authenticator,PoIA with ZT-Authenticator,120,54,0.002041,0.02225,0.067958,0.130291,0.224625,3400.224625
poia_zt_authenticator,PoIA with ZT-Authenticator,120,55,0.001416,0.019333,1.338375,0.129708,1.491375,3401.491375
poia_zt_authenticator,PoIA with ZT-Authenticator,120,56,0.001791,0.01775,3.214167,0.137,3.373333,3403.373333
poia_zt_authenticator,PoIA with ZT-Authenticator,120,57,0.00175,0.017666,1.536166,0.131042,1.689041,3401.689041
poia_zt_authenticator,PoIA with ZT-Authenticator,120,58,0.002125,0.022125,8.66525,0.138625,8.830875,3408.830875
poia_zt_authenticator,PoIA with ZT-Authenticator,120,59,0.00175,0.017583,3.237708,13.9315,17.1915,3417.1915
poia_zt_authenticator,PoIA with ZT-Authenticator,120,60,0.002125,0.022167,3.086625,0.128125,3.24175,3403.24175
poia_zt_authenticator,PoIA with ZT-Authenticator,120,61,0.001292,0.017542,1.78925,0.337125,2.147625,3402.147625
poia_zt_authenticator,PoIA with ZT-Authenticator,120,62,0.002167,0.021834,3.973416,0.135125,4.13525,3404.13525
poia_zt_authenticator,PoIA with ZT-Authenticator,120,63,0.001959,0.017833,1.166416,0.136,1.324833,3401.324833
poia_zt_authenticator,PoIA with ZT-Authenticator,120,64,0.001833,0.017709,1.933916,2.847875,4.804625,3404.804625
poia_zt_authenticator,PoIA with ZT-Authenticator,120,65,0.001417,0.017917,3.726667,3.000584,6.748917,3406.748917
poia_zt_authenticator,PoIA with ZT-Authenticator,120,66,0.00175,0.018458,4.9605,0.130583,5.113458,3405.113458
poia_zt_authenticator,PoIA with ZT-Authenticator,120,67,0.00275,0.023208,0.92275,0.1295,1.081041,3401.081041
poia_zt_authenticator,PoIA with ZT-Authenticator,120,68,0.0025,0.026,2.366375,2.256167,4.654208,3404.654208
poia_zt_authenticator,PoIA with ZT-Authenticator,120,69,0.002042,0.018167,10.433625,0.144042,10.6005,3410.6005
poia_zt_authenticator,PoIA with ZT-Authenticator,120,70,0.00175,0.017458,3.584875,0.141291,3.747917,3403.747917
poia_zt_authenticator,PoIA with ZT-Authenticator,120,71,0.001791,0.018542,0.715875,1.082208,1.821125,3401.821125
poia_zt_authenticator,PoIA with ZT-Authenticator,120,72,0.002042,0.018125,1.425708,0.133334,1.581833,3401.581833
poia_zt_authenticator,PoIA with ZT-Authenticator,120,73,0.001667,0.021584,3.78575,0.133375,3.945,3403.945
poia_zt_authenticator,PoIA with ZT-Authenticator,120,74,0.001875,0.019083,4.836041,0.131583,4.991083,3404.991083
poia_zt_authenticator,PoIA with ZT-Authenticator,120,75,0.002958,0.022584,1.296834,0.2115,1.551375,3401.551375
poia_zt_authenticator,PoIA with ZT-Authenticator,120,76,0.00175,0.01775,1.693792,0.130875,1.846666,3401.846666
poia_zt_authenticator,PoIA with ZT-Authenticator,120,77,0.001959,0.023042,4.458917,3.066459,7.553541,3407.553541
poia_zt_authenticator,PoIA with ZT-Authenticator,120,78,0.001625,0.017833,2.1595,0.130209,2.31175,3402.31175
poia_zt_authenticator,PoIA with ZT-Authenticator,120,79,0.003417,0.039958,1.457916,1.252041,2.756375,3402.756375
poia_zt_authenticator,PoIA with ZT-Authenticator,120,80,0.001459,0.017208,1.774875,0.142792,1.938917,3401.938917
poia_zt_authenticator,PoIA with ZT-Authenticator,120,81,0.001583,0.017292,3.28725,0.128833,3.437375,3403.437375
poia_zt_authenticator,PoIA with ZT-Authenticator,120,82,0.001792,0.018167,1.987917,0.133792,2.144125,3402.144125
poia_zt_authenticator,PoIA with ZT-Authenticator,120,83,0.001625,0.017791,1.849917,0.131208,2.003084,3402.003084
poia_zt_authenticator,PoIA with ZT-Authenticator,120,84,0.00175,0.017375,3.398,0.147667,3.567458,3403.567458
poia_zt_authenticator,PoIA with ZT-Authenticator,120,85,0.001667,0.017709,1.787,0.130208,1.939208,3401.939208
poia_zt_authenticator,PoIA with ZT-Authenticator,120,86,0.001708,0.030667,4.11625,6.528416,10.680209,3410.680209
poia_zt_authenticator,PoIA with ZT-Authenticator,120,87,0.001584,0.017625,6.403125,4.086125,10.511583,3410.511583
poia_zt_authenticator,PoIA with ZT-Authenticator,120,88,0.002083,0.022333,0.060125,0.122375,0.208917,3400.208917
poia_zt_authenticator,PoIA with ZT-Authenticator,120,89,0.002083,0.022875,0.825375,3.307626,4.160584,3404.160584
poia_zt_authenticator,PoIA with ZT-Authenticator,120,90,0.001875,0.017625,1.571375,0.131416,1.724709,3401.724709
poia_zt_authenticator,PoIA with ZT-Authenticator,120,91,0.001833,0.018,0.05175,0.1195,0.192958,3400.192958
poia_zt_authenticator,PoIA with ZT-Authenticator,120,92,0.001708,0.017209,1.871708,0.126958,2.020125,3402.020125
poia_zt_authenticator,PoIA with ZT-Authenticator,120,93,0.002,0.018041,0.537958,7.151292,7.712458,3407.712458
poia_zt_authenticator,PoIA with ZT-Authenticator,120,94,0.001917,0.021625,0.058709,1.192375,1.27675,3401.27675
poia_zt_authenticator,PoIA with ZT-Authenticator,120,95,0.002333,0.025417,3.095292,0.13475,3.260458,3403.260458
poia_zt_authenticator,PoIA with ZT-Authenticator,120,96,0.001666,0.017459,1.85225,0.1305,2.004542,3402.004542
poia_zt_authenticator,PoIA with ZT-Authenticator,120,97,0.001959,0.018292,3.786334,0.134458,3.943625,3403.943625
poia_zt_authenticator,PoIA with ZT-Authenticator,120,98,0.001708,0.017416,0.050625,0.129208,0.200875,3400.200875
poia_zt_authenticator,PoIA with ZT-Authenticator,120,99,0.002417,0.021959,1.671708,1.782834,3.482291,3403.482291
poia_zt_authenticator,PoIA with ZT-Authenticator,120,100,0.001458,0.01775,3.295791,0.132875,3.450417,3403.450417
poia_zt_authenticator,PoIA with ZT-Authenticator,120,101,0.001917,0.021292,0.056583,0.118875,0.200709,3400.200709
poia_zt_authenticator,PoIA with ZT-Authenticator,120,102,0.002,0.01925,1.085083,0.146584,1.255917,3401.255917
poia_zt_authenticator,PoIA with ZT-Authenticator,120,103,0.001875,0.021542,1.39275,0.134417,1.553125,3401.553125
poia_zt_authenticator,PoIA with ZT-Authenticator,120,104,0.001625,0.017542,3.617417,3.624291,7.264083,3407.264083
poia_zt_authenticator,PoIA with ZT-Authenticator,120,105,0.00275,0.02675,1.757042,3.752542,5.542708,3405.542708
poia_zt_authenticator,PoIA with ZT-Authenticator,120,106,0.002417,0.026041,1.99625,0.142833,2.170333,3402.170333
poia_zt_authenticator,PoIA with ZT-Authenticator,120,107,0.002292,0.021958,1.479625,0.13325,1.639875,3401.639875
poia_zt_authenticator,PoIA with ZT-Authenticator,120,108,0.002292,0.027042,0.822,1.222917,2.077876,3402.077876
poia_zt_authenticator,PoIA with ZT-Authenticator,120,109,0.001625,0.017417,1.691,0.126917,1.8395,3401.8395
poia_zt_authenticator,PoIA with ZT-Authenticator,120,110,0.001583,0.017583,7.454625,0.133834,7.610209,3407.610209
poia_zt_authenticator,PoIA with ZT-Authenticator,120,111,0.002333,0.022292,0.536917,0.124458,0.688209,3400.688209
poia_zt_authenticator,PoIA with ZT-Authenticator,120,112,0.001584,0.017792,3.319875,4.113125,7.454875,3407.454875
poia_zt_authenticator,PoIA with ZT-Authenticator,120,113,0.002875,0.025583,3.366292,0.13625,3.53425,3403.53425
poia_zt_authenticator,PoIA with ZT-Authenticator,120,114,0.001583,0.017334,0.854417,0.134791,1.010625,3401.010625
poia_zt_authenticator,PoIA with ZT-Authenticator,120,115,0.002,0.022667,3.117583,0.133583,3.278458,3403.278458
poia_zt_authenticator,PoIA with ZT-Authenticator,120,116,0.002167,0.025375,1.144958,0.141584,1.316958,3401.316958
poia_zt_authenticator,PoIA with ZT-Authenticator,120,117,0.002,0.022333,1.974708,0.133334,2.135083,3402.135083
poia_zt_authenticator,PoIA with ZT-Authenticator,120,118,0.001917,0.021167,1.918667,0.135208,2.079625,3402.079625
poia_zt_authenticator,PoIA with ZT-Authenticator,120,119,0.002167,0.026292,3.213125,0.1355,3.37975,3403.37975
poia_zt_authenticator,PoIA with ZT-Authenticator,120,120,0.001666,0.017917,1.00175,0.170375,1.194333,3401.194333
poia_zt_authenticator,PoIA with ZT-Authenticator,120,121,0.001583,0.017708,3.559084,0.144,3.724792,3403.724792
poia_zt_authenticator,PoIA with ZT-Authenticator,120,122,0.002209,0.0215,1.973208,3.644542,5.644125,3405.644125
poia_zt_authenticator,PoIA with ZT-Authenticator,120,123,0.002667,0.0265,1.126084,0.1335,1.291792,3401.291792
poia_zt_authenticator,PoIA with ZT-Authenticator,120,124,0.002042,0.021709,3.373291,0.131542,3.531458,3403.531458
poia_zt_authenticator,PoIA with ZT-Authenticator,120,125,0.002,0.02175,7.173917,0.144375,7.344667,3407.344667
poia_zt_authenticator,PoIA with ZT-Authenticator,120,126,0.002,0.021333,3.744667,0.132291,3.902958,3403.902958
poia_zt_authenticator,PoIA with ZT-Authenticator,120,127,0.001958,0.021209,1.049875,1.256542,2.332667,3402.332667
poia_zt_authenticator,PoIA with ZT-Authenticator,120,128,0.002417,0.025417,0.067583,1.657834,1.755958,3401.755958
poia_zt_authenticator,PoIA with ZT-Authenticator,120,129,0.002625,0.05475,3.770375,0.133958,3.965416,3403.965416
poia_zt_authenticator,PoIA with ZT-Authenticator,120,130,0.00225,0.022833,2.055833,0.130542,2.214083,3402.214083
poia_zt_authenticator,PoIA with ZT-Authenticator,120,131,0.001917,0.0185,1.435167,0.624666,2.082667,3402.082667
poia_zt_authenticator,PoIA with ZT-Authenticator,120,132,0.001833,0.01725,3.305458,3.878417,7.206167,3407.206167
poia_zt_authenticator,PoIA with ZT-Authenticator,120,133,0.001833,0.01775,3.652583,0.127125,3.801834,3403.801834
poia_zt_authenticator,PoIA with ZT-Authenticator,120,134,0.002,0.019458,2.29475,0.134125,2.452875,3402.452875
poia_zt_authenticator,PoIA with ZT-Authenticator,120,135,0.001333,0.01725,1.889,0.134416,2.044459,3402.044459
poia_zt_authenticator,PoIA with ZT-Authenticator,120,136,0.002333,0.0185,1.486292,0.13275,1.642542,3401.642542
poia_zt_authenticator,PoIA with ZT-Authenticator,120,137,0.001791,0.018,0.941292,0.146875,1.11075,3401.11075
poia_zt_authenticator,PoIA with ZT-Authenticator,120,138,0.002042,0.018375,10.510334,9.510583,20.044542,3420.044542
poia_zt_authenticator,PoIA with ZT-Authenticator,120,139,0.002458,0.02675,3.31625,31.001208,34.349958,3434.349958
poia_zt_authenticator,PoIA with ZT-Authenticator,120,140,0.001875,0.021125,2.045333,0.130584,2.201542,3402.201542
poia_zt_authenticator,PoIA with ZT-Authenticator,120,141,0.002125,0.022125,2.022084,0.13075,2.181625,3402.181625
poia_zt_authenticator,PoIA with ZT-Authenticator,120,142,0.005583,0.043666,0.11525,2.999958,3.168167,3403.168167
poia_zt_authenticator,PoIA with ZT-Authenticator,120,143,0.002542,0.022416,1.072458,0.128667,1.229084,3401.229084
poia_zt_authenticator,PoIA with ZT-Authenticator,120,144,0.002042,0.0185,3.503958,0.135625,3.662666,3403.662666
poia_zt_authenticator,PoIA with ZT-Authenticator,120,145,0.001958,0.021458,1.750458,0.554875,2.331375,3402.331375
poia_zt_authenticator,PoIA with ZT-Authenticator,120,146,0.001625,0.017791,4.605,0.145041,4.772125,3404.772125
poia_zt_authenticator,PoIA with ZT-Authenticator,120,147,0.002375,0.022458,0.745959,0.185833,0.961458,3400.961458
poia_zt_authenticator,PoIA with ZT-Authenticator,120,148,0.001958,0.02125,2.171208,0.131167,2.328083,3402.328083
poia_zt_authenticator,PoIA with ZT-Authenticator,120,149,0.002375,0.019125,1.383709,0.132833,1.540792,3401.540792
poia_zt_authenticator,PoIA with ZT-Authenticator,120,150,0.001958,0.021958,1.289125,0.132084,1.447667,3401.447667
poia_zt_authenticator,PoIA with ZT-Authenticator,120,151,0.002167,0.022083,21.818417,8.636583,30.482375,3430.482375
poia_zt_authenticator,PoIA with ZT-Authenticator,120,152,0.001958,0.022334,2.833334,2.232,5.091625,3405.091625
poia_zt_authenticator,PoIA with ZT-Authenticator,120,153,0.001833,0.0175,1.569916,3.228625,4.820959,3404.820959
poia_zt_authenticator,PoIA with ZT-Authenticator,120,154,0.002,0.017834,0.610458,0.132458,0.76525,3400.76525
poia_zt_authenticator,PoIA with ZT-Authenticator,120,155,0.002,0.0215,4.618458,0.134666,4.779416,3404.779416
poia_zt_authenticator,PoIA with ZT-Authenticator,120,156,0.001792,0.017833,3.4835,3.905917,7.412167,3407.412167
poia_zt_authenticator,PoIA with ZT-Authenticator,120,157,0.001708,0.018209,2.156292,0.128667,2.307583,3402.307583
poia_zt_authenticator,PoIA with ZT-Authenticator,120,158,0.001625,0.018125,1.3785,0.143959,1.545,3401.545
poia_zt_authenticator,PoIA with ZT-Authenticator,120,159,0.001708,0.018083,2.387625,0.140958,2.551042,3402.551042
poia_zt_authenticator,PoIA with ZT-Authenticator,120,160,0.001583,0.054083,11.662917,0.120125,11.84075,3411.84075
poia_zt_authenticator,PoIA with ZT-Authenticator,120,161,0.00175,0.018334,3.392666,1.429708,4.844917,3404.844917
poia_zt_authenticator,PoIA with ZT-Authenticator,120,162,0.001708,0.017625,0.66275,0.138542,0.822333,3400.822333
poia_zt_authenticator,PoIA with ZT-Authenticator,120,163,0.002167,0.026625,17.055125,0.139875,17.2265,3417.2265
poia_zt_authenticator,PoIA with ZT-Authenticator,120,164,0.001875,0.021458,1.169875,1.591084,2.787458,3402.787458
poia_zt_authenticator,PoIA with ZT-Authenticator,120,165,0.001625,0.017375,1.124042,0.130666,1.276125,3401.276125
poia_zt_authenticator,PoIA with ZT-Authenticator,120,166,0.002042,0.018709,1.093916,2.492917,3.610041,3403.610041
poia_zt_authenticator,PoIA with ZT-Authenticator,120,167,0.002166,0.01925,0.502625,0.668458,1.195709,3401.195709
poia_zt_authenticator,PoIA with ZT-Authenticator,120,168,0.001666,0.01775,2.274834,0.130583,2.427333,3402.427333
poia_zt_authenticator,PoIA with ZT-Authenticator,120,169,0.004542,0.034166,0.548916,0.570583,1.161417,3401.161417
poia_zt_authenticator,PoIA with ZT-Authenticator,120,170,0.001416,0.018166,1.877166,0.232667,2.1325,3402.1325
poia_zt_authenticator,PoIA with ZT-Authenticator,120,171,0.001583,0.018291,0.422834,3.454959,3.90025,3403.90025
poia_zt_authenticator,PoIA with ZT-Authenticator,120,172,0.001458,0.017708,3.470125,0.13375,3.625375,3403.625375
poia_zt_authenticator,PoIA with ZT-Authenticator,120,173,0.001875,0.01825,5.479292,0.13325,5.635375,3405.635375
poia_zt_authenticator,PoIA with ZT-Authenticator,120,174,0.002042,0.021834,0.058625,0.116334,0.200791,3400.200791
poia_zt_authenticator,PoIA with ZT-Authenticator,120,175,0.001958,0.017958,0.566209,0.131375,0.72,3400.72
poia_zt_authenticator,PoIA with ZT-Authenticator,120,176,0.002084,0.023458,8.572125,0.767125,9.367917,3409.367917
poia_zt_authenticator,PoIA with ZT-Authenticator,120,177,0.001834,0.017459,10.15025,3.575416,13.748,3413.748
poia_zt_authenticator,PoIA with ZT-Authenticator,120,178,0.001875,0.018333,5.387875,0.13125,5.541917,3405.541917
poia_zt_authenticator,PoIA with ZT-Authenticator,120,179,0.001667,0.01725,3.782916,0.131917,3.936292,3403.936292
poia_zt_authenticator,PoIA with ZT-Authenticator,120,180,0.001625,0.017791,1.994542,0.131417,2.147792,3402.147792
poia_zt_authenticator,PoIA with ZT-Authenticator,120,181,0.001542,0.017666,10.576541,0.201625,10.8005,3410.8005
poia_zt_authenticator,PoIA with ZT-Authenticator,120,182,0.001917,0.021375,1.971167,3.727,5.724584,3405.724584
poia_zt_authenticator,PoIA with ZT-Authenticator,120,183,0.0015,0.017917,1.95325,0.129833,2.105167,3402.105167
poia_zt_authenticator,PoIA with ZT-Authenticator,120,184,0.002417,0.025542,1.072208,5.150166,6.253625,3406.253625
poia_zt_authenticator,PoIA with ZT-Authenticator,120,185,0.001791,0.0215,0.80325,2.070542,2.900167,3402.900167
poia_zt_authenticator,PoIA with ZT-Authenticator,120,186,0.00225,0.022458,1.905792,1.447917,3.3815,3403.3815
poia_zt_authenticator,PoIA with ZT-Authenticator,120,187,0.001875,0.021125,1.277792,0.135625,1.438875,3401.438875
poia_zt_authenticator,PoIA with ZT-Authenticator,120,188,0.00175,0.019708,3.651042,0.132625,3.807666,3403.807666
poia_zt_authenticator,PoIA with ZT-Authenticator,120,189,0.0015,0.017375,5.336125,3.761541,9.119584,3409.119584
poia_zt_authenticator,PoIA with ZT-Authenticator,120,190,0.001541,0.0175,0.95125,0.131583,1.104458,3401.104458
poia_zt_authenticator,PoIA with ZT-Authenticator,120,191,0.002209,0.023625,5.95375,0.133083,6.115333,3406.115333
poia_zt_authenticator,PoIA with ZT-Authenticator,120,192,0.001791,0.018417,2.03725,1.555,3.615792,3403.615792
poia_zt_authenticator,PoIA with ZT-Authenticator,120,193,0.001917,0.02175,2.379,0.13275,2.538,3402.538
poia_zt_authenticator,PoIA with ZT-Authenticator,120,194,0.001666,0.017792,5.810708,0.131667,5.964417,3405.964417
poia_zt_authenticator,PoIA with ZT-Authenticator,120,195,0.001584,0.0175,1.510167,1.37325,2.905625,3402.905625
poia_zt_authenticator,PoIA with ZT-Authenticator,120,196,0.002333,0.0235,2.9705,0.137417,3.136125,3403.136125
poia_zt_authenticator,PoIA with ZT-Authenticator,120,197,0.002083,0.022833,1.335916,0.134708,1.498167,3401.498167
poia_zt_authenticator,PoIA with ZT-Authenticator,120,198,0.002125,0.023625,8.284792,1.435375,9.749,3409.749
poia_zt_authenticator,PoIA with ZT-Authenticator,120,199,0.002042,0.017916,1.844,0.13425,2.000709,3402.000709
poia_zt_authenticator,PoIA with ZT-Authenticator,120,200,0.001625,0.017458,4.483458,0.130166,4.63525,3404.63525
poia_zt_authenticator,PoIA with ZT-Authenticator,120,201,0.001875,0.018792,3.835917,0.1215,3.980292,3403.980292
poia_zt_authenticator,PoIA with ZT-Authenticator,120,202,0.002167,0.022417,1.1855,0.728333,1.941834,3401.941834
poia_zt_authenticator,PoIA with ZT-Authenticator,120,203,0.001792,0.0175,3.446958,3.555417,7.02475,3407.02475
poia_zt_authenticator,PoIA with ZT-Authenticator,120,204,0.001875,0.0175,1.581625,1.888833,3.496083,3403.496083
poia_zt_authenticator,PoIA with ZT-Authenticator,120,205,0.001833,0.022209,1.668792,1.86125,3.557166,3403.557166
poia_zt_authenticator,PoIA with ZT-Authenticator,120,206,0.001708,0.017709,2.15325,0.130666,2.305958,3402.305958
poia_zt_authenticator,PoIA with ZT-Authenticator,120,207,0.001625,0.017625,3.571583,0.131125,3.724459,3403.724459
poia_zt_authenticator,PoIA with ZT-Authenticator,120,208,0.001917,0.018208,1.624917,0.131084,1.778541,3401.778541
poia_zt_authenticator,PoIA with ZT-Authenticator,120,209,0.001584,0.031083,3.502,0.127708,3.665042,3403.665042
poia_zt_authenticator,PoIA with ZT-Authenticator,120,210,0.002,0.021375,0.988333,1.295458,2.310375,3402.310375
poia_zt_authenticator,PoIA with ZT-Authenticator,120,211,0.002084,0.01775,1.5485,1.896834,3.468333,3403.468333
poia_zt_authenticator,PoIA with ZT-Authenticator,120,212,0.001791,0.017667,1.847792,0.131625,2.001375,3402.001375
poia_zt_authenticator,PoIA with ZT-Authenticator,120,213,0.002041,0.021041,4.551333,0.135708,4.712833,3404.712833
poia_zt_authenticator,PoIA with ZT-Authenticator,120,214,0.002125,0.023083,0.054125,0.119791,0.201459,3400.201459
poia_zt_authenticator,PoIA with ZT-Authenticator,120,215,0.001834,0.021166,1.075209,1.902916,3.004291,3403.004291
poia_zt_authenticator,PoIA with ZT-Authenticator,120,216,0.002083,0.019167,6.779833,0.1345,6.938334,3406.938334
poia_zt_authenticator,PoIA with ZT-Authenticator,120,217,0.001708,0.017542,1.788167,0.130375,1.940292,3401.940292
poia_zt_authenticator,PoIA with ZT-Authenticator,120,218,0.001834,0.0175,4.403708,0.20625,4.632166,3404.632166
poia_zt_authenticator,PoIA with ZT-Authenticator,120,219,0.001833,0.0215,3.458709,0.134584,3.619292,3403.619292
poia_zt_authenticator,PoIA with ZT-Authenticator,120,220,0.001583,0.017583,1.349791,0.130541,1.502,3401.502
poia_zt_authenticator,PoIA with ZT-Authenticator,120,221,0.001834,0.018,1.6795,0.14675,1.84875,3401.84875
poia_zt_authenticator,PoIA with ZT-Authenticator,120,222,0.001375,0.01825,1.159083,0.128708,1.309708,3401.309708
poia_zt_authenticator,PoIA with ZT-Authenticator,120,223,0.001958,0.021041,3.666459,0.132625,3.824708,3403.824708
poia_zt_authenticator,PoIA with ZT-Authenticator,120,224,0.001666,0.018208,1.091917,0.151209,1.265458,3401.265458
poia_zt_authenticator,PoIA with ZT-Authenticator,120,225,0.00175,0.017459,1.9235,0.142334,2.087917,3402.087917
poia_zt_authenticator,PoIA with ZT-Authenticator,120,226,0.001667,0.0175,1.716041,0.126542,1.86425,3401.86425
poia_zt_authenticator,PoIA with ZT-Authenticator,120,227,0.00175,0.017541,5.391667,0.130833,5.544375,3405.544375
poia_zt_authenticator,PoIA with ZT-Authenticator,120,228,0.002041,0.025125,0.077417,0.304208,0.411458,3400.411458
poia_zt_authenticator,PoIA with ZT-Authenticator,120,229,0.001833,0.022334,3.54225,3.574042,7.143708,3407.143708
poia_zt_authenticator,PoIA with ZT-Authenticator,120,230,0.001833,0.018042,1.757791,1.762542,3.543167,3403.543167
poia_zt_authenticator,PoIA with ZT-Authenticator,120,231,0.001833,0.018416,1.651542,1.252084,2.926542,3402.926542
poia_zt_authenticator,PoIA with ZT-Authenticator,120,232,0.00175,0.017792,2.0095,0.131083,2.16275,3402.16275
poia_zt_authenticator,PoIA with ZT-Authenticator,120,233,0.001666,0.020416,0.704958,1.648166,2.378334,3402.378334
poia_zt_authenticator,PoIA with ZT-Authenticator,120,234,0.0025,0.027333,2.894208,0.135959,3.062583,3403.062583
poia_zt_authenticator,PoIA with ZT-Authenticator,120,235,0.002458,0.023042,17.92775,0.133125,18.088917,3418.088917
poia_zt_authenticator,PoIA with ZT-Authenticator,120,236,0.001625,0.027584,3.662542,0.131042,3.8255,3403.8255
poia_zt_authenticator,PoIA with ZT-Authenticator,120,237,0.001667,0.018291,0.424167,0.129708,0.5765,3400.5765
poia_zt_authenticator,PoIA with ZT-Authenticator,120,238,0.002,0.021416,3.726875,0.135459,3.88825,3403.88825
poia_zt_authenticator,PoIA with ZT-Authenticator,120,239,0.002084,0.021709,4.550083,6.637375,11.213708,3411.213708
poia_zt_authenticator,PoIA with ZT-Authenticator,120,240,0.001875,0.021292,3.896208,0.131417,4.053417,3404.053417
poia_zt_authenticator,PoIA with ZT-Authenticator,120,241,0.001625,0.017916,2.252042,0.725792,2.999375,3402.999375
poia_zt_authenticator,PoIA with ZT-Authenticator,120,242,0.001792,0.017833,1.934959,0.135334,2.0925,3402.0925
poia_zt_authenticator,PoIA with ZT-Authenticator,120,243,0.001625,0.019791,1.107125,0.131584,1.262708,3401.262708
poia_zt_authenticator,PoIA with ZT-Authenticator,120,244,0.001916,0.018333,2.718833,0.132834,2.874584,3402.874584
poia_zt_authenticator,PoIA with ZT-Authenticator,120,245,0.001667,0.029,10.69175,0.130209,10.85525,3410.85525
poia_zt_authenticator,PoIA with ZT-Authenticator,120,246,0.002083,0.022916,7.630917,0.132709,7.791292,3407.791292
poia_zt_authenticator,PoIA with ZT-Authenticator,120,247,0.002417,0.018958,3.353417,0.132458,3.509875,3403.509875
poia_zt_authenticator,PoIA with ZT-Authenticator,120,248,0.002041,0.018167,1.375334,0.1275,1.525709,3401.525709
poia_zt_authenticator,PoIA with ZT-Authenticator,120,249,0.001959,0.021959,3.633625,0.132667,3.792792,3403.792792
poia_zt_authenticator,PoIA with ZT-Authenticator,120,250,0.002083,0.050792,0.058708,0.12125,0.235167,3400.235167
poia_zt_authenticator,PoIA with ZT-Authenticator,120,251,0.001792,0.018042,7.822209,0.144709,7.989375,3407.989375
poia_zt_authenticator,PoIA with ZT-Authenticator,120,252,0.002125,0.01825,1.985,0.131625,2.139667,3402.139667
poia_zt_authenticator,PoIA with ZT-Authenticator,120,253,0.002166,0.022334,3.740666,0.115834,3.882833,3403.882833
poia_zt_authenticator,PoIA with ZT-Authenticator,120,254,0.002208,0.021542,3.242208,0.13075,3.399417,3403.399417
poia_zt_authenticator,PoIA with ZT-Authenticator,120,255,0.001333,0.017834,1.407583,0.131333,1.560542,3401.560542
poia_zt_authenticator,PoIA with ZT-Authenticator,120,256,0.001625,0.017834,2.760875,2.57425,5.357667,3405.357667
poia_zt_authenticator,PoIA with ZT-Authenticator,120,257,0.001666,0.017834,3.496333,0.128042,3.646417,3403.646417
poia_zt_authenticator,PoIA with ZT-Authenticator,120,258,0.001666,0.018042,1.537542,0.133625,1.693417,3401.693417
poia_zt_authenticator,PoIA with ZT-Authenticator,120,259,0.001916,0.017708,1.503875,0.128834,1.654875,3401.654875
poia_zt_authenticator,PoIA with ZT-Authenticator,120,260,0.002084,0.021459,13.908625,3.603666,17.539,3417.539
poia_zt_authenticator,PoIA with ZT-Authenticator,120,261,0.001709,0.01825,3.5575,0.1275,3.707458,3403.707458
poia_zt_authenticator,PoIA with ZT-Authenticator,120,262,0.002,0.02975,0.493834,0.134666,0.663125,3400.663125
poia_zt_authenticator,PoIA with ZT-Authenticator,120,263,0.001791,0.017958,4.424959,0.128083,4.575334,3404.575334
poia_zt_authenticator,PoIA with ZT-Authenticator,120,264,0.001833,0.018167,6.961833,0.123791,7.107875,3407.107875
poia_zt_authenticator,PoIA with ZT-Authenticator,120,265,0.002083,0.0185,1.463083,0.128292,1.614417,3401.614417
poia_zt_authenticator,PoIA with ZT-Authenticator,120,266,0.00175,0.018125,3.422667,0.133042,3.578125,3403.578125
poia_zt_authenticator,PoIA with ZT-Authenticator,120,267,0.001584,0.017333,1.786709,0.131041,1.939166,3401.939166
poia_zt_authenticator,PoIA with ZT-Authenticator,120,268,0.001958,0.018458,3.642209,3.378416,7.044167,3407.044167
poia_zt_authenticator,PoIA with ZT-Authenticator,120,269,0.002334,0.025459,0.566,0.144875,0.741625,3400.741625
poia_zt_authenticator,PoIA with ZT-Authenticator,120,270,0.002083,0.021667,1.16725,1.073417,2.267458,3402.267458
poia_zt_authenticator,PoIA with ZT-Authenticator,120,271,0.001625,0.017667,3.415959,0.129041,3.566792,3403.566792
poia_zt_authenticator,PoIA with ZT-Authenticator,120,272,0.002958,0.029167,7.283042,0.145792,7.464208,3407.464208
poia_zt_authenticator,PoIA with ZT-Authenticator,120,273,0.001709,0.017292,0.050667,0.117375,0.188916,3400.188916
poia_zt_authenticator,PoIA with ZT-Authenticator,120,274,0.001959,0.019458,1.326042,2.165625,3.5165,3403.5165
poia_zt_authenticator,PoIA with ZT-Authenticator,120,275,0.001792,0.024583,2.990792,0.133042,3.152667,3403.152667
poia_zt_authenticator,PoIA with ZT-Authenticator,120,276,0.001792,0.018125,3.49975,0.132542,3.654709,3403.654709
poia_zt_authenticator,PoIA with ZT-Authenticator,120,277,0.001958,0.022083,0.801625,0.996667,1.824792,3401.824792
poia_zt_authenticator,PoIA with ZT-Authenticator,120,278,0.00175,0.017917,3.600625,0.13325,3.756167,3403.756167
poia_zt_authenticator,PoIA with ZT-Authenticator,120,279,0.001875,0.017958,1.109792,0.138167,1.270416,3401.270416
poia_zt_authenticator,PoIA with ZT-Authenticator,120,280,0.002708,0.028667,2.121208,4.241666,6.398083,3406.398083
poia_zt_authenticator,PoIA with ZT-Authenticator,120,281,0.001791,0.017458,4.621166,0.134,4.777,3404.777
poia_zt_authenticator,PoIA with ZT-Authenticator,120,282,0.0015,0.018083,0.049042,0.1195,0.190042,3400.190042
poia_zt_authenticator,PoIA with ZT-Authenticator,120,283,0.0025,0.024,1.572042,0.135541,1.737417,3401.737417
poia_zt_authenticator,PoIA with ZT-Authenticator,120,284,0.001792,0.018292,2.147834,0.131291,2.302,3402.302
poia_zt_authenticator,PoIA with ZT-Authenticator,120,285,0.002083,0.019292,0.056791,0.652042,0.732584,3400.732584
poia_zt_authenticator,PoIA with ZT-Authenticator,120,286,0.001708,0.017791,3.7485,0.132666,3.903167,3403.903167
poia_zt_authenticator,PoIA with ZT-Authenticator,120,287,0.002666,0.027458,1.970625,2.105375,4.1095,3404.1095
poia_zt_authenticator,PoIA with ZT-Authenticator,120,288,0.002125,0.024542,18.547,0.1375,18.713917,3418.713917
poia_zt_authenticator,PoIA with ZT-Authenticator,120,289,0.001791,0.017542,10.839708,0.134834,10.996459,3410.996459
poia_zt_authenticator,PoIA with ZT-Authenticator,120,290,0.001708,0.017417,1.749083,0.136084,1.906875,3401.906875
poia_zt_authenticator,PoIA with ZT-Authenticator,120,291,0.001667,0.0175,3.4975,0.119709,3.638125,3403.638125
poia_zt_authenticator,PoIA with ZT-Authenticator,120,292,0.002,0.022042,1.730667,0.127292,1.884459,3401.884459
poia_zt_authenticator,PoIA with ZT-Authenticator,120,293,0.001708,0.017958,7.025084,0.166333,7.213917,3407.213917
poia_zt_authenticator,PoIA with ZT-Authenticator,120,294,0.001667,0.01775,3.482958,0.146417,3.651416,3403.651416
poia_zt_authenticator,PoIA with ZT-Authenticator,120,295,0.001542,0.017958,3.476209,2.866584,6.364334,3406.364334
poia_zt_authenticator,PoIA with ZT-Authenticator,120,296,0.001667,0.018,1.829041,0.12725,1.978375,3401.978375
poia_zt_authenticator,PoIA with ZT-Authenticator,120,297,0.001875,0.0215,1.327583,0.314459,1.671959,3401.671959
poia_zt_authenticator,PoIA with ZT-Authenticator,120,298,0.002542,0.022583,0.598208,0.133083,0.7595,3400.7595
poia_zt_authenticator,PoIA with ZT-Authenticator,120,299,0.001834,0.017834,3.269959,7.325,10.617875,3410.617875
poia_zt_authenticator,PoIA with ZT-Authenticator,120,300,0.001625,0.018125,3.076458,0.131083,3.229792,3403.229792
poia_zt_authenticator,PoIA with ZT-Authenticator,120,301,0.002166,0.021458,3.469834,3.923333,7.419791,3407.419791
poia_zt_authenticator,PoIA with ZT-Authenticator,120,302,0.002042,0.02125,3.75675,0.134125,3.916708,3403.916708
poia_zt_authenticator,PoIA with ZT-Authenticator,120,303,0.001667,0.017416,10.010667,0.140375,10.172708,3410.172708
poia_zt_authenticator,PoIA with ZT-Authenticator,120,304,0.001708,0.01725,10.825583,0.1335,10.980625,3410.980625
poia_zt_authenticator,PoIA with ZT-Authenticator,120,305,0.001583,0.017584,1.791125,0.126625,1.939458,3401.939458
poia_zt_authenticator,PoIA with ZT-Authenticator,120,306,0.001833,0.017917,7.274542,0.145,7.441916,3407.441916
poia_zt_authenticator,PoIA with ZT-Authenticator,120,307,0.002083,0.027125,4.531333,0.133917,4.697208,3404.697208
poia_zt_authenticator,PoIA with ZT-Authenticator,120,308,0.002042,0.021458,0.074667,0.120292,0.220417,3400.220417
poia_zt_authenticator,PoIA with ZT-Authenticator,120,309,0.001792,0.01775,1.950958,2.167167,4.140833,3404.140833
poia_zt_authenticator,PoIA with ZT-Authenticator,120,310,0.001875,0.018042,10.279333,27.429834,37.731458,3437.731458
poia_zt_authenticator,PoIA with ZT-Authenticator,120,311,0.001875,0.017792,2.607791,0.133125,2.76325,3402.76325
poia_zt_authenticator,PoIA with ZT-Authenticator,120,312,0.001875,0.01825,1.155291,1.308958,2.487333,3402.487333
poia_zt_authenticator,PoIA with ZT-Authenticator,120,313,0.001666,0.017458,3.589125,0.133417,3.744083,3403.744083
poia_zt_authenticator,PoIA with ZT-Authenticator,120,314,0.002375,0.022709,5.969958,0.131959,6.129625,3406.129625
poia_zt_authenticator,PoIA with ZT-Authenticator,120,315,0.002209,0.023542,1.816375,0.143666,1.988583,3401.988583
poia_zt_authenticator,PoIA with ZT-Authenticator,120,316,0.002333,0.019709,2.707209,0.131625,2.863541,3402.863541
poia_zt_authenticator,PoIA with ZT-Authenticator,120,317,0.00175,0.017916,3.615167,0.1335,3.770958,3403.770958
poia_zt_authenticator,PoIA with ZT-Authenticator,120,318,0.001542,0.017666,0.714375,0.137083,0.87325,3400.87325
poia_zt_authenticator,PoIA with ZT-Authenticator,120,319,0.001583,0.017417,1.80175,0.130708,1.953959,3401.953959
poia_zt_authenticator,PoIA with ZT-Authenticator,120,320,0.001583,0.01775,22.037709,0.136166,22.195792,3422.195792
poia_zt_authenticator,PoIA with ZT-Authenticator,120,321,0.002,0.022042,1.063542,0.117458,1.207042,3401.207042
poia_zt_authenticator,PoIA with ZT-Authenticator,120,322,0.002542,0.022916,4.568208,0.128458,4.725209,3404.725209
poia_zt_authenticator,PoIA with ZT-Authenticator,120,323,0.002417,0.022792,5.381542,0.120917,5.530083,3405.530083
poia_zt_authenticator,PoIA with ZT-Authenticator,120,324,0.002375,0.022166,0.904709,1.33875,2.271583,3402.271583
poia_zt_authenticator,PoIA with ZT-Authenticator,120,325,0.002042,0.025917,7.805584,0.144833,7.981416,3407.981416
poia_zt_authenticator,PoIA with ZT-Authenticator,120,326,0.002583,0.027833,2.0305,0.135292,2.199,3402.199
poia_zt_authenticator,PoIA with ZT-Authenticator,120,327,0.001708,0.01825,4.55525,0.131709,4.7095,3404.7095
poia_zt_authenticator,PoIA with ZT-Authenticator,120,328,0.001833,0.017541,3.734709,0.128458,3.885,3403.885
poia_zt_authenticator,PoIA with ZT-Authenticator,120,329,0.001542,0.018041,0.048584,1.046875,1.117167,3401.117167
poia_zt_authenticator,PoIA with ZT-Authenticator,120,330,0.001959,0.0255,10.324959,0.130625,10.4855,3410.4855
poia_zt_authenticator,PoIA with ZT-Authenticator,120,331,0.001833,0.018125,2.131209,0.14275,2.296917,3402.296917
poia_zt_authenticator,PoIA with ZT-Authenticator,120,332,0.002209,0.022584,1.512166,0.123208,1.662458,3401.662458
poia_zt_authenticator,PoIA with ZT-Authenticator,120,333,0.002334,0.018792,0.054333,0.120791,0.198292,3400.198292
poia_zt_authenticator,PoIA with ZT-Authenticator,120,334,0.001875,0.018,9.895875,0.118791,10.036625,3410.036625
poia_zt_authenticator,PoIA with ZT-Authenticator,120,335,0.001917,0.022833,3.079667,0.137917,3.244916,3403.244916
poia_zt_authenticator,PoIA with ZT-Authenticator,120,336,0.001959,0.021584,1.167916,0.136875,1.330875,3401.330875
poia_zt_authenticator,PoIA with ZT-Authenticator,120,337,0.002333,0.024625,3.590458,0.149333,3.769416,3403.769416
poia_zt_authenticator,PoIA with ZT-Authenticator,120,338,0.001666,0.017,3.79,0.132542,3.943708,3403.943708
poia_zt_authenticator,PoIA with ZT-Authenticator,120,339,0.002084,0.021917,3.098083,0.137,3.26175,3403.26175
poia_zt_authenticator,PoIA with ZT-Authenticator,120,340,0.002291,0.021833,1.138542,0.606792,1.771625,3401.771625
poia_zt_authenticator,PoIA with ZT-Authenticator,120,341,0.001708,0.018333,4.812,0.130875,4.965584,3404.965584
poia_zt_authenticator,PoIA with ZT-Authenticator,120,342,0.001584,0.017375,2.228625,0.139834,2.389958,3402.389958
poia_zt_authenticator,PoIA with ZT-Authenticator,120,343,0.001916,0.019291,3.939541,0.13175,4.095084,3404.095084
poia_zt_authenticator,PoIA with ZT-Authenticator,120,344,0.001833,0.018792,1.411583,0.144625,1.579542,3401.579542
poia_zt_authenticator,PoIA with ZT-Authenticator,120,345,0.001583,0.017417,1.814875,0.127959,1.964375,3401.964375
poia_zt_authenticator,PoIA with ZT-Authenticator,120,346,0.001375,0.017959,3.314791,0.120958,3.456834,3403.456834
poia_zt_authenticator,PoIA with ZT-Authenticator,120,347,0.0025,0.071375,13.883125,0.134042,14.094083,3414.094083
poia_zt_authenticator,PoIA with ZT-Authenticator,120,348,0.001667,0.0175,4.997167,0.130917,5.149833,3405.149833
poia_zt_authenticator,PoIA with ZT-Authenticator,120,349,0.001834,0.017625,3.067375,0.761667,3.851083,3403.851083
poia_zt_authenticator,PoIA with ZT-Authenticator,120,350,0.001917,0.021375,1.019333,0.127584,1.172708,3401.172708
poia_zt_authenticator,PoIA with ZT-Authenticator,120,351,0.001625,0.01775,5.805041,0.128375,5.955292,3405.955292
poia_zt_authenticator,PoIA with ZT-Authenticator,120,352,0.002,0.018875,7.778458,0.133792,7.935833,3407.935833
poia_zt_authenticator,PoIA with ZT-Authenticator,120,353,0.00125,0.018,3.865791,0.145375,4.033125,3404.033125
poia_zt_authenticator,PoIA with ZT-Authenticator,120,354,0.00175,0.017333,1.707583,0.126417,1.855584,3401.855584
poia_zt_authenticator,PoIA with ZT-Authenticator,120,355,0.001208,0.017291,7.671916,0.138208,7.831167,3407.831167
poia_zt_authenticator,PoIA with ZT-Authenticator,120,356,0.001708,0.018708,3.666584,0.149458,3.839292,3403.839292
poia_zt_authenticator,PoIA with ZT-Authenticator,120,357,0.001875,0.017833,3.461917,0.131958,3.616167,3403.616167
poia_zt_authenticator,PoIA with ZT-Authenticator,120,358,0.00175,0.017666,0.05425,6.682167,6.758416,3406.758416
poia_zt_authenticator,PoIA with ZT-Authenticator,120,359,0.00175,0.017666,3.186,0.709917,3.917708,3403.917708
poia_zt_authenticator,PoIA with ZT-Authenticator,120,360,0.001917,0.023583,1.172417,0.129291,1.329875,3401.329875
poia_zt_authenticator,PoIA with ZT-Authenticator,120,361,0.002666,0.023833,3.590375,3.629459,7.250209,3407.250209
poia_zt_authenticator,PoIA with ZT-Authenticator,120,362,0.001833,0.017709,1.710458,0.139792,1.872458,3401.872458
poia_zt_authenticator,PoIA with ZT-Authenticator,120,363,0.001583,0.01725,3.285541,7.258083,10.5655,3410.5655
poia_zt_authenticator,PoIA with ZT-Authenticator,120,364,0.002458,0.027042,0.745833,0.795875,1.574917,3401.574917
poia_zt_authenticator,PoIA with ZT-Authenticator,120,365,0.001708,0.017625,3.299958,0.134334,3.456208,3403.456208
poia_zt_authenticator,PoIA with ZT-Authenticator,120,366,0.001625,0.018208,5.025083,0.133459,5.180959,3405.180959
poia_zt_authenticator,PoIA with ZT-Authenticator,120,367,0.00175,0.018083,1.202875,0.132209,1.357417,3401.357417
poia_zt_authenticator,PoIA with ZT-Authenticator,120,368,0.002208,0.022167,0.058458,0.12125,0.206125,3400.206125
poia_zt_authenticator,PoIA with ZT-Authenticator,120,369,0.002125,0.021292,7.714792,0.145541,7.886416,3407.886416
poia_zt_authenticator,PoIA with ZT-Authenticator,120,370,0.001709,0.033917,1.288291,0.13175,1.458375,3401.458375
poia_zt_authenticator,PoIA with ZT-Authenticator,120,371,0.001833,0.017708,1.009042,0.131667,1.162833,3401.162833
poia_zt_authenticator,PoIA with ZT-Authenticator,120,372,0.002667,0.028667,4.544541,0.138958,4.718,3404.718
poia_zt_authenticator,PoIA with ZT-Authenticator,120,373,0.002292,0.0215,5.254875,1.400625,6.682875,3406.682875
poia_zt_authenticator,PoIA with ZT-Authenticator,120,374,0.001792,0.0215,3.744958,0.1305,3.901334,3403.901334
poia_zt_authenticator,PoIA with ZT-Authenticator,120,375,0.001791,0.017542,1.622959,0.8705,2.515125,3402.515125
poia_zt_authenticator,PoIA with ZT-Authenticator,120,376,0.002541,0.026083,0.067667,1.629542,1.72875,3401.72875
poia_zt_authenticator,PoIA with ZT-Authenticator,120,377,0.002667,0.023209,1.830875,0.130417,1.99025,3401.99025
poia_zt_authenticator,PoIA with ZT-Authenticator,120,378,0.0025,0.022917,0.6555,0.140292,0.824208,3400.824208
poia_zt_authenticator,PoIA with ZT-Authenticator,120,379,0.002416,0.020875,3.719041,0.131041,3.876209,3403.876209
poia_zt_authenticator,PoIA with ZT-Authenticator,120,380,0.002334,0.026709,2.267959,0.139084,2.438667,3402.438667
poia_zt_authenticator,PoIA with ZT-Authenticator,120,381,0.001833,0.017958,4.945667,0.130541,5.0985,3405.0985
poia_zt_authenticator,PoIA with ZT-Authenticator,120,382,0.001875,0.020584,3.321416,0.131959,3.478375,3403.478375
poia_zt_authenticator,PoIA with ZT-Authenticator,120,383,0.001458,0.036625,0.054709,1.500542,1.596167,3401.596167
poia_zt_authenticator,PoIA with ZT-Authenticator,120,384,0.001709,0.018334,2.111875,0.130667,2.265208,3402.265208
poia_zt_authenticator,PoIA with ZT-Authenticator,120,385,0.001875,0.021,2.0625,4.305292,6.394834,3406.394834
poia_zt_authenticator,PoIA with ZT-Authenticator,120,386,0.001916,0.021291,3.875292,0.135083,4.036125,3404.036125
poia_zt_authenticator,PoIA with ZT-Authenticator,120,387,0.002041,0.02175,1.944375,0.1325,2.103292,3402.103292
poia_zt_authenticator,PoIA with ZT-Authenticator,120,388,0.001459,0.017833,1.058334,0.128083,1.208041,3401.208041
poia_zt_authenticator,PoIA with ZT-Authenticator,120,389,0.00175,0.018,2.4755,0.134458,2.632458,3402.632458
poia_zt_authenticator,PoIA with ZT-Authenticator,120,390,0.001625,0.017667,7.327417,0.132125,7.481333,3407.481333
poia_zt_authenticator,PoIA with ZT-Authenticator,120,391,0.00225,0.023291,2.905292,0.132208,3.065625,3403.065625
poia_zt_authenticator,PoIA with ZT-Authenticator,120,392,0.001917,0.021833,10.386417,0.143542,10.556375,3410.556375
poia_zt_authenticator,PoIA with ZT-Authenticator,120,393,0.001792,0.02175,0.055125,0.134625,0.215375,3400.215375
poia_zt_authenticator,PoIA with ZT-Authenticator,120,394,0.001833,0.023083,6.632,0.132,6.791459,3406.791459
poia_zt_authenticator,PoIA with ZT-Authenticator,120,395,0.002625,0.022417,2.860958,0.131167,3.02025,3403.02025
poia_zt_authenticator,PoIA with ZT-Authenticator,120,396,0.002291,0.025208,1.2825,0.210292,1.523542,3401.523542
poia_zt_authenticator,PoIA with ZT-Authenticator,120,397,0.001708,0.017625,1.731583,0.127292,1.880625,3401.880625
poia_zt_authenticator,PoIA with ZT-Authenticator,120,398,0.00175,0.017583,2.962292,0.12775,3.111833,3403.111833
poia_zt_authenticator,PoIA with ZT-Authenticator,120,399,0.001584,0.0175,1.951708,0.139458,2.11275,3402.11275
poia_zt_authenticator,PoIA with ZT-Authenticator,120,400,0.001541,0.020834,1.714167,0.131792,1.870917,3401.870917
poia_zt_authenticator,PoIA with ZT-Authenticator,120,401,0.00175,0.017792,1.407375,0.160458,1.59,3401.59
poia_zt_authenticator,PoIA with ZT-Authenticator,120,402,0.001667,0.018042,5.966917,0.134167,6.123375,3406.123375
poia_zt_authenticator,PoIA with ZT-Authenticator,120,403,0.001584,0.017292,3.3485,0.14625,3.516291,3403.516291
poia_zt_authenticator,PoIA with ZT-Authenticator,120,404,0.001666,0.017458,6.378917,1.675583,8.086959,3408.086959
poia_zt_authenticator,PoIA with ZT-Authenticator,120,405,0.002541,0.026458,10.234084,0.140292,10.406709,3410.406709
poia_zt_authenticator,PoIA with ZT-Authenticator,120,406,0.001917,0.017833,6.325542,0.135167,6.483041,3406.483041
poia_zt_authenticator,PoIA with ZT-Authenticator,120,407,0.002125,0.022375,3.5255,0.133917,3.686625,3403.686625
poia_zt_authenticator,PoIA with ZT-Authenticator,120,408,0.001541,0.017375,5.777375,0.120916,5.918959,3405.918959
poia_zt_authenticator,PoIA with ZT-Authenticator,120,409,0.002042,0.023792,0.071916,0.568792,0.669458,3400.669458
poia_zt_authenticator,PoIA with ZT-Authenticator,120,410,0.001709,0.017333,1.937375,0.143416,2.102375,3402.102375
poia_zt_authenticator,PoIA with ZT-Authenticator,120,411,0.001708,0.018458,2.006375,0.140959,2.170166,3402.170166
poia_zt_authenticator,PoIA with ZT-Authenticator,120,412,0.001666,0.017667,2.643583,0.134291,2.799875,3402.799875
poia_zt_authenticator,PoIA with ZT-Authenticator,120,413,0.001875,0.018167,2.326084,0.1325,2.481083,3402.481083
poia_zt_authenticator,PoIA with ZT-Authenticator,120,414,0.001834,0.018333,5.141084,0.129333,5.293209,3405.293209
poia_zt_authenticator,PoIA with ZT-Authenticator,120,415,0.001709,0.018333,13.320042,0.13675,13.479458,3413.479458
poia_zt_authenticator,PoIA with ZT-Authenticator,120,416,0.001541,0.017625,8.391208,0.134917,8.547875,3408.547875
poia_zt_authenticator,PoIA with ZT-Authenticator,120,417,0.001708,0.017292,2.628208,0.133042,2.782875,3402.782875
poia_zt_authenticator,PoIA with ZT-Authenticator,120,418,0.002,0.022375,2.328667,0.133375,2.489166,3402.489166
poia_zt_authenticator,PoIA with ZT-Authenticator,120,419,0.0015,0.017875,2.326459,0.128291,2.476625,3402.476625
poia_zt_authenticator,PoIA with ZT-Authenticator,120,420,0.002,0.022,2.832083,5.461667,8.320958,3408.320958
poia_zt_authenticator,PoIA with ZT-Authenticator,120,421,0.001666,0.017791,2.715791,0.128416,2.866125,3402.866125
poia_zt_authenticator,PoIA with ZT-Authenticator,120,422,0.001958,0.021916,2.510709,0.134916,2.672125,3402.672125
poia_zt_authenticator,PoIA with ZT-Authenticator,120,423,0.001834,0.021459,2.510375,0.132541,2.66875,3402.66875
poia_zt_authenticator,PoIA with ZT-Authenticator,120,424,0.001833,0.018666,2.476792,0.129542,2.629292,3402.629292
poia_zt_authenticator,PoIA with ZT-Authenticator,120,425,0.001791,0.018167,0.051375,0.118583,0.19175,3400.19175
poia_zt_authenticator,PoIA with ZT-Authenticator,120,426,0.001291,0.017792,5.446708,0.134,5.602208,3405.602208
poia_zt_authenticator,PoIA with ZT-Authenticator,120,427,0.001834,0.02025,9.914209,2.644292,12.583709,3412.583709
poia_zt_authenticator,PoIA with ZT-Authenticator,120,428,0.002042,0.021541,0.0755,0.160292,0.261916,3400.261916
poia_zt_authenticator,PoIA with ZT-Authenticator,120,429,0.001833,0.018166,2.854333,0.133458,3.010208,3403.010208
poia_zt_authenticator,PoIA with ZT-Authenticator,120,430,0.001834,0.018375,6.81775,0.128291,6.968833,3406.968833
poia_zt_authenticator,PoIA with ZT-Authenticator,120,431,0.001792,0.01775,2.853459,0.128625,3.004167,3403.004167
poia_zt_authenticator,PoIA with ZT-Authenticator,120,432,0.001833,0.021334,16.520584,0.133875,16.680208,3416.680208
poia_zt_authenticator,PoIA with ZT-Authenticator,120,433,0.001666,0.017333,5.325,5.396459,10.743583,3410.743583
poia_zt_authenticator,PoIA with ZT-Authenticator,120,434,0.001708,0.018083,4.719833,0.135208,4.877334,3404.877334
poia_zt_authenticator,PoIA with ZT-Authenticator,120,435,0.001708,0.017791,2.32075,0.137834,2.480625,3402.480625
poia_zt_authenticator,PoIA with ZT-Authenticator,120,436,0.001666,0.017625,2.657917,0.133084,2.81275,3402.81275
poia_zt_authenticator,PoIA with ZT-Authenticator,120,437,0.001667,0.017625,4.980333,2.742625,7.745334,3407.745334
poia_zt_authenticator,PoIA with ZT-Authenticator,120,438,0.001959,0.018,2.504541,0.141333,2.668458,3402.668458
poia_zt_authenticator,PoIA with ZT-Authenticator,120,439,0.002333,0.025,2.8535,0.133042,3.016416,3403.016416
poia_zt_authenticator,PoIA with ZT-Authenticator,120,440,0.002125,0.021333,2.504834,0.124458,2.655083,3402.655083
poia_zt_authenticator,PoIA with ZT-Authenticator,120,441,0.001792,0.017958,4.873,0.13425,5.029583,3405.029583
poia_zt_authenticator,PoIA with ZT-Authenticator,120,442,0.001792,0.018209,2.238791,0.129292,2.390625,3402.390625
poia_zt_authenticator,PoIA with ZT-Authenticator,120,443,0.001625,0.017416,5.227959,0.132375,5.381916,3405.381916
poia_zt_authenticator,PoIA with ZT-Authenticator,120,444,0.001666,0.017958,5.018417,0.132916,5.173542,3405.173542
poia_zt_authenticator,PoIA with ZT-Authenticator,120,445,0.001792,0.017958,4.587666,0.1335,4.743458,3404.743458
poia_zt_authenticator,PoIA with ZT-Authenticator,120,446,0.001334,0.020083,5.23775,0.135458,5.397,3405.397
poia_zt_authenticator,PoIA with ZT-Authenticator,120,447,0.002042,0.021917,2.865709,0.133083,3.025291,3403.025291
poia_zt_authenticator,PoIA with ZT-Authenticator,120,448,0.00175,0.01775,3.02675,0.1335,3.182334,3403.182334
poia_zt_authenticator,PoIA with ZT-Authenticator,120,449,0.001875,0.017958,2.87425,0.132542,3.029291,3403.029291
poia_zt_authenticator,PoIA with ZT-Authenticator,120,450,0.001833,0.018083,2.698125,0.135292,2.855875,3402.855875
poia_zt_authenticator,PoIA with ZT-Authenticator,120,451,0.002125,0.022375,3.025958,0.133417,3.1865,3403.1865
poia_zt_authenticator,PoIA with ZT-Authenticator,120,452,0.001708,0.017916,5.135792,5.27525,10.43375,3410.43375
poia_zt_authenticator,PoIA with ZT-Authenticator,120,453,0.00175,0.017709,2.560167,0.131916,2.714,3402.714
poia_zt_authenticator,PoIA with ZT-Authenticator,120,454,0.001875,0.018,2.530167,2.39075,4.944042,3404.944042
poia_zt_authenticator,PoIA with ZT-Authenticator,120,455,0.00175,0.019459,2.303875,0.132583,2.460041,3402.460041
poia_zt_authenticator,PoIA with ZT-Authenticator,120,456,0.001709,0.0175,2.500958,0.13425,2.656916,3402.656916
poia_zt_authenticator,PoIA with ZT-Authenticator,120,457,0.001916,0.017708,2.571,0.128584,2.72175,3402.72175
poia_zt_authenticator,PoIA with ZT-Authenticator,120,458,0.00275,0.029,0.072334,0.122,0.228708,3400.228708
poia_zt_authenticator,PoIA with ZT-Authenticator,120,459,0.00175,0.01775,2.61725,0.128708,2.767875,3402.767875
poia_zt_authenticator,PoIA with ZT-Authenticator,120,460,0.00175,0.023291,10.2915,0.13275,10.451875,3410.451875
poia_zt_authenticator,PoIA with ZT-Authenticator,120,461,0.002667,0.022792,2.136875,0.145708,2.311208,3402.311208
poia_zt_authenticator,PoIA with ZT-Authenticator,120,462,0.002084,0.025875,5.251583,0.141292,5.423667,3405.423667
poia_zt_authenticator,PoIA with ZT-Authenticator,120,463,0.002417,0.0215,10.770709,0.134,10.931208,3410.931208
poia_zt_authenticator,PoIA with ZT-Authenticator,120,464,0.001625,0.018042,3.020792,0.133667,3.176583,3403.176583
poia_zt_authenticator,PoIA with ZT-Authenticator,120,465,0.002208,0.022125,5.232958,0.138208,5.398084,3405.398084
poia_zt_authenticator,PoIA with ZT-Authenticator,120,466,0.00175,0.017459,6.654458,0.135042,6.811292,3406.811292
poia_zt_authenticator,PoIA with ZT-Authenticator,120,467,0.001834,0.017666,2.836333,0.147375,3.005708,3403.005708
poia_zt_authenticator,PoIA with ZT-Authenticator,120,468,0.001958,0.022416,2.837542,0.135375,3.000041,3403.000041
poia_zt_authenticator,PoIA with ZT-Authenticator,120,469,0.002,0.017833,2.690375,0.137459,2.850417,3402.850417
poia_zt_authenticator,PoIA with ZT-Authenticator,120,470,0.001792,0.018041,2.567584,5.167917,7.758333,3407.758333
poia_zt_authenticator,PoIA with ZT-Authenticator,120,471,0.001791,0.0175,4.537958,0.145917,4.705708,3404.705708
poia_zt_authenticator,PoIA with ZT-Authenticator,120,472,0.002458,0.026916,2.376292,0.142667,2.55125,3402.55125
poia_zt_authenticator,PoIA with ZT-Authenticator,120,473,0.00175,0.018209,2.4985,0.131833,2.652833,3402.652833
poia_zt_authenticator,PoIA with ZT-Authenticator,120,474,0.001792,0.018,7.637625,0.143667,7.803708,3407.803708
poia_zt_authenticator,PoIA with ZT-Authenticator,120,475,0.002,0.018125,2.258625,0.13675,2.418084,3402.418084
poia_zt_authenticator,PoIA with ZT-Authenticator,120,476,0.001625,0.017792,2.515292,0.145666,2.683084,3402.683084
poia_zt_authenticator,PoIA with ZT-Authenticator,120,477,0.001917,0.018459,4.539291,0.134,4.696292,3404.696292
poia_zt_authenticator,PoIA with ZT-Authenticator,120,478,0.001791,0.01775,7.528917,0.137791,7.688833,3407.688833
poia_zt_authenticator,PoIA with ZT-Authenticator,120,479,0.001667,0.017791,2.508042,0.128417,2.658375,3402.658375
poia_zt_authenticator,PoIA with ZT-Authenticator,120,480,0.001709,0.017875,5.231709,0.132791,5.386458,3405.386458
poia_zt_authenticator,PoIA with ZT-Authenticator,120,481,0.001875,0.018708,15.371292,0.135667,15.530125,3415.530125
poia_zt_authenticator,PoIA with ZT-Authenticator,120,482,0.002542,0.028333,7.781708,0.132375,7.948,3407.948
poia_zt_authenticator,PoIA with ZT-Authenticator,120,483,0.001917,0.017833,4.526167,2.443667,6.992791,3406.992791
poia_zt_authenticator,PoIA with ZT-Authenticator,120,484,0.001667,0.01775,2.273875,0.13225,2.428,3402.428
poia_zt_authenticator,PoIA with ZT-Authenticator,120,485,0.001708,0.017834,3.100791,2.614291,5.737709,3405.737709
poia_zt_authenticator,PoIA with ZT-Authenticator,120,486,0.001625,0.017792,7.68975,0.150417,7.862375,3407.862375
poia_zt_authenticator,PoIA with ZT-Authenticator,120,487,0.002042,0.022125,5.536416,0.122917,5.685583,3405.685583
poia_zt_authenticator,PoIA with ZT-Authenticator,120,488,0.00175,0.017583,2.497,0.132292,2.651208,3402.651208
poia_zt_authenticator,PoIA with ZT-Authenticator,120,489,0.001875,0.017917,2.276792,0.13325,2.432291,3402.432291
poia_zt_authenticator,PoIA with ZT-Authenticator,120,490,0.00275,0.02825,16.514667,0.13725,16.686,3416.686
poia_zt_authenticator,PoIA with ZT-Authenticator,120,491,0.00175,0.022125,2.517375,0.133459,2.677417,3402.677417
poia_zt_authenticator,PoIA with ZT-Authenticator,120,492,0.001584,0.017875,7.964334,0.135792,8.122083,3408.122083
poia_zt_authenticator,PoIA with ZT-Authenticator,120,493,0.001708,0.017917,5.280916,0.131791,5.434875,3405.434875
poia_zt_authenticator,PoIA with ZT-Authenticator,120,494,0.001708,0.017667,2.274459,0.1395,2.435875,3402.435875
poia_zt_authenticator,PoIA with ZT-Authenticator,120,495,0.002042,0.025875,2.801292,0.140458,2.972416,3402.972416
poia_zt_authenticator,PoIA with ZT-Authenticator,120,496,0.001709,0.017708,2.514542,0.131625,2.668083,3402.668083
poia_zt_authenticator,PoIA with ZT-Authenticator,120,497,0.00175,0.017375,2.273458,0.14425,2.439417,3402.439417
poia_zt_authenticator,PoIA with ZT-Authenticator,120,498,0.002041,0.019208,2.248167,0.135084,2.407042,3402.407042
poia_zt_authenticator,PoIA with ZT-Authenticator,120,499,0.001917,0.018542,2.648875,0.130166,2.801875,3402.801875
poia_zt_authenticator,PoIA with ZT-Authenticator,120,500,0.00175,0.019083,5.200042,0.135333,5.358916,3405.358916
poia_zt_authenticator,PoIA with ZT-Authenticator,120,501,0.001625,0.018,3.01825,0.132625,3.173083,3403.173083
poia_zt_authenticator,PoIA with ZT-Authenticator,120,502,0.001959,0.01775,2.1165,0.138542,2.277333,3402.277333
poia_zt_authenticator,PoIA with ZT-Authenticator,120,503,0.001625,0.017709,2.800417,0.127958,2.950167,3402.950167
poia_zt_authenticator,PoIA with ZT-Authenticator,120,504,0.001875,0.017875,2.624125,0.134625,2.781084,3402.781084
poia_zt_authenticator,PoIA with ZT-Authenticator,120,505,0.001792,0.018,4.067917,2.570084,6.660875,3406.660875
poia_zt_authenticator,PoIA with ZT-Authenticator,120,506,0.002667,0.022625,19.201209,0.287458,19.51775,3419.51775
poia_zt_authenticator,PoIA with ZT-Authenticator,120,507,0.001959,0.02125,7.943625,0.142458,8.111916,3408.111916
poia_zt_authenticator,PoIA with ZT-Authenticator,120,508,0.001625,0.026958,5.241959,2.963,8.236709,3408.236709
poia_zt_authenticator,PoIA with ZT-Authenticator,120,509,0.001667,0.017791,2.315333,0.128958,2.466209,3402.466209
poia_zt_authenticator,PoIA with ZT-Authenticator,120,510,0.001708,0.017791,1.601584,0.129667,1.753375,3401.753375
poia_zt_authenticator,PoIA with ZT-Authenticator,120,511,0.002667,0.03075,3.591125,3.737834,7.365958,3407.365958
poia_zt_authenticator,PoIA with ZT-Authenticator,120,512,0.001666,0.017834,5.435458,0.131583,5.589042,3405.589042
poia_zt_authenticator,PoIA with ZT-Authenticator,120,513,0.001666,0.017708,4.449458,0.130667,4.602,3404.602
poia_zt_authenticator,PoIA with ZT-Authenticator,120,514,0.001959,0.018833,0.093125,1.39725,1.514,3401.514
poia_zt_authenticator,PoIA with ZT-Authenticator,120,515,0.001833,0.018625,2.702875,13.218916,15.944667,3415.944667
poia_zt_authenticator,PoIA with ZT-Authenticator,120,516,0.00175,0.017416,5.813958,0.131625,5.96725,3405.96725
poia_zt_authenticator,PoIA with ZT-Authenticator,120,517,0.001584,0.017584,2.44425,0.134166,2.600083,3402.600083
poia_zt_authenticator,PoIA with ZT-Authenticator,120,518,0.001875,0.018334,0.05275,7.271375,7.347167,3407.347167
poia_zt_authenticator,PoIA with ZT-Authenticator,120,519,0.002125,0.022333,1.184959,0.135708,1.3475,3401.3475
poia_zt_authenticator,PoIA with ZT-Authenticator,120,520,0.00175,0.017875,3.414791,3.473416,6.910166,3406.910166
poia_zt_authenticator,PoIA with ZT-Authenticator,120,521,0.001667,0.017583,0.050542,0.113708,0.18525,3400.18525
poia_zt_authenticator,PoIA with ZT-Authenticator,120,522,0.00175,0.019875,3.274458,2.456208,5.756625,3405.756625
poia_zt_authenticator,PoIA with ZT-Authenticator,120,523,0.00175,0.019541,2.096542,0.131,2.251458,3402.251458
poia_zt_authenticator,PoIA with ZT-Authenticator,120,524,0.001959,0.021917,2.802708,0.134541,2.963625,3402.963625
poia_zt_authenticator,PoIA with ZT-Authenticator,120,525,0.0015,0.0175,7.80775,6.455417,14.285333,3414.285333
poia_zt_authenticator,PoIA with ZT-Authenticator,120,526,0.001708,0.017875,1.294084,1.363791,2.680625,3402.680625
poia_zt_authenticator,PoIA with ZT-Authenticator,120,527,0.001625,0.017666,3.669583,3.503292,7.195334,3407.195334
poia_zt_authenticator,PoIA with ZT-Authenticator,120,528,0.001708,0.017667,2.876083,0.145292,3.043459,3403.043459
poia_zt_authenticator,PoIA with ZT-Authenticator,120,529,0.001667,0.017625,3.752,0.135875,3.909875,3403.909875
poia_zt_authenticator,PoIA with ZT-Authenticator,120,530,0.00175,0.017458,4.422583,0.14375,4.588209,3404.588209
poia_zt_authenticator,PoIA with ZT-Authenticator,120,531,0.001625,0.017375,2.269542,0.126958,2.418042,3402.418042
poia_zt_authenticator,PoIA with ZT-Authenticator,120,532,0.001791,0.017709,1.426916,0.129125,1.578083,3401.578083
poia_zt_authenticator,PoIA with ZT-Authenticator,120,533,0.001791,0.017708,3.439,0.12725,3.588292,3403.588292
poia_zt_authenticator,PoIA with ZT-Authenticator,120,534,0.001916,0.021958,3.791083,0.1395,3.957208,3403.957208
poia_zt_authenticator,PoIA with ZT-Authenticator,120,535,0.001666,0.01825,3.323875,7.353584,10.700625,3410.700625
poia_zt_authenticator,PoIA with ZT-Authenticator,120,536,0.001833,0.018,6.933208,0.134541,7.09025,3407.09025
poia_zt_authenticator,PoIA with ZT-Authenticator,120,537,0.002,0.018583,5.765291,2.031209,7.820125,3407.820125
poia_zt_authenticator,PoIA with ZT-Authenticator,120,538,0.002208,0.018917,0.681375,2.427292,3.132875,3403.132875
poia_zt_authenticator,PoIA with ZT-Authenticator,120,539,0.001625,0.017625,2.145166,0.127083,2.294,3402.294
poia_zt_authenticator,PoIA with ZT-Authenticator,120,540,0.001583,0.017791,1.67025,2.138917,3.83175,3403.83175
poia_zt_authenticator,PoIA with ZT-Authenticator,120,541,0.002584,0.023667,0.0905,3.394208,3.521,3403.521
poia_zt_authenticator,PoIA with ZT-Authenticator,120,542,0.002208,0.021542,1.41675,0.144208,1.587584,3401.587584
poia_zt_authenticator,PoIA with ZT-Authenticator,120,543,0.002375,0.022458,1.362917,0.144792,1.535625,3401.535625
poia_zt_authenticator,PoIA with ZT-Authenticator,120,544,0.002209,0.018875,3.692292,0.132625,3.848542,3403.848542
poia_zt_authenticator,PoIA with ZT-Authenticator,120,545,0.00175,0.021791,1.054,0.133167,1.21325,3401.21325
poia_zt_authenticator,PoIA with ZT-Authenticator,120,546,0.001583,0.01825,1.670709,0.146209,1.839292,3401.839292
poia_zt_authenticator,PoIA with ZT-Authenticator,120,547,0.001833,0.018125,2.473,0.13075,2.626208,3402.626208
poia_zt_authenticator,PoIA with ZT-Authenticator,120,548,0.001833,0.017791,2.405958,0.131792,2.559875,3402.559875
poia_zt_authenticator,PoIA with ZT-Authenticator,120,549,0.002042,0.018584,1.276666,0.133041,1.432875,3401.432875
poia_zt_authenticator,PoIA with ZT-Authenticator,120,550,0.001291,0.017333,18.535333,0.133916,18.690292,3418.690292
poia_zt_authenticator,PoIA with ZT-Authenticator,120,551,0.001708,0.017334,8.632917,2.049208,10.704209,3410.704209
poia_zt_authenticator,PoIA with ZT-Authenticator,120,552,0.001791,0.022458,1.349084,0.136084,1.511875,3401.511875
poia_zt_authenticator,PoIA with ZT-Authenticator,120,553,0.001625,0.017333,1.296334,0.143417,1.461209,3401.461209
poia_zt_authenticator,PoIA with ZT-Authenticator,120,554,0.001667,0.017416,0.050167,2.059083,2.130791,3402.130791
poia_zt_authenticator,PoIA with ZT-Authenticator,120,555,0.002042,0.022,2.232333,0.13425,2.393292,3402.393292
poia_zt_authenticator,PoIA with ZT-Authenticator,120,556,0.001667,0.018083,0.048459,1.184875,1.255583,3401.255583
poia_zt_authenticator,PoIA with ZT-Authenticator,120,557,0.00175,0.019375,1.988584,1.136916,3.152375,3403.152375
poia_zt_authenticator,PoIA with ZT-Authenticator,120,558,0.001875,0.0225,3.279625,0.134458,3.441084,3403.441084
poia_zt_authenticator,PoIA with ZT-Authenticator,120,559,0.0015,0.017208,1.370125,0.352917,1.744291,3401.744291
poia_zt_authenticator,PoIA with ZT-Authenticator,120,560,0.002542,0.031167,3.603,0.132875,3.772833,3403.772833
poia_zt_authenticator,PoIA with ZT-Authenticator,120,561,0.001833,0.017625,2.268875,0.127583,2.418375,3402.418375
poia_zt_authenticator,PoIA with ZT-Authenticator,120,562,0.001917,0.018167,0.053,2.003208,2.07875,3402.07875
poia_zt_authenticator,PoIA with ZT-Authenticator,120,563,0.001834,0.018084,1.373875,1.624791,3.021791,3403.021791
poia_zt_authenticator,PoIA with ZT-Authenticator,120,564,0.00175,0.017375,2.763917,0.14175,2.927333,3402.927333
poia_zt_authenticator,PoIA with ZT-Authenticator,120,565,0.00275,0.029708,1.029417,0.998541,2.064042,3402.064042
poia_zt_authenticator,PoIA with ZT-Authenticator,120,566,0.001708,0.017583,1.374375,0.135583,1.531917,3401.531917
poia_zt_authenticator,PoIA with ZT-Authenticator,120,567,0.00175,0.021709,14.164416,0.130375,14.320833,3414.320833
poia_zt_authenticator,PoIA with ZT-Authenticator,120,568,0.002,0.021625,1.218416,0.135666,1.38025,3401.38025
poia_zt_authenticator,PoIA with ZT-Authenticator,120,569,0.001417,0.017709,3.02725,0.12925,3.178041,3403.178041
poia_zt_authenticator,PoIA with ZT-Authenticator,120,570,0.001833,0.0175,6.828125,0.13675,6.987,3406.987
poia_zt_authenticator,PoIA with ZT-Authenticator,120,571,0.001709,0.021542,5.965708,3.089416,9.081417,3409.081417
poia_zt_authenticator,PoIA with ZT-Authenticator,120,572,0.001625,0.017875,0.05325,0.120291,0.195083,3400.195083
poia_zt_authenticator,PoIA with ZT-Authenticator,120,573,0.001625,0.017583,5.54025,18.174416,23.736917,3423.736917
poia_zt_authenticator,PoIA with ZT-Authenticator,120,574,0.002,0.018667,2.314042,0.137333,2.474583,3402.474583
poia_zt_authenticator,PoIA with ZT-Authenticator,120,575,0.001959,0.021542,1.329791,1.568375,2.92525,3402.92525
poia_zt_authenticator,PoIA with ZT-Authenticator,120,576,0.001583,0.017333,2.470167,0.130375,2.622,3402.622
poia_zt_authenticator,PoIA with ZT-Authenticator,120,577,0.001709,0.017709,3.415083,0.148834,3.585958,3403.585958
poia_zt_authenticator,PoIA with ZT-Authenticator,120,578,0.001708,0.017916,3.097416,0.129584,3.249209,3403.249209
poia_zt_authenticator,PoIA with ZT-Authenticator,120,579,0.001625,0.017375,2.382291,0.131667,2.535375,3402.535375
poia_zt_authenticator,PoIA with ZT-Authenticator,120,580,0.001583,0.017875,1.536042,1.539,3.097,3403.097
poia_zt_authenticator,PoIA with ZT-Authenticator,120,581,0.001791,0.017917,3.033208,0.129084,3.184459,3403.184459
poia_zt_authenticator,PoIA with ZT-Authenticator,120,582,0.002083,0.022208,0.088417,1.1255,1.241083,3401.241083
poia_zt_authenticator,PoIA with ZT-Authenticator,120,583,0.002292,0.023042,7.313125,0.149208,7.490584,3407.490584
poia_zt_authenticator,PoIA with ZT-Authenticator,120,584,0.001625,0.017458,2.503667,0.131084,2.656417,3402.656417
poia_zt_authenticator,PoIA with ZT-Authenticator,120,585,0.001791,0.022166,0.875375,0.178625,1.081166,3401.081166
poia_zt_authenticator,PoIA with ZT-Authenticator,120,586,0.001584,0.017334,14.96425,0.133792,15.119458,3415.119458
poia_zt_authenticator,PoIA with ZT-Authenticator,120,587,0.002417,0.026708,1.293625,0.131625,1.457125,3401.457125
poia_zt_authenticator,PoIA with ZT-Authenticator,120,588,0.001791,0.017917,4.658083,0.142625,4.823042,3404.823042
poia_zt_authenticator,PoIA with ZT-Authenticator,120,589,0.002875,0.022333,0.060417,0.124083,0.211958,3400.211958
poia_zt_authenticator,PoIA with ZT-Authenticator,120,590,0.002042,0.022834,3.031416,0.129084,3.187916,3403.187916
poia_zt_authenticator,PoIA with ZT-Authenticator,120,591,0.001959,0.017666,0.051417,0.11925,0.192208,3400.192208
poia_zt_authenticator,PoIA with ZT-Authenticator,120,592,0.00175,0.017875,2.090917,0.135583,2.24875,3402.24875
poia_zt_authenticator,PoIA with ZT-Authenticator,120,593,0.002417,0.022833,0.438958,3.37125,3.838666,3403.838666
poia_zt_authenticator,PoIA with ZT-Authenticator,120,594,0.001875,0.021375,2.258292,0.130791,2.414917,3402.414917
poia_zt_authenticator,PoIA with ZT-Authenticator,120,595,0.001666,0.017667,2.765041,0.130959,2.917875,3402.917875
poia_zt_authenticator,PoIA with ZT-Authenticator,120,596,0.00125,0.017791,2.749,0.148292,2.918959,3402.918959
poia_zt_authenticator,PoIA with ZT-Authenticator,120,597,0.001917,0.018084,1.321625,0.130375,1.474458,3401.474458
poia_zt_authenticator,PoIA with ZT-Authenticator,120,598,0.001666,0.028167,2.314458,0.138334,2.48525,3402.48525
poia_zt_authenticator,PoIA with ZT-Authenticator,120,599,0.002125,0.021791,2.858709,0.117333,3.001834,3403.001834
poia_zt_authenticator,PoIA with ZT-Authenticator,120,600,0.001708,0.019292,6.696541,0.518041,7.238667,3407.238667
poia_zt_authenticator,PoIA with ZT-Authenticator,120,601,0.002166,0.022541,1.009042,1.373,2.409875,3402.409875
poia_zt_authenticator,PoIA with ZT-Authenticator,120,602,0.001625,0.017375,2.408791,0.130625,2.560959,3402.560959
poia_zt_authenticator,PoIA with ZT-Authenticator,120,603,0.002459,0.028542,2.340084,2.331292,4.706084,3404.706084
poia_zt_authenticator,PoIA with ZT-Authenticator,120,604,0.00175,0.017625,19.720375,7.34575,27.088458,3427.088458
poia_zt_authenticator,PoIA with ZT-Authenticator,120,605,0.001583,0.017417,2.503417,2.867917,5.393292,3405.393292
poia_zt_authenticator,PoIA with ZT-Authenticator,120,606,0.00175,0.023458,0.185208,0.120417,0.333209,3400.333209
poia_zt_authenticator,PoIA with ZT-Authenticator,120,607,0.0025,0.027292,3.009542,2.194792,5.241042,3405.241042
poia_zt_authenticator,PoIA with ZT-Authenticator,120,608,0.002125,0.018166,3.926917,0.145542,4.095666,3404.095666
poia_zt_authenticator,PoIA with ZT-Authenticator,120,609,0.001625,0.017166,4.99,0.143625,5.155,3405.155
poia_zt_authenticator,PoIA with ZT-Authenticator,120,610,0.002375,0.020833,0.075083,1.26275,1.36375,3401.36375
poia_zt_authenticator,PoIA with ZT-Authenticator,120,611,0.001334,0.017375,3.069541,0.128958,3.219667,3403.219667
poia_zt_authenticator,PoIA with ZT-Authenticator,120,612,0.00175,0.017458,4.270625,3.8495,8.14475,3408.14475
poia_zt_authenticator,PoIA with ZT-Authenticator,120,613,0.002083,0.019208,0.859833,2.082,2.966416,3402.966416
poia_zt_authenticator,PoIA with ZT-Authenticator,120,614,0.001833,0.021833,3.374458,0.142083,3.542834,3403.542834
poia_zt_authenticator,PoIA with ZT-Authenticator,120,615,0.001834,0.017959,1.568,0.129625,1.719958,3401.719958
poia_zt_authenticator,PoIA with ZT-Authenticator,120,616,0.002584,0.023542,1.14825,0.133,1.310583,3401.310583
poia_zt_authenticator,PoIA with ZT-Authenticator,120,617,0.001708,0.017667,2.38525,0.13125,2.53825,3402.53825
poia_zt_authenticator,PoIA with ZT-Authenticator,120,618,0.001875,0.021833,0.915084,1.319209,2.261166,3402.261166
poia_zt_authenticator,PoIA with ZT-Authenticator,120,619,0.00175,0.017416,7.680917,0.134,7.836708,3407.836708
poia_zt_authenticator,PoIA with ZT-Authenticator,120,620,0.004542,0.043333,0.309333,0.377208,0.738875,3400.738875
poia_zt_authenticator,PoIA with ZT-Authenticator,120,621,0.001833,0.01825,3.813958,1.516458,5.353625,3405.353625
poia_zt_authenticator,PoIA with ZT-Authenticator,120,622,0.00175,0.017333,2.817583,3.937792,6.777459,3406.777459
poia_zt_authenticator,PoIA with ZT-Authenticator,120,623,0.002209,0.022208,2.473083,0.131333,2.631416,3402.631416
poia_zt_authenticator,PoIA with ZT-Authenticator,120,624,0.002209,0.022208,3.584667,0.1485,3.76025,3403.76025
poia_zt_authenticator,PoIA with ZT-Authenticator,120,625,0.001917,0.018584,10.468792,0.130334,10.622333,3410.622333
poia_zt_authenticator,PoIA with ZT-Authenticator,120,626,0.002542,0.026833,1.61625,0.134833,1.783208,3401.783208
poia_zt_authenticator,PoIA with ZT-Authenticator,120,627,0.001541,0.018125,7.55525,0.14875,7.72625,3407.72625
poia_zt_authenticator,PoIA with ZT-Authenticator,120,628,0.001833,0.017958,1.191,0.134333,1.347834,3401.347834
poia_zt_authenticator,PoIA with ZT-Authenticator,120,629,0.001792,0.018416,3.521042,0.128,3.67175,3403.67175
poia_zt_authenticator,PoIA with ZT-Authenticator,120,630,0.002083,0.022292,1.458583,0.139709,1.6255,3401.6255
poia_zt_authenticator,PoIA with ZT-Authenticator,120,631,0.001667,0.017375,1.354959,0.135125,1.5115,3401.5115
poia_zt_authenticator,PoIA with ZT-Authenticator,120,632,0.001667,0.017583,8.0595,0.131042,8.212333,3408.212333
poia_zt_authenticator,PoIA with ZT-Authenticator,120,633,0.002583,0.027625,0.78075,0.137584,0.951625,3400.951625
poia_zt_authenticator,PoIA with ZT-Authenticator,120,634,0.001667,0.017667,2.497667,0.131583,2.651,3402.651
poia_zt_authenticator,PoIA with ZT-Authenticator,120,635,0.001667,0.017208,1.599542,0.132542,1.752792,3401.752792
poia_zt_authenticator,PoIA with ZT-Authenticator,120,636,0.002208,0.018917,3.131333,0.132625,3.287666,3403.287666
poia_zt_authenticator,PoIA with ZT-Authenticator,120,637,0.001667,0.017542,1.183459,0.695791,1.904875,3401.904875
poia_zt_authenticator,PoIA with ZT-Authenticator,120,638,0.001584,0.017416,9.320458,2.313125,11.655125,3411.655125
poia_zt_authenticator,PoIA with ZT-Authenticator,120,639,0.001959,0.017709,1.768958,2.039208,3.831,3403.831
poia_zt_authenticator,PoIA with ZT-Authenticator,120,640,0.002792,0.032125,5.204333,2.876792,8.119791,3408.119791
poia_zt_authenticator,PoIA with ZT-Authenticator,120,641,0.002375,0.019083,0.588084,0.133792,0.761125,3400.761125
poia_zt_authenticator,PoIA with ZT-Authenticator,120,642,0.002125,0.017875,1.432958,1.965541,3.421708,3403.421708
poia_zt_authenticator,PoIA with ZT-Authenticator,120,643,0.002125,0.021541,0.763875,0.128583,0.918667,3400.918667
poia_zt_authenticator,PoIA with ZT-Authenticator,120,644,0.001667,0.018084,7.467083,0.142167,7.631625,3407.631625
poia_zt_authenticator,PoIA with ZT-Authenticator,120,645,0.001792,0.035792,0.054916,0.1185,0.213042,3400.213042
poia_zt_authenticator,PoIA with ZT-Authenticator,120,646,0.001625,0.029,4.462875,0.13175,4.627875,3404.627875
poia_zt_authenticator,PoIA with ZT-Authenticator,120,647,0.002334,0.025292,2.333208,0.130292,2.494125,3402.494125
poia_zt_authenticator,PoIA with ZT-Authenticator,120,648,0.002,0.018042,1.907167,0.13275,2.062667,3402.062667
poia_zt_authenticator,PoIA with ZT-Authenticator,120,649,0.001959,0.020792,1.177792,0.658125,1.861042,3401.861042
poia_zt_authenticator,PoIA with ZT-Authenticator,120,650,0.001583,0.017625,2.165417,8.581583,10.769334,3410.769334
poia_zt_authenticator,PoIA with ZT-Authenticator,120,651,0.002125,0.019625,1.791584,3.919958,5.737209,3405.737209
poia_zt_authenticator,PoIA with ZT-Authenticator,120,652,0.002083,0.021541,0.0575,0.119666,0.202709,3400.202709
poia_zt_authenticator,PoIA with ZT-Authenticator,120,653,0.002125,0.022292,0.956583,2.000625,2.984875,3402.984875
poia_zt_authenticator,PoIA with ZT-Authenticator,120,654,0.001584,0.017375,0.0515,0.120083,0.192541,3400.192541
poia_zt_authenticator,PoIA with ZT-Authenticator,120,655,0.001625,0.018,2.663375,0.1435,2.829,3402.829
poia_zt_authenticator,PoIA with ZT-Authenticator,120,656,0.001625,0.01775,1.533917,0.133042,1.688917,3401.688917
poia_zt_authenticator,PoIA with ZT-Authenticator,120,657,0.001792,0.017834,7.383708,0.1345,7.540459,3407.540459
poia_zt_authenticator,PoIA with ZT-Authenticator,120,658,0.001875,0.0175,1.44075,4.617042,6.07975,3406.07975
poia_zt_authenticator,PoIA with ZT-Authenticator,120,659,0.001709,0.018042,9.103042,4.015709,13.1405,3413.1405
poia_zt_authenticator,PoIA with ZT-Authenticator,120,660,0.00175,0.018042,1.976333,0.144375,2.143125,3402.143125
poia_zt_authenticator,PoIA with ZT-Authenticator,120,661,0.001916,0.017209,3.155333,0.132708,3.309667,3403.309667
poia_zt_authenticator,PoIA with ZT-Authenticator,120,662,0.001792,0.017834,2.032083,0.127,2.181125,3402.181125
poia_zt_authenticator,PoIA with ZT-Authenticator,120,663,0.001709,0.031333,3.018042,0.13625,3.189959,3403.189959
poia_zt_authenticator,PoIA with ZT-Authenticator,120,664,0.001666,0.0175,1.197125,0.135375,1.354083,3401.354083
poia_zt_authenticator,PoIA with ZT-Authenticator,120,665,0.001834,0.017709,3.49825,0.135042,3.6555,3403.6555
poia_zt_authenticator,PoIA with ZT-Authenticator,120,666,0.00175,0.018167,2.552166,0.157375,2.731958,3402.731958
poia_zt_authenticator,PoIA with ZT-Authenticator,120,667,0.001875,0.021209,5.425083,0.131542,5.58225,3405.58225
poia_zt_authenticator,PoIA with ZT-Authenticator,120,668,0.003292,0.0305,2.462709,0.151416,2.650708,3402.650708
poia_zt_authenticator,PoIA with ZT-Authenticator,120,669,0.001959,0.021709,3.487208,0.134917,3.648333,3403.648333
poia_zt_authenticator,PoIA with ZT-Authenticator,120,670,0.002292,0.01775,0.075042,0.121708,0.21875,3400.21875
poia_zt_authenticator,PoIA with ZT-Authenticator,120,671,0.007125,0.055708,2.152125,2.954375,5.174084,3405.174084
poia_zt_authenticator,PoIA with ZT-Authenticator,120,672,0.00175,0.018334,6.403583,0.130834,6.55725,3406.55725
poia_zt_authenticator,PoIA with ZT-Authenticator,120,673,0.002041,0.022625,1.570125,1.483375,3.081375,3403.081375
poia_zt_authenticator,PoIA with ZT-Authenticator,120,674,0.001583,0.018917,2.475042,9.659292,12.158083,3412.158083
poia_zt_authenticator,PoIA with ZT-Authenticator,120,675,0.001625,0.017667,3.939334,4.068625,8.030458,3408.030458
poia_zt_authenticator,PoIA with ZT-Authenticator,120,676,0.002292,0.024833,4.08625,0.167458,4.283709,3404.283709
poia_zt_authenticator,PoIA with ZT-Authenticator,120,677,0.001625,0.017625,4.503583,0.130459,4.655792,3404.655792
poia_zt_authenticator,PoIA with ZT-Authenticator,120,678,0.002666,0.023084,0.058875,0.119458,0.206542,3400.206542
poia_zt_authenticator,PoIA with ZT-Authenticator,120,679,0.002667,0.030166,1.297417,0.792917,2.126292,3402.126292
poia_zt_authenticator,PoIA with ZT-Authenticator,120,680,0.0025,0.022375,2.847625,6.063125,8.939375,3408.939375
poia_zt_authenticator,PoIA with ZT-Authenticator,120,681,0.001959,0.02175,1.348417,0.134416,1.509167,3401.509167
poia_zt_authenticator,PoIA with ZT-Authenticator,120,682,0.001625,0.0175,1.922125,0.1275,2.071208,3402.071208
poia_zt_authenticator,PoIA with ZT-Authenticator,120,683,0.002042,0.022209,5.351416,0.1315,5.509709,3405.509709
poia_zt_authenticator,PoIA with ZT-Authenticator,120,684,0.001833,0.017875,5.077709,0.138375,5.238375,3405.238375
poia_zt_authenticator,PoIA with ZT-Authenticator,120,685,0.002625,0.022625,3.307792,0.197542,3.534375,3403.534375
poia_zt_authenticator,PoIA with ZT-Authenticator,120,686,0.00175,0.017709,5.882375,0.314,6.219042,3406.219042
poia_zt_authenticator,PoIA with ZT-Authenticator,120,687,0.001875,0.018292,0.05425,1.173792,1.250959,3401.250959
poia_zt_authenticator,PoIA with ZT-Authenticator,120,688,0.00175,0.0175,2.470209,0.140291,2.632375,3402.632375
poia_zt_authenticator,PoIA with ZT-Authenticator,120,689,0.002042,0.020291,2.911167,0.13675,3.072958,3403.072958
poia_zt_authenticator,PoIA with ZT-Authenticator,120,690,0.001625,0.017292,2.413875,0.130708,2.566125,3402.566125
poia_zt_authenticator,PoIA with ZT-Authenticator,120,691,0.002542,0.0195,0.054709,1.385416,1.46475,3401.46475
poia_zt_authenticator,PoIA with ZT-Authenticator,120,692,0.00225,0.022083,4.33425,0.123584,4.48425,3404.48425
poia_zt_authenticator,PoIA with ZT-Authenticator,120,693,0.001958,0.017542,3.177542,3.820125,7.020167,3407.020167
poia_zt_authenticator,PoIA with ZT-Authenticator,120,694,0.002625,0.023041,2.478084,0.132542,2.639625,3402.639625
poia_zt_authenticator,PoIA with ZT-Authenticator,120,695,0.002042,0.018416,2.261375,0.129292,2.413541,3402.413541
poia_zt_authenticator,PoIA with ZT-Authenticator,120,696,0.001708,0.01875,1.334166,0.12125,1.4775,3401.4775
poia_zt_authenticator,PoIA with ZT-Authenticator,120,697,0.002167,0.021375,5.218083,0.116875,5.360375,3405.360375
poia_zt_authenticator,PoIA with ZT-Authenticator,120,698,0.001709,0.018,3.902375,4.683125,8.608208,3408.608208
poia_zt_authenticator,PoIA with ZT-Authenticator,120,699,0.001917,0.018375,2.95325,0.132417,3.108541,3403.108541
poia_zt_authenticator,PoIA with ZT-Authenticator,120,700,0.002958,0.033541,0.067958,0.143292,0.249958,3400.249958
poia_zt_authenticator,PoIA with ZT-Authenticator,120,701,0.001791,0.017708,3.380834,3.44525,6.848708,3406.848708
poia_zt_authenticator,PoIA with ZT-Authenticator,120,702,0.002417,0.019625,1.09525,0.140209,1.260333,3401.260333
poia_zt_authenticator,PoIA with ZT-Authenticator,120,703,0.0015,0.018084,0.78425,2.299542,3.105875,3403.105875
poia_zt_authenticator,PoIA with ZT-Authenticator,120,704,0.001833,0.018791,0.052708,0.115333,0.1905,3400.1905
poia_zt_authenticator,PoIA with ZT-Authenticator,120,705,0.00175,0.01775,7.35675,0.132083,7.510416,3407.510416
poia_zt_authenticator,PoIA with ZT-Authenticator,120,706,0.002458,0.025334,0.062833,3.764541,3.858,3403.858
poia_zt_authenticator,PoIA with ZT-Authenticator,120,707,0.002875,0.024792,2.918667,0.147875,3.097542,3403.097542
poia_zt_authenticator,PoIA with ZT-Authenticator,120,708,0.00225,0.019625,1.388166,1.48975,2.903084,3402.903084
poia_zt_authenticator,PoIA with ZT-Authenticator,120,709,0.002042,0.019792,1.6245,0.1335,1.782542,3401.782542
poia_zt_authenticator,PoIA with ZT-Authenticator,120,710,0.001875,0.01825,3.672833,0.140625,3.836375,3403.836375
poia_zt_authenticator,PoIA with ZT-Authenticator,120,711,0.001583,0.017375,16.823209,0.132708,16.977417,3416.977417
poia_zt_authenticator,PoIA with ZT-Authenticator,120,712,0.002083,0.021375,2.357416,0.1315,2.514875,3402.514875
poia_zt_authenticator,PoIA with ZT-Authenticator,120,713,0.001834,0.018167,3.802625,0.134292,3.959416,3403.959416
poia_zt_authenticator,PoIA with ZT-Authenticator,120,714,0.0025,0.026917,2.654625,0.134042,2.821375,3402.821375
poia_zt_authenticator,PoIA with ZT-Authenticator,120,715,0.001875,0.018375,9.457625,0.139291,9.639292,3409.639292
poia_zt_authenticator,PoIA with ZT-Authenticator,120,716,0.001583,0.017625,2.252209,0.131458,2.405375,3402.405375
poia_zt_authenticator,PoIA with ZT-Authenticator,120,717,0.001708,0.017417,5.150667,0.131667,5.303958,3405.303958
poia_zt_authenticator,PoIA with ZT-Authenticator,120,718,0.002333,0.025792,3.937541,0.121834,4.089542,3404.089542
poia_zt_authenticator,PoIA with ZT-Authenticator,120,719,0.001583,0.017917,6.932833,0.133333,7.088125,3407.088125
poia_zt_authenticator,PoIA with ZT-Authenticator,120,720,0.001834,0.017834,3.0625,0.131666,3.216541,3403.216541
poia_zt_authenticator,PoIA with ZT-Authenticator,120,721,0.010709,0.049958,0.062708,0.123292,0.251583,3400.251583
poia_zt_authenticator,PoIA with ZT-Authenticator,120,722,0.001708,0.0175,3.045792,0.132542,3.200083,3403.200083
poia_zt_authenticator,PoIA with ZT-Authenticator,120,723,0.001792,0.017834,7.683708,0.134958,7.840875,3407.840875
poia_zt_authenticator,PoIA with ZT-Authenticator,120,724,0.001667,0.017542,2.849417,0.135666,3.00675,3403.00675
poia_zt_authenticator,PoIA with ZT-Authenticator,120,725,0.001833,0.018208,2.810875,0.138417,2.972084,3402.972084
poia_zt_authenticator,PoIA with ZT-Authenticator,120,726,0.001833,0.017959,1.39175,0.127458,1.541417,3401.541417
poia_zt_authenticator,PoIA with ZT-Authenticator,120,727,0.001708,0.019708,1.489125,0.142083,1.655417,3401.655417
poia_zt_authenticator,PoIA with ZT-Authenticator,120,728,0.001916,0.021917,4.153083,0.133833,4.313334,3404.313334
poia_zt_authenticator,PoIA with ZT-Authenticator,120,729,0.002542,0.023,0.720167,0.655041,1.404417,3401.404417
poia_zt_authenticator,PoIA with ZT-Authenticator,120,730,0.001875,0.018041,1.979459,0.143625,2.145541,3402.145541
poia_zt_authenticator,PoIA with ZT-Authenticator,120,731,0.001917,0.018083,4.002958,0.142292,4.167958,3404.167958
poia_zt_authenticator,PoIA with ZT-Authenticator,120,732,0.001708,0.017875,4.201708,0.13325,4.357084,3404.357084
poia_zt_authenticator,PoIA with ZT-Authenticator,120,733,0.001333,0.017458,7.024042,0.142375,7.187625,3407.187625
poia_zt_authenticator,PoIA with ZT-Authenticator,120,734,0.002125,0.022541,0.7885,0.923125,1.739916,3401.739916
poia_zt_authenticator,PoIA with ZT-Authenticator,120,735,0.001875,0.017625,6.873459,0.14975,7.045333,3407.045333
poia_zt_authenticator,PoIA with ZT-Authenticator,120,736,0.002375,0.023709,3.217959,0.133625,3.380416,3403.380416
poia_zt_authenticator,PoIA with ZT-Authenticator,120,737,0.00175,0.017375,4.747167,0.130333,4.899292,3404.899292
poia_zt_authenticator,PoIA with ZT-Authenticator,120,738,0.001958,0.017917,3.091125,0.135,3.248583,3403.248583
poia_zt_authenticator,PoIA with ZT-Authenticator,120,739,0.001625,0.018541,1.592083,1.545792,3.160666,3403.160666
poia_zt_authenticator,PoIA with ZT-Authenticator,120,740,0.0015,0.017666,11.010583,0.131916,11.164083,3411.164083
poia_zt_authenticator,PoIA with ZT-Authenticator,120,741,0.001625,0.017292,0.050042,0.117875,0.188667,3400.188667
poia_zt_authenticator,PoIA with ZT-Authenticator,120,742,0.001666,0.018917,2.188166,0.1345,2.345875,3402.345875
poia_zt_authenticator,PoIA with ZT-Authenticator,120,743,0.002,0.018167,3.014709,0.133917,3.171375,3403.171375
poia_zt_authenticator,PoIA with ZT-Authenticator,120,744,0.001667,0.017458,1.983167,0.141625,2.146458,3402.146458
poia_zt_authenticator,PoIA with ZT-Authenticator,120,745,0.00175,0.017542,2.654583,0.137708,2.814125,3402.814125
poia_zt_authenticator,PoIA with ZT-Authenticator,120,746,0.001791,0.018459,3.72475,0.144958,3.8925,3403.8925
poia_zt_authenticator,PoIA with ZT-Authenticator,120,747,0.001958,0.017958,2.292208,0.126959,2.441667,3402.441667
poia_zt_authenticator,PoIA with ZT-Authenticator,120,748,0.002125,0.022625,7.134,1.629041,8.790292,3408.790292
poia_zt_authenticator,PoIA with ZT-Authenticator,120,749,0.001875,0.017708,5.074875,0.13475,5.23175,3405.23175
poia_zt_authenticator,PoIA with ZT-Authenticator,120,750,0.001584,0.017542,1.986542,0.131458,2.139583,3402.139583
poia_zt_authenticator,PoIA with ZT-Authenticator,120,751,0.002041,0.0195,0.94,0.132417,1.096209,3401.096209
poia_zt_authenticator,PoIA with ZT-Authenticator,120,752,0.00175,0.018167,4.082416,1.064125,5.168958,3405.168958
poia_zt_authenticator,PoIA with ZT-Authenticator,120,753,0.001875,0.018,1.311917,0.938958,2.2735,3402.2735
poia_zt_authenticator,PoIA with ZT-Authenticator,120,754,0.002042,0.020292,8.447083,0.135542,8.607625,3408.607625
poia_zt_authenticator,PoIA with ZT-Authenticator,120,755,0.002417,0.025791,28.612458,0.132583,28.77625,3428.77625
poia_zt_authenticator,PoIA with ZT-Authenticator,120,756,0.001708,0.017959,1.986291,0.131167,2.139667,3402.139667
poia_zt_authenticator,PoIA with ZT-Authenticator,120,757,0.001709,0.018167,1.190125,0.134583,1.347125,3401.347125
poia_zt_authenticator,PoIA with ZT-Authenticator,120,758,0.002167,0.021417,3.406416,3.449834,6.882959,3406.882959
poia_zt_authenticator,PoIA with ZT-Authenticator,120,759,0.002,0.02175,1.257917,1.586833,2.871583,3402.871583
poia_zt_authenticator,PoIA with ZT-Authenticator,120,760,0.001792,0.018,0.056375,1.365458,1.444208,3401.444208
poia_zt_authenticator,PoIA with ZT-Authenticator,120,761,0.001583,0.017542,2.185583,0.141459,2.34875,3402.34875
poia_zt_authenticator,PoIA with ZT-Authenticator,120,762,0.001625,0.017417,2.269333,0.129084,2.419916,3402.419916
poia_zt_authenticator,PoIA with ZT-Authenticator,120,763,0.001833,0.018708,0.839667,0.129125,0.991917,3400.991917
poia_zt_authenticator,PoIA with ZT-Authenticator,120,764,0.002,0.019042,1.9615,0.138458,2.123834,3402.123834
poia_zt_authenticator,PoIA with ZT-Authenticator,120,765,0.001916,0.021166,7.242709,3.787625,11.056625,3411.056625
poia_zt_authenticator,PoIA with ZT-Authenticator,120,766,0.00125,0.017292,2.664542,10.94725,13.63325,3413.63325
poia_zt_authenticator,PoIA with ZT-Authenticator,120,767,0.001583,0.01775,12.13575,0.126959,12.284583,3412.284583
poia_zt_authenticator,PoIA with ZT-Authenticator,120,768,0.002042,0.018625,4.676958,0.13075,4.830709,3404.830709
poia_zt_authenticator,PoIA with ZT-Authenticator,120,769,0.002458,0.022417,1.416416,0.128458,1.572375,3401.572375
poia_zt_authenticator,PoIA with ZT-Authenticator,120,770,0.001709,0.017333,0.848375,0.128542,0.998375,3400.998375
poia_zt_authenticator,PoIA with ZT-Authenticator,120,771,0.001708,0.017792,2.265458,0.139792,2.427208,3402.427208
poia_zt_authenticator,PoIA with ZT-Authenticator,120,772,0.00175,0.017542,3.999416,0.13075,4.151875,3404.151875
poia_zt_authenticator,PoIA with ZT-Authenticator,120,773,0.002083,0.020792,2.549708,0.591166,3.1665,3403.1665
poia_zt_authenticator,PoIA with ZT-Authenticator,120,774,0.002125,0.018166,2.077459,0.134583,2.234959,3402.234959
poia_zt_authenticator,PoIA with ZT-Authenticator,120,775,0.0015,0.017916,1.572583,0.128292,1.722792,3401.722792
poia_zt_authenticator,PoIA with ZT-Authenticator,120,776,0.001625,0.01725,2.278042,0.131166,2.430583,3402.430583
poia_zt_authenticator,PoIA with ZT-Authenticator,120,777,0.002,0.019084,2.539291,0.148291,2.711417,3402.711417
poia_zt_authenticator,PoIA with ZT-Authenticator,120,778,0.001708,0.017417,1.634416,0.126916,1.783,3401.783
poia_zt_authenticator,PoIA with ZT-Authenticator,120,779,0.001584,0.017542,1.404875,0.133042,1.559417,3401.559417
poia_zt_authenticator,PoIA with ZT-Authenticator,120,780,0.001791,0.017875,0.37675,0.130834,0.52975,3400.52975
poia_zt_authenticator,PoIA with ZT-Authenticator,120,781,0.00175,0.018083,3.9115,0.13375,4.067667,3404.067667
poia_zt_authenticator,PoIA with ZT-Authenticator,120,782,0.0025,0.022166,0.817625,0.14175,0.987125,3400.987125
poia_zt_authenticator,PoIA with ZT-Authenticator,120,783,0.001667,0.017416,1.443834,0.138,1.603375,3401.603375
poia_zt_authenticator,PoIA with ZT-Authenticator,120,784,0.0015,0.017791,2.54925,0.130792,2.701791,3402.701791
poia_zt_authenticator,PoIA with ZT-Authenticator,120,785,0.001208,0.01725,24.432,0.142875,24.596083,3424.596083
poia_zt_authenticator,PoIA with ZT-Authenticator,120,786,0.00175,0.021583,18.182666,0.132334,18.340917,3418.340917
poia_zt_authenticator,PoIA with ZT-Authenticator,120,787,0.001708,0.018083,1.933417,0.134125,2.089958,3402.089958
poia_zt_authenticator,PoIA with ZT-Authenticator,120,788,0.001583,0.017625,0.79375,1.698917,2.514917,3402.514917
poia_zt_authenticator,PoIA with ZT-Authenticator,120,789,0.001709,0.017791,2.256833,2.518542,4.797875,3404.797875
poia_zt_authenticator,PoIA with ZT-Authenticator,120,790,0.002208,0.01825,1.602333,0.136542,1.762,3401.762
poia_zt_authenticator,PoIA with ZT-Authenticator,120,791,0.001584,0.017292,1.245375,0.128875,1.395583,3401.395583
poia_zt_authenticator,PoIA with ZT-Authenticator,120,792,0.001791,0.023458,2.069666,0.132417,2.229958,3402.229958
poia_zt_authenticator,PoIA with ZT-Authenticator,120,793,0.001666,0.01825,1.844959,0.143125,2.010625,3402.010625
poia_zt_authenticator,PoIA with ZT-Authenticator,120,794,0.002667,0.022708,0.373958,0.568208,0.971041,3400.971041
poia_zt_authenticator,PoIA with ZT-Authenticator,120,795,0.001708,0.017333,7.842625,0.130875,7.995042,3407.995042
poia_zt_authenticator,PoIA with ZT-Authenticator,120,796,0.001666,0.0175,1.856625,0.131459,2.009792,3402.009792
poia_zt_authenticator,PoIA with ZT-Authenticator,120,797,0.00175,0.018167,0.8375,0.131584,0.991375,3400.991375
poia_zt_authenticator,PoIA with ZT-Authenticator,120,798,0.001917,0.018042,1.935584,0.13575,2.093958,3402.093958
poia_zt_authenticator,PoIA with ZT-Authenticator,120,799,0.00225,0.027667,0.798459,0.140458,0.971708,3400.971708
poia_zt_authenticator,PoIA with ZT-Authenticator,120,800,0.001916,0.021583,0.698542,0.132,0.856458,3400.856458
poia_zt_authenticator,PoIA with ZT-Authenticator,120,801,0.00175,0.033333,0.058625,0.121959,0.217875,3400.217875
poia_zt_authenticator,PoIA with ZT-Authenticator,120,802,0.00275,0.031167,6.199292,4.694791,10.931791,3410.931791
poia_zt_authenticator,PoIA with ZT-Authenticator,120,803,0.001625,0.017291,9.660166,0.134083,9.815583,3409.815583
poia_zt_authenticator,PoIA with ZT-Authenticator,120,804,0.00275,0.027833,0.063625,2.878209,2.975125,3402.975125
poia_zt_authenticator,PoIA with ZT-Authenticator,120,805,0.002083,0.018833,0.94675,0.130375,1.100625,3401.100625
poia_zt_authenticator,PoIA with ZT-Authenticator,120,806,0.001916,0.017583,5.415583,0.136708,5.574291,3405.574291
poia_zt_authenticator,PoIA with ZT-Authenticator,120,807,0.001709,0.017834,1.163,0.13975,1.324917,3401.324917
poia_zt_authenticator,PoIA with ZT-Authenticator,120,808,0.00175,0.017709,0.992458,0.131125,1.145667,3401.145667
poia_zt_authenticator,PoIA with ZT-Authenticator,120,809,0.001666,0.0175,0.835583,0.133291,0.990667,3400.990667
poia_zt_authenticator,PoIA with ZT-Authenticator,120,810,0.002375,0.025167,0.650667,0.555875,1.237667,3401.237667
poia_zt_authenticator,PoIA with ZT-Authenticator,120,811,0.002042,0.018667,1.530917,0.135166,1.689583,3401.689583
poia_zt_authenticator,PoIA with ZT-Authenticator,120,812,0.00175,0.017875,0.539125,0.140583,0.701833,3400.701833
poia_zt_authenticator,PoIA with ZT-Authenticator,120,813,0.00325,0.026416,0.26025,0.148375,0.441416,3400.441416
poia_zt_authenticator,PoIA with ZT-Authenticator,120,814,0.001959,0.018834,3.844125,0.131208,3.998666,3403.998666
poia_zt_authenticator,PoIA with ZT-Authenticator,120,815,0.003792,0.035708,2.534875,0.135583,2.7135,3402.7135
poia_zt_authenticator,PoIA with ZT-Authenticator,120,816,0.001833,0.018083,0.839792,0.126583,0.98875,3400.98875
poia_zt_authenticator,PoIA with ZT-Authenticator,120,817,0.001667,0.017791,0.822334,0.1275,0.971791,3400.971791
poia_zt_authenticator,PoIA with ZT-Authenticator,120,818,0.00175,0.017958,1.945958,0.128292,2.096375,3402.096375
poia_zt_authenticator,PoIA with ZT-Authenticator,120,819,0.002041,0.01825,2.188208,0.148583,2.360125,3402.360125
poia_zt_authenticator,PoIA with ZT-Authenticator,120,820,0.002083,0.024042,0.609708,0.69725,1.33625,3401.33625
poia_zt_authenticator,PoIA with ZT-Authenticator,120,821,0.002875,0.024333,1.335959,1.281458,2.648334,3402.648334
poia_zt_authenticator,PoIA with ZT-Authenticator,120,822,0.002417,0.029917,2.049375,0.131375,2.216333,3402.216333
poia_zt_authenticator,PoIA with ZT-Authenticator,120,823,0.001833,0.021208,0.791042,0.134875,0.951375,3400.951375
poia_zt_authenticator,PoIA with ZT-Authenticator,120,824,0.002125,0.021667,5.3125,0.155959,5.495375,3405.495375
poia_zt_authenticator,PoIA with ZT-Authenticator,120,825,0.002333,0.026709,1.706334,0.153209,1.891583,3401.891583
poia_zt_authenticator,PoIA with ZT-Authenticator,120,826,0.00175,0.017667,2.266709,0.148625,2.437333,3402.437333
poia_zt_authenticator,PoIA with ZT-Authenticator,120,827,0.001458,0.017459,5.397125,0.137833,5.5565,3405.5565
poia_zt_authenticator,PoIA with ZT-Authenticator,120,828,0.001708,0.017333,0.050041,0.117459,0.188375,3400.188375
poia_zt_authenticator,PoIA with ZT-Authenticator,120,829,0.001833,0.021458,1.12125,0.141791,1.289083,3401.289083
poia_zt_authenticator,PoIA with ZT-Authenticator,120,830,0.001959,0.018167,0.922167,0.121125,1.065541,3401.065541
poia_zt_authenticator,PoIA with ZT-Authenticator,120,831,0.00175,0.017958,2.012,0.142084,2.176333,3402.176333
poia_zt_authenticator,PoIA with ZT-Authenticator,120,832,0.001958,0.022584,0.066667,0.126417,0.21975,3400.21975
poia_zt_authenticator,PoIA with ZT-Authenticator,120,833,0.001583,0.017625,0.657959,0.807958,1.48825,3401.48825
poia_zt_authenticator,PoIA with ZT-Authenticator,120,834,0.001959,0.018,3.931166,0.130208,4.083958,3404.083958
poia_zt_authenticator,PoIA with ZT-Authenticator,120,835,0.002209,0.019583,1.613875,0.135416,1.774042,3401.774042
poia_zt_authenticator,PoIA with ZT-Authenticator,120,836,0.001958,0.0175,2.007,0.128,2.156917,3402.156917
poia_zt_authenticator,PoIA with ZT-Authenticator,120,837,0.001583,0.0175,2.125458,0.128708,2.27575,3402.27575
poia_zt_authenticator,PoIA with ZT-Authenticator,120,838,0.001708,0.017875,0.0525,6.258958,6.333625,3406.333625
poia_zt_authenticator,PoIA with ZT-Authenticator,120,839,0.00175,0.017708,2.154625,0.133,2.309583,3402.309583
poia_zt_authenticator,PoIA with ZT-Authenticator,120,840,0.001584,0.017666,7.141959,0.131291,7.295041,3407.295041
poia_zt_authenticator,PoIA with ZT-Authenticator,120,841,0.002541,0.0245,0.061083,8.079084,8.169917,3408.169917
poia_zt_authenticator,PoIA with ZT-Authenticator,120,842,0.002167,0.019042,3.091791,0.136333,3.252167,3403.252167
poia_zt_authenticator,PoIA with ZT-Authenticator,120,843,0.001625,0.017792,2.32675,0.128959,2.477542,3402.477542
poia_zt_authenticator,PoIA with ZT-Authenticator,120,844,0.001959,0.027333,0.058167,1.2655,1.355583,3401.355583
poia_zt_authenticator,PoIA with ZT-Authenticator,120,845,0.0015,0.017833,0.839916,0.127333,0.988625,3400.988625
poia_zt_authenticator,PoIA with ZT-Authenticator,120,846,0.001875,0.018625,6.786916,0.130666,6.940584,3406.940584
poia_zt_authenticator,PoIA with ZT-Authenticator,120,847,0.002292,0.026,3.441708,0.8745,4.348125,3404.348125
poia_zt_authenticator,PoIA with ZT-Authenticator,120,848,0.002167,0.018416,2.020959,0.131833,2.176041,3402.176041
poia_zt_authenticator,PoIA with ZT-Authenticator,120,849,0.001834,0.017625,5.362458,3.701625,9.085833,3409.085833
poia_zt_authenticator,PoIA with ZT-Authenticator,120,850,0.001958,0.0215,1.767,1.733834,3.527375,3403.527375
poia_zt_authenticator,PoIA with ZT-Authenticator,120,851,0.0025,0.026542,5.563334,4.274417,9.870375,3409.870375
poia_zt_authenticator,PoIA with ZT-Authenticator,120,852,0.001917,0.018042,0.979542,0.133791,1.135792,3401.135792
poia_zt_authenticator,PoIA with ZT-Authenticator,120,853,0.002208,0.021708,0.999917,0.131458,1.157834,3401.157834
poia_zt_authenticator,PoIA with ZT-Authenticator,120,854,0.001584,0.017625,2.103084,1.579875,3.705166,3403.705166
poia_zt_authenticator,PoIA with ZT-Authenticator,120,855,0.002416,0.030583,1.013334,0.133416,1.182875,3401.182875
poia_zt_authenticator,PoIA with ZT-Authenticator,120,856,0.001875,0.022584,5.201416,0.132167,5.360584,3405.360584
poia_zt_authenticator,PoIA with ZT-Authenticator,120,857,0.002291,0.026625,2.170542,0.131917,2.3345,3402.3345
poia_zt_authenticator,PoIA with ZT-Authenticator,120,858,0.002291,0.022917,1.561458,0.13075,1.72,3401.72
poia_zt_authenticator,PoIA with ZT-Authenticator,120,859,0.001916,0.01725,0.762208,0.131542,0.915542,3400.915542
poia_zt_authenticator,PoIA with ZT-Authenticator,120,860,0.001875,0.018416,1.939084,0.133709,2.095667,3402.095667
poia_zt_authenticator,PoIA with ZT-Authenticator,120,861,0.001584,0.017417,1.42325,1.521667,2.966166,3402.966166
poia_zt_authenticator,PoIA with ZT-Authenticator,120,862,0.002708,0.025375,0.882875,1.866584,2.781209,3402.781209
poia_zt_authenticator,PoIA with ZT-Authenticator,120,863,0.001708,0.018125,3.6515,0.131167,3.804958,3403.804958
poia_zt_authenticator,PoIA with ZT-Authenticator,120,864,0.00175,0.017917,14.7015,16.591375,31.315667,3431.315667
poia_zt_authenticator,PoIA with ZT-Authenticator,120,865,0.002,0.017667,3.882208,0.134917,4.039416,3404.039416
poia_zt_authenticator,PoIA with ZT-Authenticator,120,866,0.001625,0.017625,1.796458,0.132167,1.950416,3401.950416
poia_zt_authenticator,PoIA with ZT-Authenticator,120,867,0.001917,0.021625,7.738375,4.609167,12.373625,3412.373625
poia_zt_authenticator,PoIA with ZT-Authenticator,120,868,0.001791,0.017459,2.152458,0.134833,2.309292,3402.309292
poia_zt_authenticator,PoIA with ZT-Authenticator,120,869,0.001833,0.019208,0.079583,0.122125,0.224958,3400.224958
poia_zt_authenticator,PoIA with ZT-Authenticator,120,870,0.001292,0.0175,3.467375,0.147458,3.636041,3403.636041
poia_zt_authenticator,PoIA with ZT-Authenticator,120,871,0.00225,0.025416,2.096375,1.139125,3.266541,3403.266541
poia_zt_authenticator,PoIA with ZT-Authenticator,120,872,0.001625,0.017625,2.375542,0.941292,3.339125,3403.339125
poia_zt_authenticator,PoIA with ZT-Authenticator,120,873,0.001708,0.018042,3.871625,0.146042,4.039917,3404.039917
poia_zt_authenticator,PoIA with ZT-Authenticator,120,874,0.002083,0.025583,0.746291,0.119167,0.895417,3400.895417
poia_zt_authenticator,PoIA with ZT-Authenticator,120,875,0.002166,0.025,1.223416,1.353291,2.60725,3402.60725
poia_zt_authenticator,PoIA with ZT-Authenticator,120,876,0.002084,0.022167,7.118667,2.539542,9.685416,3409.685416
poia_zt_authenticator,PoIA with ZT-Authenticator,120,877,0.001667,0.017291,4.995959,0.1305,5.147958,3405.147958
poia_zt_authenticator,PoIA with ZT-Authenticator,120,878,0.001834,0.01825,5.314959,0.134541,5.472166,3405.472166
poia_zt_authenticator,PoIA with ZT-Authenticator,120,879,0.001583,0.017625,0.905709,0.130958,1.058334,3401.058334
poia_zt_authenticator,PoIA with ZT-Authenticator,120,880,0.001625,0.017834,2.4205,0.13225,2.574834,3402.574834
poia_zt_authenticator,PoIA with ZT-Authenticator,120,881,0.002458,0.022459,5.22375,0.1345,5.38625,3405.38625
poia_zt_authenticator,PoIA with ZT-Authenticator,120,882,0.002625,0.019417,1.486375,0.139333,1.650333,3401.650333
poia_zt_authenticator,PoIA with ZT-Authenticator,120,883,0.001625,0.017667,0.836833,0.131625,0.990167,3400.990167
poia_zt_authenticator,PoIA with ZT-Authenticator,120,884,0.002958,0.02325,1.869166,0.134875,2.033375,3402.033375
poia_zt_authenticator,PoIA with ZT-Authenticator,120,885,0.002458,0.018666,3.463042,0.13425,3.621125,3403.621125
poia_zt_authenticator,PoIA with ZT-Authenticator,120,886,0.001917,0.017791,3.482375,0.127334,3.631917,3403.631917
poia_zt_authenticator,PoIA with ZT-Authenticator,120,887,0.001792,0.023459,1.615042,0.131292,1.774084,3401.774084
poia_zt_authenticator,PoIA with ZT-Authenticator,120,888,0.002084,0.021542,1.039125,0.936375,2.002166,3402.002166
poia_zt_authenticator,PoIA with ZT-Authenticator,120,889,0.002208,0.018458,4.13525,0.131834,4.290375,3404.290375
poia_zt_authenticator,PoIA with ZT-Authenticator,120,890,0.001708,0.017875,5.018125,0.133792,5.174042,3405.174042
poia_zt_authenticator,PoIA with ZT-Authenticator,120,891,0.001583,0.01775,1.592208,0.133875,1.747875,3401.747875
poia_zt_authenticator,PoIA with ZT-Authenticator,120,892,0.002,0.022584,0.057583,1.434375,1.519041,3401.519041
poia_zt_authenticator,PoIA with ZT-Authenticator,120,893,0.001625,0.017709,2.181,0.126583,2.329459,3402.329459
poia_zt_authenticator,PoIA with ZT-Authenticator,120,894,0.002333,0.0255,6.667417,0.135875,6.833917,3406.833917
poia_zt_authenticator,PoIA with ZT-Authenticator,120,895,0.002459,0.025625,1.003083,0.930959,1.965125,3401.965125
poia_zt_authenticator,PoIA with ZT-Authenticator,120,896,0.00225,0.019458,4.407416,0.132917,4.564708,3404.564708
poia_zt_authenticator,PoIA with ZT-Authenticator,120,897,0.001625,0.017417,0.710834,0.132083,0.864417,3400.864417
poia_zt_authenticator,PoIA with ZT-Authenticator,120,898,0.004333,0.025667,2.150459,0.13425,2.317458,3402.317458
poia_zt_authenticator,PoIA with ZT-Authenticator,120,899,0.00175,0.017667,3.133708,3.192833,6.349125,3406.349125
poia_zt_authenticator,PoIA with ZT-Authenticator,120,900,0.001583,0.018041,3.506333,0.123125,3.651042,3403.651042
poia_zt_authenticator,PoIA with ZT-Authenticator,120,901,0.00175,0.01825,1.277459,0.142167,1.442167,3401.442167
poia_zt_authenticator,PoIA with ZT-Authenticator,120,902,0.002875,0.026292,0.588417,0.142875,0.763875,3400.763875
poia_zt_authenticator,PoIA with ZT-Authenticator,120,903,0.001959,0.021667,0.848875,0.132083,1.007125,3401.007125
poia_zt_authenticator,PoIA with ZT-Authenticator,120,904,0.001708,0.017625,3.833208,6.499542,10.355125,3410.355125
poia_zt_authenticator,PoIA with ZT-Authenticator,120,905,0.001792,0.017917,1.85825,0.138459,2.019125,3402.019125
poia_zt_authenticator,PoIA with ZT-Authenticator,120,906,0.001625,0.017583,1.443417,0.131625,1.596833,3401.596833
poia_zt_authenticator,PoIA with ZT-Authenticator,120,907,0.001542,0.0285,3.989541,0.131792,4.1565,3404.1565
poia_zt_authenticator,PoIA with ZT-Authenticator,120,908,0.00175,0.018291,5.383166,0.135167,5.540875,3405.540875
poia_zt_authenticator,PoIA with ZT-Authenticator,120,909,0.002083,0.018541,0.915042,0.131792,1.07,3401.07
poia_zt_authenticator,PoIA with ZT-Authenticator,120,910,0.001875,0.018125,1.4945,0.129333,1.646375,3401.646375
poia_zt_authenticator,PoIA with ZT-Authenticator,120,911,0.001875,0.017875,5.412125,0.136,5.570417,3405.570417
poia_zt_authenticator,PoIA with ZT-Authenticator,120,912,0.00175,0.017625,2.758125,3.060208,5.840708,3405.840708
poia_zt_authenticator,PoIA with ZT-Authenticator,120,913,0.002792,0.02275,0.915583,0.135208,1.079625,3401.079625
poia_zt_authenticator,PoIA with ZT-Authenticator,120,914,0.00175,0.028542,3.377917,0.130333,3.541167,3403.541167
poia_zt_authenticator,PoIA with ZT-Authenticator,120,915,0.001667,0.017875,1.6975,0.121459,1.840542,3401.840542
poia_zt_authenticator,PoIA with ZT-Authenticator,120,916,0.00225,0.025958,3.633375,0.132292,3.796792,3403.796792
poia_zt_authenticator,PoIA with ZT-Authenticator,120,917,0.002125,0.021708,0.957875,0.145458,1.129792,3401.129792
poia_zt_authenticator,PoIA with ZT-Authenticator,120,918,0.001916,0.022708,2.192083,0.132583,2.35175,3402.35175
poia_zt_authenticator,PoIA with ZT-Authenticator,120,919,0.001708,0.017625,2.183,0.128167,2.333,3402.333
poia_zt_authenticator,PoIA with ZT-Authenticator,120,920,0.002083,0.023,2.757083,0.125709,2.909959,3402.909959
poia_zt_authenticator,PoIA with ZT-Authenticator,120,921,0.001625,0.017667,1.509083,0.135583,1.666458,3401.666458
poia_zt_authenticator,PoIA with ZT-Authenticator,120,922,0.001666,0.017583,3.65025,0.131959,3.803958,3403.803958
poia_zt_authenticator,PoIA with ZT-Authenticator,120,923,0.001916,0.018209,5.612333,0.134459,5.769417,3405.769417
poia_zt_authenticator,PoIA with ZT-Authenticator,120,924,0.002083,0.020125,11.93675,3.83075,15.794167,3415.794167
poia_zt_authenticator,PoIA with ZT-Authenticator,120,925,0.001667,0.020625,0.821709,0.143208,0.989833,3400.989833
poia_zt_authenticator,PoIA with ZT-Authenticator,120,926,0.002042,0.022375,1.037959,0.147083,1.212,3401.212
poia_zt_authenticator,PoIA with ZT-Authenticator,120,927,0.001916,0.018292,0.977459,0.138917,1.139459,3401.139459
poia_zt_authenticator,PoIA with ZT-Authenticator,120,928,0.001708,0.017584,1.7895,3.899958,5.711834,3405.711834
poia_zt_authenticator,PoIA with ZT-Authenticator,120,929,0.002667,0.023292,3.487791,0.135125,3.652083,3403.652083
poia_zt_authenticator,PoIA with ZT-Authenticator,120,930,0.001458,0.017709,1.461541,0.132417,1.615542,3401.615542
poia_zt_authenticator,PoIA with ZT-Authenticator,120,931,0.002041,0.018,0.050959,0.114208,0.187167,3400.187167
poia_zt_authenticator,PoIA with ZT-Authenticator,120,932,0.001583,0.017791,0.056875,0.120542,0.198875,3400.198875
poia_zt_authenticator,PoIA with ZT-Authenticator,120,933,0.001542,0.01775,4.258292,1.153292,5.4335,3405.4335
poia_zt_authenticator,PoIA with ZT-Authenticator,120,934,0.001583,0.018,1.585417,0.238667,1.846208,3401.846208
poia_zt_authenticator,PoIA with ZT-Authenticator,120,935,0.004708,0.051875,1.607875,1.620083,3.288208,3403.288208
poia_zt_authenticator,PoIA with ZT-Authenticator,120,936,0.001958,0.018417,1.865125,0.132833,2.021042,3402.021042
poia_zt_authenticator,PoIA with ZT-Authenticator,120,937,0.002083,0.022375,3.966792,2.033667,6.027334,3406.027334
poia_zt_authenticator,PoIA with ZT-Authenticator,120,938,0.00175,0.031125,4.58975,2.952375,7.577958,3407.577958
poia_zt_authenticator,PoIA with ZT-Authenticator,120,939,0.001833,0.017625,3.637792,1.722708,5.383167,3405.383167
poia_zt_authenticator,PoIA with ZT-Authenticator,120,940,0.002458,0.026625,2.069458,0.142375,2.243625,3402.243625
poia_zt_authenticator,PoIA with ZT-Authenticator,120,941,0.001625,0.017958,0.054834,0.119875,0.196291,3400.196291
poia_zt_authenticator,PoIA with ZT-Authenticator,120,942,0.001916,0.018917,2.032041,1.075667,3.131667,3403.131667
poia_zt_authenticator,PoIA with ZT-Authenticator,120,943,0.002,0.021125,3.993834,1.590125,5.61025,3405.61025
poia_zt_authenticator,PoIA with ZT-Authenticator,120,944,0.001625,0.0175,1.642916,0.131209,1.795666,3401.795666
poia_zt_authenticator,PoIA with ZT-Authenticator,120,945,0.001917,0.017917,2.01125,0.132625,2.166166,3402.166166
poia_zt_authenticator,PoIA with ZT-Authenticator,120,946,0.001875,0.017709,3.29075,0.129208,3.442,3403.442
poia_zt_authenticator,PoIA with ZT-Authenticator,120,947,0.002,0.0225,0.458167,0.133084,0.618166,3400.618166
poia_zt_authenticator,PoIA with ZT-Authenticator,120,948,0.001667,0.017708,11.035584,0.127542,11.184959,3411.184959
poia_zt_authenticator,PoIA with ZT-Authenticator,120,949,0.001666,0.017833,2.438417,0.131833,2.592375,3402.592375
poia_zt_authenticator,PoIA with ZT-Authenticator,120,950,0.001708,0.017375,1.541167,0.136958,1.699875,3401.699875
poia_zt_authenticator,PoIA with ZT-Authenticator,120,951,0.001709,0.017542,2.581791,0.132042,2.735666,3402.735666
poia_zt_authenticator,PoIA with ZT-Authenticator,120,952,0.001583,0.017291,0.589625,0.73,1.341583,3401.341583
poia_zt_authenticator,PoIA with ZT-Authenticator,120,953,0.001625,0.017917,6.628708,0.130667,6.7815,3406.7815
poia_zt_authenticator,PoIA with ZT-Authenticator,120,954,0.001708,0.017583,1.33875,0.790125,2.15125,3402.15125
poia_zt_authenticator,PoIA with ZT-Authenticator,120,955,0.001667,0.017584,1.938875,0.132083,2.092708,3402.092708
poia_zt_authenticator,PoIA with ZT-Authenticator,120,956,0.001875,0.02175,0.777708,0.132,0.935875,3400.935875
poia_zt_authenticator,PoIA with ZT-Authenticator,120,957,0.001709,0.017833,2.692625,0.133958,2.84875,3402.84875
poia_zt_authenticator,PoIA with ZT-Authenticator,120,958,0.001583,0.028667,2.626291,0.127,2.786125,3402.786125
poia_zt_authenticator,PoIA with ZT-Authenticator,120,959,0.001792,0.01775,2.015833,0.132,2.17,3402.17
poia_zt_authenticator,PoIA with ZT-Authenticator,120,960,0.002125,0.018041,10.677291,1.999625,12.699583,3412.699583
poia_zt_authenticator,PoIA with ZT-Authenticator,120,961,0.001583,0.017792,14.193375,0.136209,14.351625,3414.351625
poia_zt_authenticator,PoIA with ZT-Authenticator,120,962,0.011917,0.018375,0.854542,0.144917,1.032458,3401.032458
poia_zt_authenticator,PoIA with ZT-Authenticator,120,963,0.002625,0.026875,1.785792,1.853667,3.6725,3403.6725
poia_zt_authenticator,PoIA with ZT-Authenticator,120,964,0.00175,0.038375,1.8555,8.943041,10.842,3410.842
poia_zt_authenticator,PoIA with ZT-Authenticator,120,965,0.001709,0.017959,6.240083,0.140041,6.402333,3406.402333
poia_zt_authenticator,PoIA with ZT-Authenticator,120,966,0.001833,0.021625,1.656458,0.131666,1.814084,3401.814084
poia_zt_authenticator,PoIA with ZT-Authenticator,120,967,0.001875,0.018459,2.916333,0.144625,3.084333,3403.084333
poia_zt_authenticator,PoIA with ZT-Authenticator,120,968,0.001958,0.019,2.103333,0.13475,2.261708,3402.261708
poia_zt_authenticator,PoIA with ZT-Authenticator,120,969,0.00175,0.0185,1.863208,0.136583,2.022583,3402.022583
poia_zt_authenticator,PoIA with ZT-Authenticator,120,970,0.002583,0.022958,2.140292,1.626666,3.79625,3403.79625
poia_zt_authenticator,PoIA with ZT-Authenticator,120,971,0.002375,0.026833,0.566834,2.724083,3.323666,3403.323666
poia_zt_authenticator,PoIA with ZT-Authenticator,120,972,0.001584,0.017708,3.100084,0.128583,3.250375,3403.250375
poia_zt_authenticator,PoIA with ZT-Authenticator,120,973,0.001792,0.018792,1.672792,3.222708,4.919375,3404.919375
poia_zt_authenticator,PoIA with ZT-Authenticator,120,974,0.001708,0.017792,2.219,0.131875,2.372917,3402.372917
poia_zt_authenticator,PoIA with ZT-Authenticator,120,975,0.001875,0.018167,0.05275,1.676417,1.751542,3401.751542
poia_zt_authenticator,PoIA with ZT-Authenticator,120,976,0.001791,0.018125,0.052583,0.157917,0.232917,3400.232917
poia_zt_authenticator,PoIA with ZT-Authenticator,120,977,0.001625,0.018333,0.539166,1.675375,2.237833,3402.237833
poia_zt_authenticator,PoIA with ZT-Authenticator,120,978,0.001958,0.021208,3.510583,0.13075,3.667042,3403.667042
poia_zt_authenticator,PoIA with ZT-Authenticator,120,979,0.0025,0.022208,5.195833,1.306542,6.530125,3406.530125
poia_zt_authenticator,PoIA with ZT-Authenticator,120,980,0.002,0.032083,1.967375,0.143583,2.147708,3402.147708
poia_zt_authenticator,PoIA with ZT-Authenticator,120,981,0.001666,0.017625,0.930625,0.132,1.084416,3401.084416
poia_zt_authenticator,PoIA with ZT-Authenticator,120,982,0.001875,0.018041,0.615,1.271875,1.909834,3401.909834
poia_zt_authenticator,PoIA with ZT-Authenticator,120,983,0.003,0.022208,2.734166,0.123125,2.884958,3402.884958
poia_zt_authenticator,PoIA with ZT-Authenticator,120,984,0.001625,0.018417,4.813917,0.132791,4.969375,3404.969375
poia_zt_authenticator,PoIA with ZT-Authenticator,120,985,0.001416,0.017375,3.386833,0.137375,3.545458,3403.545458
poia_zt_authenticator,PoIA with ZT-Authenticator,120,986,0.0025,0.023208,0.487208,0.131,0.647083,3400.647083
poia_zt_authenticator,PoIA with ZT-Authenticator,120,987,0.001666,0.018208,3.451958,0.136583,3.611125,3403.611125
poia_zt_authenticator,PoIA with ZT-Authenticator,120,988,0.001667,0.017833,0.050917,0.779041,0.851875,3400.851875
poia_zt_authenticator,PoIA with ZT-Authenticator,120,989,0.013958,0.021791,1.466459,0.134416,1.639333,3401.639333
poia_zt_authenticator,PoIA with ZT-Authenticator,120,990,0.001875,0.021959,4.655,0.1315,4.812917,3404.812917
poia_zt_authenticator,PoIA with ZT-Authenticator,120,991,0.001584,0.018,1.865375,1.745583,3.633625,3403.633625
poia_zt_authenticator,PoIA with ZT-Authenticator,120,992,0.001709,0.018084,0.791166,0.131833,0.945333,3400.945333
poia_zt_authenticator,PoIA with ZT-Authenticator,120,993,0.001708,0.01775,2.073125,0.134125,2.22925,3402.22925
poia_zt_authenticator,PoIA with ZT-Authenticator,120,994,0.001875,0.0215,3.98475,0.131375,4.142042,3404.142042
poia_zt_authenticator,PoIA with ZT-Authenticator,120,995,0.001791,0.030208,4.178709,0.135834,4.349375,3404.349375
poia_zt_authenticator,PoIA with ZT-Authenticator,120,996,0.002792,0.023375,4.883084,0.132041,5.0445,3405.0445
poia_zt_authenticator,PoIA with ZT-Authenticator,120,997,0.001875,0.018,4.173875,6.927458,11.124417,3411.124417
poia_zt_authenticator,PoIA with ZT-Authenticator,120,998,0.001667,0.017458,3.836667,1.579,5.437791,3405.437791
poia_zt_authenticator,PoIA with ZT-Authenticator,120,999,0.001792,0.017875,1.930917,6.795417,8.748375,3408.748375
poia_zt_authenticator,PoIA with ZT-Authenticator,120,1000,0.002,0.020917,4.973167,0.13075,5.129375,3405.129375
poia_zt_authenticator,PoIA with ZT-Authenticator,120,1001,0.002292,0.025833,0.852625,3.458,4.342292,3404.342292
poia_zt_authenticator,PoIA with ZT-Authenticator,120,1002,0.002,0.018542,2.020584,1.776666,3.820958,3403.820958
poia_zt_authenticator,PoIA with ZT-Authenticator,120,1003,0.002042,0.020791,0.478667,0.336166,0.840708,3400.840708
poia_zt_authenticator,PoIA with ZT-Authenticator,120,1004,0.00175,0.017583,0.909667,0.132083,1.063625,3401.063625
poia_zt_authenticator,PoIA with ZT-Authenticator,120,1005,0.001833,0.01775,3.990916,0.133917,4.147,3404.147
poia_zt_authenticator,PoIA with ZT-Authenticator,120,1006,0.002875,0.026459,1.0495,0.1315,1.213208,3401.213208
poia_zt_authenticator,PoIA with ZT-Authenticator,120,1007,0.002292,0.023042,2.601708,2.670666,5.300709,3405.300709
poia_zt_authenticator,PoIA with ZT-Authenticator,120,1008,0.001667,0.017708,7.918667,0.133041,8.073667,3408.073667
poia_zt_authenticator,PoIA with ZT-Authenticator,120,1009,0.001791,0.017333,2.63,0.433584,3.085334,3403.085334
poia_zt_authenticator,PoIA with ZT-Authenticator,120,1010,0.002042,0.018791,0.055042,0.116375,0.194125,3400.194125
poia_zt_authenticator,PoIA with ZT-Authenticator,120,1011,0.002,0.018041,1.583625,0.132667,1.738958,3401.738958
poia_zt_authenticator,PoIA with ZT-Authenticator,120,1012,0.001792,0.017792,10.770166,0.148917,10.94125,3410.94125
poia_zt_authenticator,PoIA with ZT-Authenticator,120,1013,0.001625,0.01775,2.177333,0.130833,2.330166,3402.330166
poia_zt_authenticator,PoIA with ZT-Authenticator,120,1014,0.001958,0.023417,1.494292,0.131125,1.65325,3401.65325
poia_zt_authenticator,PoIA with ZT-Authenticator,120,1015,0.001708,0.0175,1.708292,0.131417,1.861375,3401.861375
poia_zt_authenticator,PoIA with ZT-Authenticator,120,1016,0.001625,0.017542,1.866625,3.789666,5.678666,3405.678666
poia_zt_authenticator,PoIA with ZT-Authenticator,120,1017,0.001708,0.017875,5.297459,0.132791,5.452417,3405.452417
poia_zt_authenticator,PoIA with ZT-Authenticator,120,1018,0.001917,0.01875,2.133791,0.127917,2.284916,3402.284916
poia_zt_authenticator,PoIA with ZT-Authenticator,120,1019,0.001708,0.017875,1.861458,0.133334,2.016917,3402.016917
poia_zt_authenticator,PoIA with ZT-Authenticator,120,1020,0.001708,0.017834,3.356917,0.133292,3.512417,3403.512417
poia_zt_authenticator,PoIA with ZT-Authenticator,120,1021,0.001667,0.017375,1.712166,0.12675,1.860417,3401.860417
poia_zt_authenticator,PoIA with ZT-Authenticator,120,1022,0.00175,0.018541,4.438834,1.602417,6.064625,3406.064625
poia_zt_authenticator,PoIA with ZT-Authenticator,120,1023,0.0015,0.017667,0.983958,0.128167,1.133792,3401.133792
poia_zt_authenticator,PoIA with ZT-Authenticator,120,1024,0.002542,0.023792,0.896833,0.133208,1.058958,3401.058958
poia_zt_authenticator,PoIA with ZT-Authenticator,120,1025,0.001958,0.01775,0.981042,0.130542,1.13375,3401.13375
poia_zt_authenticator,PoIA with ZT-Authenticator,120,1026,0.002,0.018209,5.187875,2.623125,7.834208,3407.834208
poia_zt_authenticator,PoIA with ZT-Authenticator,120,1027,0.001792,0.017958,1.937625,0.132708,2.092625,3402.092625
poia_zt_authenticator,PoIA with ZT-Authenticator,120,1028,0.001917,0.018125,0.795625,0.127416,0.945583,3400.945583
poia_zt_authenticator,PoIA with ZT-Authenticator,120,1029,0.00175,0.01775,4.764417,10.747875,15.53475,3415.53475
poia_zt_authenticator,PoIA with ZT-Authenticator,120,1030,0.001542,0.017833,1.788792,0.144125,1.954916,3401.954916
poia_zt_authenticator,PoIA with ZT-Authenticator,120,1031,0.003042,0.036666,1.498917,1.364416,2.907,3402.907
poia_zt_authenticator,PoIA with ZT-Authenticator,120,1032,0.001708,0.0175,1.620208,0.128542,1.770459,3401.770459
poia_zt_authenticator,PoIA with ZT-Authenticator,120,1033,0.001791,0.017584,3.585083,0.131542,3.738458,3403.738458
poia_zt_authenticator,PoIA with ZT-Authenticator,120,1034,0.002167,0.022542,1.43025,0.127625,1.585083,3401.585083
poia_zt_authenticator,PoIA with ZT-Authenticator,120,1035,0.001667,0.018333,2.234167,0.135416,2.392042,3402.392042
poia_zt_authenticator,PoIA with ZT-Authenticator,120,1036,0.001958,0.019083,3.764333,0.133542,3.9215,3403.9215
poia_zt_authenticator,PoIA with ZT-Authenticator,120,1037,0.001584,0.01725,0.911917,0.129417,1.062625,3401.062625
poia_zt_authenticator,PoIA with ZT-Authenticator,120,1038,0.001834,0.017792,3.53975,0.132,3.693916,3403.693916
poia_zt_authenticator,PoIA with ZT-Authenticator,120,1039,0.002333,0.023458,0.783542,0.147292,0.959167,3400.959167
poia_zt_authenticator,PoIA with ZT-Authenticator,120,1040,0.001583,0.017584,3.048666,0.141125,3.211833,3403.211833
poia_zt_authenticator,PoIA with ZT-Authenticator,120,1041,0.0025,0.022333,1.950208,0.140667,2.118792,3402.118792
poia_zt_authenticator,PoIA with ZT-Authenticator,120,1042,0.002042,0.021667,0.899291,0.13225,1.057792,3401.057792
poia_zt_authenticator,PoIA with ZT-Authenticator,120,1043,0.001583,0.018,0.809208,0.132333,0.963667,3400.963667
poia_zt_authenticator,PoIA with ZT-Authenticator,120,1044,0.001709,0.01775,0.655625,0.139042,0.816625,3400.816625
poia_zt_authenticator,PoIA with ZT-Authenticator,120,1045,0.0015,0.018417,3.261209,0.137042,3.420709,3403.420709
poia_zt_authenticator,PoIA with ZT-Authenticator,120,1046,0.001916,0.017625,1.963709,0.127834,2.113625,3402.113625
poia_zt_authenticator,PoIA with ZT-Authenticator,120,1047,0.001542,0.018,1.320666,1.618708,2.961875,3402.961875
poia_zt_authenticator,PoIA with ZT-Authenticator,120,1048,0.001625,0.017625,2.390667,0.127459,2.539875,3402.539875
poia_zt_authenticator,PoIA with ZT-Authenticator,120,1049,0.001917,0.018417,0.250542,0.132166,0.405291,3400.405291
poia_zt_authenticator,PoIA with ZT-Authenticator,120,1050,0.001875,0.018125,0.891333,0.13175,1.045667,3401.045667
poia_zt_authenticator,PoIA with ZT-Authenticator,120,1051,0.001584,0.0175,1.6315,0.127667,1.780791,3401.780791
poia_zt_authenticator,PoIA with ZT-Authenticator,120,1052,0.001709,0.017667,2.118458,0.127167,2.267458,3402.267458
poia_zt_authenticator,PoIA with ZT-Authenticator,120,1053,0.001958,0.019,2.018125,0.1375,2.17925,3402.17925
poia_zt_authenticator,PoIA with ZT-Authenticator,120,1054,0.001791,0.018583,3.689208,0.137709,3.849959,3403.849959
poia_zt_authenticator,PoIA with ZT-Authenticator,120,1055,0.001625,0.018125,1.543333,9.597166,11.163666,3411.163666
poia_zt_authenticator,PoIA with ZT-Authenticator,120,1056,0.001458,0.022042,2.846125,2.072292,4.945125,3404.945125
poia_zt_authenticator,PoIA with ZT-Authenticator,120,1057,0.001708,0.018125,0.05275,9.429666,9.503875,3409.503875
poia_zt_authenticator,PoIA with ZT-Authenticator,120,1058,0.002833,0.032084,0.275833,0.132042,0.445541,3400.445541
poia_zt_authenticator,PoIA with ZT-Authenticator,120,1059,0.002042,0.021709,0.061208,0.679167,0.766666,3400.766666
poia_zt_authenticator,PoIA with ZT-Authenticator,120,1060,0.001625,0.017583,2.292791,0.132458,2.447041,3402.447041
poia_zt_authenticator,PoIA with ZT-Authenticator,120,1061,0.001625,0.018,7.351583,0.133208,7.506959,3407.506959
poia_zt_authenticator,PoIA with ZT-Authenticator,120,1062,0.00175,0.018209,5.527041,0.135708,5.68525,3405.68525
poia_zt_authenticator,PoIA with ZT-Authenticator,120,1063,0.001958,0.018625,0.890333,0.132292,1.045959,3401.045959
poia_zt_authenticator,PoIA with ZT-Authenticator,120,1064,0.001291,0.017208,2.158584,0.144125,2.323709,3402.323709
poia_zt_authenticator,PoIA with ZT-Authenticator,120,1065,0.001917,0.017958,1.624792,0.148083,1.795375,3401.795375
poia_zt_authenticator,PoIA with ZT-Authenticator,120,1066,0.001625,0.017666,0.669209,0.761416,1.453042,3401.453042
poia_zt_authenticator,PoIA with ZT-Authenticator,120,1067,0.001667,0.017458,1.795833,3.717375,5.535333,3405.535333
poia_zt_authenticator,PoIA with ZT-Authenticator,120,1068,0.002083,0.018875,1.728,0.133459,1.884959,3401.884959
poia_zt_authenticator,PoIA with ZT-Authenticator,120,1069,0.001417,0.017834,0.048958,1.672958,1.743042,3401.743042
poia_zt_authenticator,PoIA with ZT-Authenticator,120,1070,0.001958,0.019,1.918084,0.128959,2.070375,3402.070375
poia_zt_authenticator,PoIA with ZT-Authenticator,120,1071,0.001708,0.017625,1.202917,0.145334,1.370042,3401.370042
poia_zt_authenticator,PoIA with ZT-Authenticator,120,1072,0.002292,0.025625,0.89675,0.591334,1.519333,3401.519333
poia_zt_authenticator,PoIA with ZT-Authenticator,120,1073,0.001875,0.018,3.997833,4.473208,8.494083,3408.494083
poia_zt_authenticator,PoIA with ZT-Authenticator,120,1074,0.001709,0.017541,1.198625,0.131417,1.351791,3401.351791
poia_zt_authenticator,PoIA with ZT-Authenticator,120,1075,0.0015,0.017541,1.992125,0.131125,2.144834,3402.144834
poia_zt_authenticator,PoIA with ZT-Authenticator,120,1076,0.00175,0.017708,5.86775,0.232209,6.122042,3406.122042
poia_zt_authenticator,PoIA with ZT-Authenticator,120,1077,0.001833,0.018333,1.563542,7.745708,9.332666,3409.332666
poia_zt_authenticator,PoIA with ZT-Authenticator,120,1078,0.001958,0.021292,0.778292,0.144125,0.948292,3400.948292
poia_zt_authenticator,PoIA with ZT-Authenticator,120,1079,0.002084,0.021709,6.011958,0.132,6.170292,3406.170292
poia_zt_authenticator,PoIA with ZT-Authenticator,120,1080,0.002042,0.020917,0.784334,0.122459,0.931833,3400.931833
poia_zt_authenticator,PoIA with ZT-Authenticator,120,1081,0.001875,0.022125,0.067166,0.156459,0.250166,3400.250166
poia_zt_authenticator,PoIA with ZT-Authenticator,120,1082,0.001667,0.017125,1.73575,0.126416,1.883417,3401.883417
poia_zt_authenticator,PoIA with ZT-Authenticator,120,1083,0.001792,0.018125,2.086959,0.139625,2.249084,3402.249084
poia_zt_authenticator,PoIA with ZT-Authenticator,120,1084,0.002209,0.019792,1.710625,0.132791,1.868125,3401.868125
poia_zt_authenticator,PoIA with ZT-Authenticator,120,1085,0.001667,0.018,2.643791,0.131834,2.797833,3402.797833
poia_zt_authenticator,PoIA with ZT-Authenticator,120,1086,0.002,0.02175,7.347,0.136,7.509542,3407.509542
poia_zt_authenticator,PoIA with ZT-Authenticator,120,1087,0.005042,0.028209,11.289417,0.133625,11.459584,3411.459584
poia_zt_authenticator,PoIA with ZT-Authenticator,120,1088,0.001791,0.017916,6.1895,0.148417,6.360292,3406.360292
poia_zt_authenticator,PoIA with ZT-Authenticator,120,1089,0.002584,0.027292,0.618042,0.138125,0.788709,3400.788709
poia_zt_authenticator,PoIA with ZT-Authenticator,120,1090,0.001625,0.017416,2.280167,0.130625,2.432375,3402.432375
poia_zt_authenticator,PoIA with ZT-Authenticator,120,1091,0.001667,0.017709,4.164542,0.138166,4.32475,3404.32475
poia_zt_authenticator,PoIA with ZT-Authenticator,120,1092,0.003,0.023875,2.351834,0.139,2.520583,3402.520583
poia_zt_authenticator,PoIA with ZT-Authenticator,120,1093,0.001917,0.01825,0.816333,0.1405,0.979416,3400.979416
poia_zt_authenticator,PoIA with ZT-Authenticator,120,1094,0.001667,0.017625,3.67075,0.144709,3.837292,3403.837292
poia_zt_authenticator,PoIA with ZT-Authenticator,120,1095,0.0025,0.023042,1.873,0.132875,2.034417,3402.034417
poia_zt_authenticator,PoIA with ZT-Authenticator,120,1096,0.001334,0.017792,0.048958,7.1225,7.193,3407.193
poia_zt_authenticator,PoIA with ZT-Authenticator,120,1097,0.001542,0.017625,1.428125,0.130875,1.580666,3401.580666
poia_zt_authenticator,PoIA with ZT-Authenticator,120,1098,0.001666,0.0175,3.569917,1.773708,5.365875,3405.365875
poia_zt_authenticator,PoIA with ZT-Authenticator,120,1099,0.001917,0.022041,0.475959,0.133958,0.636375,3400.636375
poia_zt_authenticator,PoIA with ZT-Authenticator,120,1100,0.001834,0.021167,3.862,1.966625,5.854667,3405.854667
poia_zt_authenticator,PoIA with ZT-Authenticator,120,1101,0.0015,0.017417,1.75325,0.13125,1.905959,3401.905959
poia_zt_authenticator,PoIA with ZT-Authenticator,120,1102,0.002917,0.02375,2.094542,0.133334,2.257667,3402.257667
poia_zt_authenticator,PoIA with ZT-Authenticator,120,1103,0.001584,0.017917,3.828958,4.43775,8.289166,3408.289166
poia_zt_authenticator,PoIA with ZT-Authenticator,120,1104,0.001916,0.0195,1.68325,0.128875,1.836042,3401.836042
poia_zt_authenticator,PoIA with ZT-Authenticator,120,1105,0.001709,0.021541,5.539125,0.142125,5.707167,3405.707167
poia_zt_authenticator,PoIA with ZT-Authenticator,120,1106,0.002458,0.023458,0.73225,0.131417,0.892208,3400.892208
poia_zt_authenticator,PoIA with ZT-Authenticator,120,1107,0.001667,0.018,1.687125,0.13225,1.841583,3401.841583
poia_zt_authenticator,PoIA with ZT-Authenticator,120,1108,0.002292,0.02475,1.544083,1.970292,3.54475,3403.54475
poia_zt_authenticator,PoIA with ZT-Authenticator,120,1109,0.001875,0.021292,1.683583,0.132625,1.841916,3401.841916
poia_zt_authenticator,PoIA with ZT-Authenticator,120,1110,0.001875,0.018708,2.417708,0.132583,2.573417,3402.573417
poia_zt_authenticator,PoIA with ZT-Authenticator,120,1111,0.001625,0.017417,2.169958,0.1275,2.319042,3402.319042
poia_zt_authenticator,PoIA with ZT-Authenticator,120,1112,0.001917,0.018875,0.412958,0.127625,0.563833,3400.563833
poia_zt_authenticator,PoIA with ZT-Authenticator,120,1113,0.001708,0.0175,7.526,0.130417,7.678125,3407.678125
poia_zt_authenticator,PoIA with ZT-Authenticator,120,1114,0.002125,0.024541,4.907334,0.131041,5.067708,3405.067708
poia_zt_authenticator,PoIA with ZT-Authenticator,120,1115,0.00275,0.025833,0.524834,0.632208,1.189375,3401.189375
poia_zt_authenticator,PoIA with ZT-Authenticator,120,1116,0.002167,0.025,0.684208,0.139583,0.854083,3400.854083
poia_zt_authenticator,PoIA with ZT-Authenticator,120,1117,0.0015,0.017291,3.361459,0.13075,3.5135,3403.5135
poia_zt_authenticator,PoIA with ZT-Authenticator,120,1118,0.001875,0.017459,1.831166,0.129209,1.98225,3401.98225
poia_zt_authenticator,PoIA with ZT-Authenticator,120,1119,0.00175,0.017583,1.762125,0.133375,1.917333,3401.917333
poia_zt_authenticator,PoIA with ZT-Authenticator,120,1120,0.001625,0.017167,0.05,1.842959,1.913375,3401.913375
poia_zt_authenticator,PoIA with ZT-Authenticator,120,1121,0.001625,0.03475,3.041459,0.120584,3.200542,3403.200542
poia_zt_authenticator,PoIA with ZT-Authenticator,120,1122,0.002,0.021208,2.199667,0.126917,2.352209,3402.352209
poia_zt_authenticator,PoIA with ZT-Authenticator,120,1123,0.00275,0.029375,0.0785,16.617208,16.733083,3416.733083
poia_zt_authenticator,PoIA with ZT-Authenticator,120,1124,0.001833,0.018291,4.071791,0.134917,4.229416,3404.229416
poia_zt_authenticator,PoIA with ZT-Authenticator,120,1125,0.001625,0.021791,2.879834,0.133,3.038792,3403.038792
poia_zt_authenticator,PoIA with ZT-Authenticator,120,1126,0.00275,0.0295,1.606833,7.484375,9.127,3409.127
poia_zt_authenticator,PoIA with ZT-Authenticator,120,1127,0.001875,0.021208,1.116,0.1275,1.269042,3401.269042
poia_zt_authenticator,PoIA with ZT-Authenticator,120,1128,0.00175,0.017917,7.191916,0.133833,7.348042,3407.348042
poia_zt_authenticator,PoIA with ZT-Authenticator,120,1129,0.001792,0.017708,1.120584,0.145541,1.288166,3401.288166
poia_zt_authenticator,PoIA with ZT-Authenticator,120,1130,0.001792,0.017625,2.007708,0.136834,2.166541,3402.166541
poia_zt_authenticator,PoIA with ZT-Authenticator,120,1131,0.001542,0.017625,0.735041,0.137708,0.894459,3400.894459
poia_zt_authenticator,PoIA with ZT-Authenticator,120,1132,0.001833,0.01825,0.056125,0.329125,0.407333,3400.407333
poia_zt_authenticator,PoIA with ZT-Authenticator,120,1133,0.001958,0.021583,2.310667,0.131541,2.468375,3402.468375
poia_zt_authenticator,PoIA with ZT-Authenticator,120,1134,0.001959,0.018875,4.055667,0.13675,4.21625,3404.21625
poia_zt_authenticator,PoIA with ZT-Authenticator,120,1135,0.002375,0.02225,0.923916,0.961083,1.912833,3401.912833
poia_zt_authenticator,PoIA with ZT-Authenticator,120,1136,0.001834,0.01775,1.939958,0.132042,2.094041,3402.094041
poia_zt_authenticator,PoIA with ZT-Authenticator,120,1137,0.002041,0.02125,0.78525,1.012917,1.824084,3401.824084
poia_zt_authenticator,PoIA with ZT-Authenticator,120,1138,0.00275,0.0275,8.280959,0.128375,8.442458,3408.442458
poia_zt_authenticator,PoIA with ZT-Authenticator,120,1139,0.002042,0.02925,4.421959,0.135083,4.590875,3404.590875
poia_zt_authenticator,PoIA with ZT-Authenticator,120,1140,0.001584,0.017417,13.154,10.54225,23.718291,3423.718291
poia_zt_authenticator,PoIA with ZT-Authenticator,120,1141,0.001875,0.018041,5.672167,0.13375,5.828292,3405.828292
poia_zt_authenticator,PoIA with ZT-Authenticator,120,1142,0.0015,0.029166,0.717917,0.131083,0.882291,3400.882291
poia_zt_authenticator,PoIA with ZT-Authenticator,120,1143,0.001625,0.018791,0.572584,0.857375,1.453709,3401.453709
poia_zt_authenticator,PoIA with ZT-Authenticator,120,1144,0.002375,0.023167,2.197209,4.857083,7.082792,3407.082792
poia_zt_authenticator,PoIA with ZT-Authenticator,120,1145,0.00125,0.017292,2.074333,2.006208,4.101542,3404.101542
poia_zt_authenticator,PoIA with ZT-Authenticator,120,1146,0.001583,0.017417,3.598916,0.148,3.768417,3403.768417
poia_zt_authenticator,PoIA with ZT-Authenticator,120,1147,0.002458,0.021834,0.902916,0.129292,1.059,3401.059
poia_zt_authenticator,PoIA with ZT-Authenticator,120,1148,0.001958,0.017959,2.065583,0.136083,2.22425,3402.22425
poia_zt_authenticator,PoIA with ZT-Authenticator,120,1149,0.00125,0.017792,1.574125,0.13375,1.729458,3401.729458
poia_zt_authenticator,PoIA with ZT-Authenticator,120,1150,0.0025,0.026541,1.605708,1.175417,2.813667,3402.813667
poia_zt_authenticator,PoIA with ZT-Authenticator,120,1151,0.002166,0.02175,4.588875,0.135167,4.750584,3404.750584
poia_zt_authenticator,PoIA with ZT-Authenticator,120,1152,0.002375,0.023541,1.162458,0.56975,1.761541,3401.761541
poia_zt_authenticator,PoIA with ZT-Authenticator,120,1153,0.001584,0.017584,3.5755,0.132292,3.729458,3403.729458
poia_zt_authenticator,PoIA with ZT-Authenticator,120,1154,0.002708,0.029333,3.815542,0.132,3.98275,3403.98275
poia_zt_authenticator,PoIA with ZT-Authenticator,120,1155,0.001584,0.01925,2.018583,0.131125,2.173125,3402.173125
poia_zt_authenticator,PoIA with ZT-Authenticator,120,1156,0.002625,0.027583,2.059667,0.134875,2.227458,3402.227458
poia_zt_authenticator,PoIA with ZT-Authenticator,120,1157,0.001792,0.01775,1.710375,0.146333,1.878958,3401.878958
poia_zt_authenticator,PoIA with ZT-Authenticator,120,1158,0.001875,0.017459,2.988083,3.4575,6.468125,3406.468125
poia_zt_authenticator,PoIA with ZT-Authenticator,120,1159,0.001583,0.017458,1.754792,0.127833,1.904208,3401.904208
poia_zt_authenticator,PoIA with ZT-Authenticator,120,1160,0.001917,0.018167,1.278791,0.13575,1.437375,3401.437375
poia_zt_authenticator,PoIA with ZT-Authenticator,120,1161,0.002209,0.022209,3.276041,0.133,3.436208,3403.436208
poia_zt_authenticator,PoIA with ZT-Authenticator,120,1162,0.001792,0.01825,1.067875,0.128,1.218291,3401.218291
poia_zt_authenticator,PoIA with ZT-Authenticator,120,1163,0.001875,0.018,1.90725,1.652917,3.583334,3403.583334
poia_zt_authenticator,PoIA with ZT-Authenticator,120,1164,0.002166,0.021292,0.536333,3.110834,3.673292,3403.673292
poia_zt_authenticator,PoIA with ZT-Authenticator,120,1165,0.001708,0.017333,1.857333,0.130667,2.009542,3402.009542
poia_zt_authenticator,PoIA with ZT-Authenticator,120,1166,0.001833,0.018125,4.48375,0.132291,4.638625,3404.638625
poia_zt_authenticator,PoIA with ZT-Authenticator,120,1167,0.001625,0.017625,0.913875,0.141791,1.077584,3401.077584
poia_zt_authenticator,PoIA with ZT-Authenticator,120,1168,0.001958,0.018167,12.881459,0.135291,13.039292,3413.039292
poia_zt_authenticator,PoIA with ZT-Authenticator,120,1169,0.002,0.021084,2.016083,0.135,2.17675,3402.17675
poia_zt_authenticator,PoIA with ZT-Authenticator,120,1170,0.001542,0.017792,0.758834,1.051709,1.832542,3401.832542
poia_zt_authenticator,PoIA with ZT-Authenticator,120,1171,0.0025,0.023833,7.814292,0.140625,7.984666,3407.984666
poia_zt_authenticator,PoIA with ZT-Authenticator,120,1172,0.001667,0.017667,2.260208,0.145792,2.427959,3402.427959
poia_zt_authenticator,PoIA with ZT-Authenticator,120,1173,0.001708,0.017542,2.012166,0.132,2.165917,3402.165917
poia_zt_authenticator,PoIA with ZT-Authenticator,120,1174,0.002042,0.0215,0.058792,0.116166,0.200458,3400.200458
poia_zt_authenticator,PoIA with ZT-Authenticator,120,1175,0.001625,0.01775,2.3865,0.133916,2.542292,3402.542292
poia_zt_authenticator,PoIA with ZT-Authenticator,120,1176,0.002667,0.022625,2.650083,0.133208,2.81175,3402.81175
poia_zt_authenticator,PoIA with ZT-Authenticator,120,1177,0.001917,0.021334,3.830375,0.132583,3.98875,3403.98875
poia_zt_authenticator,PoIA with ZT-Authenticator,120,1178,0.001792,0.017667,2.438458,0.133792,2.594208,3402.594208
poia_zt_authenticator,PoIA with ZT-Authenticator,120,1179,0.002084,0.018125,1.587416,0.147291,1.7575,3401.7575
poia_zt_authenticator,PoIA with ZT-Authenticator,120,1180,0.0025,0.02325,1.902834,2.200375,4.132916,3404.132916
poia_zt_authenticator,PoIA with ZT-Authenticator,120,1181,0.002042,0.020917,1.94475,0.133834,2.10425,3402.10425
poia_zt_authenticator,PoIA with ZT-Authenticator,120,1182,0.001583,0.017542,2.326667,0.139375,2.487959,3402.487959
poia_zt_authenticator,PoIA with ZT-Authenticator,120,1183,0.001708,0.018,0.527208,0.768041,1.318209,3401.318209
poia_zt_authenticator,PoIA with ZT-Authenticator,120,1184,0.001917,0.021584,1.777541,0.133542,1.937166,3401.937166
poia_zt_authenticator,PoIA with ZT-Authenticator,120,1185,0.001667,0.018,1.751208,0.13025,1.903667,3401.903667
poia_zt_authenticator,PoIA with ZT-Authenticator,120,1186,0.002459,0.022334,0.413166,0.13225,0.573292,3400.573292
poia_zt_authenticator,PoIA with ZT-Authenticator,120,1187,0.001833,0.017291,2.068209,0.136333,2.22625,3402.22625
poia_zt_authenticator,PoIA with ZT-Authenticator,120,1188,0.002417,0.027875,0.767708,0.872792,1.674417,3401.674417
poia_zt_authenticator,PoIA with ZT-Authenticator,120,1189,0.001833,0.017542,0.909375,0.130542,1.061917,3401.061917
poia_zt_authenticator,PoIA with ZT-Authenticator,120,1190,0.001792,0.017709,1.357625,0.132125,1.511792,3401.511792
poia_zt_authenticator,PoIA with ZT-Authenticator,120,1191,0.002083,0.0215,0.717,1.358583,2.102292,3402.102292
poia_zt_authenticator,PoIA with ZT-Authenticator,120,1192,0.001959,0.021291,4.426875,0.130916,4.583625,3404.583625
poia_zt_authenticator,PoIA with ZT-Authenticator,120,1193,0.002333,0.026125,0.421709,0.150875,0.604,3400.604
poia_zt_authenticator,PoIA with ZT-Authenticator,120,1194,0.001292,0.018375,2.480625,0.131083,2.633792,3402.633792
poia_zt_authenticator,PoIA with ZT-Authenticator,120,1195,0.002042,0.022041,1.527084,0.129667,1.683375,3401.683375
poia_zt_authenticator,PoIA with ZT-Authenticator,120,1196,0.001709,0.017875,4.104667,0.134,4.260958,3404.260958
poia_zt_authenticator,PoIA with ZT-Authenticator,120,1197,0.001958,0.018916,5.318,0.134958,5.476417,3405.476417
poia_zt_authenticator,PoIA with ZT-Authenticator,120,1198,0.001708,0.017667,0.384333,0.12825,0.534375,3400.534375
poia_zt_authenticator,PoIA with ZT-Authenticator,120,1199,0.001792,0.018125,5.242291,1.10825,6.37275,3406.37275
poia_zt_authenticator,PoIA with ZT-Authenticator,120,1200,0.001833,0.018208,4.859041,0.150375,5.032083,3405.032083
poia_zt_authenticator,PoIA with ZT-Authenticator,120,1201,0.001792,0.017667,3.662125,0.13,3.814208,3403.814208
poia_zt_authenticator,PoIA with ZT-Authenticator,120,1202,0.001666,0.017792,1.319459,0.131459,1.472875,3401.472875
poia_zt_authenticator,PoIA with ZT-Authenticator,120,1203,0.003,0.027042,1.318667,0.863708,2.215958,3402.215958
poia_zt_authenticator,PoIA with ZT-Authenticator,120,1204,0.001833,0.0175,1.555875,0.883958,2.461792,3402.461792
poia_zt_authenticator,PoIA with ZT-Authenticator,120,1205,0.00175,0.017416,2.402834,0.135958,2.560417,3402.560417
poia_zt_authenticator,PoIA with ZT-Authenticator,120,1206,0.001917,0.021292,2.264167,0.131833,2.421667,3402.421667
poia_zt_authenticator,PoIA with ZT-Authenticator,120,1207,0.001542,0.01725,2.272333,0.129958,2.423708,3402.423708
poia_zt_authenticator,PoIA with ZT-Authenticator,120,1208,0.001875,0.0215,1.617458,0.1325,1.775875,3401.775875
poia_zt_authenticator,PoIA with ZT-Authenticator,120,1209,0.002584,0.02275,1.958,3.904041,5.891,3405.891
poia_zt_authenticator,PoIA with ZT-Authenticator,120,1210,0.001708,0.017917,2.026833,0.134083,2.183125,3402.183125
poia_zt_authenticator,PoIA with ZT-Authenticator,120,1211,0.001833,0.017708,2.011709,0.133416,2.167125,3402.167125
poia_zt_authenticator,PoIA with ZT-Authenticator,120,1212,0.001875,0.018833,2.696625,0.12775,2.8475,3402.8475
poia_zt_authenticator,PoIA with ZT-Authenticator,120,1213,0.001625,0.017666,2.063709,3.85,5.936041,3405.936041
poia_zt_authenticator,PoIA with ZT-Authenticator,120,1214,0.0025,0.028625,1.955167,0.137625,2.12675,3402.12675
poia_zt_authenticator,PoIA with ZT-Authenticator,120,1215,0.002333,0.02625,0.808875,0.693291,1.534125,3401.534125
poia_zt_authenticator,PoIA with ZT-Authenticator,120,1216,0.0025,0.027292,0.94575,0.152875,1.131125,3401.131125
poia_zt_authenticator,PoIA with ZT-Authenticator,120,1217,0.001625,0.017584,1.091625,0.137708,1.251167,3401.251167
poia_zt_authenticator,PoIA with ZT-Authenticator,120,1218,0.002334,0.024084,0.254791,0.74725,1.032208,3401.032208
poia_zt_authenticator,PoIA with ZT-Authenticator,120,1219,0.003084,0.024042,1.939084,0.128792,2.098125,3402.098125
poia_zt_authenticator,PoIA with ZT-Authenticator,120,1220,0.001625,0.018,1.75525,1.112542,2.890416,3402.890416
poia_zt_authenticator,PoIA with ZT-Authenticator,120,1221,0.001958,0.017917,1.948292,0.131875,2.102542,3402.102542
poia_zt_authenticator,PoIA with ZT-Authenticator,120,1222,0.001708,0.017584,0.7555,1.312958,2.090708,3402.090708
poia_zt_authenticator,PoIA with ZT-Authenticator,120,1223,0.001667,0.017709,5.069792,0.13275,5.224417,3405.224417
poia_zt_authenticator,PoIA with ZT-Authenticator,120,1224,0.001625,0.017542,1.769583,0.131334,1.922541,3401.922541
poia_zt_authenticator,PoIA with ZT-Authenticator,120,1225,0.001667,0.017708,0.794542,1.591042,2.407542,3402.407542
poia_zt_authenticator,PoIA with ZT-Authenticator,120,1226,0.001791,0.017792,3.428042,0.130625,3.58075,3403.58075
poia_zt_authenticator,PoIA with ZT-Authenticator,120,1227,0.001834,0.019625,0.791584,0.12825,0.943792,3400.943792
poia_zt_authenticator,PoIA with ZT-Authenticator,120,1228,0.001791,0.018333,0.386917,0.144291,0.553917,3400.553917
poia_zt_authenticator,PoIA with ZT-Authenticator,120,1229,0.00175,0.0175,2.032458,2.290792,4.3455,3404.3455
poia_zt_authenticator,PoIA with ZT-Authenticator,120,1230,0.001792,0.017625,2.225458,0.129417,2.376792,3402.376792
poia_zt_authenticator,PoIA with ZT-Authenticator,120,1231,0.00175,0.017958,1.811542,1.9315,3.765916,3403.765916
poia_zt_authenticator,PoIA with ZT-Authenticator,120,1232,0.001625,0.01775,2.018375,0.130667,2.170958,3402.170958
poia_zt_authenticator,PoIA with ZT-Authenticator,120,1233,0.002541,0.022958,0.61125,0.133291,0.773084,3400.773084
poia_zt_authenticator,PoIA with ZT-Authenticator,120,1234,0.00175,0.018,6.862125,0.12925,7.013583,3407.013583
poia_zt_authenticator,PoIA with ZT-Authenticator,120,1235,0.00175,0.01775,2.648375,0.147625,2.818,3402.818
poia_zt_authenticator,PoIA with ZT-Authenticator,120,1236,0.00225,0.024292,0.068292,0.12375,0.220541,3400.220541
poia_zt_authenticator,PoIA with ZT-Authenticator,120,1237,0.002,0.021417,4.069417,0.135625,4.231083,3404.231083
poia_zt_authenticator,PoIA with ZT-Authenticator,120,1238,0.00175,0.02,1.736917,0.126792,1.887875,3401.887875
poia_zt_authenticator,PoIA with ZT-Authenticator,120,1239,0.001834,0.017833,3.756708,0.13225,3.911125,3403.911125
poia_zt_authenticator,PoIA with ZT-Authenticator,120,1240,0.001709,0.017541,0.809916,0.132292,0.963875,3400.963875
poia_zt_authenticator,PoIA with ZT-Authenticator,120,1241,0.001875,0.01825,1.62775,0.179417,1.829875,3401.829875
poia_zt_authenticator,PoIA with ZT-Authenticator,120,1242,0.001708,0.017375,2.052459,0.144666,2.218709,3402.218709
poia_zt_authenticator,PoIA with ZT-Authenticator,120,1243,0.002625,0.023834,0.854375,0.494167,1.37875,3401.37875
poia_zt_authenticator,PoIA with ZT-Authenticator,120,1244,0.001792,0.017542,12.913125,0.132875,13.067834,3413.067834
poia_zt_authenticator,PoIA with ZT-Authenticator,120,1245,0.001916,0.0215,0.79025,0.130958,0.94725,3400.94725
poia_zt_authenticator,PoIA with ZT-Authenticator,120,1246,0.002541,0.0235,0.368916,0.142459,0.540542,3400.540542
poia_zt_authenticator,PoIA with ZT-Authenticator,120,1247,0.00175,0.017291,3.429167,0.142,3.592792,3403.592792
poia_zt_authenticator,PoIA with ZT-Authenticator,120,1248,0.001583,0.017708,0.726292,0.132292,0.8805,3400.8805
poia_zt_authenticator,PoIA with ZT-Authenticator,120,1249,0.001625,0.017916,2.291333,0.146333,2.45975,3402.45975
poia_zt_authenticator,PoIA with ZT-Authenticator,120,1250,0.001625,0.017417,1.859,0.130417,2.011,3402.011
poia_zt_authenticator,PoIA with ZT-Authenticator,120,1251,0.001625,0.017542,0.050625,0.118458,0.190125,3400.190125
poia_zt_authenticator,PoIA with ZT-Authenticator,120,1252,0.002167,0.022375,1.639834,0.132917,1.799875,3401.799875
poia_zt_authenticator,PoIA with ZT-Authenticator,120,1253,0.001792,0.021959,0.578333,0.71425,1.3195,3401.3195
poia_zt_authenticator,PoIA with ZT-Authenticator,120,1254,0.001708,0.017459,0.759916,0.131167,0.912792,3400.912792
poia_zt_authenticator,PoIA with ZT-Authenticator,120,1255,0.002,0.017958,0.910209,0.967666,1.900792,3401.900792
poia_zt_authenticator,PoIA with ZT-Authenticator,120,1256,0.002083,0.01875,3.098625,0.133083,3.255208,3403.255208
poia_zt_authenticator,PoIA with ZT-Authenticator,120,1257,0.002417,0.026708,2.764916,1.053334,3.850834,3403.850834
poia_zt_authenticator,PoIA with ZT-Authenticator,120,1258,0.001791,0.018208,0.378083,0.13175,0.532333,3400.532333
poia_zt_authenticator,PoIA with ZT-Authenticator,120,1259,0.002541,0.018833,0.056917,0.138875,0.21925,3400.21925
poia_zt_authenticator,PoIA with ZT-Authenticator,120,1260,0.001916,0.021291,1.361083,0.132042,1.518875,3401.518875
poia_zt_authenticator,PoIA with ZT-Authenticator,120,1261,0.001917,0.021375,1.759375,0.132084,1.917333,3401.917333
poia_zt_authenticator,PoIA with ZT-Authenticator,120,1262,0.001625,0.017583,1.75775,0.130292,1.90975,3401.90975
poia_zt_authenticator,PoIA with ZT-Authenticator,120,1263,0.001791,0.01775,1.303333,1.5085,2.834542,3402.834542
poia_zt_authenticator,PoIA with ZT-Authenticator,120,1264,0.002,0.021833,0.776541,3.101333,3.904791,3403.904791
poia_zt_authenticator,PoIA with ZT-Authenticator,120,1265,0.00175,0.019666,2.091459,0.135084,2.250584,3402.250584
poia_zt_authenticator,PoIA with ZT-Authenticator,120,1266,0.0025,0.021709,3.501708,1.74675,5.27625,3405.27625
poia_zt_authenticator,PoIA with ZT-Authenticator,120,1267,0.001833,0.017916,1.83025,0.132,1.984542,3401.984542
poia_zt_authenticator,PoIA with ZT-Authenticator,120,1268,0.001875,0.018291,2.014,0.133792,2.170666,3402.170666
poia_zt_authenticator,PoIA with ZT-Authenticator,120,1269,0.002416,0.026208,0.070625,0.12525,0.226916,3400.226916
poia_zt_authenticator,PoIA with ZT-Authenticator,120,1270,0.0025,0.025208,0.301542,0.142125,0.474333,3400.474333
poia_zt_authenticator,PoIA with ZT-Authenticator,120,1271,0.001583,0.035042,0.887209,0.143875,1.070417,3401.070417
poia_zt_authenticator,PoIA with ZT-Authenticator,120,1272,0.001917,0.01825,0.703083,0.130917,0.856583,3400.856583
poia_zt_authenticator,PoIA with ZT-Authenticator,120,1273,0.001458,0.022167,1.95725,0.151042,2.134625,3402.134625
poia_zt_authenticator,PoIA with ZT-Authenticator,120,1274,0.001709,0.0175,5.351916,3.050667,8.424833,3408.424833
poia_zt_authenticator,PoIA with ZT-Authenticator,120,1275,0.001625,0.018,4.30775,0.1405,4.4705,3404.4705
poia_zt_authenticator,PoIA with ZT-Authenticator,120,1276,0.002458,0.022458,0.7895,0.131208,0.948666,3400.948666
poia_zt_authenticator,PoIA with ZT-Authenticator,120,1277,0.001708,0.017542,1.936833,0.131542,2.090125,3402.090125
poia_zt_authenticator,PoIA with ZT-Authenticator,120,1278,0.001875,0.021416,3.316125,0.132708,3.474833,3403.474833
poia_zt_authenticator,PoIA with ZT-Authenticator,120,1279,0.001958,0.021541,0.792125,0.131,0.949291,3400.949291
poia_zt_authenticator,PoIA with ZT-Authenticator,120,1280,0.001625,0.017708,3.11,3.186917,6.318709,3406.318709
poia_zt_authenticator,PoIA with ZT-Authenticator,120,1281,0.002167,0.022083,0.976958,0.132584,1.136375,3401.136375
poia_zt_authenticator,PoIA with ZT-Authenticator,120,1282,0.001709,0.017375,3.776666,0.133917,3.932166,3403.932166
poia_zt_authenticator,PoIA with ZT-Authenticator,120,1283,0.001625,0.017792,0.051958,1.852,1.926,3401.926
poia_zt_authenticator,PoIA with ZT-Authenticator,120,1284,0.001541,0.017167,0.656708,0.173916,0.852,3400.852
poia_zt_authenticator,PoIA with ZT-Authenticator,120,1285,0.001833,0.020916,1.266792,0.153291,1.445791,3401.445791
poia_zt_authenticator,PoIA with ZT-Authenticator,120,1286,0.001583,0.017416,9.236875,8.143666,17.402,3417.402
poia_zt_authenticator,PoIA with ZT-Authenticator,120,1287,0.002083,0.018792,1.553875,1.56725,3.145292,3403.145292
poia_zt_authenticator,PoIA with ZT-Authenticator,120,1288,0.001959,0.018333,0.761667,0.131833,0.916417,3400.916417
poia_zt_authenticator,PoIA with ZT-Authenticator,120,1289,0.001667,0.017708,1.775375,0.133417,1.930875,3401.930875
poia_zt_authenticator,PoIA with ZT-Authenticator,120,1290,0.001542,0.017791,4.258542,0.131375,4.41175,3404.41175
poia_zt_authenticator,PoIA with ZT-Authenticator,120,1291,0.00175,0.017625,5.090917,0.144792,5.257542,3405.257542
poia_zt_authenticator,PoIA with ZT-Authenticator,120,1292,0.001916,0.01825,1.374042,0.1305,1.527083,3401.527083
poia_zt_authenticator,PoIA with ZT-Authenticator,120,1293,0.001791,0.018084,1.851667,0.137167,2.011167,3402.011167
poia_zt_authenticator,PoIA with ZT-Authenticator,120,1294,0.001584,0.017792,1.428875,0.14475,1.595541,3401.595541
poia_zt_authenticator,PoIA with ZT-Authenticator,120,1295,0.001875,0.017542,1.051875,1.766084,2.840417,3402.840417
poia_zt_authenticator,PoIA with ZT-Authenticator,120,1296,0.002708,0.023291,0.065834,0.12125,0.215583,3400.215583
poia_zt_authenticator,PoIA with ZT-Authenticator,120,1297,0.001875,0.017917,4.922083,4.726542,9.671959,3409.671959
poia_zt_authenticator,PoIA with ZT-Authenticator,120,1298,0.001667,0.018208,3.877417,0.135209,4.035,3404.035
poia_zt_authenticator,PoIA with ZT-Authenticator,120,1299,0.002459,0.0225,1.68975,0.127167,1.844833,3401.844833
poia_zt_authenticator,PoIA with ZT-Authenticator,120,1300,0.001708,0.017667,1.924833,0.122708,2.068709,3402.068709
poia_zt_authenticator,PoIA with ZT-Authenticator,120,1301,0.001666,0.017083,1.117667,0.118,1.256083,3401.256083
poia_zt_authenticator,PoIA with ZT-Authenticator,120,1302,0.001875,0.018375,1.940125,0.139583,2.102541,3402.102541
poia_zt_authenticator,PoIA with ZT-Authenticator,120,1303,0.001625,0.017541,12.792375,0.129792,12.943875,3412.943875
poia_zt_authenticator,PoIA with ZT-Authenticator,120,1304,0.001625,0.017584,2.275292,0.131083,2.428083,3402.428083
poia_zt_authenticator,PoIA with ZT-Authenticator,120,1305,0.001959,0.017958,3.755459,0.153125,3.931125,3403.931125
poia_zt_authenticator,PoIA with ZT-Authenticator,120,1306,0.002208,0.018209,1.501708,4.463625,5.989167,3405.989167
poia_zt_authenticator,PoIA with ZT-Authenticator,120,1307,0.001833,0.017375,0.713041,0.131458,0.86625,3400.86625
poia_zt_authenticator,PoIA with ZT-Authenticator,120,1308,0.002,0.019333,10.08325,0.132125,10.239333,3410.239333
poia_zt_authenticator,PoIA with ZT-Authenticator,120,1309,0.001917,0.017708,2.647875,0.147167,2.817291,3402.817291
poia_zt_authenticator,PoIA with ZT-Authenticator,120,1310,0.00175,0.01775,20.90675,21.533709,42.463,3442.463
poia_zt_authenticator,PoIA with ZT-Authenticator,120,1311,0.001792,0.017958,2.435084,5.1585,7.616458,3407.616458
poia_zt_authenticator,PoIA with ZT-Authenticator,120,1312,0.001875,0.021125,1.001958,0.128917,1.156209,3401.156209
poia_zt_authenticator,PoIA with ZT-Authenticator,120,1313,0.001625,0.017708,1.620958,0.130375,1.77325,3401.77325
poia_zt_authenticator,PoIA with ZT-Authenticator,120,1314,0.002083,0.01925,6.917084,1.685834,8.626875,3408.626875
poia_zt_authenticator,PoIA with ZT-Authenticator,120,1315,0.002,0.021791,2.728541,0.130459,2.885291,3402.885291
poia_zt_authenticator,PoIA with ZT-Authenticator,120,1316,0.0015,0.02025,6.824333,0.133625,6.982208,3406.982208
poia_zt_authenticator,PoIA with ZT-Authenticator,120,1317,0.002333,0.025459,0.64275,0.39925,1.073292,3401.073292
poia_zt_authenticator,PoIA with ZT-Authenticator,120,1318,0.001708,0.017958,2.404709,0.131916,2.558791,3402.558791
poia_zt_authenticator,PoIA with ZT-Authenticator,120,1319,0.001708,0.018083,3.578416,0.13175,3.7325,3403.7325
poia_zt_authenticator,PoIA with ZT-Authenticator,120,1320,0.001625,0.017458,1.120792,0.13125,1.273542,3401.273542
poia_zt_authenticator,PoIA with ZT-Authenticator,120,1321,0.00225,0.020291,0.727375,0.132084,0.884541,3400.884541
poia_zt_authenticator,PoIA with ZT-Authenticator,120,1322,0.001791,0.017417,2.415667,0.142166,2.579583,3402.579583
poia_zt_authenticator,PoIA with ZT-Authenticator,120,1323,0.001583,0.018,0.989791,0.131667,1.143583,3401.143583
poia_zt_authenticator,PoIA with ZT-Authenticator,120,1324,0.001625,0.017291,1.92825,0.130708,2.080333,3402.080333
poia_zt_authenticator,PoIA with ZT-Authenticator,120,1325,0.002792,0.028792,0.072583,0.121542,0.228083,3400.228083
poia_zt_authenticator,PoIA with ZT-Authenticator,120,1326,0.001792,0.018,7.756833,0.153917,7.93325,3407.93325
poia_zt_authenticator,PoIA with ZT-Authenticator,120,1327,0.001541,0.018375,0.448833,0.131834,0.603125,3400.603125
poia_zt_authenticator,PoIA with ZT-Authenticator,120,1328,0.001541,0.017125,1.758542,0.130458,1.910167,3401.910167
poia_zt_authenticator,PoIA with ZT-Authenticator,120,1329,0.001625,0.017583,3.560708,0.131708,3.714125,3403.714125
poia_zt_authenticator,PoIA with ZT-Authenticator,120,1330,0.003,0.024583,0.294334,0.256167,0.5815,3400.5815
poia_zt_authenticator,PoIA with ZT-Authenticator,120,1331,0.002083,0.021666,1.687166,0.132334,1.845792,3401.845792
poia_zt_authenticator,PoIA with ZT-Authenticator,120,1332,0.001625,0.017708,2.548208,0.131458,2.701541,3402.701541
poia_zt_authenticator,PoIA with ZT-Authenticator,120,1333,0.001875,0.017667,2.079167,0.134458,2.235708,3402.235708
poia_zt_authenticator,PoIA with ZT-Authenticator,120,1334,0.001667,0.017458,5.268541,0.126709,5.416791,3405.416791
poia_zt_authenticator,PoIA with ZT-Authenticator,120,1335,0.001667,0.017917,2.093708,0.13475,2.250583,3402.250583
poia_zt_authenticator,PoIA with ZT-Authenticator,120,1336,0.00175,0.018333,3.822583,0.134875,3.980083,3403.980083
poia_zt_authenticator,PoIA with ZT-Authenticator,120,1337,0.001875,0.017583,4.761625,5.333625,10.117792,3410.117792
poia_zt_authenticator,PoIA with ZT-Authenticator,120,1338,0.0015,0.0335,2.051875,0.165958,2.255583,3402.255583
poia_zt_authenticator,PoIA with ZT-Authenticator,120,1339,0.001625,0.017541,3.587334,2.039208,5.648709,3405.648709
poia_zt_authenticator,PoIA with ZT-Authenticator,120,1340,0.001791,0.0175,1.054417,0.132,1.208209,3401.208209
poia_zt_authenticator,PoIA with ZT-Authenticator,120,1341,0.001666,0.017542,1.936084,0.132375,2.090125,3402.090125
poia_zt_authenticator,PoIA with ZT-Authenticator,120,1342,0.002667,0.02575,0.813041,0.134958,0.979292,3400.979292
poia_zt_authenticator,PoIA with ZT-Authenticator,120,1343,0.001792,0.017834,4.462292,0.131542,4.615958,3404.615958
poia_zt_authenticator,PoIA with ZT-Authenticator,120,1344,0.002166,0.02225,0.727875,0.132833,0.887708,3400.887708
poia_zt_authenticator,PoIA with ZT-Authenticator,120,1345,0.001625,0.017459,5.398,0.133292,5.552958,3405.552958
poia_zt_authenticator,PoIA with ZT-Authenticator,120,1346,0.002916,0.024875,2.169708,0.12975,2.330417,3402.330417
poia_zt_authenticator,PoIA with ZT-Authenticator,120,1347,0.002333,0.027041,0.544167,0.1355,0.712,3400.712
poia_zt_authenticator,PoIA with ZT-Authenticator,120,1348,0.002125,0.018,0.052125,0.119125,0.19325,3400.19325
poia_zt_authenticator,PoIA with ZT-Authenticator,120,1349,0.002,0.021292,3.787417,0.134209,3.947667,3403.947667
poia_zt_authenticator,PoIA with ZT-Authenticator,120,1350,0.001583,0.017334,0.957833,0.121,1.099542,3401.099542
poia_zt_authenticator,PoIA with ZT-Authenticator,120,1351,0.00175,0.021917,1.774333,0.140542,1.941,3401.941
poia_zt_authenticator,PoIA with ZT-Authenticator,120,1352,0.001583,0.0175,9.214792,0.131375,9.36775,3409.36775
poia_zt_authenticator,PoIA with ZT-Authenticator,120,1353,0.001709,0.017709,1.821625,0.131917,1.975458,3401.975458
poia_zt_authenticator,PoIA with ZT-Authenticator,120,1354,0.001708,0.017459,1.859333,0.12725,2.008209,3402.008209
poia_zt_authenticator,PoIA with ZT-Authenticator,120,1355,0.001666,0.017875,0.664792,0.125375,0.811875,3400.811875
poia_zt_authenticator,PoIA with ZT-Authenticator,120,1356,0.001834,0.017542,2.326833,0.13325,2.482125,3402.482125
poia_zt_authenticator,PoIA with ZT-Authenticator,120,1357,0.001625,0.017333,1.797167,0.131042,1.949709,3401.949709
poia_zt_authenticator,PoIA with ZT-Authenticator,120,1358,0.001625,0.017291,1.856541,0.131708,2.009584,3402.009584
poia_zt_authenticator,PoIA with ZT-Authenticator,120,1359,0.002709,0.029125,1.440625,0.173583,1.651417,3401.651417
poia_zt_authenticator,PoIA with ZT-Authenticator,120,1360,0.00175,0.017625,1.315792,0.12825,1.465708,3401.465708
poia_zt_authenticator,PoIA with ZT-Authenticator,120,1361,0.001583,0.017875,4.528667,2.40225,6.953375,3406.953375
poia_zt_authenticator,PoIA with ZT-Authenticator,120,1362,0.001792,0.018166,1.895209,0.876042,2.794458,3402.794458
poia_zt_authenticator,PoIA with ZT-Authenticator,120,1363,0.002042,0.022292,2.201792,0.132667,2.361417,3402.361417
poia_zt_authenticator,PoIA with ZT-Authenticator,120,1364,0.002458,0.023458,0.99875,0.136584,1.163917,3401.163917
poia_zt_authenticator,PoIA with ZT-Authenticator,120,1365,0.00175,0.017458,1.864041,0.132292,2.018125,3402.018125
poia_zt_authenticator,PoIA with ZT-Authenticator,120,1366,0.001667,0.01725,1.805042,0.127583,1.954,3401.954
poia_zt_authenticator,PoIA with ZT-Authenticator,120,1367,0.002167,0.021875,0.917291,0.1345,1.078458,3401.078458
poia_zt_authenticator,PoIA with ZT-Authenticator,120,1368,0.001625,0.017375,1.826958,0.130667,1.979292,3401.979292
poia_zt_authenticator,PoIA with ZT-Authenticator,120,1369,0.001542,0.017458,0.936042,0.127666,1.085167,3401.085167
poia_zt_authenticator,PoIA with ZT-Authenticator,120,1370,0.001834,0.017458,3.38925,0.130458,3.5415,3403.5415
poia_zt_authenticator,PoIA with ZT-Authenticator,120,1371,0.001916,0.02175,0.797625,0.131666,0.9555,3400.9555
poia_zt_authenticator,PoIA with ZT-Authenticator,120,1372,0.00175,0.017375,10.2835,0.133083,10.43825,3410.43825
poia_zt_authenticator,PoIA with ZT-Authenticator,120,1373,0.001833,0.018291,0.053,0.118708,0.193709,3400.193709
poia_zt_authenticator,PoIA with ZT-Authenticator,120,1374,0.001916,0.021833,2.157708,0.130958,2.314958,3402.314958
poia_zt_authenticator,PoIA with ZT-Authenticator,120,1375,0.001958,0.022041,1.93525,0.133083,2.094792,3402.094792
poia_zt_authenticator,PoIA with ZT-Authenticator,120,1376,0.001542,0.017417,2.328417,0.145333,2.495375,3402.495375
poia_zt_authenticator,PoIA with ZT-Authenticator,120,1377,0.001584,0.030041,0.05375,0.118167,0.205542,3400.205542
poia_zt_authenticator,PoIA with ZT-Authenticator,120,1378,0.00175,0.018167,5.634791,0.134875,5.792166,3405.792166
poia_zt_authenticator,PoIA with ZT-Authenticator,120,1379,0.001625,0.017375,1.05525,0.130541,1.207417,3401.207417
poia_zt_authenticator,PoIA with ZT-Authenticator,120,1380,0.00175,0.017458,3.53825,0.133834,3.693833,3403.693833
poia_zt_authenticator,PoIA with ZT-Authenticator,120,1381,0.001625,0.0175,1.607083,0.130708,1.75925,3401.75925
poia_zt_authenticator,PoIA with ZT-Authenticator,120,1382,0.00175,0.017709,1.51775,0.131083,1.670792,3401.670792
poia_zt_authenticator,PoIA with ZT-Authenticator,120,1383,0.00175,0.017834,2.286167,0.1595,2.467792,3402.467792
poia_zt_authenticator,PoIA with ZT-Authenticator,120,1384,0.001709,0.017416,1.762667,0.127,1.91125,3401.91125
poia_zt_authenticator,PoIA with ZT-Authenticator,120,1385,0.002125,0.021667,1.7775,1.880958,3.685458,3403.685458
poia_zt_authenticator,PoIA with ZT-Authenticator,120,1386,0.001833,0.018209,1.087291,0.139125,1.249125,3401.249125
poia_zt_authenticator,PoIA with ZT-Authenticator,120,1387,0.001625,0.017542,2.035708,0.128875,2.18625,3402.18625
poia_zt_authenticator,PoIA with ZT-Authenticator,120,1388,0.002,0.017916,1.401459,0.127625,1.5515,3401.5515
poia_zt_authenticator,PoIA with ZT-Authenticator,120,1389,0.001792,0.017459,1.399583,0.131292,1.552666,3401.552666
poia_zt_authenticator,PoIA with ZT-Authenticator,120,1390,0.001667,0.0175,2.128375,4.031667,6.18225,3406.18225
poia_zt_authenticator,PoIA with ZT-Authenticator,120,1391,0.001709,0.017875,2.055125,7.528458,9.606125,3409.606125
poia_zt_authenticator,PoIA with ZT-Authenticator,120,1392,0.001708,0.031917,1.667125,0.131083,1.834542,3401.834542
poia_zt_authenticator,PoIA with ZT-Authenticator,120,1393,0.001708,0.017625,1.425959,10.8865,12.334833,3412.334833
poia_zt_authenticator,PoIA with ZT-Authenticator,120,1394,0.002542,0.02775,4.402417,0.136625,4.572625,3404.572625
poia_zt_authenticator,PoIA with ZT-Authenticator,120,1395,0.001333,0.017625,5.908625,0.125459,6.054666,3406.054666
poia_zt_authenticator,PoIA with ZT-Authenticator,120,1396,0.001834,0.018333,1.731417,3.833667,5.588458,3405.588458
poia_zt_authenticator,PoIA with ZT-Authenticator,120,1397,0.00175,0.017708,2.152583,0.154959,2.329708,3402.329708
poia_zt_authenticator,PoIA with ZT-Authenticator,120,1398,0.001833,0.021333,2.1135,0.129958,2.269083,3402.269083
poia_zt_authenticator,PoIA with ZT-Authenticator,120,1399,0.001667,0.017333,1.751709,0.131041,1.904292,3401.904292
poia_zt_authenticator,PoIA with ZT-Authenticator,120,1400,0.001375,0.017583,5.942166,0.131,6.094542,3406.094542
poia_zt_authenticator,PoIA with ZT-Authenticator,120,1401,0.001625,0.017125,5.42575,0.133167,5.58025,3405.58025
poia_zt_authenticator,PoIA with ZT-Authenticator,120,1402,0.002167,0.022167,0.056917,0.12025,0.203416,3400.203416
poia_zt_authenticator,PoIA with ZT-Authenticator,120,1403,0.00225,0.024709,3.846833,0.132542,4.008958,3404.008958
poia_zt_authenticator,PoIA with ZT-Authenticator,120,1404,0.001625,0.017167,0.052208,0.118334,0.191208,3400.191208
poia_zt_authenticator,PoIA with ZT-Authenticator,120,1405,0.0015,0.017375,1.601375,0.139125,1.761916,3401.761916
poia_zt_authenticator,PoIA with ZT-Authenticator,120,1406,0.001541,0.017375,2.180625,0.141459,2.343625,3402.343625
poia_zt_authenticator,PoIA with ZT-Authenticator,120,1407,0.002,0.021625,1.452583,0.131042,1.609792,3401.609792
poia_zt_authenticator,PoIA with ZT-Authenticator,120,1408,0.001584,0.017208,1.765666,2.052375,3.839958,3403.839958
poia_zt_authenticator,PoIA with ZT-Authenticator,120,1409,0.001542,0.017416,1.882292,0.127042,2.030792,3402.030792
poia_zt_authenticator,PoIA with ZT-Authenticator,120,1410,0.001791,0.018,1.962583,5.639542,7.625,3407.625
poia_zt_authenticator,PoIA with ZT-Authenticator,120,1411,0.0015,0.017542,2.0595,0.134875,2.215958,3402.215958
poia_zt_authenticator,PoIA with ZT-Authenticator,120,1412,0.002,0.021208,3.913958,0.130583,4.070291,3404.070291
poia_zt_authenticator,PoIA with ZT-Authenticator,120,1413,0.001959,0.021125,1.687625,1.857625,3.571416,3403.571416
poia_zt_authenticator,PoIA with ZT-Authenticator,120,1414,0.001708,0.017625,13.25975,0.141708,13.423334,3413.423334
poia_zt_authenticator,PoIA with ZT-Authenticator,120,1415,0.001625,0.017458,5.864,0.120458,6.005417,3406.005417
poia_zt_authenticator,PoIA with ZT-Authenticator,120,1416,0.001708,0.017541,2.038875,0.142916,2.203625,3402.203625
poia_zt_authenticator,PoIA with ZT-Authenticator,120,1417,0.002875,0.024167,1.436958,0.129042,1.596042,3401.596042
poia_zt_authenticator,PoIA with ZT-Authenticator,120,1418,0.002083,0.021834,8.319666,0.119708,8.46525,3408.46525
poia_zt_authenticator,PoIA with ZT-Authenticator,120,1419,0.001834,0.017958,2.020875,0.127959,2.171,3402.171
poia_zt_authenticator,PoIA with ZT-Authenticator,120,1420,0.001666,0.017542,10.490875,1.492875,12.005917,3412.005917
poia_zt_authenticator,PoIA with ZT-Authenticator,120,1421,0.001625,0.017375,1.585542,0.130166,1.737291,3401.737291
poia_zt_authenticator,PoIA with ZT-Authenticator,120,1422,0.001541,0.019,1.88525,0.141667,2.050125,3402.050125
poia_zt_authenticator,PoIA with ZT-Authenticator,120,1423,0.001958,0.017667,2.041375,0.128583,2.192291,3402.192291
poia_zt_authenticator,PoIA with ZT-Authenticator,120,1424,0.001583,0.0175,3.021042,0.126833,3.169459,3403.169459
poia_zt_authenticator,PoIA with ZT-Authenticator,120,1425,0.001583,0.021917,4.095,0.132792,4.253917,3404.253917
poia_zt_authenticator,PoIA with ZT-Authenticator,120,1426,0.001625,0.017667,3.455125,0.131292,3.608167,3403.608167
poia_zt_authenticator,PoIA with ZT-Authenticator,120,1427,0.001875,0.031792,4.175667,0.127625,4.339583,3404.339583
poia_zt_authenticator,PoIA with ZT-Authenticator,120,1428,0.001834,0.017917,2.761709,0.130625,2.914708,3402.914708
poia_zt_authenticator,PoIA with ZT-Authenticator,120,1429,0.001416,0.017625,4.029542,0.133292,4.184417,3404.184417
poia_zt_authenticator,PoIA with ZT-Authenticator,120,1430,0.001708,0.017917,2.044292,1.936667,4.003625,3404.003625
poia_zt_authenticator,PoIA with ZT-Authenticator,120,1431,0.001625,0.017583,1.584917,0.131417,1.740041,3401.740041
poia_zt_authenticator,PoIA with ZT-Authenticator,120,1432,0.002125,0.021292,3.025375,0.132291,3.183666,3403.183666
poia_zt_authenticator,PoIA with ZT-Authenticator,120,1433,0.002583,0.023083,1.96625,0.131333,2.126625,3402.126625
poia_zt_authenticator,PoIA with ZT-Authenticator,120,1434,0.001375,0.017667,6.09875,0.131,6.251334,3406.251334
poia_zt_authenticator,PoIA with ZT-Authenticator,120,1435,0.00125,0.01725,1.953125,0.134208,2.10825,3402.10825
poia_zt_authenticator,PoIA with ZT-Authenticator,120,1436,0.001625,0.017333,1.833209,2.065125,3.920458,3403.920458
poia_zt_authenticator,PoIA with ZT-Authenticator,120,1437,0.001834,0.017417,3.623042,6.086125,9.731375,3409.731375
poia_zt_authenticator,PoIA with ZT-Authenticator,120,1438,0.002083,0.021875,3.183208,0.135083,3.344916,3403.344916
poia_zt_authenticator,PoIA with ZT-Authenticator,120,1439,0.002791,0.0225,1.714042,0.131625,1.874,3401.874
poia_zt_authenticator,PoIA with ZT-Authenticator,120,1440,0.00175,0.017667,1.851375,0.138333,2.011666,3402.011666
poia_zt_authenticator,PoIA with ZT-Authenticator,120,1441,0.003083,0.031708,1.102583,0.139459,1.279875,3401.279875
poia_zt_authenticator,PoIA with ZT-Authenticator,120,1442,0.001625,0.017458,1.718417,0.12675,1.866791,3401.866791
poia_zt_authenticator,PoIA with ZT-Authenticator,120,1443,0.001792,0.01825,2.036375,0.146209,2.205333,3402.205333
poia_zt_authenticator,PoIA with ZT-Authenticator,120,1444,0.00125,0.01775,2.090208,0.143417,2.255209,3402.255209
poia_zt_authenticator,PoIA with ZT-Authenticator,120,1445,0.001708,0.01775,1.758125,0.129,1.909125,3401.909125
poia_zt_authenticator,PoIA with ZT-Authenticator,120,1446,0.00175,0.017333,3.297959,0.131334,3.451,3403.451
poia_zt_authenticator,PoIA with ZT-Authenticator,120,1447,0.001667,0.01775,1.468083,0.131375,1.621416,3401.621416
poia_zt_authenticator,PoIA with ZT-Authenticator,120,1448,0.001708,0.017667,2.001625,0.126875,2.150375,3402.150375
poia_zt_authenticator,PoIA with ZT-Authenticator,120,1449,0.001625,0.017709,5.39025,0.130959,5.543,3405.543
poia_zt_authenticator,PoIA with ZT-Authenticator,120,1450,0.00175,0.017625,2.092958,0.131125,2.246,3402.246
poia_zt_authenticator,PoIA with ZT-Authenticator,120,1451,0.00175,0.017792,0.051584,0.114459,0.187417,3400.187417
poia_zt_authenticator,PoIA with ZT-Authenticator,120,1452,0.00175,0.017791,0.05125,0.11825,0.191,3400.191
poia_zt_authenticator,PoIA with ZT-Authenticator,120,1453,0.002083,0.022792,2.009083,1.839833,3.877042,3403.877042
poia_zt_authenticator,PoIA with ZT-Authenticator,120,1454,0.002541,0.022375,2.145542,0.131667,2.305291,3402.305291
poia_zt_authenticator,PoIA with ZT-Authenticator,120,1455,0.001959,0.021541,6.500333,0.132834,6.659209,3406.659209
poia_zt_authenticator,PoIA with ZT-Authenticator,120,1456,0.001834,0.017708,2.129833,0.130833,2.282791,3402.282791
poia_zt_authenticator,PoIA with ZT-Authenticator,120,1457,0.001458,0.017792,5.445,0.134208,5.601167,3405.601167
poia_zt_authenticator,PoIA with ZT-Authenticator,120,1458,0.001958,0.017875,1.947542,0.132625,2.102542,3402.102542
poia_zt_authenticator,PoIA with ZT-Authenticator,120,1459,0.001791,0.017417,5.454458,6.257209,11.733334,3411.733334
poia_zt_authenticator,PoIA with ZT-Authenticator,120,1460,0.001625,0.017625,3.42625,0.127084,3.575083,3403.575083
poia_zt_authenticator,PoIA with ZT-Authenticator,120,1461,0.001625,0.017667,1.937542,0.127041,2.086334,3402.086334
poia_zt_authenticator,PoIA with ZT-Authenticator,120,1462,0.001708,0.017959,9.249083,7.195917,16.46775,3416.46775
poia_zt_authenticator,PoIA with ZT-Authenticator,120,1463,0.002334,0.026584,2.039125,0.133208,2.20425,3402.20425
poia_zt_authenticator,PoIA with ZT-Authenticator,120,1464,0.002041,0.022166,2.164625,0.133458,2.324959,3402.324959
poia_zt_authenticator,PoIA with ZT-Authenticator,120,1465,0.001583,0.018083,0.050459,0.119208,0.191083,3400.191083
poia_zt_authenticator,PoIA with ZT-Authenticator,120,1466,0.001583,0.017708,1.958459,0.131583,2.111875,3402.111875
poia_zt_authenticator,PoIA with ZT-Authenticator,120,1467,0.001708,0.01775,3.708667,0.131917,3.862541,3403.862541
poia_zt_authenticator,PoIA with ZT-Authenticator,120,1468,0.001792,0.017792,2.000917,0.131709,2.154709,3402.154709
poia_zt_authenticator,PoIA with ZT-Authenticator,120,1469,0.001792,0.018167,1.903792,0.12775,2.054083,3402.054083
poia_zt_authenticator,PoIA with ZT-Authenticator,120,1470,0.001583,0.017375,8.392042,0.131417,8.545,3408.545
poia_zt_authenticator,PoIA with ZT-Authenticator,120,1471,0.002291,0.025125,1.567167,0.128166,1.72525,3401.72525
poia_zt_authenticator,PoIA with ZT-Authenticator,120,1472,0.001542,0.017375,2.075917,0.130291,2.227625,3402.227625
poia_zt_authenticator,PoIA with ZT-Authenticator,120,1473,0.001708,0.017458,2.019333,0.127708,2.168708,3402.168708
poia_zt_authenticator,PoIA with ZT-Authenticator,120,1474,0.001625,0.017833,1.891125,0.132208,2.045291,3402.045291
poia_zt_authenticator,PoIA with ZT-Authenticator,120,1475,0.001791,0.017958,3.265125,0.132333,3.419792,3403.419792
poia_zt_authenticator,PoIA with ZT-Authenticator,120,1476,0.002292,0.022125,2.840833,1.778916,4.647375,3404.647375
poia_zt_authenticator,PoIA with ZT-Authenticator,120,1477,0.001542,0.017333,1.941042,0.127166,2.089584,3402.089584
poia_zt_authenticator,PoIA with ZT-Authenticator,120,1478,0.001875,0.018292,4.31175,0.133375,4.46775,3404.46775
poia_zt_authenticator,PoIA with ZT-Authenticator,120,1479,0.001667,0.018167,1.795708,1.845417,3.664042,3403.664042
poia_zt_authenticator,PoIA with ZT-Authenticator,120,1480,0.002,0.018541,1.530167,0.131584,1.684917,3401.684917
poia_zt_authenticator,PoIA with ZT-Authenticator,120,1481,0.001709,0.017417,1.622875,2.265417,3.910583,3403.910583
poia_zt_authenticator,PoIA with ZT-Authenticator,120,1482,0.001625,0.017416,3.891209,0.129541,4.042333,3404.042333
poia_zt_authenticator,PoIA with ZT-Authenticator,120,1483,0.00125,0.01725,1.773209,4.238,6.03275,3406.03275
poia_zt_authenticator,PoIA with ZT-Authenticator,120,1484,0.0025,0.027375,1.87775,0.135041,2.045792,3402.045792
poia_zt_authenticator,PoIA with ZT-Authenticator,120,1485,0.00175,0.018042,2.152083,0.129917,2.304333,3402.304333
poia_zt_authenticator,PoIA with ZT-Authenticator,120,1486,0.002667,0.022375,1.606875,0.132375,1.767042,3401.767042
poia_zt_authenticator,PoIA with ZT-Authenticator,120,1487,0.002042,0.018708,1.939042,3.990292,5.953125,3405.953125
poia_zt_authenticator,PoIA with ZT-Authenticator,120,1488,0.001583,0.017458,1.962959,2.081166,4.066208,3404.066208
poia_zt_authenticator,PoIA with ZT-Authenticator,120,1489,0.001666,0.018292,1.862,5.990666,7.875625,3407.875625
poia_zt_authenticator,PoIA with ZT-Authenticator,120,1490,0.001625,0.017375,3.455833,0.131958,3.609334,3403.609334
poia_zt_authenticator,PoIA with ZT-Authenticator,120,1491,0.001792,0.017834,3.505208,0.133042,3.660459,3403.660459
poia_zt_authenticator,PoIA with ZT-Authenticator,120,1492,0.001875,0.021541,1.473417,0.127583,1.626958,3401.626958
poia_zt_authenticator,PoIA with ZT-Authenticator,120,1493,0.001625,0.017334,5.728792,0.133,5.883166,3405.883166
poia_zt_authenticator,PoIA with ZT-Authenticator,120,1494,0.001583,0.017334,2.061958,0.132125,2.2155,3402.2155
poia_zt_authenticator,PoIA with ZT-Authenticator,120,1495,0.001958,0.021416,1.479167,0.133125,1.638208,3401.638208
poia_zt_authenticator,PoIA with ZT-Authenticator,120,1496,0.001708,0.017708,1.709916,0.130541,1.862292,3401.862292
poia_zt_authenticator,PoIA with ZT-Authenticator,120,1497,0.001625,0.017708,1.827583,0.146291,1.995791,3401.995791
poia_zt_authenticator,PoIA with ZT-Authenticator,120,1498,0.001916,0.034041,1.562833,0.147167,1.749292,3401.749292
poia_zt_authenticator,PoIA with ZT-Authenticator,120,1499,0.001875,0.018458,1.910417,0.132708,2.065958,3402.065958
poia_zt_authenticator,PoIA with ZT-Authenticator,120,1500,0.001916,0.021375,1.817333,0.184833,2.028625,3402.028625
poia_zt_authenticator,PoIA with ZT-Authenticator,120,1501,0.001708,0.018125,3.880083,0.132291,4.034667,3404.034667
poia_zt_authenticator,PoIA with ZT-Authenticator,120,1502,0.002125,0.023541,1.845083,0.134042,2.007458,3402.007458
poia_zt_authenticator,PoIA with ZT-Authenticator,120,1503,0.001959,0.018958,2.15975,0.137875,2.321167,3402.321167
poia_zt_authenticator,PoIA with ZT-Authenticator,120,1504,0.001709,0.017541,2.084166,0.131,2.236875,3402.236875
poia_zt_authenticator,PoIA with ZT-Authenticator,120,1505,0.001834,0.021125,2.1025,0.131542,2.259583,3402.259583
poia_zt_authenticator,PoIA with ZT-Authenticator,120,1506,0.002083,0.01925,1.904625,0.132541,2.061458,3402.061458
poia_zt_authenticator,PoIA with ZT-Authenticator,120,1507,0.001333,0.017583,1.882625,0.131334,2.035334,3402.035334
poia_zt_authenticator,PoIA with ZT-Authenticator,120,1508,0.001625,0.01775,0.050709,0.119291,0.191292,3400.191292
poia_zt_authenticator,PoIA with ZT-Authenticator,120,1509,0.002084,0.0225,1.808708,0.145542,1.981375,3401.981375
poia_zt_authenticator,PoIA with ZT-Authenticator,120,1510,0.00125,0.017666,1.507209,0.127958,1.6565,3401.6565
poia_zt_authenticator,PoIA with ZT-Authenticator,120,1511,0.001916,0.018208,3.921834,0.128334,4.072875,3404.072875
poia_zt_authenticator,PoIA with ZT-Authenticator,120,1512,0.002292,0.02325,0.157584,11.25925,11.445708,3411.445708
poia_zt_authenticator,PoIA with ZT-Authenticator,120,1513,0.001667,0.017417,2.094458,0.132084,2.248083,3402.248083
poia_zt_authenticator,PoIA with ZT-Authenticator,120,1514,0.001625,0.017792,3.835,0.145708,4.002584,3404.002584
poia_zt_authenticator,PoIA with ZT-Authenticator,120,1515,0.001833,0.021166,1.716,0.122,1.862833,3401.862833
poia_zt_authenticator,PoIA with ZT-Authenticator,120,1516,0.001541,0.01825,1.484042,0.127375,1.633708,3401.633708
poia_zt_authenticator,PoIA with ZT-Authenticator,120,1517,0.001625,0.017417,7.499458,0.130583,7.6515,3407.6515
poia_zt_authenticator,PoIA with ZT-Authenticator,120,1518,0.001625,0.017125,1.987916,0.131291,2.1405,3402.1405
poia_zt_authenticator,PoIA with ZT-Authenticator,120,1519,0.001958,0.018,2.082708,0.144208,2.249459,3402.249459
poia_zt_authenticator,PoIA with ZT-Authenticator,120,1520,0.001542,0.017666,3.388583,1.81,5.220875,3405.220875
poia_zt_authenticator,PoIA with ZT-Authenticator,120,1521,0.001917,0.021583,4.037375,12.60075,16.664542,3416.664542
poia_zt_authenticator,PoIA with ZT-Authenticator,120,1522,0.001709,0.01775,1.6695,0.127208,1.818625,3401.818625
poia_zt_authenticator,PoIA with ZT-Authenticator,120,1523,0.001542,0.0175,1.865833,0.129334,2.016666,3402.016666
poia_zt_authenticator,PoIA with ZT-Authenticator,120,1524,0.001792,0.018167,2.07975,0.132458,2.234667,3402.234667
poia_zt_authenticator,PoIA with ZT-Authenticator,120,1525,0.002084,0.021875,3.869083,0.128792,4.024458,3404.024458
poia_zt_authenticator,PoIA with ZT-Authenticator,120,1526,0.003042,0.022834,1.851625,0.151333,2.031833,3402.031833
poia_zt_authenticator,PoIA with ZT-Authenticator,120,1527,0.002084,0.0225,4.125208,0.13125,4.283583,3404.283583
poia_zt_authenticator,PoIA with ZT-Authenticator,120,1528,0.001709,0.017542,1.2155,0.138458,1.375833,3401.375833
poia_zt_authenticator,PoIA with ZT-Authenticator,120,1529,0.001583,0.017334,1.559791,9.44325,11.0245,3411.0245
poia_zt_authenticator,PoIA with ZT-Authenticator,120,1530,0.001708,0.018125,1.503625,0.132584,1.658709,3401.658709
poia_zt_authenticator,PoIA with ZT-Authenticator,120,1531,0.001459,0.017375,2.958083,0.133125,3.112375,3403.112375
poia_zt_authenticator,PoIA with ZT-Authenticator,120,1532,0.002167,0.023208,1.706667,0.127958,1.862583,3401.862583
poia_zt_authenticator,PoIA with ZT-Authenticator,120,1533,0.002125,0.02175,1.239833,0.145166,1.411417,3401.411417
poia_zt_authenticator,PoIA with ZT-Authenticator,120,1534,0.001875,0.018583,4.010417,0.131875,4.165334,3404.165334
poia_zt_authenticator,PoIA with ZT-Authenticator,120,1535,0.001708,0.017459,1.631083,0.132542,1.785292,3401.785292
poia_zt_authenticator,PoIA with ZT-Authenticator,120,1536,0.002083,0.021333,1.984792,0.133041,2.143833,3402.143833
poia_zt_authenticator,PoIA with ZT-Authenticator,120,1537,0.001625,0.017459,1.664917,0.129,1.815334,3401.815334
poia_zt_authenticator,PoIA with ZT-Authenticator,120,1538,0.001583,0.017375,1.772875,0.144292,1.93875,3401.93875
poia_zt_authenticator,PoIA with ZT-Authenticator,120,1539,0.001542,0.017625,4.119958,0.135709,4.277542,3404.277542
poia_zt_authenticator,PoIA with ZT-Authenticator,120,1540,0.001709,0.017917,2.052542,0.134667,2.209417,3402.209417
poia_zt_authenticator,PoIA with ZT-Authenticator,120,1541,0.001584,0.017333,1.612,0.140667,1.774083,3401.774083
poia_zt_authenticator,PoIA with ZT-Authenticator,120,1542,0.001708,0.017791,7.781209,0.13675,7.940208,3407.940208
poia_zt_authenticator,PoIA with ZT-Authenticator,120,1543,0.001625,0.017791,3.124709,0.133583,3.28025,3403.28025
poia_zt_authenticator,PoIA with ZT-Authenticator,120,1544,0.002791,0.090042,2.865209,1.618166,4.58,3404.58
poia_zt_authenticator,PoIA with ZT-Authenticator,120,1545,0.002042,0.021708,1.293916,0.12825,1.448541,3401.448541
poia_zt_authenticator,PoIA with ZT-Authenticator,120,1546,0.002,0.01875,1.489792,0.132958,1.646,3401.646
poia_zt_authenticator,PoIA with ZT-Authenticator,120,1547,0.001833,0.021333,1.516084,1.658833,3.201125,3403.201125
poia_zt_authenticator,PoIA with ZT-Authenticator,120,1548,0.001958,0.022709,1.49225,0.131791,1.65125,3401.65125
poia_zt_authenticator,PoIA with ZT-Authenticator,120,1549,0.001792,0.017875,3.704375,0.127833,3.854375,3403.854375
poia_zt_authenticator,PoIA with ZT-Authenticator,120,1550,0.001292,0.01725,1.670584,0.131292,1.823,3401.823
poia_zt_authenticator,PoIA with ZT-Authenticator,120,1551,0.001625,0.0175,1.787958,0.128917,1.9385,3401.9385
poia_zt_authenticator,PoIA with ZT-Authenticator,120,1552,0.001792,0.018,1.919666,0.131959,2.073959,3402.073959
poia_zt_authenticator,PoIA with ZT-Authenticator,120,1553,0.002458,0.02275,2.769583,0.133875,2.93175,3402.93175
poia_zt_authenticator,PoIA with ZT-Authenticator,120,1554,0.002125,0.018709,2.157958,3.897083,6.079,3406.079
poia_zt_authenticator,PoIA with ZT-Authenticator,120,1555,0.001791,0.018,1.365666,0.128666,1.516792,3401.516792
poia_zt_authenticator,PoIA with ZT-Authenticator,120,1556,0.002,0.018708,0.052709,4.277417,4.353291,3404.353291
poia_zt_authenticator,PoIA with ZT-Authenticator,120,1557,0.001708,0.017917,1.863416,0.133167,2.01875,3402.01875
poia_zt_authenticator,PoIA with ZT-Authenticator,120,1558,0.001958,0.028833,1.772208,2.027541,3.833708,3403.833708
poia_zt_authenticator,PoIA with ZT-Authenticator,120,1559,0.00175,0.017208,3.990375,0.126875,4.138666,3404.138666
poia_zt_authenticator,PoIA with ZT-Authenticator,120,1560,0.001583,0.017666,1.559375,0.133,1.714166,3401.714166
poia_zt_authenticator,PoIA with ZT-Authenticator,120,1561,0.001584,0.017792,1.86575,1.709875,3.59725,3403.59725
poia_zt_authenticator,PoIA with ZT-Authenticator,120,1562,0.002083,0.022292,0.063,1.528417,1.618417,3401.618417
poia_zt_authenticator,PoIA with ZT-Authenticator,120,1563,0.00175,0.018959,0.094166,2.7625,2.880084,3402.880084
poia_zt_authenticator,PoIA with ZT-Authenticator,120,1564,0.002,0.020541,2.117833,0.129542,2.272583,3402.272583
poia_zt_authenticator,PoIA with ZT-Authenticator,120,1565,0.001708,0.01775,1.471917,0.133791,1.636709,3401.636709
poia_zt_authenticator,PoIA with ZT-Authenticator,120,1566,0.00175,0.019709,1.683333,0.131417,1.83875,3401.83875
poia_zt_authenticator,PoIA with ZT-Authenticator,120,1567,0.00175,0.017834,7.725584,0.132916,7.880584,3407.880584
poia_zt_authenticator,PoIA with ZT-Authenticator,120,1568,0.0015,0.017375,1.946459,0.132333,2.100166,3402.100166
poia_zt_authenticator,PoIA with ZT-Authenticator,120,1569,0.001709,0.017542,1.6905,0.128625,1.840833,3401.840833
poia_zt_authenticator,PoIA with ZT-Authenticator,120,1570,0.002708,0.031709,2.02525,0.135667,2.198291,3402.198291
poia_zt_authenticator,PoIA with ZT-Authenticator,120,1571,0.001709,0.018083,1.925375,0.128458,2.07625,3402.07625
poia_zt_authenticator,PoIA with ZT-Authenticator,120,1572,0.002042,0.018167,1.523625,1.315916,2.862916,3402.862916
poia_zt_authenticator,PoIA with ZT-Authenticator,120,1573,0.002292,0.022125,1.581125,0.128958,1.737125,3401.737125
poia_zt_authenticator,PoIA with ZT-Authenticator,120,1574,0.001792,0.017625,1.697041,0.132,1.851083,3401.851083
poia_zt_authenticator,PoIA with ZT-Authenticator,120,1575,0.00175,0.017667,4.058792,2.772917,6.854292,3406.854292
poia_zt_authenticator,PoIA with ZT-Authenticator,120,1576,0.001917,0.018583,8.877334,5.449167,14.350083,3414.350083
poia_zt_authenticator,PoIA with ZT-Authenticator,120,1577,0.002,0.021875,2.004125,0.133417,2.164041,3402.164041
poia_zt_authenticator,PoIA with ZT-Authenticator,120,1578,0.001834,0.01775,1.921916,0.130667,2.074625,3402.074625
poia_zt_authenticator,PoIA with ZT-Authenticator,120,1579,0.001834,0.018083,2.948042,0.140083,3.1105,3403.1105
poia_zt_authenticator,PoIA with ZT-Authenticator,120,1580,0.001875,0.018041,1.853334,0.140375,2.016084,3402.016084
poia_zt_authenticator,PoIA with ZT-Authenticator,120,1581,0.001916,0.01875,8.576375,0.128041,8.727667,3408.727667
poia_zt_authenticator,PoIA with ZT-Authenticator,120,1582,0.001625,0.017667,2.932333,0.1315,3.085542,3403.085542
poia_zt_authenticator,PoIA with ZT-Authenticator,120,1583,0.001709,0.017666,2.065458,0.146375,2.233875,3402.233875
poia_zt_authenticator,PoIA with ZT-Authenticator,120,1584,0.002083,0.024083,1.745459,0.131791,1.906166,3401.906166
poia_zt_authenticator,PoIA with ZT-Authenticator,120,1585,0.001833,0.017792,3.58825,0.128834,3.739125,3403.739125
poia_zt_authenticator,PoIA with ZT-Authenticator,120,1586,0.001583,0.017417,1.742208,0.127167,1.890834,3401.890834
poia_zt_authenticator,PoIA with ZT-Authenticator,120,1587,0.00175,0.017292,3.363292,0.132042,3.516834,3403.516834
poia_zt_authenticator,PoIA with ZT-Authenticator,120,1588,0.001792,0.018208,7.996625,0.133083,8.15225,3408.15225
poia_zt_authenticator,PoIA with ZT-Authenticator,120,1589,0.001875,0.018917,0.054708,0.120666,0.198333,3400.198333
poia_zt_authenticator,PoIA with ZT-Authenticator,120,1590,0.002042,0.018667,0.087083,0.122208,0.232125,3400.232125
poia_zt_authenticator,PoIA with ZT-Authenticator,120,1591,0.001667,0.018042,1.840416,3.824541,5.687959,3405.687959
poia_zt_authenticator,PoIA with ZT-Authenticator,120,1592,0.001958,0.01825,0.05475,1.55925,1.63675,3401.63675
poia_zt_authenticator,PoIA with ZT-Authenticator,120,1593,0.001875,0.018167,2.722958,0.144,2.889625,3402.889625
poia_zt_authenticator,PoIA with ZT-Authenticator,120,1594,0.002083,0.019125,4.255208,0.204583,4.4845,3404.4845
poia_zt_authenticator,PoIA with ZT-Authenticator,120,1595,0.0015,0.017791,1.319208,0.18625,1.527875,3401.527875
poia_zt_authenticator,PoIA with ZT-Authenticator,120,1596,0.001959,0.0185,3.097625,0.136167,3.257084,3403.257084
poia_zt_authenticator,PoIA with ZT-Authenticator,120,1597,0.001667,0.018209,1.957416,1.673875,3.654333,3403.654333
poia_zt_authenticator,PoIA with ZT-Authenticator,120,1598,0.001875,0.021542,1.460666,0.127292,1.613875,3401.613875
poia_zt_authenticator,PoIA with ZT-Authenticator,120,1599,0.001917,0.018041,1.837709,0.131917,1.992167,3401.992167
poia_zt_authenticator,PoIA with ZT-Authenticator,120,1600,0.001667,0.018209,1.485042,0.13025,1.637667,3401.637667
poia_zt_authenticator,PoIA with ZT-Authenticator,120,1601,0.002,0.021417,1.543,0.132917,1.702042,3401.702042
poia_zt_authenticator,PoIA with ZT-Authenticator,120,1602,0.001792,0.017416,2.084292,0.130833,2.236916,3402.236916
poia_zt_authenticator,PoIA with ZT-Authenticator,120,1603,0.001625,0.018,0.154583,2.839083,3.015875,3403.015875
poia_zt_authenticator,PoIA with ZT-Authenticator,120,1604,0.001917,0.018167,1.395875,0.129625,1.548125,3401.548125
poia_zt_authenticator,PoIA with ZT-Authenticator,120,1605,0.001625,0.017542,1.868125,0.138875,2.028709,3402.028709
poia_zt_authenticator,PoIA with ZT-Authenticator,120,1606,0.002208,0.01875,1.89975,0.141792,2.065167,3402.065167
poia_zt_authenticator,PoIA with ZT-Authenticator,120,1607,0.001834,0.017792,1.469708,0.128041,1.619875,3401.619875
poia_zt_authenticator,PoIA with ZT-Authenticator,120,1608,0.001833,0.018041,2.060625,0.129667,2.21275,3402.21275
poia_zt_authenticator,PoIA with ZT-Authenticator,120,1609,0.00225,0.018625,1.730375,0.132583,1.886458,3401.886458
poia_zt_authenticator,PoIA with ZT-Authenticator,120,1610,0.003125,0.0255,1.155375,0.131625,1.319,3401.319
poia_zt_authenticator,PoIA with ZT-Authenticator,120,1611,0.001917,0.017875,2.536,0.132,2.690417,3402.690417
poia_zt_authenticator,PoIA with ZT-Authenticator,120,1612,0.002833,0.024416,21.958292,2.061083,24.050416,3424.050416
poia_zt_authenticator,PoIA with ZT-Authenticator,120,1613,0.001792,0.01775,3.228666,0.131209,3.381917,3403.381917
poia_zt_authenticator,PoIA with ZT-Authenticator,120,1614,0.001958,0.018,1.309375,0.13325,1.465167,3401.465167
poia_zt_authenticator,PoIA with ZT-Authenticator,120,1615,0.001583,0.017834,1.736833,0.130917,1.889709,3401.889709
poia_zt_authenticator,PoIA with ZT-Authenticator,120,1616,0.002167,0.022084,3.615041,0.129167,3.771041,3403.771041
poia_zt_authenticator,PoIA with ZT-Authenticator,120,1617,0.002041,0.021916,1.657417,0.148875,1.832792,3401.832792
poia_zt_authenticator,PoIA with ZT-Authenticator,120,1618,0.001625,0.017875,1.84025,0.13275,1.995042,3401.995042
poia_zt_authenticator,PoIA with ZT-Authenticator,120,1619,0.001625,0.018084,1.835833,0.1365,1.994667,3401.994667
poia_zt_authenticator,PoIA with ZT-Authenticator,120,1620,0.001708,0.017791,1.935417,0.127125,2.084584,3402.084584
poia_zt_authenticator,PoIA with ZT-Authenticator,120,1621,0.00175,0.017833,5.452709,0.129875,5.604709,3405.604709
poia_zt_authenticator,PoIA with ZT-Authenticator,120,1622,0.001583,0.01725,2.070209,0.131334,2.222833,3402.222833
poia_zt_authenticator,PoIA with ZT-Authenticator,120,1623,0.001792,0.017917,1.5255,0.131458,1.679167,3401.679167
poia_zt_authenticator,PoIA with ZT-Authenticator,120,1624,0.003125,0.026459,3.955333,0.132125,4.1205,3404.1205
poia_zt_authenticator,PoIA with ZT-Authenticator,120,1625,0.001792,0.017625,2.056292,0.131708,2.209917,3402.209917
poia_zt_authenticator,PoIA with ZT-Authenticator,120,1626,0.001583,0.017667,3.476416,0.131459,3.6295,3403.6295
poia_zt_authenticator,PoIA with ZT-Authenticator,120,1627,0.001834,0.017458,1.796584,0.130875,1.949209,3401.949209
poia_zt_authenticator,PoIA with ZT-Authenticator,120,1628,0.002042,0.022375,9.839291,0.149583,10.015791,3410.015791
poia_zt_authenticator,PoIA with ZT-Authenticator,120,1629,0.001917,0.018833,1.978375,0.130583,2.132333,3402.132333
poia_zt_authenticator,PoIA with ZT-Authenticator,120,1630,0.001833,0.01825,1.523375,1.673292,3.219708,3403.219708
poia_zt_authenticator,PoIA with ZT-Authenticator,120,1631,0.001959,0.017667,5.856458,0.130167,6.008917,3406.008917
poia_zt_authenticator,PoIA with ZT-Authenticator,120,1632,0.001959,0.02125,1.672125,1.422292,3.120792,3403.120792
poia_zt_authenticator,PoIA with ZT-Authenticator,120,1633,0.001833,0.018292,3.756541,4.220375,7.999542,3407.999542
poia_zt_authenticator,PoIA with ZT-Authenticator,120,1634,0.001875,0.017417,1.713083,0.140958,1.875791,3401.875791
poia_zt_authenticator,PoIA with ZT-Authenticator,120,1635,0.002541,0.02275,1.990042,0.144083,2.162541,3402.162541
poia_zt_authenticator,PoIA with ZT-Authenticator,120,1636,0.002041,0.017875,11.662667,0.119416,11.804042,3411.804042
poia_zt_authenticator,PoIA with ZT-Authenticator,120,1637,0.001917,0.021375,2.07075,0.134792,2.231458,3402.231458
poia_zt_authenticator,PoIA with ZT-Authenticator,120,1638,0.001834,0.021667,3.512583,0.130334,3.669,3403.669
poia_zt_authenticator,PoIA with ZT-Authenticator,120,1639,0.002583,0.025417,2.062292,0.137542,2.230625,3402.230625
poia_zt_authenticator,PoIA with ZT-Authenticator,120,1640,0.002542,0.022333,1.451333,0.139458,1.61875,3401.61875
poia_zt_authenticator,PoIA with ZT-Authenticator,120,1641,0.001834,0.017625,1.795417,0.13,1.947458,3401.947458
poia_zt_authenticator,PoIA with ZT-Authenticator,120,1642,0.001791,0.017708,3.754583,1.852125,5.62925,3405.62925
poia_zt_authenticator,PoIA with ZT-Authenticator,120,1643,0.001667,0.017625,1.9225,0.128458,2.072667,3402.072667
poia_zt_authenticator,PoIA with ZT-Authenticator,120,1644,0.001833,0.018166,1.005709,0.129125,1.157417,3401.157417
poia_zt_authenticator,PoIA with ZT-Authenticator,120,1645,0.001833,0.017958,1.718958,0.139625,1.880916,3401.880916
poia_zt_authenticator,PoIA with ZT-Authenticator,120,1646,0.001791,0.017958,1.1255,0.1325,1.280292,3401.280292
poia_zt_authenticator,PoIA with ZT-Authenticator,120,1647,0.001541,0.017792,6.887916,0.132875,7.04275,3407.04275
poia_zt_authenticator,PoIA with ZT-Authenticator,120,1648,0.001625,0.017417,3.886083,0.135583,4.04325,3404.04325
poia_zt_authenticator,PoIA with ZT-Authenticator,120,1649,0.002167,0.024166,0.061,1.502542,1.592625,3401.592625
poia_zt_authenticator,PoIA with ZT-Authenticator,120,1650,0.002292,0.022583,0.965167,0.130041,1.122708,3401.122708
poia_zt_authenticator,PoIA with ZT-Authenticator,120,1651,0.001708,0.017833,3.899875,0.131,4.052959,3404.052959
poia_zt_authenticator,PoIA with ZT-Authenticator,120,1652,0.001875,0.018,1.205083,0.128333,1.35575,3401.35575
poia_zt_authenticator,PoIA with ZT-Authenticator,120,1653,0.00175,0.01775,1.654875,0.130375,1.807291,3401.807291
poia_zt_authenticator,PoIA with ZT-Authenticator,120,1654,0.001666,0.017917,3.0925,0.136583,3.25125,3403.25125
poia_zt_authenticator,PoIA with ZT-Authenticator,120,1655,0.001708,0.017208,1.337167,1.823042,3.182167,3403.182167
poia_zt_authenticator,PoIA with ZT-Authenticator,120,1656,0.002,0.021417,3.57575,0.147958,3.749792,3403.749792
poia_zt_authenticator,PoIA with ZT-Authenticator,120,1657,0.002,0.021833,3.941334,0.147375,4.115208,3404.115208
poia_zt_authenticator,PoIA with ZT-Authenticator,120,1658,0.0015,0.017416,2.348125,0.131167,2.500708,3402.500708
poia_zt_authenticator,PoIA with ZT-Authenticator,120,1659,0.001833,0.018042,1.592042,0.176416,1.791417,3401.791417
poia_zt_authenticator,PoIA with ZT-Authenticator,120,1660,0.001708,0.017625,2.453125,0.131792,2.606875,3402.606875
poia_zt_authenticator,PoIA with ZT-Authenticator,120,1661,0.00175,0.0175,3.530541,0.130875,3.683125,3403.683125
poia_zt_authenticator,PoIA with ZT-Authenticator,120,1662,0.001792,0.017583,5.302083,0.147709,5.472,3405.472
poia_zt_authenticator,PoIA with ZT-Authenticator,120,1663,0.001917,0.021416,3.201875,0.131333,3.359041,3403.359041
poia_zt_authenticator,PoIA with ZT-Authenticator,120,1664,0.00175,0.017583,4.9895,2.253417,7.26475,3407.26475
poia_zt_authenticator,PoIA with ZT-Authenticator,120,1665,0.001708,0.019083,1.74025,0.130291,1.893834,3401.893834
poia_zt_authenticator,PoIA with ZT-Authenticator,120,1666,0.00175,0.017875,3.418958,0.129417,3.570375,3403.570375
poia_zt_authenticator,PoIA with ZT-Authenticator,120,1667,0.001541,0.0175,8.990584,0.126917,9.139084,3409.139084
poia_zt_authenticator,PoIA with ZT-Authenticator,120,1668,0.001917,0.018209,1.243,0.136333,1.402,3401.402
poia_zt_authenticator,PoIA with ZT-Authenticator,120,1669,0.001625,0.017625,3.446375,0.130375,3.598584,3403.598584
poia_zt_authenticator,PoIA with ZT-Authenticator,120,1670,0.002041,0.022208,5.765084,1.781833,7.574042,3407.574042
poia_zt_authenticator,PoIA with ZT-Authenticator,120,1671,0.001834,0.018041,1.623166,0.134375,1.779833,3401.779833
poia_zt_authenticator,PoIA with ZT-Authenticator,120,1672,0.001791,0.017667,0.052833,6.488916,6.56375,3406.56375
poia_zt_authenticator,PoIA with ZT-Authenticator,120,1673,0.001667,0.017792,3.646041,0.130667,3.798666,3403.798666
poia_zt_authenticator,PoIA with ZT-Authenticator,120,1674,0.001459,0.018375,2.960417,0.129417,3.112041,3403.112041
poia_zt_authenticator,PoIA with ZT-Authenticator,120,1675,0.001709,0.017791,3.642291,0.132875,3.797209,3403.797209
poia_zt_authenticator,PoIA with ZT-Authenticator,120,1676,0.001791,0.017791,1.808292,0.141959,1.972334,3401.972334
poia_zt_authenticator,PoIA with ZT-Authenticator,120,1677,0.001375,0.017792,5.291583,0.1345,5.447708,3405.447708
poia_zt_authenticator,PoIA with ZT-Authenticator,120,1678,0.001583,0.017291,1.661917,3.469667,5.153167,3405.153167
poia_zt_authenticator,PoIA with ZT-Authenticator,120,1679,0.001709,0.017625,4.686833,0.133083,4.841833,3404.841833
poia_zt_authenticator,PoIA with ZT-Authenticator,120,1680,0.001583,0.017458,2.206458,0.140541,2.368708,3402.368708
poia_zt_authenticator,PoIA with ZT-Authenticator,120,1681,0.001666,0.017583,3.475208,0.128291,3.62525,3403.62525
poia_zt_authenticator,PoIA with ZT-Authenticator,120,1682,0.001583,0.017333,3.397208,0.127667,3.54625,3403.54625
poia_zt_authenticator,PoIA with ZT-Authenticator,120,1683,0.002125,0.019959,3.003083,2.110625,5.138458,3405.138458
poia_zt_authenticator,PoIA with ZT-Authenticator,120,1684,0.001834,0.01775,1.731583,0.137292,1.890958,3401.890958
poia_zt_authenticator,PoIA with ZT-Authenticator,120,1685,0.001667,0.018,0.051125,5.154583,5.22725,3405.22725
poia_zt_authenticator,PoIA with ZT-Authenticator,120,1686,0.00175,0.017292,1.639416,0.128,1.788916,3401.788916
poia_zt_authenticator,PoIA with ZT-Authenticator,120,1687,0.001625,0.017792,1.603459,0.128709,1.754125,3401.754125
poia_zt_authenticator,PoIA with ZT-Authenticator,120,1688,0.001666,0.017542,2.470791,0.127291,2.619792,3402.619792
poia_zt_authenticator,PoIA with ZT-Authenticator,120,1689,0.002417,0.022625,2.375958,0.130375,2.534417,3402.534417
poia_zt_authenticator,PoIA with ZT-Authenticator,120,1690,0.001667,0.018291,5.879709,4.313416,10.216209,3410.216209
poia_zt_authenticator,PoIA with ZT-Authenticator,120,1691,0.001958,0.017458,17.602542,0.131583,17.756334,3417.756334
poia_zt_authenticator,PoIA with ZT-Authenticator,120,1692,0.001709,0.018084,2.122583,1.445333,3.590792,3403.590792
poia_zt_authenticator,PoIA with ZT-Authenticator,120,1693,0.001708,0.017459,2.703125,0.131292,2.856292,3402.856292
poia_zt_authenticator,PoIA with ZT-Authenticator,120,1694,0.001583,0.017292,2.844583,0.134583,3.000708,3403.000708
poia_zt_authenticator,PoIA with ZT-Authenticator,120,1695,0.001708,0.01725,1.738542,0.136375,1.896375,3401.896375
poia_zt_authenticator,PoIA with ZT-Authenticator,120,1696,0.002042,0.028666,2.8705,0.135,3.038875,3403.038875
poia_zt_authenticator,PoIA with ZT-Authenticator,120,1697,0.001792,0.017666,0.050667,0.11875,0.190875,3400.190875
poia_zt_authenticator,PoIA with ZT-Authenticator,120,1698,0.00175,0.017709,1.683417,1.684083,3.389916,3403.389916
poia_zt_authenticator,PoIA with ZT-Authenticator,120,1699,0.001792,0.017416,5.273625,0.131875,5.427209,3405.427209
poia_zt_authenticator,PoIA with ZT-Authenticator,120,1700,0.00175,0.017667,3.482166,7.062958,10.567791,3410.567791
poia_zt_authenticator,PoIA with ZT-Authenticator,120,1701,0.001875,0.01775,1.209125,0.140208,1.371541,3401.371541
poia_zt_authenticator,PoIA with ZT-Authenticator,120,1702,0.001709,0.018458,3.37525,0.130584,3.528625,3403.528625
poia_zt_authenticator,PoIA with ZT-Authenticator,120,1703,0.001833,0.024958,3.485375,0.128542,3.643333,3403.643333
poia_zt_authenticator,PoIA with ZT-Authenticator,120,1704,0.001959,0.022792,0.052417,0.119125,0.198375,3400.198375
poia_zt_authenticator,PoIA with ZT-Authenticator,120,1705,0.00175,0.017625,1.584583,0.131584,1.738125,3401.738125
poia_zt_authenticator,PoIA with ZT-Authenticator,120,1706,0.001708,0.017334,3.209666,0.132625,3.363916,3403.363916
poia_zt_authenticator,PoIA with ZT-Authenticator,120,1707,0.001875,0.017792,1.713458,0.147709,1.883459,3401.883459
poia_zt_authenticator,PoIA with ZT-Authenticator,120,1708,0.001708,0.017208,1.806916,0.127625,1.955958,3401.955958
poia_zt_authenticator,PoIA with ZT-Authenticator,120,1709,0.001792,0.022125,3.051209,4.695291,7.7735,3407.7735
poia_zt_authenticator,PoIA with ZT-Authenticator,120,1710,0.0015,0.017292,1.803334,0.131417,1.956083,3401.956083
poia_zt_authenticator,PoIA with ZT-Authenticator,120,1711,0.001667,0.017625,3.461625,0.140125,3.623667,3403.623667
poia_zt_authenticator,PoIA with ZT-Authenticator,120,1712,0.001583,0.017625,2.972542,0.13175,3.125916,3403.125916
poia_zt_authenticator,PoIA with ZT-Authenticator,120,1713,0.001708,0.017791,3.280792,0.143417,3.44625,3403.44625
poia_zt_authenticator,PoIA with ZT-Authenticator,120,1714,0.00175,0.01725,3.303167,0.135209,3.459959,3403.459959
poia_zt_authenticator,PoIA with ZT-Authenticator,120,1715,0.001625,0.017583,1.733958,0.13125,1.886959,3401.886959
poia_zt_authenticator,PoIA with ZT-Authenticator,120,1716,0.001791,0.021917,5.524458,1.702042,7.251958,3407.251958
poia_zt_authenticator,PoIA with ZT-Authenticator,120,1717,0.001833,0.02225,1.2005,0.129584,1.356667,3401.356667
poia_zt_authenticator,PoIA with ZT-Authenticator,120,1718,0.00175,0.017833,7.292709,0.136459,7.451166,3407.451166
poia_zt_authenticator,PoIA with ZT-Authenticator,120,1719,0.002125,0.023042,1.714625,0.131583,1.874042,3401.874042
poia_zt_authenticator,PoIA with ZT-Authenticator,120,1720,0.002125,0.02625,3.313459,6.354875,9.699959,3409.699959
poia_zt_authenticator,PoIA with ZT-Authenticator,120,1721,0.001833,0.018042,4.995542,0.131334,5.149167,3405.149167
poia_zt_authenticator,PoIA with ZT-Authenticator,120,1722,0.001666,0.017542,4.607042,0.131708,4.760458,3404.760458
poia_zt_authenticator,PoIA with ZT-Authenticator,120,1723,0.00175,0.01775,3.443625,0.129417,3.595041,3403.595041
poia_zt_authenticator,PoIA with ZT-Authenticator,120,1724,0.001625,0.017583,3.46925,0.131792,3.62275,3403.62275
poia_zt_authenticator,PoIA with ZT-Authenticator,120,1725,0.001458,0.017625,1.20975,0.127542,1.358833,3401.358833
poia_zt_authenticator,PoIA with ZT-Authenticator,120,1726,0.001791,0.021667,2.375709,0.147333,2.549167,3402.549167
poia_zt_authenticator,PoIA with ZT-Authenticator,120,1727,0.001667,0.017791,1.4285,0.127917,1.578209,3401.578209
poia_zt_authenticator,PoIA with ZT-Authenticator,120,1728,0.001708,0.03025,1.857208,0.149292,2.041125,3402.041125
poia_zt_authenticator,PoIA with ZT-Authenticator,120,1729,0.001833,0.017667,3.064708,0.13475,3.221458,3403.221458
poia_zt_authenticator,PoIA with ZT-Authenticator,120,1730,0.001667,0.018083,1.721667,0.131875,1.875833,3401.875833
poia_zt_authenticator,PoIA with ZT-Authenticator,120,1731,0.001791,0.020958,6.516417,0.142042,6.683917,3406.683917
poia_zt_authenticator,PoIA with ZT-Authenticator,120,1732,0.001625,0.017458,1.750667,4.956334,6.729208,3406.729208
poia_zt_authenticator,PoIA with ZT-Authenticator,120,1733,0.001792,0.017959,1.491375,1.315083,2.829167,3402.829167
poia_zt_authenticator,PoIA with ZT-Authenticator,120,1734,0.001958,0.01825,2.8775,2.944292,5.845459,3405.845459
poia_zt_authenticator,PoIA with ZT-Authenticator,120,1735,0.001792,0.017625,2.748375,0.1345,2.904958,3402.904958
poia_zt_authenticator,PoIA with ZT-Authenticator,120,1736,0.001542,0.018083,3.596,0.133167,3.751209,3403.751209
poia_zt_authenticator,PoIA with ZT-Authenticator,120,1737,0.001625,0.017334,3.186833,0.127625,3.335833,3403.335833
poia_zt_authenticator,PoIA with ZT-Authenticator,120,1738,0.00175,0.018083,1.661667,0.140875,1.824917,3401.824917
poia_zt_authenticator,PoIA with ZT-Authenticator,120,1739,0.00175,0.017833,1.336417,0.147541,1.506084,3401.506084
poia_zt_authenticator,PoIA with ZT-Authenticator,120,1740,0.002458,0.022417,1.94225,0.1315,2.101958,3402.101958
poia_zt_authenticator,PoIA with ZT-Authenticator,120,1741,0.001708,0.01775,2.760708,0.134375,2.917334,3402.917334
poia_zt_authenticator,PoIA with ZT-Authenticator,120,1742,0.001959,0.021125,1.74925,0.13075,1.905625,3401.905625
poia_zt_authenticator,PoIA with ZT-Authenticator,120,1743,0.001583,0.017833,3.272042,0.145709,3.439709,3403.439709
poia_zt_authenticator,PoIA with ZT-Authenticator,120,1744,0.001625,0.017791,3.721,4.4955,8.238959,3408.238959
poia_zt_authenticator,PoIA with ZT-Authenticator,120,1745,0.001792,0.017958,3.53875,1.990792,5.552541,3405.552541
poia_zt_authenticator,PoIA with ZT-Authenticator,120,1746,0.001625,0.017542,1.736875,0.167875,1.9265,3401.9265
poia_zt_authenticator,PoIA with ZT-Authenticator,120,1747,0.001791,0.018125,4.747,0.132541,4.901625,3404.901625
poia_zt_authenticator,PoIA with ZT-Authenticator,120,1748,0.001666,0.01775,3.683042,11.080542,14.785458,3414.785458
poia_zt_authenticator,PoIA with ZT-Authenticator,120,1749,0.001875,0.017625,8.446708,3.608,12.077291,3412.077291
poia_zt_authenticator,PoIA with ZT-Authenticator,120,1750,0.001625,0.017167,1.6935,0.12725,1.842,3401.842
poia_zt_authenticator,PoIA with ZT-Authenticator,120,1751,0.00125,0.017625,1.082916,3.372334,4.477125,3404.477125
poia_zt_authenticator,PoIA with ZT-Authenticator,120,1752,0.002292,0.023042,1.727625,0.19825,1.954459,3401.954459
poia_zt_authenticator,PoIA with ZT-Authenticator,120,1753,0.002125,0.018458,1.770542,0.131916,1.925709,3401.925709
poia_zt_authenticator,PoIA with ZT-Authenticator,120,1754,0.002041,0.021625,3.09125,0.132708,3.25025,3403.25025
poia_zt_authenticator,PoIA with ZT-Authenticator,120,1755,0.001834,0.019584,2.011125,0.130833,2.165916,3402.165916
poia_zt_authenticator,PoIA with ZT-Authenticator,120,1756,0.001709,0.017625,4.701708,0.133875,4.857375,3404.857375
poia_zt_authenticator,PoIA with ZT-Authenticator,120,1757,0.001583,0.017459,1.989416,0.130917,2.141875,3402.141875
poia_zt_authenticator,PoIA with ZT-Authenticator,120,1758,0.001792,0.018,10.847792,0.134,11.004208,3411.004208
poia_zt_authenticator,PoIA with ZT-Authenticator,120,1759,0.002625,0.027459,1.252,0.128791,1.413875,3401.413875
poia_zt_authenticator,PoIA with ZT-Authenticator,120,1760,0.002459,0.030583,1.505125,0.131333,1.672542,3401.672542
poia_zt_authenticator,PoIA with ZT-Authenticator,120,1761,0.001708,0.017709,1.267792,0.135417,1.425083,3401.425083
poia_zt_authenticator,PoIA with ZT-Authenticator,120,1762,0.001667,0.017791,1.824292,0.131416,1.977708,3401.977708
poia_zt_authenticator,PoIA with ZT-Authenticator,120,1763,0.001959,0.021667,3.4935,0.135709,3.655375,3403.655375
poia_zt_authenticator,PoIA with ZT-Authenticator,120,1764,0.001708,0.017625,1.225917,3.584792,4.8325,3404.8325
poia_zt_authenticator,PoIA with ZT-Authenticator,120,1765,0.001792,0.0175,5.14725,0.130958,5.300083,3405.300083
poia_zt_authenticator,PoIA with ZT-Authenticator,120,1766,0.001667,0.017834,1.424833,0.132,1.578875,3401.578875
poia_zt_authenticator,PoIA with ZT-Authenticator,120,1767,0.002041,0.021958,6.8995,0.131084,7.057083,3407.057083
poia_zt_authenticator,PoIA with ZT-Authenticator,120,1768,0.001792,0.017541,0.0505,0.129834,0.201542,3400.201542
poia_zt_authenticator,PoIA with ZT-Authenticator,120,1769,0.001875,0.018458,1.270167,2.491375,3.784959,3403.784959
poia_zt_authenticator,PoIA with ZT-Authenticator,120,1770,0.001959,0.021542,3.5655,1.835458,5.427583,3405.427583
poia_zt_authenticator,PoIA with ZT-Authenticator,120,1771,0.001666,0.017292,1.943833,0.121,2.08575,3402.08575
poia_zt_authenticator,PoIA with ZT-Authenticator,120,1772,0.001709,0.017584,6.658916,0.134,6.814708,3406.814708
poia_zt_authenticator,PoIA with ZT-Authenticator,120,1773,0.002,0.021584,1.754875,0.132292,1.913292,3401.913292
poia_zt_authenticator,PoIA with ZT-Authenticator,120,1774,0.001708,0.017625,1.800792,0.145791,1.968458,3401.968458
poia_zt_authenticator,PoIA with ZT-Authenticator,120,1775,0.002542,0.033833,7.676584,0.1365,7.852208,3407.852208
poia_zt_authenticator,PoIA with ZT-Authenticator,120,1776,0.001667,0.017875,6.944791,0.133458,7.100291,3407.100291
poia_zt_authenticator,PoIA with ZT-Authenticator,120,1777,0.001875,0.018459,1.26225,0.133166,1.418333,3401.418333
poia_zt_authenticator,PoIA with ZT-Authenticator,120,1778,0.001666,0.017333,6.896917,0.940167,7.85925,3407.85925
poia_zt_authenticator,PoIA with ZT-Authenticator,120,1779,0.001875,0.018458,3.494791,0.130917,3.648666,3403.648666
poia_zt_authenticator,PoIA with ZT-Authenticator,120,1780,0.00175,0.017667,1.875416,0.134708,2.032166,3402.032166
poia_zt_authenticator,PoIA with ZT-Authenticator,120,1781,0.002083,0.023209,1.237083,0.130583,1.395708,3401.395708
poia_zt_authenticator,PoIA with ZT-Authenticator,120,1782,0.001917,0.021,9.343625,10.098958,19.468583,3419.468583
poia_zt_authenticator,PoIA with ZT-Authenticator,120,1783,0.002125,0.021958,3.079625,0.129,3.235167,3403.235167
poia_zt_authenticator,PoIA with ZT-Authenticator,120,1784,0.001709,0.017542,1.512458,4.959125,6.494042,3406.494042
poia_zt_authenticator,PoIA with ZT-Authenticator,120,1785,0.002083,0.022334,3.033041,0.131459,3.1915,3403.1915
poia_zt_authenticator,PoIA with ZT-Authenticator,120,1786,0.00225,0.026334,2.727583,0.147083,2.906,3402.906
poia_zt_authenticator,PoIA with ZT-Authenticator,120,1787,0.001708,0.017791,5.83375,0.163417,6.020292,3406.020292
poia_zt_authenticator,PoIA with ZT-Authenticator,120,1788,0.002084,0.021458,1.481125,0.128208,1.635375,3401.635375
poia_zt_authenticator,PoIA with ZT-Authenticator,120,1789,0.001709,0.017583,4.341167,2.093542,6.457083,3406.457083
poia_zt_authenticator,PoIA with ZT-Authenticator,120,1790,0.001542,0.017666,1.290333,1.218875,2.531375,3402.531375
poia_zt_authenticator,PoIA with ZT-Authenticator,120,1791,0.001625,0.017625,1.81025,0.130916,1.962958,3401.962958
poia_zt_authenticator,PoIA with ZT-Authenticator,120,1792,0.001792,0.01775,3.069709,0.144083,3.236,3403.236
poia_zt_authenticator,PoIA with ZT-Authenticator,120,1793,0.001834,0.025292,3.119916,0.133417,3.283125,3403.283125
poia_zt_authenticator,PoIA with ZT-Authenticator,120,1794,0.002791,0.029375,1.2025,0.15075,1.38825,3401.38825
poia_zt_authenticator,PoIA with ZT-Authenticator,120,1795,0.00175,0.017958,3.541667,0.131708,3.695708,3403.695708
poia_zt_authenticator,PoIA with ZT-Authenticator,120,1796,0.001833,0.017708,3.062292,0.138459,3.222834,3403.222834
poia_zt_authenticator,PoIA with ZT-Authenticator,120,1797,0.001667,0.029417,5.833167,0.132167,5.998959,3405.998959
poia_zt_authenticator,PoIA with ZT-Authenticator,120,1798,0.001667,0.017959,2.946,0.134084,3.102375,3403.102375
poia_zt_authenticator,PoIA with ZT-Authenticator,120,1799,0.00175,0.018375,10.821708,0.135584,10.979959,3410.979959
poia_zt_authenticator,PoIA with ZT-Authenticator,120,1800,0.003041,0.023667,1.630625,1.685583,3.346584,3403.346584
poia_zt_authenticator,PoIA with ZT-Authenticator,120,1801,0.001875,0.018,1.580916,0.132875,1.736375,3401.736375
poia_zt_authenticator,PoIA with ZT-Authenticator,120,1802,0.002709,0.028,1.902458,0.146125,2.082541,3402.082541
poia_zt_authenticator,PoIA with ZT-Authenticator,120,1803,0.001375,0.01725,0.048084,0.118625,0.187042,3400.187042
poia_zt_authenticator,PoIA with ZT-Authenticator,120,1804,0.001708,0.0185,10.835375,0.154417,11.012625,3411.012625
poia_zt_authenticator,PoIA with ZT-Authenticator,120,1805,0.00175,0.017584,3.576041,0.131959,3.729875,3403.729875
poia_zt_authenticator,PoIA with ZT-Authenticator,120,1806,0.001667,0.017625,1.545209,0.128417,1.695416,3401.695416
poia_zt_authenticator,PoIA with ZT-Authenticator,120,1807,0.001708,0.017583,5.260541,0.130875,5.41325,3405.41325
poia_zt_authenticator,PoIA with ZT-Authenticator,120,1808,0.001709,0.019209,3.5085,0.141834,3.673916,3403.673916
poia_zt_authenticator,PoIA with ZT-Authenticator,120,1809,0.001709,0.0175,0.053209,0.119792,0.194166,3400.194166
poia_zt_authenticator,PoIA with ZT-Authenticator,120,1810,0.002042,0.021667,1.815667,0.131209,1.973292,3401.973292
poia_zt_authenticator,PoIA with ZT-Authenticator,120,1811,0.002041,0.020875,1.803375,0.126792,1.955542,3401.955542
poia_zt_authenticator,PoIA with ZT-Authenticator,120,1812,0.001667,0.018042,2.996791,0.154125,3.173333,3403.173333
poia_zt_authenticator,PoIA with ZT-Authenticator,120,1813,0.001708,0.017708,3.555167,0.137584,3.71475,3403.71475
poia_zt_authenticator,PoIA with ZT-Authenticator,120,1814,0.001584,0.017208,3.446792,0.130875,3.598875,3403.598875
poia_zt_authenticator,PoIA with ZT-Authenticator,120,1815,0.001709,0.017625,1.32075,0.131792,1.474375,3401.474375
poia_zt_authenticator,PoIA with ZT-Authenticator,120,1816,0.001708,0.017875,3.796125,3.479208,7.298167,3407.298167
poia_zt_authenticator,PoIA with ZT-Authenticator,120,1817,0.002791,0.029291,3.606666,3.45375,7.096166,3407.096166
poia_zt_authenticator,PoIA with ZT-Authenticator,120,1818,0.001916,0.017917,1.213708,0.1305,1.366542,3401.366542
poia_zt_authenticator,PoIA with ZT-Authenticator,120,1819,0.001958,0.021,5.408041,3.053959,8.488042,3408.488042
poia_zt_authenticator,PoIA with ZT-Authenticator,120,1820,0.001833,0.018166,2.856083,0.136791,3.015583,3403.015583
poia_zt_authenticator,PoIA with ZT-Authenticator,120,1821,0.001708,0.017791,2.45025,0.14175,2.614334,3402.614334
poia_zt_authenticator,PoIA with ZT-Authenticator,120,1822,0.001958,0.018833,3.640375,0.132875,3.796791,3403.796791
poia_zt_authenticator,PoIA with ZT-Authenticator,120,1823,0.001583,0.017583,5.273375,0.130916,5.425958,3405.425958
poia_zt_authenticator,PoIA with ZT-Authenticator,120,1824,0.001916,0.021458,0.065334,0.120458,0.21125,3400.21125
poia_zt_authenticator,PoIA with ZT-Authenticator,120,1825,0.001709,0.017458,1.511792,0.128458,1.66175,3401.66175
poia_zt_authenticator,PoIA with ZT-Authenticator,120,1826,0.001458,0.017292,5.011792,0.146208,5.179292,3405.179292
poia_zt_authenticator,PoIA with ZT-Authenticator,120,1827,0.001958,0.021042,1.646417,0.130875,1.802709,3401.802709
poia_zt_authenticator,PoIA with ZT-Authenticator,120,1828,0.001666,0.017584,1.990083,0.134,2.145792,3402.145792
poia_zt_authenticator,PoIA with ZT-Authenticator,120,1829,0.001333,0.028625,1.832834,1.845,3.710792,3403.710792
poia_zt_authenticator,PoIA with ZT-Authenticator,120,1830,0.001833,0.018042,9.523208,0.135167,9.680834,3409.680834
poia_zt_authenticator,PoIA with ZT-Authenticator,120,1831,0.001916,0.024,4.474875,0.130584,4.634,3404.634
poia_zt_authenticator,PoIA with ZT-Authenticator,120,1832,0.002125,0.021917,4.263458,0.254958,4.545167,3404.545167
poia_zt_authenticator,PoIA with ZT-Authenticator,120,1833,0.001833,0.028708,6.94875,0.144417,7.12625,3407.12625
poia_zt_authenticator,PoIA with ZT-Authenticator,120,1834,0.001875,0.018584,1.134791,0.131,1.288834,3401.288834
poia_zt_authenticator,PoIA with ZT-Authenticator,120,1835,0.001708,0.017625,3.700334,1.424416,5.146334,3405.146334
poia_zt_authenticator,PoIA with ZT-Authenticator,120,1836,0.001875,0.01775,0.051833,0.122458,0.195833,3400.195833
poia_zt_authenticator,PoIA with ZT-Authenticator,120,1837,0.001458,0.02875,2.869958,0.140209,3.042833,3403.042833
poia_zt_authenticator,PoIA with ZT-Authenticator,120,1838,0.002,0.021042,1.723208,0.130834,1.879583,3401.879583
poia_zt_authenticator,PoIA with ZT-Authenticator,120,1839,0.001916,0.035083,2.75575,0.131166,2.92675,3402.92675
poia_zt_authenticator,PoIA with ZT-Authenticator,120,1840,0.001834,0.021709,1.657625,0.128833,1.812625,3401.812625
poia_zt_authenticator,PoIA with ZT-Authenticator,120,1841,0.001667,0.017625,1.570333,0.142083,1.734375,3401.734375
poia_zt_authenticator,PoIA with ZT-Authenticator,120,1842,0.001834,0.017875,3.6445,0.132,3.798833,3403.798833
poia_zt_authenticator,PoIA with ZT-Authenticator,120,1843,0.001666,0.017584,5.815708,0.131916,5.969375,3405.969375
poia_zt_authenticator,PoIA with ZT-Authenticator,120,1844,0.001958,0.022834,1.038833,0.136792,1.203042,3401.203042
poia_zt_authenticator,PoIA with ZT-Authenticator,120,1845,0.001625,0.017875,1.135,1.429916,2.5875,3402.5875
poia_zt_authenticator,PoIA with ZT-Authenticator,120,1846,0.001833,0.017666,2.960042,0.146292,3.128458,3403.128458
poia_zt_authenticator,PoIA with ZT-Authenticator,120,1847,0.001334,0.017542,1.961208,0.131625,2.114041,3402.114041
poia_zt_authenticator,PoIA with ZT-Authenticator,120,1848,0.001708,0.017584,0.050583,0.118,0.189667,3400.189667
poia_zt_authenticator,PoIA with ZT-Authenticator,120,1849,0.002,0.0215,1.698958,3.567334,5.292916,3405.292916
poia_zt_authenticator,PoIA with ZT-Authenticator,120,1850,0.002125,0.022375,1.544083,0.131542,1.702792,3401.702792
poia_zt_authenticator,PoIA with ZT-Authenticator,120,1851,0.00175,0.021375,1.49175,0.126875,1.644208,3401.644208
poia_zt_authenticator,PoIA with ZT-Authenticator,120,1852,0.002,0.018959,4.997666,0.135584,5.156833,3405.156833
poia_zt_authenticator,PoIA with ZT-Authenticator,120,1853,0.002,0.018458,1.658875,0.130583,1.812584,3401.812584
poia_zt_authenticator,PoIA with ZT-Authenticator,120,1854,0.00175,0.017625,3.414041,0.128959,3.564834,3403.564834
poia_zt_authenticator,PoIA with ZT-Authenticator,120,1855,0.001792,0.017667,3.642208,0.15,3.814625,3403.814625
poia_zt_authenticator,PoIA with ZT-Authenticator,120,1856,0.001875,0.017917,3.771,3.525084,7.319042,3407.319042
poia_zt_authenticator,PoIA with ZT-Authenticator,120,1857,0.002708,0.022333,1.77175,0.132292,1.932334,3401.932334
poia_zt_authenticator,PoIA with ZT-Authenticator,120,1858,0.001917,0.02175,0.056708,0.11975,0.202083,3400.202083
poia_zt_authenticator,PoIA with ZT-Authenticator,120,1859,0.001541,0.017292,1.182,0.142584,1.346167,3401.346167
poia_zt_authenticator,PoIA with ZT-Authenticator,120,1860,0.002042,0.023041,7.090042,0.132292,7.250042,3407.250042
poia_zt_authenticator,PoIA with ZT-Authenticator,120,1861,0.001875,0.017709,1.827,0.131333,1.980416,3401.980416
poia_zt_authenticator,PoIA with ZT-Authenticator,120,1862,0.001708,0.017167,1.689917,0.132459,1.843875,3401.843875
poia_zt_authenticator,PoIA with ZT-Authenticator,120,1863,0.001875,0.020125,3.049334,0.129458,3.203375,3403.203375
poia_zt_authenticator,PoIA with ZT-Authenticator,120,1864,0.002666,0.022542,0.059583,0.118958,0.20625,3400.20625
poia_zt_authenticator,PoIA with ZT-Authenticator,120,1865,0.0015,0.01725,1.541417,0.14425,1.706833,3401.706833
poia_zt_authenticator,PoIA with ZT-Authenticator,120,1866,0.001875,0.01925,3.020208,7.336375,10.380792,3410.380792
poia_zt_authenticator,PoIA with ZT-Authenticator,120,1867,0.001667,0.017833,3.966,0.13225,4.120209,3404.120209
poia_zt_authenticator,PoIA with ZT-Authenticator,120,1868,0.002166,0.021875,1.278459,1.264917,2.585208,3402.585208
poia_zt_authenticator,PoIA with ZT-Authenticator,120,1869,0.001666,0.017583,4.311708,0.129,4.462333,3404.462333
poia_zt_authenticator,PoIA with ZT-Authenticator,120,1870,0.001792,0.01775,9.284458,0.146417,9.453292,3409.453292
poia_zt_authenticator,PoIA with ZT-Authenticator,120,1871,0.00175,0.01775,1.284875,0.134417,1.441333,3401.441333
poia_zt_authenticator,PoIA with ZT-Authenticator,120,1872,0.001833,0.01825,10.423542,0.137916,10.584208,3410.584208
poia_zt_authenticator,PoIA with ZT-Authenticator,120,1873,0.00175,0.018041,3.52375,0.127667,3.673667,3403.673667
poia_zt_authenticator,PoIA with ZT-Authenticator,120,1874,0.001666,0.017875,2.337333,0.123333,2.48225,3402.48225
poia_zt_authenticator,PoIA with ZT-Authenticator,120,1875,0.001833,0.022166,3.568375,0.130125,3.725166,3403.725166
poia_zt_authenticator,PoIA with ZT-Authenticator,120,1876,0.00175,0.0175,1.763708,2.5015,4.287458,3404.287458
poia_zt_authenticator,PoIA with ZT-Authenticator,120,1877,0.002,0.018833,3.775917,10.388584,14.188708,3414.188708
poia_zt_authenticator,PoIA with ZT-Authenticator,120,1878,0.001917,0.017834,0.051375,0.123583,0.196625,3400.196625
poia_zt_authenticator,PoIA with ZT-Authenticator,120,1879,0.002916,0.02725,9.210709,0.131584,9.375584,3409.375584
poia_zt_authenticator,PoIA with ZT-Authenticator,120,1880,0.001667,0.017875,3.373208,0.131667,3.526917,3403.526917
poia_zt_authenticator,PoIA with ZT-Authenticator,120,1881,0.001334,0.017334,2.635125,0.127542,2.783583,3402.783583
poia_zt_authenticator,PoIA with ZT-Authenticator,120,1882,0.001875,0.01775,3.175042,0.13375,3.330917,3403.330917
poia_zt_authenticator,PoIA with ZT-Authenticator,120,1883,0.00175,0.017417,0.104584,0.147125,0.273458,3400.273458
poia_zt_authenticator,PoIA with ZT-Authenticator,120,1884,0.001667,0.01775,7.25625,0.130667,7.408875,3407.408875
poia_zt_authenticator,PoIA with ZT-Authenticator,120,1885,0.001708,0.01725,2.210875,0.126833,2.359125,3402.359125
poia_zt_authenticator,PoIA with ZT-Authenticator,120,1886,0.001958,0.021625,3.439667,1.676875,5.143125,3405.143125
poia_zt_authenticator,PoIA with ZT-Authenticator,120,1887,0.00175,0.018084,3.0005,0.134042,3.156833,3403.156833
poia_zt_authenticator,PoIA with ZT-Authenticator,120,1888,0.002083,0.021334,5.707334,0.131416,5.864916,3405.864916
poia_zt_authenticator,PoIA with ZT-Authenticator,120,1889,0.002,0.021584,1.272291,0.141709,1.44025,3401.44025
poia_zt_authenticator,PoIA with ZT-Authenticator,120,1890,0.001917,0.021042,1.697209,0.128292,1.850916,3401.850916
poia_zt_authenticator,PoIA with ZT-Authenticator,120,1891,0.0025,0.023084,2.341208,0.151334,2.521458,3402.521458
poia_zt_authenticator,PoIA with ZT-Authenticator,120,1892,0.00175,0.017375,1.831667,0.130333,1.983625,3401.983625
poia_zt_authenticator,PoIA with ZT-Authenticator,120,1893,0.001709,0.018,0.050458,1.2895,1.362041,3401.362041
poia_zt_authenticator,PoIA with ZT-Authenticator,120,1894,0.001791,0.017708,3.070042,0.14775,3.239958,3403.239958
poia_zt_authenticator,PoIA with ZT-Authenticator,120,1895,0.001667,0.017417,2.652292,0.127375,2.801209,3402.801209
poia_zt_authenticator,PoIA with ZT-Authenticator,120,1896,0.001833,0.017958,2.003542,0.12825,2.154083,3402.154083
poia_zt_authenticator,PoIA with ZT-Authenticator,120,1897,0.001708,0.017583,3.298875,0.130834,3.451542,3403.451542
poia_zt_authenticator,PoIA with ZT-Authenticator,120,1898,0.001625,0.017875,1.712709,0.142666,1.877458,3401.877458
poia_zt_authenticator,PoIA with ZT-Authenticator,120,1899,0.001625,0.017417,1.62925,0.127584,1.778333,3401.778333
poia_zt_authenticator,PoIA with ZT-Authenticator,120,1900,0.00175,0.018083,1.540792,0.131792,1.695,3401.695
poia_zt_authenticator,PoIA with ZT-Authenticator,120,1901,0.001708,0.0175,3.097042,1.376375,4.495584,3404.495584
poia_zt_authenticator,PoIA with ZT-Authenticator,120,1902,0.001666,0.017417,2.285458,0.129167,2.435583,3402.435583
poia_zt_authenticator,PoIA with ZT-Authenticator,120,1903,0.00175,0.018041,4.267917,0.141625,4.431916,3404.431916
poia_zt_authenticator,PoIA with ZT-Authenticator,120,1904,0.001625,0.01775,6.23175,0.13225,6.385833,3406.385833
poia_zt_authenticator,PoIA with ZT-Authenticator,120,1905,0.002042,0.02175,2.790709,0.131125,2.94825,3402.94825
poia_zt_authenticator,PoIA with ZT-Authenticator,120,1906,0.001917,0.021791,2.593959,0.131292,2.751542,3402.751542
poia_zt_authenticator,PoIA with ZT-Authenticator,120,1907,0.001708,0.01775,2.254917,0.131708,2.408583,3402.408583
poia_zt_authenticator,PoIA with ZT-Authenticator,120,1908,0.001791,0.018208,6.876667,0.134667,7.033875,3407.033875
poia_zt_authenticator,PoIA with ZT-Authenticator,120,1909,0.001791,0.018125,2.008209,0.131542,2.162375,3402.162375
poia_zt_authenticator,PoIA with ZT-Authenticator,120,1910,0.00175,0.017709,2.997708,0.133709,3.153417,3403.153417
poia_zt_authenticator,PoIA with ZT-Authenticator,120,1911,0.001667,0.0175,6.758,0.1345,6.914167,3406.914167
poia_zt_authenticator,PoIA with ZT-Authenticator,120,1912,0.001833,0.017083,8.958417,0.129541,9.109292,3409.109292
poia_zt_authenticator,PoIA with ZT-Authenticator,120,1913,0.002166,0.019542,1.79975,0.132917,1.956709,3401.956709
poia_zt_authenticator,PoIA with ZT-Authenticator,120,1914,0.001916,0.017917,1.592,0.13275,1.747167,3401.747167
poia_zt_authenticator,PoIA with ZT-Authenticator,120,1915,0.002709,0.022833,1.946083,0.14375,2.118542,3402.118542
poia_zt_authenticator,PoIA with ZT-Authenticator,120,1916,0.001667,0.017583,4.124958,0.1315,4.278333,3404.278333
poia_zt_authenticator,PoIA with ZT-Authenticator,120,1917,0.001541,0.0175,3.271959,0.1415,3.434958,3403.434958
poia_zt_authenticator,PoIA with ZT-Authenticator,120,1918,0.00175,0.0175,6.529708,11.106125,17.658583,3417.658583
poia_zt_authenticator,PoIA with ZT-Authenticator,120,1919,0.001834,0.017667,3.317958,0.133583,3.473833,3403.473833
poia_zt_authenticator,PoIA with ZT-Authenticator,120,1920,0.00225,0.0225,0.069375,0.136417,0.23275,3400.23275
poia_zt_authenticator,PoIA with ZT-Authenticator,120,1921,0.001875,0.021375,1.6995,0.127459,1.85275,3401.85275
poia_zt_authenticator,PoIA with ZT-Authenticator,120,1922,0.001667,0.018084,2.754,0.128958,2.905208,3402.905208
poia_zt_authenticator,PoIA with ZT-Authenticator,120,1923,0.001666,0.017625,4.757792,0.132333,4.912,3404.912
poia_zt_authenticator,PoIA with ZT-Authenticator,120,1924,0.002208,0.022166,1.623584,0.135083,1.785583,3401.785583
poia_zt_authenticator,PoIA with ZT-Authenticator,120,1925,0.002042,0.022084,8.380791,1.843125,10.251375,3410.251375
poia_zt_authenticator,PoIA with ZT-Authenticator,120,1926,0.001833,0.017583,3.514042,0.130125,3.66625,3403.66625
poia_zt_authenticator,PoIA with ZT-Authenticator,120,1927,0.002459,0.026917,1.678834,3.359209,5.070958,3405.070958
poia_zt_authenticator,PoIA with ZT-Authenticator,120,1928,0.001666,0.01825,1.946083,0.132125,2.100834,3402.100834
poia_zt_authenticator,PoIA with ZT-Authenticator,120,1929,0.001958,0.018375,8.478917,0.128167,8.629958,3408.629958
poia_zt_authenticator,PoIA with ZT-Authenticator,120,1930,0.001667,0.017584,1.583083,0.126834,1.731667,3401.731667
poia_zt_authenticator,PoIA with ZT-Authenticator,120,1931,0.001667,0.017958,10.988584,0.116375,11.126333,3411.126333
poia_zt_authenticator,PoIA with ZT-Authenticator,120,1932,0.001875,0.017917,1.56225,0.131875,1.716542,3401.716542
poia_zt_authenticator,PoIA with ZT-Authenticator,120,1933,0.001625,0.0175,7.801584,0.131,7.954292,3407.954292
poia_zt_authenticator,PoIA with ZT-Authenticator,120,1934,0.002,0.02175,1.521292,0.132,1.6795,3401.6795
poia_zt_authenticator,PoIA with ZT-Authenticator,120,1935,0.00175,0.036041,1.809292,0.129375,1.979208,3401.979208
poia_zt_authenticator,PoIA with ZT-Authenticator,120,1936,0.002917,0.028291,1.813125,8.386167,10.233958,3410.233958
poia_zt_authenticator,PoIA with ZT-Authenticator,120,1937,0.002041,0.022666,6.955125,0.134834,7.117334,3407.117334
poia_zt_authenticator,PoIA with ZT-Authenticator,120,1938,0.001834,0.017834,1.571958,2.30175,3.900208,3403.900208
poia_zt_authenticator,PoIA with ZT-Authenticator,120,1939,0.001917,0.021542,2.996708,0.136208,3.158958,3403.158958
poia_zt_authenticator,PoIA with ZT-Authenticator,120,1940,0.0025,0.037125,2.842709,3.789875,6.676084,3406.676084
poia_zt_authenticator,PoIA with ZT-Authenticator,120,1941,0.001875,0.018666,0.727166,0.122292,0.872083,3400.872083
poia_zt_authenticator,PoIA with ZT-Authenticator,120,1942,0.004083,0.044625,3.300875,2.673958,6.028084,3406.028084
poia_zt_authenticator,PoIA with ZT-Authenticator,120,1943,0.001375,0.017791,1.958166,0.195375,2.176875,3402.176875
poia_zt_authenticator,PoIA with ZT-Authenticator,120,1944,0.003125,0.023292,2.277541,2.176042,4.483625,3404.483625
poia_zt_authenticator,PoIA with ZT-Authenticator,120,1945,0.001709,0.01825,2.097083,0.131625,2.251208,3402.251208
poia_zt_authenticator,PoIA with ZT-Authenticator,120,1946,0.002125,0.021958,3.677791,0.132625,3.837041,3403.837041
poia_zt_authenticator,PoIA with ZT-Authenticator,120,1947,0.001792,0.018125,1.981041,0.1385,2.141875,3402.141875
poia_zt_authenticator,PoIA with ZT-Authenticator,120,1948,0.001666,0.021542,1.65775,0.146375,1.830042,3401.830042
poia_zt_authenticator,PoIA with ZT-Authenticator,120,1949,0.002708,0.022959,0.47975,0.599958,1.108417,3401.108417
poia_zt_authenticator,PoIA with ZT-Authenticator,120,1950,0.004625,0.071958,2.859709,0.137084,3.077583,3403.077583
poia_zt_authenticator,PoIA with ZT-Authenticator,120,1951,0.002083,0.022084,1.043667,1.302541,2.375542,3402.375542
poia_zt_authenticator,PoIA with ZT-Authenticator,120,1952,0.002,0.019459,2.26925,0.157709,2.451209,3402.451209
poia_zt_authenticator,PoIA with ZT-Authenticator,120,1953,0.001584,0.018209,0.846416,0.142666,1.011625,3401.011625
poia_zt_authenticator,PoIA with ZT-Authenticator,120,1954,0.002042,0.021,3.623459,3.163042,6.815417,3406.815417
poia_zt_authenticator,PoIA with ZT-Authenticator,120,1955,0.0025,0.023791,2.17725,2.187375,4.394291,3404.394291
poia_zt_authenticator,PoIA with ZT-Authenticator,120,1956,0.003291,0.028375,1.516667,0.132916,1.684459,3401.684459
poia_zt_authenticator,PoIA with ZT-Authenticator,120,1957,0.002125,0.019292,5.127583,0.122834,5.273875,3405.273875
poia_zt_authenticator,PoIA with ZT-Authenticator,120,1958,0.001875,0.023,0.068292,4.667541,4.76325,3404.76325
poia_zt_authenticator,PoIA with ZT-Authenticator,120,1959,0.002541,0.023166,1.303292,0.145416,1.477625,3401.477625
poia_zt_authenticator,PoIA with ZT-Authenticator,120,1960,0.00275,0.022833,3.101417,0.183,3.313458,3403.313458
poia_zt_authenticator,PoIA with ZT-Authenticator,120,1961,0.002125,0.018875,1.333333,0.140334,1.497709,3401.497709
poia_zt_authenticator,PoIA with ZT-Authenticator,120,1962,0.001833,0.018125,5.107083,0.143125,5.273083,3405.273083
poia_zt_authenticator,PoIA with ZT-Authenticator,120,1963,0.001958,0.020416,0.057458,4.466,4.547791,3404.547791
poia_zt_authenticator,PoIA with ZT-Authenticator,120,1964,0.004458,0.047958,7.572917,0.194958,7.825291,3407.825291
poia_zt_authenticator,PoIA with ZT-Authenticator,120,1965,0.006209,0.056333,1.82225,0.133792,2.022542,3402.022542
poia_zt_authenticator,PoIA with ZT-Authenticator,120,1966,0.001625,0.017417,2.647583,2.724292,5.393791,3405.393791
poia_zt_authenticator,PoIA with ZT-Authenticator,120,1967,0.001958,0.021292,1.593292,0.1335,1.752667,3401.752667
poia_zt_authenticator,PoIA with ZT-Authenticator,120,1968,0.002958,0.029458,0.068916,7.016708,7.123375,3407.123375
poia_zt_authenticator,PoIA with ZT-Authenticator,120,1969,0.003167,0.03925,3.181959,0.141083,3.384667,3403.384667
poia_zt_authenticator,PoIA with ZT-Authenticator,120,1970,0.001875,0.017875,3.323958,0.133375,3.479709,3403.479709
poia_zt_authenticator,PoIA with ZT-Authenticator,120,1971,0.002375,0.026958,1.459625,0.133542,1.625291,3401.625291
poia_zt_authenticator,PoIA with ZT-Authenticator,120,1972,0.001875,0.018125,2.687792,0.147375,2.857625,3402.857625
poia_zt_authenticator,PoIA with ZT-Authenticator,120,1973,0.002041,0.021959,4.504041,0.134625,4.665208,3404.665208
poia_zt_authenticator,PoIA with ZT-Authenticator,120,1974,0.001834,0.018166,3.117041,0.220708,3.363416,3403.363416
poia_zt_authenticator,PoIA with ZT-Authenticator,120,1975,0.001792,0.021541,1.670167,0.133875,1.830166,3401.830166
poia_zt_authenticator,PoIA with ZT-Authenticator,120,1976,0.002292,0.022958,0.075875,13.192792,13.296625,3413.296625
poia_zt_authenticator,PoIA with ZT-Authenticator,120,1977,0.001916,0.017625,4.339958,0.132583,4.494792,3404.494792
poia_zt_authenticator,PoIA with ZT-Authenticator,120,1978,0.002375,0.076875,6.667791,4.153,10.90325,3410.90325
poia_zt_authenticator,PoIA with ZT-Authenticator,120,1979,0.002083,0.018083,1.799625,2.1395,3.962458,3403.962458
poia_zt_authenticator,PoIA with ZT-Authenticator,120,1980,0.001875,0.020917,4.682583,1.228583,5.936042,3405.936042
poia_zt_authenticator,PoIA with ZT-Authenticator,120,1981,0.001875,0.018458,1.215083,0.134042,1.372,3401.372
poia_zt_authenticator,PoIA with ZT-Authenticator,120,1982,0.002208,0.024166,3.263542,0.135166,3.428084,3403.428084
poia_zt_authenticator,PoIA with ZT-Authenticator,120,1983,0.0025,0.020833,0.271666,2.896709,3.194709,3403.194709
poia_zt_authenticator,PoIA with ZT-Authenticator,120,1984,0.00275,0.029,0.410542,0.269209,0.71575,3400.71575
poia_zt_authenticator,PoIA with ZT-Authenticator,120,1985,0.001958,0.018208,3.502709,0.134459,3.659916,3403.659916
poia_zt_authenticator,PoIA with ZT-Authenticator,120,1986,0.002709,0.023917,1.486292,2.434459,3.951584,3403.951584
poia_zt_authenticator,PoIA with ZT-Authenticator,120,1987,0.001375,0.017541,5.066417,0.133667,5.221417,3405.221417
poia_zt_authenticator,PoIA with ZT-Authenticator,120,1988,0.002459,0.025959,0.067875,0.588583,0.687875,3400.687875
poia_zt_authenticator,PoIA with ZT-Authenticator,120,1989,0.00175,0.018292,3.690167,0.149208,3.861958,3403.861958
poia_zt_authenticator,PoIA with ZT-Authenticator,120,1990,0.001917,0.017709,1.535166,0.131583,1.689083,3401.689083
poia_zt_authenticator,PoIA with ZT-Authenticator,120,1991,0.001917,0.017917,0.053125,2.002375,2.078125,3402.078125
poia_zt_authenticator,PoIA with ZT-Authenticator,120,1992,0.001625,0.017792,0.050542,1.710041,1.782458,3401.782458
poia_zt_authenticator,PoIA with ZT-Authenticator,120,1993,0.002958,0.026958,0.825125,0.133625,0.991917,3400.991917
poia_zt_authenticator,PoIA with ZT-Authenticator,120,1994,0.00175,0.017875,1.833,0.1535,2.00875,3402.00875
poia_zt_authenticator,PoIA with ZT-Authenticator,120,1995,0.002292,0.023666,0.096417,2.803459,2.929875,3402.929875
poia_zt_authenticator,PoIA with ZT-Authenticator,120,1996,0.001791,0.018042,1.502,0.133458,1.657875,3401.657875
poia_zt_authenticator,PoIA with ZT-Authenticator,120,1997,0.00175,0.018208,6.7655,0.144833,6.932875,3406.932875
poia_zt_authenticator,PoIA with ZT-Authenticator,120,1998,0.002,0.022208,1.778375,0.129209,1.934416,3401.934416
poia_zt_authenticator,PoIA with ZT-Authenticator,120,1999,0.001875,0.022209,3.120541,0.133667,3.280917,3403.280917
poia_zt_authenticator,PoIA with ZT-Authenticator,120,2000,0.001917,0.021667,2.7355,0.139209,2.900958,3402.900958
poia_zt_authenticator,PoIA with ZT-Authenticator,120,2001,0.001625,0.01775,7.726125,0.1345,7.8825,3407.8825
poia_zt_authenticator,PoIA with ZT-Authenticator,120,2002,0.002917,0.023209,8.216,0.217208,8.462708,3408.462708
poia_zt_authenticator,PoIA with ZT-Authenticator,120,2003,0.002,0.018708,0.876292,0.127916,1.027417,3401.027417
poia_zt_authenticator,PoIA with ZT-Authenticator,120,2004,0.004375,0.058583,9.419291,0.144083,9.62975,3409.62975
poia_zt_authenticator,PoIA with ZT-Authenticator,120,2005,0.003,0.024,1.788541,3.49675,5.316125,3405.316125
poia_zt_authenticator,PoIA with ZT-Authenticator,120,2006,0.001334,0.018292,1.130208,2.419334,3.571708,3403.571708
poia_zt_authenticator,PoIA with ZT-Authenticator,120,2007,0.003375,0.0245,3.256458,0.147833,3.435542,3403.435542
poia_zt_authenticator,PoIA with ZT-Authenticator,120,2008,0.001708,0.017541,5.316916,0.135542,5.474375,3405.474375
poia_zt_authenticator,PoIA with ZT-Authenticator,120,2009,0.001875,0.021625,1.637167,0.133292,1.796542,3401.796542
poia_zt_authenticator,PoIA with ZT-Authenticator,120,2010,0.00225,0.023292,1.574709,0.144959,1.747625,3401.747625
poia_zt_authenticator,PoIA with ZT-Authenticator,120,2011,0.00175,0.017875,8.801875,0.128583,8.952625,3408.952625
poia_zt_authenticator,PoIA with ZT-Authenticator,120,2012,0.002042,0.019792,1.965375,4.486125,6.476084,3406.476084
poia_zt_authenticator,PoIA with ZT-Authenticator,120,2013,0.00325,0.025584,2.386334,1.945291,4.364916,3404.364916
poia_zt_authenticator,PoIA with ZT-Authenticator,120,2014,0.002,0.01875,3.458167,0.128625,3.610166,3403.610166
poia_zt_authenticator,PoIA with ZT-Authenticator,120,2015,0.001667,0.017584,0.894875,0.131333,1.048084,3401.048084
poia_zt_authenticator,PoIA with ZT-Authenticator,120,2016,0.002334,0.027166,1.9325,0.1585,2.123417,3402.123417
poia_zt_authenticator,PoIA with ZT-Authenticator,120,2017,0.004041,0.044416,2.93475,2.539167,5.528,3405.528
poia_zt_authenticator,PoIA with ZT-Authenticator,120,2018,0.002417,0.024542,1.43275,6.117375,7.580167,3407.580167
poia_zt_authenticator,PoIA with ZT-Authenticator,120,2019,0.001292,0.0175,1.617208,3.011833,4.650167,3404.650167
poia_zt_authenticator,PoIA with ZT-Authenticator,120,2020,0.001917,0.017875,5.529,0.146125,5.697541,3405.697541
poia_zt_authenticator,PoIA with ZT-Authenticator,120,2021,0.001833,0.018209,1.288083,4.036167,5.347625,3405.347625
poia_zt_authenticator,PoIA with ZT-Authenticator,120,2022,0.001792,0.021666,21.559458,2.151917,23.738125,3423.738125
poia_zt_authenticator,PoIA with ZT-Authenticator,120,2023,0.001666,0.018708,0.808042,0.768041,1.5995,3401.5995
poia_zt_authenticator,PoIA with ZT-Authenticator,120,2024,0.001542,0.017792,3.687709,0.580209,4.290917,3404.290917
poia_zt_authenticator,PoIA with ZT-Authenticator,120,2025,0.001792,0.017541,1.299625,0.128583,1.449959,3401.449959
poia_zt_authenticator,PoIA with ZT-Authenticator,120,2026,0.001792,0.021084,0.060125,0.1225,0.207542,3400.207542
poia_zt_authenticator,PoIA with ZT-Authenticator,120,2027,0.002042,0.06175,5.943375,0.204834,6.216,3406.216
poia_zt_authenticator,PoIA with ZT-Authenticator,120,2028,0.002166,0.024041,2.27325,2.167625,4.46975,3404.46975
poia_zt_authenticator,PoIA with ZT-Authenticator,120,2029,0.002,0.020416,2.295709,0.170542,2.491667,3402.491667
poia_zt_authenticator,PoIA with ZT-Authenticator,120,2030,0.002292,0.022583,1.854375,0.132875,2.014792,3402.014792
poia_zt_authenticator,PoIA with ZT-Authenticator,120,2031,0.001292,0.017709,1.302958,0.12275,1.446791,3401.446791
poia_zt_authenticator,PoIA with ZT-Authenticator,120,2032,0.001834,0.018125,0.051292,0.118791,0.192041,3400.192041
poia_zt_authenticator,PoIA with ZT-Authenticator,120,2033,0.002542,0.02325,0.124458,2.237917,2.391208,3402.391208
poia_zt_authenticator,PoIA with ZT-Authenticator,120,2034,0.002625,0.023708,1.628792,0.134167,1.792541,3401.792541
poia_zt_authenticator,PoIA with ZT-Authenticator,120,2035,0.001667,0.017875,1.633375,1.759458,3.415541,3403.415541
poia_zt_authenticator,PoIA with ZT-Authenticator,120,2036,0.007292,0.121125,3.475,0.313041,3.921625,3403.921625
poia_zt_authenticator,PoIA with ZT-Authenticator,120,2037,0.001708,0.018167,1.923209,0.144875,2.090417,3402.090417
poia_zt_authenticator,PoIA with ZT-Authenticator,120,2038,0.002916,0.024,3.261209,0.194458,3.486542,3403.486542
poia_zt_authenticator,PoIA with ZT-Authenticator,120,2039,0.002625,0.025166,0.985834,3.575,4.593041,3404.593041
poia_zt_authenticator,PoIA with ZT-Authenticator,120,2040,0.001875,0.018167,2.397917,0.147458,2.567917,3402.567917
poia_zt_authenticator,PoIA with ZT-Authenticator,120,2041,0.001958,0.017875,2.506333,3.501042,6.030875,3406.030875
poia_zt_authenticator,PoIA with ZT-Authenticator,120,2042,0.001667,0.018667,4.118041,2.976709,7.116792,3407.116792
poia_zt_authenticator,PoIA with ZT-Authenticator,120,2043,0.002334,0.026667,0.0755,2.651375,2.761792,3402.761792
poia_zt_authenticator,PoIA with ZT-Authenticator,120,2044,0.002,0.019084,1.419541,0.143917,1.587167,3401.587167
poia_zt_authenticator,PoIA with ZT-Authenticator,120,2045,0.00225,0.024209,7.147125,0.134,7.310416,3407.310416
poia_zt_authenticator,PoIA with ZT-Authenticator,120,2046,0.001375,0.017917,1.893958,0.127625,2.043208,3402.043208
poia_zt_authenticator,PoIA with ZT-Authenticator,120,2047,0.002167,0.019208,3.210833,0.125208,3.359709,3403.359709
poia_zt_authenticator,PoIA with ZT-Authenticator,120,2048,0.001541,0.017542,1.720917,2.06325,3.806584,3403.806584
poia_zt_authenticator,PoIA with ZT-Authenticator,120,2049,0.001667,0.01775,4.925708,0.132375,5.080333,3405.080333
poia_zt_authenticator,PoIA with ZT-Authenticator,120,2050,0.001667,0.017375,1.463541,0.129084,1.614167,3401.614167
poia_zt_authenticator,PoIA with ZT-Authenticator,120,2051,0.002916,0.038917,2.326959,0.146625,2.518959,3402.518959
poia_zt_authenticator,PoIA with ZT-Authenticator,120,2052,0.00175,0.033708,5.050708,0.137208,5.226,3405.226
poia_zt_authenticator,PoIA with ZT-Authenticator,120,2053,0.001959,0.017792,0.951625,4.473041,5.4475,3405.4475
poia_zt_authenticator,PoIA with ZT-Authenticator,120,2054,0.002125,0.022375,5.079375,1.740542,6.847709,3406.847709
poia_zt_authenticator,PoIA with ZT-Authenticator,120,2055,0.001833,0.0195,2.765708,0.200834,2.991042,3402.991042
poia_zt_authenticator,PoIA with ZT-Authenticator,120,2056,0.002125,0.021584,1.414666,0.133084,1.574042,3401.574042
poia_zt_authenticator,PoIA with ZT-Authenticator,120,2057,0.003125,0.030083,0.088958,2.59225,2.717542,3402.717542
poia_zt_authenticator,PoIA with ZT-Authenticator,120,2058,0.001916,0.022,1.6835,0.133791,1.843792,3401.843792
poia_zt_authenticator,PoIA with ZT-Authenticator,120,2059,0.001708,0.017583,1.809959,1.904167,3.7365,3403.7365
poia_zt_authenticator,PoIA with ZT-Authenticator,120,2060,0.002167,0.021792,0.068709,2.886625,2.983375,3402.983375
poia_zt_authenticator,PoIA with ZT-Authenticator,120,2061,0.002042,0.021125,2.156375,0.134625,2.316666,3402.316666
poia_zt_authenticator,PoIA with ZT-Authenticator,120,2062,0.001541,0.017583,0.950833,0.1345,1.107084,3401.107084
poia_zt_authenticator,PoIA with ZT-Authenticator,120,2063,0.002167,0.020958,1.870667,0.134125,2.030583,3402.030583
poia_zt_authenticator,PoIA with ZT-Authenticator,120,2064,0.002875,0.024875,2.681125,0.132958,2.845084,3402.845084
poia_zt_authenticator,PoIA with ZT-Authenticator,120,2065,0.001625,0.017667,1.67975,0.129417,1.830958,3401.830958
poia_zt_authenticator,PoIA with ZT-Authenticator,120,2066,0.001792,0.017584,5.135375,0.143333,5.300833,3405.300833
poia_zt_authenticator,PoIA with ZT-Authenticator,120,2067,0.001958,0.021416,5.120542,1.852333,6.999459,3406.999459
poia_zt_authenticator,PoIA with ZT-Authenticator,120,2068,0.002125,0.017709,2.403958,3.918042,6.345084,3406.345084
poia_zt_authenticator,PoIA with ZT-Authenticator,120,2069,0.002209,0.019042,1.657042,5.319166,7.000584,3407.000584
poia_zt_authenticator,PoIA with ZT-Authenticator,120,2070,0.002041,0.025208,3.187208,0.132125,3.349208,3403.349208
poia_zt_authenticator,PoIA with ZT-Authenticator,120,2071,0.001792,0.017666,1.768167,0.140417,1.93075,3401.93075
poia_zt_authenticator,PoIA with ZT-Authenticator,120,2072,0.003042,0.024875,3.181709,4.64225,7.864208,3407.864208
poia_zt_authenticator,PoIA with ZT-Authenticator,120,2073,0.003,0.120208,0.075584,6.009417,6.212667,3406.212667
poia_zt_authenticator,PoIA with ZT-Authenticator,120,2074,0.00175,0.017917,1.544667,1.2145,2.781958,3402.781958
poia_zt_authenticator,PoIA with ZT-Authenticator,120,2075,0.002333,0.0225,0.131333,0.193416,0.3525,3400.3525
poia_zt_authenticator,PoIA with ZT-Authenticator,120,2076,0.002667,0.023042,0.089292,2.209709,2.420333,3402.420333
poia_zt_authenticator,PoIA with ZT-Authenticator,120,2077,0.002083,0.021459,5.113958,0.131875,5.271834,3405.271834
poia_zt_authenticator,PoIA with ZT-Authenticator,120,2078,0.001834,0.018334,2.147333,0.15,2.319916,3402.319916
poia_zt_authenticator,PoIA with ZT-Authenticator,120,2079,0.002,0.018833,0.056333,2.45625,2.538125,3402.538125
poia_zt_authenticator,PoIA with ZT-Authenticator,120,2080,0.001959,0.021875,21.0235,0.133583,21.183541,3421.183541
poia_zt_authenticator,PoIA with ZT-Authenticator,120,2081,0.001709,0.01775,1.959708,0.130625,2.112292,3402.112292
poia_zt_authenticator,PoIA with ZT-Authenticator,120,2082,0.001791,0.018333,1.72425,0.129625,1.876583,3401.876583
poia_zt_authenticator,PoIA with ZT-Authenticator,120,2083,0.002458,0.020791,0.057417,3.336958,3.420208,3403.420208
poia_zt_authenticator,PoIA with ZT-Authenticator,120,2084,0.001709,0.017834,5.793208,6.762125,12.579416,3412.579416
poia_zt_authenticator,PoIA with ZT-Authenticator,120,2085,0.002542,0.026708,3.77925,4.019292,7.831416,3407.831416
poia_zt_authenticator,PoIA with ZT-Authenticator,120,2086,0.001833,0.018833,3.126333,4.436375,7.585625,3407.585625
poia_zt_authenticator,PoIA with ZT-Authenticator,120,2087,0.002125,0.018542,0.052583,0.119458,0.194709,3400.194709
poia_zt_authenticator,PoIA with ZT-Authenticator,120,2088,0.001792,0.0195,2.398041,0.13925,2.561125,3402.561125
poia_zt_authenticator,PoIA with ZT-Authenticator,120,2089,0.001709,0.017709,0.051708,0.118917,0.191958,3400.191958
poia_zt_authenticator,PoIA with ZT-Authenticator,120,2090,0.001875,0.017834,1.245083,0.141084,1.408375,3401.408375
poia_zt_authenticator,PoIA with ZT-Authenticator,120,2091,0.001833,0.018334,1.420417,0.132834,1.575917,3401.575917
poia_zt_authenticator,PoIA with ZT-Authenticator,120,2092,0.002166,0.021958,1.446,0.133875,1.606625,3401.606625
poia_zt_authenticator,PoIA with ZT-Authenticator,120,2093,0.001791,0.018,1.370833,6.361458,7.755292,3407.755292
poia_zt_authenticator,PoIA with ZT-Authenticator,120,2094,0.002584,0.02075,2.796,1.544125,4.366541,3404.366541
poia_zt_authenticator,PoIA with ZT-Authenticator,120,2095,0.002,0.018458,4.132709,0.135041,4.291,3404.291
poia_zt_authenticator,PoIA with ZT-Authenticator,120,2096,0.002125,0.01825,3.092833,0.128375,3.244125,3403.244125
poia_zt_authenticator,PoIA with ZT-Authenticator,120,2097,0.002083,0.026959,2.0475,4.623125,6.702334,3406.702334
poia_zt_authenticator,PoIA with ZT-Authenticator,120,2098,0.002125,0.018083,1.408208,1.42225,2.853875,3402.853875
poia_zt_authenticator,PoIA with ZT-Authenticator,120,2099,0.002916,0.028833,6.130084,3.389208,9.554084,3409.554084
poia_zt_authenticator,PoIA with ZT-Authenticator,120,2100,0.002416,0.026958,3.053,0.133666,3.219084,3403.219084
poia_zt_authenticator,PoIA with ZT-Authenticator,120,2101,0.0025,0.028166,1.649792,0.132167,1.815709,3401.815709
poia_zt_authenticator,PoIA with ZT-Authenticator,120,2102,0.001833,0.018625,2.582625,0.133459,2.739167,3402.739167
poia_zt_authenticator,PoIA with ZT-Authenticator,120,2103,0.010667,0.084542,2.11875,0.139042,2.358583,3402.358583
poia_zt_authenticator,PoIA with ZT-Authenticator,120,2104,0.001292,0.017667,5.49125,0.142334,5.655,3405.655
poia_zt_authenticator,PoIA with ZT-Authenticator,120,2105,0.001875,0.018125,5.501833,0.133375,5.657875,3405.657875
poia_zt_authenticator,PoIA with ZT-Authenticator,120,2106,0.001875,0.017792,4.652041,0.133709,4.808041,3404.808041
poia_zt_authenticator,PoIA with ZT-Authenticator,120,2107,0.001583,0.017708,3.246291,0.131708,3.39975,3403.39975
poia_zt_authenticator,PoIA with ZT-Authenticator,120,2108,0.00175,0.045416,2.040959,3.000541,5.0915,3405.0915
poia_zt_authenticator,PoIA with ZT-Authenticator,120,2109,0.001708,0.017792,1.366041,0.131625,1.519708,3401.519708
poia_zt_authenticator,PoIA with ZT-Authenticator,120,2110,0.001833,0.018042,2.717125,0.135917,2.875584,3402.875584
poia_zt_authenticator,PoIA with ZT-Authenticator,120,2111,0.002708,0.023167,2.346458,0.134667,2.510166,3402.510166
poia_zt_authenticator,PoIA with ZT-Authenticator,120,2112,0.00825,0.064625,4.782458,0.184875,5.0445,3405.0445
poia_zt_authenticator,PoIA with ZT-Authenticator,120,2113,0.003708,0.025042,3.051667,0.263375,3.350458,3403.350458
poia_zt_authenticator,PoIA with ZT-Authenticator,120,2114,0.002542,0.022292,4.531708,1.165,5.72525,3405.72525
poia_zt_authenticator,PoIA with ZT-Authenticator,120,2115,0.002083,0.021791,2.00925,0.138709,2.174458,3402.174458
poia_zt_authenticator,PoIA with ZT-Authenticator,120,2116,0.002,0.018041,4.787875,0.136125,4.946625,3404.946625
poia_zt_authenticator,PoIA with ZT-Authenticator,120,2117,0.002042,0.017833,1.305583,0.130042,1.458208,3401.458208
poia_zt_authenticator,PoIA with ZT-Authenticator,120,2118,0.006791,0.058458,3.203708,4.726792,8.00025,3408.00025
poia_zt_authenticator,PoIA with ZT-Authenticator,120,2119,0.00175,0.017666,2.645334,0.132333,2.799625,3402.799625
poia_zt_authenticator,PoIA with ZT-Authenticator,120,2120,0.002042,0.02175,1.635542,0.131958,1.794125,3401.794125
poia_zt_authenticator,PoIA with ZT-Authenticator,120,2121,0.00175,0.017792,2.819125,0.137042,2.978292,3402.978292
poia_zt_authenticator,PoIA with ZT-Authenticator,120,2122,0.001708,0.018042,7.217792,0.134125,7.374292,3407.374292
poia_zt_authenticator,PoIA with ZT-Authenticator,120,2123,0.002667,0.028,0.138208,13.57375,13.745125,3413.745125
poia_zt_authenticator,PoIA with ZT-Authenticator,120,2124,0.002042,0.017917,3.093583,2.253958,5.371042,3405.371042
poia_zt_authenticator,PoIA with ZT-Authenticator,120,2125,0.00175,0.018041,2.640958,0.127917,2.791083,3402.791083
poia_zt_authenticator,PoIA with ZT-Authenticator,120,2126,0.002041,0.022417,0.065917,2.714041,2.824292,3402.824292
poia_zt_authenticator,PoIA with ZT-Authenticator,120,2127,0.002833,0.022167,3.716625,0.133375,3.878042,3403.878042
poia_zt_authenticator,PoIA with ZT-Authenticator,120,2128,0.0015,0.017667,4.445917,0.963084,5.430583,3405.430583
poia_zt_authenticator,PoIA with ZT-Authenticator,120,2129,0.004208,0.046209,0.100708,5.422291,5.579208,3405.579208
poia_zt_authenticator,PoIA with ZT-Authenticator,120,2130,0.001958,0.033542,5.939125,0.146458,6.123917,3406.123917
poia_zt_authenticator,PoIA with ZT-Authenticator,120,2131,0.001833,0.017959,5.025708,0.132417,5.180292,3405.180292
poia_zt_authenticator,PoIA with ZT-Authenticator,120,2132,0.001792,0.018166,17.11375,0.979083,18.115541,3418.115541
poia_zt_authenticator,PoIA with ZT-Authenticator,120,2133,0.002375,0.018709,2.051833,2.228708,4.30475,3404.30475
poia_zt_authenticator,PoIA with ZT-Authenticator,120,2134,0.001666,0.017917,1.65275,0.134625,1.809542,3401.809542
poia_zt_authenticator,PoIA with ZT-Authenticator,120,2135,0.002042,0.01875,1.248959,0.128,1.400375,3401.400375
poia_zt_authenticator,PoIA with ZT-Authenticator,120,2136,0.002042,0.021917,1.371167,0.132,1.529625,3401.529625
poia_zt_authenticator,PoIA with ZT-Authenticator,120,2137,0.001792,0.022083,0.696958,0.128792,0.852417,3400.852417
poia_zt_authenticator,PoIA with ZT-Authenticator,120,2138,0.00175,0.0175,9.302792,0.137375,9.462042,3409.462042
poia_zt_authenticator,PoIA with ZT-Authenticator,120,2139,0.001708,0.017917,4.795791,0.131792,4.949708,3404.949708
poia_zt_authenticator,PoIA with ZT-Authenticator,120,2140,0.002834,0.019542,6.881959,2.214333,9.12425,3409.12425
poia_zt_authenticator,PoIA with ZT-Authenticator,120,2141,0.002208,0.022209,3.911917,0.13325,4.072125,3404.072125
poia_zt_authenticator,PoIA with ZT-Authenticator,120,2142,0.002041,0.01825,4.524042,0.132708,4.679667,3404.679667
poia_zt_authenticator,PoIA with ZT-Authenticator,120,2143,0.002166,0.022167,5.79125,3.660333,9.479792,3409.479792
poia_zt_authenticator,PoIA with ZT-Authenticator,120,2144,0.001917,0.018417,2.023375,0.129584,2.175833,3402.175833
poia_zt_authenticator,PoIA with ZT-Authenticator,120,2145,0.001792,0.018083,5.176417,0.133167,5.331916,3405.331916
poia_zt_authenticator,PoIA with ZT-Authenticator,120,2146,0.001583,0.018125,3.075541,0.132709,3.230542,3403.230542
poia_zt_authenticator,PoIA with ZT-Authenticator,120,2147,0.002,0.021625,1.961541,0.132667,2.120458,3402.120458
poia_zt_authenticator,PoIA with ZT-Authenticator,120,2148,0.002166,0.022333,4.359042,2.695667,7.084292,3407.084292
poia_zt_authenticator,PoIA with ZT-Authenticator,120,2149,0.00225,0.022625,1.427375,0.144375,1.599417,3401.599417
poia_zt_authenticator,PoIA with ZT-Authenticator,120,2150,0.001667,0.017916,3.360084,0.131917,3.514167,3403.514167
poia_zt_authenticator,PoIA with ZT-Authenticator,120,2151,0.00275,0.02975,1.124125,0.137583,1.2975,3401.2975
poia_zt_authenticator,PoIA with ZT-Authenticator,120,2152,0.001875,0.018375,6.128917,1.509333,7.661667,3407.661667
poia_zt_authenticator,PoIA with ZT-Authenticator,120,2153,0.002458,0.022625,2.753417,0.864833,3.646542,3403.646542
poia_zt_authenticator,PoIA with ZT-Authenticator,120,2154,0.002666,0.026125,4.916,1.898333,6.846625,3406.846625
poia_zt_authenticator,PoIA with ZT-Authenticator,120,2155,0.00175,0.017583,8.08475,0.137292,8.243959,3408.243959
poia_zt_authenticator,PoIA with ZT-Authenticator,120,2156,0.001709,0.018041,4.658292,0.149584,4.83025,3404.83025
poia_zt_authenticator,PoIA with ZT-Authenticator,120,2157,0.001667,0.017916,2.632291,0.131625,2.786,3402.786
poia_zt_authenticator,PoIA with ZT-Authenticator,120,2158,0.0025,0.068792,1.671084,0.136833,1.882125,3401.882125
poia_zt_authenticator,PoIA with ZT-Authenticator,120,2159,0.002375,0.024583,6.098709,3.206584,9.336125,3409.336125
poia_zt_authenticator,PoIA with ZT-Authenticator,120,2160,0.002041,0.018417,1.671625,0.132833,1.827458,3401.827458
poia_zt_authenticator,PoIA with ZT-Authenticator,120,2161,0.002042,0.021791,2.600792,0.142792,2.769959,3402.769959
poia_zt_authenticator,PoIA with ZT-Authenticator,120,2162,0.001625,0.021125,2.829541,0.133125,2.988041,3402.988041
poia_zt_authenticator,PoIA with ZT-Authenticator,120,2163,0.001875,0.017875,1.758917,0.1355,1.91675,3401.91675
poia_zt_authenticator,PoIA with ZT-Authenticator,120,2164,0.001667,0.0195,3.712708,3.194917,6.933416,3406.933416
poia_zt_authenticator,PoIA with ZT-Authenticator,120,2165,0.001666,0.017625,1.924958,0.172666,2.12,3402.12
poia_zt_authenticator,PoIA with ZT-Authenticator,120,2166,0.0025,0.026875,7.854,0.138583,8.025459,3408.025459
poia_zt_authenticator,PoIA with ZT-Authenticator,120,2167,0.001958,0.021541,4.238541,0.13625,4.40075,3404.40075
poia_zt_authenticator,PoIA with ZT-Authenticator,120,2168,0.002542,0.022416,3.120709,0.134792,3.283166,3403.283166
poia_zt_authenticator,PoIA with ZT-Authenticator,120,2169,0.002,0.021667,1.375875,0.132167,1.534291,3401.534291
poia_zt_authenticator,PoIA with ZT-Authenticator,120,2170,0.002458,0.023542,0.060292,1.538375,1.627875,3401.627875
poia_zt_authenticator,PoIA with ZT-Authenticator,120,2171,0.001292,0.017792,1.588791,0.136042,1.746375,3401.746375
poia_zt_authenticator,PoIA with ZT-Authenticator,120,2172,0.002125,0.018916,1.968292,3.626333,5.618833,3405.618833
poia_zt_authenticator,PoIA with ZT-Authenticator,120,2173,0.001709,0.017959,3.355,3.378209,6.758375,3406.758375
poia_zt_authenticator,PoIA with ZT-Authenticator,120,2174,0.001667,0.018208,1.159417,0.133125,1.314834,3401.314834
poia_zt_authenticator,PoIA with ZT-Authenticator,120,2175,0.002792,0.023458,0.926542,2.349333,3.305833,3403.305833
poia_zt_authenticator,PoIA with ZT-Authenticator,120,2176,0.004291,0.046458,2.937834,0.199542,3.192458,3403.192458
poia_zt_authenticator,PoIA with ZT-Authenticator,120,2177,0.002083,0.068666,3.052666,2.3955,5.523792,3405.523792
poia_zt_authenticator,PoIA with ZT-Authenticator,120,2178,0.001666,0.017667,2.68275,0.144625,2.849417,3402.849417
poia_zt_authenticator,PoIA with ZT-Authenticator,120,2179,0.007416,0.112292,0.11775,5.7,5.942042,3405.942042
poia_zt_authenticator,PoIA with ZT-Authenticator,120,2180,0.001792,0.018084,10.634,3.600833,14.258,3414.258
poia_zt_authenticator,PoIA with ZT-Authenticator,120,2181,0.00175,0.0195,2.583792,0.1315,2.739083,3402.739083
poia_zt_authenticator,PoIA with ZT-Authenticator,120,2182,0.00275,0.029875,2.824709,2.143333,5.003333,3405.003333
poia_zt_authenticator,PoIA with ZT-Authenticator,120,2183,0.003959,0.025625,2.424459,3.315542,5.774458,3405.774458
poia_zt_authenticator,PoIA with ZT-Authenticator,120,2184,0.001583,0.018,2.5215,0.131916,2.675542,3402.675542
poia_zt_authenticator,PoIA with ZT-Authenticator,120,2185,0.001709,0.021459,1.605167,0.1325,1.763416,3401.763416
poia_zt_authenticator,PoIA with ZT-Authenticator,120,2186,0.002834,0.019791,5.193917,0.139458,5.466083,3405.466083
poia_zt_authenticator,PoIA with ZT-Authenticator,120,2187,0.001959,0.022666,1.699417,0.134625,1.861458,3401.861458
poia_zt_authenticator,PoIA with ZT-Authenticator,120,2188,0.001917,0.021958,0.067209,0.1395,0.23325,3400.23325
poia_zt_authenticator,PoIA with ZT-Authenticator,120,2189,0.002709,0.027708,3.95775,2.121375,6.113125,3406.113125
poia_zt_authenticator,PoIA with ZT-Authenticator,120,2190,0.001667,0.018,2.634083,0.145125,2.801458,3402.801458
poia_zt_authenticator,PoIA with ZT-Authenticator,120,2191,0.00175,0.017958,2.081667,0.134416,2.23825,3402.23825
poia_zt_authenticator,PoIA with ZT-Authenticator,120,2192,0.001875,0.017666,2.094625,0.143042,2.259875,3402.259875
poia_zt_authenticator,PoIA with ZT-Authenticator,120,2193,0.001959,0.01875,4.658458,0.192875,4.874667,3404.874667
poia_zt_authenticator,PoIA with ZT-Authenticator,120,2194,0.002083,0.019084,14.042916,0.186583,14.253583,3414.253583
poia_zt_authenticator,PoIA with ZT-Authenticator,120,2195,0.001791,0.017875,1.368791,0.131542,1.522542,3401.522542
poia_zt_authenticator,PoIA with ZT-Authenticator,120,2196,0.002041,0.017916,2.556666,2.740625,5.320292,3405.320292
poia_zt_authenticator,PoIA with ZT-Authenticator,120,2197,0.002042,0.018542,0.053667,3.376666,3.454167,3403.454167
poia_zt_authenticator,PoIA with ZT-Authenticator,120,2198,0.001917,0.022125,1.470709,0.132,1.629333,3401.629333
poia_zt_authenticator,PoIA with ZT-Authenticator,120,2199,0.002625,0.023417,0.077416,2.959,3.06575,3403.06575
poia_zt_authenticator,PoIA with ZT-Authenticator,120,2200,0.001708,0.018208,2.850292,0.132083,3.004875,3403.004875
poia_zt_authenticator,PoIA with ZT-Authenticator,120,2201,0.001584,0.017709,1.2115,0.124292,1.35725,3401.35725
poia_zt_authenticator,PoIA with ZT-Authenticator,120,2202,0.002084,0.022084,6.070083,11.446833,17.543708,3417.543708
poia_zt_authenticator,PoIA with ZT-Authenticator,120,2203,0.001959,0.018333,8.766,0.1345,8.923334,3408.923334
poia_zt_authenticator,PoIA with ZT-Authenticator,120,2204,0.001708,0.028041,0.056709,0.121583,0.209833,3400.209833
poia_zt_authenticator,PoIA with ZT-Authenticator,120,2205,0.001625,0.017625,0.05025,3.289625,3.361458,3403.361458
poia_zt_authenticator,PoIA with ZT-Authenticator,120,2206,0.002084,0.02175,1.698583,0.132167,1.857166,3401.857166
poia_zt_authenticator,PoIA with ZT-Authenticator,120,2207,0.002,0.021625,4.040042,0.13025,4.196458,3404.196458
poia_zt_authenticator,PoIA with ZT-Authenticator,120,2208,0.001833,0.021167,2.40575,1.018708,3.450875,3403.450875
poia_zt_authenticator,PoIA with ZT-Authenticator,120,2209,0.002084,0.017541,0.096584,1.675125,1.794166,3401.794166
poia_zt_authenticator,PoIA with ZT-Authenticator,120,2210,0.007625,0.076792,11.14575,0.273625,11.50975,3411.50975
poia_zt_authenticator,PoIA with ZT-Authenticator,120,2211,0.001959,0.018417,1.959792,1.202042,3.185458,3403.185458
poia_zt_authenticator,PoIA with ZT-Authenticator,120,2212,0.002084,0.019375,1.833209,0.147625,2.005041,3402.005041
poia_zt_authenticator,PoIA with ZT-Authenticator,120,2213,0.002375,0.021875,2.107291,2.23975,4.378208,3404.378208
poia_zt_authenticator,PoIA with ZT-Authenticator,120,2214,0.00725,0.079208,0.179958,6.335458,6.609375,3406.609375
poia_zt_authenticator,PoIA with ZT-Authenticator,120,2215,0.001708,0.017542,1.717791,0.134042,1.873625,3401.873625
poia_zt_authenticator,PoIA with ZT-Authenticator,120,2216,0.001792,0.018417,1.551292,0.133584,1.707667,3401.707667
poia_zt_authenticator,PoIA with ZT-Authenticator,120,2217,0.001583,0.017542,2.030041,1.692042,3.744167,3403.744167
poia_zt_authenticator,PoIA with ZT-Authenticator,120,2218,0.00175,0.017542,5.148708,0.134917,5.305375,3405.305375
poia_zt_authenticator,PoIA with ZT-Authenticator,120,2219,0.001708,0.017959,2.529167,0.134208,2.685584,3402.685584
poia_zt_authenticator,PoIA with ZT-Authenticator,120,2220,0.001917,0.018959,1.07875,0.129333,1.231458,3401.231458
poia_zt_authenticator,PoIA with ZT-Authenticator,120,2221,0.001875,0.017875,2.536834,0.132,2.691167,3402.691167
poia_zt_authenticator,PoIA with ZT-Authenticator,120,2222,0.001625,0.017708,3.307167,0.133792,3.463042,3403.463042
poia_zt_authenticator,PoIA with ZT-Authenticator,120,2223,0.003542,0.114,7.762375,3.04525,10.932625,3410.932625
poia_zt_authenticator,PoIA with ZT-Authenticator,120,2224,0.001833,0.017958,2.742375,0.130792,2.895458,3402.895458
poia_zt_authenticator,PoIA with ZT-Authenticator,120,2225,0.006041,0.062917,3.192792,0.13625,3.402042,3403.402042
poia_zt_authenticator,PoIA with ZT-Authenticator,120,2226,0.001708,0.017792,3.506583,6.885709,10.414417,3410.414417
poia_zt_authenticator,PoIA with ZT-Authenticator,120,2227,0.002,0.021584,7.799916,0.1345,7.960541,3407.960541
poia_zt_authenticator,PoIA with ZT-Authenticator,120,2228,0.001708,0.018334,8.896958,0.149958,9.069833,3409.069833
poia_zt_authenticator,PoIA with ZT-Authenticator,120,2229,0.00425,0.062667,3.24725,4.683083,8.001625,3408.001625
poia_zt_authenticator,PoIA with ZT-Authenticator,120,2230,0.002,0.017875,1.651792,0.129959,1.804042,3401.804042
poia_zt_authenticator,PoIA with ZT-Authenticator,120,2231,0.00175,0.01775,2.711583,2.584542,5.322083,3405.322083
poia_zt_authenticator,PoIA with ZT-Authenticator,120,2232,0.001792,0.01775,1.634584,0.148125,1.804917,3401.804917
poia_zt_authenticator,PoIA with ZT-Authenticator,120,2233,0.001916,0.022292,1.591167,0.133667,1.751625,3401.751625
poia_zt_authenticator,PoIA with ZT-Authenticator,120,2234,0.00175,0.021208,1.107542,0.132958,1.26625,3401.26625
poia_zt_authenticator,PoIA with ZT-Authenticator,120,2235,0.002875,0.04175,4.649541,2.184042,6.882375,3406.882375
poia_zt_authenticator,PoIA with ZT-Authenticator,120,2236,0.002417,0.022584,0.062291,4.709125,4.798583,3404.798583
poia_zt_authenticator,PoIA with ZT-Authenticator,120,2237,0.0025,0.023625,3.2145,0.13275,3.376625,3403.376625
poia_zt_authenticator,PoIA with ZT-Authenticator,120,2238,0.002792,0.022375,2.662333,0.131834,2.822333,3402.822333
poia_zt_authenticator,PoIA with ZT-Authenticator,120,2239,0.002208,0.021917,2.896792,2.626542,5.550583,3405.550583
poia_zt_authenticator,PoIA with ZT-Authenticator,120,2240,0.001917,0.018375,3.043,0.135625,3.201458,3403.201458
poia_zt_authenticator,PoIA with ZT-Authenticator,120,2241,0.001667,0.018583,1.25,0.132708,1.405541,3401.405541
poia_zt_authenticator,PoIA with ZT-Authenticator,120,2242,0.003,0.023459,2.67025,0.17425,2.875042,3402.875042
poia_zt_authenticator,PoIA with ZT-Authenticator,120,2243,0.002083,0.021041,2.269042,0.130292,2.425,3402.425
poia_zt_authenticator,PoIA with ZT-Authenticator,120,2244,0.002584,0.024,5.939042,0.131209,6.099958,3406.099958
poia_zt_authenticator,PoIA with ZT-Authenticator,120,2245,0.001708,0.017709,1.634125,0.130958,1.786917,3401.786917
poia_zt_authenticator,PoIA with ZT-Authenticator,120,2246,0.002,0.017834,5.072208,0.141333,5.235959,3405.235959
poia_zt_authenticator,PoIA with ZT-Authenticator,120,2247,0.002042,0.02375,3.532583,3.76925,7.332417,3407.332417
poia_zt_authenticator,PoIA with ZT-Authenticator,120,2248,0.006625,0.06275,3.190167,0.133083,3.396917,3403.396917
poia_zt_authenticator,PoIA with ZT-Authenticator,120,2249,0.001583,0.017208,10.297834,0.15025,10.469625,3410.469625
poia_zt_authenticator,PoIA with ZT-Authenticator,120,2250,0.002041,0.037542,2.229375,2.506458,4.779792,3404.779792
poia_zt_authenticator,PoIA with ZT-Authenticator,120,2251,0.001834,0.017959,1.677208,0.128709,1.828208,3401.828208
poia_zt_authenticator,PoIA with ZT-Authenticator,120,2252,0.002334,0.044167,0.064792,6.582583,6.710916,3406.710916
poia_zt_authenticator,PoIA with ZT-Authenticator,120,2253,0.002208,0.023792,3.430666,0.132333,3.591708,3403.591708
poia_zt_authenticator,PoIA with ZT-Authenticator,120,2254,0.002208,0.018792,0.885083,0.122833,1.031125,3401.031125
poia_zt_authenticator,PoIA with ZT-Authenticator,120,2255,0.002125,0.022292,3.377,0.7405,4.144583,3404.144583
poia_zt_authenticator,PoIA with ZT-Authenticator,120,2256,0.001917,0.018084,1.367583,0.132333,1.5225,3401.5225
poia_zt_authenticator,PoIA with ZT-Authenticator,120,2257,0.001875,0.02125,2.495417,0.131542,2.652791,3402.652791
poia_zt_authenticator,PoIA with ZT-Authenticator,120,2258,0.001417,0.017875,0.050042,9.423125,9.494917,3409.494917
poia_zt_authenticator,PoIA with ZT-Authenticator,120,2259,0.002666,0.022666,1.686792,0.132166,1.8475,3401.8475
poia_zt_authenticator,PoIA with ZT-Authenticator,120,2260,0.001583,0.017416,1.365042,0.133375,1.519875,3401.519875
poia_zt_authenticator,PoIA with ZT-Authenticator,120,2261,0.001708,0.017708,1.53475,1.219792,2.776834,3402.776834
poia_zt_authenticator,PoIA with ZT-Authenticator,120,2262,0.003375,0.026792,0.070917,2.798792,2.9035,3402.9035
poia_zt_authenticator,PoIA with ZT-Authenticator,120,2263,0.002083,0.018542,6.815083,0.138875,6.977292,3406.977292
poia_zt_authenticator,PoIA with ZT-Authenticator,120,2264,0.001834,0.017333,2.993334,3.707417,6.72325,3406.72325
poia_zt_authenticator,PoIA with ZT-Authenticator,120,2265,0.002125,0.018833,5.569125,0.132042,5.724875,3405.724875
poia_zt_authenticator,PoIA with ZT-Authenticator,120,2266,0.001833,0.018125,1.686458,0.134708,1.843667,3401.843667
poia_zt_authenticator,PoIA with ZT-Authenticator,120,2267,0.001583,0.017292,1.617416,1.973375,3.612875,3403.612875
poia_zt_authenticator,PoIA with ZT-Authenticator,120,2268,0.001875,0.018458,0.934333,0.143,1.100333,3401.100333
poia_zt_authenticator,PoIA with ZT-Authenticator,120,2269,0.001625,0.017292,2.7345,0.184042,2.940459,3402.940459
poia_zt_authenticator,PoIA with ZT-Authenticator,120,2270,0.001791,0.018209,2.201791,0.135958,2.360417,3402.360417
poia_zt_authenticator,PoIA with ZT-Authenticator,120,2271,0.001917,0.017958,4.798167,4.852375,9.673542,3409.673542
poia_zt_authenticator,PoIA with ZT-Authenticator,120,2272,0.006917,0.068,2.024666,2.175292,4.278916,3404.278916
poia_zt_authenticator,PoIA with ZT-Authenticator,120,2273,0.001375,0.018042,3.4225,0.13275,3.577167,3403.577167
poia_zt_authenticator,PoIA with ZT-Authenticator,120,2274,0.00175,0.0175,8.975458,8.112,17.110334,3417.110334
poia_zt_authenticator,PoIA with ZT-Authenticator,120,2275,0.001666,0.017834,7.250875,1.670875,8.944208,3408.944208
poia_zt_authenticator,PoIA with ZT-Authenticator,120,2276,0.002084,0.021458,0.81375,2.569958,3.410708,3403.410708
poia_zt_authenticator,PoIA with ZT-Authenticator,120,2277,0.002458,0.024334,2.167541,0.180791,2.378583,3402.378583
poia_zt_authenticator,PoIA with ZT-Authenticator,120,2278,0.002,0.023083,1.432583,0.128958,1.589041,3401.589041
poia_zt_authenticator,PoIA with ZT-Authenticator,120,2279,0.003208,0.039833,0.522167,0.672542,1.242167,3401.242167
poia_zt_authenticator,PoIA with ZT-Authenticator,120,2280,0.00175,0.017917,1.455459,0.130583,1.608209,3401.608209
poia_zt_authenticator,PoIA with ZT-Authenticator,120,2281,0.0015,0.017916,1.799875,8.116791,9.939042,3409.939042
poia_zt_authenticator,PoIA with ZT-Authenticator,120,2282,0.003041,0.0205,3.180083,6.280333,9.487291,3409.487291
poia_zt_authenticator,PoIA with ZT-Authenticator,120,2283,0.002583,0.069542,3.425459,0.178083,3.680166,3403.680166
poia_zt_authenticator,PoIA with ZT-Authenticator,120,2284,0.001792,0.017875,2.76525,0.13225,2.919709,3402.919709
poia_zt_authenticator,PoIA with ZT-Authenticator,120,2285,0.001792,0.018334,4.242625,0.153291,4.418584,3404.418584
poia_zt_authenticator,PoIA with ZT-Authenticator,120,2286,0.001875,0.018458,0.830292,0.127,0.980167,3400.980167
poia_zt_authenticator,PoIA with ZT-Authenticator,120,2287,0.003708,0.024959,5.03675,5.048708,10.118166,3410.118166
poia_zt_authenticator,PoIA with ZT-Authenticator,120,2288,0.00175,0.017417,1.903375,0.134084,2.059292,3402.059292
poia_zt_authenticator,PoIA with ZT-Authenticator,120,2289,0.002084,0.021417,0.059708,3.625333,3.7105,3403.7105
poia_zt_authenticator,PoIA with ZT-Authenticator,120,2290,0.002292,0.021458,3.716667,0.150375,3.893666,3403.893666
poia_zt_authenticator,PoIA with ZT-Authenticator,120,2291,0.009041,0.071375,0.103125,2.844583,3.033375,3403.033375
poia_zt_authenticator,PoIA with ZT-Authenticator,120,2292,0.003084,0.029125,2.056834,0.148667,2.241333,3402.241333
poia_zt_authenticator,PoIA with ZT-Authenticator,120,2293,0.001791,0.0175,3.014625,0.132625,3.169042,3403.169042
poia_zt_authenticator,PoIA with ZT-Authenticator,120,2294,0.002,0.018333,5.819333,0.212542,6.055417,3406.055417
poia_zt_authenticator,PoIA with ZT-Authenticator,120,2295,0.006875,0.049959,2.8195,0.134583,3.014917,3403.014917
poia_zt_authenticator,PoIA with ZT-Authenticator,120,2296,0.002167,0.01975,2.946833,2.164,5.135958,3405.135958
poia_zt_authenticator,PoIA with ZT-Authenticator,120,2297,0.001667,0.017875,0.0515,3.149458,3.222833,3403.222833
poia_zt_authenticator,PoIA with ZT-Authenticator,120,2298,0.001792,0.017541,5.190042,2.920459,8.133417,3408.133417
poia_zt_authenticator,PoIA with ZT-Authenticator,120,2299,0.001708,0.017625,6.744667,0.13125,6.897625,3406.897625
poia_zt_authenticator,PoIA with ZT-Authenticator,120,2300,0.001916,0.0215,1.355333,0.132667,1.514208,3401.514208
poia_zt_authenticator,PoIA with ZT-Authenticator,120,2301,0.002167,0.021333,3.112,0.134625,3.272709,3403.272709
poia_zt_authenticator,PoIA with ZT-Authenticator,120,2302,0.00175,0.018042,2.574917,5.615167,8.213084,3408.213084
poia_zt_authenticator,PoIA with ZT-Authenticator,120,2303,0.002834,0.050666,9.285166,0.12875,9.470375,3409.470375
poia_zt_authenticator,PoIA with ZT-Authenticator,120,2304,0.001958,0.021541,1.403959,2.707458,4.137459,3404.137459
poia_zt_authenticator,PoIA with ZT-Authenticator,120,2305,0.001958,0.018,5.305166,0.13175,5.459417,3405.459417
poia_zt_authenticator,PoIA with ZT-Authenticator,120,2306,0.001958,0.021375,1.557708,5.470833,7.055,3407.055
poia_zt_authenticator,PoIA with ZT-Authenticator,120,2307,0.006084,0.0695,0.138,3.368708,3.586292,3403.586292
poia_zt_authenticator,PoIA with ZT-Authenticator,120,2308,0.001708,0.017458,1.933792,0.132167,2.087709,3402.087709
poia_zt_authenticator,PoIA with ZT-Authenticator,120,2309,0.003583,0.028667,0.068292,0.118917,0.22225,3400.22225
poia_zt_authenticator,PoIA with ZT-Authenticator,120,2310,0.002042,0.01825,0.054667,0.119709,0.196708,3400.196708
poia_zt_authenticator,PoIA with ZT-Authenticator,120,2311,0.00325,0.031625,0.079709,3.359208,3.477542,3403.477542
poia_zt_authenticator,PoIA with ZT-Authenticator,120,2312,0.001708,0.017583,1.868334,0.1365,2.026583,3402.026583
poia_zt_authenticator,PoIA with ZT-Authenticator,120,2313,0.022708,0.026916,0.074916,3.156167,3.28475,3403.28475
poia_zt_authenticator,PoIA with ZT-Authenticator,120,2314,0.002,0.022334,1.295875,0.131625,1.454459,3401.454459
poia_zt_authenticator,PoIA with ZT-Authenticator,120,2315,0.00175,0.021375,1.617375,0.97575,2.619416,3402.619416
poia_zt_authenticator,PoIA with ZT-Authenticator,120,2316,0.00175,0.01775,2.055166,0.128625,2.205917,3402.205917
poia_zt_authenticator,PoIA with ZT-Authenticator,120,2317,0.001708,0.018167,6.566375,0.132875,6.721667,3406.721667
poia_zt_authenticator,PoIA with ZT-Authenticator,120,2318,0.001833,0.018083,1.882125,0.138792,2.043416,3402.043416
poia_zt_authenticator,PoIA with ZT-Authenticator,120,2319,0.001917,0.021333,0.057542,2.149959,2.234708,3402.234708
poia_zt_authenticator,PoIA with ZT-Authenticator,120,2320,0.00175,0.018083,1.487458,0.187333,1.69775,3401.69775
poia_zt_authenticator,PoIA with ZT-Authenticator,120,2321,0.001709,0.018,2.446083,0.149667,2.617958,3402.617958
poia_zt_authenticator,PoIA with ZT-Authenticator,120,2322,0.001875,0.018125,7.469208,0.133333,7.625084,3407.625084
poia_zt_authenticator,PoIA with ZT-Authenticator,120,2323,0.002125,0.021625,1.129,0.912291,2.068208,3402.068208
poia_zt_authenticator,PoIA with ZT-Authenticator,120,2324,0.002208,0.021708,3.519625,3.2065,6.753209,3406.753209
poia_zt_authenticator,PoIA with ZT-Authenticator,120,2325,0.001666,0.032375,0.056917,0.119334,0.2125,3400.2125
poia_zt_authenticator,PoIA with ZT-Authenticator,120,2326,0.001792,0.018,3.046208,8.445042,11.514041,3411.514041
poia_zt_authenticator,PoIA with ZT-Authenticator,120,2327,0.001875,0.018458,1.464209,0.134166,1.621292,3401.621292
poia_zt_authenticator,PoIA with ZT-Authenticator,120,2328,0.001833,0.017958,0.073083,0.129708,0.224792,3400.224792
poia_zt_authenticator,PoIA with ZT-Authenticator,120,2329,0.001625,0.017458,2.574792,0.143709,2.740416,3402.740416
poia_zt_authenticator,PoIA with ZT-Authenticator,120,2330,0.001917,0.01825,1.935959,0.132083,2.090666,3402.090666
poia_zt_authenticator,PoIA with ZT-Authenticator,120,2331,0.001792,0.017584,5.374708,0.12225,5.518125,3405.518125
poia_zt_authenticator,PoIA with ZT-Authenticator,120,2332,0.001917,0.021208,1.123209,0.137458,1.286583,3401.286583
poia_zt_authenticator,PoIA with ZT-Authenticator,120,2333,0.002292,0.02175,0.067708,4.711416,4.806125,3404.806125
poia_zt_authenticator,PoIA with ZT-Authenticator,120,2334,0.001708,0.018,1.5035,0.13175,1.657708,3401.657708
poia_zt_authenticator,PoIA with ZT-Authenticator,120,2335,0.002584,0.02275,8.931958,0.16725,9.12825,3409.12825
poia_zt_authenticator,PoIA with ZT-Authenticator,120,2336,0.003,0.030958,4.648125,2.273708,6.959083,3406.959083
poia_zt_authenticator,PoIA with ZT-Authenticator,120,2337,0.002084,0.018625,0.063916,2.125166,2.213625,3402.213625
poia_zt_authenticator,PoIA with ZT-Authenticator,120,2338,0.007042,0.09,2.5995,0.134791,2.835459,3402.835459
poia_zt_authenticator,PoIA with ZT-Authenticator,120,2339,0.001667,0.020833,1.938041,0.129584,2.092666,3402.092666
poia_zt_authenticator,PoIA with ZT-Authenticator,120,2340,0.002042,0.023,2.256542,2.798208,5.082625,3405.082625
poia_zt_authenticator,PoIA with ZT-Authenticator,120,2341,0.001834,0.021292,4.427292,0.154625,4.608291,3404.608291
poia_zt_authenticator,PoIA with ZT-Authenticator,120,2342,0.001917,0.018083,5.939916,3.599958,9.562625,3409.562625
poia_zt_authenticator,PoIA with ZT-Authenticator,120,2343,0.007792,0.084666,0.088,2.89475,3.081166,3403.081166
poia_zt_authenticator,PoIA with ZT-Authenticator,120,2344,0.001666,0.018,9.67425,1.624125,11.321167,3411.321167
poia_zt_authenticator,PoIA with ZT-Authenticator,120,2345,0.001875,0.01775,1.352458,0.131208,1.505834,3401.505834
poia_zt_authenticator,PoIA with ZT-Authenticator,120,2346,0.001583,0.018125,2.102834,0.118666,2.242959,3402.242959
poia_zt_authenticator,PoIA with ZT-Authenticator,120,2347,0.001875,0.018541,4.78375,0.136667,4.943417,3404.943417
poia_zt_authenticator,PoIA with ZT-Authenticator,120,2348,0.005458,0.055458,0.114292,6.163334,6.344375,3406.344375
poia_zt_authenticator,PoIA with ZT-Authenticator,120,2349,0.001958,0.021666,1.870834,0.134458,2.031666,3402.031666
poia_zt_authenticator,PoIA with ZT-Authenticator,120,2350,0.001792,0.01775,5.442209,0.133583,5.597875,3405.597875
poia_zt_authenticator,PoIA with ZT-Authenticator,120,2351,0.001584,0.017959,1.279458,0.12775,1.429291,3401.429291
poia_zt_authenticator,PoIA with ZT-Authenticator,120,2352,0.002667,0.025,11.522834,1.554333,13.10875,3413.10875
poia_zt_authenticator,PoIA with ZT-Authenticator,120,2353,0.001667,0.017667,2.561167,2.206166,4.789917,3404.789917
poia_zt_authenticator,PoIA with ZT-Authenticator,120,2354,0.001916,0.021042,2.134958,0.133125,2.293541,3402.293541
poia_zt_authenticator,PoIA with ZT-Authenticator,120,2355,0.001459,0.017833,0.739709,1.1245,1.88675,3401.88675
poia_zt_authenticator,PoIA with ZT-Authenticator,120,2356,0.002709,0.025042,1.657792,0.146334,1.834666,3401.834666
poia_zt_authenticator,PoIA with ZT-Authenticator,120,2357,0.001416,0.017708,2.684042,0.133875,2.850833,3402.850833
poia_zt_authenticator,PoIA with ZT-Authenticator,120,2358,0.001917,0.018291,0.054209,0.785958,0.862958,3400.862958
poia_zt_authenticator,PoIA with ZT-Authenticator,120,2359,0.002,0.018541,2.414791,0.148584,2.586416,3402.586416
poia_zt_authenticator,PoIA with ZT-Authenticator,120,2360,0.00175,0.017458,3.0985,0.135334,3.255625,3403.255625
poia_zt_authenticator,PoIA with ZT-Authenticator,120,2361,0.001417,0.017708,2.169042,0.129166,2.319792,3402.319792
poia_zt_authenticator,PoIA with ZT-Authenticator,120,2362,0.003542,0.198667,0.093041,2.822625,3.121542,3403.121542
poia_zt_authenticator,PoIA with ZT-Authenticator,120,2363,0.00175,0.022709,1.925583,1.115375,3.068542,3403.068542
poia_zt_authenticator,PoIA with ZT-Authenticator,120,2364,0.002083,0.018666,1.672459,0.13475,1.830667,3401.830667
poia_zt_authenticator,PoIA with ZT-Authenticator,120,2365,0.002083,0.022291,0.057459,0.134833,0.218667,3400.218667
poia_zt_authenticator,PoIA with ZT-Authenticator,120,2366,0.001917,0.01825,2.015417,0.14425,2.182375,3402.182375
poia_zt_authenticator,PoIA with ZT-Authenticator,120,2367,0.001458,0.018625,4.189833,2.276917,6.49,3406.49
poia_zt_authenticator,PoIA with ZT-Authenticator,120,2368,0.002667,0.02525,2.906209,0.146875,3.084084,3403.084084
poia_zt_authenticator,PoIA with ZT-Authenticator,120,2369,0.00175,0.018167,2.731,0.121542,2.874625,3402.874625
poia_zt_authenticator,PoIA with ZT-Authenticator,120,2370,0.00175,0.01775,8.686375,0.121917,8.829833,3408.829833
poia_zt_authenticator,PoIA with ZT-Authenticator,120,2371,0.003333,0.023333,0.06825,0.126375,0.224209,3400.224209
poia_zt_authenticator,PoIA with ZT-Authenticator,120,2372,0.00175,0.01775,1.624208,0.132709,1.778875,3401.778875
poia_zt_authenticator,PoIA with ZT-Authenticator,120,2373,0.001917,0.021791,0.056334,0.120542,0.202583,3400.202583
poia_zt_authenticator,PoIA with ZT-Authenticator,120,2374,0.002125,0.017958,0.910542,0.130458,1.063708,3401.063708
poia_zt_authenticator,PoIA with ZT-Authenticator,120,2375,0.002333,0.026958,2.291958,2.510292,4.834958,3404.834958
poia_zt_authenticator,PoIA with ZT-Authenticator,120,2376,0.005208,0.068417,3.315959,0.266625,3.660792,3403.660792
poia_zt_authenticator,PoIA with ZT-Authenticator,120,2377,0.002666,0.027333,1.937583,2.240833,4.211959,3404.211959
poia_zt_authenticator,PoIA with ZT-Authenticator,120,2378,0.001625,0.018166,2.091083,0.135875,2.249458,3402.249458
poia_zt_authenticator,PoIA with ZT-Authenticator,120,2379,0.001958,0.022083,2.830875,0.133875,2.991334,3402.991334
poia_zt_authenticator,PoIA with ZT-Authenticator,120,2380,0.002,0.025416,1.745459,0.139708,1.91525,3401.91525
poia_zt_authenticator,PoIA with ZT-Authenticator,120,2381,0.002583,0.022209,1.851,0.131292,2.009792,3402.009792
poia_zt_authenticator,PoIA with ZT-Authenticator,120,2382,0.001792,0.018042,2.180041,0.13475,2.33725,3402.33725
poia_zt_authenticator,PoIA with ZT-Authenticator,120,2383,0.002833,0.022791,4.282833,0.143625,4.455,3404.455
poia_zt_authenticator,PoIA with ZT-Authenticator,120,2384,0.001708,0.017667,2.523792,3.125167,5.671292,3405.671292
poia_zt_authenticator,PoIA with ZT-Authenticator,120,2385,0.001625,0.017834,7.092292,3.167625,10.283791,3410.283791
poia_zt_authenticator,PoIA with ZT-Authenticator,120,2386,0.001834,0.017959,4.096791,0.165791,4.284792,3404.284792
poia_zt_authenticator,PoIA with ZT-Authenticator,120,2387,0.00175,0.017625,1.846542,0.130833,1.99925,3401.99925
poia_zt_authenticator,PoIA with ZT-Authenticator,120,2388,0.001667,0.018209,2.58525,0.141875,2.74975,3402.74975
poia_zt_authenticator,PoIA with ZT-Authenticator,120,2389,0.002708,0.025833,0.07675,0.928916,1.037209,3401.037209
poia_zt_authenticator,PoIA with ZT-Authenticator,120,2390,0.002125,0.018958,9.560625,2.077834,11.664,3411.664
poia_zt_authenticator,PoIA with ZT-Authenticator,120,2391,0.00175,0.017834,2.496333,0.132625,2.651,3402.651
poia_zt_authenticator,PoIA with ZT-Authenticator,120,2392,0.00175,0.017708,0.119125,3.281208,3.422416,3403.422416
poia_zt_authenticator,PoIA with ZT-Authenticator,120,2393,0.002708,0.024542,3.75875,0.134333,3.923792,3403.923792
poia_zt_authenticator,PoIA with ZT-Authenticator,120,2394,0.002458,0.021834,0.057416,0.1345,0.218708,3400.218708
poia_zt_authenticator,PoIA with ZT-Authenticator,120,2395,0.001792,0.01775,1.451417,0.145791,1.619292,3401.619292
poia_zt_authenticator,PoIA with ZT-Authenticator,120,2396,0.002583,0.026,4.437667,2.832875,7.303708,3407.303708
poia_zt_authenticator,PoIA with ZT-Authenticator,120,2397,0.00175,0.018334,3.512083,1.286083,4.821042,3404.821042
poia_zt_authenticator,PoIA with ZT-Authenticator,120,2398,0.002042,0.022583,2.627458,2.49975,5.156416,3405.156416
poia_zt_authenticator,PoIA with ZT-Authenticator,120,2399,0.00175,0.018125,1.941,0.3425,2.305917,3402.305917
poia_zt_authenticator,PoIA with ZT-Authenticator,120,2400,0.002417,0.026917,2.51575,0.146833,2.694958,3402.694958
poia_zt_authenticator,PoIA with ZT-Authenticator,120,2401,0.002,0.021959,1.480125,0.132458,1.639083,3401.639083
poia_zt_authenticator,PoIA with ZT-Authenticator,120,2402,0.001916,0.017458,2.189625,0.133917,2.345416,3402.345416
poia_zt_authenticator,PoIA with ZT-Authenticator,120,2403,0.001875,0.018208,1.991209,0.129917,2.143792,3402.143792
poia_zt_authenticator,PoIA with ZT-Authenticator,120,2404,0.001666,0.018292,0.052292,0.119667,0.193833,3400.193833
poia_zt_authenticator,PoIA with ZT-Authenticator,120,2405,0.001958,0.018708,3.290041,0.136708,3.449875,3403.449875
poia_zt_authenticator,PoIA with ZT-Authenticator,120,2406,0.003917,0.041417,6.314708,2.401042,8.764625,3408.764625
poia_zt_authenticator,PoIA with ZT-Authenticator,120,2407,0.002584,0.028459,1.67675,0.139583,1.850542,3401.850542
poia_zt_authenticator,PoIA with ZT-Authenticator,120,2408,0.001667,0.017625,6.084042,0.136667,6.2425,3406.2425
poia_zt_authenticator,PoIA with ZT-Authenticator,120,2409,0.001916,0.018167,1.406333,2.805833,4.235333,3404.235333
poia_zt_authenticator,PoIA with ZT-Authenticator,120,2410,0.001709,0.017584,0.069833,0.12075,0.212,3400.212
poia_zt_authenticator,PoIA with ZT-Authenticator,120,2411,0.002,0.022083,2.37825,2.323375,4.728792,3404.728792
poia_zt_authenticator,PoIA with ZT-Authenticator,120,2412,0.001666,0.017583,1.671791,2.736,4.429542,3404.429542
poia_zt_authenticator,PoIA with ZT-Authenticator,120,2413,0.0015,0.021542,1.734833,0.127792,1.888208,3401.888208
poia_zt_authenticator,PoIA with ZT-Authenticator,120,2414,0.001833,0.017708,1.481625,0.123875,1.627209,3401.627209
poia_zt_authenticator,PoIA with ZT-Authenticator,120,2415,0.001959,0.018125,1.940125,0.131875,2.094834,3402.094834
poia_zt_authenticator,PoIA with ZT-Authenticator,120,2416,0.002708,0.0295,6.564625,0.134,6.733875,3406.733875
poia_zt_authenticator,PoIA with ZT-Authenticator,120,2417,0.001708,0.019125,2.905625,3.618291,6.548958,3406.548958
poia_zt_authenticator,PoIA with ZT-Authenticator,120,2418,0.001667,0.01825,0.967958,0.133709,1.124084,3401.124084
poia_zt_authenticator,PoIA with ZT-Authenticator,120,2419,0.001833,0.018208,7.565584,3.522208,11.111917,3411.111917
poia_zt_authenticator,PoIA with ZT-Authenticator,120,2420,0.001917,0.021125,1.995917,0.137125,2.158667,3402.158667
poia_zt_authenticator,PoIA with ZT-Authenticator,120,2421,0.001958,0.017958,1.80475,0.128708,1.955875,3401.955875
poia_zt_authenticator,PoIA with ZT-Authenticator,120,2422,0.001667,0.017625,1.755291,0.132584,1.909709,3401.909709
poia_zt_authenticator,PoIA with ZT-Authenticator,120,2423,0.001791,0.017666,0.909917,0.131083,1.063125,3401.063125
poia_zt_authenticator,PoIA with ZT-Authenticator,120,2424,0.001916,0.018291,2.528041,0.127041,2.677709,3402.677709
poia_zt_authenticator,PoIA with ZT-Authenticator,120,2425,0.002,0.021333,1.918375,0.151167,2.095875,3402.095875
poia_zt_authenticator,PoIA with ZT-Authenticator,120,2426,0.001875,0.021625,7.213458,0.129875,7.369208,3407.369208
poia_zt_authenticator,PoIA with ZT-Authenticator,120,2427,0.00175,0.021291,1.45475,3.2065,4.687333,3404.687333
poia_zt_authenticator,PoIA with ZT-Authenticator,120,2428,0.001666,0.018375,1.073666,0.129125,1.225542,3401.225542
poia_zt_authenticator,PoIA with ZT-Authenticator,120,2429,0.001666,0.018,1.2925,0.130583,1.445208,3401.445208
poia_zt_authenticator,PoIA with ZT-Authenticator,120,2430,0.00175,0.0175,1.823375,0.151542,1.997125,3401.997125
poia_zt_authenticator,PoIA with ZT-Authenticator,120,2431,0.001667,0.019,4.689708,0.141875,4.854792,3404.854792
poia_zt_authenticator,PoIA with ZT-Authenticator,120,2432,0.001792,0.018209,2.547583,0.1335,2.703708,3402.703708
poia_zt_authenticator,PoIA with ZT-Authenticator,120,2433,0.007166,0.052541,12.749167,1.255791,14.069208,3414.069208
poia_zt_authenticator,PoIA with ZT-Authenticator,120,2434,0.001458,0.017458,0.983583,0.856292,1.861959,3401.861959
poia_zt_authenticator,PoIA with ZT-Authenticator,120,2435,0.001833,0.018,0.057208,6.317291,6.39675,3406.39675
poia_zt_authenticator,PoIA with ZT-Authenticator,120,2436,0.002917,0.020875,3.167291,11.016834,14.211833,3414.211833
poia_zt_authenticator,PoIA with ZT-Authenticator,120,2437,0.001584,0.017625,1.9165,0.132167,2.070458,3402.070458
poia_zt_authenticator,PoIA with ZT-Authenticator,120,2438,0.001375,0.018,3.493042,3.281209,6.795625,3406.795625
poia_zt_authenticator,PoIA with ZT-Authenticator,120,2439,0.001875,0.018417,6.126167,0.176792,6.326417,3406.326417
poia_zt_authenticator,PoIA with ZT-Authenticator,120,2440,0.005333,0.06225,3.088125,0.251291,3.413125,3403.413125
poia_zt_authenticator,PoIA with ZT-Authenticator,120,2441,0.001792,0.018084,1.626,0.135167,1.783709,3401.783709
poia_zt_authenticator,PoIA with ZT-Authenticator,120,2442,0.001875,0.018458,1.809375,0.134292,1.966625,3401.966625
poia_zt_authenticator,PoIA with ZT-Authenticator,120,2443,0.001583,0.021167,5.24225,2.017166,7.285375,3407.285375
poia_zt_authenticator,PoIA with ZT-Authenticator,120,2444,0.001667,0.017291,4.389375,1.876167,6.2875,3406.2875
poia_zt_authenticator,PoIA with ZT-Authenticator,120,2445,0.002292,0.022083,1.685417,0.133292,1.845916,3401.845916
poia_zt_authenticator,PoIA with ZT-Authenticator,120,2446,0.001959,0.018,7.226875,1.81975,9.069791,3409.069791
poia_zt_authenticator,PoIA with ZT-Authenticator,120,2447,0.00225,0.019583,7.845125,1.453208,9.323083,3409.323083
poia_zt_authenticator,PoIA with ZT-Authenticator,120,2448,0.002125,0.021125,4.812916,0.348042,5.189417,3405.189417
poia_zt_authenticator,PoIA with ZT-Authenticator,120,2449,0.002417,0.030375,0.065792,5.904125,6.005459,3406.005459
poia_zt_authenticator,PoIA with ZT-Authenticator,120,2450,0.00175,0.018208,2.793334,1.436458,4.252917,3404.252917
poia_zt_authenticator,PoIA with ZT-Authenticator,120,2451,0.002208,0.026833,2.856375,0.835291,3.724292,3403.724292
poia_zt_authenticator,PoIA with ZT-Authenticator,120,2452,0.004584,0.052333,3.253875,4.963042,8.277959,3408.277959
poia_zt_authenticator,PoIA with ZT-Authenticator,120,2453,0.001709,0.018,2.081375,0.131333,2.235041,3402.235041
poia_zt_authenticator,PoIA with ZT-Authenticator,120,2454,0.002,0.022041,1.077417,1.082792,2.186584,3402.186584
poia_zt_authenticator,PoIA with ZT-Authenticator,120,2455,0.00175,0.018041,1.096917,0.139583,1.258875,3401.258875
poia_zt_authenticator,PoIA with ZT-Authenticator,120,2456,0.001708,0.018125,2.571042,5.450083,8.044042,3408.044042
poia_zt_authenticator,PoIA with ZT-Authenticator,120,2457,0.001875,0.01825,6.715792,0.136708,6.875084,3406.875084
poia_zt_authenticator,PoIA with ZT-Authenticator,120,2458,0.003125,0.031125,0.117375,3.111333,3.2665,3403.2665
poia_zt_authenticator,PoIA with ZT-Authenticator,120,2459,0.001542,0.021416,1.488208,0.127917,1.641584,3401.641584
poia_zt_authenticator,PoIA with ZT-Authenticator,120,2460,0.002083,0.021625,1.285875,0.139209,1.4515,3401.4515
poia_zt_authenticator,PoIA with ZT-Authenticator,120,2461,0.016875,0.027625,0.072792,0.1505,0.271542,3400.271542
poia_zt_authenticator,PoIA with ZT-Authenticator,120,2462,0.001667,0.017875,2.101416,2.313083,4.436334,3404.436334
poia_zt_authenticator,PoIA with ZT-Authenticator,120,2463,0.001875,0.021708,1.110042,4.894542,6.031333,3406.031333
poia_zt_authenticator,PoIA with ZT-Authenticator,120,2464,0.002417,0.023375,6.131333,0.196041,6.357209,3406.357209
poia_zt_authenticator,PoIA with ZT-Authenticator,120,2465,0.001959,0.021459,2.248666,4.37325,6.648583,3406.648583
poia_zt_authenticator,PoIA with ZT-Authenticator,120,2466,0.001792,0.018042,2.729542,0.133416,2.885375,3402.885375
poia_zt_authenticator,PoIA with ZT-Authenticator,120,2467,0.002,0.021375,1.848041,0.132083,2.006208,3402.006208
poia_zt_authenticator,PoIA with ZT-Authenticator,120,2468,0.00175,0.030375,1.51925,1.50425,3.058875,3403.058875
poia_zt_authenticator,PoIA with ZT-Authenticator,120,2469,0.002041,0.025709,1.577958,0.127833,1.736208,3401.736208
poia_zt_authenticator,PoIA with ZT-Authenticator,120,2470,0.00175,0.018208,10.219542,0.134334,10.376459,3410.376459
poia_zt_authenticator,PoIA with ZT-Authenticator,120,2471,0.002375,0.024959,2.405583,0.136083,2.571458,3402.571458
poia_zt_authenticator,PoIA with ZT-Authenticator,120,2472,0.001917,0.01875,2.737458,0.132625,2.893375,3402.893375
poia_zt_authenticator,PoIA with ZT-Authenticator,120,2473,0.002417,0.022833,2.2825,0.132875,2.443625,3402.443625
poia_zt_authenticator,PoIA with ZT-Authenticator,120,2474,0.00175,0.017834,2.175916,0.135167,2.333208,3402.333208
poia_zt_authenticator,PoIA with ZT-Authenticator,120,2475,0.001667,0.018292,1.597917,0.130625,1.751042,3401.751042
poia_zt_authenticator,PoIA with ZT-Authenticator,120,2476,0.001709,0.017917,1.634875,10.469834,12.127542,3412.127542
poia_zt_authenticator,PoIA with ZT-Authenticator,120,2477,0.001458,0.018,6.324625,0.187625,6.535,3406.535
poia_zt_authenticator,PoIA with ZT-Authenticator,120,2478,0.002084,0.018958,1.679584,0.128833,1.831916,3401.831916
poia_zt_authenticator,PoIA with ZT-Authenticator,120,2479,0.00275,0.02625,1.395834,0.132666,1.560708,3401.560708
poia_zt_authenticator,PoIA with ZT-Authenticator,120,2480,0.002708,0.027084,17.224334,0.162125,17.419417,3417.419417
poia_zt_authenticator,PoIA with ZT-Authenticator,120,2481,0.001792,0.018084,1.907916,1.880792,3.811708,3403.811708
poia_zt_authenticator,PoIA with ZT-Authenticator,120,2482,0.00225,0.020125,2.566041,0.147542,2.738667,3402.738667
poia_zt_authenticator,PoIA with ZT-Authenticator,120,2483,0.001625,0.021125,2.711541,0.133,2.869791,3402.869791
poia_zt_authenticator,PoIA with ZT-Authenticator,120,2484,0.001625,0.018875,2.520875,0.127875,2.671625,3402.671625
poia_zt_authenticator,PoIA with ZT-Authenticator,120,2485,0.001917,0.021667,1.423166,0.133042,1.582375,3401.582375
poia_zt_authenticator,PoIA with ZT-Authenticator,120,2486,0.002334,0.019834,4.660875,0.14275,4.828583,3404.828583
poia_zt_authenticator,PoIA with ZT-Authenticator,120,2487,0.002083,0.02375,1.966542,2.71375,4.710042,3404.710042
poia_zt_authenticator,PoIA with ZT-Authenticator,120,2488,0.001583,0.01825,0.07075,0.507458,0.600792,3400.600792
poia_zt_authenticator,PoIA with ZT-Authenticator,120,2489,0.001667,0.017583,0.050417,1.701959,1.774042,3401.774042
poia_zt_authenticator,PoIA with ZT-Authenticator,120,2490,0.00225,0.025959,2.074333,0.150583,2.255875,3402.255875
poia_zt_authenticator,PoIA with ZT-Authenticator,120,2491,0.002584,0.023,7.345708,0.141042,7.515,3407.515
poia_zt_authenticator,PoIA with ZT-Authenticator,120,2492,0.001708,0.019166,3.084291,0.136875,3.244667,3403.244667
poia_zt_authenticator,PoIA with ZT-Authenticator,120,2493,0.001667,0.01775,2.0105,0.154292,2.186958,3402.186958
poia_zt_authenticator,PoIA with ZT-Authenticator,120,2494,0.001792,0.018042,1.26425,0.128584,1.415291,3401.415291
poia_zt_authenticator,PoIA with ZT-Authenticator,120,2495,0.001625,0.017708,1.102833,1.062666,2.187917,3402.187917
poia_zt_authenticator,PoIA with ZT-Authenticator,120,2496,0.001917,0.020833,8.101792,3.794625,11.922709,3411.922709
poia_zt_authenticator,PoIA with ZT-Authenticator,120,2497,0.002667,0.024167,6.628333,0.162292,6.821334,3406.821334
poia_zt_authenticator,PoIA with ZT-Authenticator,120,2498,0.001917,0.040875,1.390291,0.133083,1.569042,3401.569042
poia_zt_authenticator,PoIA with ZT-Authenticator,120,2499,0.001834,0.017875,5.154542,0.135542,5.312333,3405.312333
poia_zt_authenticator,PoIA with ZT-Authenticator,120,2500,0.00175,0.018125,2.711625,3.877167,6.614708,3406.614708
poia_zt_authenticator,PoIA with ZT-Authenticator,120,2501,0.002708,0.026583,0.121166,0.373833,0.530666,3400.530666
poia_zt_authenticator,PoIA with ZT-Authenticator,120,2502,0.001917,0.022125,2.129584,1.255125,3.411375,3403.411375
poia_zt_authenticator,PoIA with ZT-Authenticator,120,2503,0.002458,0.021333,2.148125,0.154,2.328583,3402.328583
poia_zt_authenticator,PoIA with ZT-Authenticator,120,2504,0.002083,0.018708,3.162667,0.335542,3.523333,3403.523333
poia_zt_authenticator,PoIA with ZT-Authenticator,120,2505,0.002667,0.029042,0.85225,0.746292,1.634042,3401.634042
poia_zt_authenticator,PoIA with ZT-Authenticator,120,2506,0.002,0.021792,11.156208,8.2295,19.413833,3419.413833
poia_zt_authenticator,PoIA with ZT-Authenticator,120,2507,0.002,0.022542,0.110042,11.938958,12.076667,3412.076667
poia_zt_authenticator,PoIA with ZT-Authenticator,120,2508,0.001708,0.017667,5.119292,0.135,5.276209,3405.276209
poia_zt_authenticator,PoIA with ZT-Authenticator,120,2509,0.002333,0.019417,2.813875,1.101833,3.940625,3403.940625
poia_zt_authenticator,PoIA with ZT-Authenticator,120,2510,0.002041,0.018458,2.637417,0.955541,3.616834,3403.616834
poia_zt_authenticator,PoIA with ZT-Authenticator,120,2511,0.001833,0.018834,1.528584,0.133292,1.685292,3401.685292
poia_zt_authenticator,PoIA with ZT-Authenticator,120,2512,0.0025,0.030833,2.120416,0.139375,2.296125,3402.296125
poia_zt_authenticator,PoIA with ZT-Authenticator,120,2513,0.001709,0.017459,2.124542,0.130583,2.276916,3402.276916
poia_zt_authenticator,PoIA with ZT-Authenticator,120,2514,0.002333,0.020791,1.010209,0.142625,1.178584,3401.178584
poia_zt_authenticator,PoIA with ZT-Authenticator,120,2515,0.001792,0.018167,3.371291,0.146666,3.540625,3403.540625
poia_zt_authenticator,PoIA with ZT-Authenticator,120,2516,0.001666,0.017792,1.628375,0.140583,1.791,3401.791
poia_zt_authenticator,PoIA with ZT-Authenticator,120,2517,0.001875,0.021792,1.634833,1.658042,3.319583,3403.319583
poia_zt_authenticator,PoIA with ZT-Authenticator,120,2518,0.002,0.0185,10.081875,3.78425,13.889916,3413.889916
poia_zt_authenticator,PoIA with ZT-Authenticator,120,2519,0.001708,0.018541,2.355041,0.132667,2.5105,3402.5105
poia_zt_authenticator,PoIA with ZT-Authenticator,120,2520,0.001916,0.021208,0.977209,0.131167,1.133958,3401.133958
poia_zt_authenticator,PoIA with ZT-Authenticator,120,2521,0.001792,0.018417,5.083625,2.9805,8.087791,3408.087791
poia_zt_authenticator,PoIA with ZT-Authenticator,120,2522,0.001917,0.017875,5.375291,6.599792,11.998166,3411.998166
poia_zt_authenticator,PoIA with ZT-Authenticator,120,2523,0.002917,0.02225,0.089625,0.122875,0.240375,3400.240375
poia_zt_authenticator,PoIA with ZT-Authenticator,120,2524,0.002416,0.026458,2.866167,1.2985,4.198334,3404.198334
poia_zt_authenticator,PoIA with ZT-Authenticator,120,2525,0.001542,0.020042,0.936292,0.145875,1.106542,3401.106542
poia_zt_authenticator,PoIA with ZT-Authenticator,120,2526,0.001792,0.028791,7.431041,0.136041,7.600209,3407.600209
poia_zt_authenticator,PoIA with ZT-Authenticator,120,2527,0.001791,0.017916,1.678167,0.132875,1.833417,3401.833417
poia_zt_authenticator,PoIA with ZT-Authenticator,120,2528,0.00275,0.028834,0.074292,0.136542,0.244875,3400.244875
poia_zt_authenticator,PoIA with ZT-Authenticator,120,2529,0.002125,0.01825,2.701375,3.653584,6.379417,3406.379417
poia_zt_authenticator,PoIA with ZT-Authenticator,120,2530,0.001917,0.018042,2.741209,0.132709,2.896458,3402.896458
poia_zt_authenticator,PoIA with ZT-Authenticator,120,2531,0.002125,0.018541,2.132709,0.174416,2.333625,3402.333625
poia_zt_authenticator,PoIA with ZT-Authenticator,120,2532,0.001833,0.018125,2.841958,0.748375,3.6165,3403.6165
poia_zt_authenticator,PoIA with ZT-Authenticator,120,2533,0.001958,0.019708,2.366583,10.225958,12.617375,3412.617375
poia_zt_authenticator,PoIA with ZT-Authenticator,120,2534,0.001917,0.018333,12.415292,0.136375,12.574458,3412.574458
poia_zt_authenticator,PoIA with ZT-Authenticator,120,2535,0.001542,0.017542,5.368292,10.308125,15.697917,3415.697917
poia_zt_authenticator,PoIA with ZT-Authenticator,120,2536,0.00175,0.018167,12.847541,10.310917,23.181417,3423.181417
poia_zt_authenticator,PoIA with ZT-Authenticator,120,2537,0.001542,0.017666,15.204291,0.138417,15.364458,3415.364458
poia_zt_authenticator,PoIA with ZT-Authenticator,120,2538,0.001917,0.021458,2.817375,12.287875,15.13175,3415.13175
poia_zt_authenticator,PoIA with ZT-Authenticator,120,2539,0.001833,0.018,2.516291,17.767417,20.306792,3420.306792
poia_zt_authenticator,PoIA with ZT-Authenticator,120,2540,0.001667,0.017666,2.68075,12.047084,14.750292,3414.750292
poia_zt_authenticator,PoIA with ZT-Authenticator,120,2541,0.001917,0.021416,2.569791,11.90525,14.50125,3414.50125
poia_zt_authenticator,PoIA with ZT-Authenticator,120,2542,0.0025,0.022584,5.281541,11.8635,17.173916,3417.173916
poia_zt_authenticator,PoIA with ZT-Authenticator,120,2543,0.001708,0.018041,2.696292,12.628458,15.347625,3415.347625
poia_zt_authenticator,PoIA with ZT-Authenticator,120,2544,0.001875,0.021666,5.240334,12.551667,17.818791,3417.818791
poia_zt_authenticator,PoIA with ZT-Authenticator,120,2545,0.001667,0.01775,2.578959,12.241708,14.843167,3414.843167
poia_zt_authenticator,PoIA with ZT-Authenticator,120,2546,0.001834,0.018,7.924875,12.521125,20.468875,3420.468875
poia_zt_authenticator,PoIA with ZT-Authenticator,120,2547,0.001833,0.021333,2.560542,12.301916,14.888208,3414.888208
poia_zt_authenticator,PoIA with ZT-Authenticator,120,2548,0.00175,0.018042,2.408333,12.339166,14.770541,3414.770541
poia_zt_authenticator,PoIA with ZT-Authenticator,120,2549,0.001625,0.029833,15.421708,2.205916,17.662833,3417.662833
poia_zt_authenticator,PoIA with ZT-Authenticator,120,2550,0.003375,0.025125,2.137458,0.140875,2.309708,3402.309708
poia_zt_authenticator,PoIA with ZT-Authenticator,120,2551,0.002208,0.018709,2.123083,0.155791,2.302541,3402.302541
poia_zt_authenticator,PoIA with ZT-Authenticator,120,2552,0.002459,0.023209,2.121708,0.135167,2.285,3402.285
poia_zt_authenticator,PoIA with ZT-Authenticator,120,2553,0.001708,0.0175,16.494292,0.152958,16.669541,3416.669541
poia_zt_authenticator,PoIA with ZT-Authenticator,120,2554,0.002917,0.029709,2.212209,0.153208,2.401208,3402.401208
poia_zt_authenticator,PoIA with ZT-Authenticator,120,2555,0.002042,0.02475,2.133833,0.138833,2.302084,3402.302084
poia_zt_authenticator,PoIA with ZT-Authenticator,120,2556,0.002125,0.022333,2.10825,0.152208,2.287875,3402.287875
poia_zt_authenticator,PoIA with ZT-Authenticator,120,2557,0.002125,0.023542,2.047375,0.133792,2.2095,3402.2095
poia_zt_authenticator,PoIA with ZT-Authenticator,120,2558,0.002417,0.025209,2.015875,0.131959,2.178,3402.178
poia_zt_authenticator,PoIA with ZT-Authenticator,120,2559,0.001958,0.017666,17.972667,1.987833,19.983375,3419.983375
poia_zt_authenticator,PoIA with ZT-Authenticator,120,2560,0.001833,0.018084,12.416875,3.945666,16.385875,3416.385875
poia_zt_authenticator,PoIA with ZT-Authenticator,120,2561,0.001625,0.017625,17.313292,1.985125,19.320584,3419.320584
poia_zt_authenticator,PoIA with ZT-Authenticator,120,2562,0.001833,0.017833,1.981416,0.150125,2.153791,3402.153791
poia_zt_authenticator,PoIA with ZT-Authenticator,120,2563,0.002,0.022542,3.867958,0.1525,4.047584,3404.047584
poia_zt_authenticator,PoIA with ZT-Authenticator,120,2564,0.002,0.018584,1.976042,0.136375,2.135666,3402.135666
poia_zt_authenticator,PoIA with ZT-Authenticator,120,2565,0.001875,0.022167,1.9515,0.133375,2.1115,3402.1115
poia_zt_authenticator,PoIA with ZT-Authenticator,120,2566,0.002708,0.0275,3.964667,0.134458,4.132333,3404.132333
poia_zt_authenticator,PoIA with ZT-Authenticator,120,2567,0.002375,0.029584,3.8785,0.1355,4.048708,3404.048708
poia_zt_authenticator,PoIA with ZT-Authenticator,120,2568,0.001917,0.023583,3.852917,0.132708,4.013792,3404.013792
poia_zt_authenticator,PoIA with ZT-Authenticator,120,2569,0.001959,0.022459,3.849417,0.13375,4.010083,3404.010083
poia_zt_authenticator,PoIA with ZT-Authenticator,120,2570,0.002291,0.022667,3.827042,0.138041,3.992583,3403.992583
poia_zt_authenticator,PoIA with ZT-Authenticator,120,2571,0.001917,0.02225,1.971875,1.91,3.909167,3403.909167
poia_zt_authenticator,PoIA with ZT-Authenticator,120,2572,0.002291,0.023084,1.935417,1.938292,3.902334,3403.902334
poia_zt_authenticator,PoIA with ZT-Authenticator,120,2573,0.00225,0.02525,1.9225,0.132667,2.085417,3402.085417
poia_zt_authenticator,PoIA with ZT-Authenticator,120,2574,0.002334,0.021833,1.8955,0.137084,2.0595,3402.0595
poia_zt_authenticator,PoIA with ZT-Authenticator,120,2575,0.00175,0.018625,1.87525,0.144875,2.043,3402.043
poia_zt_authenticator,PoIA with ZT-Authenticator,120,2576,0.001875,0.018125,1.882542,0.135583,2.040625,3402.040625
poia_zt_authenticator,PoIA with ZT-Authenticator,120,2577,0.002208,0.02225,2.182166,3.789291,5.999,3405.999
poia_zt_authenticator,PoIA with ZT-Authenticator,120,2578,0.001916,0.018333,1.950916,0.149125,2.122959,3402.122959
poia_zt_authenticator,PoIA with ZT-Authenticator,120,2579,0.001833,0.017791,1.967583,0.132291,2.122042,3402.122042
poia_zt_authenticator,PoIA with ZT-Authenticator,120,2580,0.001708,0.018042,1.965542,0.133667,2.121459,3402.121459
poia_zt_authenticator,PoIA with ZT-Authenticator,120,2581,0.00175,0.01825,1.763291,1.97425,3.761833,3403.761833
poia_zt_authenticator,PoIA with ZT-Authenticator,120,2582,0.001833,0.022583,1.961333,0.155917,2.144292,3402.144292
poia_zt_authenticator,PoIA with ZT-Authenticator,120,2583,0.002125,0.022625,3.741875,0.133208,3.9025,3403.9025
poia_zt_authenticator,PoIA with ZT-Authenticator,120,2584,0.00175,0.017833,1.976042,0.131958,2.130125,3402.130125
poia_zt_authenticator,PoIA with ZT-Authenticator,120,2585,0.002208,0.023666,1.912334,0.135667,2.076334,3402.076334
poia_zt_authenticator,PoIA with ZT-Authenticator,120,2586,0.001667,0.018209,7.424792,0.135125,7.582292,3407.582292
poia_zt_authenticator,PoIA with ZT-Authenticator,120,2587,0.002625,0.025625,2.121333,5.529541,7.682875,3407.682875
poia_zt_authenticator,PoIA with ZT-Authenticator,120,2588,0.002875,0.023083,1.946209,1.940959,3.916792,3403.916792
poia_zt_authenticator,PoIA with ZT-Authenticator,120,2589,0.001834,0.018917,5.562791,0.1315,5.71775,3405.71775
poia_zt_authenticator,PoIA with ZT-Authenticator,120,2590,0.002125,0.022667,1.918291,0.132542,2.078291,3402.078291
poia_zt_authenticator,PoIA with ZT-Authenticator,120,2591,0.002167,0.020083,5.537584,0.132666,5.695125,3405.695125
poia_zt_authenticator,PoIA with ZT-Authenticator,120,2592,0.00175,0.0175,1.913667,0.132459,2.067792,3402.067792
poia_zt_authenticator,PoIA with ZT-Authenticator,120,2593,0.001916,0.019667,1.885417,0.135542,2.045042,3402.045042
poia_zt_authenticator,PoIA with ZT-Authenticator,120,2594,0.002,0.018583,3.73375,0.132625,3.889542,3403.889542
poia_zt_authenticator,PoIA with ZT-Authenticator,120,2595,0.00175,0.017791,1.888334,0.133,2.043375,3402.043375
poia_zt_authenticator,PoIA with ZT-Authenticator,120,2596,0.001792,0.018209,7.210791,0.134459,7.367875,3407.367875
poia_zt_authenticator,PoIA with ZT-Authenticator,120,2597,0.002166,0.018083,1.888792,0.13275,2.0445,3402.0445
poia_zt_authenticator,PoIA with ZT-Authenticator,120,2598,0.001667,0.017958,1.894542,0.132,2.04875,3402.04875
poia_zt_authenticator,PoIA with ZT-Authenticator,120,2599,0.002,0.022167,1.945167,0.14425,2.116167,3402.116167
poia_zt_authenticator,PoIA with ZT-Authenticator,120,2600,0.002666,0.023083,1.925583,0.141667,2.096083,3402.096083
poia_zt_authenticator,PoIA with ZT-Authenticator,120,2601,0.002375,0.022625,1.923833,0.132917,2.084333,3402.084333
poia_zt_authenticator,PoIA with ZT-Authenticator,120,2602,0.002042,0.0185,3.721833,0.131875,3.876875,3403.876875
poia_zt_authenticator,PoIA with ZT-Authenticator,120,2603,0.001834,0.018667,1.926834,0.132083,2.081958,3402.081958
poia_zt_authenticator,PoIA with ZT-Authenticator,120,2604,0.001708,0.01825,3.718,0.133,3.8735,3403.8735
poia_zt_authenticator,PoIA with ZT-Authenticator,120,2605,0.001875,0.018708,5.528208,1.944875,7.496833,3407.496833
poia_zt_authenticator,PoIA with ZT-Authenticator,120,2606,0.001833,0.018209,1.925208,0.146084,2.093916,3402.093916
poia_zt_authenticator,PoIA with ZT-Authenticator,120,2607,0.002083,0.02125,5.533083,0.144458,5.703417,3405.703417
poia_zt_authenticator,PoIA with ZT-Authenticator,120,2608,0.001875,0.018125,3.710125,0.131959,3.864583,3403.864583
poia_zt_authenticator,PoIA with ZT-Authenticator,120,2609,0.001791,0.017459,5.524083,0.1365,5.682292,3405.682292
poia_zt_authenticator,PoIA with ZT-Authenticator,120,2610,0.001834,0.018417,1.9645,0.133208,2.120583,3402.120583
poia_zt_authenticator,PoIA with ZT-Authenticator,120,2611,0.001542,0.017833,1.98125,0.134667,2.137917,3402.137917
poia_zt_authenticator,PoIA with ZT-Authenticator,120,2612,0.001625,0.017583,1.983291,0.132458,2.137541,3402.137541
poia_zt_authenticator,PoIA with ZT-Authenticator,120,2613,0.001667,0.018042,1.985375,0.137708,2.145416,3402.145416
poia_zt_authenticator,PoIA with ZT-Authenticator,120,2614,0.002,0.01825,1.993792,0.133167,2.149875,3402.149875
poia_zt_authenticator,PoIA with ZT-Authenticator,120,2615,0.001667,0.017584,1.993167,0.133,2.147959,3402.147959
poia_zt_authenticator,PoIA with ZT-Authenticator,120,2616,0.001709,0.017917,1.962792,5.759916,7.745333,3407.745333
poia_zt_authenticator,PoIA with ZT-Authenticator,120,2617,0.001917,0.021709,1.890042,3.841542,5.758375,3405.758375
poia_zt_authenticator,PoIA with ZT-Authenticator,120,2618,0.002041,0.021,2.014959,0.14725,2.187833,3402.187833
poia_zt_authenticator,PoIA with ZT-Authenticator,120,2619,0.001667,0.018334,2.012791,0.142,2.177333,3402.177333
poia_zt_authenticator,PoIA with ZT-Authenticator,120,2620,0.001708,0.018041,3.910458,0.138625,4.0715,3404.0715
poia_zt_authenticator,PoIA with ZT-Authenticator,120,2621,0.001667,0.022834,2.012666,0.132334,2.172084,3402.172084
poia_zt_authenticator,PoIA with ZT-Authenticator,120,2622,0.001833,0.01825,1.905959,5.640041,7.569083,3407.569083
poia_zt_authenticator,PoIA with ZT-Authenticator,120,2623,0.001959,0.017875,2.020042,0.134084,2.176833,3402.176833
poia_zt_authenticator,PoIA with ZT-Authenticator,120,2624,0.001917,0.017958,2.032834,0.134166,2.189416,3402.189416
poia_zt_authenticator,PoIA with ZT-Authenticator,120,2625,0.001959,0.017958,1.924541,5.787916,7.735375,3407.735375
poia_zt_authenticator,PoIA with ZT-Authenticator,120,2626,0.001875,0.018125,1.92125,5.813834,7.758167,3407.758167
poia_zt_authenticator,PoIA with ZT-Authenticator,120,2627,0.001584,0.033084,2.145375,0.133916,2.316708,3402.316708
poia_zt_authenticator,PoIA with ZT-Authenticator,120,2628,0.001917,0.020042,11.2575,0.136583,11.418667,3411.418667
poia_zt_authenticator,PoIA with ZT-Authenticator,120,2629,0.001625,0.017958,2.151625,0.132625,2.306375,3402.306375
poia_zt_authenticator,PoIA with ZT-Authenticator,120,2630,0.00175,0.017875,5.75775,0.134958,5.914667,3405.914667
poia_zt_authenticator,PoIA with ZT-Authenticator,120,2631,0.001541,0.01775,1.924167,2.177708,4.124208,3404.124208
poia_zt_authenticator,PoIA with ZT-Authenticator,120,2632,0.00175,0.017666,2.014875,2.17875,4.216209,3404.216209
poia_zt_authenticator,PoIA with ZT-Authenticator,120,2633,0.002083,0.021167,2.162917,0.145542,2.334333,3402.334333
poia_zt_authenticator,PoIA with ZT-Authenticator,120,2634,0.001709,0.017791,3.990292,0.134958,4.14725,3404.14725
poia_zt_authenticator,PoIA with ZT-Authenticator,120,2635,0.00175,0.018209,2.164125,0.1345,2.321083,3402.321083
poia_zt_authenticator,PoIA with ZT-Authenticator,120,2636,0.002541,0.0195,2.181125,0.134791,2.340459,3402.340459
poia_zt_authenticator,PoIA with ZT-Authenticator,120,2637,0.001708,0.022125,2.186792,0.13325,2.346459,3402.346459
poia_zt_authenticator,PoIA with ZT-Authenticator,120,2638,0.00275,0.023125,4.126833,0.134708,4.2905,3404.2905
poia_zt_authenticator,PoIA with ZT-Authenticator,120,2639,0.001625,0.018375,2.158541,0.144666,2.325792,3402.325792
poia_zt_authenticator,PoIA with ZT-Authenticator,120,2640,0.001708,0.017792,2.142,2.141625,4.30625,3404.30625
poia_zt_authenticator,PoIA with ZT-Authenticator,120,2641,0.001917,0.018125,7.82325,0.133917,7.97975,3407.97975
poia_zt_authenticator,PoIA with ZT-Authenticator,120,2642,0.001958,0.017708,4.1405,0.145042,4.307792,3404.307792
poia_zt_authenticator,PoIA with ZT-Authenticator,120,2643,0.001875,0.017875,1.995,4.178959,6.196917,3406.196917
poia_zt_authenticator,PoIA with ZT-Authenticator,120,2644,0.001708,0.017833,4.178917,0.13275,4.333791,3404.333791
poia_zt_authenticator,PoIA with ZT-Authenticator,120,2645,0.00175,0.017541,2.146291,0.132167,2.30025,3402.30025
poia_zt_authenticator,PoIA with ZT-Authenticator,120,2646,0.001833,0.023209,2.114125,0.137416,2.279208,3402.279208
poia_zt_authenticator,PoIA with ZT-Authenticator,120,2647,0.001875,0.018791,2.099417,0.137791,2.2605,3402.2605
poia_zt_authenticator,PoIA with ZT-Authenticator,120,2648,0.001959,0.022667,2.090458,0.133125,2.250791,3402.250791
poia_zt_authenticator,PoIA with ZT-Authenticator,120,2649,0.002083,0.023375,4.046292,0.132875,4.207208,3404.207208
poia_zt_authenticator,PoIA with ZT-Authenticator,120,2650,0.001833,0.018959,2.0635,0.1345,2.2215,3402.2215
poia_zt_authenticator,PoIA with ZT-Authenticator,120,2651,0.001708,0.018583,2.072292,0.131708,2.226792,3402.226792
poia_zt_authenticator,PoIA with ZT-Authenticator,120,2652,0.001875,0.022708,4.1685,0.135833,4.331459,3404.331459
poia_zt_authenticator,PoIA with ZT-Authenticator,120,2653,0.001584,0.018542,2.07125,0.132542,2.2265,3402.2265
poia_zt_authenticator,PoIA with ZT-Authenticator,120,2654,0.001834,0.018,4.044917,0.132666,4.200083,3404.200083
poia_zt_authenticator,PoIA with ZT-Authenticator,120,2655,0.001791,0.019,4.038125,0.133042,4.194584,3404.194584
poia_zt_authenticator,PoIA with ZT-Authenticator,120,2656,0.001833,0.018166,4.036709,0.1345,4.19375,3404.19375
poia_zt_authenticator,PoIA with ZT-Authenticator,120,2657,0.001834,0.023417,4.010375,0.135917,4.174042,3404.174042
poia_zt_authenticator,PoIA with ZT-Authenticator,120,2658,0.001917,0.022,4.147708,2.04175,6.216583,3406.216583
poia_zt_authenticator,PoIA with ZT-Authenticator,120,2659,0.001917,0.018042,5.886125,4.027167,9.936209,3409.936209
poia_zt_authenticator,PoIA with ZT-Authenticator,120,2660,0.001833,0.018541,2.044583,0.132125,2.199542,3402.199542
poia_zt_authenticator,PoIA with ZT-Authenticator,120,2661,0.001959,0.018917,2.042042,0.13375,2.199459,3402.199459
poia_zt_authenticator,PoIA with ZT-Authenticator,120,2662,0.001875,0.018709,2.072666,0.133875,2.229708,3402.229708
poia_zt_authenticator,PoIA with ZT-Authenticator,120,2663,0.001708,0.018375,2.076,0.133875,2.2325,3402.2325
poia_zt_authenticator,PoIA with ZT-Authenticator,120,2664,0.001792,0.018375,2.079709,0.13225,2.23475,3402.23475
poia_zt_authenticator,PoIA with ZT-Authenticator,120,2665,0.001792,0.0185,2.068875,0.134625,2.226459,3402.226459
poia_zt_authenticator,PoIA with ZT-Authenticator,120,2666,0.001666,0.018542,2.065458,0.134625,2.22275,3402.22275
poia_zt_authenticator,PoIA with ZT-Authenticator,120,2667,0.001584,0.01825,2.068667,0.13275,2.223833,3402.223833
poia_zt_authenticator,PoIA with ZT-Authenticator,120,2668,0.001667,0.018083,2.068,0.133125,2.223375,3402.223375
poia_zt_authenticator,PoIA with ZT-Authenticator,120,2669,0.001834,0.018209,2.066208,0.132375,2.221125,3402.221125
poia_zt_authenticator,PoIA with ZT-Authenticator,120,2670,0.002084,0.019167,3.958792,0.143541,4.126125,3404.126125
poia_zt_authenticator,PoIA with ZT-Authenticator,120,2671,0.002083,0.022167,2.041625,0.13575,2.205583,3402.205583
poia_zt_authenticator,PoIA with ZT-Authenticator,120,2672,0.001958,0.021208,2.031959,0.132875,2.190542,3402.190542
poia_zt_authenticator,PoIA with ZT-Authenticator,120,2673,0.001708,0.018041,2.096709,3.976875,6.096333,3406.096333
poia_zt_authenticator,PoIA with ZT-Authenticator,120,2674,0.002625,0.028875,2.042666,0.133,2.2105,3402.2105
poia_zt_authenticator,PoIA with ZT-Authenticator,120,2675,0.001792,0.018625,7.973125,0.134167,8.130125,3408.130125
poia_zt_authenticator,PoIA with ZT-Authenticator,120,2676,0.002417,0.032416,2.12225,6.004959,8.165334,3408.165334
poia_zt_authenticator,PoIA with ZT-Authenticator,120,2677,0.001709,0.017959,2.097958,0.150667,2.270916,3402.270916
poia_zt_authenticator,PoIA with ZT-Authenticator,120,2678,0.001625,0.017458,2.11425,0.132208,2.268167,3402.268167
poia_zt_authenticator,PoIA with ZT-Authenticator,120,2679,0.001667,0.018042,2.113292,0.133291,2.268792,3402.268792
poia_zt_authenticator,PoIA with ZT-Authenticator,120,2680,0.002167,0.021834,2.016375,4.07925,6.122916,3406.122916
poia_zt_authenticator,PoIA with ZT-Authenticator,120,2681,0.001667,0.018,2.111917,0.140375,2.274584,3402.274584
poia_zt_authenticator,PoIA with ZT-Authenticator,120,2682,0.00175,0.0185,2.1205,0.138708,2.281875,3402.281875
poia_zt_authenticator,PoIA with ZT-Authenticator,120,2683,0.001625,0.018458,4.072,0.136834,4.231417,3404.231417
poia_zt_authenticator,PoIA with ZT-Authenticator,120,2684,0.001708,0.018167,6.076292,4.054375,10.153625,3410.153625
poia_zt_authenticator,PoIA with ZT-Authenticator,120,2685,0.001709,0.017667,7.798917,5.99675,13.818041,3413.818041
poia_zt_authenticator,PoIA with ZT-Authenticator,120,2686,0.00175,0.018209,2.167458,0.13225,2.322209,3402.322209
poia_zt_authenticator,PoIA with ZT-Authenticator,120,2687,0.001875,0.018125,2.167666,0.139375,2.329709,3402.329709
poia_zt_authenticator,PoIA with ZT-Authenticator,120,2688,0.001708,0.018209,2.048,2.262959,4.333959,3404.333959
poia_zt_authenticator,PoIA with ZT-Authenticator,120,2689,0.002792,0.023666,2.248959,0.141375,2.420209,3402.420209
poia_zt_authenticator,PoIA with ZT-Authenticator,120,2690,0.001792,0.017791,2.265916,0.134667,2.422833,3402.422833
poia_zt_authenticator,PoIA with ZT-Authenticator,120,2691,0.001917,0.018042,2.267084,0.132667,2.422334,3402.422334
poia_zt_authenticator,PoIA with ZT-Authenticator,120,2692,0.002083,0.021792,2.262583,0.132417,2.421416,3402.421416
poia_zt_authenticator,PoIA with ZT-Authenticator,120,2693,0.00175,0.018375,2.2565,0.131875,2.411042,3402.411042
poia_zt_authenticator,PoIA with ZT-Authenticator,120,2694,0.001708,0.017708,2.254125,0.134167,2.41025,3402.41025
poia_zt_authenticator,PoIA with ZT-Authenticator,120,2695,0.001833,0.017834,2.255708,0.132125,2.410167,3402.410167
poia_zt_authenticator,PoIA with ZT-Authenticator,120,2696,0.001666,0.018125,2.119042,2.271792,4.413625,3404.413625
poia_zt_authenticator,PoIA with ZT-Authenticator,120,2697,0.001667,0.018208,2.067875,4.2865,6.377291,3406.377291
poia_zt_authenticator,PoIA with ZT-Authenticator,120,2698,0.001667,0.018333,4.278084,0.134209,4.434834,3404.434834
poia_zt_authenticator,PoIA with ZT-Authenticator,120,2699,0.001875,0.018583,2.283458,0.135792,2.442291,3402.442291
poia_zt_authenticator,PoIA with ZT-Authenticator,120,2700,0.00175,0.018041,2.0505,4.315375,6.388708,3406.388708
poia_zt_authenticator,PoIA with ZT-Authenticator,120,2701,0.002,0.02175,4.303417,0.14625,4.476,3404.476
poia_zt_authenticator,PoIA with ZT-Authenticator,120,2702,0.00175,0.01825,2.284583,0.1855,2.493209,3402.493209
poia_zt_authenticator,PoIA with ZT-Authenticator,120,2703,0.002083,0.022708,2.389625,0.133917,2.550959,3402.550959
poia_zt_authenticator,PoIA with ZT-Authenticator,120,2704,0.001917,0.028166,10.321875,0.132708,10.487333,3410.487333
poia_zt_authenticator,PoIA with ZT-Authenticator,120,2705,0.001917,0.017791,2.105167,4.532625,6.660792,3406.660792
poia_zt_authenticator,PoIA with ZT-Authenticator,120,2706,0.002,0.022209,10.393083,0.1335,10.553375,3410.553375
poia_zt_authenticator,PoIA with ZT-Authenticator,120,2707,0.001917,0.018125,2.386042,0.131875,2.5405,3402.5405
poia_zt_authenticator,PoIA with ZT-Authenticator,120,2708,0.00175,0.018,2.409084,0.134,2.565375,3402.565375
poia_zt_authenticator,PoIA with ZT-Authenticator,120,2709,0.001708,0.017958,2.403792,0.137666,2.563875,3402.563875
poia_zt_authenticator,PoIA with ZT-Authenticator,120,2710,0.001833,0.017959,2.413083,0.133208,2.568666,3402.568666
poia_zt_authenticator,PoIA with ZT-Authenticator,120,2711,0.001708,0.018208,2.415208,0.134333,2.572084,3402.572084
poia_zt_authenticator,PoIA with ZT-Authenticator,120,2712,0.002208,0.022417,2.4,0.132542,2.559833,3402.559833
poia_zt_authenticator,PoIA with ZT-Authenticator,120,2713,0.002,0.02225,2.382916,0.133375,2.543084,3402.543084
poia_zt_authenticator,PoIA with ZT-Authenticator,120,2714,0.002042,0.021959,2.245625,2.394417,4.668292,3404.668292
poia_zt_authenticator,PoIA with ZT-Authenticator,120,2715,0.001708,0.018583,2.37275,0.155333,2.550875,3402.550875
poia_zt_authenticator,PoIA with ZT-Authenticator,120,2716,0.002084,0.022459,2.352791,0.133,2.512916,3402.512916
poia_zt_authenticator,PoIA with ZT-Authenticator,120,2717,0.001792,0.018625,2.349292,0.133333,2.505666,3402.505666
poia_zt_authenticator,PoIA with ZT-Authenticator,120,2718,0.002958,0.023542,2.380708,0.132459,2.54275,3402.54275
poia_zt_authenticator,PoIA with ZT-Authenticator,120,2719,0.001709,0.018625,2.351375,0.132292,2.506583,3402.506583
poia_zt_authenticator,PoIA with ZT-Authenticator,120,2720,0.002042,0.021792,2.327542,0.147458,2.501458,3402.501458
poia_zt_authenticator,PoIA with ZT-Authenticator,120,2721,0.001709,0.018167,2.340417,0.133292,2.496208,3402.496208
poia_zt_authenticator,PoIA with ZT-Authenticator,120,2722,0.00175,0.01825,2.341625,0.13175,2.495792,3402.495792
poia_zt_authenticator,PoIA with ZT-Authenticator,120,2723,0.001708,0.0185,12.57475,0.134834,12.732292,3412.732292
poia_zt_authenticator,PoIA with ZT-Authenticator,120,2724,0.001792,0.018084,2.316333,0.13375,2.472708,3402.472708
poia_zt_authenticator,PoIA with ZT-Authenticator,120,2725,0.001625,0.017959,2.249292,4.632667,6.904667,3406.904667
poia_zt_authenticator,PoIA with ZT-Authenticator,120,2726,0.001917,0.018125,6.746125,0.141916,6.910792,3406.910792
poia_zt_authenticator,PoIA with ZT-Authenticator,120,2727,0.002125,0.021916,6.736709,0.133958,6.89725,3406.89725
poia_zt_authenticator,PoIA with ZT-Authenticator,120,2728,0.001708,0.018083,2.37725,2.358875,4.759084,3404.759084
poia_zt_authenticator,PoIA with ZT-Authenticator,120,2729,0.001709,0.01825,6.736125,0.133,6.891666,3406.891666
poia_zt_authenticator,PoIA with ZT-Authenticator,120,2730,0.002167,0.023792,2.340417,0.134292,2.503333,3402.503333
poia_zt_authenticator,PoIA with ZT-Authenticator,120,2731,0.002542,0.02325,6.862458,0.133292,7.02475,3407.02475
poia_zt_authenticator,PoIA with ZT-Authenticator,120,2732,0.001708,0.018042,2.335583,0.137584,2.495459,3402.495459
poia_zt_authenticator,PoIA with ZT-Authenticator,120,2733,0.001917,0.022417,2.359625,2.365584,4.75275,3404.75275
poia_zt_authenticator,PoIA with ZT-Authenticator,120,2734,0.001917,0.01825,4.60075,2.401625,7.025708,3407.025708
poia_zt_authenticator,PoIA with ZT-Authenticator,120,2735,0.00175,0.018417,2.353834,2.417084,4.794167,3404.794167
poia_zt_authenticator,PoIA with ZT-Authenticator,120,2736,0.001792,0.018042,6.900333,0.132833,7.055416,3407.055416
poia_zt_authenticator,PoIA with ZT-Authenticator,120,2737,0.002166,0.018542,14.898,0.133709,15.055,3415.055
poia_zt_authenticator,PoIA with ZT-Authenticator,120,2738,0.002,0.018167,10.379958,4.6535,15.056875,3415.056875
poia_zt_authenticator,PoIA with ZT-Authenticator,120,2739,0.00175,0.017917,2.111041,9.078875,11.212667,3411.212667
poia_zt_authenticator,PoIA with ZT-Authenticator,120,2740,0.001666,0.017958,2.450333,0.132541,2.605083,3402.605083
poia_zt_authenticator,PoIA with ZT-Authenticator,120,2741,0.001583,0.017667,2.453125,0.132541,2.607458,3402.607458
poia_zt_authenticator,PoIA with ZT-Authenticator,120,2742,0.001667,0.017792,2.462167,0.134875,2.619208,3402.619208
poia_zt_authenticator,PoIA with ZT-Authenticator,120,2743,0.001959,0.018041,2.462791,0.133125,2.61825,3402.61825
poia_zt_authenticator,PoIA with ZT-Authenticator,120,2744,0.001791,0.018833,2.330792,2.468333,4.823,3404.823
poia_zt_authenticator,PoIA with ZT-Authenticator,120,2745,0.001625,0.018125,4.676292,0.146625,4.845209,3404.845209
poia_zt_authenticator,PoIA with ZT-Authenticator,120,2746,0.002,0.022833,2.458292,0.136083,2.621791,3402.621791
poia_zt_authenticator,PoIA with ZT-Authenticator,120,2747,0.001792,0.018833,4.671334,0.132958,4.827375,3404.827375
poia_zt_authenticator,PoIA with ZT-Authenticator,120,2748,0.001708,0.018084,2.468958,0.13275,2.624041,3402.624041
poia_zt_authenticator,PoIA with ZT-Authenticator,120,2749,0.001792,0.017959,4.685541,0.134041,4.841875,3404.841875
poia_zt_authenticator,PoIA with ZT-Authenticator,120,2750,0.001792,0.018458,2.466042,0.133208,2.622167,3402.622167
poia_zt_authenticator,PoIA with ZT-Authenticator,120,2751,0.002084,0.022708,2.447042,0.134583,2.609125,3402.609125
poia_zt_authenticator,PoIA with ZT-Authenticator,120,2752,0.001708,0.017916,4.684167,0.135583,4.842041,3404.842041
poia_zt_authenticator,PoIA with ZT-Authenticator,120,2753,0.001833,0.018333,4.684792,0.134292,4.841958,3404.841958
poia_zt_authenticator,PoIA with ZT-Authenticator,120,2754,0.002042,0.021667,2.368583,0.134167,2.529084,3402.529084
poia_zt_authenticator,PoIA with ZT-Authenticator,120,2755,0.001916,0.019667,6.896125,0.135041,7.0555,3407.0555
poia_zt_authenticator,PoIA with ZT-Authenticator,120,2756,0.00175,0.018041,2.334625,4.697667,7.055083,3407.055083
poia_zt_authenticator,PoIA with ZT-Authenticator,120,2757,0.002125,0.021291,4.6855,0.142459,4.854083,3404.854083
poia_zt_authenticator,PoIA with ZT-Authenticator,120,2758,0.001791,0.017916,2.371166,0.132209,2.525625,3402.525625
poia_zt_authenticator,PoIA with ZT-Authenticator,120,2759,0.002042,0.021375,2.352209,0.133041,2.51125,3402.51125
poia_zt_authenticator,PoIA with ZT-Authenticator,120,2760,0.001792,0.018375,2.476125,2.374541,4.873916,3404.873916
poia_zt_authenticator,PoIA with ZT-Authenticator,120,2761,0.00225,0.018791,2.38125,0.133,2.537917,3402.537917
poia_zt_authenticator,PoIA with ZT-Authenticator,120,2762,0.001667,0.028458,2.374167,0.13275,2.539708,3402.539708
poia_zt_authenticator,PoIA with ZT-Authenticator,120,2763,0.001792,0.018125,2.373792,0.13375,2.53,3402.53
poia_zt_authenticator,PoIA with ZT-Authenticator,120,2764,0.001709,0.018333,2.374625,0.134125,2.531333,3402.531333
poia_zt_authenticator,PoIA with ZT-Authenticator,120,2765,0.001792,0.018208,2.374166,0.146792,2.543625,3402.543625
poia_zt_authenticator,PoIA with ZT-Authenticator,120,2766,0.001875,0.018709,2.369541,0.144375,2.537083,3402.537083
poia_zt_authenticator,PoIA with ZT-Authenticator,120,2767,0.001666,0.018125,4.651125,0.1335,4.806916,3404.806916
poia_zt_authenticator,PoIA with ZT-Authenticator,120,2768,0.001708,0.018417,2.375833,0.132541,2.531,3402.531
poia_zt_authenticator,PoIA with ZT-Authenticator,120,2769,0.002083,0.021791,2.2485,11.444333,13.719792,3413.719792
poia_zt_authenticator,PoIA with ZT-Authenticator,120,2770,0.001708,0.022875,2.376166,0.131667,2.534958,3402.534958
poia_zt_authenticator,PoIA with ZT-Authenticator,120,2771,0.00175,0.017959,4.60975,0.132042,4.764,3404.764
poia_zt_authenticator,PoIA with ZT-Authenticator,120,2772,0.002208,0.022959,2.359416,0.143375,2.5305,3402.5305
poia_zt_authenticator,PoIA with ZT-Authenticator,120,2773,0.001667,0.018208,4.680292,4.617333,9.320958,3409.320958
poia_zt_authenticator,PoIA with ZT-Authenticator,120,2774,0.001791,0.017667,2.392791,0.131959,2.546792,3402.546792
poia_zt_authenticator,PoIA with ZT-Authenticator,120,2775,0.001708,0.018083,2.391875,0.133458,2.547709,3402.547709
poia_zt_authenticator,PoIA with ZT-Authenticator,120,2776,0.001667,0.017792,4.727,2.4415,7.191125,3407.191125
poia_zt_authenticator,PoIA with ZT-Authenticator,120,2777,0.00175,0.017625,7.150333,0.149417,7.321583,3407.321583
poia_zt_authenticator,PoIA with ZT-Authenticator,120,2778,0.001708,0.017583,2.561292,0.135459,2.718542,3402.718542
poia_zt_authenticator,PoIA with ZT-Authenticator,120,2779,0.002,0.021667,7.107291,0.133833,7.26725,3407.26725
poia_zt_authenticator,PoIA with ZT-Authenticator,120,2780,0.001542,0.017875,2.562625,0.132792,2.717333,3402.717333
poia_zt_authenticator,PoIA with ZT-Authenticator,120,2781,0.001708,0.017667,7.08525,0.132791,7.239875,3407.239875
poia_zt_authenticator,PoIA with ZT-Authenticator,120,2782,0.001708,0.017958,2.548292,0.131666,2.702208,3402.702208
poia_zt_authenticator,PoIA with ZT-Authenticator,120,2783,0.002167,0.021125,2.389208,4.821542,7.237125,3407.237125
poia_zt_authenticator,PoIA with ZT-Authenticator,120,2784,0.00175,0.017667,4.628083,2.578166,7.228791,3407.228791
poia_zt_authenticator,PoIA with ZT-Authenticator,120,2785,0.001959,0.021875,2.557917,0.147,2.731583,3402.731583
poia_zt_authenticator,PoIA with ZT-Authenticator,120,2786,0.001875,0.0185,2.374542,2.601333,4.999417,3404.999417
poia_zt_authenticator,PoIA with ZT-Authenticator,120,2787,0.001958,0.018125,4.837333,0.136583,4.99675,3404.99675
poia_zt_authenticator,PoIA with ZT-Authenticator,120,2788,0.001791,0.018292,9.406416,0.135125,9.564083,3409.564083
poia_zt_authenticator,PoIA with ZT-Authenticator,120,2789,0.001833,0.018417,2.333792,4.866167,7.223292,3407.223292
poia_zt_authenticator,PoIA with ZT-Authenticator,120,2790,0.001833,0.018417,2.579375,0.136,2.738458,3402.738458
poia_zt_authenticator,PoIA with ZT-Authenticator,120,2791,0.002708,0.023625,2.425917,2.661542,5.117708,3405.117708
poia_zt_authenticator,PoIA with ZT-Authenticator,120,2792,0.002208,0.022208,2.645125,0.134417,2.806666,3402.806666
poia_zt_authenticator,PoIA with ZT-Authenticator,120,2793,0.001667,0.01825,4.894667,0.133084,5.050208,3405.050208
poia_zt_authenticator,PoIA with ZT-Authenticator,120,2794,0.002,0.018417,2.513041,0.135375,2.671625,3402.671625
poia_zt_authenticator,PoIA with ZT-Authenticator,120,2795,0.001667,0.018041,2.527,0.133,2.68225,3402.68225
poia_zt_authenticator,PoIA with ZT-Authenticator,120,2796,0.001625,0.022167,2.524166,0.132834,2.683417,3402.683417
poia_zt_authenticator,PoIA with ZT-Authenticator,120,2797,0.001708,0.017917,4.954708,0.134375,5.11125,3405.11125
poia_zt_authenticator,PoIA with ZT-Authenticator,120,2798,0.001625,0.018292,2.526,0.132375,2.680917,3402.680917
poia_zt_authenticator,PoIA with ZT-Authenticator,120,2799,0.001916,0.021625,2.508792,0.132416,2.667417,3402.667417
poia_zt_authenticator,PoIA with ZT-Authenticator,120,2800,0.00175,0.033375,2.356791,7.219,9.614166,3409.614166
poia_zt_authenticator,PoIA with ZT-Authenticator,120,2801,0.002083,0.021959,2.507916,0.13275,2.667208,3402.667208
poia_zt_authenticator,PoIA with ZT-Authenticator,120,2802,0.002,0.0195,2.507584,0.132833,2.6645,3402.6645
poia_zt_authenticator,PoIA with ZT-Authenticator,120,2803,0.001792,0.018209,4.975375,0.132666,5.130625,3405.130625
poia_zt_authenticator,PoIA with ZT-Authenticator,120,2804,0.001958,0.018084,2.4975,0.134834,2.655042,3402.655042
poia_zt_authenticator,PoIA with ZT-Authenticator,120,2805,0.001833,0.021791,4.822125,2.50475,7.353542,3407.353542
poia_zt_authenticator,PoIA with ZT-Authenticator,120,2806,0.001708,0.022125,2.576625,2.530042,5.133583,3405.133583
poia_zt_authenticator,PoIA with ZT-Authenticator,120,2807,0.002583,0.023375,5.1385,0.142125,5.30975,3405.30975
poia_zt_authenticator,PoIA with ZT-Authenticator,120,2808,0.002667,0.022875,2.609416,0.132834,2.770917,3402.770917
poia_zt_authenticator,PoIA with ZT-Authenticator,120,2809,0.001917,0.017708,2.377834,12.045916,14.4465,3414.4465
poia_zt_authenticator,PoIA with ZT-Authenticator,120,2810,0.001667,0.018084,2.643833,0.138083,2.804375,3402.804375
poia_zt_authenticator,PoIA with ZT-Authenticator,120,2811,0.001791,0.01825,2.650625,0.1385,2.81175,3402.81175
poia_zt_authenticator,PoIA with ZT-Authenticator,120,2812,0.00175,0.021708,2.649291,0.132666,2.808,3402.808
poia_zt_authenticator,PoIA with ZT-Authenticator,120,2813,0.001625,0.018,2.652542,0.1325,2.807125,3402.807125
poia_zt_authenticator,PoIA with ZT-Authenticator,120,2814,0.001875,0.018166,5.049875,0.1335,5.205959,3405.205959
poia_zt_authenticator,PoIA with ZT-Authenticator,120,2815,0.00175,0.018042,2.644166,0.132292,2.798833,3402.798833
poia_zt_authenticator,PoIA with ZT-Authenticator,120,2816,0.00175,0.018,2.580041,5.059333,7.662375,3407.662375
poia_zt_authenticator,PoIA with ZT-Authenticator,120,2817,0.001708,0.018,2.681291,0.1335,2.837,3402.837
poia_zt_authenticator,PoIA with ZT-Authenticator,120,2818,0.001875,0.018083,2.681334,0.13225,2.836292,3402.836292
poia_zt_authenticator,PoIA with ZT-Authenticator,120,2819,0.00175,0.017958,2.597625,5.049917,7.670292,3407.670292
poia_zt_authenticator,PoIA with ZT-Authenticator,120,2820,0.001625,0.018,2.685583,0.137375,2.845125,3402.845125
poia_zt_authenticator,PoIA with ZT-Authenticator,120,2821,0.001708,0.018458,2.689209,0.132542,2.8445,3402.8445
poia_zt_authenticator,PoIA with ZT-Authenticator,120,2822,0.002083,0.022125,2.576083,5.073042,7.676459,3407.676459
poia_zt_authenticator,PoIA with ZT-Authenticator,120,2823,0.001792,0.017875,2.691083,0.143916,2.857166,3402.857166
poia_zt_authenticator,PoIA with ZT-Authenticator,120,2824,0.001875,0.018333,2.685834,0.135541,2.856916,3402.856916
poia_zt_authenticator,PoIA with ZT-Authenticator,120,2825,0.001958,0.021792,2.668417,0.132,2.826667,3402.826667
poia_zt_authenticator,PoIA with ZT-Authenticator,120,2826,0.001709,0.018584,5.211,0.132083,5.365916,3405.365916
poia_zt_authenticator,PoIA with ZT-Authenticator,120,2827,0.001792,0.022083,5.190167,0.131666,5.348292,3405.348292
poia_zt_authenticator,PoIA with ZT-Authenticator,120,2828,0.002042,0.021417,2.656958,0.137208,2.820208,3402.820208
poia_zt_authenticator,PoIA with ZT-Authenticator,120,2829,0.001709,0.017875,10.020209,0.141875,10.184209,3410.184209
poia_zt_authenticator,PoIA with ZT-Authenticator,120,2830,0.001708,0.01775,2.525791,5.201584,7.749958,3407.749958
poia_zt_authenticator,PoIA with ZT-Authenticator,120,2831,0.001792,0.018209,2.648041,0.146709,2.817417,3402.817417
poia_zt_authenticator,PoIA with ZT-Authenticator,120,2832,0.001792,0.017542,2.663834,0.131916,2.817584,3402.817584
poia_zt_authenticator,PoIA with ZT-Authenticator,120,2833,0.001708,0.01825,2.663792,0.134666,2.821084,3402.821084
poia_zt_authenticator,PoIA with ZT-Authenticator,120,2834,0.001667,0.017709,2.674791,0.132959,2.829709,3402.829709
poia_zt_authenticator,PoIA with ZT-Authenticator,120,2835,0.001709,0.031375,2.66375,0.131917,2.831375,3402.831375
poia_zt_authenticator,PoIA with ZT-Authenticator,120,2836,0.002125,0.022333,7.546042,0.144917,7.718083,3407.718083
poia_zt_authenticator,PoIA with ZT-Authenticator,120,2837,0.001667,0.017875,2.636042,0.148208,2.806375,3402.806375
poia_zt_authenticator,PoIA with ZT-Authenticator,120,2838,0.001958,0.018083,4.956042,5.213834,10.203083,3410.203083
poia_zt_authenticator,PoIA with ZT-Authenticator,120,2839,0.001709,0.018334,7.583167,0.133125,7.738875,3407.738875
poia_zt_authenticator,PoIA with ZT-Authenticator,120,2840,0.00175,0.02025,2.64625,0.131334,2.802125,3402.802125
poia_zt_authenticator,PoIA with ZT-Authenticator,120,2841,0.001917,0.023,2.481125,5.222125,7.731208,3407.731208
poia_zt_authenticator,PoIA with ZT-Authenticator,120,2842,0.001709,0.018,2.635875,0.131917,2.79,3402.79
poia_zt_authenticator,PoIA with ZT-Authenticator,120,2843,0.001625,0.017959,2.637875,0.135167,2.795125,3402.795125
poia_zt_authenticator,PoIA with ZT-Authenticator,120,2844,0.002583,0.023292,2.695792,0.122083,2.846625,3402.846625
poia_zt_authenticator,PoIA with ZT-Authenticator,120,2845,0.00175,0.017584,5.279,0.1335,5.4345,3405.4345
poia_zt_authenticator,PoIA with ZT-Authenticator,120,2846,0.001667,0.017834,2.6845,0.131166,2.837666,3402.837666
poia_zt_authenticator,PoIA with ZT-Authenticator,120,2847,0.001875,0.018375,5.215167,0.13675,5.374667,3405.374667
poia_zt_authenticator,PoIA with ZT-Authenticator,120,2848,0.001875,0.01825,2.681417,0.134833,2.839083,3402.839083
poia_zt_authenticator,PoIA with ZT-Authenticator,120,2849,0.001958,0.021625,2.722667,0.150709,2.899583,3402.899583
poia_zt_authenticator,PoIA with ZT-Authenticator,120,2850,0.001834,0.018667,2.722625,0.146667,2.892458,3402.892458
poia_zt_authenticator,PoIA with ZT-Authenticator,120,2851,0.001666,0.017417,2.739959,0.16025,2.921875,3402.921875
poia_zt_authenticator,PoIA with ZT-Authenticator,120,2852,0.002167,0.0215,7.818958,0.140708,7.985917,3407.985917
poia_zt_authenticator,PoIA with ZT-Authenticator,120,2853,0.002125,0.022292,2.787875,0.1335,2.9485,3402.9485
poia_zt_authenticator,PoIA with ZT-Authenticator,120,2854,0.001542,0.018041,5.309375,0.137375,5.469167,3405.469167
poia_zt_authenticator,PoIA with ZT-Authenticator,120,2855,0.001625,0.017958,2.793458,0.133834,2.949417,3402.949417
poia_zt_authenticator,PoIA with ZT-Authenticator,120,2856,0.002,0.02175,2.777292,0.13275,2.9365,3402.9365
poia_zt_authenticator,PoIA with ZT-Authenticator,120,2857,0.00175,0.018458,2.695375,2.79,5.508667,3405.508667
poia_zt_authenticator,PoIA with ZT-Authenticator,120,2858,0.002042,0.023667,2.397,17.476333,19.902208,3419.902208
poia_zt_authenticator,PoIA with ZT-Authenticator,120,2859,0.001625,0.017958,5.371167,0.1515,5.545334,3405.545334
poia_zt_authenticator,PoIA with ZT-Authenticator,120,2860,0.001625,0.017625,2.840041,0.133,2.994833,3402.994833
poia_zt_authenticator,PoIA with ZT-Authenticator,120,2861,0.001791,0.017875,5.328875,0.133333,5.484458,3405.484458
poia_zt_authenticator,PoIA with ZT-Authenticator,120,2862,0.00175,0.037625,2.813916,0.132416,2.988917,3402.988917
poia_zt_authenticator,PoIA with ZT-Authenticator,120,2863,0.002042,0.018416,10.460916,0.1345,10.618542,3410.618542
poia_zt_authenticator,PoIA with ZT-Authenticator,120,2864,0.001875,0.022,2.732708,2.797875,5.557708,3405.557708
poia_zt_authenticator,PoIA with ZT-Authenticator,120,2865,0.001916,0.018208,2.772334,0.132792,2.927875,3402.927875
poia_zt_authenticator,PoIA with ZT-Authenticator,120,2866,0.00175,0.018,5.414875,0.154167,5.617625,3405.617625
poia_zt_authenticator,PoIA with ZT-Authenticator,120,2867,0.002,0.018583,5.272,2.865334,8.161209,3408.161209
poia_zt_authenticator,PoIA with ZT-Authenticator,120,2868,0.002042,0.022875,5.252625,2.890459,8.171166,3408.171166
poia_zt_authenticator,PoIA with ZT-Authenticator,120,2869,0.001625,0.018,2.740708,2.9135,5.677,3405.677
poia_zt_authenticator,PoIA with ZT-Authenticator,120,2870,0.001667,0.018125,2.799459,2.9015,5.72375,3405.72375
poia_zt_authenticator,PoIA with ZT-Authenticator,120,2871,0.001708,0.017667,5.559417,0.161416,5.743334,3405.743334
poia_zt_authenticator,PoIA with ZT-Authenticator,120,2872,0.001875,0.018125,2.926,0.134125,3.08275,3403.08275
poia_zt_authenticator,PoIA with ZT-Authenticator,120,2873,0.001791,0.018375,2.948417,0.133625,3.104792,3403.104792
poia_zt_authenticator,PoIA with ZT-Authenticator,120,2874,0.001792,0.018042,2.774625,3.027833,5.825417,3405.825417
poia_zt_authenticator,PoIA with ZT-Authenticator,120,2875,0.001792,0.018542,2.7695,3.055,5.850042,3405.850042
poia_zt_authenticator,PoIA with ZT-Authenticator,120,2876,0.00175,0.017833,7.939625,3.112583,11.074583,3411.074583
poia_zt_authenticator,PoIA with ZT-Authenticator,120,2877,0.001458,0.017791,2.797167,3.160833,5.980292,3405.980292
poia_zt_authenticator,PoIA with ZT-Authenticator,120,2878,0.001833,0.017958,5.845542,0.145542,6.013458,3406.013458
poia_zt_authenticator,PoIA with ZT-Authenticator,120,2879,0.001833,0.018375,17.63075,3.21325,20.867584,3420.867584
poia_zt_authenticator,PoIA with ZT-Authenticator,120,2880,0.001875,0.024875,2.565041,15.99325,18.588208,3418.588208
poia_zt_authenticator,PoIA with ZT-Authenticator,120,2881,0.001917,0.018625,5.921792,0.152584,6.113375,3406.113375
poia_zt_authenticator,PoIA with ZT-Authenticator,120,2882,0.001667,0.018417,3.29725,0.174,3.494125,3403.494125
poia_zt_authenticator,PoIA with ZT-Authenticator,120,2883,0.002,0.023292,7.9115,3.373708,11.31375,3411.31375
poia_zt_authenticator,PoIA with ZT-Authenticator,120,2884,0.001791,0.017958,2.758291,6.06,8.841,3408.841
poia_zt_authenticator,PoIA with ZT-Authenticator,120,2885,0.001958,0.022584,3.368333,0.149333,3.545,3403.545
poia_zt_authenticator,PoIA with ZT-Authenticator,120,2886,0.002083,0.022208,3.343417,0.18425,3.555125,3403.555125
poia_zt_authenticator,PoIA with ZT-Authenticator,120,2887,0.002084,0.022292,8.06725,3.349125,11.443958,3411.443958
poia_zt_authenticator,PoIA with ZT-Authenticator,120,2888,0.001958,0.021958,5.205,8.812334,14.044375,3414.044375
poia_zt_authenticator,PoIA with ZT-Authenticator,120,2889,0.001917,0.018834,6.141333,0.152375,6.317625,3406.317625
poia_zt_authenticator,PoIA with ZT-Authenticator,120,2890,0.001667,0.018334,3.391541,0.151125,3.565792,3403.565792
poia_zt_authenticator,PoIA with ZT-Authenticator,120,2891,0.002792,0.023458,7.966083,6.333584,14.329625,3414.329625
poia_zt_authenticator,PoIA with ZT-Authenticator,120,2892,0.001792,0.018125,2.944792,3.573542,6.541417,3406.541417
poia_zt_authenticator,PoIA with ZT-Authenticator,120,2893,0.001583,0.024458,3.561166,0.142834,3.732709,3403.732709
poia_zt_authenticator,PoIA with ZT-Authenticator,120,2894,0.002125,0.027042,3.495917,0.146291,3.674083,3403.674083
poia_zt_authenticator,PoIA with ZT-Authenticator,120,2895,0.002,0.022292,3.137083,3.426333,6.590958,3406.590958
poia_zt_authenticator,PoIA with ZT-Authenticator,120,2896,0.001917,0.022875,3.156792,3.432708,6.6175,3406.6175
poia_zt_authenticator,PoIA with ZT-Authenticator,120,2897,0.001791,0.040125,0.069917,3.476833,3.591792,3403.591792
poia_zt_authenticator,PoIA with ZT-Authenticator,120,2898,0.002083,0.022041,5.807,3.599708,9.434208,3409.434208
poia_zt_authenticator,PoIA with ZT-Authenticator,120,2899,0.001666,0.022458,3.171458,3.62625,6.824875,3406.824875
poia_zt_authenticator,PoIA with ZT-Authenticator,120,2900,0.001708,0.017917,3.178,3.676375,6.877042,3406.877042
poia_zt_authenticator,PoIA with ZT-Authenticator,120,2901,0.001958,0.021708,3.593,0.154125,3.773959,3403.773959
poia_zt_authenticator,PoIA with ZT-Authenticator,120,2902,0.001708,0.018292,6.735166,0.156917,6.915042,3406.915042
poia_zt_authenticator,PoIA with ZT-Authenticator,120,2903,0.002042,0.022791,3.551083,0.174209,3.75325,3403.75325
poia_zt_authenticator,PoIA with ZT-Authenticator,120,2904,0.002042,0.042709,3.519334,0.173709,3.741625,3403.741625
poia_zt_authenticator,PoIA with ZT-Authenticator,120,2905,0.00175,0.017917,6.154375,3.532208,9.709291,3409.709291
poia_zt_authenticator,PoIA with ZT-Authenticator,120,2906,0.001917,0.024958,0.066292,0.15675,0.252625,3400.252625
poia_zt_authenticator,PoIA with ZT-Authenticator,120,2907,0.001833,0.021917,3.336584,3.573667,6.937125,3406.937125
poia_zt_authenticator,PoIA with ZT-Authenticator,120,2908,0.001958,0.023584,3.551583,0.201417,3.781625,3403.781625
poia_zt_authenticator,PoIA with ZT-Authenticator,120,2909,0.001917,0.024167,3.594541,0.1705,3.794334,3403.794334
poia_zt_authenticator,PoIA with ZT-Authenticator,120,2910,0.002625,0.023167,3.692083,0.149459,3.871209,3403.871209
poia_zt_authenticator,PoIA with ZT-Authenticator,120,2911,0.001708,0.020208,3.623292,0.197292,3.845125,3403.845125
poia_zt_authenticator,PoIA with ZT-Authenticator,120,2912,0.001625,0.018208,3.678583,0.184709,3.885833,3403.885833
poia_zt_authenticator,PoIA with ZT-Authenticator,120,2913,0.002125,0.021459,6.427541,3.71825,10.172458,3410.172458
poia_zt_authenticator,PoIA with ZT-Authenticator,120,2914,0.002042,0.021584,3.697667,0.12775,3.851291,3403.851291
poia_zt_authenticator,PoIA with ZT-Authenticator,120,2915,0.002209,0.023167,3.532125,0.1375,3.69775,3403.69775
poia_zt_authenticator,PoIA with ZT-Authenticator,120,2916,0.002166,0.040708,3.489167,0.153417,3.689125,3403.689125
poia_zt_authenticator,PoIA with ZT-Authenticator,120,2917,0.001791,0.01825,2.7725,10.133708,12.929375,3412.929375
poia_zt_authenticator,PoIA with ZT-Authenticator,120,2918,0.001958,0.022459,6.969583,0.144,7.140625,3407.140625
poia_zt_authenticator,PoIA with ZT-Authenticator,120,2919,0.002208,0.022917,3.378167,6.934625,10.341084,3410.341084
poia_zt_authenticator,PoIA with ZT-Authenticator,120,2920,0.001958,0.018167,3.323292,7.000834,10.347333,3410.347333
poia_zt_authenticator,PoIA with ZT-Authenticator,120,2921,0.002,0.021792,3.518917,0.174291,3.720083,3403.720083
poia_zt_authenticator,PoIA with ZT-Authenticator,120,2922,0.00275,0.027041,3.540709,3.562834,7.137208,3407.137208
poia_zt_authenticator,PoIA with ZT-Authenticator,120,2923,0.002125,0.028458,3.519458,3.590166,7.146208,3407.146208
poia_zt_authenticator,PoIA with ZT-Authenticator,120,2924,0.002042,0.043208,3.563708,3.508708,7.121334,3407.121334
poia_zt_authenticator,PoIA with ZT-Authenticator,120,2925,0.002042,0.0385,3.499833,0.140041,3.683708,3403.683708
poia_zt_authenticator,PoIA with ZT-Authenticator,120,2926,0.002708,0.023042,10.347542,0.139458,10.516083,3410.516083
poia_zt_authenticator,PoIA with ZT-Authenticator,120,2927,0.00225,0.022709,3.464708,0.165333,3.657958,3403.657958
poia_zt_authenticator,PoIA with ZT-Authenticator,120,2928,0.002042,0.034792,3.663792,3.512209,7.216166,3407.216166
poia_zt_authenticator,PoIA with ZT-Authenticator,120,2929,0.001875,0.022416,3.630292,3.474667,7.132416,3407.132416
poia_zt_authenticator,PoIA with ZT-Authenticator,120,2930,0.002583,0.023541,6.954709,3.516584,10.501125,3410.501125
poia_zt_authenticator,PoIA with ZT-Authenticator,120,2931,0.002,0.022416,6.930167,3.546583,10.504333,3410.504333
poia_zt_authenticator,PoIA with ZT-Authenticator,120,2932,0.002083,0.022542,3.422916,7.039542,10.490167,3410.490167
poia_zt_authenticator,PoIA with ZT-Authenticator,120,2933,0.001917,0.040917,7.026416,0.14875,7.221666,3407.221666
poia_zt_authenticator,PoIA with ZT-Authenticator,120,2934,0.002041,0.018666,3.492708,0.139417,3.667042,3403.667042
poia_zt_authenticator,PoIA with ZT-Authenticator,120,2935,0.002916,0.024,3.5365,0.139625,3.706333,3403.706333
poia_zt_authenticator,PoIA with ZT-Authenticator,120,2936,0.001959,0.026542,6.865083,0.157375,7.054042,3407.054042
poia_zt_authenticator,PoIA with ZT-Authenticator,120,2937,0.002083,0.04,3.487084,0.156,3.688917,3403.688917
poia_zt_authenticator,PoIA with ZT-Authenticator,120,2938,0.002084,0.02275,3.504375,0.188583,3.721208,3403.721208
poia_zt_authenticator,PoIA with ZT-Authenticator,120,2939,0.015875,0.024,3.464167,0.195625,3.703583,3403.703583
poia_zt_authenticator,PoIA with ZT-Authenticator,120,2940,0.002041,0.022667,10.131958,3.568792,13.728583,3413.728583
poia_zt_authenticator,PoIA with ZT-Authenticator,120,2941,0.001917,0.026875,3.550959,0.176375,3.759167,3403.759167
poia_zt_authenticator,PoIA with ZT-Authenticator,120,2942,0.002084,0.028458,3.486583,3.599791,7.120083,3407.120083
poia_zt_authenticator,PoIA with ZT-Authenticator,120,2943,0.003625,0.029542,3.524,0.157041,3.718,3403.718
poia_zt_authenticator,PoIA with ZT-Authenticator,120,2944,0.002083,0.023292,3.518708,0.160917,3.708167,3403.708167
poia_zt_authenticator,PoIA with ZT-Authenticator,120,2945,0.002084,0.021333,3.521458,0.16725,3.714709,3403.714709
poia_zt_authenticator,PoIA with ZT-Authenticator,120,2946,0.001916,0.043209,3.524333,0.174167,3.747375,3403.747375
poia_zt_authenticator,PoIA with ZT-Authenticator,120,2947,0.002083,0.022167,10.465458,0.16375,10.65625,3410.65625
poia_zt_authenticator,PoIA with ZT-Authenticator,120,2948,0.001792,0.02175,3.648042,0.157333,3.832209,3403.832209
poia_zt_authenticator,PoIA with ZT-Authenticator,120,2949,0.002042,0.040625,3.465,3.633125,7.1445,3407.1445
poia_zt_authenticator,PoIA with ZT-Authenticator,120,2950,0.002083,0.038792,3.603042,0.158958,3.806625,3403.806625
poia_zt_authenticator,PoIA with ZT-Authenticator,120,2951,0.002,0.02175,3.576833,0.217708,3.821417,3403.821417
poia_zt_authenticator,PoIA with ZT-Authenticator,120,2952,0.002083,0.024958,3.581458,0.132458,3.743666,3403.743666
poia_zt_authenticator,PoIA with ZT-Authenticator,120,2953,0.002833,0.024125,10.326958,0.13375,10.490875,3410.490875
poia_zt_authenticator,PoIA with ZT-Authenticator,120,2954,0.00275,0.036542,3.611,10.158916,13.813125,3413.813125
poia_zt_authenticator,PoIA with ZT-Authenticator,120,2955,0.001958,0.028875,6.881791,0.143584,7.059083,3407.059083
poia_zt_authenticator,PoIA with ZT-Authenticator,120,2956,0.001916,0.018459,3.47225,0.15625,3.651666,3403.651666
poia_zt_authenticator,PoIA with ZT-Authenticator,120,2957,0.002125,0.022042,3.525583,6.85525,10.408125,3410.408125
poia_zt_authenticator,PoIA with ZT-Authenticator,120,2958,0.002,0.0205,6.862625,3.540083,10.428417,3410.428417
poia_zt_authenticator,PoIA with ZT-Authenticator,120,2959,0.002125,0.024541,6.923375,6.83525,13.7885,3413.7885
poia_zt_authenticator,PoIA with ZT-Authenticator,120,2960,0.002209,0.024208,3.500417,0.143625,3.672958,3403.672958
poia_zt_authenticator,PoIA with ZT-Authenticator,120,2961,0.002208,0.021584,3.430166,0.14225,3.598833,3403.598833
poia_zt_authenticator,PoIA with ZT-Authenticator,120,2962,0.00175,0.02025,3.349541,0.154709,3.528792,3403.528792
poia_zt_authenticator,PoIA with ZT-Authenticator,120,2963,0.002167,0.02225,3.333625,0.148667,3.509334,3403.509334
poia_zt_authenticator,PoIA with ZT-Authenticator,120,2964,0.001667,0.020166,0.056833,0.129167,0.21,3400.21
poia_zt_authenticator,PoIA with ZT-Authenticator,120,2965,0.002,0.022208,6.762167,10.267792,17.05675,3417.05675
poia_zt_authenticator,PoIA with ZT-Authenticator,120,2966,0.002,0.027708,6.956875,3.0425,10.032417,3410.032417
poia_zt_authenticator,PoIA with ZT-Authenticator,120,2967,0.001958,0.021833,2.933542,0.134875,3.094792,3403.094792
poia_zt_authenticator,PoIA with ZT-Authenticator,120,2968,0.002125,0.026042,3.58975,2.809167,6.430292,3406.430292
poia_zt_authenticator,PoIA with ZT-Authenticator,120,2969,0.002,0.026333,3.48375,6.21375,9.729042,3409.729042
poia_zt_authenticator,PoIA with ZT-Authenticator,120,2970,0.001959,0.021791,2.791417,0.155625,2.973458,3402.973458
poia_zt_authenticator,PoIA with ZT-Authenticator,120,2971,0.001666,0.021833,2.683917,0.13525,2.845459,3402.845459
poia_zt_authenticator,PoIA with ZT-Authenticator,120,2972,0.00225,0.03575,3.529709,5.957917,9.528833,3409.528833
poia_zt_authenticator,PoIA with ZT-Authenticator,120,2973,0.002166,0.023,3.525,9.213666,12.766625,3412.766625
poia_zt_authenticator,PoIA with ZT-Authenticator,120,2974,0.002084,0.046,6.724666,12.498209,19.274625,3419.274625
poia_zt_authenticator,PoIA with ZT-Authenticator,120,2975,0.003,0.028167,3.396333,2.4115,5.842084,3405.842084
poia_zt_authenticator,PoIA with ZT-Authenticator,120,2976,0.00175,0.018625,2.409583,0.200958,2.634083,3402.634083
poia_zt_authenticator,PoIA with ZT-Authenticator,120,2977,0.002041,0.022792,3.22875,2.212,5.468792,3405.468792
poia_zt_authenticator,PoIA with ZT-Authenticator,120,2978,0.002042,0.018542,5.101125,0.13675,5.261417,3405.261417
poia_zt_authenticator,PoIA with ZT-Authenticator,120,2979,0.002042,0.036042,6.443833,2.067334,8.552625,3408.552625
poia_zt_authenticator,PoIA with ZT-Authenticator,120,2980,0.002084,0.021417,2.916042,1.928625,4.87125,3404.87125
poia_zt_authenticator,PoIA with ZT-Authenticator,120,2981,0.002042,0.037916,9.701375,1.812958,11.5575,3411.5575
poia_zt_authenticator,PoIA with ZT-Authenticator,120,2982,0.002958,0.0225,6.147541,1.625708,7.802125,3407.802125
poia_zt_authenticator,PoIA with ZT-Authenticator,120,2983,0.002042,0.022625,7.401125,0.151708,7.580125,3407.580125
poia_zt_authenticator,PoIA with ZT-Authenticator,120,2984,0.002083,0.022,2.485834,1.433125,3.946292,3403.946292
poia_zt_authenticator,PoIA with ZT-Authenticator,120,2985,0.002042,0.022125,3.678625,0.141791,3.847291,3403.847291
poia_zt_authenticator,PoIA with ZT-Authenticator,120,2986,0.001791,0.022583,5.364375,1.183125,6.574833,3406.574833
poia_zt_authenticator,PoIA with ZT-Authenticator,120,2987,0.002667,0.024,6.61525,3.153083,9.798791,3409.798791
poia_zt_authenticator,PoIA with ZT-Authenticator,120,2988,0.002042,0.021875,10.012583,0.135917,10.174875,3410.174875
poia_zt_authenticator,PoIA with ZT-Authenticator,120,2989,0.002042,0.021833,6.429375,2.977292,9.43375,3409.43375
poia_zt_authenticator,PoIA with ZT-Authenticator,120,2990,0.001916,0.018875,2.949833,2.947458,5.921167,3405.921167
poia_zt_authenticator,PoIA with ZT-Authenticator,120,2991,0.002,0.040875,2.751833,2.731791,5.530041,3405.530041
poia_zt_authenticator,PoIA with ZT-Authenticator,120,2992,0.002833,0.023166,8.098334,1.02975,9.157667,3409.157667
poia_zt_authenticator,PoIA with ZT-Authenticator,120,2993,0.002,0.021542,2.662417,2.407875,5.096958,3405.096958
poia_zt_authenticator,PoIA with ZT-Authenticator,120,2994,0.001959,0.028083,2.529583,2.186,4.748708,3404.748708
poia_zt_authenticator,PoIA with ZT-Authenticator,120,2995,0.00175,0.018334,5.164458,0.139917,5.326792,3405.326792
poia_zt_authenticator,PoIA with ZT-Authenticator,120,2996,0.002042,0.023542,2.508834,2.175084,4.71275,3404.71275
poia_zt_authenticator,PoIA with ZT-Authenticator,120,2997,0.002292,0.026583,3.358041,4.192709,7.582834,3407.582834
poia_zt_authenticator,PoIA with ZT-Authenticator,120,2998,0.001708,0.017875,4.171041,0.170125,4.363625,3404.363625
poia_zt_authenticator,PoIA with ZT-Authenticator,120,2999,0.002,0.022833,3.052792,3.800875,6.881667,3406.881667
poia_zt_authenticator,PoIA with ZT-Authenticator,120,3000,0.001875,0.028583,3.982958,1.257292,5.273958,3405.273958
