mode,scenario,trial,http_status,expected_accept,observed_accept,state_changed,expected_reason,observed_reason,correct,action_endpoint_ms
oauth_only,exact_request,0,201,1,1,1,session_token_accepted,session_token_accepted,1,9.286334
oauth_only,exact_request,1,201,1,1,1,session_token_accepted,session_token_accepted,1,8.861667
oauth_only,exact_request,2,201,1,1,1,session_token_accepted,session_token_accepted,1,7.534625
oauth_only,exact_request,3,201,1,1,1,session_token_accepted,session_token_accepted,1,8.795958
oauth_only,exact_request,4,201,1,1,1,session_token_accepted,session_token_accepted,1,7.518416
oauth_only,exact_request,5,201,1,1,1,session_token_accepted,session_token_accepted,1,7.101
oauth_only,exact_request,6,201,1,1,1,session_token_accepted,session_token_accepted,1,8.148417
oauth_only,exact_request,7,201,1,1,1,session_token_accepted,session_token_accepted,1,7.744084
oauth_only,exact_request,8,201,1,1,1,session_token_accepted,session_token_accepted,1,8.721792
oauth_only,exact_request,9,201,1,1,1,session_token_accepted,session_token_accepted,1,8.163042
oauth_only,exact_request,10,201,1,1,1,session_token_accepted,session_token_accepted,1,7.606958
oauth_only,exact_request,11,201,1,1,1,session_token_accepted,session_token_accepted,1,7.299333
oauth_only,exact_request,12,201,1,1,1,session_token_accepted,session_token_accepted,1,9.682792
oauth_only,exact_request,13,201,1,1,1,session_token_accepted,session_token_accepted,1,16.183333
oauth_only,exact_request,14,201,1,1,1,session_token_accepted,session_token_accepted,1,7.678583
oauth_only,exact_request,15,201,1,1,1,session_token_accepted,session_token_accepted,1,14.940833
oauth_only,exact_request,16,201,1,1,1,session_token_accepted,session_token_accepted,1,7.345541
oauth_only,exact_request,17,201,1,1,1,session_token_accepted,session_token_accepted,1,7.379958
oauth_only,exact_request,18,201,1,1,1,session_token_accepted,session_token_accepted,1,7.214709
oauth_only,exact_request,19,201,1,1,1,session_token_accepted,session_token_accepted,1,7.660625
oauth_only,exact_request,20,201,1,1,1,session_token_accepted,session_token_accepted,1,8.099042
oauth_only,exact_request,21,201,1,1,1,session_token_accepted,session_token_accepted,1,9.157416
oauth_only,exact_request,22,201,1,1,1,session_token_accepted,session_token_accepted,1,14.165625
oauth_only,exact_request,23,201,1,1,1,session_token_accepted,session_token_accepted,1,8.059167
oauth_only,exact_request,24,201,1,1,1,session_token_accepted,session_token_accepted,1,7.659833
oauth_only,exact_request,25,201,1,1,1,session_token_accepted,session_token_accepted,1,8.942708
oauth_only,exact_request,26,201,1,1,1,session_token_accepted,session_token_accepted,1,6.989792
oauth_only,exact_request,27,201,1,1,1,session_token_accepted,session_token_accepted,1,8.860917
oauth_only,exact_request,28,201,1,1,1,session_token_accepted,session_token_accepted,1,6.874959
oauth_only,exact_request,29,201,1,1,1,session_token_accepted,session_token_accepted,1,8.542167
oauth_only,exact_request,30,201,1,1,1,session_token_accepted,session_token_accepted,1,6.640334
oauth_only,exact_request,31,201,1,1,1,session_token_accepted,session_token_accepted,1,7.55
oauth_only,exact_request,32,201,1,1,1,session_token_accepted,session_token_accepted,1,6.8055
oauth_only,exact_request,33,201,1,1,1,session_token_accepted,session_token_accepted,1,7.589042
oauth_only,exact_request,34,201,1,1,1,session_token_accepted,session_token_accepted,1,6.938917
oauth_only,exact_request,35,201,1,1,1,session_token_accepted,session_token_accepted,1,7.475083
oauth_only,exact_request,36,201,1,1,1,session_token_accepted,session_token_accepted,1,7.246791
oauth_only,exact_request,37,201,1,1,1,session_token_accepted,session_token_accepted,1,7.232541
oauth_only,exact_request,38,201,1,1,1,session_token_accepted,session_token_accepted,1,9.30175
oauth_only,exact_request,39,201,1,1,1,session_token_accepted,session_token_accepted,1,7.228666
oauth_only,exact_request,40,201,1,1,1,session_token_accepted,session_token_accepted,1,8.287167
oauth_only,exact_request,41,201,1,1,1,session_token_accepted,session_token_accepted,1,7.346583
oauth_only,exact_request,42,201,1,1,1,session_token_accepted,session_token_accepted,1,8.006334
oauth_only,exact_request,43,201,1,1,1,session_token_accepted,session_token_accepted,1,7.344958
oauth_only,exact_request,44,201,1,1,1,session_token_accepted,session_token_accepted,1,6.980167
oauth_only,exact_request,45,201,1,1,1,session_token_accepted,session_token_accepted,1,7.744584
oauth_only,exact_request,46,201,1,1,1,session_token_accepted,session_token_accepted,1,7.836
oauth_only,exact_request,47,201,1,1,1,session_token_accepted,session_token_accepted,1,6.131334
oauth_only,exact_request,48,201,1,1,1,session_token_accepted,session_token_accepted,1,5.9065
oauth_only,exact_request,49,201,1,1,1,session_token_accepted,session_token_accepted,1,6.6095
oauth_only,exact_request,50,201,1,1,1,session_token_accepted,session_token_accepted,1,5.893166
oauth_only,exact_request,51,201,1,1,1,session_token_accepted,session_token_accepted,1,6.35475
oauth_only,exact_request,52,201,1,1,1,session_token_accepted,session_token_accepted,1,5.694833
oauth_only,exact_request,53,201,1,1,1,session_token_accepted,session_token_accepted,1,6.15575
oauth_only,exact_request,54,201,1,1,1,session_token_accepted,session_token_accepted,1,5.577666
oauth_only,exact_request,55,201,1,1,1,session_token_accepted,session_token_accepted,1,6.368083
oauth_only,exact_request,56,201,1,1,1,session_token_accepted,session_token_accepted,1,5.676959
oauth_only,exact_request,57,201,1,1,1,session_token_accepted,session_token_accepted,1,6.519875
oauth_only,exact_request,58,201,1,1,1,session_token_accepted,session_token_accepted,1,6.6925
oauth_only,exact_request,59,201,1,1,1,session_token_accepted,session_token_accepted,1,6.275292
oauth_only,exact_request,60,201,1,1,1,session_token_accepted,session_token_accepted,1,5.510667
oauth_only,exact_request,61,201,1,1,1,session_token_accepted,session_token_accepted,1,5.753917
oauth_only,exact_request,62,201,1,1,1,session_token_accepted,session_token_accepted,1,5.94
oauth_only,exact_request,63,201,1,1,1,session_token_accepted,session_token_accepted,1,5.677333
oauth_only,exact_request,64,201,1,1,1,session_token_accepted,session_token_accepted,1,7.144583
oauth_only,exact_request,65,201,1,1,1,session_token_accepted,session_token_accepted,1,6.315625
oauth_only,exact_request,66,201,1,1,1,session_token_accepted,session_token_accepted,1,5.834333
oauth_only,exact_request,67,201,1,1,1,session_token_accepted,session_token_accepted,1,8.972209
oauth_only,exact_request,68,201,1,1,1,session_token_accepted,session_token_accepted,1,5.6355
oauth_only,exact_request,69,201,1,1,1,session_token_accepted,session_token_accepted,1,7.707833
oauth_only,exact_request,70,201,1,1,1,session_token_accepted,session_token_accepted,1,5.995209
oauth_only,exact_request,71,201,1,1,1,session_token_accepted,session_token_accepted,1,7.705084
oauth_only,exact_request,72,201,1,1,1,session_token_accepted,session_token_accepted,1,6.335458
oauth_only,exact_request,73,201,1,1,1,session_token_accepted,session_token_accepted,1,6.33175
oauth_only,exact_request,74,201,1,1,1,session_token_accepted,session_token_accepted,1,5.552708
oauth_only,exact_request,75,201,1,1,1,session_token_accepted,session_token_accepted,1,5.704
oauth_only,exact_request,76,201,1,1,1,session_token_accepted,session_token_accepted,1,5.817416
oauth_only,exact_request,77,201,1,1,1,session_token_accepted,session_token_accepted,1,6.661292
oauth_only,exact_request,78,201,1,1,1,session_token_accepted,session_token_accepted,1,6.338
oauth_only,exact_request,79,201,1,1,1,session_token_accepted,session_token_accepted,1,6.412208
oauth_only,exact_request,80,201,1,1,1,session_token_accepted,session_token_accepted,1,5.951416
oauth_only,exact_request,81,201,1,1,1,session_token_accepted,session_token_accepted,1,5.793541
oauth_only,exact_request,82,201,1,1,1,session_token_accepted,session_token_accepted,1,5.803833
oauth_only,exact_request,83,201,1,1,1,session_token_accepted,session_token_accepted,1,5.537667
oauth_only,exact_request,84,201,1,1,1,session_token_accepted,session_token_accepted,1,5.690208
oauth_only,exact_request,85,201,1,1,1,session_token_accepted,session_token_accepted,1,5.427334
oauth_only,exact_request,86,201,1,1,1,session_token_accepted,session_token_accepted,1,6.035542
oauth_only,exact_request,87,201,1,1,1,session_token_accepted,session_token_accepted,1,6.285583
oauth_only,exact_request,88,201,1,1,1,session_token_accepted,session_token_accepted,1,6.340833
oauth_only,exact_request,89,201,1,1,1,session_token_accepted,session_token_accepted,1,7.166875
oauth_only,exact_request,90,201,1,1,1,session_token_accepted,session_token_accepted,1,6.473417
oauth_only,exact_request,91,201,1,1,1,session_token_accepted,session_token_accepted,1,5.731875
oauth_only,exact_request,92,201,1,1,1,session_token_accepted,session_token_accepted,1,5.626
oauth_only,exact_request,93,201,1,1,1,session_token_accepted,session_token_accepted,1,6.081708
oauth_only,exact_request,94,201,1,1,1,session_token_accepted,session_token_accepted,1,6.329375
oauth_only,exact_request,95,201,1,1,1,session_token_accepted,session_token_accepted,1,5.669167
oauth_only,exact_request,96,201,1,1,1,session_token_accepted,session_token_accepted,1,5.836875
oauth_only,exact_request,97,201,1,1,1,session_token_accepted,session_token_accepted,1,6.56675
oauth_only,exact_request,98,201,1,1,1,session_token_accepted,session_token_accepted,1,5.626584
oauth_only,exact_request,99,201,1,1,1,session_token_accepted,session_token_accepted,1,5.776291
oauth_only,exact_request,100,201,1,1,1,session_token_accepted,session_token_accepted,1,5.490458
oauth_only,exact_request,101,201,1,1,1,session_token_accepted,session_token_accepted,1,6.405584
oauth_only,exact_request,102,201,1,1,1,session_token_accepted,session_token_accepted,1,6.087916
oauth_only,exact_request,103,201,1,1,1,session_token_accepted,session_token_accepted,1,5.408875
oauth_only,exact_request,104,201,1,1,1,session_token_accepted,session_token_accepted,1,5.583625
oauth_only,exact_request,105,201,1,1,1,session_token_accepted,session_token_accepted,1,6.427333
oauth_only,exact_request,106,201,1,1,1,session_token_accepted,session_token_accepted,1,6.012917
oauth_only,exact_request,107,201,1,1,1,session_token_accepted,session_token_accepted,1,6.915834
oauth_only,exact_request,108,201,1,1,1,session_token_accepted,session_token_accepted,1,5.904709
oauth_only,exact_request,109,201,1,1,1,session_token_accepted,session_token_accepted,1,5.747583
oauth_only,exact_request,110,201,1,1,1,session_token_accepted,session_token_accepted,1,5.730458
oauth_only,exact_request,111,201,1,1,1,session_token_accepted,session_token_accepted,1,5.742917
oauth_only,exact_request,112,201,1,1,1,session_token_accepted,session_token_accepted,1,6.061
oauth_only,exact_request,113,201,1,1,1,session_token_accepted,session_token_accepted,1,6.568625
oauth_only,exact_request,114,201,1,1,1,session_token_accepted,session_token_accepted,1,5.612667
oauth_only,exact_request,115,201,1,1,1,session_token_accepted,session_token_accepted,1,5.701834
oauth_only,exact_request,116,201,1,1,1,session_token_accepted,session_token_accepted,1,6.145458
oauth_only,exact_request,117,201,1,1,1,session_token_accepted,session_token_accepted,1,5.733542
oauth_only,exact_request,118,201,1,1,1,session_token_accepted,session_token_accepted,1,5.645584
oauth_only,exact_request,119,201,1,1,1,session_token_accepted,session_token_accepted,1,9.288292
oauth_only,exact_request,120,201,1,1,1,session_token_accepted,session_token_accepted,1,6.524625
oauth_only,exact_request,121,201,1,1,1,session_token_accepted,session_token_accepted,1,6.058417
oauth_only,exact_request,122,201,1,1,1,session_token_accepted,session_token_accepted,1,6.05425
oauth_only,exact_request,123,201,1,1,1,session_token_accepted,session_token_accepted,1,6.482583
oauth_only,exact_request,124,201,1,1,1,session_token_accepted,session_token_accepted,1,5.900709
oauth_only,exact_request,125,201,1,1,1,session_token_accepted,session_token_accepted,1,5.270958
oauth_only,exact_request,126,201,1,1,1,session_token_accepted,session_token_accepted,1,5.775458
oauth_only,exact_request,127,201,1,1,1,session_token_accepted,session_token_accepted,1,6.348708
oauth_only,exact_request,128,201,1,1,1,session_token_accepted,session_token_accepted,1,5.993708
oauth_only,exact_request,129,201,1,1,1,session_token_accepted,session_token_accepted,1,6.085875
oauth_only,exact_request,130,201,1,1,1,session_token_accepted,session_token_accepted,1,5.531583
oauth_only,exact_request,131,201,1,1,1,session_token_accepted,session_token_accepted,1,5.903541
oauth_only,exact_request,132,201,1,1,1,session_token_accepted,session_token_accepted,1,6.013542
oauth_only,exact_request,133,201,1,1,1,session_token_accepted,session_token_accepted,1,6.627333
oauth_only,exact_request,134,201,1,1,1,session_token_accepted,session_token_accepted,1,6.623083
oauth_only,exact_request,135,201,1,1,1,session_token_accepted,session_token_accepted,1,6.464042
oauth_only,exact_request,136,201,1,1,1,session_token_accepted,session_token_accepted,1,5.850333
oauth_only,exact_request,137,201,1,1,1,session_token_accepted,session_token_accepted,1,5.93625
oauth_only,exact_request,138,201,1,1,1,session_token_accepted,session_token_accepted,1,5.784959
oauth_only,exact_request,139,201,1,1,1,session_token_accepted,session_token_accepted,1,8.163792
oauth_only,exact_request,140,201,1,1,1,session_token_accepted,session_token_accepted,1,6.513958
oauth_only,exact_request,141,201,1,1,1,session_token_accepted,session_token_accepted,1,5.596833
oauth_only,exact_request,142,201,1,1,1,session_token_accepted,session_token_accepted,1,6.854291
oauth_only,exact_request,143,201,1,1,1,session_token_accepted,session_token_accepted,1,6.326959
oauth_only,exact_request,144,201,1,1,1,session_token_accepted,session_token_accepted,1,6.458
oauth_only,exact_request,145,201,1,1,1,session_token_accepted,session_token_accepted,1,6.075916
oauth_only,exact_request,146,201,1,1,1,session_token_accepted,session_token_accepted,1,5.67625
oauth_only,exact_request,147,201,1,1,1,session_token_accepted,session_token_accepted,1,5.656542
oauth_only,exact_request,148,201,1,1,1,session_token_accepted,session_token_accepted,1,6.406208
oauth_only,exact_request,149,201,1,1,1,session_token_accepted,session_token_accepted,1,5.636625
oauth_only,exact_request,150,201,1,1,1,session_token_accepted,session_token_accepted,1,5.956542
oauth_only,exact_request,151,201,1,1,1,session_token_accepted,session_token_accepted,1,6.225917
oauth_only,exact_request,152,201,1,1,1,session_token_accepted,session_token_accepted,1,7.768334
oauth_only,exact_request,153,201,1,1,1,session_token_accepted,session_token_accepted,1,6.503625
oauth_only,exact_request,154,201,1,1,1,session_token_accepted,session_token_accepted,1,6.560959
oauth_only,exact_request,155,201,1,1,1,session_token_accepted,session_token_accepted,1,6.752416
oauth_only,exact_request,156,201,1,1,1,session_token_accepted,session_token_accepted,1,7.657791
oauth_only,exact_request,157,201,1,1,1,session_token_accepted,session_token_accepted,1,6.508791
oauth_only,exact_request,158,201,1,1,1,session_token_accepted,session_token_accepted,1,6.636875
oauth_only,exact_request,159,201,1,1,1,session_token_accepted,session_token_accepted,1,6.0805
oauth_only,exact_request,160,201,1,1,1,session_token_accepted,session_token_accepted,1,6.265041
oauth_only,exact_request,161,201,1,1,1,session_token_accepted,session_token_accepted,1,5.903958
oauth_only,exact_request,162,201,1,1,1,session_token_accepted,session_token_accepted,1,6.386166
oauth_only,exact_request,163,201,1,1,1,session_token_accepted,session_token_accepted,1,6.054792
oauth_only,exact_request,164,201,1,1,1,session_token_accepted,session_token_accepted,1,5.565708
oauth_only,exact_request,165,201,1,1,1,session_token_accepted,session_token_accepted,1,5.799375
oauth_only,exact_request,166,201,1,1,1,session_token_accepted,session_token_accepted,1,6.383833
oauth_only,exact_request,167,201,1,1,1,session_token_accepted,session_token_accepted,1,6.56025
oauth_only,exact_request,168,201,1,1,1,session_token_accepted,session_token_accepted,1,6.624417
oauth_only,exact_request,169,201,1,1,1,session_token_accepted,session_token_accepted,1,6.520334
oauth_only,exact_request,170,201,1,1,1,session_token_accepted,session_token_accepted,1,7.631
oauth_only,exact_request,171,201,1,1,1,session_token_accepted,session_token_accepted,1,6.225792
oauth_only,exact_request,172,201,1,1,1,session_token_accepted,session_token_accepted,1,5.478125
oauth_only,exact_request,173,201,1,1,1,session_token_accepted,session_token_accepted,1,6.270542
oauth_only,exact_request,174,201,1,1,1,session_token_accepted,session_token_accepted,1,5.659875
oauth_only,exact_request,175,201,1,1,1,session_token_accepted,session_token_accepted,1,7.450167
oauth_only,exact_request,176,201,1,1,1,session_token_accepted,session_token_accepted,1,6.677333
oauth_only,exact_request,177,201,1,1,1,session_token_accepted,session_token_accepted,1,8.286709
oauth_only,exact_request,178,201,1,1,1,session_token_accepted,session_token_accepted,1,7.441625
oauth_only,exact_request,179,201,1,1,1,session_token_accepted,session_token_accepted,1,5.903208
oauth_only,exact_request,180,201,1,1,1,session_token_accepted,session_token_accepted,1,6.041667
oauth_only,exact_request,181,201,1,1,1,session_token_accepted,session_token_accepted,1,5.760167
oauth_only,exact_request,182,201,1,1,1,session_token_accepted,session_token_accepted,1,5.914
oauth_only,exact_request,183,201,1,1,1,session_token_accepted,session_token_accepted,1,6.62225
oauth_only,exact_request,184,201,1,1,1,session_token_accepted,session_token_accepted,1,15.09975
oauth_only,exact_request,185,201,1,1,1,session_token_accepted,session_token_accepted,1,6.753708
oauth_only,exact_request,186,201,1,1,1,session_token_accepted,session_token_accepted,1,6.407209
oauth_only,exact_request,187,201,1,1,1,session_token_accepted,session_token_accepted,1,5.768166
oauth_only,exact_request,188,201,1,1,1,session_token_accepted,session_token_accepted,1,6.229833
oauth_only,exact_request,189,201,1,1,1,session_token_accepted,session_token_accepted,1,5.954417
oauth_only,exact_request,190,201,1,1,1,session_token_accepted,session_token_accepted,1,5.928875
oauth_only,exact_request,191,201,1,1,1,session_token_accepted,session_token_accepted,1,6.080125
oauth_only,exact_request,192,201,1,1,1,session_token_accepted,session_token_accepted,1,6.332583
oauth_only,exact_request,193,201,1,1,1,session_token_accepted,session_token_accepted,1,5.460042
oauth_only,exact_request,194,201,1,1,1,session_token_accepted,session_token_accepted,1,6.317375
oauth_only,exact_request,195,201,1,1,1,session_token_accepted,session_token_accepted,1,5.702917
oauth_only,exact_request,196,201,1,1,1,session_token_accepted,session_token_accepted,1,5.927375
oauth_only,exact_request,197,201,1,1,1,session_token_accepted,session_token_accepted,1,6.767791
oauth_only,exact_request,198,201,1,1,1,session_token_accepted,session_token_accepted,1,6.068458
oauth_only,exact_request,199,201,1,1,1,session_token_accepted,session_token_accepted,1,6.330667
oauth_only,cross_action_substitution,0,201,1,1,1,session_token_accepted,session_token_accepted,1,6.161833
oauth_only,cross_action_substitution,1,201,1,1,1,session_token_accepted,session_token_accepted,1,5.741125
oauth_only,cross_action_substitution,2,201,1,1,1,session_token_accepted,session_token_accepted,1,5.601292
oauth_only,cross_action_substitution,3,201,1,1,1,session_token_accepted,session_token_accepted,1,5.974667
oauth_only,cross_action_substitution,4,201,1,1,1,session_token_accepted,session_token_accepted,1,6.8875
oauth_only,cross_action_substitution,5,201,1,1,1,session_token_accepted,session_token_accepted,1,6.048084
oauth_only,cross_action_substitution,6,201,1,1,1,session_token_accepted,session_token_accepted,1,5.899333
oauth_only,cross_action_substitution,7,201,1,1,1,session_token_accepted,session_token_accepted,1,5.902458
oauth_only,cross_action_substitution,8,201,1,1,1,session_token_accepted,session_token_accepted,1,5.584667
oauth_only,cross_action_substitution,9,201,1,1,1,session_token_accepted,session_token_accepted,1,5.871875
oauth_only,cross_action_substitution,10,201,1,1,1,session_token_accepted,session_token_accepted,1,6.032958
oauth_only,cross_action_substitution,11,201,1,1,1,session_token_accepted,session_token_accepted,1,6.468958
oauth_only,cross_action_substitution,12,201,1,1,1,session_token_accepted,session_token_accepted,1,10.129333
oauth_only,cross_action_substitution,13,201,1,1,1,session_token_accepted,session_token_accepted,1,7.927084
oauth_only,cross_action_substitution,14,201,1,1,1,session_token_accepted,session_token_accepted,1,7.501083
oauth_only,cross_action_substitution,15,201,1,1,1,session_token_accepted,session_token_accepted,1,7.451625
oauth_only,cross_action_substitution,16,201,1,1,1,session_token_accepted,session_token_accepted,1,6.935792
oauth_only,cross_action_substitution,17,201,1,1,1,session_token_accepted,session_token_accepted,1,8.662167
oauth_only,cross_action_substitution,18,201,1,1,1,session_token_accepted,session_token_accepted,1,7.034334
oauth_only,cross_action_substitution,19,201,1,1,1,session_token_accepted,session_token_accepted,1,6.835417
oauth_only,cross_action_substitution,20,201,1,1,1,session_token_accepted,session_token_accepted,1,5.813875
oauth_only,cross_action_substitution,21,201,1,1,1,session_token_accepted,session_token_accepted,1,6.015667
oauth_only,cross_action_substitution,22,201,1,1,1,session_token_accepted,session_token_accepted,1,6.092875
oauth_only,cross_action_substitution,23,201,1,1,1,session_token_accepted,session_token_accepted,1,6.207458
oauth_only,cross_action_substitution,24,201,1,1,1,session_token_accepted,session_token_accepted,1,6.469708
oauth_only,cross_action_substitution,25,201,1,1,1,session_token_accepted,session_token_accepted,1,6.270666
oauth_only,cross_action_substitution,26,201,1,1,1,session_token_accepted,session_token_accepted,1,5.775875
oauth_only,cross_action_substitution,27,201,1,1,1,session_token_accepted,session_token_accepted,1,6.704542
oauth_only,cross_action_substitution,28,201,1,1,1,session_token_accepted,session_token_accepted,1,6.263375
oauth_only,cross_action_substitution,29,201,1,1,1,session_token_accepted,session_token_accepted,1,6.437958
oauth_only,cross_action_substitution,30,201,1,1,1,session_token_accepted,session_token_accepted,1,6.64025
oauth_only,cross_action_substitution,31,201,1,1,1,session_token_accepted,session_token_accepted,1,6.139625
oauth_only,cross_action_substitution,32,201,1,1,1,session_token_accepted,session_token_accepted,1,6.293125
oauth_only,cross_action_substitution,33,201,1,1,1,session_token_accepted,session_token_accepted,1,6.038125
oauth_only,cross_action_substitution,34,201,1,1,1,session_token_accepted,session_token_accepted,1,6.556083
oauth_only,cross_action_substitution,35,201,1,1,1,session_token_accepted,session_token_accepted,1,6.727584
oauth_only,cross_action_substitution,36,201,1,1,1,session_token_accepted,session_token_accepted,1,5.922541
oauth_only,cross_action_substitution,37,201,1,1,1,session_token_accepted,session_token_accepted,1,6.193791
oauth_only,cross_action_substitution,38,201,1,1,1,session_token_accepted,session_token_accepted,1,5.929708
oauth_only,cross_action_substitution,39,201,1,1,1,session_token_accepted,session_token_accepted,1,5.980584
oauth_only,cross_action_substitution,40,201,1,1,1,session_token_accepted,session_token_accepted,1,5.914042
oauth_only,cross_action_substitution,41,201,1,1,1,session_token_accepted,session_token_accepted,1,6.556458
oauth_only,cross_action_substitution,42,201,1,1,1,session_token_accepted,session_token_accepted,1,5.635584
oauth_only,cross_action_substitution,43,201,1,1,1,session_token_accepted,session_token_accepted,1,5.444458
oauth_only,cross_action_substitution,44,201,1,1,1,session_token_accepted,session_token_accepted,1,6.090417
oauth_only,cross_action_substitution,45,201,1,1,1,session_token_accepted,session_token_accepted,1,6.20525
oauth_only,cross_action_substitution,46,201,1,1,1,session_token_accepted,session_token_accepted,1,6.802334
oauth_only,cross_action_substitution,47,201,1,1,1,session_token_accepted,session_token_accepted,1,7.137667
oauth_only,cross_action_substitution,48,201,1,1,1,session_token_accepted,session_token_accepted,1,6.692875
oauth_only,cross_action_substitution,49,201,1,1,1,session_token_accepted,session_token_accepted,1,5.8915
oauth_only,cross_action_substitution,50,201,1,1,1,session_token_accepted,session_token_accepted,1,5.758542
oauth_only,cross_action_substitution,51,201,1,1,1,session_token_accepted,session_token_accepted,1,6.370708
oauth_only,cross_action_substitution,52,201,1,1,1,session_token_accepted,session_token_accepted,1,6.89375
oauth_only,cross_action_substitution,53,201,1,1,1,session_token_accepted,session_token_accepted,1,7.06
oauth_only,cross_action_substitution,54,201,1,1,1,session_token_accepted,session_token_accepted,1,6.8515
oauth_only,cross_action_substitution,55,201,1,1,1,session_token_accepted,session_token_accepted,1,6.578459
oauth_only,cross_action_substitution,56,201,1,1,1,session_token_accepted,session_token_accepted,1,6.907334
oauth_only,cross_action_substitution,57,201,1,1,1,session_token_accepted,session_token_accepted,1,5.935042
oauth_only,cross_action_substitution,58,201,1,1,1,session_token_accepted,session_token_accepted,1,5.771959
oauth_only,cross_action_substitution,59,201,1,1,1,session_token_accepted,session_token_accepted,1,6.560417
oauth_only,cross_action_substitution,60,201,1,1,1,session_token_accepted,session_token_accepted,1,5.685125
oauth_only,cross_action_substitution,61,201,1,1,1,session_token_accepted,session_token_accepted,1,8.224041
oauth_only,cross_action_substitution,62,201,1,1,1,session_token_accepted,session_token_accepted,1,5.48275
oauth_only,cross_action_substitution,63,201,1,1,1,session_token_accepted,session_token_accepted,1,6.127375
oauth_only,cross_action_substitution,64,201,1,1,1,session_token_accepted,session_token_accepted,1,5.543875
oauth_only,cross_action_substitution,65,201,1,1,1,session_token_accepted,session_token_accepted,1,6.358084
oauth_only,cross_action_substitution,66,201,1,1,1,session_token_accepted,session_token_accepted,1,8.110459
oauth_only,cross_action_substitution,67,201,1,1,1,session_token_accepted,session_token_accepted,1,8.693708
oauth_only,cross_action_substitution,68,201,1,1,1,session_token_accepted,session_token_accepted,1,7.487709
oauth_only,cross_action_substitution,69,201,1,1,1,session_token_accepted,session_token_accepted,1,7.102416
oauth_only,cross_action_substitution,70,201,1,1,1,session_token_accepted,session_token_accepted,1,12.736334
oauth_only,cross_action_substitution,71,201,1,1,1,session_token_accepted,session_token_accepted,1,5.672792
oauth_only,cross_action_substitution,72,201,1,1,1,session_token_accepted,session_token_accepted,1,6.404417
oauth_only,cross_action_substitution,73,201,1,1,1,session_token_accepted,session_token_accepted,1,6.2915
oauth_only,cross_action_substitution,74,201,1,1,1,session_token_accepted,session_token_accepted,1,6.329417
oauth_only,cross_action_substitution,75,201,1,1,1,session_token_accepted,session_token_accepted,1,6.205
oauth_only,cross_action_substitution,76,201,1,1,1,session_token_accepted,session_token_accepted,1,5.815709
oauth_only,cross_action_substitution,77,201,1,1,1,session_token_accepted,session_token_accepted,1,7.404
oauth_only,cross_action_substitution,78,201,1,1,1,session_token_accepted,session_token_accepted,1,5.968208
oauth_only,cross_action_substitution,79,201,1,1,1,session_token_accepted,session_token_accepted,1,6.009083
oauth_only,cross_action_substitution,80,201,1,1,1,session_token_accepted,session_token_accepted,1,5.906291
oauth_only,cross_action_substitution,81,201,1,1,1,session_token_accepted,session_token_accepted,1,5.447666
oauth_only,cross_action_substitution,82,201,1,1,1,session_token_accepted,session_token_accepted,1,5.954625
oauth_only,cross_action_substitution,83,201,1,1,1,session_token_accepted,session_token_accepted,1,5.7835
oauth_only,cross_action_substitution,84,201,1,1,1,session_token_accepted,session_token_accepted,1,5.883042
oauth_only,cross_action_substitution,85,201,1,1,1,session_token_accepted,session_token_accepted,1,5.60475
oauth_only,cross_action_substitution,86,201,1,1,1,session_token_accepted,session_token_accepted,1,5.798333
oauth_only,cross_action_substitution,87,201,1,1,1,session_token_accepted,session_token_accepted,1,6.356625
oauth_only,cross_action_substitution,88,201,1,1,1,session_token_accepted,session_token_accepted,1,6.932958
oauth_only,cross_action_substitution,89,201,1,1,1,session_token_accepted,session_token_accepted,1,5.66025
oauth_only,cross_action_substitution,90,201,1,1,1,session_token_accepted,session_token_accepted,1,5.789125
oauth_only,cross_action_substitution,91,201,1,1,1,session_token_accepted,session_token_accepted,1,6.632041
oauth_only,cross_action_substitution,92,201,1,1,1,session_token_accepted,session_token_accepted,1,5.950959
oauth_only,cross_action_substitution,93,201,1,1,1,session_token_accepted,session_token_accepted,1,5.457084
oauth_only,cross_action_substitution,94,201,1,1,1,session_token_accepted,session_token_accepted,1,6.086292
oauth_only,cross_action_substitution,95,201,1,1,1,session_token_accepted,session_token_accepted,1,6.474875
oauth_only,cross_action_substitution,96,201,1,1,1,session_token_accepted,session_token_accepted,1,5.692
oauth_only,cross_action_substitution,97,201,1,1,1,session_token_accepted,session_token_accepted,1,6.081417
oauth_only,cross_action_substitution,98,201,1,1,1,session_token_accepted,session_token_accepted,1,6.052125
oauth_only,cross_action_substitution,99,201,1,1,1,session_token_accepted,session_token_accepted,1,7.045083
oauth_only,cross_action_substitution,100,201,1,1,1,session_token_accepted,session_token_accepted,1,5.998416
oauth_only,cross_action_substitution,101,201,1,1,1,session_token_accepted,session_token_accepted,1,6.025417
oauth_only,cross_action_substitution,102,201,1,1,1,session_token_accepted,session_token_accepted,1,7.103375
oauth_only,cross_action_substitution,103,201,1,1,1,session_token_accepted,session_token_accepted,1,8.529166
oauth_only,cross_action_substitution,104,201,1,1,1,session_token_accepted,session_token_accepted,1,7.339375
oauth_only,cross_action_substitution,105,201,1,1,1,session_token_accepted,session_token_accepted,1,7.4955
oauth_only,cross_action_substitution,106,201,1,1,1,session_token_accepted,session_token_accepted,1,7.337292
oauth_only,cross_action_substitution,107,201,1,1,1,session_token_accepted,session_token_accepted,1,7.105083
oauth_only,cross_action_substitution,108,201,1,1,1,session_token_accepted,session_token_accepted,1,6.8895
oauth_only,cross_action_substitution,109,201,1,1,1,session_token_accepted,session_token_accepted,1,6.334042
oauth_only,cross_action_substitution,110,201,1,1,1,session_token_accepted,session_token_accepted,1,6.347
oauth_only,cross_action_substitution,111,201,1,1,1,session_token_accepted,session_token_accepted,1,6.54275
oauth_only,cross_action_substitution,112,201,1,1,1,session_token_accepted,session_token_accepted,1,6.327625
oauth_only,cross_action_substitution,113,201,1,1,1,session_token_accepted,session_token_accepted,1,6.288292
oauth_only,cross_action_substitution,114,201,1,1,1,session_token_accepted,session_token_accepted,1,5.994584
oauth_only,cross_action_substitution,115,201,1,1,1,session_token_accepted,session_token_accepted,1,6.652709
oauth_only,cross_action_substitution,116,201,1,1,1,session_token_accepted,session_token_accepted,1,6.283917
oauth_only,cross_action_substitution,117,201,1,1,1,session_token_accepted,session_token_accepted,1,6.522333
oauth_only,cross_action_substitution,118,201,1,1,1,session_token_accepted,session_token_accepted,1,6.664958
oauth_only,cross_action_substitution,119,201,1,1,1,session_token_accepted,session_token_accepted,1,6.015458
oauth_only,cross_action_substitution,120,201,1,1,1,session_token_accepted,session_token_accepted,1,6.634166
oauth_only,cross_action_substitution,121,201,1,1,1,session_token_accepted,session_token_accepted,1,5.972709
oauth_only,cross_action_substitution,122,201,1,1,1,session_token_accepted,session_token_accepted,1,6.152958
oauth_only,cross_action_substitution,123,201,1,1,1,session_token_accepted,session_token_accepted,1,6.599125
oauth_only,cross_action_substitution,124,201,1,1,1,session_token_accepted,session_token_accepted,1,5.792
oauth_only,cross_action_substitution,125,201,1,1,1,session_token_accepted,session_token_accepted,1,5.689125
oauth_only,cross_action_substitution,126,201,1,1,1,session_token_accepted,session_token_accepted,1,5.735667
oauth_only,cross_action_substitution,127,201,1,1,1,session_token_accepted,session_token_accepted,1,5.9455
oauth_only,cross_action_substitution,128,201,1,1,1,session_token_accepted,session_token_accepted,1,6.3855
oauth_only,cross_action_substitution,129,201,1,1,1,session_token_accepted,session_token_accepted,1,6.423166
oauth_only,cross_action_substitution,130,201,1,1,1,session_token_accepted,session_token_accepted,1,5.856542
oauth_only,cross_action_substitution,131,201,1,1,1,session_token_accepted,session_token_accepted,1,5.509042
oauth_only,cross_action_substitution,132,201,1,1,1,session_token_accepted,session_token_accepted,1,6.809041
oauth_only,cross_action_substitution,133,201,1,1,1,session_token_accepted,session_token_accepted,1,6.09
oauth_only,cross_action_substitution,134,201,1,1,1,session_token_accepted,session_token_accepted,1,5.558875
oauth_only,cross_action_substitution,135,201,1,1,1,session_token_accepted,session_token_accepted,1,5.650167
oauth_only,cross_action_substitution,136,201,1,1,1,session_token_accepted,session_token_accepted,1,6.066375
oauth_only,cross_action_substitution,137,201,1,1,1,session_token_accepted,session_token_accepted,1,6.865292
oauth_only,cross_action_substitution,138,201,1,1,1,session_token_accepted,session_token_accepted,1,5.935833
oauth_only,cross_action_substitution,139,201,1,1,1,session_token_accepted,session_token_accepted,1,6.8635
oauth_only,cross_action_substitution,140,201,1,1,1,session_token_accepted,session_token_accepted,1,5.679
oauth_only,cross_action_substitution,141,201,1,1,1,session_token_accepted,session_token_accepted,1,6.184375
oauth_only,cross_action_substitution,142,201,1,1,1,session_token_accepted,session_token_accepted,1,6.22025
oauth_only,cross_action_substitution,143,201,1,1,1,session_token_accepted,session_token_accepted,1,6.034125
oauth_only,cross_action_substitution,144,201,1,1,1,session_token_accepted,session_token_accepted,1,5.723709
oauth_only,cross_action_substitution,145,201,1,1,1,session_token_accepted,session_token_accepted,1,5.577166
oauth_only,cross_action_substitution,146,201,1,1,1,session_token_accepted,session_token_accepted,1,5.925333
oauth_only,cross_action_substitution,147,201,1,1,1,session_token_accepted,session_token_accepted,1,6.329666
oauth_only,cross_action_substitution,148,201,1,1,1,session_token_accepted,session_token_accepted,1,6.013709
oauth_only,cross_action_substitution,149,201,1,1,1,session_token_accepted,session_token_accepted,1,6.732792
oauth_only,cross_action_substitution,150,201,1,1,1,session_token_accepted,session_token_accepted,1,16.792709
oauth_only,cross_action_substitution,151,201,1,1,1,session_token_accepted,session_token_accepted,1,5.975875
oauth_only,cross_action_substitution,152,201,1,1,1,session_token_accepted,session_token_accepted,1,5.884958
oauth_only,cross_action_substitution,153,201,1,1,1,session_token_accepted,session_token_accepted,1,5.798875
oauth_only,cross_action_substitution,154,201,1,1,1,session_token_accepted,session_token_accepted,1,5.816958
oauth_only,cross_action_substitution,155,201,1,1,1,session_token_accepted,session_token_accepted,1,7.433625
oauth_only,cross_action_substitution,156,201,1,1,1,session_token_accepted,session_token_accepted,1,6.008042
oauth_only,cross_action_substitution,157,201,1,1,1,session_token_accepted,session_token_accepted,1,6.363667
oauth_only,cross_action_substitution,158,201,1,1,1,session_token_accepted,session_token_accepted,1,6.199584
oauth_only,cross_action_substitution,159,201,1,1,1,session_token_accepted,session_token_accepted,1,6.523542
oauth_only,cross_action_substitution,160,201,1,1,1,session_token_accepted,session_token_accepted,1,5.460917
oauth_only,cross_action_substitution,161,201,1,1,1,session_token_accepted,session_token_accepted,1,6.296625
oauth_only,cross_action_substitution,162,201,1,1,1,session_token_accepted,session_token_accepted,1,6.614208
oauth_only,cross_action_substitution,163,201,1,1,1,session_token_accepted,session_token_accepted,1,6.487042
oauth_only,cross_action_substitution,164,201,1,1,1,session_token_accepted,session_token_accepted,1,6.145041
oauth_only,cross_action_substitution,165,201,1,1,1,session_token_accepted,session_token_accepted,1,6.909125
oauth_only,cross_action_substitution,166,201,1,1,1,session_token_accepted,session_token_accepted,1,6.167875
oauth_only,cross_action_substitution,167,201,1,1,1,session_token_accepted,session_token_accepted,1,7.58675
oauth_only,cross_action_substitution,168,201,1,1,1,session_token_accepted,session_token_accepted,1,6.249375
oauth_only,cross_action_substitution,169,201,1,1,1,session_token_accepted,session_token_accepted,1,5.714459
oauth_only,cross_action_substitution,170,201,1,1,1,session_token_accepted,session_token_accepted,1,16.191167
oauth_only,cross_action_substitution,171,201,1,1,1,session_token_accepted,session_token_accepted,1,8.589208
oauth_only,cross_action_substitution,172,201,1,1,1,session_token_accepted,session_token_accepted,1,6.886875
oauth_only,cross_action_substitution,173,201,1,1,1,session_token_accepted,session_token_accepted,1,8.279833
oauth_only,cross_action_substitution,174,201,1,1,1,session_token_accepted,session_token_accepted,1,7.324209
oauth_only,cross_action_substitution,175,201,1,1,1,session_token_accepted,session_token_accepted,1,6.678625
oauth_only,cross_action_substitution,176,201,1,1,1,session_token_accepted,session_token_accepted,1,7.066166
oauth_only,cross_action_substitution,177,201,1,1,1,session_token_accepted,session_token_accepted,1,7.3665
oauth_only,cross_action_substitution,178,201,1,1,1,session_token_accepted,session_token_accepted,1,7.234542
oauth_only,cross_action_substitution,179,201,1,1,1,session_token_accepted,session_token_accepted,1,7.509833
oauth_only,cross_action_substitution,180,201,1,1,1,session_token_accepted,session_token_accepted,1,6.860167
oauth_only,cross_action_substitution,181,201,1,1,1,session_token_accepted,session_token_accepted,1,7.763875
oauth_only,cross_action_substitution,182,201,1,1,1,session_token_accepted,session_token_accepted,1,7.500625
oauth_only,cross_action_substitution,183,201,1,1,1,session_token_accepted,session_token_accepted,1,11.960541
oauth_only,cross_action_substitution,184,201,1,1,1,session_token_accepted,session_token_accepted,1,7.262791
oauth_only,cross_action_substitution,185,201,1,1,1,session_token_accepted,session_token_accepted,1,7.297042
oauth_only,cross_action_substitution,186,201,1,1,1,session_token_accepted,session_token_accepted,1,6.894792
oauth_only,cross_action_substitution,187,201,1,1,1,session_token_accepted,session_token_accepted,1,7.421083
oauth_only,cross_action_substitution,188,201,1,1,1,session_token_accepted,session_token_accepted,1,6.866917
oauth_only,cross_action_substitution,189,201,1,1,1,session_token_accepted,session_token_accepted,1,7.825833
oauth_only,cross_action_substitution,190,201,1,1,1,session_token_accepted,session_token_accepted,1,7.32825
oauth_only,cross_action_substitution,191,201,1,1,1,session_token_accepted,session_token_accepted,1,7.020333
oauth_only,cross_action_substitution,192,201,1,1,1,session_token_accepted,session_token_accepted,1,7.163292
oauth_only,cross_action_substitution,193,201,1,1,1,session_token_accepted,session_token_accepted,1,7.574792
oauth_only,cross_action_substitution,194,201,1,1,1,session_token_accepted,session_token_accepted,1,7.050291
oauth_only,cross_action_substitution,195,201,1,1,1,session_token_accepted,session_token_accepted,1,6.862
oauth_only,cross_action_substitution,196,201,1,1,1,session_token_accepted,session_token_accepted,1,7.156084
oauth_only,cross_action_substitution,197,201,1,1,1,session_token_accepted,session_token_accepted,1,7.526584
oauth_only,cross_action_substitution,198,201,1,1,1,session_token_accepted,session_token_accepted,1,6.892833
oauth_only,cross_action_substitution,199,201,1,1,1,session_token_accepted,session_token_accepted,1,16.665583
oauth_only,target_object_substitution,0,201,1,1,1,session_token_accepted,session_token_accepted,1,8.37025
oauth_only,target_object_substitution,1,201,1,1,1,session_token_accepted,session_token_accepted,1,7.626
oauth_only,target_object_substitution,2,201,1,1,1,session_token_accepted,session_token_accepted,1,7.602209
oauth_only,target_object_substitution,3,201,1,1,1,session_token_accepted,session_token_accepted,1,8.050084
oauth_only,target_object_substitution,4,201,1,1,1,session_token_accepted,session_token_accepted,1,8.251292
oauth_only,target_object_substitution,5,201,1,1,1,session_token_accepted,session_token_accepted,1,7.680042
oauth_only,target_object_substitution,6,201,1,1,1,session_token_accepted,session_token_accepted,1,7.908625
oauth_only,target_object_substitution,7,201,1,1,1,session_token_accepted,session_token_accepted,1,7.835042
oauth_only,target_object_substitution,8,201,1,1,1,session_token_accepted,session_token_accepted,1,7.264875
oauth_only,target_object_substitution,9,201,1,1,1,session_token_accepted,session_token_accepted,1,7.320583
oauth_only,target_object_substitution,10,201,1,1,1,session_token_accepted,session_token_accepted,1,7.282417
oauth_only,target_object_substitution,11,201,1,1,1,session_token_accepted,session_token_accepted,1,7.378542
oauth_only,target_object_substitution,12,201,1,1,1,session_token_accepted,session_token_accepted,1,7.784083
oauth_only,target_object_substitution,13,201,1,1,1,session_token_accepted,session_token_accepted,1,8.283833
oauth_only,target_object_substitution,14,201,1,1,1,session_token_accepted,session_token_accepted,1,8.052458
oauth_only,target_object_substitution,15,201,1,1,1,session_token_accepted,session_token_accepted,1,8.488375
oauth_only,target_object_substitution,16,201,1,1,1,session_token_accepted,session_token_accepted,1,7.165708
oauth_only,target_object_substitution,17,201,1,1,1,session_token_accepted,session_token_accepted,1,7.260833
oauth_only,target_object_substitution,18,201,1,1,1,session_token_accepted,session_token_accepted,1,7.465625
oauth_only,target_object_substitution,19,201,1,1,1,session_token_accepted,session_token_accepted,1,7.812833
oauth_only,target_object_substitution,20,201,1,1,1,session_token_accepted,session_token_accepted,1,7.758959
oauth_only,target_object_substitution,21,201,1,1,1,session_token_accepted,session_token_accepted,1,7.42525
oauth_only,target_object_substitution,22,201,1,1,1,session_token_accepted,session_token_accepted,1,7.777583
oauth_only,target_object_substitution,23,201,1,1,1,session_token_accepted,session_token_accepted,1,7.054541
oauth_only,target_object_substitution,24,201,1,1,1,session_token_accepted,session_token_accepted,1,7.087417
oauth_only,target_object_substitution,25,201,1,1,1,session_token_accepted,session_token_accepted,1,9.501125
oauth_only,target_object_substitution,26,201,1,1,1,session_token_accepted,session_token_accepted,1,8.594625
oauth_only,target_object_substitution,27,201,1,1,1,session_token_accepted,session_token_accepted,1,9.87675
oauth_only,target_object_substitution,28,201,1,1,1,session_token_accepted,session_token_accepted,1,12.482833
oauth_only,target_object_substitution,29,201,1,1,1,session_token_accepted,session_token_accepted,1,18.749583
oauth_only,target_object_substitution,30,201,1,1,1,session_token_accepted,session_token_accepted,1,8.547375
oauth_only,target_object_substitution,31,201,1,1,1,session_token_accepted,session_token_accepted,1,7.899041
oauth_only,target_object_substitution,32,201,1,1,1,session_token_accepted,session_token_accepted,1,8.413917
oauth_only,target_object_substitution,33,201,1,1,1,session_token_accepted,session_token_accepted,1,7.90625
oauth_only,target_object_substitution,34,201,1,1,1,session_token_accepted,session_token_accepted,1,12.498917
oauth_only,target_object_substitution,35,201,1,1,1,session_token_accepted,session_token_accepted,1,8.674583
oauth_only,target_object_substitution,36,201,1,1,1,session_token_accepted,session_token_accepted,1,6.99275
oauth_only,target_object_substitution,37,201,1,1,1,session_token_accepted,session_token_accepted,1,7.900291
oauth_only,target_object_substitution,38,201,1,1,1,session_token_accepted,session_token_accepted,1,16.274708
oauth_only,target_object_substitution,39,201,1,1,1,session_token_accepted,session_token_accepted,1,8.532917
oauth_only,target_object_substitution,40,201,1,1,1,session_token_accepted,session_token_accepted,1,7.915417
oauth_only,target_object_substitution,41,201,1,1,1,session_token_accepted,session_token_accepted,1,7.7265
oauth_only,target_object_substitution,42,201,1,1,1,session_token_accepted,session_token_accepted,1,8.144667
oauth_only,target_object_substitution,43,201,1,1,1,session_token_accepted,session_token_accepted,1,7.564083
oauth_only,target_object_substitution,44,201,1,1,1,session_token_accepted,session_token_accepted,1,7.79625
oauth_only,target_object_substitution,45,201,1,1,1,session_token_accepted,session_token_accepted,1,9.253583
oauth_only,target_object_substitution,46,201,1,1,1,session_token_accepted,session_token_accepted,1,8.056
oauth_only,target_object_substitution,47,201,1,1,1,session_token_accepted,session_token_accepted,1,10.773292
oauth_only,target_object_substitution,48,201,1,1,1,session_token_accepted,session_token_accepted,1,16.888625
oauth_only,target_object_substitution,49,201,1,1,1,session_token_accepted,session_token_accepted,1,8.338459
oauth_only,target_object_substitution,50,201,1,1,1,session_token_accepted,session_token_accepted,1,7.644375
oauth_only,target_object_substitution,51,201,1,1,1,session_token_accepted,session_token_accepted,1,8.212167
oauth_only,target_object_substitution,52,201,1,1,1,session_token_accepted,session_token_accepted,1,7.870833
oauth_only,target_object_substitution,53,201,1,1,1,session_token_accepted,session_token_accepted,1,7.853833
oauth_only,target_object_substitution,54,201,1,1,1,session_token_accepted,session_token_accepted,1,8.077875
oauth_only,target_object_substitution,55,201,1,1,1,session_token_accepted,session_token_accepted,1,7.939375
oauth_only,target_object_substitution,56,201,1,1,1,session_token_accepted,session_token_accepted,1,7.223625
oauth_only,target_object_substitution,57,201,1,1,1,session_token_accepted,session_token_accepted,1,8.838958
oauth_only,target_object_substitution,58,201,1,1,1,session_token_accepted,session_token_accepted,1,8.813792
oauth_only,target_object_substitution,59,201,1,1,1,session_token_accepted,session_token_accepted,1,8.480125
oauth_only,target_object_substitution,60,201,1,1,1,session_token_accepted,session_token_accepted,1,8.683209
oauth_only,target_object_substitution,61,201,1,1,1,session_token_accepted,session_token_accepted,1,8.90225
oauth_only,target_object_substitution,62,201,1,1,1,session_token_accepted,session_token_accepted,1,8.97175
oauth_only,target_object_substitution,63,201,1,1,1,session_token_accepted,session_token_accepted,1,9.187291
oauth_only,target_object_substitution,64,201,1,1,1,session_token_accepted,session_token_accepted,1,8.760292
oauth_only,target_object_substitution,65,201,1,1,1,session_token_accepted,session_token_accepted,1,7.963875
oauth_only,target_object_substitution,66,201,1,1,1,session_token_accepted,session_token_accepted,1,8.451833
oauth_only,target_object_substitution,67,201,1,1,1,session_token_accepted,session_token_accepted,1,10.350792
oauth_only,target_object_substitution,68,201,1,1,1,session_token_accepted,session_token_accepted,1,8.612083
oauth_only,target_object_substitution,69,201,1,1,1,session_token_accepted,session_token_accepted,1,8.424417
oauth_only,target_object_substitution,70,201,1,1,1,session_token_accepted,session_token_accepted,1,8.098625
oauth_only,target_object_substitution,71,201,1,1,1,session_token_accepted,session_token_accepted,1,8.068834
oauth_only,target_object_substitution,72,201,1,1,1,session_token_accepted,session_token_accepted,1,8.25075
oauth_only,target_object_substitution,73,201,1,1,1,session_token_accepted,session_token_accepted,1,9.000541
oauth_only,target_object_substitution,74,201,1,1,1,session_token_accepted,session_token_accepted,1,7.928375
oauth_only,target_object_substitution,75,201,1,1,1,session_token_accepted,session_token_accepted,1,8.45625
oauth_only,target_object_substitution,76,201,1,1,1,session_token_accepted,session_token_accepted,1,8.502084
oauth_only,target_object_substitution,77,201,1,1,1,session_token_accepted,session_token_accepted,1,8.004958
oauth_only,target_object_substitution,78,201,1,1,1,session_token_accepted,session_token_accepted,1,8.929709
oauth_only,target_object_substitution,79,201,1,1,1,session_token_accepted,session_token_accepted,1,8.550708
oauth_only,target_object_substitution,80,201,1,1,1,session_token_accepted,session_token_accepted,1,8.364416
oauth_only,target_object_substitution,81,201,1,1,1,session_token_accepted,session_token_accepted,1,8.2625
oauth_only,target_object_substitution,82,201,1,1,1,session_token_accepted,session_token_accepted,1,7.89025
oauth_only,target_object_substitution,83,201,1,1,1,session_token_accepted,session_token_accepted,1,8.272584
oauth_only,target_object_substitution,84,201,1,1,1,session_token_accepted,session_token_accepted,1,7.31925
oauth_only,target_object_substitution,85,201,1,1,1,session_token_accepted,session_token_accepted,1,6.898709
oauth_only,target_object_substitution,86,201,1,1,1,session_token_accepted,session_token_accepted,1,26.680166
oauth_only,target_object_substitution,87,201,1,1,1,session_token_accepted,session_token_accepted,1,7.26475
oauth_only,target_object_substitution,88,201,1,1,1,session_token_accepted,session_token_accepted,1,7.238625
oauth_only,target_object_substitution,89,201,1,1,1,session_token_accepted,session_token_accepted,1,6.973416
oauth_only,target_object_substitution,90,201,1,1,1,session_token_accepted,session_token_accepted,1,7.917083
oauth_only,target_object_substitution,91,201,1,1,1,session_token_accepted,session_token_accepted,1,16.136292
oauth_only,target_object_substitution,92,201,1,1,1,session_token_accepted,session_token_accepted,1,7.656541
oauth_only,target_object_substitution,93,201,1,1,1,session_token_accepted,session_token_accepted,1,9.143792
oauth_only,target_object_substitution,94,201,1,1,1,session_token_accepted,session_token_accepted,1,8.218875
oauth_only,target_object_substitution,95,201,1,1,1,session_token_accepted,session_token_accepted,1,7.372458
oauth_only,target_object_substitution,96,201,1,1,1,session_token_accepted,session_token_accepted,1,7.549625
oauth_only,target_object_substitution,97,201,1,1,1,session_token_accepted,session_token_accepted,1,9.913125
oauth_only,target_object_substitution,98,201,1,1,1,session_token_accepted,session_token_accepted,1,7.735417
oauth_only,target_object_substitution,99,201,1,1,1,session_token_accepted,session_token_accepted,1,8.818625
oauth_only,target_object_substitution,100,201,1,1,1,session_token_accepted,session_token_accepted,1,8.073959
oauth_only,target_object_substitution,101,201,1,1,1,session_token_accepted,session_token_accepted,1,8.247375
oauth_only,target_object_substitution,102,201,1,1,1,session_token_accepted,session_token_accepted,1,7.706334
oauth_only,target_object_substitution,103,201,1,1,1,session_token_accepted,session_token_accepted,1,8.383333
oauth_only,target_object_substitution,104,201,1,1,1,session_token_accepted,session_token_accepted,1,8.425542
oauth_only,target_object_substitution,105,201,1,1,1,session_token_accepted,session_token_accepted,1,7.773708
oauth_only,target_object_substitution,106,201,1,1,1,session_token_accepted,session_token_accepted,1,7.813208
oauth_only,target_object_substitution,107,201,1,1,1,session_token_accepted,session_token_accepted,1,7.635959
oauth_only,target_object_substitution,108,201,1,1,1,session_token_accepted,session_token_accepted,1,7.003125
oauth_only,target_object_substitution,109,201,1,1,1,session_token_accepted,session_token_accepted,1,6.671375
oauth_only,target_object_substitution,110,201,1,1,1,session_token_accepted,session_token_accepted,1,8.091417
oauth_only,target_object_substitution,111,201,1,1,1,session_token_accepted,session_token_accepted,1,7.695125
oauth_only,target_object_substitution,112,201,1,1,1,session_token_accepted,session_token_accepted,1,6.970958
oauth_only,target_object_substitution,113,201,1,1,1,session_token_accepted,session_token_accepted,1,7.238167
oauth_only,target_object_substitution,114,201,1,1,1,session_token_accepted,session_token_accepted,1,7.123875
oauth_only,target_object_substitution,115,201,1,1,1,session_token_accepted,session_token_accepted,1,7.147125
oauth_only,target_object_substitution,116,201,1,1,1,session_token_accepted,session_token_accepted,1,16.401625
oauth_only,target_object_substitution,117,201,1,1,1,session_token_accepted,session_token_accepted,1,7.927291
oauth_only,target_object_substitution,118,201,1,1,1,session_token_accepted,session_token_accepted,1,7.367834
oauth_only,target_object_substitution,119,201,1,1,1,session_token_accepted,session_token_accepted,1,7.428834
oauth_only,target_object_substitution,120,201,1,1,1,session_token_accepted,session_token_accepted,1,8.215916
oauth_only,target_object_substitution,121,201,1,1,1,session_token_accepted,session_token_accepted,1,7.844
oauth_only,target_object_substitution,122,201,1,1,1,session_token_accepted,session_token_accepted,1,8.348375
oauth_only,target_object_substitution,123,201,1,1,1,session_token_accepted,session_token_accepted,1,7.175167
oauth_only,target_object_substitution,124,201,1,1,1,session_token_accepted,session_token_accepted,1,7.384667
oauth_only,target_object_substitution,125,201,1,1,1,session_token_accepted,session_token_accepted,1,7.455583
oauth_only,target_object_substitution,126,201,1,1,1,session_token_accepted,session_token_accepted,1,7.404916
oauth_only,target_object_substitution,127,201,1,1,1,session_token_accepted,session_token_accepted,1,8.072958
oauth_only,target_object_substitution,128,201,1,1,1,session_token_accepted,session_token_accepted,1,8.288709
oauth_only,target_object_substitution,129,201,1,1,1,session_token_accepted,session_token_accepted,1,7.789375
oauth_only,target_object_substitution,130,201,1,1,1,session_token_accepted,session_token_accepted,1,7.029917
oauth_only,target_object_substitution,131,201,1,1,1,session_token_accepted,session_token_accepted,1,15.170375
oauth_only,target_object_substitution,132,201,1,1,1,session_token_accepted,session_token_accepted,1,7.88825
oauth_only,target_object_substitution,133,201,1,1,1,session_token_accepted,session_token_accepted,1,7.533958
oauth_only,target_object_substitution,134,201,1,1,1,session_token_accepted,session_token_accepted,1,7.057083
oauth_only,target_object_substitution,135,201,1,1,1,session_token_accepted,session_token_accepted,1,7.17325
oauth_only,target_object_substitution,136,201,1,1,1,session_token_accepted,session_token_accepted,1,7.20425
oauth_only,target_object_substitution,137,201,1,1,1,session_token_accepted,session_token_accepted,1,7.110708
oauth_only,target_object_substitution,138,201,1,1,1,session_token_accepted,session_token_accepted,1,15.026917
oauth_only,target_object_substitution,139,201,1,1,1,session_token_accepted,session_token_accepted,1,6.584958
oauth_only,target_object_substitution,140,201,1,1,1,session_token_accepted,session_token_accepted,1,7.836459
oauth_only,target_object_substitution,141,201,1,1,1,session_token_accepted,session_token_accepted,1,7.987709
oauth_only,target_object_substitution,142,201,1,1,1,session_token_accepted,session_token_accepted,1,7.877458
oauth_only,target_object_substitution,143,201,1,1,1,session_token_accepted,session_token_accepted,1,7.5265
oauth_only,target_object_substitution,144,201,1,1,1,session_token_accepted,session_token_accepted,1,8.460166
oauth_only,target_object_substitution,145,201,1,1,1,session_token_accepted,session_token_accepted,1,16.883041
oauth_only,target_object_substitution,146,201,1,1,1,session_token_accepted,session_token_accepted,1,8.222167
oauth_only,target_object_substitution,147,201,1,1,1,session_token_accepted,session_token_accepted,1,8.254208
oauth_only,target_object_substitution,148,201,1,1,1,session_token_accepted,session_token_accepted,1,9.269667
oauth_only,target_object_substitution,149,201,1,1,1,session_token_accepted,session_token_accepted,1,8.530166
oauth_only,target_object_substitution,150,201,1,1,1,session_token_accepted,session_token_accepted,1,8.414792
oauth_only,target_object_substitution,151,201,1,1,1,session_token_accepted,session_token_accepted,1,9.3475
oauth_only,target_object_substitution,152,201,1,1,1,session_token_accepted,session_token_accepted,1,8.059542
oauth_only,target_object_substitution,153,201,1,1,1,session_token_accepted,session_token_accepted,1,8.137459
oauth_only,target_object_substitution,154,201,1,1,1,session_token_accepted,session_token_accepted,1,27.304083
oauth_only,target_object_substitution,155,201,1,1,1,session_token_accepted,session_token_accepted,1,23.480625
oauth_only,target_object_substitution,156,201,1,1,1,session_token_accepted,session_token_accepted,1,24.614458
oauth_only,target_object_substitution,157,201,1,1,1,session_token_accepted,session_token_accepted,1,75.970584
oauth_only,target_object_substitution,158,201,1,1,1,session_token_accepted,session_token_accepted,1,16.061333
oauth_only,target_object_substitution,159,201,1,1,1,session_token_accepted,session_token_accepted,1,16.072833
oauth_only,target_object_substitution,160,201,1,1,1,session_token_accepted,session_token_accepted,1,12.92575
oauth_only,target_object_substitution,161,201,1,1,1,session_token_accepted,session_token_accepted,1,10.615209
oauth_only,target_object_substitution,162,201,1,1,1,session_token_accepted,session_token_accepted,1,9.751708
oauth_only,target_object_substitution,163,201,1,1,1,session_token_accepted,session_token_accepted,1,9.12825
oauth_only,target_object_substitution,164,201,1,1,1,session_token_accepted,session_token_accepted,1,9.241417
oauth_only,target_object_substitution,165,201,1,1,1,session_token_accepted,session_token_accepted,1,8.242791
oauth_only,target_object_substitution,166,201,1,1,1,session_token_accepted,session_token_accepted,1,9.043083
oauth_only,target_object_substitution,167,201,1,1,1,session_token_accepted,session_token_accepted,1,8.369209
oauth_only,target_object_substitution,168,201,1,1,1,session_token_accepted,session_token_accepted,1,8.206875
oauth_only,target_object_substitution,169,201,1,1,1,session_token_accepted,session_token_accepted,1,8.505167
oauth_only,target_object_substitution,170,201,1,1,1,session_token_accepted,session_token_accepted,1,8.189
oauth_only,target_object_substitution,171,201,1,1,1,session_token_accepted,session_token_accepted,1,7.64725
oauth_only,target_object_substitution,172,201,1,1,1,session_token_accepted,session_token_accepted,1,7.488375
oauth_only,target_object_substitution,173,201,1,1,1,session_token_accepted,session_token_accepted,1,7.845666
oauth_only,target_object_substitution,174,201,1,1,1,session_token_accepted,session_token_accepted,1,7.000416
oauth_only,target_object_substitution,175,201,1,1,1,session_token_accepted,session_token_accepted,1,7.935125
oauth_only,target_object_substitution,176,201,1,1,1,session_token_accepted,session_token_accepted,1,8.1005
oauth_only,target_object_substitution,177,201,1,1,1,session_token_accepted,session_token_accepted,1,8.049416
oauth_only,target_object_substitution,178,201,1,1,1,session_token_accepted,session_token_accepted,1,15.658834
oauth_only,target_object_substitution,179,201,1,1,1,session_token_accepted,session_token_accepted,1,7.937458
oauth_only,target_object_substitution,180,201,1,1,1,session_token_accepted,session_token_accepted,1,7.758041
oauth_only,target_object_substitution,181,201,1,1,1,session_token_accepted,session_token_accepted,1,8.791292
oauth_only,target_object_substitution,182,201,1,1,1,session_token_accepted,session_token_accepted,1,8.547958
oauth_only,target_object_substitution,183,201,1,1,1,session_token_accepted,session_token_accepted,1,8.72275
oauth_only,target_object_substitution,184,201,1,1,1,session_token_accepted,session_token_accepted,1,7.926375
oauth_only,target_object_substitution,185,201,1,1,1,session_token_accepted,session_token_accepted,1,7.888416
oauth_only,target_object_substitution,186,201,1,1,1,session_token_accepted,session_token_accepted,1,15.469458
oauth_only,target_object_substitution,187,201,1,1,1,session_token_accepted,session_token_accepted,1,7.348125
oauth_only,target_object_substitution,188,201,1,1,1,session_token_accepted,session_token_accepted,1,7.700459
oauth_only,target_object_substitution,189,201,1,1,1,session_token_accepted,session_token_accepted,1,7.66025
oauth_only,target_object_substitution,190,201,1,1,1,session_token_accepted,session_token_accepted,1,7.496583
oauth_only,target_object_substitution,191,201,1,1,1,session_token_accepted,session_token_accepted,1,7.52175
oauth_only,target_object_substitution,192,201,1,1,1,session_token_accepted,session_token_accepted,1,7.40575
oauth_only,target_object_substitution,193,201,1,1,1,session_token_accepted,session_token_accepted,1,16.531334
oauth_only,target_object_substitution,194,201,1,1,1,session_token_accepted,session_token_accepted,1,7.147791
oauth_only,target_object_substitution,195,201,1,1,1,session_token_accepted,session_token_accepted,1,7.048709
oauth_only,target_object_substitution,196,201,1,1,1,session_token_accepted,session_token_accepted,1,8.245042
oauth_only,target_object_substitution,197,201,1,1,1,session_token_accepted,session_token_accepted,1,7.131584
oauth_only,target_object_substitution,198,201,1,1,1,session_token_accepted,session_token_accepted,1,7.449125
oauth_only,target_object_substitution,199,201,1,1,1,session_token_accepted,session_token_accepted,1,8.098333
oauth_only,scope_parameter_substitution,0,201,1,1,1,session_token_accepted,session_token_accepted,1,8.541333
oauth_only,scope_parameter_substitution,1,201,1,1,1,session_token_accepted,session_token_accepted,1,7.638167
oauth_only,scope_parameter_substitution,2,201,1,1,1,session_token_accepted,session_token_accepted,1,8.918
oauth_only,scope_parameter_substitution,3,201,1,1,1,session_token_accepted,session_token_accepted,1,7.769292
oauth_only,scope_parameter_substitution,4,201,1,1,1,session_token_accepted,session_token_accepted,1,8.182333
oauth_only,scope_parameter_substitution,5,201,1,1,1,session_token_accepted,session_token_accepted,1,11.992084
oauth_only,scope_parameter_substitution,6,201,1,1,1,session_token_accepted,session_token_accepted,1,7.73
oauth_only,scope_parameter_substitution,7,201,1,1,1,session_token_accepted,session_token_accepted,1,7.45575
oauth_only,scope_parameter_substitution,8,201,1,1,1,session_token_accepted,session_token_accepted,1,7.1285
oauth_only,scope_parameter_substitution,9,201,1,1,1,session_token_accepted,session_token_accepted,1,7.693
oauth_only,scope_parameter_substitution,10,201,1,1,1,session_token_accepted,session_token_accepted,1,7.689542
oauth_only,scope_parameter_substitution,11,201,1,1,1,session_token_accepted,session_token_accepted,1,7.697292
oauth_only,scope_parameter_substitution,12,201,1,1,1,session_token_accepted,session_token_accepted,1,7.932917
oauth_only,scope_parameter_substitution,13,201,1,1,1,session_token_accepted,session_token_accepted,1,7.569542
oauth_only,scope_parameter_substitution,14,201,1,1,1,session_token_accepted,session_token_accepted,1,7.02525
oauth_only,scope_parameter_substitution,15,201,1,1,1,session_token_accepted,session_token_accepted,1,8.61225
oauth_only,scope_parameter_substitution,16,201,1,1,1,session_token_accepted,session_token_accepted,1,8.101958
oauth_only,scope_parameter_substitution,17,201,1,1,1,session_token_accepted,session_token_accepted,1,8.203208
oauth_only,scope_parameter_substitution,18,201,1,1,1,session_token_accepted,session_token_accepted,1,8.355084
oauth_only,scope_parameter_substitution,19,201,1,1,1,session_token_accepted,session_token_accepted,1,8.024625
oauth_only,scope_parameter_substitution,20,201,1,1,1,session_token_accepted,session_token_accepted,1,7.848875
oauth_only,scope_parameter_substitution,21,201,1,1,1,session_token_accepted,session_token_accepted,1,7.43425
oauth_only,scope_parameter_substitution,22,201,1,1,1,session_token_accepted,session_token_accepted,1,7.579459
oauth_only,scope_parameter_substitution,23,201,1,1,1,session_token_accepted,session_token_accepted,1,7.029833
oauth_only,scope_parameter_substitution,24,201,1,1,1,session_token_accepted,session_token_accepted,1,7.502
oauth_only,scope_parameter_substitution,25,201,1,1,1,session_token_accepted,session_token_accepted,1,7.902833
oauth_only,scope_parameter_substitution,26,201,1,1,1,session_token_accepted,session_token_accepted,1,8.161459
oauth_only,scope_parameter_substitution,27,201,1,1,1,session_token_accepted,session_token_accepted,1,7.73725
oauth_only,scope_parameter_substitution,28,201,1,1,1,session_token_accepted,session_token_accepted,1,7.546708
oauth_only,scope_parameter_substitution,29,201,1,1,1,session_token_accepted,session_token_accepted,1,8.197333
oauth_only,scope_parameter_substitution,30,201,1,1,1,session_token_accepted,session_token_accepted,1,7.546959
oauth_only,scope_parameter_substitution,31,201,1,1,1,session_token_accepted,session_token_accepted,1,7.471458
oauth_only,scope_parameter_substitution,32,201,1,1,1,session_token_accepted,session_token_accepted,1,7.446791
oauth_only,scope_parameter_substitution,33,201,1,1,1,session_token_accepted,session_token_accepted,1,8.253625
oauth_only,scope_parameter_substitution,34,201,1,1,1,session_token_accepted,session_token_accepted,1,7.691083
oauth_only,scope_parameter_substitution,35,201,1,1,1,session_token_accepted,session_token_accepted,1,7.5055
oauth_only,scope_parameter_substitution,36,201,1,1,1,session_token_accepted,session_token_accepted,1,7.605125
oauth_only,scope_parameter_substitution,37,201,1,1,1,session_token_accepted,session_token_accepted,1,7.216125
oauth_only,scope_parameter_substitution,38,201,1,1,1,session_token_accepted,session_token_accepted,1,7.225542
oauth_only,scope_parameter_substitution,39,201,1,1,1,session_token_accepted,session_token_accepted,1,7.236209
oauth_only,scope_parameter_substitution,40,201,1,1,1,session_token_accepted,session_token_accepted,1,7.829042
oauth_only,scope_parameter_substitution,41,201,1,1,1,session_token_accepted,session_token_accepted,1,7.576583
oauth_only,scope_parameter_substitution,42,201,1,1,1,session_token_accepted,session_token_accepted,1,7.254084
oauth_only,scope_parameter_substitution,43,201,1,1,1,session_token_accepted,session_token_accepted,1,7.358333
oauth_only,scope_parameter_substitution,44,201,1,1,1,session_token_accepted,session_token_accepted,1,7.882083
oauth_only,scope_parameter_substitution,45,201,1,1,1,session_token_accepted,session_token_accepted,1,8.375208
oauth_only,scope_parameter_substitution,46,201,1,1,1,session_token_accepted,session_token_accepted,1,7.933084
oauth_only,scope_parameter_substitution,47,201,1,1,1,session_token_accepted,session_token_accepted,1,8.048083
oauth_only,scope_parameter_substitution,48,201,1,1,1,session_token_accepted,session_token_accepted,1,7.407958
oauth_only,scope_parameter_substitution,49,201,1,1,1,session_token_accepted,session_token_accepted,1,8.3575
oauth_only,scope_parameter_substitution,50,201,1,1,1,session_token_accepted,session_token_accepted,1,8.352125
oauth_only,scope_parameter_substitution,51,201,1,1,1,session_token_accepted,session_token_accepted,1,7.820375
oauth_only,scope_parameter_substitution,52,201,1,1,1,session_token_accepted,session_token_accepted,1,8.211625
oauth_only,scope_parameter_substitution,53,201,1,1,1,session_token_accepted,session_token_accepted,1,7.753792
oauth_only,scope_parameter_substitution,54,201,1,1,1,session_token_accepted,session_token_accepted,1,6.589667
oauth_only,scope_parameter_substitution,55,201,1,1,1,session_token_accepted,session_token_accepted,1,7.156542
oauth_only,scope_parameter_substitution,56,201,1,1,1,session_token_accepted,session_token_accepted,1,6.996417
oauth_only,scope_parameter_substitution,57,201,1,1,1,session_token_accepted,session_token_accepted,1,7.934458
oauth_only,scope_parameter_substitution,58,201,1,1,1,session_token_accepted,session_token_accepted,1,7.816458
oauth_only,scope_parameter_substitution,59,201,1,1,1,session_token_accepted,session_token_accepted,1,7.88575
oauth_only,scope_parameter_substitution,60,201,1,1,1,session_token_accepted,session_token_accepted,1,9.056417
oauth_only,scope_parameter_substitution,61,201,1,1,1,session_token_accepted,session_token_accepted,1,8.500708
oauth_only,scope_parameter_substitution,62,201,1,1,1,session_token_accepted,session_token_accepted,1,21.21375
oauth_only,scope_parameter_substitution,63,201,1,1,1,session_token_accepted,session_token_accepted,1,7.72575
oauth_only,scope_parameter_substitution,64,201,1,1,1,session_token_accepted,session_token_accepted,1,9.046541
oauth_only,scope_parameter_substitution,65,201,1,1,1,session_token_accepted,session_token_accepted,1,8.201833
oauth_only,scope_parameter_substitution,66,201,1,1,1,session_token_accepted,session_token_accepted,1,8.461541
oauth_only,scope_parameter_substitution,67,201,1,1,1,session_token_accepted,session_token_accepted,1,8.65975
oauth_only,scope_parameter_substitution,68,201,1,1,1,session_token_accepted,session_token_accepted,1,8.139833
oauth_only,scope_parameter_substitution,69,201,1,1,1,session_token_accepted,session_token_accepted,1,7.800041
oauth_only,scope_parameter_substitution,70,201,1,1,1,session_token_accepted,session_token_accepted,1,7.533209
oauth_only,scope_parameter_substitution,71,201,1,1,1,session_token_accepted,session_token_accepted,1,7.680334
oauth_only,scope_parameter_substitution,72,201,1,1,1,session_token_accepted,session_token_accepted,1,8.161375
oauth_only,scope_parameter_substitution,73,201,1,1,1,session_token_accepted,session_token_accepted,1,8.030875
oauth_only,scope_parameter_substitution,74,201,1,1,1,session_token_accepted,session_token_accepted,1,7.805042
oauth_only,scope_parameter_substitution,75,201,1,1,1,session_token_accepted,session_token_accepted,1,7.557833
oauth_only,scope_parameter_substitution,76,201,1,1,1,session_token_accepted,session_token_accepted,1,11.031417
oauth_only,scope_parameter_substitution,77,201,1,1,1,session_token_accepted,session_token_accepted,1,8.468041
oauth_only,scope_parameter_substitution,78,201,1,1,1,session_token_accepted,session_token_accepted,1,7.507458
oauth_only,scope_parameter_substitution,79,201,1,1,1,session_token_accepted,session_token_accepted,1,8.830958
oauth_only,scope_parameter_substitution,80,201,1,1,1,session_token_accepted,session_token_accepted,1,8.218625
oauth_only,scope_parameter_substitution,81,201,1,1,1,session_token_accepted,session_token_accepted,1,7.885709
oauth_only,scope_parameter_substitution,82,201,1,1,1,session_token_accepted,session_token_accepted,1,7.7245
oauth_only,scope_parameter_substitution,83,201,1,1,1,session_token_accepted,session_token_accepted,1,7.332959
oauth_only,scope_parameter_substitution,84,201,1,1,1,session_token_accepted,session_token_accepted,1,7.576458
oauth_only,scope_parameter_substitution,85,201,1,1,1,session_token_accepted,session_token_accepted,1,7.814167
oauth_only,scope_parameter_substitution,86,201,1,1,1,session_token_accepted,session_token_accepted,1,7.648333
oauth_only,scope_parameter_substitution,87,201,1,1,1,session_token_accepted,session_token_accepted,1,7.823666
oauth_only,scope_parameter_substitution,88,201,1,1,1,session_token_accepted,session_token_accepted,1,8.061541
oauth_only,scope_parameter_substitution,89,201,1,1,1,session_token_accepted,session_token_accepted,1,7.11375
oauth_only,scope_parameter_substitution,90,201,1,1,1,session_token_accepted,session_token_accepted,1,7.160792
oauth_only,scope_parameter_substitution,91,201,1,1,1,session_token_accepted,session_token_accepted,1,8.61975
oauth_only,scope_parameter_substitution,92,201,1,1,1,session_token_accepted,session_token_accepted,1,8.264292
oauth_only,scope_parameter_substitution,93,201,1,1,1,session_token_accepted,session_token_accepted,1,6.787792
oauth_only,scope_parameter_substitution,94,201,1,1,1,session_token_accepted,session_token_accepted,1,7.799292
oauth_only,scope_parameter_substitution,95,201,1,1,1,session_token_accepted,session_token_accepted,1,8.073
oauth_only,scope_parameter_substitution,96,201,1,1,1,session_token_accepted,session_token_accepted,1,8.01575
oauth_only,scope_parameter_substitution,97,201,1,1,1,session_token_accepted,session_token_accepted,1,8.150625
oauth_only,scope_parameter_substitution,98,201,1,1,1,session_token_accepted,session_token_accepted,1,8.532916
oauth_only,scope_parameter_substitution,99,201,1,1,1,session_token_accepted,session_token_accepted,1,7.729375
oauth_only,scope_parameter_substitution,100,201,1,1,1,session_token_accepted,session_token_accepted,1,7.582792
oauth_only,scope_parameter_substitution,101,201,1,1,1,session_token_accepted,session_token_accepted,1,7.414375
oauth_only,scope_parameter_substitution,102,201,1,1,1,session_token_accepted,session_token_accepted,1,7.645583
oauth_only,scope_parameter_substitution,103,201,1,1,1,session_token_accepted,session_token_accepted,1,7.748542
oauth_only,scope_parameter_substitution,104,201,1,1,1,session_token_accepted,session_token_accepted,1,7.876792
oauth_only,scope_parameter_substitution,105,201,1,1,1,session_token_accepted,session_token_accepted,1,10.501875
oauth_only,scope_parameter_substitution,106,201,1,1,1,session_token_accepted,session_token_accepted,1,7.672875
oauth_only,scope_parameter_substitution,107,201,1,1,1,session_token_accepted,session_token_accepted,1,7.310292
oauth_only,scope_parameter_substitution,108,201,1,1,1,session_token_accepted,session_token_accepted,1,7.228792
oauth_only,scope_parameter_substitution,109,201,1,1,1,session_token_accepted,session_token_accepted,1,7.969709
oauth_only,scope_parameter_substitution,110,201,1,1,1,session_token_accepted,session_token_accepted,1,7.89275
oauth_only,scope_parameter_substitution,111,201,1,1,1,session_token_accepted,session_token_accepted,1,7.758
oauth_only,scope_parameter_substitution,112,201,1,1,1,session_token_accepted,session_token_accepted,1,7.432
oauth_only,scope_parameter_substitution,113,201,1,1,1,session_token_accepted,session_token_accepted,1,15.863167
oauth_only,scope_parameter_substitution,114,201,1,1,1,session_token_accepted,session_token_accepted,1,7.663959
oauth_only,scope_parameter_substitution,115,201,1,1,1,session_token_accepted,session_token_accepted,1,7.598875
oauth_only,scope_parameter_substitution,116,201,1,1,1,session_token_accepted,session_token_accepted,1,7.237667
oauth_only,scope_parameter_substitution,117,201,1,1,1,session_token_accepted,session_token_accepted,1,7.680583
oauth_only,scope_parameter_substitution,118,201,1,1,1,session_token_accepted,session_token_accepted,1,7.646625
oauth_only,scope_parameter_substitution,119,201,1,1,1,session_token_accepted,session_token_accepted,1,7.490083
oauth_only,scope_parameter_substitution,120,201,1,1,1,session_token_accepted,session_token_accepted,1,13.791291
oauth_only,scope_parameter_substitution,121,201,1,1,1,session_token_accepted,session_token_accepted,1,7.77775
oauth_only,scope_parameter_substitution,122,201,1,1,1,session_token_accepted,session_token_accepted,1,8.453667
oauth_only,scope_parameter_substitution,123,201,1,1,1,session_token_accepted,session_token_accepted,1,8.649667
oauth_only,scope_parameter_substitution,124,201,1,1,1,session_token_accepted,session_token_accepted,1,8.030833
oauth_only,scope_parameter_substitution,125,201,1,1,1,session_token_accepted,session_token_accepted,1,7.687875
oauth_only,scope_parameter_substitution,126,201,1,1,1,session_token_accepted,session_token_accepted,1,7.201459
oauth_only,scope_parameter_substitution,127,201,1,1,1,session_token_accepted,session_token_accepted,1,8.170833
oauth_only,scope_parameter_substitution,128,201,1,1,1,session_token_accepted,session_token_accepted,1,9.581709
oauth_only,scope_parameter_substitution,129,201,1,1,1,session_token_accepted,session_token_accepted,1,8.827834
oauth_only,scope_parameter_substitution,130,201,1,1,1,session_token_accepted,session_token_accepted,1,8.01325
oauth_only,scope_parameter_substitution,131,201,1,1,1,session_token_accepted,session_token_accepted,1,8.355334
oauth_only,scope_parameter_substitution,132,201,1,1,1,session_token_accepted,session_token_accepted,1,8.269375
oauth_only,scope_parameter_substitution,133,201,1,1,1,session_token_accepted,session_token_accepted,1,15.263167
oauth_only,scope_parameter_substitution,134,201,1,1,1,session_token_accepted,session_token_accepted,1,8.912333
oauth_only,scope_parameter_substitution,135,201,1,1,1,session_token_accepted,session_token_accepted,1,7.529875
oauth_only,scope_parameter_substitution,136,201,1,1,1,session_token_accepted,session_token_accepted,1,7.610875
oauth_only,scope_parameter_substitution,137,201,1,1,1,session_token_accepted,session_token_accepted,1,7.47775
oauth_only,scope_parameter_substitution,138,201,1,1,1,session_token_accepted,session_token_accepted,1,7.483042
oauth_only,scope_parameter_substitution,139,201,1,1,1,session_token_accepted,session_token_accepted,1,7.153917
oauth_only,scope_parameter_substitution,140,201,1,1,1,session_token_accepted,session_token_accepted,1,8.207167
oauth_only,scope_parameter_substitution,141,201,1,1,1,session_token_accepted,session_token_accepted,1,8.100333
oauth_only,scope_parameter_substitution,142,201,1,1,1,session_token_accepted,session_token_accepted,1,7.6495
oauth_only,scope_parameter_substitution,143,201,1,1,1,session_token_accepted,session_token_accepted,1,7.519041
oauth_only,scope_parameter_substitution,144,201,1,1,1,session_token_accepted,session_token_accepted,1,7.5245
oauth_only,scope_parameter_substitution,145,201,1,1,1,session_token_accepted,session_token_accepted,1,8.479459
oauth_only,scope_parameter_substitution,146,201,1,1,1,session_token_accepted,session_token_accepted,1,8.073375
oauth_only,scope_parameter_substitution,147,201,1,1,1,session_token_accepted,session_token_accepted,1,7.669458
oauth_only,scope_parameter_substitution,148,201,1,1,1,session_token_accepted,session_token_accepted,1,8.1395
oauth_only,scope_parameter_substitution,149,201,1,1,1,session_token_accepted,session_token_accepted,1,7.983166
oauth_only,scope_parameter_substitution,150,201,1,1,1,session_token_accepted,session_token_accepted,1,7.943375
oauth_only,scope_parameter_substitution,151,201,1,1,1,session_token_accepted,session_token_accepted,1,7.182958
oauth_only,scope_parameter_substitution,152,201,1,1,1,session_token_accepted,session_token_accepted,1,8.169833
oauth_only,scope_parameter_substitution,153,201,1,1,1,session_token_accepted,session_token_accepted,1,7.841625
oauth_only,scope_parameter_substitution,154,201,1,1,1,session_token_accepted,session_token_accepted,1,7.635583
oauth_only,scope_parameter_substitution,155,201,1,1,1,session_token_accepted,session_token_accepted,1,6.54925
oauth_only,scope_parameter_substitution,156,201,1,1,1,session_token_accepted,session_token_accepted,1,6.783167
oauth_only,scope_parameter_substitution,157,201,1,1,1,session_token_accepted,session_token_accepted,1,6.207916
oauth_only,scope_parameter_substitution,158,201,1,1,1,session_token_accepted,session_token_accepted,1,6.708459
oauth_only,scope_parameter_substitution,159,201,1,1,1,session_token_accepted,session_token_accepted,1,6.831708
oauth_only,scope_parameter_substitution,160,201,1,1,1,session_token_accepted,session_token_accepted,1,7.254042
oauth_only,scope_parameter_substitution,161,201,1,1,1,session_token_accepted,session_token_accepted,1,7.751625
oauth_only,scope_parameter_substitution,162,201,1,1,1,session_token_accepted,session_token_accepted,1,6.709417
oauth_only,scope_parameter_substitution,163,201,1,1,1,session_token_accepted,session_token_accepted,1,13.883625
oauth_only,scope_parameter_substitution,164,201,1,1,1,session_token_accepted,session_token_accepted,1,8.577625
oauth_only,scope_parameter_substitution,165,201,1,1,1,session_token_accepted,session_token_accepted,1,7.328917
oauth_only,scope_parameter_substitution,166,201,1,1,1,session_token_accepted,session_token_accepted,1,7.905
oauth_only,scope_parameter_substitution,167,201,1,1,1,session_token_accepted,session_token_accepted,1,7.657791
oauth_only,scope_parameter_substitution,168,201,1,1,1,session_token_accepted,session_token_accepted,1,7.948291
oauth_only,scope_parameter_substitution,169,201,1,1,1,session_token_accepted,session_token_accepted,1,7.450584
oauth_only,scope_parameter_substitution,170,201,1,1,1,session_token_accepted,session_token_accepted,1,7.472166
oauth_only,scope_parameter_substitution,171,201,1,1,1,session_token_accepted,session_token_accepted,1,7.987625
oauth_only,scope_parameter_substitution,172,201,1,1,1,session_token_accepted,session_token_accepted,1,8.5305
oauth_only,scope_parameter_substitution,173,201,1,1,1,session_token_accepted,session_token_accepted,1,8.516125
oauth_only,scope_parameter_substitution,174,201,1,1,1,session_token_accepted,session_token_accepted,1,7.681208
oauth_only,scope_parameter_substitution,175,201,1,1,1,session_token_accepted,session_token_accepted,1,6.840208
oauth_only,scope_parameter_substitution,176,201,1,1,1,session_token_accepted,session_token_accepted,1,7.283167
oauth_only,scope_parameter_substitution,177,201,1,1,1,session_token_accepted,session_token_accepted,1,8.592375
oauth_only,scope_parameter_substitution,178,201,1,1,1,session_token_accepted,session_token_accepted,1,6.514291
oauth_only,scope_parameter_substitution,179,201,1,1,1,session_token_accepted,session_token_accepted,1,6.231459
oauth_only,scope_parameter_substitution,180,201,1,1,1,session_token_accepted,session_token_accepted,1,5.97375
oauth_only,scope_parameter_substitution,181,201,1,1,1,session_token_accepted,session_token_accepted,1,7.771375
oauth_only,scope_parameter_substitution,182,201,1,1,1,session_token_accepted,session_token_accepted,1,7.603417
oauth_only,scope_parameter_substitution,183,201,1,1,1,session_token_accepted,session_token_accepted,1,8.152209
oauth_only,scope_parameter_substitution,184,201,1,1,1,session_token_accepted,session_token_accepted,1,8.026084
oauth_only,scope_parameter_substitution,185,201,1,1,1,session_token_accepted,session_token_accepted,1,8.280833
oauth_only,scope_parameter_substitution,186,201,1,1,1,session_token_accepted,session_token_accepted,1,8.499958
oauth_only,scope_parameter_substitution,187,201,1,1,1,session_token_accepted,session_token_accepted,1,8.528667
oauth_only,scope_parameter_substitution,188,201,1,1,1,session_token_accepted,session_token_accepted,1,16.390833
oauth_only,scope_parameter_substitution,189,201,1,1,1,session_token_accepted,session_token_accepted,1,7.886125
oauth_only,scope_parameter_substitution,190,201,1,1,1,session_token_accepted,session_token_accepted,1,8.07375
oauth_only,scope_parameter_substitution,191,201,1,1,1,session_token_accepted,session_token_accepted,1,7.517416
oauth_only,scope_parameter_substitution,192,201,1,1,1,session_token_accepted,session_token_accepted,1,8.005834
oauth_only,scope_parameter_substitution,193,201,1,1,1,session_token_accepted,session_token_accepted,1,7.902375
oauth_only,scope_parameter_substitution,194,201,1,1,1,session_token_accepted,session_token_accepted,1,8.533167
oauth_only,scope_parameter_substitution,195,201,1,1,1,session_token_accepted,session_token_accepted,1,8.657334
oauth_only,scope_parameter_substitution,196,201,1,1,1,session_token_accepted,session_token_accepted,1,9.058083
oauth_only,scope_parameter_substitution,197,201,1,1,1,session_token_accepted,session_token_accepted,1,11.364417
oauth_only,scope_parameter_substitution,198,201,1,1,1,session_token_accepted,session_token_accepted,1,7.300333
oauth_only,scope_parameter_substitution,199,201,1,1,1,session_token_accepted,session_token_accepted,1,7.413167
oauth_plus_poia,exact_request,0,201,1,1,1,approved,approved,1,9.234375
oauth_plus_poia,exact_request,1,201,1,1,1,approved,approved,1,8.521792
oauth_plus_poia,exact_request,2,201,1,1,1,approved,approved,1,8.682958
oauth_plus_poia,exact_request,3,201,1,1,1,approved,approved,1,8.639292
oauth_plus_poia,exact_request,4,201,1,1,1,approved,approved,1,8.425625
oauth_plus_poia,exact_request,5,201,1,1,1,approved,approved,1,8.690833
oauth_plus_poia,exact_request,6,201,1,1,1,approved,approved,1,9.5045
oauth_plus_poia,exact_request,7,201,1,1,1,approved,approved,1,7.692417
oauth_plus_poia,exact_request,8,201,1,1,1,approved,approved,1,8.289708
oauth_plus_poia,exact_request,9,201,1,1,1,approved,approved,1,7.754625
oauth_plus_poia,exact_request,10,201,1,1,1,approved,approved,1,8.498792
oauth_plus_poia,exact_request,11,201,1,1,1,approved,approved,1,8.360208
oauth_plus_poia,exact_request,12,201,1,1,1,approved,approved,1,8.374666
oauth_plus_poia,exact_request,13,201,1,1,1,approved,approved,1,8.168709
oauth_plus_poia,exact_request,14,201,1,1,1,approved,approved,1,8.860041
oauth_plus_poia,exact_request,15,201,1,1,1,approved,approved,1,8.612917
oauth_plus_poia,exact_request,16,201,1,1,1,approved,approved,1,8.482708
oauth_plus_poia,exact_request,17,201,1,1,1,approved,approved,1,12.471333
oauth_plus_poia,exact_request,18,201,1,1,1,approved,approved,1,8.231834
oauth_plus_poia,exact_request,19,201,1,1,1,approved,approved,1,8.025708
oauth_plus_poia,exact_request,20,201,1,1,1,approved,approved,1,8.266416
oauth_plus_poia,exact_request,21,201,1,1,1,approved,approved,1,6.824459
oauth_plus_poia,exact_request,22,201,1,1,1,approved,approved,1,7.081375
oauth_plus_poia,exact_request,23,201,1,1,1,approved,approved,1,7.196625
oauth_plus_poia,exact_request,24,201,1,1,1,approved,approved,1,6.8075
oauth_plus_poia,exact_request,25,201,1,1,1,approved,approved,1,11.392958
oauth_plus_poia,exact_request,26,201,1,1,1,approved,approved,1,8.317708
oauth_plus_poia,exact_request,27,201,1,1,1,approved,approved,1,10.778083
oauth_plus_poia,exact_request,28,201,1,1,1,approved,approved,1,8.222292
oauth_plus_poia,exact_request,29,201,1,1,1,approved,approved,1,8.289626
oauth_plus_poia,exact_request,30,201,1,1,1,approved,approved,1,6.957208
oauth_plus_poia,exact_request,31,201,1,1,1,approved,approved,1,6.216542
oauth_plus_poia,exact_request,32,201,1,1,1,approved,approved,1,7.067166
oauth_plus_poia,exact_request,33,201,1,1,1,approved,approved,1,6.449959
oauth_plus_poia,exact_request,34,201,1,1,1,approved,approved,1,7.281875
oauth_plus_poia,exact_request,35,201,1,1,1,approved,approved,1,6.777583
oauth_plus_poia,exact_request,36,201,1,1,1,approved,approved,1,7.229041
oauth_plus_poia,exact_request,37,201,1,1,1,approved,approved,1,6.754208
oauth_plus_poia,exact_request,38,201,1,1,1,approved,approved,1,9.666917
oauth_plus_poia,exact_request,39,201,1,1,1,approved,approved,1,7.216625
oauth_plus_poia,exact_request,40,201,1,1,1,approved,approved,1,6.858125
oauth_plus_poia,exact_request,41,201,1,1,1,approved,approved,1,6.155625
oauth_plus_poia,exact_request,42,201,1,1,1,approved,approved,1,7.047459
oauth_plus_poia,exact_request,43,201,1,1,1,approved,approved,1,15.620917
oauth_plus_poia,exact_request,44,201,1,1,1,approved,approved,1,7.064542
oauth_plus_poia,exact_request,45,201,1,1,1,approved,approved,1,6.69625
oauth_plus_poia,exact_request,46,201,1,1,1,approved,approved,1,7.21525
oauth_plus_poia,exact_request,47,201,1,1,1,approved,approved,1,7.239792
oauth_plus_poia,exact_request,48,201,1,1,1,approved,approved,1,7.4105
oauth_plus_poia,exact_request,49,201,1,1,1,approved,approved,1,6.998917
oauth_plus_poia,exact_request,50,201,1,1,1,approved,approved,1,7.106417
oauth_plus_poia,exact_request,51,201,1,1,1,approved,approved,1,6.392959
oauth_plus_poia,exact_request,52,201,1,1,1,approved,approved,1,7.06175
oauth_plus_poia,exact_request,53,201,1,1,1,approved,approved,1,7.420125
oauth_plus_poia,exact_request,54,201,1,1,1,approved,approved,1,8.950084
oauth_plus_poia,exact_request,55,201,1,1,1,approved,approved,1,10.132791
oauth_plus_poia,exact_request,56,201,1,1,1,approved,approved,1,6.680125
oauth_plus_poia,exact_request,57,201,1,1,1,approved,approved,1,6.903291
oauth_plus_poia,exact_request,58,201,1,1,1,approved,approved,1,6.759709
oauth_plus_poia,exact_request,59,201,1,1,1,approved,approved,1,8.106125
oauth_plus_poia,exact_request,60,201,1,1,1,approved,approved,1,7.749083
oauth_plus_poia,exact_request,61,201,1,1,1,approved,approved,1,6.705917
oauth_plus_poia,exact_request,62,201,1,1,1,approved,approved,1,6.611292
oauth_plus_poia,exact_request,63,201,1,1,1,approved,approved,1,7.234333
oauth_plus_poia,exact_request,64,201,1,1,1,approved,approved,1,7.074709
oauth_plus_poia,exact_request,65,201,1,1,1,approved,approved,1,6.756834
oauth_plus_poia,exact_request,66,201,1,1,1,approved,approved,1,6.63675
oauth_plus_poia,exact_request,67,201,1,1,1,approved,approved,1,6.783834
oauth_plus_poia,exact_request,68,201,1,1,1,approved,approved,1,7.616208
oauth_plus_poia,exact_request,69,201,1,1,1,approved,approved,1,6.68775
oauth_plus_poia,exact_request,70,201,1,1,1,approved,approved,1,7.188917
oauth_plus_poia,exact_request,71,201,1,1,1,approved,approved,1,7.683625
oauth_plus_poia,exact_request,72,201,1,1,1,approved,approved,1,6.771
oauth_plus_poia,exact_request,73,201,1,1,1,approved,approved,1,7.022333
oauth_plus_poia,exact_request,74,201,1,1,1,approved,approved,1,6.961084
oauth_plus_poia,exact_request,75,201,1,1,1,approved,approved,1,6.93625
oauth_plus_poia,exact_request,76,201,1,1,1,approved,approved,1,13.479875
oauth_plus_poia,exact_request,77,201,1,1,1,approved,approved,1,6.444
oauth_plus_poia,exact_request,78,201,1,1,1,approved,approved,1,6.939917
oauth_plus_poia,exact_request,79,201,1,1,1,approved,approved,1,7.066417
oauth_plus_poia,exact_request,80,201,1,1,1,approved,approved,1,6.783417
oauth_plus_poia,exact_request,81,201,1,1,1,approved,approved,1,6.948625
oauth_plus_poia,exact_request,82,201,1,1,1,approved,approved,1,7.382459
oauth_plus_poia,exact_request,83,201,1,1,1,approved,approved,1,6.4995
oauth_plus_poia,exact_request,84,201,1,1,1,approved,approved,1,6.329
oauth_plus_poia,exact_request,85,201,1,1,1,approved,approved,1,6.64925
oauth_plus_poia,exact_request,86,201,1,1,1,approved,approved,1,6.650875
oauth_plus_poia,exact_request,87,201,1,1,1,approved,approved,1,6.583958
oauth_plus_poia,exact_request,88,201,1,1,1,approved,approved,1,7.27
oauth_plus_poia,exact_request,89,201,1,1,1,approved,approved,1,6.7825
oauth_plus_poia,exact_request,90,201,1,1,1,approved,approved,1,6.582708
oauth_plus_poia,exact_request,91,201,1,1,1,approved,approved,1,6.666542
oauth_plus_poia,exact_request,92,201,1,1,1,approved,approved,1,6.760125
oauth_plus_poia,exact_request,93,201,1,1,1,approved,approved,1,6.493792
oauth_plus_poia,exact_request,94,201,1,1,1,approved,approved,1,6.950417
oauth_plus_poia,exact_request,95,201,1,1,1,approved,approved,1,8.220833
oauth_plus_poia,exact_request,96,201,1,1,1,approved,approved,1,8.543459
oauth_plus_poia,exact_request,97,201,1,1,1,approved,approved,1,8.141291
oauth_plus_poia,exact_request,98,201,1,1,1,approved,approved,1,8.333292
oauth_plus_poia,exact_request,99,201,1,1,1,approved,approved,1,8.620167
oauth_plus_poia,exact_request,100,201,1,1,1,approved,approved,1,8.523792
oauth_plus_poia,exact_request,101,201,1,1,1,approved,approved,1,8.161791
oauth_plus_poia,exact_request,102,201,1,1,1,approved,approved,1,9.236084
oauth_plus_poia,exact_request,103,201,1,1,1,approved,approved,1,7.981458
oauth_plus_poia,exact_request,104,201,1,1,1,approved,approved,1,8.15825
oauth_plus_poia,exact_request,105,201,1,1,1,approved,approved,1,8.412667
oauth_plus_poia,exact_request,106,201,1,1,1,approved,approved,1,7.287542
oauth_plus_poia,exact_request,107,201,1,1,1,approved,approved,1,8.493334
oauth_plus_poia,exact_request,108,201,1,1,1,approved,approved,1,7.885625
oauth_plus_poia,exact_request,109,201,1,1,1,approved,approved,1,8.277125
oauth_plus_poia,exact_request,110,201,1,1,1,approved,approved,1,8.880208
oauth_plus_poia,exact_request,111,201,1,1,1,approved,approved,1,8.677166
oauth_plus_poia,exact_request,112,201,1,1,1,approved,approved,1,8.688209
oauth_plus_poia,exact_request,113,201,1,1,1,approved,approved,1,7.678042
oauth_plus_poia,exact_request,114,201,1,1,1,approved,approved,1,8.368042
oauth_plus_poia,exact_request,115,201,1,1,1,approved,approved,1,8.250667
oauth_plus_poia,exact_request,116,201,1,1,1,approved,approved,1,8.12075
oauth_plus_poia,exact_request,117,201,1,1,1,approved,approved,1,8.667792
oauth_plus_poia,exact_request,118,201,1,1,1,approved,approved,1,8.201875
oauth_plus_poia,exact_request,119,201,1,1,1,approved,approved,1,15.444041
oauth_plus_poia,exact_request,120,201,1,1,1,approved,approved,1,8.456625
oauth_plus_poia,exact_request,121,201,1,1,1,approved,approved,1,7.718
oauth_plus_poia,exact_request,122,201,1,1,1,approved,approved,1,8.189083
oauth_plus_poia,exact_request,123,201,1,1,1,approved,approved,1,10.756666
oauth_plus_poia,exact_request,124,201,1,1,1,approved,approved,1,9.221
oauth_plus_poia,exact_request,125,201,1,1,1,approved,approved,1,8.711917
oauth_plus_poia,exact_request,126,201,1,1,1,approved,approved,1,8.505583
oauth_plus_poia,exact_request,127,201,1,1,1,approved,approved,1,8.64175
oauth_plus_poia,exact_request,128,201,1,1,1,approved,approved,1,9.207125
oauth_plus_poia,exact_request,129,201,1,1,1,approved,approved,1,8.707708
oauth_plus_poia,exact_request,130,201,1,1,1,approved,approved,1,7.746708
oauth_plus_poia,exact_request,131,201,1,1,1,approved,approved,1,8.767291
oauth_plus_poia,exact_request,132,201,1,1,1,approved,approved,1,7.959417
oauth_plus_poia,exact_request,133,201,1,1,1,approved,approved,1,14.652417
oauth_plus_poia,exact_request,134,201,1,1,1,approved,approved,1,8.411917
oauth_plus_poia,exact_request,135,201,1,1,1,approved,approved,1,9.007
oauth_plus_poia,exact_request,136,201,1,1,1,approved,approved,1,8.606625
oauth_plus_poia,exact_request,137,201,1,1,1,approved,approved,1,6.852333
oauth_plus_poia,exact_request,138,201,1,1,1,approved,approved,1,6.467667
oauth_plus_poia,exact_request,139,201,1,1,1,approved,approved,1,7.235625
oauth_plus_poia,exact_request,140,201,1,1,1,approved,approved,1,8.315708
oauth_plus_poia,exact_request,141,201,1,1,1,approved,approved,1,8.680917
oauth_plus_poia,exact_request,142,201,1,1,1,approved,approved,1,8.321541
oauth_plus_poia,exact_request,143,201,1,1,1,approved,approved,1,8.506042
oauth_plus_poia,exact_request,144,201,1,1,1,approved,approved,1,8.696709
oauth_plus_poia,exact_request,145,201,1,1,1,approved,approved,1,8.400625
oauth_plus_poia,exact_request,146,201,1,1,1,approved,approved,1,8.69125
oauth_plus_poia,exact_request,147,201,1,1,1,approved,approved,1,8.522458
oauth_plus_poia,exact_request,148,201,1,1,1,approved,approved,1,8.52225
oauth_plus_poia,exact_request,149,201,1,1,1,approved,approved,1,8.425583
oauth_plus_poia,exact_request,150,201,1,1,1,approved,approved,1,7.70675
oauth_plus_poia,exact_request,151,201,1,1,1,approved,approved,1,9.337666
oauth_plus_poia,exact_request,152,201,1,1,1,approved,approved,1,9.005125
oauth_plus_poia,exact_request,153,201,1,1,1,approved,approved,1,7.760958
oauth_plus_poia,exact_request,154,201,1,1,1,approved,approved,1,8.273166
oauth_plus_poia,exact_request,155,201,1,1,1,approved,approved,1,8.912625
oauth_plus_poia,exact_request,156,201,1,1,1,approved,approved,1,8.526375
oauth_plus_poia,exact_request,157,201,1,1,1,approved,approved,1,8.22
oauth_plus_poia,exact_request,158,201,1,1,1,approved,approved,1,9.203125
oauth_plus_poia,exact_request,159,201,1,1,1,approved,approved,1,8.834167
oauth_plus_poia,exact_request,160,201,1,1,1,approved,approved,1,8.531458
oauth_plus_poia,exact_request,161,201,1,1,1,approved,approved,1,8.377084
oauth_plus_poia,exact_request,162,201,1,1,1,approved,approved,1,7.4535
oauth_plus_poia,exact_request,163,201,1,1,1,approved,approved,1,7.122833
oauth_plus_poia,exact_request,164,201,1,1,1,approved,approved,1,7.780834
oauth_plus_poia,exact_request,165,201,1,1,1,approved,approved,1,7.389083
oauth_plus_poia,exact_request,166,201,1,1,1,approved,approved,1,6.597875
oauth_plus_poia,exact_request,167,201,1,1,1,approved,approved,1,6.805917
oauth_plus_poia,exact_request,168,201,1,1,1,approved,approved,1,7.612583
oauth_plus_poia,exact_request,169,201,1,1,1,approved,approved,1,6.540917
oauth_plus_poia,exact_request,170,201,1,1,1,approved,approved,1,7.404291
oauth_plus_poia,exact_request,171,201,1,1,1,approved,approved,1,7.983958
oauth_plus_poia,exact_request,172,201,1,1,1,approved,approved,1,6.297375
oauth_plus_poia,exact_request,173,201,1,1,1,approved,approved,1,7.009667
oauth_plus_poia,exact_request,174,201,1,1,1,approved,approved,1,6.868959
oauth_plus_poia,exact_request,175,201,1,1,1,approved,approved,1,7.5945
oauth_plus_poia,exact_request,176,201,1,1,1,approved,approved,1,8.1495
oauth_plus_poia,exact_request,177,201,1,1,1,approved,approved,1,7.134625
oauth_plus_poia,exact_request,178,201,1,1,1,approved,approved,1,7.147333
oauth_plus_poia,exact_request,179,201,1,1,1,approved,approved,1,6.9185
oauth_plus_poia,exact_request,180,201,1,1,1,approved,approved,1,7.285625
oauth_plus_poia,exact_request,181,201,1,1,1,approved,approved,1,6.742292
oauth_plus_poia,exact_request,182,201,1,1,1,approved,approved,1,7.186709
oauth_plus_poia,exact_request,183,201,1,1,1,approved,approved,1,7.654792
oauth_plus_poia,exact_request,184,201,1,1,1,approved,approved,1,6.397625
oauth_plus_poia,exact_request,185,201,1,1,1,approved,approved,1,6.6605
oauth_plus_poia,exact_request,186,201,1,1,1,approved,approved,1,16.371916
oauth_plus_poia,exact_request,187,201,1,1,1,approved,approved,1,8.72775
oauth_plus_poia,exact_request,188,201,1,1,1,approved,approved,1,8.826291
oauth_plus_poia,exact_request,189,201,1,1,1,approved,approved,1,8.604458
oauth_plus_poia,exact_request,190,201,1,1,1,approved,approved,1,8.754083
oauth_plus_poia,exact_request,191,201,1,1,1,approved,approved,1,8.224875
oauth_plus_poia,exact_request,192,201,1,1,1,approved,approved,1,8.639709
oauth_plus_poia,exact_request,193,201,1,1,1,approved,approved,1,9.190042
oauth_plus_poia,exact_request,194,201,1,1,1,approved,approved,1,9.628916
oauth_plus_poia,exact_request,195,201,1,1,1,approved,approved,1,8.887958
oauth_plus_poia,exact_request,196,201,1,1,1,approved,approved,1,9.16075
oauth_plus_poia,exact_request,197,201,1,1,1,approved,approved,1,8.97375
oauth_plus_poia,exact_request,198,201,1,1,1,approved,approved,1,8.656625
oauth_plus_poia,exact_request,199,201,1,1,1,approved,approved,1,8.414833
oauth_plus_poia,cross_action_substitution,0,403,0,0,0,action_mismatch,action_mismatch,1,2.324625
oauth_plus_poia,cross_action_substitution,1,403,0,0,0,action_mismatch,action_mismatch,1,2.153792
oauth_plus_poia,cross_action_substitution,2,403,0,0,0,action_mismatch,action_mismatch,1,2.258708
oauth_plus_poia,cross_action_substitution,3,403,0,0,0,action_mismatch,action_mismatch,1,2.269958
oauth_plus_poia,cross_action_substitution,4,403,0,0,0,action_mismatch,action_mismatch,1,2.186
oauth_plus_poia,cross_action_substitution,5,403,0,0,0,action_mismatch,action_mismatch,1,2.135
oauth_plus_poia,cross_action_substitution,6,403,0,0,0,action_mismatch,action_mismatch,1,2.307084
oauth_plus_poia,cross_action_substitution,7,403,0,0,0,action_mismatch,action_mismatch,1,2.204083
oauth_plus_poia,cross_action_substitution,8,403,0,0,0,action_mismatch,action_mismatch,1,2.236833
oauth_plus_poia,cross_action_substitution,9,403,0,0,0,action_mismatch,action_mismatch,1,2.28825
oauth_plus_poia,cross_action_substitution,10,403,0,0,0,action_mismatch,action_mismatch,1,2.193709
oauth_plus_poia,cross_action_substitution,11,403,0,0,0,action_mismatch,action_mismatch,1,2.157833
oauth_plus_poia,cross_action_substitution,12,403,0,0,0,action_mismatch,action_mismatch,1,2.238916
oauth_plus_poia,cross_action_substitution,13,403,0,0,0,action_mismatch,action_mismatch,1,2.703166
oauth_plus_poia,cross_action_substitution,14,403,0,0,0,action_mismatch,action_mismatch,1,2.854375
oauth_plus_poia,cross_action_substitution,15,403,0,0,0,action_mismatch,action_mismatch,1,3.306583
oauth_plus_poia,cross_action_substitution,16,403,0,0,0,action_mismatch,action_mismatch,1,2.428333
oauth_plus_poia,cross_action_substitution,17,403,0,0,0,action_mismatch,action_mismatch,1,2.287083
oauth_plus_poia,cross_action_substitution,18,403,0,0,0,action_mismatch,action_mismatch,1,2.363916
oauth_plus_poia,cross_action_substitution,19,403,0,0,0,action_mismatch,action_mismatch,1,2.202291
oauth_plus_poia,cross_action_substitution,20,403,0,0,0,action_mismatch,action_mismatch,1,2.204834
oauth_plus_poia,cross_action_substitution,21,403,0,0,0,action_mismatch,action_mismatch,1,2.126791
oauth_plus_poia,cross_action_substitution,22,403,0,0,0,action_mismatch,action_mismatch,1,2.273666
oauth_plus_poia,cross_action_substitution,23,403,0,0,0,action_mismatch,action_mismatch,1,2.167542
oauth_plus_poia,cross_action_substitution,24,403,0,0,0,action_mismatch,action_mismatch,1,2.216084
oauth_plus_poia,cross_action_substitution,25,403,0,0,0,action_mismatch,action_mismatch,1,2.348917
oauth_plus_poia,cross_action_substitution,26,403,0,0,0,action_mismatch,action_mismatch,1,2.483417
oauth_plus_poia,cross_action_substitution,27,403,0,0,0,action_mismatch,action_mismatch,1,2.155458
oauth_plus_poia,cross_action_substitution,28,403,0,0,0,action_mismatch,action_mismatch,1,2.13075
oauth_plus_poia,cross_action_substitution,29,403,0,0,0,action_mismatch,action_mismatch,1,2.270333
oauth_plus_poia,cross_action_substitution,30,403,0,0,0,action_mismatch,action_mismatch,1,2.180333
oauth_plus_poia,cross_action_substitution,31,403,0,0,0,action_mismatch,action_mismatch,1,2.173
oauth_plus_poia,cross_action_substitution,32,403,0,0,0,action_mismatch,action_mismatch,1,2.160542
oauth_plus_poia,cross_action_substitution,33,403,0,0,0,action_mismatch,action_mismatch,1,2.17125
oauth_plus_poia,cross_action_substitution,34,403,0,0,0,action_mismatch,action_mismatch,1,2.218292
oauth_plus_poia,cross_action_substitution,35,403,0,0,0,action_mismatch,action_mismatch,1,2.399791
oauth_plus_poia,cross_action_substitution,36,403,0,0,0,action_mismatch,action_mismatch,1,2.608375
oauth_plus_poia,cross_action_substitution,37,403,0,0,0,action_mismatch,action_mismatch,1,2.367083
oauth_plus_poia,cross_action_substitution,38,403,0,0,0,action_mismatch,action_mismatch,1,2.231792
oauth_plus_poia,cross_action_substitution,39,403,0,0,0,action_mismatch,action_mismatch,1,2.305708
oauth_plus_poia,cross_action_substitution,40,403,0,0,0,action_mismatch,action_mismatch,1,2.204666
oauth_plus_poia,cross_action_substitution,41,403,0,0,0,action_mismatch,action_mismatch,1,2.094792
oauth_plus_poia,cross_action_substitution,42,403,0,0,0,action_mismatch,action_mismatch,1,2.184875
oauth_plus_poia,cross_action_substitution,43,403,0,0,0,action_mismatch,action_mismatch,1,2.411667
oauth_plus_poia,cross_action_substitution,44,403,0,0,0,action_mismatch,action_mismatch,1,2.164208
oauth_plus_poia,cross_action_substitution,45,403,0,0,0,action_mismatch,action_mismatch,1,2.246042
oauth_plus_poia,cross_action_substitution,46,403,0,0,0,action_mismatch,action_mismatch,1,2.297875
oauth_plus_poia,cross_action_substitution,47,403,0,0,0,action_mismatch,action_mismatch,1,2.254125
oauth_plus_poia,cross_action_substitution,48,403,0,0,0,action_mismatch,action_mismatch,1,2.304792
oauth_plus_poia,cross_action_substitution,49,403,0,0,0,action_mismatch,action_mismatch,1,2.327167
oauth_plus_poia,cross_action_substitution,50,403,0,0,0,action_mismatch,action_mismatch,1,2.108125
oauth_plus_poia,cross_action_substitution,51,403,0,0,0,action_mismatch,action_mismatch,1,2.321166
oauth_plus_poia,cross_action_substitution,52,403,0,0,0,action_mismatch,action_mismatch,1,2.481625
oauth_plus_poia,cross_action_substitution,53,403,0,0,0,action_mismatch,action_mismatch,1,2.174875
oauth_plus_poia,cross_action_substitution,54,403,0,0,0,action_mismatch,action_mismatch,1,2.078708
oauth_plus_poia,cross_action_substitution,55,403,0,0,0,action_mismatch,action_mismatch,1,2.126208
oauth_plus_poia,cross_action_substitution,56,403,0,0,0,action_mismatch,action_mismatch,1,2.05975
oauth_plus_poia,cross_action_substitution,57,403,0,0,0,action_mismatch,action_mismatch,1,2.153334
oauth_plus_poia,cross_action_substitution,58,403,0,0,0,action_mismatch,action_mismatch,1,2.791209
oauth_plus_poia,cross_action_substitution,59,403,0,0,0,action_mismatch,action_mismatch,1,2.335875
oauth_plus_poia,cross_action_substitution,60,403,0,0,0,action_mismatch,action_mismatch,1,2.151208
oauth_plus_poia,cross_action_substitution,61,403,0,0,0,action_mismatch,action_mismatch,1,2.267125
oauth_plus_poia,cross_action_substitution,62,403,0,0,0,action_mismatch,action_mismatch,1,2.255375
oauth_plus_poia,cross_action_substitution,63,403,0,0,0,action_mismatch,action_mismatch,1,2.164875
oauth_plus_poia,cross_action_substitution,64,403,0,0,0,action_mismatch,action_mismatch,1,2.168083
oauth_plus_poia,cross_action_substitution,65,403,0,0,0,action_mismatch,action_mismatch,1,2.345417
oauth_plus_poia,cross_action_substitution,66,403,0,0,0,action_mismatch,action_mismatch,1,2.18125
oauth_plus_poia,cross_action_substitution,67,403,0,0,0,action_mismatch,action_mismatch,1,2.102291
oauth_plus_poia,cross_action_substitution,68,403,0,0,0,action_mismatch,action_mismatch,1,2.281375
oauth_plus_poia,cross_action_substitution,69,403,0,0,0,action_mismatch,action_mismatch,1,2.130042
oauth_plus_poia,cross_action_substitution,70,403,0,0,0,action_mismatch,action_mismatch,1,2.248584
oauth_plus_poia,cross_action_substitution,71,403,0,0,0,action_mismatch,action_mismatch,1,2.125084
oauth_plus_poia,cross_action_substitution,72,403,0,0,0,action_mismatch,action_mismatch,1,2.17125
oauth_plus_poia,cross_action_substitution,73,403,0,0,0,action_mismatch,action_mismatch,1,2.081167
oauth_plus_poia,cross_action_substitution,74,403,0,0,0,action_mismatch,action_mismatch,1,2.065833
oauth_plus_poia,cross_action_substitution,75,403,0,0,0,action_mismatch,action_mismatch,1,2.066167
oauth_plus_poia,cross_action_substitution,76,403,0,0,0,action_mismatch,action_mismatch,1,2.215583
oauth_plus_poia,cross_action_substitution,77,403,0,0,0,action_mismatch,action_mismatch,1,2.127208
oauth_plus_poia,cross_action_substitution,78,403,0,0,0,action_mismatch,action_mismatch,1,2.253458
oauth_plus_poia,cross_action_substitution,79,403,0,0,0,action_mismatch,action_mismatch,1,2.229833
oauth_plus_poia,cross_action_substitution,80,403,0,0,0,action_mismatch,action_mismatch,1,2.117291
oauth_plus_poia,cross_action_substitution,81,403,0,0,0,action_mismatch,action_mismatch,1,2.258625
oauth_plus_poia,cross_action_substitution,82,403,0,0,0,action_mismatch,action_mismatch,1,2.22975
oauth_plus_poia,cross_action_substitution,83,403,0,0,0,action_mismatch,action_mismatch,1,2.119625
oauth_plus_poia,cross_action_substitution,84,403,0,0,0,action_mismatch,action_mismatch,1,2.242708
oauth_plus_poia,cross_action_substitution,85,403,0,0,0,action_mismatch,action_mismatch,1,2.177125
oauth_plus_poia,cross_action_substitution,86,403,0,0,0,action_mismatch,action_mismatch,1,2.109375
oauth_plus_poia,cross_action_substitution,87,403,0,0,0,action_mismatch,action_mismatch,1,2.106375
oauth_plus_poia,cross_action_substitution,88,403,0,0,0,action_mismatch,action_mismatch,1,2.158333
oauth_plus_poia,cross_action_substitution,89,403,0,0,0,action_mismatch,action_mismatch,1,2.21125
oauth_plus_poia,cross_action_substitution,90,403,0,0,0,action_mismatch,action_mismatch,1,2.168375
oauth_plus_poia,cross_action_substitution,91,403,0,0,0,action_mismatch,action_mismatch,1,2.385916
oauth_plus_poia,cross_action_substitution,92,403,0,0,0,action_mismatch,action_mismatch,1,2.120708
oauth_plus_poia,cross_action_substitution,93,403,0,0,0,action_mismatch,action_mismatch,1,2.183458
oauth_plus_poia,cross_action_substitution,94,403,0,0,0,action_mismatch,action_mismatch,1,2.335167
oauth_plus_poia,cross_action_substitution,95,403,0,0,0,action_mismatch,action_mismatch,1,2.256583
oauth_plus_poia,cross_action_substitution,96,403,0,0,0,action_mismatch,action_mismatch,1,2.281125
oauth_plus_poia,cross_action_substitution,97,403,0,0,0,action_mismatch,action_mismatch,1,2.29425
oauth_plus_poia,cross_action_substitution,98,403,0,0,0,action_mismatch,action_mismatch,1,2.359041
oauth_plus_poia,cross_action_substitution,99,403,0,0,0,action_mismatch,action_mismatch,1,2.182583
oauth_plus_poia,cross_action_substitution,100,403,0,0,0,action_mismatch,action_mismatch,1,2.38225
oauth_plus_poia,cross_action_substitution,101,403,0,0,0,action_mismatch,action_mismatch,1,2.224834
oauth_plus_poia,cross_action_substitution,102,403,0,0,0,action_mismatch,action_mismatch,1,2.348167
oauth_plus_poia,cross_action_substitution,103,403,0,0,0,action_mismatch,action_mismatch,1,2.260916
oauth_plus_poia,cross_action_substitution,104,403,0,0,0,action_mismatch,action_mismatch,1,2.4795
oauth_plus_poia,cross_action_substitution,105,403,0,0,0,action_mismatch,action_mismatch,1,2.321875
oauth_plus_poia,cross_action_substitution,106,403,0,0,0,action_mismatch,action_mismatch,1,2.118833
oauth_plus_poia,cross_action_substitution,107,403,0,0,0,action_mismatch,action_mismatch,1,2.267875
oauth_plus_poia,cross_action_substitution,108,403,0,0,0,action_mismatch,action_mismatch,1,2.1545
oauth_plus_poia,cross_action_substitution,109,403,0,0,0,action_mismatch,action_mismatch,1,2.123208
oauth_plus_poia,cross_action_substitution,110,403,0,0,0,action_mismatch,action_mismatch,1,2.121209
oauth_plus_poia,cross_action_substitution,111,403,0,0,0,action_mismatch,action_mismatch,1,2.086
oauth_plus_poia,cross_action_substitution,112,403,0,0,0,action_mismatch,action_mismatch,1,2.186417
oauth_plus_poia,cross_action_substitution,113,403,0,0,0,action_mismatch,action_mismatch,1,2.368209
oauth_plus_poia,cross_action_substitution,114,403,0,0,0,action_mismatch,action_mismatch,1,2.110166
oauth_plus_poia,cross_action_substitution,115,403,0,0,0,action_mismatch,action_mismatch,1,2.12
oauth_plus_poia,cross_action_substitution,116,403,0,0,0,action_mismatch,action_mismatch,1,2.162791
oauth_plus_poia,cross_action_substitution,117,403,0,0,0,action_mismatch,action_mismatch,1,2.437875
oauth_plus_poia,cross_action_substitution,118,403,0,0,0,action_mismatch,action_mismatch,1,2.183833
oauth_plus_poia,cross_action_substitution,119,403,0,0,0,action_mismatch,action_mismatch,1,2.190584
oauth_plus_poia,cross_action_substitution,120,403,0,0,0,action_mismatch,action_mismatch,1,2.201375
oauth_plus_poia,cross_action_substitution,121,403,0,0,0,action_mismatch,action_mismatch,1,2.257708
oauth_plus_poia,cross_action_substitution,122,403,0,0,0,action_mismatch,action_mismatch,1,2.179958
oauth_plus_poia,cross_action_substitution,123,403,0,0,0,action_mismatch,action_mismatch,1,2.260334
oauth_plus_poia,cross_action_substitution,124,403,0,0,0,action_mismatch,action_mismatch,1,2.366292
oauth_plus_poia,cross_action_substitution,125,403,0,0,0,action_mismatch,action_mismatch,1,2.363167
oauth_plus_poia,cross_action_substitution,126,403,0,0,0,action_mismatch,action_mismatch,1,2.437083
oauth_plus_poia,cross_action_substitution,127,403,0,0,0,action_mismatch,action_mismatch,1,2.352041
oauth_plus_poia,cross_action_substitution,128,403,0,0,0,action_mismatch,action_mismatch,1,2.530833
oauth_plus_poia,cross_action_substitution,129,403,0,0,0,action_mismatch,action_mismatch,1,2.413458
oauth_plus_poia,cross_action_substitution,130,403,0,0,0,action_mismatch,action_mismatch,1,2.5485
oauth_plus_poia,cross_action_substitution,131,403,0,0,0,action_mismatch,action_mismatch,1,2.846
oauth_plus_poia,cross_action_substitution,132,403,0,0,0,action_mismatch,action_mismatch,1,2.880208
oauth_plus_poia,cross_action_substitution,133,403,0,0,0,action_mismatch,action_mismatch,1,2.388625
oauth_plus_poia,cross_action_substitution,134,403,0,0,0,action_mismatch,action_mismatch,1,2.5545
oauth_plus_poia,cross_action_substitution,135,403,0,0,0,action_mismatch,action_mismatch,1,2.460916
oauth_plus_poia,cross_action_substitution,136,403,0,0,0,action_mismatch,action_mismatch,1,2.384375
oauth_plus_poia,cross_action_substitution,137,403,0,0,0,action_mismatch,action_mismatch,1,2.520292
oauth_plus_poia,cross_action_substitution,138,403,0,0,0,action_mismatch,action_mismatch,1,2.450709
oauth_plus_poia,cross_action_substitution,139,403,0,0,0,action_mismatch,action_mismatch,1,2.466209
oauth_plus_poia,cross_action_substitution,140,403,0,0,0,action_mismatch,action_mismatch,1,2.543041
oauth_plus_poia,cross_action_substitution,141,403,0,0,0,action_mismatch,action_mismatch,1,2.519291
oauth_plus_poia,cross_action_substitution,142,403,0,0,0,action_mismatch,action_mismatch,1,2.892583
oauth_plus_poia,cross_action_substitution,143,403,0,0,0,action_mismatch,action_mismatch,1,2.863667
oauth_plus_poia,cross_action_substitution,144,403,0,0,0,action_mismatch,action_mismatch,1,2.41175
oauth_plus_poia,cross_action_substitution,145,403,0,0,0,action_mismatch,action_mismatch,1,2.502625
oauth_plus_poia,cross_action_substitution,146,403,0,0,0,action_mismatch,action_mismatch,1,2.374125
oauth_plus_poia,cross_action_substitution,147,403,0,0,0,action_mismatch,action_mismatch,1,2.447417
oauth_plus_poia,cross_action_substitution,148,403,0,0,0,action_mismatch,action_mismatch,1,2.460125
oauth_plus_poia,cross_action_substitution,149,403,0,0,0,action_mismatch,action_mismatch,1,2.863292
oauth_plus_poia,cross_action_substitution,150,403,0,0,0,action_mismatch,action_mismatch,1,2.517458
oauth_plus_poia,cross_action_substitution,151,403,0,0,0,action_mismatch,action_mismatch,1,2.402917
oauth_plus_poia,cross_action_substitution,152,403,0,0,0,action_mismatch,action_mismatch,1,2.623792
oauth_plus_poia,cross_action_substitution,153,403,0,0,0,action_mismatch,action_mismatch,1,2.283917
oauth_plus_poia,cross_action_substitution,154,403,0,0,0,action_mismatch,action_mismatch,1,2.267709
oauth_plus_poia,cross_action_substitution,155,403,0,0,0,action_mismatch,action_mismatch,1,2.360167
oauth_plus_poia,cross_action_substitution,156,403,0,0,0,action_mismatch,action_mismatch,1,2.356542
oauth_plus_poia,cross_action_substitution,157,403,0,0,0,action_mismatch,action_mismatch,1,2.258917
oauth_plus_poia,cross_action_substitution,158,403,0,0,0,action_mismatch,action_mismatch,1,2.319584
oauth_plus_poia,cross_action_substitution,159,403,0,0,0,action_mismatch,action_mismatch,1,2.331042
oauth_plus_poia,cross_action_substitution,160,403,0,0,0,action_mismatch,action_mismatch,1,2.331834
oauth_plus_poia,cross_action_substitution,161,403,0,0,0,action_mismatch,action_mismatch,1,2.270375
oauth_plus_poia,cross_action_substitution,162,403,0,0,0,action_mismatch,action_mismatch,1,2.173166
oauth_plus_poia,cross_action_substitution,163,403,0,0,0,action_mismatch,action_mismatch,1,2.198375
oauth_plus_poia,cross_action_substitution,164,403,0,0,0,action_mismatch,action_mismatch,1,2.093042
oauth_plus_poia,cross_action_substitution,165,403,0,0,0,action_mismatch,action_mismatch,1,2.248792
oauth_plus_poia,cross_action_substitution,166,403,0,0,0,action_mismatch,action_mismatch,1,2.199208
oauth_plus_poia,cross_action_substitution,167,403,0,0,0,action_mismatch,action_mismatch,1,2.104917
oauth_plus_poia,cross_action_substitution,168,403,0,0,0,action_mismatch,action_mismatch,1,2.165667
oauth_plus_poia,cross_action_substitution,169,403,0,0,0,action_mismatch,action_mismatch,1,2.458042
oauth_plus_poia,cross_action_substitution,170,403,0,0,0,action_mismatch,action_mismatch,1,2.230459
oauth_plus_poia,cross_action_substitution,171,403,0,0,0,action_mismatch,action_mismatch,1,2.344541
oauth_plus_poia,cross_action_substitution,172,403,0,0,0,action_mismatch,action_mismatch,1,2.382625
oauth_plus_poia,cross_action_substitution,173,403,0,0,0,action_mismatch,action_mismatch,1,2.312
oauth_plus_poia,cross_action_substitution,174,403,0,0,0,action_mismatch,action_mismatch,1,2.270959
oauth_plus_poia,cross_action_substitution,175,403,0,0,0,action_mismatch,action_mismatch,1,2.262084
oauth_plus_poia,cross_action_substitution,176,403,0,0,0,action_mismatch,action_mismatch,1,2.31575
oauth_plus_poia,cross_action_substitution,177,403,0,0,0,action_mismatch,action_mismatch,1,2.286458
oauth_plus_poia,cross_action_substitution,178,403,0,0,0,action_mismatch,action_mismatch,1,2.494375
oauth_plus_poia,cross_action_substitution,179,403,0,0,0,action_mismatch,action_mismatch,1,2.651834
oauth_plus_poia,cross_action_substitution,180,403,0,0,0,action_mismatch,action_mismatch,1,2.489667
oauth_plus_poia,cross_action_substitution,181,403,0,0,0,action_mismatch,action_mismatch,1,2.671666
oauth_plus_poia,cross_action_substitution,182,403,0,0,0,action_mismatch,action_mismatch,1,2.793333
oauth_plus_poia,cross_action_substitution,183,403,0,0,0,action_mismatch,action_mismatch,1,2.682666
oauth_plus_poia,cross_action_substitution,184,403,0,0,0,action_mismatch,action_mismatch,1,2.349459
oauth_plus_poia,cross_action_substitution,185,403,0,0,0,action_mismatch,action_mismatch,1,2.368292
oauth_plus_poia,cross_action_substitution,186,403,0,0,0,action_mismatch,action_mismatch,1,2.667334
oauth_plus_poia,cross_action_substitution,187,403,0,0,0,action_mismatch,action_mismatch,1,2.635958
oauth_plus_poia,cross_action_substitution,188,403,0,0,0,action_mismatch,action_mismatch,1,2.263375
oauth_plus_poia,cross_action_substitution,189,403,0,0,0,action_mismatch,action_mismatch,1,2.558625
oauth_plus_poia,cross_action_substitution,190,403,0,0,0,action_mismatch,action_mismatch,1,2.5845
oauth_plus_poia,cross_action_substitution,191,403,0,0,0,action_mismatch,action_mismatch,1,2.599042
oauth_plus_poia,cross_action_substitution,192,403,0,0,0,action_mismatch,action_mismatch,1,2.409417
oauth_plus_poia,cross_action_substitution,193,403,0,0,0,action_mismatch,action_mismatch,1,2.365459
oauth_plus_poia,cross_action_substitution,194,403,0,0,0,action_mismatch,action_mismatch,1,2.501084
oauth_plus_poia,cross_action_substitution,195,403,0,0,0,action_mismatch,action_mismatch,1,2.92025
oauth_plus_poia,cross_action_substitution,196,403,0,0,0,action_mismatch,action_mismatch,1,2.491083
oauth_plus_poia,cross_action_substitution,197,403,0,0,0,action_mismatch,action_mismatch,1,2.500541
oauth_plus_poia,cross_action_substitution,198,403,0,0,0,action_mismatch,action_mismatch,1,2.654083
oauth_plus_poia,cross_action_substitution,199,403,0,0,0,action_mismatch,action_mismatch,1,2.471083
oauth_plus_poia,target_object_substitution,0,403,0,0,0,scope_mismatch,scope_mismatch,1,2.636333
oauth_plus_poia,target_object_substitution,1,403,0,0,0,scope_mismatch,scope_mismatch,1,2.471292
oauth_plus_poia,target_object_substitution,2,403,0,0,0,scope_mismatch,scope_mismatch,1,2.503708
oauth_plus_poia,target_object_substitution,3,403,0,0,0,scope_mismatch,scope_mismatch,1,2.869292
oauth_plus_poia,target_object_substitution,4,403,0,0,0,scope_mismatch,scope_mismatch,1,2.616375
oauth_plus_poia,target_object_substitution,5,403,0,0,0,scope_mismatch,scope_mismatch,1,2.489167
oauth_plus_poia,target_object_substitution,6,403,0,0,0,scope_mismatch,scope_mismatch,1,2.675417
oauth_plus_poia,target_object_substitution,7,403,0,0,0,scope_mismatch,scope_mismatch,1,2.641292
oauth_plus_poia,target_object_substitution,8,403,0,0,0,scope_mismatch,scope_mismatch,1,2.849292
oauth_plus_poia,target_object_substitution,9,403,0,0,0,scope_mismatch,scope_mismatch,1,2.525417
oauth_plus_poia,target_object_substitution,10,403,0,0,0,scope_mismatch,scope_mismatch,1,2.565833
oauth_plus_poia,target_object_substitution,11,403,0,0,0,scope_mismatch,scope_mismatch,1,2.631167
oauth_plus_poia,target_object_substitution,12,403,0,0,0,scope_mismatch,scope_mismatch,1,2.573584
oauth_plus_poia,target_object_substitution,13,403,0,0,0,scope_mismatch,scope_mismatch,1,2.618459
oauth_plus_poia,target_object_substitution,14,403,0,0,0,scope_mismatch,scope_mismatch,1,2.656916
oauth_plus_poia,target_object_substitution,15,403,0,0,0,scope_mismatch,scope_mismatch,1,2.478208
oauth_plus_poia,target_object_substitution,16,403,0,0,0,scope_mismatch,scope_mismatch,1,2.622834
oauth_plus_poia,target_object_substitution,17,403,0,0,0,scope_mismatch,scope_mismatch,1,2.509
oauth_plus_poia,target_object_substitution,18,403,0,0,0,scope_mismatch,scope_mismatch,1,2.389375
oauth_plus_poia,target_object_substitution,19,403,0,0,0,scope_mismatch,scope_mismatch,1,2.496125
oauth_plus_poia,target_object_substitution,20,403,0,0,0,scope_mismatch,scope_mismatch,1,2.588875
oauth_plus_poia,target_object_substitution,21,403,0,0,0,scope_mismatch,scope_mismatch,1,2.584333
oauth_plus_poia,target_object_substitution,22,403,0,0,0,scope_mismatch,scope_mismatch,1,2.643375
oauth_plus_poia,target_object_substitution,23,403,0,0,0,scope_mismatch,scope_mismatch,1,2.811375
oauth_plus_poia,target_object_substitution,24,403,0,0,0,scope_mismatch,scope_mismatch,1,2.523042
oauth_plus_poia,target_object_substitution,25,403,0,0,0,scope_mismatch,scope_mismatch,1,2.697792
oauth_plus_poia,target_object_substitution,26,403,0,0,0,scope_mismatch,scope_mismatch,1,2.528542
oauth_plus_poia,target_object_substitution,27,403,0,0,0,scope_mismatch,scope_mismatch,1,2.462583
oauth_plus_poia,target_object_substitution,28,403,0,0,0,scope_mismatch,scope_mismatch,1,2.448208
oauth_plus_poia,target_object_substitution,29,403,0,0,0,scope_mismatch,scope_mismatch,1,2.409084
oauth_plus_poia,target_object_substitution,30,403,0,0,0,scope_mismatch,scope_mismatch,1,2.415875
oauth_plus_poia,target_object_substitution,31,403,0,0,0,scope_mismatch,scope_mismatch,1,2.484375
oauth_plus_poia,target_object_substitution,32,403,0,0,0,scope_mismatch,scope_mismatch,1,2.160584
oauth_plus_poia,target_object_substitution,33,403,0,0,0,scope_mismatch,scope_mismatch,1,2.293375
oauth_plus_poia,target_object_substitution,34,403,0,0,0,scope_mismatch,scope_mismatch,1,2.688375
oauth_plus_poia,target_object_substitution,35,403,0,0,0,scope_mismatch,scope_mismatch,1,2.194625
oauth_plus_poia,target_object_substitution,36,403,0,0,0,scope_mismatch,scope_mismatch,1,2.292
oauth_plus_poia,target_object_substitution,37,403,0,0,0,scope_mismatch,scope_mismatch,1,2.253542
oauth_plus_poia,target_object_substitution,38,403,0,0,0,scope_mismatch,scope_mismatch,1,2.41875
oauth_plus_poia,target_object_substitution,39,403,0,0,0,scope_mismatch,scope_mismatch,1,2.481625
oauth_plus_poia,target_object_substitution,40,403,0,0,0,scope_mismatch,scope_mismatch,1,2.549125
oauth_plus_poia,target_object_substitution,41,403,0,0,0,scope_mismatch,scope_mismatch,1,2.319667
oauth_plus_poia,target_object_substitution,42,403,0,0,0,scope_mismatch,scope_mismatch,1,2.550125
oauth_plus_poia,target_object_substitution,43,403,0,0,0,scope_mismatch,scope_mismatch,1,2.622709
oauth_plus_poia,target_object_substitution,44,403,0,0,0,scope_mismatch,scope_mismatch,1,2.470917
oauth_plus_poia,target_object_substitution,45,403,0,0,0,scope_mismatch,scope_mismatch,1,2.605333
oauth_plus_poia,target_object_substitution,46,403,0,0,0,scope_mismatch,scope_mismatch,1,2.532291
oauth_plus_poia,target_object_substitution,47,403,0,0,0,scope_mismatch,scope_mismatch,1,2.685416
oauth_plus_poia,target_object_substitution,48,403,0,0,0,scope_mismatch,scope_mismatch,1,2.575708
oauth_plus_poia,target_object_substitution,49,403,0,0,0,scope_mismatch,scope_mismatch,1,2.526417
oauth_plus_poia,target_object_substitution,50,403,0,0,0,scope_mismatch,scope_mismatch,1,2.834125
oauth_plus_poia,target_object_substitution,51,403,0,0,0,scope_mismatch,scope_mismatch,1,2.55325
oauth_plus_poia,target_object_substitution,52,403,0,0,0,scope_mismatch,scope_mismatch,1,2.864875
oauth_plus_poia,target_object_substitution,53,403,0,0,0,scope_mismatch,scope_mismatch,1,2.771208
oauth_plus_poia,target_object_substitution,54,403,0,0,0,scope_mismatch,scope_mismatch,1,2.405417
oauth_plus_poia,target_object_substitution,55,403,0,0,0,scope_mismatch,scope_mismatch,1,2.660291
oauth_plus_poia,target_object_substitution,56,403,0,0,0,scope_mismatch,scope_mismatch,1,2.338
oauth_plus_poia,target_object_substitution,57,403,0,0,0,scope_mismatch,scope_mismatch,1,2.424959
oauth_plus_poia,target_object_substitution,58,403,0,0,0,scope_mismatch,scope_mismatch,1,2.381542
oauth_plus_poia,target_object_substitution,59,403,0,0,0,scope_mismatch,scope_mismatch,1,2.422834
oauth_plus_poia,target_object_substitution,60,403,0,0,0,scope_mismatch,scope_mismatch,1,2.677583
oauth_plus_poia,target_object_substitution,61,403,0,0,0,scope_mismatch,scope_mismatch,1,2.528625
oauth_plus_poia,target_object_substitution,62,403,0,0,0,scope_mismatch,scope_mismatch,1,2.470291
oauth_plus_poia,target_object_substitution,63,403,0,0,0,scope_mismatch,scope_mismatch,1,2.629416
oauth_plus_poia,target_object_substitution,64,403,0,0,0,scope_mismatch,scope_mismatch,1,2.568833
oauth_plus_poia,target_object_substitution,65,403,0,0,0,scope_mismatch,scope_mismatch,1,2.719834
oauth_plus_poia,target_object_substitution,66,403,0,0,0,scope_mismatch,scope_mismatch,1,2.443834
oauth_plus_poia,target_object_substitution,67,403,0,0,0,scope_mismatch,scope_mismatch,1,2.570625
oauth_plus_poia,target_object_substitution,68,403,0,0,0,scope_mismatch,scope_mismatch,1,2.515959
oauth_plus_poia,target_object_substitution,69,403,0,0,0,scope_mismatch,scope_mismatch,1,2.561375
oauth_plus_poia,target_object_substitution,70,403,0,0,0,scope_mismatch,scope_mismatch,1,2.638792
oauth_plus_poia,target_object_substitution,71,403,0,0,0,scope_mismatch,scope_mismatch,1,2.560334
oauth_plus_poia,target_object_substitution,72,403,0,0,0,scope_mismatch,scope_mismatch,1,2.471541
oauth_plus_poia,target_object_substitution,73,403,0,0,0,scope_mismatch,scope_mismatch,1,2.726125
oauth_plus_poia,target_object_substitution,74,403,0,0,0,scope_mismatch,scope_mismatch,1,2.474166
oauth_plus_poia,target_object_substitution,75,403,0,0,0,scope_mismatch,scope_mismatch,1,2.2795
oauth_plus_poia,target_object_substitution,76,403,0,0,0,scope_mismatch,scope_mismatch,1,2.4175
oauth_plus_poia,target_object_substitution,77,403,0,0,0,scope_mismatch,scope_mismatch,1,2.263583
oauth_plus_poia,target_object_substitution,78,403,0,0,0,scope_mismatch,scope_mismatch,1,2.280833
oauth_plus_poia,target_object_substitution,79,403,0,0,0,scope_mismatch,scope_mismatch,1,2.166459
oauth_plus_poia,target_object_substitution,80,403,0,0,0,scope_mismatch,scope_mismatch,1,2.171459
oauth_plus_poia,target_object_substitution,81,403,0,0,0,scope_mismatch,scope_mismatch,1,2.370542
oauth_plus_poia,target_object_substitution,82,403,0,0,0,scope_mismatch,scope_mismatch,1,2.320542
oauth_plus_poia,target_object_substitution,83,403,0,0,0,scope_mismatch,scope_mismatch,1,2.405833
oauth_plus_poia,target_object_substitution,84,403,0,0,0,scope_mismatch,scope_mismatch,1,2.395709
oauth_plus_poia,target_object_substitution,85,403,0,0,0,scope_mismatch,scope_mismatch,1,2.461375
oauth_plus_poia,target_object_substitution,86,403,0,0,0,scope_mismatch,scope_mismatch,1,2.7375
oauth_plus_poia,target_object_substitution,87,403,0,0,0,scope_mismatch,scope_mismatch,1,2.478
oauth_plus_poia,target_object_substitution,88,403,0,0,0,scope_mismatch,scope_mismatch,1,2.8145
oauth_plus_poia,target_object_substitution,89,403,0,0,0,scope_mismatch,scope_mismatch,1,2.566834
oauth_plus_poia,target_object_substitution,90,403,0,0,0,scope_mismatch,scope_mismatch,1,2.448292
oauth_plus_poia,target_object_substitution,91,403,0,0,0,scope_mismatch,scope_mismatch,1,2.382375
oauth_plus_poia,target_object_substitution,92,403,0,0,0,scope_mismatch,scope_mismatch,1,2.499
oauth_plus_poia,target_object_substitution,93,403,0,0,0,scope_mismatch,scope_mismatch,1,2.51325
oauth_plus_poia,target_object_substitution,94,403,0,0,0,scope_mismatch,scope_mismatch,1,2.418792
oauth_plus_poia,target_object_substitution,95,403,0,0,0,scope_mismatch,scope_mismatch,1,2.687125
oauth_plus_poia,target_object_substitution,96,403,0,0,0,scope_mismatch,scope_mismatch,1,2.395208
oauth_plus_poia,target_object_substitution,97,403,0,0,0,scope_mismatch,scope_mismatch,1,2.635542
oauth_plus_poia,target_object_substitution,98,403,0,0,0,scope_mismatch,scope_mismatch,1,2.684208
oauth_plus_poia,target_object_substitution,99,403,0,0,0,scope_mismatch,scope_mismatch,1,2.769042
oauth_plus_poia,target_object_substitution,100,403,0,0,0,scope_mismatch,scope_mismatch,1,2.447708
oauth_plus_poia,target_object_substitution,101,403,0,0,0,scope_mismatch,scope_mismatch,1,2.493625
oauth_plus_poia,target_object_substitution,102,403,0,0,0,scope_mismatch,scope_mismatch,1,2.782417
oauth_plus_poia,target_object_substitution,103,403,0,0,0,scope_mismatch,scope_mismatch,1,2.429833
oauth_plus_poia,target_object_substitution,104,403,0,0,0,scope_mismatch,scope_mismatch,1,2.30025
oauth_plus_poia,target_object_substitution,105,403,0,0,0,scope_mismatch,scope_mismatch,1,2.459542
oauth_plus_poia,target_object_substitution,106,403,0,0,0,scope_mismatch,scope_mismatch,1,2.739667
oauth_plus_poia,target_object_substitution,107,403,0,0,0,scope_mismatch,scope_mismatch,1,2.70225
oauth_plus_poia,target_object_substitution,108,403,0,0,0,scope_mismatch,scope_mismatch,1,2.299917
oauth_plus_poia,target_object_substitution,109,403,0,0,0,scope_mismatch,scope_mismatch,1,2.503125
oauth_plus_poia,target_object_substitution,110,403,0,0,0,scope_mismatch,scope_mismatch,1,2.515458
oauth_plus_poia,target_object_substitution,111,403,0,0,0,scope_mismatch,scope_mismatch,1,2.630417
oauth_plus_poia,target_object_substitution,112,403,0,0,0,scope_mismatch,scope_mismatch,1,2.768125
oauth_plus_poia,target_object_substitution,113,403,0,0,0,scope_mismatch,scope_mismatch,1,2.597416
oauth_plus_poia,target_object_substitution,114,403,0,0,0,scope_mismatch,scope_mismatch,1,2.621625
oauth_plus_poia,target_object_substitution,115,403,0,0,0,scope_mismatch,scope_mismatch,1,2.514875
oauth_plus_poia,target_object_substitution,116,403,0,0,0,scope_mismatch,scope_mismatch,1,2.495459
oauth_plus_poia,target_object_substitution,117,403,0,0,0,scope_mismatch,scope_mismatch,1,2.705584
oauth_plus_poia,target_object_substitution,118,403,0,0,0,scope_mismatch,scope_mismatch,1,2.98675
oauth_plus_poia,target_object_substitution,119,403,0,0,0,scope_mismatch,scope_mismatch,1,2.882584
oauth_plus_poia,target_object_substitution,120,403,0,0,0,scope_mismatch,scope_mismatch,1,2.349
oauth_plus_poia,target_object_substitution,121,403,0,0,0,scope_mismatch,scope_mismatch,1,3.812041
oauth_plus_poia,target_object_substitution,122,403,0,0,0,scope_mismatch,scope_mismatch,1,2.958417
oauth_plus_poia,target_object_substitution,123,403,0,0,0,scope_mismatch,scope_mismatch,1,2.491334
oauth_plus_poia,target_object_substitution,124,403,0,0,0,scope_mismatch,scope_mismatch,1,2.465291
oauth_plus_poia,target_object_substitution,125,403,0,0,0,scope_mismatch,scope_mismatch,1,2.766291
oauth_plus_poia,target_object_substitution,126,403,0,0,0,scope_mismatch,scope_mismatch,1,2.3785
oauth_plus_poia,target_object_substitution,127,403,0,0,0,scope_mismatch,scope_mismatch,1,2.818
oauth_plus_poia,target_object_substitution,128,403,0,0,0,scope_mismatch,scope_mismatch,1,2.576833
oauth_plus_poia,target_object_substitution,129,403,0,0,0,scope_mismatch,scope_mismatch,1,2.498583
oauth_plus_poia,target_object_substitution,130,403,0,0,0,scope_mismatch,scope_mismatch,1,2.521792
oauth_plus_poia,target_object_substitution,131,403,0,0,0,scope_mismatch,scope_mismatch,1,2.338167
oauth_plus_poia,target_object_substitution,132,403,0,0,0,scope_mismatch,scope_mismatch,1,2.512333
oauth_plus_poia,target_object_substitution,133,403,0,0,0,scope_mismatch,scope_mismatch,1,2.56075
oauth_plus_poia,target_object_substitution,134,403,0,0,0,scope_mismatch,scope_mismatch,1,2.518334
oauth_plus_poia,target_object_substitution,135,403,0,0,0,scope_mismatch,scope_mismatch,1,2.56775
oauth_plus_poia,target_object_substitution,136,403,0,0,0,scope_mismatch,scope_mismatch,1,2.529625
oauth_plus_poia,target_object_substitution,137,403,0,0,0,scope_mismatch,scope_mismatch,1,2.625375
oauth_plus_poia,target_object_substitution,138,403,0,0,0,scope_mismatch,scope_mismatch,1,2.676542
oauth_plus_poia,target_object_substitution,139,403,0,0,0,scope_mismatch,scope_mismatch,1,2.521875
oauth_plus_poia,target_object_substitution,140,403,0,0,0,scope_mismatch,scope_mismatch,1,2.454083
oauth_plus_poia,target_object_substitution,141,403,0,0,0,scope_mismatch,scope_mismatch,1,2.439417
oauth_plus_poia,target_object_substitution,142,403,0,0,0,scope_mismatch,scope_mismatch,1,2.483708
oauth_plus_poia,target_object_substitution,143,403,0,0,0,scope_mismatch,scope_mismatch,1,2.370792
oauth_plus_poia,target_object_substitution,144,403,0,0,0,scope_mismatch,scope_mismatch,1,2.620208
oauth_plus_poia,target_object_substitution,145,403,0,0,0,scope_mismatch,scope_mismatch,1,2.294542
oauth_plus_poia,target_object_substitution,146,403,0,0,0,scope_mismatch,scope_mismatch,1,3.289458
oauth_plus_poia,target_object_substitution,147,403,0,0,0,scope_mismatch,scope_mismatch,1,2.420416
oauth_plus_poia,target_object_substitution,148,403,0,0,0,scope_mismatch,scope_mismatch,1,2.491458
oauth_plus_poia,target_object_substitution,149,403,0,0,0,scope_mismatch,scope_mismatch,1,2.421292
oauth_plus_poia,target_object_substitution,150,403,0,0,0,scope_mismatch,scope_mismatch,1,2.563042
oauth_plus_poia,target_object_substitution,151,403,0,0,0,scope_mismatch,scope_mismatch,1,2.534458
oauth_plus_poia,target_object_substitution,152,403,0,0,0,scope_mismatch,scope_mismatch,1,2.570459
oauth_plus_poia,target_object_substitution,153,403,0,0,0,scope_mismatch,scope_mismatch,1,2.480208
oauth_plus_poia,target_object_substitution,154,403,0,0,0,scope_mismatch,scope_mismatch,1,2.42125
oauth_plus_poia,target_object_substitution,155,403,0,0,0,scope_mismatch,scope_mismatch,1,2.432709
oauth_plus_poia,target_object_substitution,156,403,0,0,0,scope_mismatch,scope_mismatch,1,2.435042
oauth_plus_poia,target_object_substitution,157,403,0,0,0,scope_mismatch,scope_mismatch,1,2.440042
oauth_plus_poia,target_object_substitution,158,403,0,0,0,scope_mismatch,scope_mismatch,1,2.323458
oauth_plus_poia,target_object_substitution,159,403,0,0,0,scope_mismatch,scope_mismatch,1,2.59275
oauth_plus_poia,target_object_substitution,160,403,0,0,0,scope_mismatch,scope_mismatch,1,2.424667
oauth_plus_poia,target_object_substitution,161,403,0,0,0,scope_mismatch,scope_mismatch,1,2.616583
oauth_plus_poia,target_object_substitution,162,403,0,0,0,scope_mismatch,scope_mismatch,1,2.938833
oauth_plus_poia,target_object_substitution,163,403,0,0,0,scope_mismatch,scope_mismatch,1,2.258959
oauth_plus_poia,target_object_substitution,164,403,0,0,0,scope_mismatch,scope_mismatch,1,3.565333
oauth_plus_poia,target_object_substitution,165,403,0,0,0,scope_mismatch,scope_mismatch,1,3.219417
oauth_plus_poia,target_object_substitution,166,403,0,0,0,scope_mismatch,scope_mismatch,1,2.583334
oauth_plus_poia,target_object_substitution,167,403,0,0,0,scope_mismatch,scope_mismatch,1,3.203792
oauth_plus_poia,target_object_substitution,168,403,0,0,0,scope_mismatch,scope_mismatch,1,2.594917
oauth_plus_poia,target_object_substitution,169,403,0,0,0,scope_mismatch,scope_mismatch,1,2.453792
oauth_plus_poia,target_object_substitution,170,403,0,0,0,scope_mismatch,scope_mismatch,1,2.514417
oauth_plus_poia,target_object_substitution,171,403,0,0,0,scope_mismatch,scope_mismatch,1,2.441958
oauth_plus_poia,target_object_substitution,172,403,0,0,0,scope_mismatch,scope_mismatch,1,2.533833
oauth_plus_poia,target_object_substitution,173,403,0,0,0,scope_mismatch,scope_mismatch,1,2.536792
oauth_plus_poia,target_object_substitution,174,403,0,0,0,scope_mismatch,scope_mismatch,1,2.598084
oauth_plus_poia,target_object_substitution,175,403,0,0,0,scope_mismatch,scope_mismatch,1,2.606667
oauth_plus_poia,target_object_substitution,176,403,0,0,0,scope_mismatch,scope_mismatch,1,2.399709
oauth_plus_poia,target_object_substitution,177,403,0,0,0,scope_mismatch,scope_mismatch,1,2.7365
oauth_plus_poia,target_object_substitution,178,403,0,0,0,scope_mismatch,scope_mismatch,1,2.6895
oauth_plus_poia,target_object_substitution,179,403,0,0,0,scope_mismatch,scope_mismatch,1,2.581
oauth_plus_poia,target_object_substitution,180,403,0,0,0,scope_mismatch,scope_mismatch,1,2.721167
oauth_plus_poia,target_object_substitution,181,403,0,0,0,scope_mismatch,scope_mismatch,1,2.535209
oauth_plus_poia,target_object_substitution,182,403,0,0,0,scope_mismatch,scope_mismatch,1,2.502834
oauth_plus_poia,target_object_substitution,183,403,0,0,0,scope_mismatch,scope_mismatch,1,2.55725
oauth_plus_poia,target_object_substitution,184,403,0,0,0,scope_mismatch,scope_mismatch,1,2.647125
oauth_plus_poia,target_object_substitution,185,403,0,0,0,scope_mismatch,scope_mismatch,1,2.480333
oauth_plus_poia,target_object_substitution,186,403,0,0,0,scope_mismatch,scope_mismatch,1,2.610167
oauth_plus_poia,target_object_substitution,187,403,0,0,0,scope_mismatch,scope_mismatch,1,3.292959
oauth_plus_poia,target_object_substitution,188,403,0,0,0,scope_mismatch,scope_mismatch,1,2.556958
oauth_plus_poia,target_object_substitution,189,403,0,0,0,scope_mismatch,scope_mismatch,1,2.646541
oauth_plus_poia,target_object_substitution,190,403,0,0,0,scope_mismatch,scope_mismatch,1,3.176542
oauth_plus_poia,target_object_substitution,191,403,0,0,0,scope_mismatch,scope_mismatch,1,2.60575
oauth_plus_poia,target_object_substitution,192,403,0,0,0,scope_mismatch,scope_mismatch,1,2.481417
oauth_plus_poia,target_object_substitution,193,403,0,0,0,scope_mismatch,scope_mismatch,1,2.58125
oauth_plus_poia,target_object_substitution,194,403,0,0,0,scope_mismatch,scope_mismatch,1,2.680458
oauth_plus_poia,target_object_substitution,195,403,0,0,0,scope_mismatch,scope_mismatch,1,2.442125
oauth_plus_poia,target_object_substitution,196,403,0,0,0,scope_mismatch,scope_mismatch,1,2.609833
oauth_plus_poia,target_object_substitution,197,403,0,0,0,scope_mismatch,scope_mismatch,1,2.571584
oauth_plus_poia,target_object_substitution,198,403,0,0,0,scope_mismatch,scope_mismatch,1,2.502709
oauth_plus_poia,target_object_substitution,199,403,0,0,0,scope_mismatch,scope_mismatch,1,2.336958
oauth_plus_poia,scope_parameter_substitution,0,403,0,0,0,scope_mismatch,scope_mismatch,1,2.554542
oauth_plus_poia,scope_parameter_substitution,1,403,0,0,0,scope_mismatch,scope_mismatch,1,2.533458
oauth_plus_poia,scope_parameter_substitution,2,403,0,0,0,scope_mismatch,scope_mismatch,1,2.418792
oauth_plus_poia,scope_parameter_substitution,3,403,0,0,0,scope_mismatch,scope_mismatch,1,2.417208
oauth_plus_poia,scope_parameter_substitution,4,403,0,0,0,scope_mismatch,scope_mismatch,1,2.41425
oauth_plus_poia,scope_parameter_substitution,5,403,0,0,0,scope_mismatch,scope_mismatch,1,2.512917
oauth_plus_poia,scope_parameter_substitution,6,403,0,0,0,scope_mismatch,scope_mismatch,1,2.279542
oauth_plus_poia,scope_parameter_substitution,7,403,0,0,0,scope_mismatch,scope_mismatch,1,2.22625
oauth_plus_poia,scope_parameter_substitution,8,403,0,0,0,scope_mismatch,scope_mismatch,1,2.165583
oauth_plus_poia,scope_parameter_substitution,9,403,0,0,0,scope_mismatch,scope_mismatch,1,2.245
oauth_plus_poia,scope_parameter_substitution,10,403,0,0,0,scope_mismatch,scope_mismatch,1,2.221167
oauth_plus_poia,scope_parameter_substitution,11,403,0,0,0,scope_mismatch,scope_mismatch,1,2.27525
oauth_plus_poia,scope_parameter_substitution,12,403,0,0,0,scope_mismatch,scope_mismatch,1,2.33475
oauth_plus_poia,scope_parameter_substitution,13,403,0,0,0,scope_mismatch,scope_mismatch,1,2.171042
oauth_plus_poia,scope_parameter_substitution,14,403,0,0,0,scope_mismatch,scope_mismatch,1,2.211959
oauth_plus_poia,scope_parameter_substitution,15,403,0,0,0,scope_mismatch,scope_mismatch,1,2.256542
oauth_plus_poia,scope_parameter_substitution,16,403,0,0,0,scope_mismatch,scope_mismatch,1,2.437625
oauth_plus_poia,scope_parameter_substitution,17,403,0,0,0,scope_mismatch,scope_mismatch,1,2.279208
oauth_plus_poia,scope_parameter_substitution,18,403,0,0,0,scope_mismatch,scope_mismatch,1,2.464
oauth_plus_poia,scope_parameter_substitution,19,403,0,0,0,scope_mismatch,scope_mismatch,1,2.875666
oauth_plus_poia,scope_parameter_substitution,20,403,0,0,0,scope_mismatch,scope_mismatch,1,2.852167
oauth_plus_poia,scope_parameter_substitution,21,403,0,0,0,scope_mismatch,scope_mismatch,1,2.936333
oauth_plus_poia,scope_parameter_substitution,22,403,0,0,0,scope_mismatch,scope_mismatch,1,2.929666
oauth_plus_poia,scope_parameter_substitution,23,403,0,0,0,scope_mismatch,scope_mismatch,1,2.379083
oauth_plus_poia,scope_parameter_substitution,24,403,0,0,0,scope_mismatch,scope_mismatch,1,2.222
oauth_plus_poia,scope_parameter_substitution,25,403,0,0,0,scope_mismatch,scope_mismatch,1,2.17575
oauth_plus_poia,scope_parameter_substitution,26,403,0,0,0,scope_mismatch,scope_mismatch,1,2.293333
oauth_plus_poia,scope_parameter_substitution,27,403,0,0,0,scope_mismatch,scope_mismatch,1,2.455542
oauth_plus_poia,scope_parameter_substitution,28,403,0,0,0,scope_mismatch,scope_mismatch,1,2.356917
oauth_plus_poia,scope_parameter_substitution,29,403,0,0,0,scope_mismatch,scope_mismatch,1,2.346083
oauth_plus_poia,scope_parameter_substitution,30,403,0,0,0,scope_mismatch,scope_mismatch,1,2.167292
oauth_plus_poia,scope_parameter_substitution,31,403,0,0,0,scope_mismatch,scope_mismatch,1,2.169542
oauth_plus_poia,scope_parameter_substitution,32,403,0,0,0,scope_mismatch,scope_mismatch,1,2.289334
oauth_plus_poia,scope_parameter_substitution,33,403,0,0,0,scope_mismatch,scope_mismatch,1,2.115917
oauth_plus_poia,scope_parameter_substitution,34,403,0,0,0,scope_mismatch,scope_mismatch,1,2.3485
oauth_plus_poia,scope_parameter_substitution,35,403,0,0,0,scope_mismatch,scope_mismatch,1,2.301625
oauth_plus_poia,scope_parameter_substitution,36,403,0,0,0,scope_mismatch,scope_mismatch,1,2.237334
oauth_plus_poia,scope_parameter_substitution,37,403,0,0,0,scope_mismatch,scope_mismatch,1,2.335667
oauth_plus_poia,scope_parameter_substitution,38,403,0,0,0,scope_mismatch,scope_mismatch,1,2.288125
oauth_plus_poia,scope_parameter_substitution,39,403,0,0,0,scope_mismatch,scope_mismatch,1,2.269042
oauth_plus_poia,scope_parameter_substitution,40,403,0,0,0,scope_mismatch,scope_mismatch,1,2.429042
oauth_plus_poia,scope_parameter_substitution,41,403,0,0,0,scope_mismatch,scope_mismatch,1,2.241084
oauth_plus_poia,scope_parameter_substitution,42,403,0,0,0,scope_mismatch,scope_mismatch,1,2.406875
oauth_plus_poia,scope_parameter_substitution,43,403,0,0,0,scope_mismatch,scope_mismatch,1,2.2935
oauth_plus_poia,scope_parameter_substitution,44,403,0,0,0,scope_mismatch,scope_mismatch,1,2.354791
oauth_plus_poia,scope_parameter_substitution,45,403,0,0,0,scope_mismatch,scope_mismatch,1,2.361125
oauth_plus_poia,scope_parameter_substitution,46,403,0,0,0,scope_mismatch,scope_mismatch,1,2.698333
oauth_plus_poia,scope_parameter_substitution,47,403,0,0,0,scope_mismatch,scope_mismatch,1,2.350916
oauth_plus_poia,scope_parameter_substitution,48,403,0,0,0,scope_mismatch,scope_mismatch,1,2.302792
oauth_plus_poia,scope_parameter_substitution,49,403,0,0,0,scope_mismatch,scope_mismatch,1,2.318041
oauth_plus_poia,scope_parameter_substitution,50,403,0,0,0,scope_mismatch,scope_mismatch,1,2.255417
oauth_plus_poia,scope_parameter_substitution,51,403,0,0,0,scope_mismatch,scope_mismatch,1,2.267292
oauth_plus_poia,scope_parameter_substitution,52,403,0,0,0,scope_mismatch,scope_mismatch,1,2.285125
oauth_plus_poia,scope_parameter_substitution,53,403,0,0,0,scope_mismatch,scope_mismatch,1,2.232
oauth_plus_poia,scope_parameter_substitution,54,403,0,0,0,scope_mismatch,scope_mismatch,1,2.18725
oauth_plus_poia,scope_parameter_substitution,55,403,0,0,0,scope_mismatch,scope_mismatch,1,2.377375
oauth_plus_poia,scope_parameter_substitution,56,403,0,0,0,scope_mismatch,scope_mismatch,1,2.190875
oauth_plus_poia,scope_parameter_substitution,57,403,0,0,0,scope_mismatch,scope_mismatch,1,2.32525
oauth_plus_poia,scope_parameter_substitution,58,403,0,0,0,scope_mismatch,scope_mismatch,1,2.245625
oauth_plus_poia,scope_parameter_substitution,59,403,0,0,0,scope_mismatch,scope_mismatch,1,2.292
oauth_plus_poia,scope_parameter_substitution,60,403,0,0,0,scope_mismatch,scope_mismatch,1,2.33675
oauth_plus_poia,scope_parameter_substitution,61,403,0,0,0,scope_mismatch,scope_mismatch,1,2.292667
oauth_plus_poia,scope_parameter_substitution,62,403,0,0,0,scope_mismatch,scope_mismatch,1,2.246042
oauth_plus_poia,scope_parameter_substitution,63,403,0,0,0,scope_mismatch,scope_mismatch,1,2.302625
oauth_plus_poia,scope_parameter_substitution,64,403,0,0,0,scope_mismatch,scope_mismatch,1,2.395875
oauth_plus_poia,scope_parameter_substitution,65,403,0,0,0,scope_mismatch,scope_mismatch,1,2.342583
oauth_plus_poia,scope_parameter_substitution,66,403,0,0,0,scope_mismatch,scope_mismatch,1,2.330542
oauth_plus_poia,scope_parameter_substitution,67,403,0,0,0,scope_mismatch,scope_mismatch,1,2.395875
oauth_plus_poia,scope_parameter_substitution,68,403,0,0,0,scope_mismatch,scope_mismatch,1,2.477708
oauth_plus_poia,scope_parameter_substitution,69,403,0,0,0,scope_mismatch,scope_mismatch,1,2.39825
oauth_plus_poia,scope_parameter_substitution,70,403,0,0,0,scope_mismatch,scope_mismatch,1,2.166041
oauth_plus_poia,scope_parameter_substitution,71,403,0,0,0,scope_mismatch,scope_mismatch,1,2.283625
oauth_plus_poia,scope_parameter_substitution,72,403,0,0,0,scope_mismatch,scope_mismatch,1,2.434375
oauth_plus_poia,scope_parameter_substitution,73,403,0,0,0,scope_mismatch,scope_mismatch,1,2.26975
oauth_plus_poia,scope_parameter_substitution,74,403,0,0,0,scope_mismatch,scope_mismatch,1,2.331667
oauth_plus_poia,scope_parameter_substitution,75,403,0,0,0,scope_mismatch,scope_mismatch,1,2.372292
oauth_plus_poia,scope_parameter_substitution,76,403,0,0,0,scope_mismatch,scope_mismatch,1,2.307875
oauth_plus_poia,scope_parameter_substitution,77,403,0,0,0,scope_mismatch,scope_mismatch,1,2.348584
oauth_plus_poia,scope_parameter_substitution,78,403,0,0,0,scope_mismatch,scope_mismatch,1,2.322541
oauth_plus_poia,scope_parameter_substitution,79,403,0,0,0,scope_mismatch,scope_mismatch,1,2.382458
oauth_plus_poia,scope_parameter_substitution,80,403,0,0,0,scope_mismatch,scope_mismatch,1,2.301
oauth_plus_poia,scope_parameter_substitution,81,403,0,0,0,scope_mismatch,scope_mismatch,1,2.527875
oauth_plus_poia,scope_parameter_substitution,82,403,0,0,0,scope_mismatch,scope_mismatch,1,2.341458
oauth_plus_poia,scope_parameter_substitution,83,403,0,0,0,scope_mismatch,scope_mismatch,1,2.335708
oauth_plus_poia,scope_parameter_substitution,84,403,0,0,0,scope_mismatch,scope_mismatch,1,2.362792
oauth_plus_poia,scope_parameter_substitution,85,403,0,0,0,scope_mismatch,scope_mismatch,1,2.313125
oauth_plus_poia,scope_parameter_substitution,86,403,0,0,0,scope_mismatch,scope_mismatch,1,2.341083
oauth_plus_poia,scope_parameter_substitution,87,403,0,0,0,scope_mismatch,scope_mismatch,1,2.307708
oauth_plus_poia,scope_parameter_substitution,88,403,0,0,0,scope_mismatch,scope_mismatch,1,2.358416
oauth_plus_poia,scope_parameter_substitution,89,403,0,0,0,scope_mismatch,scope_mismatch,1,2.331292
oauth_plus_poia,scope_parameter_substitution,90,403,0,0,0,scope_mismatch,scope_mismatch,1,2.375291
oauth_plus_poia,scope_parameter_substitution,91,403,0,0,0,scope_mismatch,scope_mismatch,1,2.386667
oauth_plus_poia,scope_parameter_substitution,92,403,0,0,0,scope_mismatch,scope_mismatch,1,2.481833
oauth_plus_poia,scope_parameter_substitution,93,403,0,0,0,scope_mismatch,scope_mismatch,1,2.415291
oauth_plus_poia,scope_parameter_substitution,94,403,0,0,0,scope_mismatch,scope_mismatch,1,2.471583
oauth_plus_poia,scope_parameter_substitution,95,403,0,0,0,scope_mismatch,scope_mismatch,1,2.3115
oauth_plus_poia,scope_parameter_substitution,96,403,0,0,0,scope_mismatch,scope_mismatch,1,2.474959
oauth_plus_poia,scope_parameter_substitution,97,403,0,0,0,scope_mismatch,scope_mismatch,1,2.286625
oauth_plus_poia,scope_parameter_substitution,98,403,0,0,0,scope_mismatch,scope_mismatch,1,2.228666
oauth_plus_poia,scope_parameter_substitution,99,403,0,0,0,scope_mismatch,scope_mismatch,1,2.19875
oauth_plus_poia,scope_parameter_substitution,100,403,0,0,0,scope_mismatch,scope_mismatch,1,2.323
oauth_plus_poia,scope_parameter_substitution,101,403,0,0,0,scope_mismatch,scope_mismatch,1,2.412125
oauth_plus_poia,scope_parameter_substitution,102,403,0,0,0,scope_mismatch,scope_mismatch,1,2.418084
oauth_plus_poia,scope_parameter_substitution,103,403,0,0,0,scope_mismatch,scope_mismatch,1,2.592459
oauth_plus_poia,scope_parameter_substitution,104,403,0,0,0,scope_mismatch,scope_mismatch,1,2.659959
oauth_plus_poia,scope_parameter_substitution,105,403,0,0,0,scope_mismatch,scope_mismatch,1,2.932291
oauth_plus_poia,scope_parameter_substitution,106,403,0,0,0,scope_mismatch,scope_mismatch,1,2.525791
oauth_plus_poia,scope_parameter_substitution,107,403,0,0,0,scope_mismatch,scope_mismatch,1,2.525541
oauth_plus_poia,scope_parameter_substitution,108,403,0,0,0,scope_mismatch,scope_mismatch,1,2.444167
oauth_plus_poia,scope_parameter_substitution,109,403,0,0,0,scope_mismatch,scope_mismatch,1,2.856833
oauth_plus_poia,scope_parameter_substitution,110,403,0,0,0,scope_mismatch,scope_mismatch,1,2.664792
oauth_plus_poia,scope_parameter_substitution,111,403,0,0,0,scope_mismatch,scope_mismatch,1,2.99375
oauth_plus_poia,scope_parameter_substitution,112,403,0,0,0,scope_mismatch,scope_mismatch,1,2.666084
oauth_plus_poia,scope_parameter_substitution,113,403,0,0,0,scope_mismatch,scope_mismatch,1,2.682834
oauth_plus_poia,scope_parameter_substitution,114,403,0,0,0,scope_mismatch,scope_mismatch,1,2.544333
oauth_plus_poia,scope_parameter_substitution,115,403,0,0,0,scope_mismatch,scope_mismatch,1,2.49175
oauth_plus_poia,scope_parameter_substitution,116,403,0,0,0,scope_mismatch,scope_mismatch,1,2.760625
oauth_plus_poia,scope_parameter_substitution,117,403,0,0,0,scope_mismatch,scope_mismatch,1,2.466958
oauth_plus_poia,scope_parameter_substitution,118,403,0,0,0,scope_mismatch,scope_mismatch,1,2.475042
oauth_plus_poia,scope_parameter_substitution,119,403,0,0,0,scope_mismatch,scope_mismatch,1,2.507708
oauth_plus_poia,scope_parameter_substitution,120,403,0,0,0,scope_mismatch,scope_mismatch,1,2.500833
oauth_plus_poia,scope_parameter_substitution,121,403,0,0,0,scope_mismatch,scope_mismatch,1,2.77125
oauth_plus_poia,scope_parameter_substitution,122,403,0,0,0,scope_mismatch,scope_mismatch,1,2.528458
oauth_plus_poia,scope_parameter_substitution,123,403,0,0,0,scope_mismatch,scope_mismatch,1,2.787958
oauth_plus_poia,scope_parameter_substitution,124,403,0,0,0,scope_mismatch,scope_mismatch,1,2.612125
oauth_plus_poia,scope_parameter_substitution,125,403,0,0,0,scope_mismatch,scope_mismatch,1,2.732792
oauth_plus_poia,scope_parameter_substitution,126,403,0,0,0,scope_mismatch,scope_mismatch,1,2.413459
oauth_plus_poia,scope_parameter_substitution,127,403,0,0,0,scope_mismatch,scope_mismatch,1,2.403084
oauth_plus_poia,scope_parameter_substitution,128,403,0,0,0,scope_mismatch,scope_mismatch,1,2.393541
oauth_plus_poia,scope_parameter_substitution,129,403,0,0,0,scope_mismatch,scope_mismatch,1,2.307459
oauth_plus_poia,scope_parameter_substitution,130,403,0,0,0,scope_mismatch,scope_mismatch,1,2.244666
oauth_plus_poia,scope_parameter_substitution,131,403,0,0,0,scope_mismatch,scope_mismatch,1,2.393
oauth_plus_poia,scope_parameter_substitution,132,403,0,0,0,scope_mismatch,scope_mismatch,1,2.24125
oauth_plus_poia,scope_parameter_substitution,133,403,0,0,0,scope_mismatch,scope_mismatch,1,2.277125
oauth_plus_poia,scope_parameter_substitution,134,403,0,0,0,scope_mismatch,scope_mismatch,1,2.292666
oauth_plus_poia,scope_parameter_substitution,135,403,0,0,0,scope_mismatch,scope_mismatch,1,2.291292
oauth_plus_poia,scope_parameter_substitution,136,403,0,0,0,scope_mismatch,scope_mismatch,1,2.318208
oauth_plus_poia,scope_parameter_substitution,137,403,0,0,0,scope_mismatch,scope_mismatch,1,2.214333
oauth_plus_poia,scope_parameter_substitution,138,403,0,0,0,scope_mismatch,scope_mismatch,1,2.266875
oauth_plus_poia,scope_parameter_substitution,139,403,0,0,0,scope_mismatch,scope_mismatch,1,2.23775
oauth_plus_poia,scope_parameter_substitution,140,403,0,0,0,scope_mismatch,scope_mismatch,1,2.201416
oauth_plus_poia,scope_parameter_substitution,141,403,0,0,0,scope_mismatch,scope_mismatch,1,2.224292
oauth_plus_poia,scope_parameter_substitution,142,403,0,0,0,scope_mismatch,scope_mismatch,1,2.216125
oauth_plus_poia,scope_parameter_substitution,143,403,0,0,0,scope_mismatch,scope_mismatch,1,2.368291
oauth_plus_poia,scope_parameter_substitution,144,403,0,0,0,scope_mismatch,scope_mismatch,1,2.6025
oauth_plus_poia,scope_parameter_substitution,145,403,0,0,0,scope_mismatch,scope_mismatch,1,2.191208
oauth_plus_poia,scope_parameter_substitution,146,403,0,0,0,scope_mismatch,scope_mismatch,1,2.234833
oauth_plus_poia,scope_parameter_substitution,147,403,0,0,0,scope_mismatch,scope_mismatch,1,2.126542
oauth_plus_poia,scope_parameter_substitution,148,403,0,0,0,scope_mismatch,scope_mismatch,1,2.300375
oauth_plus_poia,scope_parameter_substitution,149,403,0,0,0,scope_mismatch,scope_mismatch,1,2.210959
oauth_plus_poia,scope_parameter_substitution,150,403,0,0,0,scope_mismatch,scope_mismatch,1,2.219375
oauth_plus_poia,scope_parameter_substitution,151,403,0,0,0,scope_mismatch,scope_mismatch,1,2.377042
oauth_plus_poia,scope_parameter_substitution,152,403,0,0,0,scope_mismatch,scope_mismatch,1,2.305791
oauth_plus_poia,scope_parameter_substitution,153,403,0,0,0,scope_mismatch,scope_mismatch,1,2.228042
oauth_plus_poia,scope_parameter_substitution,154,403,0,0,0,scope_mismatch,scope_mismatch,1,2.225667
oauth_plus_poia,scope_parameter_substitution,155,403,0,0,0,scope_mismatch,scope_mismatch,1,2.298708
oauth_plus_poia,scope_parameter_substitution,156,403,0,0,0,scope_mismatch,scope_mismatch,1,2.2205
oauth_plus_poia,scope_parameter_substitution,157,403,0,0,0,scope_mismatch,scope_mismatch,1,2.378709
oauth_plus_poia,scope_parameter_substitution,158,403,0,0,0,scope_mismatch,scope_mismatch,1,2.360042
oauth_plus_poia,scope_parameter_substitution,159,403,0,0,0,scope_mismatch,scope_mismatch,1,2.326333
oauth_plus_poia,scope_parameter_substitution,160,403,0,0,0,scope_mismatch,scope_mismatch,1,2.290959
oauth_plus_poia,scope_parameter_substitution,161,403,0,0,0,scope_mismatch,scope_mismatch,1,2.365167
oauth_plus_poia,scope_parameter_substitution,162,403,0,0,0,scope_mismatch,scope_mismatch,1,2.2765
oauth_plus_poia,scope_parameter_substitution,163,403,0,0,0,scope_mismatch,scope_mismatch,1,2.256584
oauth_plus_poia,scope_parameter_substitution,164,403,0,0,0,scope_mismatch,scope_mismatch,1,2.37775
oauth_plus_poia,scope_parameter_substitution,165,403,0,0,0,scope_mismatch,scope_mismatch,1,2.242708
oauth_plus_poia,scope_parameter_substitution,166,403,0,0,0,scope_mismatch,scope_mismatch,1,2.30175
oauth_plus_poia,scope_parameter_substitution,167,403,0,0,0,scope_mismatch,scope_mismatch,1,2.330625
oauth_plus_poia,scope_parameter_substitution,168,403,0,0,0,scope_mismatch,scope_mismatch,1,2.233458
oauth_plus_poia,scope_parameter_substitution,169,403,0,0,0,scope_mismatch,scope_mismatch,1,2.371125
oauth_plus_poia,scope_parameter_substitution,170,403,0,0,0,scope_mismatch,scope_mismatch,1,2.361416
oauth_plus_poia,scope_parameter_substitution,171,403,0,0,0,scope_mismatch,scope_mismatch,1,2.373833
oauth_plus_poia,scope_parameter_substitution,172,403,0,0,0,scope_mismatch,scope_mismatch,1,2.30825
oauth_plus_poia,scope_parameter_substitution,173,403,0,0,0,scope_mismatch,scope_mismatch,1,2.293125
oauth_plus_poia,scope_parameter_substitution,174,403,0,0,0,scope_mismatch,scope_mismatch,1,2.2395
oauth_plus_poia,scope_parameter_substitution,175,403,0,0,0,scope_mismatch,scope_mismatch,1,2.261041
oauth_plus_poia,scope_parameter_substitution,176,403,0,0,0,scope_mismatch,scope_mismatch,1,2.261375
oauth_plus_poia,scope_parameter_substitution,177,403,0,0,0,scope_mismatch,scope_mismatch,1,2.287416
oauth_plus_poia,scope_parameter_substitution,178,403,0,0,0,scope_mismatch,scope_mismatch,1,2.384542
oauth_plus_poia,scope_parameter_substitution,179,403,0,0,0,scope_mismatch,scope_mismatch,1,2.326042
oauth_plus_poia,scope_parameter_substitution,180,403,0,0,0,scope_mismatch,scope_mismatch,1,2.378125
oauth_plus_poia,scope_parameter_substitution,181,403,0,0,0,scope_mismatch,scope_mismatch,1,2.24375
oauth_plus_poia,scope_parameter_substitution,182,403,0,0,0,scope_mismatch,scope_mismatch,1,2.188042
oauth_plus_poia,scope_parameter_substitution,183,403,0,0,0,scope_mismatch,scope_mismatch,1,2.197709
oauth_plus_poia,scope_parameter_substitution,184,403,0,0,0,scope_mismatch,scope_mismatch,1,2.149208
oauth_plus_poia,scope_parameter_substitution,185,403,0,0,0,scope_mismatch,scope_mismatch,1,2.386708
oauth_plus_poia,scope_parameter_substitution,186,403,0,0,0,scope_mismatch,scope_mismatch,1,2.330083
oauth_plus_poia,scope_parameter_substitution,187,403,0,0,0,scope_mismatch,scope_mismatch,1,2.193667
oauth_plus_poia,scope_parameter_substitution,188,403,0,0,0,scope_mismatch,scope_mismatch,1,2.331417
oauth_plus_poia,scope_parameter_substitution,189,403,0,0,0,scope_mismatch,scope_mismatch,1,2.298166
oauth_plus_poia,scope_parameter_substitution,190,403,0,0,0,scope_mismatch,scope_mismatch,1,2.225625
oauth_plus_poia,scope_parameter_substitution,191,403,0,0,0,scope_mismatch,scope_mismatch,1,2.282
oauth_plus_poia,scope_parameter_substitution,192,403,0,0,0,scope_mismatch,scope_mismatch,1,2.396041
oauth_plus_poia,scope_parameter_substitution,193,403,0,0,0,scope_mismatch,scope_mismatch,1,2.379792
oauth_plus_poia,scope_parameter_substitution,194,403,0,0,0,scope_mismatch,scope_mismatch,1,2.39075
oauth_plus_poia,scope_parameter_substitution,195,403,0,0,0,scope_mismatch,scope_mismatch,1,2.257917
oauth_plus_poia,scope_parameter_substitution,196,403,0,0,0,scope_mismatch,scope_mismatch,1,2.370666
oauth_plus_poia,scope_parameter_substitution,197,403,0,0,0,scope_mismatch,scope_mismatch,1,2.368375
oauth_plus_poia,scope_parameter_substitution,198,403,0,0,0,scope_mismatch,scope_mismatch,1,2.313959
oauth_plus_poia,scope_parameter_substitution,199,403,0,0,0,scope_mismatch,scope_mismatch,1,2.223834
