server_ts,event,intent_id,user_id,rp_id,action,status,reason,method,latency_ms,created_at,expires_at,client_ts,scenario,payload_json
1789037289,intent_created,FqqAkFz5psun0D_z,14,poia-demo-bank,deposit,pending,,,,1789037289,1789037349,,,"{""scope"": {""account_id"": 25, ""amount"": 754.0, ""currency"": ""USD""}}"
1789037289,zt_auto_start,FqqAkFz5psun0D_z,14,poia-demo-bank,,,,zt_authenticator,,,,1789037289.407,,"{""scenario"": """", ""client_ts"": 1789037289.407}"
1789037289,intent_loaded,FqqAkFz5psun0D_z,14,poia-demo-bank,,,,zt_authenticator,,,,1789037289.406,,"{""scenario"": """", ""client_ts"": 1789037289.406}"
1789037289,pending_served,FqqAkFz5psun0D_z,14,poia-demo-bank,deposit,pending,,zt_authenticator,,1789037289,1789037349,,,
1789037292,pending_served,FqqAkFz5psun0D_z,14,poia-demo-bank,deposit,pending,,zt_authenticator,,1789037289,1789037349,,,
1789037297,intent_approve,FqqAkFz5psun0D_z,14,poia-demo-bank,deposit,approved,,zt_authenticator,8457,1789037289,1789037349,,,
1789037298,zt_status_approved,FqqAkFz5psun0D_z,14,poia-demo-bank,,approved,,zt_authenticator,,,,1789037298.594,,"{""scenario"": """", ""client_ts"": 1789037298.594, ""status"": ""approved""}"
1789037298,intent_execute,FqqAkFz5psun0D_z,14,poia-demo-bank,deposit,approved,,,,1789037289,1789037349,,,
1789037324,intent_created,20T6y0o-jwiKrv-N,14,poia-demo-bank,deposit,pending,,,,1789037324,1789037384,,,"{""scope"": {""account_id"": 25, ""amount"": 764.0, ""currency"": ""USD""}}"
1789037324,intent_loaded,20T6y0o-jwiKrv-N,14,poia-demo-bank,,,,webauthn,,,,1789037324.361,,"{""scenario"": """", ""client_ts"": 1789037324.361}"
1789037324,passkey_begin,20T6y0o-jwiKrv-N,14,poia-demo-bank,deposit,ok,,webauthn,,1789037324,1789037384,,,
1789037329,intent_created,x6cr5Wjt6BKFMjmB,28,poia-demo-bank,deposit,pending,,,,1789037329,1789037389,,,"{""scope"": {""account_id"": 43, ""amount"": 300.0, ""currency"": ""USD""}}"
1789037329,zt_auto_start,x6cr5Wjt6BKFMjmB,28,poia-demo-bank,,,,zt_authenticator,,,,1789037329.383,,"{""scenario"": """", ""client_ts"": 1789037329.383}"
1789037329,intent_loaded,x6cr5Wjt6BKFMjmB,28,poia-demo-bank,,,,zt_authenticator,,,,1789037329.383,,"{""scenario"": """", ""client_ts"": 1789037329.383}"
1789037329,pending_served,x6cr5Wjt6BKFMjmB,28,poia-demo-bank,deposit,pending,,zt_authenticator,,1789037329,1789037389,,,
1789037331,passkey_assertion,20T6y0o-jwiKrv-N,14,poia-demo-bank,,,,webauthn,,,,1789037331.211,,"{""scenario"": """", ""client_ts"": 1789037331.211}"
1789037331,passkey_complete,20T6y0o-jwiKrv-N,14,poia-demo-bank,deposit,approved,,webauthn,6954,1789037324,1789037384,,,
1789037331,approval_success,20T6y0o-jwiKrv-N,14,poia-demo-bank,,approved,,webauthn,,,,1789037331.318,,"{""scenario"": """", ""client_ts"": 1789037331.318, ""status"": ""approved""}"
1789037331,intent_execute,20T6y0o-jwiKrv-N,14,poia-demo-bank,deposit,approved,,,,1789037324,1789037384,,,
1789037331,pending_served,x6cr5Wjt6BKFMjmB,28,poia-demo-bank,deposit,pending,,zt_authenticator,,1789037329,1789037389,,,
1789037348,intent_approve,x6cr5Wjt6BKFMjmB,28,poia-demo-bank,deposit,approved,,zt_authenticator,18770,1789037329,1789037389,,,
1789037348,zt_status_approved,x6cr5Wjt6BKFMjmB,28,poia-demo-bank,,approved,,zt_authenticator,,,,1789037348.52,,"{""scenario"": """", ""client_ts"": 1789037348.52, ""status"": ""approved""}"
1789037348,intent_execute,x6cr5Wjt6BKFMjmB,28,poia-demo-bank,deposit,approved,,,,1789037329,1789037389,,,
1789037398,intent_created,59VIYNjFtVenHw_f,28,poia-demo-bank,withdrawal,pending,,,,1789037398,1789037458,,,"{""scope"": {""account_id"": 43, ""amount"": 7.0, ""currency"": ""USD""}}"
1789037399,zt_auto_start,59VIYNjFtVenHw_f,28,poia-demo-bank,,,,zt_authenticator,,,,1789037398.995,,"{""scenario"": """", ""client_ts"": 1789037398.995}"
1789037399,intent_loaded,59VIYNjFtVenHw_f,28,poia-demo-bank,,,,zt_authenticator,,,,1789037398.994,,"{""scenario"": """", ""client_ts"": 1789037398.994}"
1789037400,pending_served,59VIYNjFtVenHw_f,28,poia-demo-bank,withdrawal,pending,,zt_authenticator,,1789037398,1789037458,,,
1789037400,pending_served,59VIYNjFtVenHw_f,28,poia-demo-bank,withdrawal,pending,,zt_authenticator,,1789037398,1789037458,,,
1789037407,intent_approve,59VIYNjFtVenHw_f,28,poia-demo-bank,withdrawal,approved,,zt_authenticator,9008,1789037398,1789037458,,,
1789037408,zt_status_approved,59VIYNjFtVenHw_f,28,poia-demo-bank,,approved,,zt_authenticator,,,,1789037408.304,,"{""scenario"": """", ""client_ts"": 1789037408.304, ""status"": ""approved""}"
1789037408,intent_execute,59VIYNjFtVenHw_f,28,poia-demo-bank,withdrawal,approved,,,,1789037398,1789037458,,,
1789037482,intent_created,Z3iS4qVdA1JymP2B,28,poia-demo-bank,beneficiary_add,pending,,,,1789037482,1789037542,,,"{""scope"": {""name"": ""Dingena Zwart"", ""bank"": ""van Lanschot-Kempen"", ""account_number"": ""563982836492""}}"
1789037482,intent_loaded,Z3iS4qVdA1JymP2B,28,poia-demo-bank,,,,zt_authenticator,,,,1789037482.816,,"{""scenario"": """", ""client_ts"": 1789037482.816}"
1789037482,zt_auto_start,Z3iS4qVdA1JymP2B,28,poia-demo-bank,,,,zt_authenticator,,,,1789037482.816,,"{""scenario"": """", ""client_ts"": 1789037482.816}"
1789037482,pending_served,Z3iS4qVdA1JymP2B,28,poia-demo-bank,beneficiary_add,pending,,zt_authenticator,,1789037482,1789037542,,,
1789037486,pending_served,Z3iS4qVdA1JymP2B,28,poia-demo-bank,beneficiary_add,pending,,zt_authenticator,,1789037482,1789037542,,,
1789037490,intent_approve,Z3iS4qVdA1JymP2B,28,poia-demo-bank,beneficiary_add,approved,,zt_authenticator,8089,1789037482,1789037542,,,
1789037492,zt_status_approved,Z3iS4qVdA1JymP2B,28,poia-demo-bank,,approved,,zt_authenticator,,,,1789037492.173,,"{""scenario"": """", ""client_ts"": 1789037492.173, ""status"": ""approved""}"
1789037492,intent_execute,Z3iS4qVdA1JymP2B,28,poia-demo-bank,beneficiary_add,approved,,,,1789037482,1789037542,,,
1789037515,intent_created,7pRnbQaLXij0KJT5,28,poia-demo-bank,deposit,pending,,,,1789037515,1789037575,,,"{""scope"": {""account_id"": 43, ""amount"": 800.0, ""currency"": ""USD""}}"
1789037515,zt_auto_start,7pRnbQaLXij0KJT5,28,poia-demo-bank,,,,zt_authenticator,,,,1789037515.384,,"{""scenario"": """", ""client_ts"": 1789037515.384}"
1789037515,intent_loaded,7pRnbQaLXij0KJT5,28,poia-demo-bank,,,,zt_authenticator,,,,1789037515.384,,"{""scenario"": """", ""client_ts"": 1789037515.384}"
1789037516,pending_served,7pRnbQaLXij0KJT5,28,poia-demo-bank,deposit,pending,,zt_authenticator,,1789037515,1789037575,,,
1789037516,pending_served,7pRnbQaLXij0KJT5,28,poia-demo-bank,deposit,pending,,zt_authenticator,,1789037515,1789037575,,,
1789037518,intent_approve,7pRnbQaLXij0KJT5,28,poia-demo-bank,deposit,approved,,zt_authenticator,3179,1789037515,1789037575,,,
1789037519,zt_status_approved,7pRnbQaLXij0KJT5,28,poia-demo-bank,,approved,,zt_authenticator,,,,1789037519.597,,"{""scenario"": """", ""client_ts"": 1789037519.597, ""status"": ""approved""}"
1789037519,intent_execute,7pRnbQaLXij0KJT5,28,poia-demo-bank,deposit,approved,,,,1789037515,1789037575,,,
1789037534,intent_created,KVNx5ryIjvj5ES6D,28,poia-demo-bank,transfer,pending,,,,1789037534,1789037594,,,"{""scope"": {""from_account"": 43, ""amount"": 80.0, ""currency"": ""USD"", ""beneficiary_id"": 28, ""beneficiary_name"": ""Dingena Zwart""}}"
1789037535,zt_auto_start,KVNx5ryIjvj5ES6D,28,poia-demo-bank,,,,zt_authenticator,,,,1789037535.22,,"{""scenario"": """", ""client_ts"": 1789037535.22}"
1789037535,intent_loaded,KVNx5ryIjvj5ES6D,28,poia-demo-bank,,,,zt_authenticator,,,,1789037535.22,,"{""scenario"": """", ""client_ts"": 1789037535.22}"
1789037536,pending_served,KVNx5ryIjvj5ES6D,28,poia-demo-bank,transfer,pending,,zt_authenticator,,1789037534,1789037594,,,
1789037540,pending_served,KVNx5ryIjvj5ES6D,28,poia-demo-bank,transfer,pending,,zt_authenticator,,1789037534,1789037594,,,
1789037543,intent_approve,KVNx5ryIjvj5ES6D,28,poia-demo-bank,transfer,approved,,zt_authenticator,8880,1789037534,1789037594,,,
1789037544,zt_status_approved,KVNx5ryIjvj5ES6D,28,poia-demo-bank,,approved,,zt_authenticator,,,,1789037544.094,,"{""scenario"": """", ""client_ts"": 1789037544.094, ""status"": ""approved""}"
1789037544,intent_execute,KVNx5ryIjvj5ES6D,28,poia-demo-bank,transfer,approved,,,,1789037534,1789037594,,,
1789037561,intent_created,itSGvb6GkkATe4BE,14,poia-demo-bank,transfer,pending,,,,1789037561,1789037621,,,"{""scope"": {""from_account"": 25, ""amount"": 64.0, ""currency"": ""USD"", ""beneficiary_id"": 11, ""beneficiary_name"": ""Murembo""}}"
1789037561,intent_loaded,itSGvb6GkkATe4BE,14,poia-demo-bank,,,,webauthn,,,,1789037561.814,,"{""scenario"": """", ""client_ts"": 1789037561.814}"
1789037561,passkey_begin,itSGvb6GkkATe4BE,14,poia-demo-bank,transfer,ok,,webauthn,,1789037561,1789037621,,,
1789037568,passkey_assertion,itSGvb6GkkATe4BE,14,poia-demo-bank,,,,webauthn,,,,1789037568.662,,"{""scenario"": """", ""client_ts"": 1789037568.662}"
1789037568,passkey_complete,itSGvb6GkkATe4BE,14,poia-demo-bank,transfer,approved,,webauthn,6925,1789037561,1789037621,,,
1789037568,approval_success,itSGvb6GkkATe4BE,14,poia-demo-bank,,approved,,webauthn,,,,1789037568.696,,"{""scenario"": """", ""client_ts"": 1789037568.696, ""status"": ""approved""}"
1789037568,intent_execute,itSGvb6GkkATe4BE,14,poia-demo-bank,transfer,approved,,,,1789037561,1789037621,,,
1789037580,intent_created,NPmGRJIMab2w7VD4,14,poia-demo-bank,transfer,pending,,,,1789037580,1789037640,,,"{""scope"": {""from_account"": 25, ""amount"": 7978.0, ""currency"": ""USD"", ""beneficiary_id"": 13, ""beneficiary_name"": ""Pedro""}}"
1789037580,intent_loaded,NPmGRJIMab2w7VD4,14,poia-demo-bank,,,,webauthn,,,,1789037580.088,,"{""scenario"": """", ""client_ts"": 1789037580.088}"
1789037580,passkey_begin,NPmGRJIMab2w7VD4,14,poia-demo-bank,transfer,ok,,webauthn,,1789037580,1789037640,,,
1789037587,intent_created,CgV6pe_sQNplmLLv,28,poia-demo-bank,beneficiary_add,pending,,,,1789037587,1789037647,,,"{""scope"": {""name"": ""Joke Zwart"", ""bank"": ""De bank voor Oudjes"", ""account_number"": ""63927483020292736""}}"
1789037587,zt_auto_start,CgV6pe_sQNplmLLv,28,poia-demo-bank,,,,zt_authenticator,,,,1789037587.835,,"{""scenario"": """", ""client_ts"": 1789037587.835}"
1789037587,intent_loaded,CgV6pe_sQNplmLLv,28,poia-demo-bank,,,,zt_authenticator,,,,1789037587.835,,"{""scenario"": """", ""client_ts"": 1789037587.835}"
1789037587,pending_served,CgV6pe_sQNplmLLv,28,poia-demo-bank,beneficiary_add,pending,,zt_authenticator,,1789037587,1789037647,,,
1789037588,passkey_assertion,NPmGRJIMab2w7VD4,14,poia-demo-bank,,,,webauthn,,,,1789037588.059,,"{""scenario"": """", ""client_ts"": 1789037588.059}"
1789037588,passkey_complete,NPmGRJIMab2w7VD4,14,poia-demo-bank,transfer,approved,,webauthn,8039,1789037580,1789037640,,,
1789037588,approval_success,NPmGRJIMab2w7VD4,14,poia-demo-bank,,approved,,webauthn,,,,1789037588.093,,"{""scenario"": """", ""client_ts"": 1789037588.093, ""status"": ""approved""}"
1789037588,intent_execute,NPmGRJIMab2w7VD4,14,poia-demo-bank,transfer,approved,,,,1789037580,1789037640,,,
1789037592,pending_served,CgV6pe_sQNplmLLv,28,poia-demo-bank,beneficiary_add,pending,,zt_authenticator,,1789037587,1789037647,,,
1789037594,intent_created,BiCT8rqLJgarfSKT,14,poia-demo-bank,transfer,pending,,,,1789037594,1789037654,,,"{""scope"": {""from_account"": 25, ""amount"": 346.0, ""currency"": ""USD"", ""beneficiary_id"": 11, ""beneficiary_name"": ""Murembo""}}"
1789037594,intent_loaded,BiCT8rqLJgarfSKT,14,poia-demo-bank,,,,webauthn,,,,1789037594.471,,"{""scenario"": """", ""client_ts"": 1789037594.471}"
1789037594,passkey_begin,BiCT8rqLJgarfSKT,14,poia-demo-bank,transfer,ok,,webauthn,,1789037594,1789037654,,,
1789037595,intent_approve,CgV6pe_sQNplmLLv,28,poia-demo-bank,beneficiary_add,approved,,zt_authenticator,7970,1789037587,1789037647,,,
1789037596,zt_status_approved,CgV6pe_sQNplmLLv,28,poia-demo-bank,,approved,,zt_authenticator,,,,1789037595.976,,"{""scenario"": """", ""client_ts"": 1789037595.976, ""status"": ""approved""}"
1789037596,intent_execute,CgV6pe_sQNplmLLv,28,poia-demo-bank,beneficiary_add,approved,,,,1789037587,1789037647,,,
1789037600,passkey_assertion,BiCT8rqLJgarfSKT,14,poia-demo-bank,,,,webauthn,,,,1789037600.73,,"{""scenario"": """", ""client_ts"": 1789037600.73}"
1789037600,passkey_complete,BiCT8rqLJgarfSKT,14,poia-demo-bank,transfer,approved,,webauthn,6325,1789037594,1789037654,,,
1789037600,approval_success,BiCT8rqLJgarfSKT,14,poia-demo-bank,,approved,,webauthn,,,,1789037600.759,,"{""scenario"": """", ""client_ts"": 1789037600.759, ""status"": ""approved""}"
1789037600,intent_execute,BiCT8rqLJgarfSKT,14,poia-demo-bank,transfer,approved,,,,1789037594,1789037654,,,
1789037608,intent_created,5zuF_LGzg-Bcj7C2,28,poia-demo-bank,transfer,pending,,,,1789037608,1789037668,,,"{""scope"": {""from_account"": 43, ""amount"": 70.0, ""currency"": ""USD"", ""beneficiary_id"": 29, ""beneficiary_name"": ""Joke Zwart""}}"
1789037608,zt_auto_start,5zuF_LGzg-Bcj7C2,28,poia-demo-bank,,,,zt_authenticator,,,,1789037608.654,,"{""scenario"": """", ""client_ts"": 1789037608.654}"
1789037608,intent_loaded,5zuF_LGzg-Bcj7C2,28,poia-demo-bank,,,,zt_authenticator,,,,1789037608.654,,"{""scenario"": """", ""client_ts"": 1789037608.654}"
1789037608,pending_served,5zuF_LGzg-Bcj7C2,28,poia-demo-bank,transfer,pending,,zt_authenticator,,1789037608,1789037668,,,
1789037612,pending_served,5zuF_LGzg-Bcj7C2,28,poia-demo-bank,transfer,pending,,zt_authenticator,,1789037608,1789037668,,,
1789037615,intent_created,izW7Xnv6A3Q54aQz,14,poia-demo-bank,transfer,pending,,,,1789037615,1789037675,,,"{""scope"": {""from_account"": 25, ""amount"": 422.0, ""currency"": ""USD"", ""beneficiary_id"": 16, ""beneficiary_name"": ""Nona""}}"
1789037615,intent_loaded,izW7Xnv6A3Q54aQz,14,poia-demo-bank,,,,webauthn,,,,1789037615.238,,"{""scenario"": """", ""client_ts"": 1789037615.238}"
1789037615,passkey_begin,izW7Xnv6A3Q54aQz,14,poia-demo-bank,transfer,ok,,webauthn,,1789037615,1789037675,,,
1789037618,intent_approve,5zuF_LGzg-Bcj7C2,28,poia-demo-bank,transfer,approved,,zt_authenticator,9797,1789037608,1789037668,,,
1789037619,zt_status_approved,5zuF_LGzg-Bcj7C2,28,poia-demo-bank,,approved,,zt_authenticator,,,,1789037619.583,,"{""scenario"": """", ""client_ts"": 1789037619.583, ""status"": ""approved""}"
1789037619,intent_execute,5zuF_LGzg-Bcj7C2,28,poia-demo-bank,transfer,approved,,,,1789037608,1789037668,,,
1789037620,passkey_assertion,izW7Xnv6A3Q54aQz,14,poia-demo-bank,,,,webauthn,,,,1789037620.621,,"{""scenario"": """", ""client_ts"": 1789037620.621}"
1789037620,passkey_complete,izW7Xnv6A3Q54aQz,14,poia-demo-bank,transfer,approved,,webauthn,5447,1789037615,1789037675,,,
1789037620,approval_success,izW7Xnv6A3Q54aQz,14,poia-demo-bank,,approved,,webauthn,,,,1789037620.649,,"{""scenario"": """", ""client_ts"": 1789037620.649, ""status"": ""approved""}"
1789037620,intent_execute,izW7Xnv6A3Q54aQz,14,poia-demo-bank,transfer,approved,,,,1789037615,1789037675,,,
1789037625,intent_created,p-EZYdocrsGjbDKq,28,poia-demo-bank,transfer,pending,,,,1789037625,1789037685,,,"{""scope"": {""from_account"": 43, ""amount"": 8000.0, ""currency"": ""USD"", ""beneficiary_id"": 22, ""beneficiary_name"": ""JJM Hofstede""}}"
1789037625,zt_auto_start,p-EZYdocrsGjbDKq,28,poia-demo-bank,,,,zt_authenticator,,,,1789037625.464,,"{""scenario"": """", ""client_ts"": 1789037625.464}"
1789037625,intent_loaded,p-EZYdocrsGjbDKq,28,poia-demo-bank,,,,zt_authenticator,,,,1789037625.464,,"{""scenario"": """", ""client_ts"": 1789037625.464}"
1789037625,pending_served,p-EZYdocrsGjbDKq,28,poia-demo-bank,transfer,pending,,zt_authenticator,,1789037625,1789037685,,,
1789037628,pending_served,p-EZYdocrsGjbDKq,28,poia-demo-bank,transfer,pending,,zt_authenticator,,1789037625,1789037685,,,
1789037629,intent_approve,p-EZYdocrsGjbDKq,28,poia-demo-bank,transfer,approved,,zt_authenticator,4471,1789037625,1789037685,,,
1789037630,zt_status_approved,p-EZYdocrsGjbDKq,28,poia-demo-bank,,approved,,zt_authenticator,,,,1789037630.216,,"{""scenario"": """", ""client_ts"": 1789037630.216, ""status"": ""approved""}"
1789037630,intent_execute,p-EZYdocrsGjbDKq,28,poia-demo-bank,transfer,approved,,,,1789037625,1789037685,,,
1789037633,intent_created,NFeVFvHpPWb-TTvG,14,poia-demo-bank,deposit,pending,,,,1789037633,1789037693,,,"{""scope"": {""account_id"": 25, ""amount"": 684.0, ""currency"": ""USD""}}"
1789037633,intent_loaded,NFeVFvHpPWb-TTvG,14,poia-demo-bank,,,,webauthn,,,,1789037633.83,,"{""scenario"": """", ""client_ts"": 1789037633.83}"
1789037633,passkey_begin,NFeVFvHpPWb-TTvG,14,poia-demo-bank,deposit,ok,,webauthn,,1789037633,1789037693,,,
1789037636,intent_created,5Kz6atL7oRQjg819,28,poia-demo-bank,transfer,pending,,,,1789037636,1789037696,,,"{""scope"": {""from_account"": 43, ""amount"": 70.0, ""currency"": ""USD"", ""beneficiary_id"": 22, ""beneficiary_name"": ""JJM Hofstede""}}"
1789037637,zt_auto_start,5Kz6atL7oRQjg819,28,poia-demo-bank,,,,zt_authenticator,,,,1789037637.008,,"{""scenario"": """", ""client_ts"": 1789037637.008}"
1789037637,intent_loaded,5Kz6atL7oRQjg819,28,poia-demo-bank,,,,zt_authenticator,,,,1789037637.007,,"{""scenario"": """", ""client_ts"": 1789037637.007}"
1789037638,pending_served,5Kz6atL7oRQjg819,28,poia-demo-bank,transfer,pending,,zt_authenticator,,1789037636,1789037696,,,
1789037638,pending_served,5Kz6atL7oRQjg819,28,poia-demo-bank,transfer,pending,,zt_authenticator,,1789037636,1789037696,,,
1789037641,passkey_assertion,NFeVFvHpPWb-TTvG,14,poia-demo-bank,,,,webauthn,,,,1789037641.012,,"{""scenario"": """", ""client_ts"": 1789037641.012}"
1789037641,passkey_complete,NFeVFvHpPWb-TTvG,14,poia-demo-bank,deposit,approved,,webauthn,7301,1789037633,1789037693,,,
1789037641,approval_success,NFeVFvHpPWb-TTvG,14,poia-demo-bank,,approved,,webauthn,,,,1789037641.05,,"{""scenario"": """", ""client_ts"": 1789037641.05, ""status"": ""approved""}"
1789037641,intent_execute,NFeVFvHpPWb-TTvG,14,poia-demo-bank,deposit,approved,,,,1789037633,1789037693,,,
1789037642,intent_approve,5Kz6atL7oRQjg819,28,poia-demo-bank,transfer,approved,,zt_authenticator,5659,1789037636,1789037696,,,
1789037643,zt_status_approved,5Kz6atL7oRQjg819,28,poia-demo-bank,,approved,,zt_authenticator,,,,1789037643.164,,"{""scenario"": """", ""client_ts"": 1789037643.164, ""status"": ""approved""}"
1789037643,intent_execute,5Kz6atL7oRQjg819,28,poia-demo-bank,transfer,approved,,,,1789037636,1789037696,,,
1789037654,intent_created,EQTu2DI80YYX0tq4,28,poia-demo-bank,deposit,pending,,,,1789037654,1789037714,,,"{""scope"": {""account_id"": 43, ""amount"": 100000.0, ""currency"": ""USD""}}"
1789037654,zt_auto_start,EQTu2DI80YYX0tq4,28,poia-demo-bank,,,,zt_authenticator,,,,1789037654.82,,"{""scenario"": """", ""client_ts"": 1789037654.82}"
1789037654,intent_loaded,EQTu2DI80YYX0tq4,28,poia-demo-bank,,,,zt_authenticator,,,,1789037654.82,,"{""scenario"": """", ""client_ts"": 1789037654.82}"
1789037655,pending_served,EQTu2DI80YYX0tq4,28,poia-demo-bank,deposit,pending,,zt_authenticator,,1789037654,1789037714,,,
1789037656,pending_served,EQTu2DI80YYX0tq4,28,poia-demo-bank,deposit,pending,,zt_authenticator,,1789037654,1789037714,,,
1789037660,intent_approve,EQTu2DI80YYX0tq4,28,poia-demo-bank,deposit,approved,,zt_authenticator,5453,1789037654,1789037714,,,
1789037661,zt_status_approved,EQTu2DI80YYX0tq4,28,poia-demo-bank,,approved,,zt_authenticator,,,,1789037661.515,,"{""scenario"": """", ""client_ts"": 1789037661.515, ""status"": ""approved""}"
1789037661,intent_execute,EQTu2DI80YYX0tq4,28,poia-demo-bank,deposit,approved,,,,1789037654,1789037714,,,
1789037664,intent_created,Wb8pnz1hxriKo2MT,14,poia-demo-bank,transfer,pending,,,,1789037664,1789037724,,,"{""scope"": {""from_account"": 26, ""amount"": 673.0, ""currency"": ""USD"", ""beneficiary_id"": 19, ""beneficiary_name"": ""Takashi""}}"
1789037664,intent_loaded,Wb8pnz1hxriKo2MT,14,poia-demo-bank,,,,webauthn,,,,1789037664.307,,"{""scenario"": """", ""client_ts"": 1789037664.307}"
1789037664,passkey_begin,Wb8pnz1hxriKo2MT,14,poia-demo-bank,transfer,ok,,webauthn,,1789037664,1789037724,,,
1789037670,passkey_assertion,Wb8pnz1hxriKo2MT,14,poia-demo-bank,,,,webauthn,,,,1789037670.452,,"{""scenario"": """", ""client_ts"": 1789037670.452}"
1789037670,passkey_complete,Wb8pnz1hxriKo2MT,14,poia-demo-bank,transfer,approved,,webauthn,6275,1789037664,1789037724,,,
1789037670,approval_success,Wb8pnz1hxriKo2MT,14,poia-demo-bank,,approved,,webauthn,,,,1789037670.492,,"{""scenario"": """", ""client_ts"": 1789037670.492, ""status"": ""approved""}"
1789037670,intent_execute,Wb8pnz1hxriKo2MT,14,poia-demo-bank,transfer,approved,,,,1789037664,1789037724,,,
1789037677,intent_created,StRNINZOuSUdv6zb,28,poia-demo-bank,transfer,pending,,,,1789037677,1789037737,,,"{""scope"": {""from_account"": 43, ""amount"": 8000.0, ""currency"": ""USD"", ""beneficiary_id"": 29, ""beneficiary_name"": ""Joke Zwart""}}"
1789037677,zt_auto_start,StRNINZOuSUdv6zb,28,poia-demo-bank,,,,zt_authenticator,,,,1789037677.354,,"{""scenario"": """", ""client_ts"": 1789037677.354}"
1789037677,intent_loaded,StRNINZOuSUdv6zb,28,poia-demo-bank,,,,zt_authenticator,,,,1789037677.354,,"{""scenario"": """", ""client_ts"": 1789037677.354}"
1789037677,pending_served,StRNINZOuSUdv6zb,28,poia-demo-bank,transfer,pending,,zt_authenticator,,1789037677,1789037737,,,
1789037680,pending_served,StRNINZOuSUdv6zb,28,poia-demo-bank,transfer,pending,,zt_authenticator,,1789037677,1789037737,,,
1789037682,intent_approve,StRNINZOuSUdv6zb,28,poia-demo-bank,transfer,approved,,zt_authenticator,4756,1789037677,1789037737,,,
1789037682,zt_status_approved,StRNINZOuSUdv6zb,28,poia-demo-bank,,approved,,zt_authenticator,,,,1789037682.488,,"{""scenario"": """", ""client_ts"": 1789037682.488, ""status"": ""approved""}"
1789037682,intent_execute,StRNINZOuSUdv6zb,28,poia-demo-bank,transfer,approved,,,,1789037677,1789037737,,,
1789037684,intent_created,qEUTABmBa4OY6ABV,14,poia-demo-bank,deposit,pending,,,,1789037684,1789037744,,,"{""scope"": {""account_id"": 26, ""amount"": 366.0, ""currency"": ""USD""}}"
1789037684,intent_loaded,qEUTABmBa4OY6ABV,14,poia-demo-bank,,,,webauthn,,,,1789037684.803,,"{""scenario"": """", ""client_ts"": 1789037684.803}"
1789037684,passkey_begin,qEUTABmBa4OY6ABV,14,poia-demo-bank,deposit,ok,,webauthn,,1789037684,1789037744,,,
1789037690,passkey_assertion,qEUTABmBa4OY6ABV,14,poia-demo-bank,,,,webauthn,,,,1789037690.817,,"{""scenario"": """", ""client_ts"": 1789037690.817}"
1789037690,passkey_complete,qEUTABmBa4OY6ABV,14,poia-demo-bank,deposit,approved,,webauthn,6157,1789037684,1789037744,,,
1789037690,approval_success,qEUTABmBa4OY6ABV,14,poia-demo-bank,,approved,,webauthn,,,,1789037690.849,,"{""scenario"": """", ""client_ts"": 1789037690.849, ""status"": ""approved""}"
1789037690,intent_execute,qEUTABmBa4OY6ABV,14,poia-demo-bank,deposit,approved,,,,1789037684,1789037744,,,
1789037699,intent_created,4QGGicVJZey4YZrG,28,poia-demo-bank,transfer,pending,,,,1789037699,1789037759,,,"{""scope"": {""from_account"": 43, ""amount"": 500.0, ""currency"": ""USD"", ""beneficiary_id"": 29, ""beneficiary_name"": ""Joke Zwart""}}"
1789037699,zt_auto_start,4QGGicVJZey4YZrG,28,poia-demo-bank,,,,zt_authenticator,,,,1789037699.249,,"{""scenario"": """", ""client_ts"": 1789037699.249}"
1789037699,intent_loaded,4QGGicVJZey4YZrG,28,poia-demo-bank,,,,zt_authenticator,,,,1789037699.249,,"{""scenario"": """", ""client_ts"": 1789037699.249}"
1789037699,pending_served,4QGGicVJZey4YZrG,28,poia-demo-bank,transfer,pending,,zt_authenticator,,1789037699,1789037759,,,
1789037703,pending_served,4QGGicVJZey4YZrG,28,poia-demo-bank,transfer,pending,,zt_authenticator,,1789037699,1789037759,,,
1789037703,intent_created,3nzmSD8jVr-vUKw4,14,poia-demo-bank,withdrawal,pending,,,,1789037703,1789037763,,,"{""scope"": {""account_id"": 25, ""amount"": 8980.0, ""currency"": ""USD""}}"
1789037703,intent_loaded,3nzmSD8jVr-vUKw4,14,poia-demo-bank,,,,webauthn,,,,1789037703.18,,"{""scenario"": """", ""client_ts"": 1789037703.18}"
1789037703,passkey_begin,3nzmSD8jVr-vUKw4,14,poia-demo-bank,withdrawal,ok,,webauthn,,1789037703,1789037763,,,
1789037706,intent_approve,4QGGicVJZey4YZrG,28,poia-demo-bank,transfer,approved,,zt_authenticator,7256,1789037699,1789037759,,,
1789037719,passkey_assertion,3nzmSD8jVr-vUKw4,14,poia-demo-bank,,,,webauthn,,,,1789037719.655,,"{""scenario"": """", ""client_ts"": 1789037719.655}"
1789037719,passkey_complete,3nzmSD8jVr-vUKw4,14,poia-demo-bank,withdrawal,approved,,webauthn,16558,1789037703,1789037763,,,
1789037719,approval_success,3nzmSD8jVr-vUKw4,14,poia-demo-bank,,approved,,webauthn,,,,1789037719.689,,"{""scenario"": """", ""client_ts"": 1789037719.689, ""status"": ""approved""}"
1789037719,intent_execute,3nzmSD8jVr-vUKw4,14,poia-demo-bank,withdrawal,approved,,,,1789037703,1789037763,,,
1789037729,intent_created,_eggVvKevrsOgsHd,14,poia-demo-bank,transfer,pending,,,,1789037729,1789037789,,,"{""scope"": {""from_account"": 25, ""amount"": 958.0, ""currency"": ""USD"", ""beneficiary_id"": 11, ""beneficiary_name"": ""Murembo""}}"
1789037729,intent_loaded,_eggVvKevrsOgsHd,14,poia-demo-bank,,,,webauthn,,,,1789037729.69,,"{""scenario"": """", ""client_ts"": 1789037729.69}"
1789037729,passkey_begin,_eggVvKevrsOgsHd,14,poia-demo-bank,transfer,ok,,webauthn,,1789037729,1789037789,,,
1789037744,passkey_assertion,_eggVvKevrsOgsHd,14,poia-demo-bank,,,,webauthn,,,,1789037744.371,,"{""scenario"": """", ""client_ts"": 1789037744.371}"
1789037744,passkey_complete,_eggVvKevrsOgsHd,14,poia-demo-bank,transfer,approved,,webauthn,14811,1789037729,1789037789,,,
1789037744,approval_success,_eggVvKevrsOgsHd,14,poia-demo-bank,,approved,,webauthn,,,,1789037744.432,,"{""scenario"": """", ""client_ts"": 1789037744.432, ""status"": ""approved""}"
1789037744,intent_execute,_eggVvKevrsOgsHd,14,poia-demo-bank,transfer,approved,,,,1789037729,1789037789,,,
1789037762,intent_created,YjwKltMHYQUyoC9v,28,poia-demo-bank,beneficiary_add,pending,,,,1789037762,1789037822,,,"{""scope"": {""name"": ""Jesse de Lange"", ""bank"": ""Bank voor Mensen boven de Twee Meter"", ""account_number"": ""5373823783781287912879""}}"
1789037762,zt_auto_start,YjwKltMHYQUyoC9v,28,poia-demo-bank,,,,zt_authenticator,,,,1789037762.376,,"{""scenario"": """", ""client_ts"": 1789037762.376}"
1789037762,intent_loaded,YjwKltMHYQUyoC9v,28,poia-demo-bank,,,,zt_authenticator,,,,1789037762.375,,"{""scenario"": """", ""client_ts"": 1789037762.375}"
1789037763,pending_served,YjwKltMHYQUyoC9v,28,poia-demo-bank,beneficiary_add,pending,,zt_authenticator,,1789037762,1789037822,,,
1789037769,pending_served,YjwKltMHYQUyoC9v,28,poia-demo-bank,beneficiary_add,pending,,zt_authenticator,,1789037762,1789037822,,,
1789037772,intent_approve,YjwKltMHYQUyoC9v,28,poia-demo-bank,beneficiary_add,approved,,zt_authenticator,9989,1789037762,1789037822,,,
1789037802,intent_created,zUb9OPXDcXCnWZv3,28,poia-demo-bank,beneficiary_add,pending,,,,1789037802,1789037862,,,"{""scope"": {""name"": ""Jesse de Lange"", ""bank"": ""De Bank voor Mensen boven de Twee meter"", ""account_number"": ""562390216726178""}}"
1789037802,zt_auto_start,zUb9OPXDcXCnWZv3,28,poia-demo-bank,,,,zt_authenticator,,,,1789037802.86,,"{""scenario"": """", ""client_ts"": 1789037802.86}"
1789037802,intent_loaded,zUb9OPXDcXCnWZv3,28,poia-demo-bank,,,,zt_authenticator,,,,1789037802.86,,"{""scenario"": """", ""client_ts"": 1789037802.86}"
1789037803,pending_served,zUb9OPXDcXCnWZv3,28,poia-demo-bank,beneficiary_add,pending,,zt_authenticator,,1789037802,1789037862,,,
1789037808,pending_served,zUb9OPXDcXCnWZv3,28,poia-demo-bank,beneficiary_add,pending,,zt_authenticator,,1789037802,1789037862,,,
1789037810,intent_approve,zUb9OPXDcXCnWZv3,28,poia-demo-bank,beneficiary_add,approved,,zt_authenticator,7387,1789037802,1789037862,,,
1789037811,zt_status_approved,zUb9OPXDcXCnWZv3,28,poia-demo-bank,,approved,,zt_authenticator,,,,1789037810.936,,"{""scenario"": """", ""client_ts"": 1789037810.936, ""status"": ""approved""}"
1789037811,intent_execute,zUb9OPXDcXCnWZv3,28,poia-demo-bank,beneficiary_add,approved,,,,1789037802,1789037862,,,
1789037824,intent_created,bN6b_1fh8x21NMXz,28,poia-demo-bank,transfer,pending,,,,1789037824,1789037884,,,"{""scope"": {""from_account"": 43, ""amount"": 10.0, ""currency"": ""USD"", ""beneficiary_id"": 30, ""beneficiary_name"": ""Jesse de Lange""}}"
1789037824,zt_auto_start,bN6b_1fh8x21NMXz,28,poia-demo-bank,,,,zt_authenticator,,,,1789037824.611,,"{""scenario"": """", ""client_ts"": 1789037824.611}"
1789037824,intent_loaded,bN6b_1fh8x21NMXz,28,poia-demo-bank,,,,zt_authenticator,,,,1789037824.611,,"{""scenario"": """", ""client_ts"": 1789037824.611}"
1789037824,pending_served,bN6b_1fh8x21NMXz,28,poia-demo-bank,transfer,pending,,zt_authenticator,,1789037824,1789037884,,,
1789037830,pending_served,bN6b_1fh8x21NMXz,28,poia-demo-bank,transfer,pending,,zt_authenticator,,1789037824,1789037884,,,
1789037832,intent_approve,bN6b_1fh8x21NMXz,28,poia-demo-bank,transfer,approved,,zt_authenticator,7732,1789037824,1789037884,,,
1789037832,zt_status_approved,bN6b_1fh8x21NMXz,28,poia-demo-bank,,approved,,zt_authenticator,,,,1789037832.43,,"{""scenario"": """", ""client_ts"": 1789037832.43, ""status"": ""approved""}"
1789037832,intent_execute,bN6b_1fh8x21NMXz,28,poia-demo-bank,transfer,approved,,,,1789037824,1789037884,,,
1789037858,intent_created,yWzNImELvQKhdN1k,28,poia-demo-bank,beneficiary_add,pending,,,,1789037858,1789037918,,,"{""scope"": {""name"": ""Senna de Kat"", ""bank"": ""KattenBank"", ""account_number"": ""70008""}}"
1789037858,intent_loaded,yWzNImELvQKhdN1k,28,poia-demo-bank,,,,zt_authenticator,,,,1789037858.35,,"{""scenario"": """", ""client_ts"": 1789037858.35}"
1789037858,zt_auto_start,yWzNImELvQKhdN1k,28,poia-demo-bank,,,,zt_authenticator,,,,1789037858.35,,"{""scenario"": """", ""client_ts"": 1789037858.35}"
1789037859,pending_served,yWzNImELvQKhdN1k,28,poia-demo-bank,beneficiary_add,pending,,zt_authenticator,,1789037858,1789037918,,,
1789037860,pending_served,yWzNImELvQKhdN1k,28,poia-demo-bank,beneficiary_add,pending,,zt_authenticator,,1789037858,1789037918,,,
1789037862,intent_approve,yWzNImELvQKhdN1k,28,poia-demo-bank,beneficiary_add,approved,,zt_authenticator,4103,1789037858,1789037918,,,
1789037862,zt_status_approved,yWzNImELvQKhdN1k,28,poia-demo-bank,,approved,,zt_authenticator,,,,1789037862.459,,"{""scenario"": """", ""client_ts"": 1789037862.459, ""status"": ""approved""}"
1789037862,intent_execute,yWzNImELvQKhdN1k,28,poia-demo-bank,beneficiary_add,approved,,,,1789037858,1789037918,,,
1789037871,intent_created,UBFte3oFWYwioj21,28,poia-demo-bank,transfer,pending,,,,1789037871,1789037931,,,"{""scope"": {""from_account"": 43, ""amount"": 10000.0, ""currency"": ""USD"", ""beneficiary_id"": 31, ""beneficiary_name"": ""Senna de Kat""}}"
1789037871,zt_auto_start,UBFte3oFWYwioj21,28,poia-demo-bank,,,,zt_authenticator,,,,1789037871.859,,"{""scenario"": """", ""client_ts"": 1789037871.859}"
1789037871,intent_loaded,UBFte3oFWYwioj21,28,poia-demo-bank,,,,zt_authenticator,,,,1789037871.859,,"{""scenario"": """", ""client_ts"": 1789037871.859}"
1789037872,pending_served,UBFte3oFWYwioj21,28,poia-demo-bank,transfer,pending,,zt_authenticator,,1789037871,1789037931,,,
1789037872,intent_created,dgUroyuEE4w04PAs,14,poia-demo-bank,transfer,pending,,,,1789037872,1789037932,,,"{""scope"": {""from_account"": 25, ""amount"": 84.0, ""currency"": ""USD"", ""beneficiary_id"": 17, ""beneficiary_name"": ""Emi""}}"
1789037872,intent_loaded,dgUroyuEE4w04PAs,14,poia-demo-bank,,,,webauthn,,,,1789037872.434,,"{""scenario"": """", ""client_ts"": 1789037872.434}"
1789037872,passkey_begin,dgUroyuEE4w04PAs,14,poia-demo-bank,transfer,ok,,webauthn,,1789037872,1789037932,,,
1789037877,pending_served,UBFte3oFWYwioj21,28,poia-demo-bank,transfer,pending,,zt_authenticator,,1789037871,1789037931,,,
1789037879,intent_approve,UBFte3oFWYwioj21,28,poia-demo-bank,transfer,approved,,zt_authenticator,7586,1789037871,1789037931,,,
1789037879,zt_status_approved,UBFte3oFWYwioj21,28,poia-demo-bank,,approved,,zt_authenticator,,,,1789037879.867,,"{""scenario"": """", ""client_ts"": 1789037879.867, ""status"": ""approved""}"
1789037879,intent_execute,UBFte3oFWYwioj21,28,poia-demo-bank,transfer,approved,,,,1789037871,1789037931,,,
1789037883,passkey_assertion,dgUroyuEE4w04PAs,14,poia-demo-bank,,,,webauthn,,,,1789037883.227,,"{""scenario"": """", ""client_ts"": 1789037883.227}"
1789037883,passkey_complete,dgUroyuEE4w04PAs,14,poia-demo-bank,transfer,approved,,webauthn,10887,1789037872,1789037932,,,
1789037883,approval_success,dgUroyuEE4w04PAs,14,poia-demo-bank,,approved,,webauthn,,,,1789037883.289,,"{""scenario"": """", ""client_ts"": 1789037883.289, ""status"": ""approved""}"
1789037883,zt_status_approved,dgUroyuEE4w04PAs,14,poia-demo-bank,,approved,,webauthn,,,,1789037883.297,,"{""scenario"": """", ""client_ts"": 1789037883.297, ""status"": ""approved""}"
1789037883,intent_execute,dgUroyuEE4w04PAs,14,poia-demo-bank,transfer,approved,,,,1789037872,1789037932,,,
1789037887,intent_created,NsiahTHwuwf-cOwJ,28,poia-demo-bank,deposit,pending,,,,1789037887,1789037947,,,"{""scope"": {""account_id"": 43, ""amount"": 10000.0, ""currency"": ""USD""}}"
1789037888,zt_auto_start,NsiahTHwuwf-cOwJ,28,poia-demo-bank,,,,zt_authenticator,,,,1789037888.087,,"{""scenario"": """", ""client_ts"": 1789037888.087}"
1789037888,intent_loaded,NsiahTHwuwf-cOwJ,28,poia-demo-bank,,,,zt_authenticator,,,,1789037888.087,,"{""scenario"": """", ""client_ts"": 1789037888.087}"
1789037888,pending_served,NsiahTHwuwf-cOwJ,28,poia-demo-bank,deposit,pending,,zt_authenticator,,1789037887,1789037947,,,
1789037890,pending_served,NsiahTHwuwf-cOwJ,28,poia-demo-bank,deposit,pending,,zt_authenticator,,1789037887,1789037947,,,
1789037892,intent_approve,NsiahTHwuwf-cOwJ,28,poia-demo-bank,deposit,approved,,zt_authenticator,4402,1789037887,1789037947,,,
1789037893,zt_status_approved,NsiahTHwuwf-cOwJ,28,poia-demo-bank,,approved,,zt_authenticator,,,,1789037892.97,,"{""scenario"": """", ""client_ts"": 1789037892.97, ""status"": ""approved""}"
1789037893,intent_execute,NsiahTHwuwf-cOwJ,28,poia-demo-bank,deposit,approved,,,,1789037887,1789037947,,,
1789037894,intent_created,H_f3FhUjuPC0t0jV,14,poia-demo-bank,transfer,pending,,,,1789037894,1789037954,,,"{""scope"": {""from_account"": 25, ""amount"": 765.0, ""currency"": ""USD"", ""beneficiary_id"": 11, ""beneficiary_name"": ""Murembo""}}"
1789037894,intent_loaded,H_f3FhUjuPC0t0jV,14,poia-demo-bank,,,,webauthn,,,,1789037894.866,,"{""scenario"": """", ""client_ts"": 1789037894.866}"
1789037895,passkey_begin,H_f3FhUjuPC0t0jV,14,poia-demo-bank,transfer,ok,,webauthn,,1789037894,1789037954,,,
1789037900,intent_created,08Tndl6XTjJ7ooZ3,28,poia-demo-bank,withdrawal,pending,,,,1789037900,1789037960,,,"{""scope"": {""account_id"": 43, ""amount"": 80000.0, ""currency"": ""USD""}}"
1789037900,zt_auto_start,08Tndl6XTjJ7ooZ3,28,poia-demo-bank,,,,zt_authenticator,,,,1789037900.674,,"{""scenario"": """", ""client_ts"": 1789037900.674}"
1789037900,intent_loaded,08Tndl6XTjJ7ooZ3,28,poia-demo-bank,,,,zt_authenticator,,,,1789037900.674,,"{""scenario"": """", ""client_ts"": 1789037900.674}"
1789037900,pending_served,08Tndl6XTjJ7ooZ3,28,poia-demo-bank,withdrawal,pending,,zt_authenticator,,1789037900,1789037960,,,
1789037903,pending_served,08Tndl6XTjJ7ooZ3,28,poia-demo-bank,withdrawal,pending,,zt_authenticator,,1789037900,1789037960,,,
1789037906,intent_approve,08Tndl6XTjJ7ooZ3,28,poia-demo-bank,withdrawal,approved,,zt_authenticator,5614,1789037900,1789037960,,,
1789037907,zt_status_approved,08Tndl6XTjJ7ooZ3,28,poia-demo-bank,,approved,,zt_authenticator,,,,1789037907.001,,"{""scenario"": """", ""client_ts"": 1789037907.001, ""status"": ""approved""}"
1789037907,intent_execute,08Tndl6XTjJ7ooZ3,28,poia-demo-bank,withdrawal,approved,,,,1789037900,1789037960,,,
1789037909,passkey_assertion,H_f3FhUjuPC0t0jV,14,poia-demo-bank,,,,webauthn,,,,1789037909.023,,"{""scenario"": """", ""client_ts"": 1789037909.023}"
1789037909,passkey_complete,H_f3FhUjuPC0t0jV,14,poia-demo-bank,transfer,approved,,webauthn,14276,1789037894,1789037954,,,
1789037909,approval_success,H_f3FhUjuPC0t0jV,14,poia-demo-bank,,approved,,webauthn,,,,1789037909.068,,"{""scenario"": """", ""client_ts"": 1789037909.068, ""status"": ""approved""}"
1789037909,intent_execute,H_f3FhUjuPC0t0jV,14,poia-demo-bank,transfer,approved,,,,1789037894,1789037954,,,
1789037918,intent_created,fASBQCaZUmRpQn1u,28,poia-demo-bank,transfer,pending,,,,1789037918,1789037978,,,"{""scope"": {""from_account"": 43, ""amount"": 766.0, ""currency"": ""USD"", ""beneficiary_id"": 30, ""beneficiary_name"": ""Jesse de Lange""}}"
1789037918,zt_auto_start,fASBQCaZUmRpQn1u,28,poia-demo-bank,,,,zt_authenticator,,,,1789037918.537,,"{""scenario"": """", ""client_ts"": 1789037918.537}"
1789037918,intent_loaded,fASBQCaZUmRpQn1u,28,poia-demo-bank,,,,zt_authenticator,,,,1789037918.537,,"{""scenario"": """", ""client_ts"": 1789037918.537}"
1789037918,pending_served,fASBQCaZUmRpQn1u,28,poia-demo-bank,transfer,pending,,zt_authenticator,,1789037918,1789037978,,,
1789037920,intent_created,MqOMlZhLfl9ldFEI,14,poia-demo-bank,withdrawal,pending,,,,1789037920,1789037980,,,"{""scope"": {""account_id"": 25, ""amount"": 456789.0, ""currency"": ""USD""}}"
1789037920,intent_loaded,MqOMlZhLfl9ldFEI,14,poia-demo-bank,,,,webauthn,,,,1789037919.99,,"{""scenario"": """", ""client_ts"": 1789037919.99}"
1789037920,passkey_begin,MqOMlZhLfl9ldFEI,14,poia-demo-bank,withdrawal,ok,,webauthn,,1789037920,1789037980,,,
1789037922,pending_served,fASBQCaZUmRpQn1u,28,poia-demo-bank,transfer,pending,,zt_authenticator,,1789037918,1789037978,,,
1789037923,intent_approve,fASBQCaZUmRpQn1u,28,poia-demo-bank,transfer,approved,,zt_authenticator,5474,1789037918,1789037978,,,
1789037924,zt_status_approved,fASBQCaZUmRpQn1u,28,poia-demo-bank,,approved,,zt_authenticator,,,,1789037924.823,,"{""scenario"": """", ""client_ts"": 1789037924.823, ""status"": ""approved""}"
1789037924,intent_execute,fASBQCaZUmRpQn1u,28,poia-demo-bank,transfer,approved,,,,1789037918,1789037978,,,
1789037931,intent_created,Wm6KUGZV1WHKihV4,28,poia-demo-bank,transfer,pending,,,,1789037931,1789037991,,,"{""scope"": {""from_account"": 43, ""amount"": 5678.0, ""currency"": ""USD"", ""beneficiary_id"": 29, ""beneficiary_name"": ""Joke Zwart""}}"
1789037931,zt_auto_start,Wm6KUGZV1WHKihV4,28,poia-demo-bank,,,,zt_authenticator,,,,1789037931.556,,"{""scenario"": """", ""client_ts"": 1789037931.556}"
1789037931,intent_loaded,Wm6KUGZV1WHKihV4,28,poia-demo-bank,,,,zt_authenticator,,,,1789037931.556,,"{""scenario"": """", ""client_ts"": 1789037931.556}"
1789037931,pending_served,Wm6KUGZV1WHKihV4,28,poia-demo-bank,transfer,pending,,zt_authenticator,,1789037931,1789037991,,,
1789037932,passkey_assertion,MqOMlZhLfl9ldFEI,14,poia-demo-bank,,,,webauthn,,,,1789037932.013,,"{""scenario"": """", ""client_ts"": 1789037932.013}"
1789037932,passkey_complete,MqOMlZhLfl9ldFEI,14,poia-demo-bank,withdrawal,approved,,webauthn,12106,1789037920,1789037980,,,
1789037932,approval_success,MqOMlZhLfl9ldFEI,14,poia-demo-bank,,approved,,webauthn,,,,1789037932.047,,"{""scenario"": """", ""client_ts"": 1789037932.047, ""status"": ""approved""}"
1789037932,intent_execute,MqOMlZhLfl9ldFEI,14,poia-demo-bank,withdrawal,approved,,,,1789037920,1789037980,,,
1789037934,pending_served,Wm6KUGZV1WHKihV4,28,poia-demo-bank,transfer,pending,,zt_authenticator,,1789037931,1789037991,,,
1789037936,intent_approve,Wm6KUGZV1WHKihV4,28,poia-demo-bank,transfer,approved,,zt_authenticator,5133,1789037931,1789037991,,,
1789037936,zt_status_approved,Wm6KUGZV1WHKihV4,28,poia-demo-bank,,approved,,zt_authenticator,,,,1789037936.365,,"{""scenario"": """", ""client_ts"": 1789037936.365, ""status"": ""approved""}"
1789037936,intent_execute,Wm6KUGZV1WHKihV4,28,poia-demo-bank,transfer,approved,,,,1789037931,1789037991,,,
1789037942,intent_created,JCi4OZDeOOE9sP3J,14,poia-demo-bank,withdrawal,pending,,,,1789037942,1789038002,,,"{""scope"": {""account_id"": 25, ""amount"": 67969.0, ""currency"": ""USD""}}"
1789037942,intent_loaded,JCi4OZDeOOE9sP3J,14,poia-demo-bank,,,,webauthn,,,,1789037942.03,,"{""scenario"": """", ""client_ts"": 1789037942.03}"
1789037942,passkey_begin,JCi4OZDeOOE9sP3J,14,poia-demo-bank,withdrawal,ok,,webauthn,,1789037942,1789038002,,,
1789037949,passkey_assertion,JCi4OZDeOOE9sP3J,14,poia-demo-bank,,,,webauthn,,,,1789037948.896,,"{""scenario"": """", ""client_ts"": 1789037948.896}"
1789037949,passkey_complete,JCi4OZDeOOE9sP3J,14,poia-demo-bank,withdrawal,approved,,webauthn,6940,1789037942,1789038002,,,
1789037949,approval_success,JCi4OZDeOOE9sP3J,14,poia-demo-bank,,approved,,webauthn,,,,1789037948.932,,"{""scenario"": """", ""client_ts"": 1789037948.932, ""status"": ""approved""}"
1789037949,intent_execute,JCi4OZDeOOE9sP3J,14,poia-demo-bank,withdrawal,approved,,,,1789037942,1789038002,,,
1789037954,intent_created,cvFpBqwhQ-zwLLu8,28,poia-demo-bank,deposit,pending,,,,1789037954,1789038014,,,"{""scope"": {""account_id"": 43, ""amount"": 1234567890.0, ""currency"": ""USD""}}"
1789037954,zt_auto_start,cvFpBqwhQ-zwLLu8,28,poia-demo-bank,,,,zt_authenticator,,,,1789037954.183,,"{""scenario"": """", ""client_ts"": 1789037954.183}"
1789037954,intent_loaded,cvFpBqwhQ-zwLLu8,28,poia-demo-bank,,,,zt_authenticator,,,,1789037954.182,,"{""scenario"": """", ""client_ts"": 1789037954.182}"
1789037954,pending_served,cvFpBqwhQ-zwLLu8,28,poia-demo-bank,deposit,pending,,zt_authenticator,,1789037954,1789038014,,,
1789037958,pending_served,cvFpBqwhQ-zwLLu8,28,poia-demo-bank,deposit,pending,,zt_authenticator,,1789037954,1789038014,,,
1789037962,intent_approve,cvFpBqwhQ-zwLLu8,28,poia-demo-bank,deposit,approved,,zt_authenticator,8385,1789037954,1789038014,,,
1789037963,zt_status_approved,cvFpBqwhQ-zwLLu8,28,poia-demo-bank,,approved,,zt_authenticator,,,,1789037963.532,,"{""scenario"": """", ""client_ts"": 1789037963.532, ""status"": ""approved""}"
1789037963,intent_execute,cvFpBqwhQ-zwLLu8,28,poia-demo-bank,deposit,approved,,,,1789037954,1789038014,,,
1789037981,intent_created,bU51Nt0XA5yThFyf,28,poia-demo-bank,limit_change,pending,,,,1789037981,1789038041,,,"{""scope"": {""account_id"": 44, ""new_daily_limit"": 1000000.0}}"
1789037981,zt_auto_start,bU51Nt0XA5yThFyf,28,poia-demo-bank,,,,zt_authenticator,,,,1789037981.507,,"{""scenario"": """", ""client_ts"": 1789037981.507}"
1789037981,intent_loaded,bU51Nt0XA5yThFyf,28,poia-demo-bank,,,,zt_authenticator,,,,1789037981.507,,"{""scenario"": """", ""client_ts"": 1789037981.507}"
1789037981,pending_served,bU51Nt0XA5yThFyf,28,poia-demo-bank,limit_change,pending,,zt_authenticator,,1789037981,1789038041,,,
1789037986,pending_served,bU51Nt0XA5yThFyf,28,poia-demo-bank,limit_change,pending,,zt_authenticator,,1789037981,1789038041,,,
1789037989,intent_approve,bU51Nt0XA5yThFyf,28,poia-demo-bank,limit_change,approved,,zt_authenticator,8472,1789037981,1789038041,,,
1789037991,zt_status_approved,bU51Nt0XA5yThFyf,28,poia-demo-bank,,approved,,zt_authenticator,,,,1789037991.316,,"{""scenario"": """", ""client_ts"": 1789037991.316, ""status"": ""approved""}"
1789037991,intent_execute,bU51Nt0XA5yThFyf,28,poia-demo-bank,limit_change,approved,,,,1789037981,1789038041,,,
1789038009,intent_created,1UThpp8-Siv-RvTo,28,poia-demo-bank,transfer,pending,,,,1789038009,1789038069,,,"{""scope"": {""from_account"": 43, ""amount"": 12345667.0, ""currency"": ""USD"", ""beneficiary_id"": 29, ""beneficiary_name"": ""Joke Zwart""}}"
1789038009,zt_auto_start,1UThpp8-Siv-RvTo,28,poia-demo-bank,,,,zt_authenticator,,,,1789038009.754,,"{""scenario"": """", ""client_ts"": 1789038009.754}"
1789038009,intent_loaded,1UThpp8-Siv-RvTo,28,poia-demo-bank,,,,zt_authenticator,,,,1789038009.753,,"{""scenario"": """", ""client_ts"": 1789038009.753}"
1789038009,pending_served,1UThpp8-Siv-RvTo,28,poia-demo-bank,transfer,pending,,zt_authenticator,,1789038009,1789038069,,,
1789038012,pending_served,1UThpp8-Siv-RvTo,28,poia-demo-bank,transfer,pending,,zt_authenticator,,1789038009,1789038069,,,
1789038014,intent_approve,1UThpp8-Siv-RvTo,28,poia-demo-bank,transfer,approved,,zt_authenticator,4783,1789038009,1789038069,,,
1789038014,zt_status_approved,1UThpp8-Siv-RvTo,28,poia-demo-bank,,approved,,zt_authenticator,,,,1789038014.497,,"{""scenario"": """", ""client_ts"": 1789038014.497, ""status"": ""approved""}"
1789038014,intent_execute,1UThpp8-Siv-RvTo,28,poia-demo-bank,transfer,approved,,,,1789038009,1789038069,,,
1789038017,intent_created,UWt-KdKzsWUw9z0l,14,poia-demo-bank,limit_change,pending,,,,1789038017,1789038077,,,"{""scope"": {""account_id"": 25, ""new_daily_limit"": 1000000.0}}"
1789038017,intent_loaded,UWt-KdKzsWUw9z0l,14,poia-demo-bank,,,,webauthn,,,,1789038017.412,,"{""scenario"": """", ""client_ts"": 1789038017.412}"
1789038017,passkey_begin,UWt-KdKzsWUw9z0l,14,poia-demo-bank,limit_change,ok,,webauthn,,1789038017,1789038077,,,
1789038026,passkey_assertion,UWt-KdKzsWUw9z0l,14,poia-demo-bank,,,,webauthn,,,,1789038026.474,,"{""scenario"": """", ""client_ts"": 1789038026.474}"
1789038026,passkey_complete,UWt-KdKzsWUw9z0l,14,poia-demo-bank,limit_change,approved,,webauthn,9190,1789038017,1789038077,,,
1789038026,approval_success,UWt-KdKzsWUw9z0l,14,poia-demo-bank,,approved,,webauthn,,,,1789038026.506,,"{""scenario"": """", ""client_ts"": 1789038026.506, ""status"": ""approved""}"
1789038026,intent_execute,UWt-KdKzsWUw9z0l,14,poia-demo-bank,limit_change,approved,,,,1789038017,1789038077,,,
1789038028,intent_created,BvxNkA6stI-wrt4F,28,poia-demo-bank,limit_change,pending,,,,1789038028,1789038088,,,"{""scope"": {""account_id"": 43, ""new_daily_limit"": 1000000000.0}}"
1789038029,intent_loaded,BvxNkA6stI-wrt4F,28,poia-demo-bank,,,,zt_authenticator,,,,1789038028.816,,"{""scenario"": """", ""client_ts"": 1789038028.816}"
1789038029,zt_auto_start,BvxNkA6stI-wrt4F,28,poia-demo-bank,,,,zt_authenticator,,,,1789038028.816,,"{""scenario"": """", ""client_ts"": 1789038028.816}"
1789038029,pending_served,BvxNkA6stI-wrt4F,28,poia-demo-bank,limit_change,pending,,zt_authenticator,,1789038028,1789038088,,,
1789038031,pending_served,BvxNkA6stI-wrt4F,28,poia-demo-bank,limit_change,pending,,zt_authenticator,,1789038028,1789038088,,,
1789038032,intent_approve,BvxNkA6stI-wrt4F,28,poia-demo-bank,limit_change,approved,,zt_authenticator,3522,1789038028,1789038088,,,
1789038032,zt_status_approved,BvxNkA6stI-wrt4F,28,poia-demo-bank,,approved,,zt_authenticator,,,,1789038032.331,,"{""scenario"": """", ""client_ts"": 1789038032.331, ""status"": ""approved""}"
1789038032,intent_execute,BvxNkA6stI-wrt4F,28,poia-demo-bank,limit_change,approved,,,,1789038028,1789038088,,,
1789038039,intent_created,-mpR2z6a7HPt0d1I,14,poia-demo-bank,transfer,pending,,,,1789038039,1789038099,,,"{""scope"": {""from_account"": 25, ""amount"": 657879.0, ""currency"": ""USD"", ""beneficiary_id"": 11, ""beneficiary_name"": ""Murembo""}}"
1789038039,intent_loaded,-mpR2z6a7HPt0d1I,14,poia-demo-bank,,,,webauthn,,,,1789038039.169,,"{""scenario"": """", ""client_ts"": 1789038039.169}"
1789038039,passkey_begin,-mpR2z6a7HPt0d1I,14,poia-demo-bank,transfer,ok,,webauthn,,1789038039,1789038099,,,
1789038039,intent_created,-Sknip4iCJRhUBXs,28,poia-demo-bank,transfer,pending,,,,1789038039,1789038099,,,"{""scope"": {""from_account"": 43, ""amount"": 1234567.0, ""currency"": ""USD"", ""beneficiary_id"": 28, ""beneficiary_name"": ""Dingena Zwart""}}"
1789038040,zt_auto_start,-Sknip4iCJRhUBXs,28,poia-demo-bank,,,,zt_authenticator,,,,1789038039.88,,"{""scenario"": """", ""client_ts"": 1789038039.88}"
1789038040,intent_loaded,-Sknip4iCJRhUBXs,28,poia-demo-bank,,,,zt_authenticator,,,,1789038039.88,,"{""scenario"": """", ""client_ts"": 1789038039.88}"
1789038040,pending_served,-Sknip4iCJRhUBXs,28,poia-demo-bank,transfer,pending,,zt_authenticator,,1789038039,1789038099,,,
1789038043,pending_served,-Sknip4iCJRhUBXs,28,poia-demo-bank,transfer,pending,,zt_authenticator,,1789038039,1789038099,,,
1789038046,passkey_assertion,-mpR2z6a7HPt0d1I,14,poia-demo-bank,,,,webauthn,,,,1789038046.343,,"{""scenario"": """", ""client_ts"": 1789038046.343}"
1789038046,passkey_complete,-mpR2z6a7HPt0d1I,14,poia-demo-bank,transfer,approved,,webauthn,7282,1789038039,1789038099,,,
1789038046,approval_success,-mpR2z6a7HPt0d1I,14,poia-demo-bank,,approved,,webauthn,,,,1789038046.387,,"{""scenario"": """", ""client_ts"": 1789038046.387, ""status"": ""approved""}"
1789038046,intent_execute,-mpR2z6a7HPt0d1I,14,poia-demo-bank,transfer,approved,,,,1789038039,1789038099,,,
1789038046,intent_approve,-Sknip4iCJRhUBXs,28,poia-demo-bank,transfer,approved,,zt_authenticator,6712,1789038039,1789038099,,,
1789038048,zt_status_approved,-Sknip4iCJRhUBXs,28,poia-demo-bank,,approved,,zt_authenticator,,,,1789038047.959,,"{""scenario"": """", ""client_ts"": 1789038047.959, ""status"": ""approved""}"
1789038048,intent_execute,-Sknip4iCJRhUBXs,28,poia-demo-bank,transfer,approved,,,,1789038039,1789038099,,,
1789038059,intent_created,CxRRI_b7-tz4IDgd,28,poia-demo-bank,transfer,pending,,,,1789038059,1789038119,,,"{""scope"": {""from_account"": 43, ""amount"": 3456789865.0, ""currency"": ""USD"", ""beneficiary_id"": 29, ""beneficiary_name"": ""Joke Zwart""}}"
1789038059,zt_auto_start,CxRRI_b7-tz4IDgd,28,poia-demo-bank,,,,zt_authenticator,,,,1789038059.617,,"{""scenario"": """", ""client_ts"": 1789038059.617}"
1789038059,intent_loaded,CxRRI_b7-tz4IDgd,28,poia-demo-bank,,,,zt_authenticator,,,,1789038059.616,,"{""scenario"": """", ""client_ts"": 1789038059.616}"
1789038063,pending_served,CxRRI_b7-tz4IDgd,28,poia-demo-bank,transfer,pending,,zt_authenticator,,1789038059,1789038119,,,
1789038065,intent_created,xSGvLZFuMO9mUwep,14,poia-demo-bank,transfer,pending,,,,1789038065,1789038125,,,"{""scope"": {""from_account"": 25, ""amount"": 468934.0, ""currency"": ""USD"", ""beneficiary_id"": 11, ""beneficiary_name"": ""Murembo""}}"
1789038065,pending_served,CxRRI_b7-tz4IDgd,28,poia-demo-bank,transfer,pending,,zt_authenticator,,1789038059,1789038119,,,
1789038065,intent_loaded,xSGvLZFuMO9mUwep,14,poia-demo-bank,,,,webauthn,,,,1789038065.543,,"{""scenario"": """", ""client_ts"": 1789038065.543}"
1789038065,passkey_begin,xSGvLZFuMO9mUwep,14,poia-demo-bank,transfer,ok,,webauthn,,1789038065,1789038125,,,
1789038068,pending_served,CxRRI_b7-tz4IDgd,28,poia-demo-bank,transfer,pending,,zt_authenticator,,1789038059,1789038119,,,
1789038068,pending_served,CxRRI_b7-tz4IDgd,28,poia-demo-bank,transfer,pending,,zt_authenticator,,1789038059,1789038119,,,
1789038071,pending_served,CxRRI_b7-tz4IDgd,28,poia-demo-bank,transfer,pending,,zt_authenticator,,1789038059,1789038119,,,
1789038072,passkey_assertion,xSGvLZFuMO9mUwep,14,poia-demo-bank,,,,webauthn,,,,1789038072.561,,"{""scenario"": """", ""client_ts"": 1789038072.561}"
1789038072,passkey_complete,xSGvLZFuMO9mUwep,14,poia-demo-bank,transfer,approved,,webauthn,7434,1789038065,1789038125,,,
1789038072,approval_success,xSGvLZFuMO9mUwep,14,poia-demo-bank,,approved,,webauthn,,,,1789038072.591,,"{""scenario"": """", ""client_ts"": 1789038072.591, ""status"": ""approved""}"
1789038072,intent_execute,xSGvLZFuMO9mUwep,14,poia-demo-bank,transfer,approved,,,,1789038065,1789038125,,,
1789038081,intent_approve,CxRRI_b7-tz4IDgd,28,poia-demo-bank,transfer,approved,,zt_authenticator,22202,1789038059,1789038119,,,
1789038082,zt_status_approved,CxRRI_b7-tz4IDgd,28,poia-demo-bank,,approved,,zt_authenticator,,,,1789038082.515,,"{""scenario"": """", ""client_ts"": 1789038082.515, ""status"": ""approved""}"
1789038082,intent_execute,CxRRI_b7-tz4IDgd,28,poia-demo-bank,transfer,approved,,,,1789038059,1789038119,,,
1789038092,intent_created,NBO4WCJQswDMH6g2,14,poia-demo-bank,deposit,pending,,,,1789038092,1789038152,,,"{""scope"": {""account_id"": 25, ""amount"": 47645.0, ""currency"": ""USD""}}"
1789038092,intent_loaded,NBO4WCJQswDMH6g2,14,poia-demo-bank,,,,webauthn,,,,1789038092.783,,"{""scenario"": """", ""client_ts"": 1789038092.783}"
1789038092,passkey_begin,NBO4WCJQswDMH6g2,14,poia-demo-bank,deposit,ok,,webauthn,,1789038092,1789038152,,,
1789038097,intent_created,xdeWV6rvoESDVz9v,28,poia-demo-bank,transfer,pending,,,,1789038097,1789038157,,,"{""scope"": {""from_account"": 43, ""amount"": 34567876.0, ""currency"": ""USD"", ""beneficiary_id"": 22, ""beneficiary_name"": ""JJM Hofstede""}}"
1789038097,zt_auto_start,xdeWV6rvoESDVz9v,28,poia-demo-bank,,,,zt_authenticator,,,,1789038097.544,,"{""scenario"": """", ""client_ts"": 1789038097.544}"
1789038097,intent_loaded,xdeWV6rvoESDVz9v,28,poia-demo-bank,,,,zt_authenticator,,,,1789038097.544,,"{""scenario"": """", ""client_ts"": 1789038097.544}"
1789038098,passkey_assertion,NBO4WCJQswDMH6g2,14,poia-demo-bank,,,,webauthn,,,,1789038098.794,,"{""scenario"": """", ""client_ts"": 1789038098.794}"
1789038098,passkey_complete,NBO4WCJQswDMH6g2,14,poia-demo-bank,deposit,approved,,webauthn,6206,1789038092,1789038152,,,
1789038099,approval_success,NBO4WCJQswDMH6g2,14,poia-demo-bank,,approved,,webauthn,,,,1789038098.881,,"{""scenario"": """", ""client_ts"": 1789038098.881, ""status"": ""approved""}"
1789038099,intent_execute,NBO4WCJQswDMH6g2,14,poia-demo-bank,deposit,approved,,,,1789038092,1789038152,,,
1789038099,pending_served,xdeWV6rvoESDVz9v,28,poia-demo-bank,transfer,pending,,zt_authenticator,,1789038097,1789038157,,,
1789038105,pending_served,xdeWV6rvoESDVz9v,28,poia-demo-bank,transfer,pending,,zt_authenticator,,1789038097,1789038157,,,
1789038107,intent_approve,xdeWV6rvoESDVz9v,28,poia-demo-bank,transfer,approved,,zt_authenticator,10839,1789038097,1789038157,,,
1789038108,zt_status_approved,xdeWV6rvoESDVz9v,28,poia-demo-bank,,approved,,zt_authenticator,,,,1789038108.729,,"{""scenario"": """", ""client_ts"": 1789038108.729, ""status"": ""approved""}"
1789038108,intent_execute,xdeWV6rvoESDVz9v,28,poia-demo-bank,transfer,approved,,,,1789038097,1789038157,,,
1789038118,intent_created,4UF3Bx2hpjqMz0k3,14,poia-demo-bank,withdrawal,pending,,,,1789038118,1789038178,,,"{""scope"": {""account_id"": 26, ""amount"": 8645.0, ""currency"": ""USD""}}"
1789038118,intent_loaded,4UF3Bx2hpjqMz0k3,14,poia-demo-bank,,,,webauthn,,,,1789038118.603,,"{""scenario"": """", ""client_ts"": 1789038118.603}"
1789038118,passkey_begin,4UF3Bx2hpjqMz0k3,14,poia-demo-bank,withdrawal,ok,,webauthn,,1789038118,1789038178,,,
1789038124,passkey_assertion,4UF3Bx2hpjqMz0k3,14,poia-demo-bank,,,,webauthn,,,,1789038124.389,,"{""scenario"": """", ""client_ts"": 1789038124.389}"
1789038124,passkey_complete,4UF3Bx2hpjqMz0k3,14,poia-demo-bank,withdrawal,approved,,webauthn,5954,1789038118,1789038178,,,
1789038124,approval_success,4UF3Bx2hpjqMz0k3,14,poia-demo-bank,,approved,,webauthn,,,,1789038124.482,,"{""scenario"": """", ""client_ts"": 1789038124.482, ""status"": ""approved""}"
1789038124,intent_execute,4UF3Bx2hpjqMz0k3,14,poia-demo-bank,withdrawal,approved,,,,1789038118,1789038178,,,
1789038125,intent_created,ajeO-d0EAKKs0V7r,28,poia-demo-bank,transfer,pending,,,,1789038125,1789038185,,,"{""scope"": {""from_account"": 43, ""amount"": 1234567.0, ""currency"": ""USD"", ""beneficiary_id"": 31, ""beneficiary_name"": ""Senna de Kat""}}"
1789038125,zt_auto_start,ajeO-d0EAKKs0V7r,28,poia-demo-bank,,,,zt_authenticator,,,,1789038125.625,,"{""scenario"": """", ""client_ts"": 1789038125.625}"
1789038125,intent_loaded,ajeO-d0EAKKs0V7r,28,poia-demo-bank,,,,zt_authenticator,,,,1789038125.625,,"{""scenario"": """", ""client_ts"": 1789038125.625}"
1789038125,pending_served,ajeO-d0EAKKs0V7r,28,poia-demo-bank,transfer,pending,,zt_authenticator,,1789038125,1789038185,,,
1789038131,pending_served,ajeO-d0EAKKs0V7r,28,poia-demo-bank,transfer,pending,,zt_authenticator,,1789038125,1789038185,,,
1789038134,intent_approve,ajeO-d0EAKKs0V7r,28,poia-demo-bank,transfer,approved,,zt_authenticator,8679,1789038125,1789038185,,,
1789038135,zt_status_approved,ajeO-d0EAKKs0V7r,28,poia-demo-bank,,approved,,zt_authenticator,,,,1789038135.507,,"{""scenario"": """", ""client_ts"": 1789038135.507, ""status"": ""approved""}"
1789038135,intent_execute,ajeO-d0EAKKs0V7r,28,poia-demo-bank,transfer,approved,,,,1789038125,1789038185,,,
1789038137,intent_created,xY_wQPSRPqN_xoj4,14,poia-demo-bank,withdrawal,pending,,,,1789038137,1789038197,,,"{""scope"": {""account_id"": 26, ""amount"": 43637.0, ""currency"": ""USD""}}"
1789038137,intent_loaded,xY_wQPSRPqN_xoj4,14,poia-demo-bank,,,,webauthn,,,,1789038137.202,,"{""scenario"": """", ""client_ts"": 1789038137.202}"
1789038137,passkey_begin,xY_wQPSRPqN_xoj4,14,poia-demo-bank,withdrawal,ok,,webauthn,,1789038137,1789038197,,,
1789038144,intent_created,yKjQNw-jIsC7qTZ6,28,poia-demo-bank,transfer,pending,,,,1789038144,1789038204,,,"{""scope"": {""from_account"": 43, ""amount"": 1234567.0, ""currency"": ""USD"", ""beneficiary_id"": 31, ""beneficiary_name"": ""Senna de Kat""}}"
1789038144,zt_auto_start,yKjQNw-jIsC7qTZ6,28,poia-demo-bank,,,,zt_authenticator,,,,1789038144.079,,"{""scenario"": """", ""client_ts"": 1789038144.079}"
1789038144,intent_loaded,yKjQNw-jIsC7qTZ6,28,poia-demo-bank,,,,zt_authenticator,,,,1789038144.078,,"{""scenario"": """", ""client_ts"": 1789038144.078}"
1789038145,pending_served,yKjQNw-jIsC7qTZ6,28,poia-demo-bank,transfer,pending,,zt_authenticator,,1789038144,1789038204,,,
1789038147,passkey_assertion,xY_wQPSRPqN_xoj4,14,poia-demo-bank,,,,webauthn,,,,1789038147.818,,"{""scenario"": """", ""client_ts"": 1789038147.818}"
1789038147,passkey_complete,xY_wQPSRPqN_xoj4,14,poia-demo-bank,withdrawal,approved,,webauthn,10742,1789038137,1789038197,,,
1789038147,approval_success,xY_wQPSRPqN_xoj4,14,poia-demo-bank,,approved,,webauthn,,,,1789038147.842,,"{""scenario"": """", ""client_ts"": 1789038147.842, ""status"": ""approved""}"
1789038147,intent_execute,xY_wQPSRPqN_xoj4,14,poia-demo-bank,withdrawal,approved,,,,1789038137,1789038197,,,
1789038150,pending_served,yKjQNw-jIsC7qTZ6,28,poia-demo-bank,transfer,pending,,zt_authenticator,,1789038144,1789038204,,,
1789038153,intent_approve,yKjQNw-jIsC7qTZ6,28,poia-demo-bank,transfer,approved,,zt_authenticator,9548,1789038144,1789038204,,,
1789038154,zt_status_approved,yKjQNw-jIsC7qTZ6,28,poia-demo-bank,,approved,,zt_authenticator,,,,1789038154.881,,"{""scenario"": """", ""client_ts"": 1789038154.881, ""status"": ""approved""}"
1789038154,intent_execute,yKjQNw-jIsC7qTZ6,28,poia-demo-bank,transfer,approved,,,,1789038144,1789038204,,,
1789038177,intent_created,EzuFzoZ7n3qZxmO5,28,poia-demo-bank,beneficiary_add,pending,,,,1789038177,1789038237,,,"{""scope"": {""name"": ""Aki de Kat"", ""bank"": ""De bank voor katten"", ""account_number"": ""0098765432""}}"
1789038177,zt_auto_start,EzuFzoZ7n3qZxmO5,28,poia-demo-bank,,,,zt_authenticator,,,,1789038177.106,,"{""scenario"": """", ""client_ts"": 1789038177.106}"
1789038177,intent_loaded,EzuFzoZ7n3qZxmO5,28,poia-demo-bank,,,,zt_authenticator,,,,1789038177.106,,"{""scenario"": """", ""client_ts"": 1789038177.106}"
1789038177,pending_served,EzuFzoZ7n3qZxmO5,28,poia-demo-bank,beneficiary_add,pending,,zt_authenticator,,1789038177,1789038237,,,
1789038183,pending_served,EzuFzoZ7n3qZxmO5,28,poia-demo-bank,beneficiary_add,pending,,zt_authenticator,,1789038177,1789038237,,,
1789038184,intent_created,ZV00ul96aG37qHwF,14,poia-demo-bank,transfer,pending,,,,1789038184,1789038244,,,"{""scope"": {""from_account"": 25, ""amount"": 68.0, ""currency"": ""USD"", ""beneficiary_id"": 11, ""beneficiary_name"": ""Murembo""}}"
1789038184,intent_loaded,ZV00ul96aG37qHwF,14,poia-demo-bank,,,,webauthn,,,,1789038184.311,,"{""scenario"": """", ""client_ts"": 1789038184.311}"
1789038184,passkey_begin,ZV00ul96aG37qHwF,14,poia-demo-bank,transfer,ok,,webauthn,,1789038184,1789038244,,,
1789038185,intent_approve,EzuFzoZ7n3qZxmO5,28,poia-demo-bank,beneficiary_add,approved,,zt_authenticator,8611,1789038177,1789038237,,,
1789038186,zt_status_approved,EzuFzoZ7n3qZxmO5,28,poia-demo-bank,,approved,,zt_authenticator,,,,1789038186.86,,"{""scenario"": """", ""client_ts"": 1789038186.86, ""status"": ""approved""}"
1789038186,intent_execute,EzuFzoZ7n3qZxmO5,28,poia-demo-bank,beneficiary_add,approved,,,,1789038177,1789038237,,,
1789038191,passkey_assertion,ZV00ul96aG37qHwF,14,poia-demo-bank,,,,webauthn,,,,1789038191.498,,"{""scenario"": """", ""client_ts"": 1789038191.498}"
1789038191,passkey_complete,ZV00ul96aG37qHwF,14,poia-demo-bank,transfer,approved,,webauthn,7262,1789038184,1789038244,,,
1789038191,approval_success,ZV00ul96aG37qHwF,14,poia-demo-bank,,approved,,webauthn,,,,1789038191.532,,"{""scenario"": """", ""client_ts"": 1789038191.532, ""status"": ""approved""}"
1789038191,intent_execute,ZV00ul96aG37qHwF,14,poia-demo-bank,transfer,approved,,,,1789038184,1789038244,,,
1789038198,intent_created,eMl4By-EcFDKNwhr,28,poia-demo-bank,transfer,pending,,,,1789038198,1789038258,,,"{""scope"": {""from_account"": 43, ""amount"": 234.0, ""currency"": ""USD"", ""beneficiary_id"": 22, ""beneficiary_name"": ""JJM Hofstede""}}"
1789038198,zt_auto_start,eMl4By-EcFDKNwhr,28,poia-demo-bank,,,,zt_authenticator,,,,1789038198.654,,"{""scenario"": """", ""client_ts"": 1789038198.654}"
1789038198,intent_loaded,eMl4By-EcFDKNwhr,28,poia-demo-bank,,,,zt_authenticator,,,,1789038198.654,,"{""scenario"": """", ""client_ts"": 1789038198.654}"
1789038198,pending_served,eMl4By-EcFDKNwhr,28,poia-demo-bank,transfer,pending,,zt_authenticator,,1789038198,1789038258,,,
1789038203,pending_served,eMl4By-EcFDKNwhr,28,poia-demo-bank,transfer,pending,,zt_authenticator,,1789038198,1789038258,,,
1789038204,intent_created,r4FsOA7idx_xMAVD,14,poia-demo-bank,deposit,pending,,,,1789038204,1789038264,,,"{""scope"": {""account_id"": 25, ""amount"": 348.0, ""currency"": ""USD""}}"
1789038205,intent_loaded,r4FsOA7idx_xMAVD,14,poia-demo-bank,,,,webauthn,,,,1789038204.89,,"{""scenario"": """", ""client_ts"": 1789038204.89}"
1789038205,passkey_begin,r4FsOA7idx_xMAVD,14,poia-demo-bank,deposit,ok,,webauthn,,1789038204,1789038264,,,
1789038205,intent_approve,eMl4By-EcFDKNwhr,28,poia-demo-bank,transfer,approved,,zt_authenticator,7240,1789038198,1789038258,,,
1789038207,zt_status_approved,eMl4By-EcFDKNwhr,28,poia-demo-bank,,approved,,zt_authenticator,,,,1789038207.305,,"{""scenario"": """", ""client_ts"": 1789038207.305, ""status"": ""approved""}"
1789038207,intent_execute,eMl4By-EcFDKNwhr,28,poia-demo-bank,transfer,approved,,,,1789038198,1789038258,,,
1789038211,passkey_assertion,r4FsOA7idx_xMAVD,14,poia-demo-bank,,,,webauthn,,,,1789038210.999,,"{""scenario"": """", ""client_ts"": 1789038210.999}"
1789038211,passkey_complete,r4FsOA7idx_xMAVD,14,poia-demo-bank,deposit,approved,,webauthn,6215,1789038204,1789038264,,,
1789038211,approval_success,r4FsOA7idx_xMAVD,14,poia-demo-bank,,approved,,webauthn,,,,1789038211.076,,"{""scenario"": """", ""client_ts"": 1789038211.076, ""status"": ""approved""}"
1789038211,intent_execute,r4FsOA7idx_xMAVD,14,poia-demo-bank,deposit,approved,,,,1789038204,1789038264,,,
1789038217,intent_created,0acRFqYbgI-_tFqY,28,poia-demo-bank,transfer,pending,,,,1789038217,1789038277,,,"{""scope"": {""from_account"": 43, ""amount"": 1234567.0, ""currency"": ""USD"", ""beneficiary_id"": 30, ""beneficiary_name"": ""Jesse de Lange""}}"
1789038217,zt_auto_start,0acRFqYbgI-_tFqY,28,poia-demo-bank,,,,zt_authenticator,,,,1789038217.481,,"{""scenario"": """", ""client_ts"": 1789038217.481}"
1789038217,intent_loaded,0acRFqYbgI-_tFqY,28,poia-demo-bank,,,,zt_authenticator,,,,1789038217.481,,"{""scenario"": """", ""client_ts"": 1789038217.481}"
1789038217,pending_served,0acRFqYbgI-_tFqY,28,poia-demo-bank,transfer,pending,,zt_authenticator,,1789038217,1789038277,,,
1789038222,pending_served,0acRFqYbgI-_tFqY,28,poia-demo-bank,transfer,pending,,zt_authenticator,,1789038217,1789038277,,,
1789038224,intent_approve,0acRFqYbgI-_tFqY,28,poia-demo-bank,transfer,approved,,zt_authenticator,6747,1789038217,1789038277,,,
1789038225,zt_status_approved,0acRFqYbgI-_tFqY,28,poia-demo-bank,,approved,,zt_authenticator,,,,1789038225.639,,"{""scenario"": """", ""client_ts"": 1789038225.639, ""status"": ""approved""}"
1789038225,intent_execute,0acRFqYbgI-_tFqY,28,poia-demo-bank,transfer,approved,,,,1789038217,1789038277,,,
1789038226,intent_created,B89C5Q5msKPVfVci,14,poia-demo-bank,withdrawal,pending,,,,1789038226,1789038286,,,"{""scope"": {""account_id"": 26, ""amount"": 6255.0, ""currency"": ""USD""}}"
1789038226,intent_loaded,B89C5Q5msKPVfVci,14,poia-demo-bank,,,,webauthn,,,,1789038226.454,,"{""scenario"": """", ""client_ts"": 1789038226.454}"
1789038226,passkey_begin,B89C5Q5msKPVfVci,14,poia-demo-bank,withdrawal,ok,,webauthn,,1789038226,1789038286,,,
1789038234,passkey_assertion,B89C5Q5msKPVfVci,14,poia-demo-bank,,,,webauthn,,,,1789038234.493,,"{""scenario"": """", ""client_ts"": 1789038234.493}"
1789038234,passkey_complete,B89C5Q5msKPVfVci,14,poia-demo-bank,withdrawal,approved,,webauthn,8199,1789038226,1789038286,,,
1789038234,approval_success,B89C5Q5msKPVfVci,14,poia-demo-bank,,approved,,webauthn,,,,1789038234.58,,"{""scenario"": """", ""client_ts"": 1789038234.58, ""status"": ""approved""}"
1789038234,intent_execute,B89C5Q5msKPVfVci,14,poia-demo-bank,withdrawal,approved,,,,1789038226,1789038286,,,
1789038238,intent_created,SVqW82YjJsPfTdR7,28,poia-demo-bank,transfer,pending,,,,1789038238,1789038298,,,"{""scope"": {""from_account"": 43, ""amount"": 11.0, ""currency"": ""USD"", ""beneficiary_id"": 30, ""beneficiary_name"": ""Jesse de Lange""}}"
1789038238,zt_auto_start,SVqW82YjJsPfTdR7,28,poia-demo-bank,,,,zt_authenticator,,,,1789038238.768,,"{""scenario"": """", ""client_ts"": 1789038238.768}"
1789038238,intent_loaded,SVqW82YjJsPfTdR7,28,poia-demo-bank,,,,zt_authenticator,,,,1789038238.767,,"{""scenario"": """", ""client_ts"": 1789038238.767}"
1789038241,pending_served,SVqW82YjJsPfTdR7,28,poia-demo-bank,transfer,pending,,zt_authenticator,,1789038238,1789038298,,,
1789038241,pending_served,SVqW82YjJsPfTdR7,28,poia-demo-bank,transfer,pending,,zt_authenticator,,1789038238,1789038298,,,
1789038242,intent_approve,SVqW82YjJsPfTdR7,28,poia-demo-bank,transfer,approved,,zt_authenticator,3749,1789038238,1789038298,,,
1789038242,zt_status_approved,SVqW82YjJsPfTdR7,28,poia-demo-bank,,approved,,zt_authenticator,,,,1789038242.649,,"{""scenario"": """", ""client_ts"": 1789038242.649, ""status"": ""approved""}"
1789038242,intent_execute,SVqW82YjJsPfTdR7,28,poia-demo-bank,transfer,approved,,,,1789038238,1789038298,,,
1789038242,intent_created,gwcqI1gmbvoTes5a,14,poia-demo-bank,deposit,pending,,,,1789038242,1789038302,,,"{""scope"": {""account_id"": 25, ""amount"": 58476.0, ""currency"": ""USD""}}"
1789038242,intent_loaded,gwcqI1gmbvoTes5a,14,poia-demo-bank,,,,webauthn,,,,1789038242.865,,"{""scenario"": """", ""client_ts"": 1789038242.865}"
1789038242,passkey_begin,gwcqI1gmbvoTes5a,14,poia-demo-bank,deposit,ok,,webauthn,,1789038242,1789038302,,,
1789038248,passkey_assertion,gwcqI1gmbvoTes5a,14,poia-demo-bank,,,,webauthn,,,,1789038248.699,,"{""scenario"": """", ""client_ts"": 1789038248.699}"
1789038248,passkey_complete,gwcqI1gmbvoTes5a,14,poia-demo-bank,deposit,approved,,webauthn,5902,1789038242,1789038302,,,
1789038248,approval_success,gwcqI1gmbvoTes5a,14,poia-demo-bank,,approved,,webauthn,,,,1789038248.729,,"{""scenario"": """", ""client_ts"": 1789038248.729, ""status"": ""approved""}"
1789038248,intent_execute,gwcqI1gmbvoTes5a,14,poia-demo-bank,deposit,approved,,,,1789038242,1789038302,,,
1789038249,intent_created,zjYc9aDMikxuUgrP,28,poia-demo-bank,transfer,pending,,,,1789038249,1789038309,,,"{""scope"": {""from_account"": 43, ""amount"": 678.0, ""currency"": ""USD"", ""beneficiary_id"": 32, ""beneficiary_name"": ""Aki de Kat""}}"
1789038250,intent_loaded,zjYc9aDMikxuUgrP,28,poia-demo-bank,,,,zt_authenticator,,,,1789038249.953,,"{""scenario"": """", ""client_ts"": 1789038249.953}"
1789038250,zt_auto_start,zjYc9aDMikxuUgrP,28,poia-demo-bank,,,,zt_authenticator,,,,1789038249.953,,"{""scenario"": """", ""client_ts"": 1789038249.953}"
1789038250,pending_served,zjYc9aDMikxuUgrP,28,poia-demo-bank,transfer,pending,,zt_authenticator,,1789038249,1789038309,,,
1789038253,pending_served,zjYc9aDMikxuUgrP,28,poia-demo-bank,transfer,pending,,zt_authenticator,,1789038249,1789038309,,,
1789038255,intent_approve,zjYc9aDMikxuUgrP,28,poia-demo-bank,transfer,approved,,zt_authenticator,5925,1789038249,1789038309,,,
1789038256,zt_status_approved,zjYc9aDMikxuUgrP,28,poia-demo-bank,,approved,,zt_authenticator,,,,1789038256.574,,"{""scenario"": """", ""client_ts"": 1789038256.574, ""status"": ""approved""}"
1789038256,intent_execute,zjYc9aDMikxuUgrP,28,poia-demo-bank,transfer,approved,,,,1789038249,1789038309,,,
1789038260,intent_created,zGN1i8Z1nXp6jnA5,28,poia-demo-bank,transfer,pending,,,,1789038260,1789038320,,,"{""scope"": {""from_account"": 43, ""amount"": 456789.0, ""currency"": ""USD"", ""beneficiary_id"": 22, ""beneficiary_name"": ""JJM Hofstede""}}"
1789038261,zt_auto_start,zGN1i8Z1nXp6jnA5,28,poia-demo-bank,,,,zt_authenticator,,,,1789038260.988,,"{""scenario"": """", ""client_ts"": 1789038260.988}"
1789038261,intent_loaded,zGN1i8Z1nXp6jnA5,28,poia-demo-bank,,,,zt_authenticator,,,,1789038260.987,,"{""scenario"": """", ""client_ts"": 1789038260.987}"
1789038261,pending_served,zGN1i8Z1nXp6jnA5,28,poia-demo-bank,transfer,pending,,zt_authenticator,,1789038260,1789038320,,,
1789038263,intent_created,EBwoR2DtSSvU8R1N,14,poia-demo-bank,withdrawal,pending,,,,1789038263,1789038323,,,"{""scope"": {""account_id"": 25, ""amount"": 7544.0, ""currency"": ""USD""}}"
1789038263,intent_loaded,EBwoR2DtSSvU8R1N,14,poia-demo-bank,,,,webauthn,,,,1789038263.848,,"{""scenario"": """", ""client_ts"": 1789038263.848}"
1789038263,passkey_begin,EBwoR2DtSSvU8R1N,14,poia-demo-bank,withdrawal,ok,,webauthn,,1789038263,1789038323,,,
1789038267,pending_served,zGN1i8Z1nXp6jnA5,28,poia-demo-bank,transfer,pending,,zt_authenticator,,1789038260,1789038320,,,
1789038269,intent_approve,zGN1i8Z1nXp6jnA5,28,poia-demo-bank,transfer,approved,,zt_authenticator,8986,1789038260,1789038320,,,
1789038270,passkey_assertion,EBwoR2DtSSvU8R1N,14,poia-demo-bank,,,,webauthn,,,,1789038270.664,,"{""scenario"": """", ""client_ts"": 1789038270.664}"
1789038270,passkey_complete,EBwoR2DtSSvU8R1N,14,poia-demo-bank,withdrawal,approved,,webauthn,6887,1789038263,1789038323,,,
1789038270,approval_success,EBwoR2DtSSvU8R1N,14,poia-demo-bank,,approved,,webauthn,,,,1789038270.7,,"{""scenario"": """", ""client_ts"": 1789038270.7, ""status"": ""approved""}"
1789038270,intent_execute,EBwoR2DtSSvU8R1N,14,poia-demo-bank,withdrawal,approved,,,,1789038263,1789038323,,,
1789038270,zt_status_approved,zGN1i8Z1nXp6jnA5,28,poia-demo-bank,,approved,,zt_authenticator,,,,1789038270.792,,"{""scenario"": """", ""client_ts"": 1789038270.792, ""status"": ""approved""}"
1789038270,intent_execute,zGN1i8Z1nXp6jnA5,28,poia-demo-bank,transfer,approved,,,,1789038260,1789038320,,,
1789038281,intent_created,-D1XG-_PMr-TprA3,14,poia-demo-bank,deposit,pending,,,,1789038281,1789038341,,,"{""scope"": {""account_id"": 25, ""amount"": 6434.0, ""currency"": ""USD""}}"
1789038281,intent_loaded,-D1XG-_PMr-TprA3,14,poia-demo-bank,,,,webauthn,,,,1789038281.738,,"{""scenario"": """", ""client_ts"": 1789038281.738}"
1789038281,passkey_begin,-D1XG-_PMr-TprA3,14,poia-demo-bank,deposit,ok,,webauthn,,1789038281,1789038341,,,
1789038283,intent_created,kmp2Px-QRAtEzhZp,28,poia-demo-bank,transfer,pending,,,,1789038283,1789038343,,,"{""scope"": {""from_account"": 43, ""amount"": 7890.0, ""currency"": ""USD"", ""beneficiary_id"": 22, ""beneficiary_name"": ""JJM Hofstede""}}"
1789038283,zt_auto_start,kmp2Px-QRAtEzhZp,28,poia-demo-bank,,,,zt_authenticator,,,,1789038283.17,,"{""scenario"": """", ""client_ts"": 1789038283.17}"
1789038283,intent_loaded,kmp2Px-QRAtEzhZp,28,poia-demo-bank,,,,zt_authenticator,,,,1789038283.17,,"{""scenario"": """", ""client_ts"": 1789038283.17}"
1789038283,pending_served,kmp2Px-QRAtEzhZp,28,poia-demo-bank,transfer,pending,,zt_authenticator,,1789038283,1789038343,,,
1789038287,pending_served,kmp2Px-QRAtEzhZp,28,poia-demo-bank,transfer,pending,,zt_authenticator,,1789038283,1789038343,,,
1789038288,passkey_assertion,-D1XG-_PMr-TprA3,14,poia-demo-bank,,,,webauthn,,,,1789038288.485,,"{""scenario"": """", ""client_ts"": 1789038288.485}"
1789038288,passkey_complete,-D1XG-_PMr-TprA3,14,poia-demo-bank,deposit,approved,,webauthn,6833,1789038281,1789038341,,,
1789038288,approval_success,-D1XG-_PMr-TprA3,14,poia-demo-bank,,approved,,webauthn,,,,1789038288.515,,"{""scenario"": """", ""client_ts"": 1789038288.515, ""status"": ""approved""}"
1789038288,intent_execute,-D1XG-_PMr-TprA3,14,poia-demo-bank,deposit,approved,,,,1789038281,1789038341,,,
1789038294,intent_approve,kmp2Px-QRAtEzhZp,28,poia-demo-bank,transfer,approved,,zt_authenticator,11012,1789038283,1789038343,,,
1789038294,zt_status_approved,kmp2Px-QRAtEzhZp,28,poia-demo-bank,,approved,,zt_authenticator,,,,1789038294.321,,"{""scenario"": """", ""client_ts"": 1789038294.321, ""status"": ""approved""}"
1789038294,intent_execute,kmp2Px-QRAtEzhZp,28,poia-demo-bank,transfer,approved,,,,1789038283,1789038343,,,
1789038333,intent_created,L7wv05pfxoVvnaHr,14,poia-demo-bank,deposit,pending,,,,1789038333,1789038393,,,"{""scope"": {""account_id"": 25, ""amount"": 5487.0, ""currency"": ""USD""}}"
1789038333,intent_loaded,L7wv05pfxoVvnaHr,14,poia-demo-bank,,,,webauthn,,,,1789038333.745,,"{""scenario"": """", ""client_ts"": 1789038333.745}"
1789038333,passkey_begin,L7wv05pfxoVvnaHr,14,poia-demo-bank,deposit,ok,,webauthn,,1789038333,1789038393,,,
1789038340,passkey_assertion,L7wv05pfxoVvnaHr,14,poia-demo-bank,,,,webauthn,,,,1789038339.907,,"{""scenario"": """", ""client_ts"": 1789038339.907}"
1789038340,passkey_complete,L7wv05pfxoVvnaHr,14,poia-demo-bank,deposit,approved,,webauthn,6307,1789038333,1789038393,,,
1789038340,approval_success,L7wv05pfxoVvnaHr,14,poia-demo-bank,,approved,,webauthn,,,,1789038339.998,,"{""scenario"": """", ""client_ts"": 1789038339.998, ""status"": ""approved""}"
1789038340,intent_execute,L7wv05pfxoVvnaHr,14,poia-demo-bank,deposit,approved,,,,1789038333,1789038393,,,
1789038341,intent_created,ArexmDI88F7ceoQs,28,poia-demo-bank,beneficiary_add,pending,,,,1789038341,1789038401,,,"{""scope"": {""name"": ""BlahBlah"", ""bank"": ""BlahBlahBlah"", ""account_number"": ""37632671386768713""}}"
1789038342,zt_auto_start,ArexmDI88F7ceoQs,28,poia-demo-bank,,,,zt_authenticator,,,,1789038342.143,,"{""scenario"": """", ""client_ts"": 1789038342.143}"
1789038342,intent_loaded,ArexmDI88F7ceoQs,28,poia-demo-bank,,,,zt_authenticator,,,,1789038342.143,,"{""scenario"": """", ""client_ts"": 1789038342.143}"
1789038342,pending_served,ArexmDI88F7ceoQs,28,poia-demo-bank,beneficiary_add,pending,,zt_authenticator,,1789038341,1789038401,,,
1789038347,pending_served,ArexmDI88F7ceoQs,28,poia-demo-bank,beneficiary_add,pending,,zt_authenticator,,1789038341,1789038401,,,
1789038347,intent_created,OgTVDpaiSJ_IOmiX,14,poia-demo-bank,deposit,pending,,,,1789038347,1789038407,,,"{""scope"": {""account_id"": 25, ""amount"": 458.0, ""currency"": ""USD""}}"
1789038347,intent_loaded,OgTVDpaiSJ_IOmiX,14,poia-demo-bank,,,,webauthn,,,,1789038347.755,,"{""scenario"": """", ""client_ts"": 1789038347.755}"
1789038347,passkey_begin,OgTVDpaiSJ_IOmiX,14,poia-demo-bank,deposit,ok,,webauthn,,1789038347,1789038407,,,
1789038349,intent_approve,ArexmDI88F7ceoQs,28,poia-demo-bank,beneficiary_add,approved,,zt_authenticator,7732,1789038341,1789038401,,,
1789038350,zt_status_approved,ArexmDI88F7ceoQs,28,poia-demo-bank,,approved,,zt_authenticator,,,,1789038350.441,,"{""scenario"": """", ""client_ts"": 1789038350.441, ""status"": ""approved""}"
1789038350,intent_execute,ArexmDI88F7ceoQs,28,poia-demo-bank,beneficiary_add,approved,,,,1789038341,1789038401,,,
1789038353,passkey_assertion,OgTVDpaiSJ_IOmiX,14,poia-demo-bank,,,,webauthn,,,,1789038353.639,,"{""scenario"": """", ""client_ts"": 1789038353.639}"
1789038353,passkey_complete,OgTVDpaiSJ_IOmiX,14,poia-demo-bank,deposit,approved,,webauthn,5996,1789038347,1789038407,,,
1789038353,approval_success,OgTVDpaiSJ_IOmiX,14,poia-demo-bank,,approved,,webauthn,,,,1789038353.714,,"{""scenario"": """", ""client_ts"": 1789038353.714, ""status"": ""approved""}"
1789038353,intent_execute,OgTVDpaiSJ_IOmiX,14,poia-demo-bank,deposit,approved,,,,1789038347,1789038407,,,
1789038367,intent_created,xNyg2Tj8TMTB8lCT,28,poia-demo-bank,withdrawal,pending,,,,1789038367,1789038427,,,"{""scope"": {""account_id"": 43, ""amount"": 345678765.0, ""currency"": ""USD""}}"
1789038367,zt_auto_start,xNyg2Tj8TMTB8lCT,28,poia-demo-bank,,,,zt_authenticator,,,,1789038367.353,,"{""scenario"": """", ""client_ts"": 1789038367.353}"
1789038367,intent_loaded,xNyg2Tj8TMTB8lCT,28,poia-demo-bank,,,,zt_authenticator,,,,1789038367.353,,"{""scenario"": """", ""client_ts"": 1789038367.353}"
1789038368,pending_served,xNyg2Tj8TMTB8lCT,28,poia-demo-bank,withdrawal,pending,,zt_authenticator,,1789038367,1789038427,,,
1789038373,pending_served,xNyg2Tj8TMTB8lCT,28,poia-demo-bank,withdrawal,pending,,zt_authenticator,,1789038367,1789038427,,,
1789038377,intent_approve,xNyg2Tj8TMTB8lCT,28,poia-demo-bank,withdrawal,approved,,zt_authenticator,10106,1789038367,1789038427,,,
1789038377,zt_status_approved,xNyg2Tj8TMTB8lCT,28,poia-demo-bank,,approved,,zt_authenticator,,,,1789038377.685,,"{""scenario"": """", ""client_ts"": 1789038377.685, ""status"": ""approved""}"
1789038377,intent_execute,xNyg2Tj8TMTB8lCT,28,poia-demo-bank,withdrawal,approved,,,,1789038367,1789038427,,,
1789038384,intent_created,3KjUpuanj0Y4O_Z9,28,poia-demo-bank,transfer,pending,,,,1789038384,1789038444,,,"{""scope"": {""from_account"": 43, ""amount"": 45678.0, ""currency"": ""USD"", ""beneficiary_id"": 22, ""beneficiary_name"": ""JJM Hofstede""}}"
1789038384,zt_auto_start,3KjUpuanj0Y4O_Z9,28,poia-demo-bank,,,,zt_authenticator,,,,1789038384.616,,"{""scenario"": """", ""client_ts"": 1789038384.616}"
1789038384,intent_loaded,3KjUpuanj0Y4O_Z9,28,poia-demo-bank,,,,zt_authenticator,,,,1789038384.616,,"{""scenario"": """", ""client_ts"": 1789038384.616}"
1789038384,pending_served,3KjUpuanj0Y4O_Z9,28,poia-demo-bank,transfer,pending,,zt_authenticator,,1789038384,1789038444,,,
1789038389,pending_served,3KjUpuanj0Y4O_Z9,28,poia-demo-bank,transfer,pending,,zt_authenticator,,1789038384,1789038444,,,
1789038391,intent_approve,3KjUpuanj0Y4O_Z9,28,poia-demo-bank,transfer,approved,,zt_authenticator,7085,1789038384,1789038444,,,
1789038393,zt_status_approved,3KjUpuanj0Y4O_Z9,28,poia-demo-bank,,approved,,zt_authenticator,,,,1789038392.946,,"{""scenario"": """", ""client_ts"": 1789038392.946, ""status"": ""approved""}"
1789038393,intent_execute,3KjUpuanj0Y4O_Z9,28,poia-demo-bank,transfer,approved,,,,1789038384,1789038444,,,
1789038397,intent_created,jTusDuj_zUurWuid,28,poia-demo-bank,transfer,pending,,,,1789038397,1789038457,,,"{""scope"": {""from_account"": 43, ""amount"": 9876567.0, ""currency"": ""USD"", ""beneficiary_id"": 22, ""beneficiary_name"": ""JJM Hofstede""}}"
1789038397,zt_auto_start,jTusDuj_zUurWuid,28,poia-demo-bank,,,,zt_authenticator,,,,1789038397.595,,"{""scenario"": """", ""client_ts"": 1789038397.595}"
1789038397,intent_loaded,jTusDuj_zUurWuid,28,poia-demo-bank,,,,zt_authenticator,,,,1789038397.595,,"{""scenario"": """", ""client_ts"": 1789038397.595}"
1789038398,pending_served,jTusDuj_zUurWuid,28,poia-demo-bank,transfer,pending,,zt_authenticator,,1789038397,1789038457,,,
1789038401,pending_served,jTusDuj_zUurWuid,28,poia-demo-bank,transfer,pending,,zt_authenticator,,1789038397,1789038457,,,
1789038403,intent_approve,jTusDuj_zUurWuid,28,poia-demo-bank,transfer,approved,,zt_authenticator,6355,1789038397,1789038457,,,
1789038404,zt_status_approved,jTusDuj_zUurWuid,28,poia-demo-bank,,approved,,zt_authenticator,,,,1789038404.467,,"{""scenario"": """", ""client_ts"": 1789038404.467, ""status"": ""approved""}"
1789038404,intent_execute,jTusDuj_zUurWuid,28,poia-demo-bank,transfer,approved,,,,1789038397,1789038457,,,
1789038411,intent_created,aT6DXtsIKAhhqsY_,28,poia-demo-bank,transfer,pending,,,,1789038411,1789038471,,,"{""scope"": {""from_account"": 43, ""amount"": 98765.0, ""currency"": ""USD"", ""beneficiary_id"": 33, ""beneficiary_name"": ""BlahBlah""}}"
1789038411,zt_auto_start,aT6DXtsIKAhhqsY_,28,poia-demo-bank,,,,zt_authenticator,,,,1789038411.916,,"{""scenario"": """", ""client_ts"": 1789038411.916}"
1789038411,intent_loaded,aT6DXtsIKAhhqsY_,28,poia-demo-bank,,,,zt_authenticator,,,,1789038411.916,,"{""scenario"": """", ""client_ts"": 1789038411.916}"
1789038412,pending_served,aT6DXtsIKAhhqsY_,28,poia-demo-bank,transfer,pending,,zt_authenticator,,1789038411,1789038471,,,
1789038415,pending_served,aT6DXtsIKAhhqsY_,28,poia-demo-bank,transfer,pending,,zt_authenticator,,1789038411,1789038471,,,
1789038418,intent_approve,aT6DXtsIKAhhqsY_,28,poia-demo-bank,transfer,approved,,zt_authenticator,6358,1789038411,1789038471,,,
1789038418,zt_status_approved,aT6DXtsIKAhhqsY_,28,poia-demo-bank,,approved,,zt_authenticator,,,,1789038418.578,,"{""scenario"": """", ""client_ts"": 1789038418.578, ""status"": ""approved""}"
1789038418,intent_execute,aT6DXtsIKAhhqsY_,28,poia-demo-bank,transfer,approved,,,,1789038411,1789038471,,,
1789038423,intent_created,OrMjZFnv66vogZT6,28,poia-demo-bank,transfer,pending,,,,1789038423,1789038483,,,"{""scope"": {""from_account"": 43, ""amount"": 9876543.0, ""currency"": ""USD"", ""beneficiary_id"": 22, ""beneficiary_name"": ""JJM Hofstede""}}"
1789038423,zt_auto_start,OrMjZFnv66vogZT6,28,poia-demo-bank,,,,zt_authenticator,,,,1789038423.514,,"{""scenario"": """", ""client_ts"": 1789038423.514}"
1789038423,intent_loaded,OrMjZFnv66vogZT6,28,poia-demo-bank,,,,zt_authenticator,,,,1789038423.513,,"{""scenario"": """", ""client_ts"": 1789038423.513}"
1789038424,pending_served,OrMjZFnv66vogZT6,28,poia-demo-bank,transfer,pending,,zt_authenticator,,1789038423,1789038483,,,
1789038429,pending_served,OrMjZFnv66vogZT6,28,poia-demo-bank,transfer,pending,,zt_authenticator,,1789038423,1789038483,,,
1789038432,intent_approve,OrMjZFnv66vogZT6,28,poia-demo-bank,transfer,approved,,zt_authenticator,8845,1789038423,1789038483,,,
1789038433,zt_status_approved,OrMjZFnv66vogZT6,28,poia-demo-bank,,approved,,zt_authenticator,,,,1789038433.282,,"{""scenario"": """", ""client_ts"": 1789038433.282, ""status"": ""approved""}"
1789038433,intent_execute,OrMjZFnv66vogZT6,28,poia-demo-bank,transfer,approved,,,,1789038423,1789038483,,,
1789038465,intent_created,tYzxhaTbJwJlSI_8,28,poia-demo-bank,beneficiary_add,pending,,,,1789038465,1789038525,,,"{""scope"": {""name"": ""Koning Willem-Alexander"", ""bank"": ""De bank voor mensen die geen BTW betalen"", ""account_number"": ""456789876""}}"
1789038465,zt_auto_start,tYzxhaTbJwJlSI_8,28,poia-demo-bank,,,,zt_authenticator,,,,1789038465.568,,"{""scenario"": """", ""client_ts"": 1789038465.568}"
1789038465,intent_loaded,tYzxhaTbJwJlSI_8,28,poia-demo-bank,,,,zt_authenticator,,,,1789038465.568,,"{""scenario"": """", ""client_ts"": 1789038465.568}"
1789038468,pending_served,tYzxhaTbJwJlSI_8,28,poia-demo-bank,beneficiary_add,pending,,zt_authenticator,,1789038465,1789038525,,,
1789038473,pending_served,tYzxhaTbJwJlSI_8,28,poia-demo-bank,beneficiary_add,pending,,zt_authenticator,,1789038465,1789038525,,,
1789038475,intent_approve,tYzxhaTbJwJlSI_8,28,poia-demo-bank,beneficiary_add,approved,,zt_authenticator,10377,1789038465,1789038525,,,
1789038476,zt_status_approved,tYzxhaTbJwJlSI_8,28,poia-demo-bank,,approved,,zt_authenticator,,,,1789038476.268,,"{""scenario"": """", ""client_ts"": 1789038476.268, ""status"": ""approved""}"
1789038476,intent_execute,tYzxhaTbJwJlSI_8,28,poia-demo-bank,beneficiary_add,approved,,,,1789038465,1789038525,,,
1789038486,intent_created,kpx8XMl1cE3khrmT,28,poia-demo-bank,transfer,pending,,,,1789038486,1789038546,,,"{""scope"": {""from_account"": 43, ""amount"": 74389.0, ""currency"": ""USD"", ""beneficiary_id"": 34, ""beneficiary_name"": ""Koning Willem-Alexander""}}"
1789038487,zt_auto_start,kpx8XMl1cE3khrmT,28,poia-demo-bank,,,,zt_authenticator,,,,1789038486.934,,"{""scenario"": """", ""client_ts"": 1789038486.934}"
1789038487,intent_loaded,kpx8XMl1cE3khrmT,28,poia-demo-bank,,,,zt_authenticator,,,,1789038486.934,,"{""scenario"": """", ""client_ts"": 1789038486.934}"
1789038487,pending_served,kpx8XMl1cE3khrmT,28,poia-demo-bank,transfer,pending,,zt_authenticator,,1789038486,1789038546,,,
1789038493,pending_served,kpx8XMl1cE3khrmT,28,poia-demo-bank,transfer,pending,,zt_authenticator,,1789038486,1789038546,,,
1789038495,intent_approve,kpx8XMl1cE3khrmT,28,poia-demo-bank,transfer,approved,,zt_authenticator,9011,1789038486,1789038546,,,
1789038497,zt_status_approved,kpx8XMl1cE3khrmT,28,poia-demo-bank,,approved,,zt_authenticator,,,,1789038497.218,,"{""scenario"": """", ""client_ts"": 1789038497.218, ""status"": ""approved""}"
1789038497,intent_execute,kpx8XMl1cE3khrmT,28,poia-demo-bank,transfer,approved,,,,1789038486,1789038546,,,
1789038508,intent_created,jZYiLBDrH5hIj4N6,28,poia-demo-bank,transfer,pending,,,,1789038508,1789038568,,,"{""scope"": {""from_account"": 43, ""amount"": 67428.0, ""currency"": ""USD"", ""beneficiary_id"": 33, ""beneficiary_name"": ""BlahBlah""}}"
1789038508,zt_auto_start,jZYiLBDrH5hIj4N6,28,poia-demo-bank,,,,zt_authenticator,,,,1789038508.345,,"{""scenario"": """", ""client_ts"": 1789038508.345}"
1789038508,intent_loaded,jZYiLBDrH5hIj4N6,28,poia-demo-bank,,,,zt_authenticator,,,,1789038508.345,,"{""scenario"": """", ""client_ts"": 1789038508.345}"
1789038508,pending_served,jZYiLBDrH5hIj4N6,28,poia-demo-bank,transfer,pending,,zt_authenticator,,1789038508,1789038568,,,
1789038514,pending_served,jZYiLBDrH5hIj4N6,28,poia-demo-bank,transfer,pending,,zt_authenticator,,1789038508,1789038568,,,
1789038519,pending_served,jZYiLBDrH5hIj4N6,28,poia-demo-bank,transfer,pending,,zt_authenticator,,1789038508,1789038568,,,
1789038524,intent_approve,jZYiLBDrH5hIj4N6,28,poia-demo-bank,transfer,approved,,zt_authenticator,16261,1789038508,1789038568,,,
1789038526,zt_status_approved,jZYiLBDrH5hIj4N6,28,poia-demo-bank,,approved,,zt_authenticator,,,,1789038526.081,,"{""scenario"": """", ""client_ts"": 1789038526.081, ""status"": ""approved""}"
1789038526,intent_execute,jZYiLBDrH5hIj4N6,28,poia-demo-bank,transfer,approved,,,,1789038508,1789038568,,,
1789038530,intent_created,Ep-NEr5H_O2cKYul,28,poia-demo-bank,transfer,pending,,,,1789038530,1789038590,,,"{""scope"": {""from_account"": 43, ""amount"": 122838.0, ""currency"": ""USD"", ""beneficiary_id"": 22, ""beneficiary_name"": ""JJM Hofstede""}}"
1789038530,zt_auto_start,Ep-NEr5H_O2cKYul,28,poia-demo-bank,,,,zt_authenticator,,,,1789038530.926,,"{""scenario"": """", ""client_ts"": 1789038530.926}"
1789038531,intent_loaded,Ep-NEr5H_O2cKYul,28,poia-demo-bank,,,,zt_authenticator,,,,1789038530.926,,"{""scenario"": """", ""client_ts"": 1789038530.926}"
1789038532,pending_served,Ep-NEr5H_O2cKYul,28,poia-demo-bank,transfer,pending,,zt_authenticator,,1789038530,1789038590,,,
1789038538,pending_served,Ep-NEr5H_O2cKYul,28,poia-demo-bank,transfer,pending,,zt_authenticator,,1789038530,1789038590,,,
1789038544,pending_served,Ep-NEr5H_O2cKYul,28,poia-demo-bank,transfer,pending,,zt_authenticator,,1789038530,1789038590,,,
1789038550,pending_served,Ep-NEr5H_O2cKYul,28,poia-demo-bank,transfer,pending,,zt_authenticator,,1789038530,1789038590,,,
1789038554,intent_created,ygI41Hb7yVlNpYu7,28,poia-demo-bank,transfer,pending,,,,1789038554,1789038614,,,"{""scope"": {""from_account"": 43, ""amount"": 5678.0, ""currency"": ""USD"", ""beneficiary_id"": 34, ""beneficiary_name"": ""Koning Willem-Alexander""}}"
1789038554,zt_auto_start,ygI41Hb7yVlNpYu7,28,poia-demo-bank,,,,zt_authenticator,,,,1789038554.542,,"{""scenario"": """", ""client_ts"": 1789038554.542}"
1789038554,intent_loaded,ygI41Hb7yVlNpYu7,28,poia-demo-bank,,,,zt_authenticator,,,,1789038554.542,,"{""scenario"": """", ""client_ts"": 1789038554.542}"
1789038556,pending_served,Ep-NEr5H_O2cKYul,28,poia-demo-bank,transfer,pending,,zt_authenticator,,1789038530,1789038590,,,
1789038556,pending_served,Ep-NEr5H_O2cKYul,28,poia-demo-bank,transfer,pending,,zt_authenticator,,1789038530,1789038590,,,
1789038562,pending_served,Ep-NEr5H_O2cKYul,28,poia-demo-bank,transfer,pending,,zt_authenticator,,1789038530,1789038590,,,
1789038567,pending_served,Ep-NEr5H_O2cKYul,28,poia-demo-bank,transfer,pending,,zt_authenticator,,1789038530,1789038590,,,
1789038570,intent_approve,Ep-NEr5H_O2cKYul,28,poia-demo-bank,transfer,approved,,zt_authenticator,39615,1789038530,1789038590,,,
1789038575,pending_served,ygI41Hb7yVlNpYu7,28,poia-demo-bank,transfer,pending,,zt_authenticator,,1789038554,1789038614,,,
1789038578,intent_approve,ygI41Hb7yVlNpYu7,28,poia-demo-bank,transfer,approved,,zt_authenticator,23639,1789038554,1789038614,,,
1789038578,zt_status_approved,ygI41Hb7yVlNpYu7,28,poia-demo-bank,,approved,,zt_authenticator,,,,1789038578.484,,"{""scenario"": """", ""client_ts"": 1789038578.484, ""status"": ""approved""}"
1789038578,intent_execute,ygI41Hb7yVlNpYu7,28,poia-demo-bank,transfer,approved,,,,1789038554,1789038614,,,
1789038588,intent_created,j8oAPvMUD7puA5zs,28,poia-demo-bank,transfer,pending,,,,1789038588,1789038648,,,"{""scope"": {""from_account"": 43, ""amount"": 12345678.0, ""currency"": ""USD"", ""beneficiary_id"": 32, ""beneficiary_name"": ""Aki de Kat""}}"
1789038588,zt_auto_start,j8oAPvMUD7puA5zs,28,poia-demo-bank,,,,zt_authenticator,,,,1789038588.706,,"{""scenario"": """", ""client_ts"": 1789038588.706}"
1789038588,intent_loaded,j8oAPvMUD7puA5zs,28,poia-demo-bank,,,,zt_authenticator,,,,1789038588.706,,"{""scenario"": """", ""client_ts"": 1789038588.706}"
1789038590,pending_served,j8oAPvMUD7puA5zs,28,poia-demo-bank,transfer,pending,,zt_authenticator,,1789038588,1789038648,,,
1789038595,pending_served,j8oAPvMUD7puA5zs,28,poia-demo-bank,transfer,pending,,zt_authenticator,,1789038588,1789038648,,,
1789038600,intent_approve,j8oAPvMUD7puA5zs,28,poia-demo-bank,transfer,approved,,zt_authenticator,11634,1789038588,1789038648,,,
1789038601,zt_status_approved,j8oAPvMUD7puA5zs,28,poia-demo-bank,,approved,,zt_authenticator,,,,1789038601.147,,"{""scenario"": """", ""client_ts"": 1789038601.147, ""status"": ""approved""}"
1789038601,intent_execute,j8oAPvMUD7puA5zs,28,poia-demo-bank,transfer,approved,,,,1789038588,1789038648,,,
1789038633,intent_created,UTCJoLDu5kACGeNv,28,poia-demo-bank,beneficiary_add,pending,,,,1789038633,1789038693,,,"{""scope"": {""name"": ""Princess Beatrix"", ""bank"": ""De bank voor mensen die geen belasting betalen"", ""account_number"": ""76167821376""}}"
1789038634,zt_auto_start,UTCJoLDu5kACGeNv,28,poia-demo-bank,,,,zt_authenticator,,,,1789038634.208,,"{""scenario"": """", ""client_ts"": 1789038634.208}"
1789038634,intent_loaded,UTCJoLDu5kACGeNv,28,poia-demo-bank,,,,zt_authenticator,,,,1789038634.208,,"{""scenario"": """", ""client_ts"": 1789038634.208}"
1789038635,pending_served,UTCJoLDu5kACGeNv,28,poia-demo-bank,beneficiary_add,pending,,zt_authenticator,,1789038633,1789038693,,,
1789038642,pending_served,UTCJoLDu5kACGeNv,28,poia-demo-bank,beneficiary_add,pending,,zt_authenticator,,1789038633,1789038693,,,
1789038648,pending_served,UTCJoLDu5kACGeNv,28,poia-demo-bank,beneficiary_add,pending,,zt_authenticator,,1789038633,1789038693,,,
1789038652,pending_served,UTCJoLDu5kACGeNv,28,poia-demo-bank,beneficiary_add,pending,,zt_authenticator,,1789038633,1789038693,,,
1789038656,intent_approve,UTCJoLDu5kACGeNv,28,poia-demo-bank,beneficiary_add,approved,,zt_authenticator,22362,1789038633,1789038693,,,
1789038657,zt_status_approved,UTCJoLDu5kACGeNv,28,poia-demo-bank,,approved,,zt_authenticator,,,,1789038657.664,,"{""scenario"": """", ""client_ts"": 1789038657.664, ""status"": ""approved""}"
1789038657,intent_execute,UTCJoLDu5kACGeNv,28,poia-demo-bank,beneficiary_add,approved,,,,1789038633,1789038693,,,
1789038663,intent_created,yt52U2bNt2dvKaWW,14,poia-demo-bank,transfer,pending,,,,1789038663,1789038723,,,"{""scope"": {""from_account"": 25, ""amount"": 476.0, ""currency"": ""USD"", ""beneficiary_id"": 11, ""beneficiary_name"": ""Murembo""}}"
1789038664,intent_loaded,yt52U2bNt2dvKaWW,14,poia-demo-bank,,,,webauthn,,,,1789038663.873,,"{""scenario"": """", ""client_ts"": 1789038663.873}"
1789038664,passkey_begin,yt52U2bNt2dvKaWW,14,poia-demo-bank,transfer,ok,,webauthn,,1789038663,1789038723,,,
1789038665,intent_created,Lxiq21LxEuu9d6bd,28,poia-demo-bank,withdrawal,pending,,,,1789038665,1789038725,,,"{""scope"": {""account_id"": 43, ""amount"": 4521781.0, ""currency"": ""USD""}}"
1789038665,zt_auto_start,Lxiq21LxEuu9d6bd,28,poia-demo-bank,,,,zt_authenticator,,,,1789038665.672,,"{""scenario"": """", ""client_ts"": 1789038665.672}"
1789038665,intent_loaded,Lxiq21LxEuu9d6bd,28,poia-demo-bank,,,,zt_authenticator,,,,1789038665.672,,"{""scenario"": """", ""client_ts"": 1789038665.672}"
1789038668,pending_served,Lxiq21LxEuu9d6bd,28,poia-demo-bank,withdrawal,pending,,zt_authenticator,,1789038665,1789038725,,,
1789038668,pending_served,Lxiq21LxEuu9d6bd,28,poia-demo-bank,withdrawal,pending,,zt_authenticator,,1789038665,1789038725,,,
1789038670,passkey_assertion,yt52U2bNt2dvKaWW,14,poia-demo-bank,,,,webauthn,,,,1789038669.991,,"{""scenario"": """", ""client_ts"": 1789038669.991}"
1789038670,passkey_complete,yt52U2bNt2dvKaWW,14,poia-demo-bank,transfer,approved,,webauthn,6194,1789038663,1789038723,,,
1789038670,approval_success,yt52U2bNt2dvKaWW,14,poia-demo-bank,,approved,,webauthn,,,,1789038670.026,,"{""scenario"": """", ""client_ts"": 1789038670.026, ""status"": ""approved""}"
1789038670,intent_execute,yt52U2bNt2dvKaWW,14,poia-demo-bank,transfer,approved,,,,1789038663,1789038723,,,
1789038674,pending_served,Lxiq21LxEuu9d6bd,28,poia-demo-bank,withdrawal,pending,,zt_authenticator,,1789038665,1789038725,,,
1789038679,pending_served,Lxiq21LxEuu9d6bd,28,poia-demo-bank,withdrawal,pending,,zt_authenticator,,1789038665,1789038725,,,
1789038684,intent_approve,Lxiq21LxEuu9d6bd,28,poia-demo-bank,withdrawal,approved,,zt_authenticator,18864,1789038665,1789038725,,,
1789038684,zt_status_approved,Lxiq21LxEuu9d6bd,28,poia-demo-bank,,approved,,zt_authenticator,,,,1789038684.389,,"{""scenario"": """", ""client_ts"": 1789038684.389, ""status"": ""approved""}"
1789038684,intent_execute,Lxiq21LxEuu9d6bd,28,poia-demo-bank,withdrawal,approved,,,,1789038665,1789038725,,,
1789038693,intent_created,sl0TDn6mEJdHMoqq,28,poia-demo-bank,deposit,pending,,,,1789038693,1789038753,,,"{""scope"": {""account_id"": 43, ""amount"": 11.0, ""currency"": ""USD""}}"
1789038693,zt_auto_start,sl0TDn6mEJdHMoqq,28,poia-demo-bank,,,,zt_authenticator,,,,1789038693.092,,"{""scenario"": """", ""client_ts"": 1789038693.092}"
1789038693,intent_loaded,sl0TDn6mEJdHMoqq,28,poia-demo-bank,,,,zt_authenticator,,,,1789038693.092,,"{""scenario"": """", ""client_ts"": 1789038693.092}"
1789038693,pending_served,sl0TDn6mEJdHMoqq,28,poia-demo-bank,deposit,pending,,zt_authenticator,,1789038693,1789038753,,,
1789038697,pending_served,sl0TDn6mEJdHMoqq,28,poia-demo-bank,deposit,pending,,zt_authenticator,,1789038693,1789038753,,,
1789038700,intent_approve,sl0TDn6mEJdHMoqq,28,poia-demo-bank,deposit,approved,,zt_authenticator,7276,1789038693,1789038753,,,
1789038701,zt_status_approved,sl0TDn6mEJdHMoqq,28,poia-demo-bank,,approved,,zt_authenticator,,,,1789038701.184,,"{""scenario"": """", ""client_ts"": 1789038701.184, ""status"": ""approved""}"
1789038701,intent_execute,sl0TDn6mEJdHMoqq,28,poia-demo-bank,deposit,approved,,,,1789038693,1789038753,,,
1789038705,intent_created,VgmYjcXTSO6llMEa,28,poia-demo-bank,transfer,pending,,,,1789038705,1789038765,,,"{""scope"": {""from_account"": 43, ""amount"": 7.0, ""currency"": ""USD"", ""beneficiary_id"": 22, ""beneficiary_name"": ""JJM Hofstede""}}"
1789038705,zt_auto_start,VgmYjcXTSO6llMEa,28,poia-demo-bank,,,,zt_authenticator,,,,1789038705.5,,"{""scenario"": """", ""client_ts"": 1789038705.5}"
1789038705,intent_loaded,VgmYjcXTSO6llMEa,28,poia-demo-bank,,,,zt_authenticator,,,,1789038705.5,,"{""scenario"": """", ""client_ts"": 1789038705.5}"
1789038706,pending_served,VgmYjcXTSO6llMEa,28,poia-demo-bank,transfer,pending,,zt_authenticator,,1789038705,1789038765,,,
1789038712,intent_created,PtULffUvTrANzkHy,14,poia-demo-bank,withdrawal,pending,,,,1789038712,1789038772,,,"{""scope"": {""account_id"": 25, ""amount"": 457.0, ""currency"": ""USD""}}"
1789038712,intent_loaded,PtULffUvTrANzkHy,14,poia-demo-bank,,,,webauthn,,,,1789038712.276,,"{""scenario"": """", ""client_ts"": 1789038712.276}"
1789038712,passkey_begin,PtULffUvTrANzkHy,14,poia-demo-bank,withdrawal,ok,,webauthn,,1789038712,1789038772,,,
1789038712,pending_served,VgmYjcXTSO6llMEa,28,poia-demo-bank,transfer,pending,,zt_authenticator,,1789038705,1789038765,,,
1789038718,passkey_assertion,PtULffUvTrANzkHy,14,poia-demo-bank,,,,webauthn,,,,1789038718.217,,"{""scenario"": """", ""client_ts"": 1789038718.217}"
1789038718,passkey_complete,PtULffUvTrANzkHy,14,poia-demo-bank,withdrawal,approved,,webauthn,6116,1789038712,1789038772,,,
1789038718,approval_success,PtULffUvTrANzkHy,14,poia-demo-bank,,approved,,webauthn,,,,1789038718.3,,"{""scenario"": """", ""client_ts"": 1789038718.3, ""status"": ""approved""}"
1789038718,intent_execute,PtULffUvTrANzkHy,14,poia-demo-bank,withdrawal,approved,,,,1789038712,1789038772,,,
1789038718,pending_served,VgmYjcXTSO6llMEa,28,poia-demo-bank,transfer,pending,,zt_authenticator,,1789038705,1789038765,,,
1789038724,pending_served,VgmYjcXTSO6llMEa,28,poia-demo-bank,transfer,pending,,zt_authenticator,,1789038705,1789038765,,,
1789038730,pending_served,VgmYjcXTSO6llMEa,28,poia-demo-bank,transfer,pending,,zt_authenticator,,1789038705,1789038765,,,
1789038731,intent_created,BHB-LDP_jaW31pLK,14,poia-demo-bank,withdrawal,pending,,,,1789038731,1789038791,,,"{""scope"": {""account_id"": 25, ""amount"": 7364.0, ""currency"": ""USD""}}"
1789038731,intent_loaded,BHB-LDP_jaW31pLK,14,poia-demo-bank,,,,webauthn,,,,1789038731.747,,"{""scenario"": """", ""client_ts"": 1789038731.747}"
1789038731,passkey_begin,BHB-LDP_jaW31pLK,14,poia-demo-bank,withdrawal,ok,,webauthn,,1789038731,1789038791,,,
1789038736,pending_served,VgmYjcXTSO6llMEa,28,poia-demo-bank,transfer,pending,,zt_authenticator,,1789038705,1789038765,,,
1789038738,passkey_assertion,BHB-LDP_jaW31pLK,14,poia-demo-bank,,,,webauthn,,,,1789038738.835,,"{""scenario"": """", ""client_ts"": 1789038738.835}"
1789038738,passkey_complete,BHB-LDP_jaW31pLK,14,poia-demo-bank,withdrawal,approved,,webauthn,7158,1789038731,1789038791,,,
1789038739,approval_success,BHB-LDP_jaW31pLK,14,poia-demo-bank,,approved,,webauthn,,,,1789038738.872,,"{""scenario"": """", ""client_ts"": 1789038738.872, ""status"": ""approved""}"
1789038739,intent_execute,BHB-LDP_jaW31pLK,14,poia-demo-bank,withdrawal,approved,,,,1789038731,1789038791,,,
1789038742,pending_served,VgmYjcXTSO6llMEa,28,poia-demo-bank,transfer,pending,,zt_authenticator,,1789038705,1789038765,,,
1789038746,pending_served,VgmYjcXTSO6llMEa,28,poia-demo-bank,transfer,pending,,zt_authenticator,,1789038705,1789038765,,,
1789038750,intent_approve,VgmYjcXTSO6llMEa,28,poia-demo-bank,transfer,approved,,zt_authenticator,45405,1789038705,1789038765,,,
1789038752,zt_status_approved,VgmYjcXTSO6llMEa,28,poia-demo-bank,,approved,,zt_authenticator,,,,1789038752.021,,"{""scenario"": """", ""client_ts"": 1789038752.021, ""status"": ""approved""}"
1789038752,intent_execute,VgmYjcXTSO6llMEa,28,poia-demo-bank,transfer,approved,,,,1789038705,1789038765,,,
1789038752,intent_created,0OvdIbFyXGm_NxSx,14,poia-demo-bank,limit_change,pending,,,,1789038752,1789038812,,,"{""scope"": {""account_id"": 25, ""new_daily_limit"": 1000000.0}}"
1789038752,intent_loaded,0OvdIbFyXGm_NxSx,14,poia-demo-bank,,,,webauthn,,,,1789038752.276,,"{""scenario"": """", ""client_ts"": 1789038752.276}"
1789038752,passkey_begin,0OvdIbFyXGm_NxSx,14,poia-demo-bank,limit_change,ok,,webauthn,,1789038752,1789038812,,,
1789038768,intent_created,NxtJ8XL_T0OoNBYE,28,poia-demo-bank,transfer,pending,,,,1789038768,1789038828,,,"{""scope"": {""from_account"": 43, ""amount"": 1234567.0, ""currency"": ""USD"", ""beneficiary_id"": 35, ""beneficiary_name"": ""Princess Beatrix""}}"
1789038769,zt_auto_start,NxtJ8XL_T0OoNBYE,28,poia-demo-bank,,,,zt_authenticator,,,,1789038769.037,,"{""scenario"": """", ""client_ts"": 1789038769.037}"
1789038769,intent_loaded,NxtJ8XL_T0OoNBYE,28,poia-demo-bank,,,,zt_authenticator,,,,1789038769.037,,"{""scenario"": """", ""client_ts"": 1789038769.037}"
1789038770,pending_served,NxtJ8XL_T0OoNBYE,28,poia-demo-bank,transfer,pending,,zt_authenticator,,1789038768,1789038828,,,
1789038776,pending_served,NxtJ8XL_T0OoNBYE,28,poia-demo-bank,transfer,pending,,zt_authenticator,,1789038768,1789038828,,,
1789038776,intent_deny,0OvdIbFyXGm_NxSx,14,poia-demo-bank,limit_change,denied,user_cancelled,browser,,1789038752,1789038812,,,
1789038782,pending_served,NxtJ8XL_T0OoNBYE,28,poia-demo-bank,transfer,pending,,zt_authenticator,,1789038768,1789038828,,,
1789038783,intent_created,USXfgh1pjnpKNvy6,14,poia-demo-bank,withdrawal,pending,,,,1789038783,1789038843,,,"{""scope"": {""account_id"": 25, ""amount"": 875.0, ""currency"": ""USD""}}"
1789038784,intent_loaded,USXfgh1pjnpKNvy6,14,poia-demo-bank,,,,webauthn,,,,1789038783.886,,"{""scenario"": """", ""client_ts"": 1789038783.886}"
1789038784,passkey_begin,USXfgh1pjnpKNvy6,14,poia-demo-bank,withdrawal,ok,,webauthn,,1789038783,1789038843,,,
1789038788,pending_served,NxtJ8XL_T0OoNBYE,28,poia-demo-bank,transfer,pending,,zt_authenticator,,1789038768,1789038828,,,
1789038789,passkey_assertion,USXfgh1pjnpKNvy6,14,poia-demo-bank,,,,webauthn,,,,1789038789.483,,"{""scenario"": """", ""client_ts"": 1789038789.483}"
1789038789,passkey_complete,USXfgh1pjnpKNvy6,14,poia-demo-bank,withdrawal,approved,,webauthn,5680,1789038783,1789038843,,,
1789038789,approval_success,USXfgh1pjnpKNvy6,14,poia-demo-bank,,approved,,webauthn,,,,1789038789.522,,"{""scenario"": """", ""client_ts"": 1789038789.522, ""status"": ""approved""}"
1789038789,intent_execute,USXfgh1pjnpKNvy6,14,poia-demo-bank,withdrawal,approved,,,,1789038783,1789038843,,,
1789038794,pending_served,NxtJ8XL_T0OoNBYE,28,poia-demo-bank,transfer,pending,,zt_authenticator,,1789038768,1789038828,,,
1789038798,pending_served,NxtJ8XL_T0OoNBYE,28,poia-demo-bank,transfer,pending,,zt_authenticator,,1789038768,1789038828,,,
1789038801,intent_created,oD2DYCefbtDa4_zq,14,poia-demo-bank,withdrawal,pending,,,,1789038801,1789038861,,,"{""scope"": {""account_id"": 25, ""amount"": 4886.0, ""currency"": ""USD""}}"
1789038801,intent_loaded,oD2DYCefbtDa4_zq,14,poia-demo-bank,,,,webauthn,,,,1789038801.586,,"{""scenario"": """", ""client_ts"": 1789038801.586}"
1789038801,passkey_begin,oD2DYCefbtDa4_zq,14,poia-demo-bank,withdrawal,ok,,webauthn,,1789038801,1789038861,,,
1789038802,intent_approve,NxtJ8XL_T0OoNBYE,28,poia-demo-bank,transfer,approved,,zt_authenticator,33134,1789038768,1789038828,,,
1789038802,zt_status_approved,NxtJ8XL_T0OoNBYE,28,poia-demo-bank,,approved,,zt_authenticator,,,,1789038802.364,,"{""scenario"": """", ""client_ts"": 1789038802.364, ""status"": ""approved""}"
1789038802,intent_execute,NxtJ8XL_T0OoNBYE,28,poia-demo-bank,transfer,approved,,,,1789038768,1789038828,,,
1789038808,passkey_assertion,oD2DYCefbtDa4_zq,14,poia-demo-bank,,,,webauthn,,,,1789038808.318,,"{""scenario"": """", ""client_ts"": 1789038808.318}"
1789038808,passkey_complete,oD2DYCefbtDa4_zq,14,poia-demo-bank,withdrawal,approved,,webauthn,6837,1789038801,1789038861,,,
1789038808,approval_success,oD2DYCefbtDa4_zq,14,poia-demo-bank,,approved,,webauthn,,,,1789038808.394,,"{""scenario"": """", ""client_ts"": 1789038808.394, ""status"": ""approved""}"
1789038808,intent_execute,oD2DYCefbtDa4_zq,14,poia-demo-bank,withdrawal,approved,,,,1789038801,1789038861,,,
1789038845,intent_created,dP2CrNGhJLyDP65S,28,poia-demo-bank,beneficiary_add,pending,,,,1789038845,1789038905,,,"{""scope"": {""name"": ""Princes Alexia"", ""bank"": ""De bank voor de mensen die geen BTW betalen"", ""account_number"": ""45678912""}}"
1789038846,intent_loaded,dP2CrNGhJLyDP65S,28,poia-demo-bank,,,,zt_authenticator,,,,1789038846.101,,"{""scenario"": """", ""client_ts"": 1789038846.101}"
1789038846,zt_auto_start,dP2CrNGhJLyDP65S,28,poia-demo-bank,,,,zt_authenticator,,,,1789038846.101,,"{""scenario"": """", ""client_ts"": 1789038846.101}"
1789038846,pending_served,dP2CrNGhJLyDP65S,28,poia-demo-bank,beneficiary_add,pending,,zt_authenticator,,1789038845,1789038905,,,
1789038859,pending_served,dP2CrNGhJLyDP65S,28,poia-demo-bank,beneficiary_add,pending,,zt_authenticator,,1789038845,1789038905,,,
1789038859,intent_execute,oD2DYCefbtDa4_zq,14,poia-demo-bank,withdrawal,denied,proof_consumed,,,1789038801,1789038861,,,
1789038861,pending_served,dP2CrNGhJLyDP65S,28,poia-demo-bank,beneficiary_add,pending,,zt_authenticator,,1789038845,1789038905,,,
1789038866,pending_served,dP2CrNGhJLyDP65S,28,poia-demo-bank,beneficiary_add,pending,,zt_authenticator,,1789038845,1789038905,,,
1789038868,intent_execute,oD2DYCefbtDa4_zq,14,poia-demo-bank,withdrawal,denied,proof_consumed,,,1789038801,1789038861,,,
1789038869,pending_served,dP2CrNGhJLyDP65S,28,poia-demo-bank,beneficiary_add,pending,,zt_authenticator,,1789038845,1789038905,,,
1789038872,pending_served,dP2CrNGhJLyDP65S,28,poia-demo-bank,beneficiary_add,pending,,zt_authenticator,,1789038845,1789038905,,,
1789038874,pending_served,dP2CrNGhJLyDP65S,28,poia-demo-bank,beneficiary_add,pending,,zt_authenticator,,1789038845,1789038905,,,
1789038879,pending_served,dP2CrNGhJLyDP65S,28,poia-demo-bank,beneficiary_add,pending,,zt_authenticator,,1789038845,1789038905,,,
1789038883,intent_created,6O2tOfWbtgENXwHM,14,poia-demo-bank,transfer,pending,,,,1789038883,1789038943,,,"{""scope"": {""from_account"": 25, ""amount"": 854.0, ""currency"": ""USD"", ""beneficiary_id"": 14, ""beneficiary_name"": ""Mamure""}}"
1789038883,intent_loaded,6O2tOfWbtgENXwHM,14,poia-demo-bank,,,,webauthn,,,,1789038883.54,,"{""scenario"": """", ""client_ts"": 1789038883.54}"
1789038883,passkey_begin,6O2tOfWbtgENXwHM,14,poia-demo-bank,transfer,ok,,webauthn,,1789038883,1789038943,,,
1789038885,intent_approve,dP2CrNGhJLyDP65S,28,poia-demo-bank,beneficiary_add,approved,,zt_authenticator,39601,1789038845,1789038905,,,
1789038885,zt_status_approved,dP2CrNGhJLyDP65S,28,poia-demo-bank,,approved,,zt_authenticator,,,,1789038885.711,,"{""scenario"": """", ""client_ts"": 1789038885.711, ""status"": ""approved""}"
1789038885,intent_execute,dP2CrNGhJLyDP65S,28,poia-demo-bank,beneficiary_add,approved,,,,1789038845,1789038905,,,
1789038901,passkey_assertion,6O2tOfWbtgENXwHM,14,poia-demo-bank,,,,webauthn,,,,1789038901.093,,"{""scenario"": """", ""client_ts"": 1789038901.093}"
1789038901,passkey_complete,6O2tOfWbtgENXwHM,14,poia-demo-bank,transfer,approved,,webauthn,17663,1789038883,1789038943,,,
1789038901,approval_success,6O2tOfWbtgENXwHM,14,poia-demo-bank,,approved,,webauthn,,,,1789038901.187,,"{""scenario"": """", ""client_ts"": 1789038901.187, ""status"": ""approved""}"
1789038901,intent_execute,6O2tOfWbtgENXwHM,14,poia-demo-bank,transfer,approved,,,,1789038883,1789038943,,,
1789038910,intent_created,vhy7sLpCuVpC7bbf,14,poia-demo-bank,deposit,pending,,,,1789038910,1789038970,,,"{""scope"": {""account_id"": 25, ""amount"": 854.0, ""currency"": ""USD""}}"
1789038911,intent_loaded,vhy7sLpCuVpC7bbf,14,poia-demo-bank,,,,webauthn,,,,1789038910.889,,"{""scenario"": """", ""client_ts"": 1789038910.889}"
1789038911,passkey_begin,vhy7sLpCuVpC7bbf,14,poia-demo-bank,deposit,ok,,webauthn,,1789038910,1789038970,,,
1789038917,passkey_assertion,vhy7sLpCuVpC7bbf,14,poia-demo-bank,,,,webauthn,,,,1789038917.755,,"{""scenario"": """", ""client_ts"": 1789038917.755}"
1789038917,passkey_complete,vhy7sLpCuVpC7bbf,14,poia-demo-bank,deposit,approved,,webauthn,6930,1789038910,1789038970,,,
1789038917,approval_success,vhy7sLpCuVpC7bbf,14,poia-demo-bank,,approved,,webauthn,,,,1789038917.781,,"{""scenario"": """", ""client_ts"": 1789038917.781, ""status"": ""approved""}"
1789038917,intent_execute,vhy7sLpCuVpC7bbf,14,poia-demo-bank,deposit,approved,,,,1789038910,1789038970,,,
1789038925,intent_created,9CbdZIMXkoRKMGOT,28,poia-demo-bank,beneficiary_add,pending,,,,1789038925,1789038985,,,"{""scope"": {""name"": ""Pipi Langkous"", ""bank"": ""De bank voor mensen die kunnen rekenen"", ""account_number"": ""2768379""}}"
1789038925,intent_loaded,9CbdZIMXkoRKMGOT,28,poia-demo-bank,,,,zt_authenticator,,,,1789038925.161,,"{""scenario"": """", ""client_ts"": 1789038925.161}"
1789038925,zt_auto_start,9CbdZIMXkoRKMGOT,28,poia-demo-bank,,,,zt_authenticator,,,,1789038925.161,,"{""scenario"": """", ""client_ts"": 1789038925.161}"
1789038928,pending_served,9CbdZIMXkoRKMGOT,28,poia-demo-bank,beneficiary_add,pending,,zt_authenticator,,1789038925,1789038985,,,
1789038933,pending_served,9CbdZIMXkoRKMGOT,28,poia-demo-bank,beneficiary_add,pending,,zt_authenticator,,1789038925,1789038985,,,
1789038935,intent_approve,9CbdZIMXkoRKMGOT,28,poia-demo-bank,beneficiary_add,approved,,zt_authenticator,10179,1789038925,1789038985,,,
1789038964,intent_created,yEZswY8vS_MK1nXf,28,poia-demo-bank,beneficiary_add,pending,,,,1789038964,1789039024,,,"{""scope"": {""name"": ""Pipi Langkous"", ""bank"": ""De bank voor mensen die kunnen rekenen"", ""account_number"": ""5267312""}}"
1789038964,zt_auto_start,yEZswY8vS_MK1nXf,28,poia-demo-bank,,,,zt_authenticator,,,,1789038964.189,,"{""scenario"": """", ""client_ts"": 1789038964.189}"
1789038964,intent_loaded,yEZswY8vS_MK1nXf,28,poia-demo-bank,,,,zt_authenticator,,,,1789038964.189,,"{""scenario"": """", ""client_ts"": 1789038964.189}"
1789038965,pending_served,yEZswY8vS_MK1nXf,28,poia-demo-bank,beneficiary_add,pending,,zt_authenticator,,1789038964,1789039024,,,
1789038971,pending_served,yEZswY8vS_MK1nXf,28,poia-demo-bank,beneficiary_add,pending,,zt_authenticator,,1789038964,1789039024,,,
1789038973,intent_approve,yEZswY8vS_MK1nXf,28,poia-demo-bank,beneficiary_add,approved,,zt_authenticator,9196,1789038964,1789039024,,,
1789038973,zt_status_approved,yEZswY8vS_MK1nXf,28,poia-demo-bank,,approved,,zt_authenticator,,,,1789038973.859,,"{""scenario"": """", ""client_ts"": 1789038973.859, ""status"": ""approved""}"
1789038973,intent_execute,yEZswY8vS_MK1nXf,28,poia-demo-bank,beneficiary_add,approved,,,,1789038964,1789039024,,,
1789038982,intent_created,pH6W_crFIQQ6nxyx,28,poia-demo-bank,transfer,pending,,,,1789038982,1789039042,,,"{""scope"": {""from_account"": 43, ""amount"": 5678.0, ""currency"": ""USD"", ""beneficiary_id"": 37, ""beneficiary_name"": ""Pipi Langkous""}}"
1789038982,zt_auto_start,pH6W_crFIQQ6nxyx,28,poia-demo-bank,,,,zt_authenticator,,,,1789038982.478,,"{""scenario"": """", ""client_ts"": 1789038982.478}"
1789038982,intent_loaded,pH6W_crFIQQ6nxyx,28,poia-demo-bank,,,,zt_authenticator,,,,1789038982.478,,"{""scenario"": """", ""client_ts"": 1789038982.478}"
1789038986,pending_served,pH6W_crFIQQ6nxyx,28,poia-demo-bank,transfer,pending,,zt_authenticator,,1789038982,1789039042,,,
1789038991,pending_served,pH6W_crFIQQ6nxyx,28,poia-demo-bank,transfer,pending,,zt_authenticator,,1789038982,1789039042,,,
1789038993,intent_approve,pH6W_crFIQQ6nxyx,28,poia-demo-bank,transfer,approved,,zt_authenticator,10889,1789038982,1789039042,,,
1789038994,zt_status_approved,pH6W_crFIQQ6nxyx,28,poia-demo-bank,,approved,,zt_authenticator,,,,1789038994.445,,"{""scenario"": """", ""client_ts"": 1789038994.445, ""status"": ""approved""}"
1789038994,intent_execute,pH6W_crFIQQ6nxyx,28,poia-demo-bank,transfer,approved,,,,1789038982,1789039042,,,
1789039024,intent_created,O7pbJ3g3jS9LWahw,28,poia-demo-bank,transfer,pending,,,,1789039024,1789039084,,,"{""scope"": {""from_account"": 43, ""amount"": 339.0, ""currency"": ""USD"", ""beneficiary_id"": 37, ""beneficiary_name"": ""Pipi Langkous""}}"
1789039024,zt_auto_start,O7pbJ3g3jS9LWahw,28,poia-demo-bank,,,,zt_authenticator,,,,1789039024.723,,"{""scenario"": """", ""client_ts"": 1789039024.723}"
1789039024,intent_loaded,O7pbJ3g3jS9LWahw,28,poia-demo-bank,,,,zt_authenticator,,,,1789039024.723,,"{""scenario"": """", ""client_ts"": 1789039024.723}"
1789039024,pending_served,O7pbJ3g3jS9LWahw,28,poia-demo-bank,transfer,pending,,zt_authenticator,,1789039024,1789039084,,,
1789039029,pending_served,O7pbJ3g3jS9LWahw,28,poia-demo-bank,transfer,pending,,zt_authenticator,,1789039024,1789039084,,,
1789039031,intent_approve,O7pbJ3g3jS9LWahw,28,poia-demo-bank,transfer,approved,,zt_authenticator,6531,1789039024,1789039084,,,
1789039031,zt_status_approved,O7pbJ3g3jS9LWahw,28,poia-demo-bank,,approved,,zt_authenticator,,,,1789039031.21,,"{""scenario"": """", ""client_ts"": 1789039031.21, ""status"": ""approved""}"
1789039031,intent_execute,O7pbJ3g3jS9LWahw,28,poia-demo-bank,transfer,approved,,,,1789039024,1789039084,,,
1789039036,intent_created,7ZqvV0etYwKo2deI,14,poia-demo-bank,deposit,pending,,,,1789039036,1789039096,,,"{""scope"": {""account_id"": 25, ""amount"": 85.0, ""currency"": ""USD""}}"
1789039037,intent_loaded,7ZqvV0etYwKo2deI,14,poia-demo-bank,,,,webauthn,,,,1789039036.98,,"{""scenario"": """", ""client_ts"": 1789039036.98}"
1789039037,passkey_begin,7ZqvV0etYwKo2deI,14,poia-demo-bank,deposit,ok,,webauthn,,1789039036,1789039096,,,
1789039038,intent_created,8TPlu8pAOwdONT4j,28,poia-demo-bank,transfer,pending,,,,1789039038,1789039098,,,"{""scope"": {""from_account"": 43, ""amount"": 546271.0, ""currency"": ""USD"", ""beneficiary_id"": 30, ""beneficiary_name"": ""Jesse de Lange""}}"
1789039038,zt_auto_start,8TPlu8pAOwdONT4j,28,poia-demo-bank,,,,zt_authenticator,,,,1789039038.89,,"{""scenario"": """", ""client_ts"": 1789039038.89}"
1789039038,intent_loaded,8TPlu8pAOwdONT4j,28,poia-demo-bank,,,,zt_authenticator,,,,1789039038.89,,"{""scenario"": """", ""client_ts"": 1789039038.89}"
1789039039,pending_served,8TPlu8pAOwdONT4j,28,poia-demo-bank,transfer,pending,,zt_authenticator,,1789039038,1789039098,,,
1789039043,passkey_assertion,7ZqvV0etYwKo2deI,14,poia-demo-bank,,,,webauthn,,,,1789039043.179,,"{""scenario"": """", ""client_ts"": 1789039043.179}"
1789039043,passkey_complete,7ZqvV0etYwKo2deI,14,poia-demo-bank,deposit,approved,,webauthn,6432,1789039036,1789039096,,,
1789039043,approval_success,7ZqvV0etYwKo2deI,14,poia-demo-bank,,approved,,webauthn,,,,1789039043.279,,"{""scenario"": """", ""client_ts"": 1789039043.279, ""status"": ""approved""}"
1789039043,intent_execute,7ZqvV0etYwKo2deI,14,poia-demo-bank,deposit,approved,,,,1789039036,1789039096,,,
1789039044,pending_served,8TPlu8pAOwdONT4j,28,poia-demo-bank,transfer,pending,,zt_authenticator,,1789039038,1789039098,,,
1789039045,intent_approve,8TPlu8pAOwdONT4j,28,poia-demo-bank,transfer,approved,,zt_authenticator,6570,1789039038,1789039098,,,
1789039045,zt_status_approved,8TPlu8pAOwdONT4j,28,poia-demo-bank,,approved,,zt_authenticator,,,,1789039045.398,,"{""scenario"": """", ""client_ts"": 1789039045.398, ""status"": ""approved""}"
1789039045,intent_execute,8TPlu8pAOwdONT4j,28,poia-demo-bank,transfer,approved,,,,1789039038,1789039098,,,
1789039083,intent_created,3-SLt8v4pPFqeReE,28,poia-demo-bank,transfer,pending,,,,1789039083,1789039143,,,"{""scope"": {""from_account"": 43, ""amount"": 56378.0, ""currency"": ""USD"", ""beneficiary_id"": 32, ""beneficiary_name"": ""Aki de Kat""}}"
1789039083,zt_auto_start,3-SLt8v4pPFqeReE,28,poia-demo-bank,,,,zt_authenticator,,,,1789039083.915,,"{""scenario"": """", ""client_ts"": 1789039083.915}"
1789039083,intent_loaded,3-SLt8v4pPFqeReE,28,poia-demo-bank,,,,zt_authenticator,,,,1789039083.915,,"{""scenario"": """", ""client_ts"": 1789039083.915}"
1789039087,pending_served,3-SLt8v4pPFqeReE,28,poia-demo-bank,transfer,pending,,zt_authenticator,,1789039083,1789039143,,,
1789039087,pending_served,3-SLt8v4pPFqeReE,28,poia-demo-bank,transfer,pending,,zt_authenticator,,1789039083,1789039143,,,
1789039089,intent_approve,3-SLt8v4pPFqeReE,28,poia-demo-bank,transfer,approved,,zt_authenticator,5409,1789039083,1789039143,,,
1789039089,zt_status_approved,3-SLt8v4pPFqeReE,28,poia-demo-bank,,approved,,zt_authenticator,,,,1789039089.348,,"{""scenario"": """", ""client_ts"": 1789039089.348, ""status"": ""approved""}"
1789039089,intent_execute,3-SLt8v4pPFqeReE,28,poia-demo-bank,transfer,approved,,,,1789039083,1789039143,,,
1789039094,intent_created,uLJ9GQBm7uP86bzy,14,poia-demo-bank,beneficiary_edit,pending,,,,1789039094,1789039154,,,"{""scope"": {""beneficiary_id"": 11, ""name"": ""Murembo"", ""bank"": ""PoIA Bank"", ""account_number"": ""78646838""}}"
1789039094,intent_loaded,uLJ9GQBm7uP86bzy,14,poia-demo-bank,,,,webauthn,,,,1789039094.125,,"{""scenario"": """", ""client_ts"": 1789039094.125}"
1789039094,passkey_begin,uLJ9GQBm7uP86bzy,14,poia-demo-bank,beneficiary_edit,ok,,webauthn,,1789039094,1789039154,,,
1789039098,intent_created,6vzF9E29SfCh5Pwc,28,poia-demo-bank,withdrawal,pending,,,,1789039098,1789039158,,,"{""scope"": {""account_id"": 43, ""amount"": 5432.0, ""currency"": ""USD""}}"
1789039099,zt_auto_start,6vzF9E29SfCh5Pwc,28,poia-demo-bank,,,,zt_authenticator,,,,1789039098.946,,"{""scenario"": """", ""client_ts"": 1789039098.946}"
1789039099,intent_loaded,6vzF9E29SfCh5Pwc,28,poia-demo-bank,,,,zt_authenticator,,,,1789039098.946,,"{""scenario"": """", ""client_ts"": 1789039098.946}"
1789039102,pending_served,6vzF9E29SfCh5Pwc,28,poia-demo-bank,withdrawal,pending,,zt_authenticator,,1789039098,1789039158,,,
1789039103,passkey_assertion,uLJ9GQBm7uP86bzy,14,poia-demo-bank,,,,webauthn,,,,1789039103.685,,"{""scenario"": """", ""client_ts"": 1789039103.685}"
1789039103,passkey_complete,uLJ9GQBm7uP86bzy,14,poia-demo-bank,beneficiary_edit,approved,,webauthn,9753,1789039094,1789039154,,,
1789039103,approval_success,uLJ9GQBm7uP86bzy,14,poia-demo-bank,,approved,,webauthn,,,,1789039103.726,,"{""scenario"": """", ""client_ts"": 1789039103.726, ""status"": ""approved""}"
1789039103,intent_execute,uLJ9GQBm7uP86bzy,14,poia-demo-bank,beneficiary_edit,approved,,,,1789039094,1789039154,,,
1789039108,pending_served,6vzF9E29SfCh5Pwc,28,poia-demo-bank,withdrawal,pending,,zt_authenticator,,1789039098,1789039158,,,
1789039110,intent_created,4ZVp6D3lb7dfGd5U,14,poia-demo-bank,deposit,pending,,,,1789039110,1789039170,,,"{""scope"": {""account_id"": 25, ""amount"": 8454.0, ""currency"": ""USD""}}"
1789039110,intent_loaded,4ZVp6D3lb7dfGd5U,14,poia-demo-bank,,,,webauthn,,,,1789039110.178,,"{""scenario"": """", ""client_ts"": 1789039110.178}"
1789039110,passkey_begin,4ZVp6D3lb7dfGd5U,14,poia-demo-bank,deposit,ok,,webauthn,,1789039110,1789039170,,,
1789039114,pending_served,6vzF9E29SfCh5Pwc,28,poia-demo-bank,withdrawal,pending,,zt_authenticator,,1789039098,1789039158,,,
1789039115,intent_approve,6vzF9E29SfCh5Pwc,28,poia-demo-bank,withdrawal,approved,,zt_authenticator,16484,1789039098,1789039158,,,
1789039116,zt_status_approved,6vzF9E29SfCh5Pwc,28,poia-demo-bank,,approved,,zt_authenticator,,,,1789039116.506,,"{""scenario"": """", ""client_ts"": 1789039116.506, ""status"": ""approved""}"
1789039116,intent_execute,6vzF9E29SfCh5Pwc,28,poia-demo-bank,withdrawal,approved,,,,1789039098,1789039158,,,
1789039117,passkey_assertion,4ZVp6D3lb7dfGd5U,14,poia-demo-bank,,,,webauthn,,,,1789039117.867,,"{""scenario"": """", ""client_ts"": 1789039117.867}"
1789039118,passkey_complete,4ZVp6D3lb7dfGd5U,14,poia-demo-bank,deposit,approved,,webauthn,7901,1789039110,1789039170,,,
1789039118,approval_success,4ZVp6D3lb7dfGd5U,14,poia-demo-bank,,approved,,webauthn,,,,1789039117.951,,"{""scenario"": """", ""client_ts"": 1789039117.951, ""status"": ""approved""}"
1789039118,intent_execute,4ZVp6D3lb7dfGd5U,14,poia-demo-bank,deposit,approved,,,,1789039110,1789039170,,,
1789039131,intent_created,np6RGu6BppfXmsWy,28,poia-demo-bank,withdrawal,pending,,,,1789039131,1789039191,,,"{""scope"": {""account_id"": 43, ""amount"": 435627.0, ""currency"": ""USD""}}"
1789039131,zt_auto_start,np6RGu6BppfXmsWy,28,poia-demo-bank,,,,zt_authenticator,,,,1789039131.415,,"{""scenario"": """", ""client_ts"": 1789039131.415}"
1789039131,intent_loaded,np6RGu6BppfXmsWy,28,poia-demo-bank,,,,zt_authenticator,,,,1789039131.415,,"{""scenario"": """", ""client_ts"": 1789039131.415}"
1789039134,pending_served,np6RGu6BppfXmsWy,28,poia-demo-bank,withdrawal,pending,,zt_authenticator,,1789039131,1789039191,,,
1789039139,pending_served,np6RGu6BppfXmsWy,28,poia-demo-bank,withdrawal,pending,,zt_authenticator,,1789039131,1789039191,,,
1789039142,intent_approve,np6RGu6BppfXmsWy,28,poia-demo-bank,withdrawal,approved,,zt_authenticator,10711,1789039131,1789039191,,,
1789039142,zt_status_approved,np6RGu6BppfXmsWy,28,poia-demo-bank,,approved,,zt_authenticator,,,,1789039142.089,,"{""scenario"": """", ""client_ts"": 1789039142.089, ""status"": ""approved""}"
1789039142,intent_execute,np6RGu6BppfXmsWy,28,poia-demo-bank,withdrawal,approved,,,,1789039131,1789039191,,,
1789039160,intent_created,86RNT91Ziw-O10ET,14,poia-demo-bank,deposit,pending,,,,1789039160,1789039220,,,"{""scope"": {""account_id"": 25, ""amount"": 88483.0, ""currency"": ""USD""}}"
1789039160,intent_loaded,86RNT91Ziw-O10ET,14,poia-demo-bank,,,,webauthn,,,,1789039160.502,,"{""scenario"": """", ""client_ts"": 1789039160.502}"
1789039160,passkey_begin,86RNT91Ziw-O10ET,14,poia-demo-bank,deposit,ok,,webauthn,,1789039160,1789039220,,,
1789039164,intent_created,zU2DBMhzL4yzUUnq,28,poia-demo-bank,withdrawal,pending,,,,1789039164,1789039224,,,"{""scope"": {""account_id"": 43, ""amount"": 5261.0, ""currency"": ""USD""}}"
1789039164,zt_auto_start,zU2DBMhzL4yzUUnq,28,poia-demo-bank,,,,zt_authenticator,,,,1789039164.174,,"{""scenario"": """", ""client_ts"": 1789039164.174}"
1789039164,intent_loaded,zU2DBMhzL4yzUUnq,28,poia-demo-bank,,,,zt_authenticator,,,,1789039164.174,,"{""scenario"": """", ""client_ts"": 1789039164.174}"
1789039166,pending_served,zU2DBMhzL4yzUUnq,28,poia-demo-bank,withdrawal,pending,,zt_authenticator,,1789039164,1789039224,,,
1789039166,passkey_assertion,86RNT91Ziw-O10ET,14,poia-demo-bank,,,,webauthn,,,,1789039166.595,,"{""scenario"": """", ""client_ts"": 1789039166.595}"
1789039166,passkey_complete,86RNT91Ziw-O10ET,14,poia-demo-bank,deposit,approved,,webauthn,6163,1789039160,1789039220,,,
1789039166,approval_success,86RNT91Ziw-O10ET,14,poia-demo-bank,,approved,,webauthn,,,,1789039166.622,,"{""scenario"": """", ""client_ts"": 1789039166.622, ""status"": ""approved""}"
1789039166,intent_execute,86RNT91Ziw-O10ET,14,poia-demo-bank,deposit,approved,,,,1789039160,1789039220,,,
1789039171,pending_served,zU2DBMhzL4yzUUnq,28,poia-demo-bank,withdrawal,pending,,zt_authenticator,,1789039164,1789039224,,,
1789039173,intent_approve,zU2DBMhzL4yzUUnq,28,poia-demo-bank,withdrawal,approved,,zt_authenticator,9343,1789039164,1789039224,,,
1789039174,zt_status_approved,zU2DBMhzL4yzUUnq,28,poia-demo-bank,,approved,,zt_authenticator,,,,1789039174.158,,"{""scenario"": """", ""client_ts"": 1789039174.158, ""status"": ""approved""}"
1789039174,intent_execute,zU2DBMhzL4yzUUnq,28,poia-demo-bank,withdrawal,approved,,,,1789039164,1789039224,,,
1789039181,intent_created,RT7GLza1FEBbBltL,28,poia-demo-bank,deposit,pending,,,,1789039181,1789039241,,,"{""scope"": {""account_id"": 43, ""amount"": 67800.0, ""currency"": ""USD""}}"
1789039181,zt_auto_start,RT7GLza1FEBbBltL,28,poia-demo-bank,,,,zt_authenticator,,,,1789039181.507,,"{""scenario"": """", ""client_ts"": 1789039181.507}"
1789039181,intent_loaded,RT7GLza1FEBbBltL,28,poia-demo-bank,,,,zt_authenticator,,,,1789039181.507,,"{""scenario"": """", ""client_ts"": 1789039181.507}"
1789039184,pending_served,RT7GLza1FEBbBltL,28,poia-demo-bank,deposit,pending,,zt_authenticator,,1789039181,1789039241,,,
1789039186,pending_served,RT7GLza1FEBbBltL,28,poia-demo-bank,deposit,pending,,zt_authenticator,,1789039181,1789039241,,,
1789039186,intent_created,twUb16S8OrdQ40tq,14,poia-demo-bank,deposit,pending,,,,1789039186,1789039246,,,"{""scope"": {""account_id"": 25, ""amount"": 68434.0, ""currency"": ""USD""}}"
1789039186,intent_loaded,twUb16S8OrdQ40tq,14,poia-demo-bank,,,,webauthn,,,,1789039186.256,,"{""scenario"": """", ""client_ts"": 1789039186.256}"
1789039186,passkey_begin,twUb16S8OrdQ40tq,14,poia-demo-bank,deposit,ok,,webauthn,,1789039186,1789039246,,,
1789039191,passkey_assertion,twUb16S8OrdQ40tq,14,poia-demo-bank,,,,webauthn,,,,1789039191.385,,"{""scenario"": """", ""client_ts"": 1789039191.385}"
1789039191,passkey_complete,twUb16S8OrdQ40tq,14,poia-demo-bank,deposit,approved,,webauthn,5236,1789039186,1789039246,,,
1789039191,approval_success,twUb16S8OrdQ40tq,14,poia-demo-bank,,approved,,webauthn,,,,1789039191.477,,"{""scenario"": """", ""client_ts"": 1789039191.477, ""status"": ""approved""}"
1789039191,intent_execute,twUb16S8OrdQ40tq,14,poia-demo-bank,deposit,approved,,,,1789039186,1789039246,,,
1789039192,pending_served,RT7GLza1FEBbBltL,28,poia-demo-bank,deposit,pending,,zt_authenticator,,1789039181,1789039241,,,
1789039193,intent_approve,RT7GLza1FEBbBltL,28,poia-demo-bank,deposit,approved,,zt_authenticator,12351,1789039181,1789039241,,,
1789039194,zt_status_approved,RT7GLza1FEBbBltL,28,poia-demo-bank,,approved,,zt_authenticator,,,,1789039194.227,,"{""scenario"": """", ""client_ts"": 1789039194.227, ""status"": ""approved""}"
1789039194,intent_execute,RT7GLza1FEBbBltL,28,poia-demo-bank,deposit,approved,,,,1789039181,1789039241,,,
1789039198,intent_created,ZNePoVZaIh1Ttdoq,28,poia-demo-bank,transfer,pending,,,,1789039198,1789039258,,,"{""scope"": {""from_account"": 43, ""amount"": 98765.0, ""currency"": ""USD"", ""beneficiary_id"": 22, ""beneficiary_name"": ""JJM Hofstede""}}"
1789039198,zt_auto_start,ZNePoVZaIh1Ttdoq,28,poia-demo-bank,,,,zt_authenticator,,,,1789039198.473,,"{""scenario"": """", ""client_ts"": 1789039198.473}"
1789039198,intent_loaded,ZNePoVZaIh1Ttdoq,28,poia-demo-bank,,,,zt_authenticator,,,,1789039198.473,,"{""scenario"": """", ""client_ts"": 1789039198.473}"
1789039199,intent_created,NOSGKaq3F8Qc17GO,14,poia-demo-bank,deposit,pending,,,,1789039199,1789039259,,,"{""scope"": {""account_id"": 25, ""amount"": 94.0, ""currency"": ""USD""}}"
1789039199,intent_loaded,NOSGKaq3F8Qc17GO,14,poia-demo-bank,,,,webauthn,,,,1789039199.337,,"{""scenario"": """", ""client_ts"": 1789039199.337}"
1789039199,passkey_begin,NOSGKaq3F8Qc17GO,14,poia-demo-bank,deposit,ok,,webauthn,,1789039199,1789039259,,,
1789039200,pending_served,ZNePoVZaIh1Ttdoq,28,poia-demo-bank,transfer,pending,,zt_authenticator,,1789039198,1789039258,,,
1789039205,passkey_assertion,NOSGKaq3F8Qc17GO,14,poia-demo-bank,,,,webauthn,,,,1789039205.097,,"{""scenario"": """", ""client_ts"": 1789039205.097}"
1789039205,passkey_complete,NOSGKaq3F8Qc17GO,14,poia-demo-bank,deposit,approved,,webauthn,6037,1789039199,1789039259,,,
1789039205,approval_success,NOSGKaq3F8Qc17GO,14,poia-demo-bank,,approved,,webauthn,,,,1789039205.23,,"{""scenario"": """", ""client_ts"": 1789039205.23, ""status"": ""approved""}"
1789039205,intent_execute,NOSGKaq3F8Qc17GO,14,poia-demo-bank,deposit,approved,,,,1789039199,1789039259,,,
1789039206,pending_served,ZNePoVZaIh1Ttdoq,28,poia-demo-bank,transfer,pending,,zt_authenticator,,1789039198,1789039258,,,
1789039212,pending_served,ZNePoVZaIh1Ttdoq,28,poia-demo-bank,transfer,pending,,zt_authenticator,,1789039198,1789039258,,,
1789039218,pending_served,ZNePoVZaIh1Ttdoq,28,poia-demo-bank,transfer,pending,,zt_authenticator,,1789039198,1789039258,,,
1789039220,intent_created,i0ApXDUkcDzktMoe,14,poia-demo-bank,statement_export,pending,,,,1789039220,1789039280,,,"{""scope"": {""account_id"": ""25"", ""txn_type"": ""transfer"", ""date_from"": ""2026-09-16"", ""date_to"": ""2026-09-22""}}"
1789039220,intent_loaded,i0ApXDUkcDzktMoe,14,poia-demo-bank,,,,webauthn,,,,1789039220.71,,"{""scenario"": """", ""client_ts"": 1789039220.71}"
1789039220,passkey_begin,i0ApXDUkcDzktMoe,14,poia-demo-bank,statement_export,ok,,webauthn,,1789039220,1789039280,,,
1789039224,pending_served,ZNePoVZaIh1Ttdoq,28,poia-demo-bank,transfer,pending,,zt_authenticator,,1789039198,1789039258,,,
1789039227,passkey_assertion,i0ApXDUkcDzktMoe,14,poia-demo-bank,,,,webauthn,,,,1789039227.119,,"{""scenario"": """", ""client_ts"": 1789039227.119}"
1789039227,passkey_complete,i0ApXDUkcDzktMoe,14,poia-demo-bank,statement_export,approved,,webauthn,6638,1789039220,1789039280,,,
1789039227,approval_success,i0ApXDUkcDzktMoe,14,poia-demo-bank,,approved,,webauthn,,,,1789039227.254,,"{""scenario"": """", ""client_ts"": 1789039227.254, ""status"": ""approved""}"
1789039227,intent_execute,i0ApXDUkcDzktMoe,14,poia-demo-bank,statement_export,approved,,,,1789039220,1789039280,,,
1789039230,pending_served,ZNePoVZaIh1Ttdoq,28,poia-demo-bank,transfer,pending,,zt_authenticator,,1789039198,1789039258,,,
1789039235,pending_served,ZNePoVZaIh1Ttdoq,28,poia-demo-bank,transfer,pending,,zt_authenticator,,1789039198,1789039258,,,
1789039237,intent_approve,ZNePoVZaIh1Ttdoq,28,poia-demo-bank,transfer,approved,,zt_authenticator,39284,1789039198,1789039258,,,
1789039238,zt_status_approved,ZNePoVZaIh1Ttdoq,28,poia-demo-bank,,approved,,zt_authenticator,,,,1789039238.363,,"{""scenario"": """", ""client_ts"": 1789039238.363, ""status"": ""approved""}"
1789039238,intent_execute,ZNePoVZaIh1Ttdoq,28,poia-demo-bank,transfer,approved,,,,1789039198,1789039258,,,
1789039241,intent_created,mDMoP_DiCPbOh2SZ,28,poia-demo-bank,statement_export,pending,,,,1789039241,1789039301,,,"{""scope"": {""account_id"": """", ""txn_type"": """", ""date_from"": """", ""date_to"": """"}}"
1789039241,zt_auto_start,mDMoP_DiCPbOh2SZ,28,poia-demo-bank,,,,zt_authenticator,,,,1789039241.533,,"{""scenario"": """", ""client_ts"": 1789039241.533}"
1789039241,intent_loaded,mDMoP_DiCPbOh2SZ,28,poia-demo-bank,,,,zt_authenticator,,,,1789039241.533,,"{""scenario"": """", ""client_ts"": 1789039241.533}"
1789039244,intent_created,UAymqgkgbct1gD3c,14,poia-demo-bank,statement_export,pending,,,,1789039244,1789039304,,,"{""scope"": {""account_id"": """", ""txn_type"": """", ""date_from"": """", ""date_to"": """"}}"
1789039244,intent_loaded,UAymqgkgbct1gD3c,14,poia-demo-bank,,,,webauthn,,,,1789039244.293,,"{""scenario"": """", ""client_ts"": 1789039244.293}"
1789039244,passkey_begin,UAymqgkgbct1gD3c,14,poia-demo-bank,statement_export,ok,,webauthn,,1789039244,1789039304,,,
1789039244,pending_served,mDMoP_DiCPbOh2SZ,28,poia-demo-bank,statement_export,pending,,zt_authenticator,,1789039241,1789039301,,,
1789039250,pending_served,mDMoP_DiCPbOh2SZ,28,poia-demo-bank,statement_export,pending,,zt_authenticator,,1789039241,1789039301,,,
1789039251,passkey_assertion,UAymqgkgbct1gD3c,14,poia-demo-bank,,,,webauthn,,,,1789039251.469,,"{""scenario"": """", ""client_ts"": 1789039251.469}"
1789039251,passkey_complete,UAymqgkgbct1gD3c,14,poia-demo-bank,statement_export,approved,,webauthn,7280,1789039244,1789039304,,,
1789039251,approval_success,UAymqgkgbct1gD3c,14,poia-demo-bank,,approved,,webauthn,,,,1789039251.505,,"{""scenario"": """", ""client_ts"": 1789039251.505, ""status"": ""approved""}"
1789039251,intent_execute,UAymqgkgbct1gD3c,14,poia-demo-bank,statement_export,approved,,,,1789039244,1789039304,,,
1789039252,intent_created,otSCjEoHWX6hcAFb,28,poia-demo-bank,statement_export,pending,,,,1789039252,1789039312,,,"{""scope"": {""account_id"": ""43"", ""txn_type"": ""withdrawal"", ""date_from"": ""2026-09-04"", ""date_to"": ""2026-09-17""}}"
1789039253,zt_auto_start,otSCjEoHWX6hcAFb,28,poia-demo-bank,,,,zt_authenticator,,,,1789039253.049,,"{""scenario"": """", ""client_ts"": 1789039253.049}"
1789039253,intent_loaded,otSCjEoHWX6hcAFb,28,poia-demo-bank,,,,zt_authenticator,,,,1789039253.049,,"{""scenario"": """", ""client_ts"": 1789039253.049}"
1789039255,pending_served,mDMoP_DiCPbOh2SZ,28,poia-demo-bank,statement_export,pending,,zt_authenticator,,1789039241,1789039301,,,
1789039255,pending_served,mDMoP_DiCPbOh2SZ,28,poia-demo-bank,statement_export,pending,,zt_authenticator,,1789039241,1789039301,,,
1789039257,intent_approve,mDMoP_DiCPbOh2SZ,28,poia-demo-bank,statement_export,approved,,zt_authenticator,16438,1789039241,1789039301,,,
1789039264,pending_served,otSCjEoHWX6hcAFb,28,poia-demo-bank,statement_export,pending,,zt_authenticator,,1789039252,1789039312,,,
1789039266,intent_created,LzIWLsYP_FXsapdp,28,poia-demo-bank,statement_export,pending,,,,1789039266,1789039326,,,"{""scope"": {""account_id"": ""43"", ""txn_type"": ""withdrawal"", ""date_from"": ""2026-09-04"", ""date_to"": ""2026-09-17""}}"
1789039266,zt_auto_start,LzIWLsYP_FXsapdp,28,poia-demo-bank,,,,zt_authenticator,,,,1789039266.201,,"{""scenario"": """", ""client_ts"": 1789039266.201}"
1789039266,intent_loaded,LzIWLsYP_FXsapdp,28,poia-demo-bank,,,,zt_authenticator,,,,1789039266.201,,"{""scenario"": """", ""client_ts"": 1789039266.201}"
1789039266,intent_created,7OGI_yS59ZLo3JI6,14,poia-demo-bank,statement_export,pending,,,,1789039266,1789039326,,,"{""scope"": {""account_id"": ""26"", ""txn_type"": ""withdrawal"", ""date_from"": ""2026-09-16"", ""date_to"": ""2026-09-07""}}"
1789039267,intent_loaded,7OGI_yS59ZLo3JI6,14,poia-demo-bank,,,,webauthn,,,,1789039266.991,,"{""scenario"": """", ""client_ts"": 1789039266.991}"
1789039267,passkey_begin,7OGI_yS59ZLo3JI6,14,poia-demo-bank,statement_export,ok,,webauthn,,1789039266,1789039326,,,
1789039270,pending_served,otSCjEoHWX6hcAFb,28,poia-demo-bank,statement_export,pending,,zt_authenticator,,1789039252,1789039312,,,
1789039270,pending_served,LzIWLsYP_FXsapdp,28,poia-demo-bank,statement_export,pending,,zt_authenticator,,1789039266,1789039326,,,
1789039275,passkey_assertion,7OGI_yS59ZLo3JI6,14,poia-demo-bank,,,,webauthn,,,,1789039275.241,,"{""scenario"": """", ""client_ts"": 1789039275.241}"
1789039275,passkey_complete,7OGI_yS59ZLo3JI6,14,poia-demo-bank,statement_export,approved,,webauthn,8507,1789039266,1789039326,,,
1789039275,approval_success,7OGI_yS59ZLo3JI6,14,poia-demo-bank,,approved,,webauthn,,,,1789039275.336,,"{""scenario"": """", ""client_ts"": 1789039275.336, ""status"": ""approved""}"
1789039275,intent_execute,7OGI_yS59ZLo3JI6,14,poia-demo-bank,statement_export,approved,,,,1789039266,1789039326,,,
1789039276,pending_served,LzIWLsYP_FXsapdp,28,poia-demo-bank,statement_export,pending,,zt_authenticator,,1789039266,1789039326,,,
1789039281,pending_served,LzIWLsYP_FXsapdp,28,poia-demo-bank,statement_export,pending,,zt_authenticator,,1789039266,1789039326,,,
1789039283,intent_approve,LzIWLsYP_FXsapdp,28,poia-demo-bank,statement_export,approved,,zt_authenticator,17242,1789039266,1789039326,,,
1789039283,zt_status_approved,LzIWLsYP_FXsapdp,28,poia-demo-bank,,approved,,zt_authenticator,,,,1789039283.725,,"{""scenario"": """", ""client_ts"": 1789039283.725, ""status"": ""approved""}"
1789039283,intent_execute,LzIWLsYP_FXsapdp,28,poia-demo-bank,statement_export,approved,,,,1789039266,1789039326,,,
1789039290,pending_served,otSCjEoHWX6hcAFb,28,poia-demo-bank,statement_export,pending,,zt_authenticator,,1789039252,1789039312,,,
1789039295,intent_created,-OmNMQtzTFkiJfK2,28,poia-demo-bank,statement_export,pending,,,,1789039295,1789039355,,,"{""scope"": {""account_id"": """", ""txn_type"": """", ""date_from"": ""2026-09-10"", ""date_to"": ""2026-09-10""}}"
1789039295,zt_auto_start,-OmNMQtzTFkiJfK2,28,poia-demo-bank,,,,zt_authenticator,,,,1789039295.89,,"{""scenario"": """", ""client_ts"": 1789039295.89}"
1789039295,intent_loaded,-OmNMQtzTFkiJfK2,28,poia-demo-bank,,,,zt_authenticator,,,,1789039295.89,,"{""scenario"": """", ""client_ts"": 1789039295.89}"
1789039296,pending_served,otSCjEoHWX6hcAFb,28,poia-demo-bank,statement_export,pending,,zt_authenticator,,1789039252,1789039312,,,
1789039296,pending_served,-OmNMQtzTFkiJfK2,28,poia-demo-bank,statement_export,pending,,zt_authenticator,,1789039295,1789039355,,,
1789039302,pending_served,-OmNMQtzTFkiJfK2,28,poia-demo-bank,statement_export,pending,,zt_authenticator,,1789039295,1789039355,,,
1789039308,pending_served,-OmNMQtzTFkiJfK2,28,poia-demo-bank,statement_export,pending,,zt_authenticator,,1789039295,1789039355,,,
1789039314,pending_served,-OmNMQtzTFkiJfK2,28,poia-demo-bank,statement_export,pending,,zt_authenticator,,1789039295,1789039355,,,
1789039318,intent_created,tuL2Edc-qfIlId7N,14,poia-demo-bank,beneficiary_add,pending,,,,1789039318,1789039378,,,"{""scope"": {""name"": ""Maurice"", ""bank"": ""PoIA Bank"", ""account_number"": ""8347""}}"
1789039318,intent_loaded,tuL2Edc-qfIlId7N,14,poia-demo-bank,,,,webauthn,,,,1789039318.414,,"{""scenario"": """", ""client_ts"": 1789039318.414}"
1789039318,passkey_begin,tuL2Edc-qfIlId7N,14,poia-demo-bank,beneficiary_add,ok,,webauthn,,1789039318,1789039378,,,
1789039320,pending_served,-OmNMQtzTFkiJfK2,28,poia-demo-bank,statement_export,pending,,zt_authenticator,,1789039295,1789039355,,,
1789039324,passkey_assertion,tuL2Edc-qfIlId7N,14,poia-demo-bank,,,,webauthn,,,,1789039324.881,,"{""scenario"": """", ""client_ts"": 1789039324.881}"
1789039325,passkey_complete,tuL2Edc-qfIlId7N,14,poia-demo-bank,beneficiary_add,approved,,webauthn,6682,1789039318,1789039378,,,
1789039325,approval_success,tuL2Edc-qfIlId7N,14,poia-demo-bank,,approved,,webauthn,,,,1789039324.968,,"{""scenario"": """", ""client_ts"": 1789039324.968, ""status"": ""approved""}"
1789039325,intent_execute,tuL2Edc-qfIlId7N,14,poia-demo-bank,beneficiary_add,approved,,,,1789039318,1789039378,,,
1789039326,pending_served,-OmNMQtzTFkiJfK2,28,poia-demo-bank,statement_export,pending,,zt_authenticator,,1789039295,1789039355,,,
1789039331,pending_served,-OmNMQtzTFkiJfK2,28,poia-demo-bank,statement_export,pending,,zt_authenticator,,1789039295,1789039355,,,
1789039335,intent_approve,-OmNMQtzTFkiJfK2,28,poia-demo-bank,statement_export,approved,,zt_authenticator,39544,1789039295,1789039355,,,
1789039336,zt_status_approved,-OmNMQtzTFkiJfK2,28,poia-demo-bank,,approved,,zt_authenticator,,,,1789039336.152,,"{""scenario"": """", ""client_ts"": 1789039336.152, ""status"": ""approved""}"
1789039336,intent_execute,-OmNMQtzTFkiJfK2,28,poia-demo-bank,statement_export,approved,,,,1789039295,1789039355,,,
1789039340,intent_created,GZ9Yd3A24U-h4u7t,14,poia-demo-bank,deposit,pending,,,,1789039340,1789039400,,,"{""scope"": {""account_id"": 25, ""amount"": 858.0, ""currency"": ""USD""}}"
1789039341,intent_loaded,GZ9Yd3A24U-h4u7t,14,poia-demo-bank,,,,webauthn,,,,1789039340.966,,"{""scenario"": """", ""client_ts"": 1789039340.966}"
1789039341,passkey_begin,GZ9Yd3A24U-h4u7t,14,poia-demo-bank,deposit,ok,,webauthn,,1789039340,1789039400,,,
1789039347,intent_created,Ro0nmMopXkB60Fvk,28,poia-demo-bank,deposit,pending,,,,1789039347,1789039407,,,"{""scope"": {""account_id"": 43, ""amount"": 987.0, ""currency"": ""USD""}}"
1789039347,zt_auto_start,Ro0nmMopXkB60Fvk,28,poia-demo-bank,,,,zt_authenticator,,,,1789039347.863,,"{""scenario"": """", ""client_ts"": 1789039347.863}"
1789039347,intent_loaded,Ro0nmMopXkB60Fvk,28,poia-demo-bank,,,,zt_authenticator,,,,1789039347.863,,"{""scenario"": """", ""client_ts"": 1789039347.863}"
1789039348,pending_served,Ro0nmMopXkB60Fvk,28,poia-demo-bank,deposit,pending,,zt_authenticator,,1789039347,1789039407,,,
1789039350,passkey_assertion,GZ9Yd3A24U-h4u7t,14,poia-demo-bank,,,,webauthn,,,,1789039350.48,,"{""scenario"": """", ""client_ts"": 1789039350.48}"
1789039350,passkey_complete,GZ9Yd3A24U-h4u7t,14,poia-demo-bank,deposit,approved,,webauthn,9734,1789039340,1789039400,,,
1789039350,approval_success,GZ9Yd3A24U-h4u7t,14,poia-demo-bank,,approved,,webauthn,,,,1789039350.581,,"{""scenario"": """", ""client_ts"": 1789039350.581, ""status"": ""approved""}"
1789039350,intent_execute,GZ9Yd3A24U-h4u7t,14,poia-demo-bank,deposit,approved,,,,1789039340,1789039400,,,
1789039354,pending_served,Ro0nmMopXkB60Fvk,28,poia-demo-bank,deposit,pending,,zt_authenticator,,1789039347,1789039407,,,
1789039356,intent_created,OKfK4FtuBDDbkeIU,14,poia-demo-bank,deposit,pending,,,,1789039356,1789039416,,,"{""scope"": {""account_id"": 25, ""amount"": 7489.0, ""currency"": ""USD""}}"
1789039356,intent_loaded,OKfK4FtuBDDbkeIU,14,poia-demo-bank,,,,webauthn,,,,1789039356.494,,"{""scenario"": """", ""client_ts"": 1789039356.494}"
1789039356,passkey_begin,OKfK4FtuBDDbkeIU,14,poia-demo-bank,deposit,ok,,webauthn,,1789039356,1789039416,,,
1789039360,pending_served,Ro0nmMopXkB60Fvk,28,poia-demo-bank,deposit,pending,,zt_authenticator,,1789039347,1789039407,,,
1789039364,passkey_assertion,OKfK4FtuBDDbkeIU,14,poia-demo-bank,,,,webauthn,,,,1789039364.405,,"{""scenario"": """", ""client_ts"": 1789039364.405}"
1789039364,passkey_complete,OKfK4FtuBDDbkeIU,14,poia-demo-bank,deposit,approved,,webauthn,8141,1789039356,1789039416,,,
1789039364,approval_success,OKfK4FtuBDDbkeIU,14,poia-demo-bank,,approved,,webauthn,,,,1789039364.502,,"{""scenario"": """", ""client_ts"": 1789039364.502, ""status"": ""approved""}"
1789039364,intent_execute,OKfK4FtuBDDbkeIU,14,poia-demo-bank,deposit,approved,,,,1789039356,1789039416,,,
1789039366,pending_served,Ro0nmMopXkB60Fvk,28,poia-demo-bank,deposit,pending,,zt_authenticator,,1789039347,1789039407,,,
1789039372,pending_served,Ro0nmMopXkB60Fvk,28,poia-demo-bank,deposit,pending,,zt_authenticator,,1789039347,1789039407,,,
1789039376,intent_created,1w95JL-KACWS2J-F,14,poia-demo-bank,withdrawal,pending,,,,1789039376,1789039436,,,"{""scope"": {""account_id"": 26, ""amount"": 632.0, ""currency"": ""USD""}}"
1789039376,intent_loaded,1w95JL-KACWS2J-F,14,poia-demo-bank,,,,webauthn,,,,1789039376.22,,"{""scenario"": """", ""client_ts"": 1789039376.22}"
1789039376,passkey_begin,1w95JL-KACWS2J-F,14,poia-demo-bank,withdrawal,ok,,webauthn,,1789039376,1789039436,,,
1789039378,pending_served,Ro0nmMopXkB60Fvk,28,poia-demo-bank,deposit,pending,,zt_authenticator,,1789039347,1789039407,,,
1789039382,passkey_assertion,1w95JL-KACWS2J-F,14,poia-demo-bank,,,,webauthn,,,,1789039382.839,,"{""scenario"": """", ""client_ts"": 1789039382.839}"
1789039383,passkey_complete,1w95JL-KACWS2J-F,14,poia-demo-bank,withdrawal,approved,,webauthn,6843,1789039376,1789039436,,,
1789039383,approval_success,1w95JL-KACWS2J-F,14,poia-demo-bank,,approved,,webauthn,,,,1789039383.012,,"{""scenario"": """", ""client_ts"": 1789039383.012, ""status"": ""approved""}"
1789039383,intent_execute,1w95JL-KACWS2J-F,14,poia-demo-bank,withdrawal,approved,,,,1789039376,1789039436,,,
1789039384,pending_served,Ro0nmMopXkB60Fvk,28,poia-demo-bank,deposit,pending,,zt_authenticator,,1789039347,1789039407,,,
1789039389,intent_created,-1x0sVJOyPgtcj3F,14,poia-demo-bank,deposit,pending,,,,1789039389,1789039449,,,"{""scope"": {""account_id"": 25, ""amount"": 864.0, ""currency"": ""USD""}}"
1789039389,intent_loaded,-1x0sVJOyPgtcj3F,14,poia-demo-bank,,,,webauthn,,,,1789039389.163,,"{""scenario"": """", ""client_ts"": 1789039389.163}"
1789039389,passkey_begin,-1x0sVJOyPgtcj3F,14,poia-demo-bank,deposit,ok,,webauthn,,1789039389,1789039449,,,
1789039390,pending_served,Ro0nmMopXkB60Fvk,28,poia-demo-bank,deposit,pending,,zt_authenticator,,1789039347,1789039407,,,
1789039392,intent_approve,Ro0nmMopXkB60Fvk,28,poia-demo-bank,deposit,approved,,zt_authenticator,44481,1789039347,1789039407,,,
1789039392,zt_status_approved,Ro0nmMopXkB60Fvk,28,poia-demo-bank,,approved,,zt_authenticator,,,,1789039392.323,,"{""scenario"": """", ""client_ts"": 1789039392.323, ""status"": ""approved""}"
1789039392,intent_execute,Ro0nmMopXkB60Fvk,28,poia-demo-bank,deposit,approved,,,,1789039347,1789039407,,,
1789039398,passkey_assertion,-1x0sVJOyPgtcj3F,14,poia-demo-bank,,,,webauthn,,,,1789039398.71,,"{""scenario"": """", ""client_ts"": 1789039398.71}"
1789039398,passkey_complete,-1x0sVJOyPgtcj3F,14,poia-demo-bank,deposit,approved,,webauthn,9712,1789039389,1789039449,,,
1789039398,approval_success,-1x0sVJOyPgtcj3F,14,poia-demo-bank,,approved,,webauthn,,,,1789039398.741,,"{""scenario"": """", ""client_ts"": 1789039398.741, ""status"": ""approved""}"
1789039398,intent_execute,-1x0sVJOyPgtcj3F,14,poia-demo-bank,deposit,approved,,,,1789039389,1789039449,,,
1789039409,intent_created,OqG8eDrIMXpQvJt3,28,poia-demo-bank,statement_export,pending,,,,1789039409,1789039469,,,"{""scope"": {""account_id"": """", ""txn_type"": """", ""date_from"": """", ""date_to"": ""2026-09-10""}}"
1789039409,zt_auto_start,OqG8eDrIMXpQvJt3,28,poia-demo-bank,,,,zt_authenticator,,,,1789039409.161,,"{""scenario"": """", ""client_ts"": 1789039409.161}"
1789039409,intent_loaded,OqG8eDrIMXpQvJt3,28,poia-demo-bank,,,,zt_authenticator,,,,1789039409.16,,"{""scenario"": """", ""client_ts"": 1789039409.16}"
1789039410,pending_served,OqG8eDrIMXpQvJt3,28,poia-demo-bank,statement_export,pending,,zt_authenticator,,1789039409,1789039469,,,
1789039415,intent_created,51lpXDtiacedZOUN,14,poia-demo-bank,transfer,pending,,,,1789039415,1789039475,,,"{""scope"": {""from_account"": 25, ""amount"": 7352.0, ""currency"": ""USD"", ""external_account"": ""1256789""}}"
1789039415,intent_loaded,51lpXDtiacedZOUN,14,poia-demo-bank,,,,webauthn,,,,1789039415.623,,"{""scenario"": """", ""client_ts"": 1789039415.623}"
1789039415,passkey_begin,51lpXDtiacedZOUN,14,poia-demo-bank,transfer,ok,,webauthn,,1789039415,1789039475,,,
1789039416,pending_served,OqG8eDrIMXpQvJt3,28,poia-demo-bank,statement_export,pending,,zt_authenticator,,1789039409,1789039469,,,
1789039422,pending_served,OqG8eDrIMXpQvJt3,28,poia-demo-bank,statement_export,pending,,zt_authenticator,,1789039409,1789039469,,,
1789039423,passkey_assertion,51lpXDtiacedZOUN,14,poia-demo-bank,,,,webauthn,,,,1789039423.504,,"{""scenario"": """", ""client_ts"": 1789039423.504}"
1789039423,passkey_complete,51lpXDtiacedZOUN,14,poia-demo-bank,transfer,approved,,webauthn,8102,1789039415,1789039475,,,
1789039423,approval_success,51lpXDtiacedZOUN,14,poia-demo-bank,,approved,,webauthn,,,,1789039423.592,,"{""scenario"": """", ""client_ts"": 1789039423.592, ""status"": ""approved""}"
1789039423,intent_execute,51lpXDtiacedZOUN,14,poia-demo-bank,transfer,approved,,,,1789039415,1789039475,,,
1789039427,pending_served,OqG8eDrIMXpQvJt3,28,poia-demo-bank,statement_export,pending,,zt_authenticator,,1789039409,1789039469,,,
1789039429,intent_approve,OqG8eDrIMXpQvJt3,28,poia-demo-bank,statement_export,approved,,zt_authenticator,20323,1789039409,1789039469,,,
1789039430,zt_status_approved,OqG8eDrIMXpQvJt3,28,poia-demo-bank,,approved,,zt_authenticator,,,,1789039430.564,,"{""scenario"": """", ""client_ts"": 1789039430.564, ""status"": ""approved""}"
1789039430,intent_execute,OqG8eDrIMXpQvJt3,28,poia-demo-bank,statement_export,approved,,,,1789039409,1789039469,,,
1789039441,intent_created,KfcE8Hf26Cfg4N6Y,28,poia-demo-bank,limit_change,pending,,,,1789039441,1789039501,,,"{""scope"": {""account_id"": 43, ""new_daily_limit"": 10000000.0}}"
1789039442,zt_auto_start,KfcE8Hf26Cfg4N6Y,28,poia-demo-bank,,,,zt_authenticator,,,,1789039441.886,,"{""scenario"": """", ""client_ts"": 1789039441.886}"
1789039442,intent_loaded,KfcE8Hf26Cfg4N6Y,28,poia-demo-bank,,,,zt_authenticator,,,,1789039441.886,,"{""scenario"": """", ""client_ts"": 1789039441.886}"
1789039442,pending_served,KfcE8Hf26Cfg4N6Y,28,poia-demo-bank,limit_change,pending,,zt_authenticator,,1789039441,1789039501,,,
1789039448,pending_served,KfcE8Hf26Cfg4N6Y,28,poia-demo-bank,limit_change,pending,,zt_authenticator,,1789039441,1789039501,,,
1789039451,intent_created,uUsfBoOyqLvq1MVK,14,poia-demo-bank,transfer,pending,,,,1789039451,1789039511,,,"{""scope"": {""from_account"": 25, ""amount"": 879.0, ""currency"": ""USD"", ""external_account"": ""4378""}}"
1789039451,intent_loaded,uUsfBoOyqLvq1MVK,14,poia-demo-bank,,,,webauthn,,,,1789039451.161,,"{""scenario"": """", ""client_ts"": 1789039451.161}"
1789039451,passkey_begin,uUsfBoOyqLvq1MVK,14,poia-demo-bank,transfer,ok,,webauthn,,1789039451,1789039511,,,
1789039452,intent_approve,KfcE8Hf26Cfg4N6Y,28,poia-demo-bank,limit_change,approved,,zt_authenticator,10248,1789039441,1789039501,,,
1789039453,zt_status_approved,KfcE8Hf26Cfg4N6Y,28,poia-demo-bank,,approved,,zt_authenticator,,,,1789039453.056,,"{""scenario"": """", ""client_ts"": 1789039453.056, ""status"": ""approved""}"
1789039453,intent_execute,KfcE8Hf26Cfg4N6Y,28,poia-demo-bank,limit_change,approved,,,,1789039441,1789039501,,,
1789039457,passkey_assertion,uUsfBoOyqLvq1MVK,14,poia-demo-bank,,,,webauthn,,,,1789039457.273,,"{""scenario"": """", ""client_ts"": 1789039457.273}"
1789039457,passkey_complete,uUsfBoOyqLvq1MVK,14,poia-demo-bank,transfer,approved,,webauthn,6244,1789039451,1789039511,,,
1789039457,approval_success,uUsfBoOyqLvq1MVK,14,poia-demo-bank,,approved,,webauthn,,,,1789039457.379,,"{""scenario"": """", ""client_ts"": 1789039457.379, ""status"": ""approved""}"
1789039457,intent_execute,uUsfBoOyqLvq1MVK,14,poia-demo-bank,transfer,approved,,,,1789039451,1789039511,,,
1789039464,intent_created,bKlA5FPtkFmECS4-,14,poia-demo-bank,deposit,pending,,,,1789039464,1789039524,,,"{""scope"": {""account_id"": 25, ""amount"": 983.0, ""currency"": ""USD""}}"
1789039464,intent_loaded,bKlA5FPtkFmECS4-,14,poia-demo-bank,,,,webauthn,,,,1789039464.044,,"{""scenario"": """", ""client_ts"": 1789039464.044}"
1789039464,passkey_begin,bKlA5FPtkFmECS4-,14,poia-demo-bank,deposit,ok,,webauthn,,1789039464,1789039524,,,
1789039469,intent_created,43e_D1jmmWpLJxyE,28,poia-demo-bank,transfer,pending,,,,1789039469,1789039529,,,"{""scope"": {""from_account"": 43, ""amount"": 9876.0, ""currency"": ""USD"", ""external_account"": ""098765""}}"
1789039469,zt_auto_start,43e_D1jmmWpLJxyE,28,poia-demo-bank,,,,zt_authenticator,,,,1789039469.22,,"{""scenario"": """", ""client_ts"": 1789039469.22}"
1789039469,intent_loaded,43e_D1jmmWpLJxyE,28,poia-demo-bank,,,,zt_authenticator,,,,1789039469.22,,"{""scenario"": """", ""client_ts"": 1789039469.22}"
1789039469,passkey_assertion,bKlA5FPtkFmECS4-,14,poia-demo-bank,,,,webauthn,,,,1789039469.82,,"{""scenario"": """", ""client_ts"": 1789039469.82}"
1789039469,passkey_complete,bKlA5FPtkFmECS4-,14,poia-demo-bank,deposit,approved,,webauthn,5915,1789039464,1789039524,,,
1789039470,approval_success,bKlA5FPtkFmECS4-,14,poia-demo-bank,,approved,,webauthn,,,,1789039469.935,,"{""scenario"": """", ""client_ts"": 1789039469.935, ""status"": ""approved""}"
1789039470,intent_execute,bKlA5FPtkFmECS4-,14,poia-demo-bank,deposit,approved,,,,1789039464,1789039524,,,
1789039470,pending_served,43e_D1jmmWpLJxyE,28,poia-demo-bank,transfer,pending,,zt_authenticator,,1789039469,1789039529,,,
1789039475,pending_served,43e_D1jmmWpLJxyE,28,poia-demo-bank,transfer,pending,,zt_authenticator,,1789039469,1789039529,,,
1789039477,intent_approve,43e_D1jmmWpLJxyE,28,poia-demo-bank,transfer,approved,,zt_authenticator,8271,1789039469,1789039529,,,
1789039478,zt_status_approved,43e_D1jmmWpLJxyE,28,poia-demo-bank,,approved,,zt_authenticator,,,,1789039478.716,,"{""scenario"": """", ""client_ts"": 1789039478.716, ""status"": ""approved""}"
1789039478,intent_execute,43e_D1jmmWpLJxyE,28,poia-demo-bank,transfer,approved,,,,1789039469,1789039529,,,
1789039497,intent_created,8gkoBKHcdRbrUAbU,28,poia-demo-bank,transfer,pending,,,,1789039497,1789039557,,,"{""scope"": {""from_account"": 43, ""amount"": 89078.0, ""currency"": ""USD"", ""external_account"": ""09889""}}"
1789039497,zt_auto_start,8gkoBKHcdRbrUAbU,28,poia-demo-bank,,,,zt_authenticator,,,,1789039497.237,,"{""scenario"": """", ""client_ts"": 1789039497.237}"
1789039497,intent_loaded,8gkoBKHcdRbrUAbU,28,poia-demo-bank,,,,zt_authenticator,,,,1789039497.237,,"{""scenario"": """", ""client_ts"": 1789039497.237}"
1789039499,pending_served,8gkoBKHcdRbrUAbU,28,poia-demo-bank,transfer,pending,,zt_authenticator,,1789039497,1789039557,,,
1789039501,pending_served,8gkoBKHcdRbrUAbU,28,poia-demo-bank,transfer,pending,,zt_authenticator,,1789039497,1789039557,,,
1789039504,intent_approve,8gkoBKHcdRbrUAbU,28,poia-demo-bank,transfer,approved,,zt_authenticator,7665,1789039497,1789039557,,,
1789039505,zt_status_approved,8gkoBKHcdRbrUAbU,28,poia-demo-bank,,approved,,zt_authenticator,,,,1789039505.522,,"{""scenario"": """", ""client_ts"": 1789039505.522, ""status"": ""approved""}"
1789039505,intent_execute,8gkoBKHcdRbrUAbU,28,poia-demo-bank,transfer,approved,,,,1789039497,1789039557,,,
1789039514,intent_created,0SydkoHbX-FvcWdx,28,poia-demo-bank,limit_change,pending,,,,1789039514,1789039574,,,"{""scope"": {""account_id"": 44, ""new_daily_limit"": 1000000.0}}"
1789039514,zt_auto_start,0SydkoHbX-FvcWdx,28,poia-demo-bank,,,,zt_authenticator,,,,1789039514.837,,"{""scenario"": """", ""client_ts"": 1789039514.837}"
1789039514,intent_loaded,0SydkoHbX-FvcWdx,28,poia-demo-bank,,,,zt_authenticator,,,,1789039514.837,,"{""scenario"": """", ""client_ts"": 1789039514.837}"
1789039518,pending_served,0SydkoHbX-FvcWdx,28,poia-demo-bank,limit_change,pending,,zt_authenticator,,1789039514,1789039574,,,
1789039524,pending_served,0SydkoHbX-FvcWdx,28,poia-demo-bank,limit_change,pending,,zt_authenticator,,1789039514,1789039574,,,
1789039525,intent_approve,0SydkoHbX-FvcWdx,28,poia-demo-bank,limit_change,approved,,zt_authenticator,10865,1789039514,1789039574,,,
1789039526,zt_status_approved,0SydkoHbX-FvcWdx,28,poia-demo-bank,,approved,,zt_authenticator,,,,1789039526.105,,"{""scenario"": """", ""client_ts"": 1789039526.105, ""status"": ""approved""}"
1789039526,intent_execute,0SydkoHbX-FvcWdx,28,poia-demo-bank,limit_change,approved,,,,1789039514,1789039574,,,
1789039535,intent_created,owiBJOvkrkhvbrjs,28,poia-demo-bank,transfer,pending,,,,1789039535,1789039595,,,"{""scope"": {""from_account"": 43, ""amount"": 435678.0, ""currency"": ""USD"", ""external_account"": ""09876""}}"
1789039535,zt_auto_start,owiBJOvkrkhvbrjs,28,poia-demo-bank,,,,zt_authenticator,,,,1789039535.229,,"{""scenario"": """", ""client_ts"": 1789039535.229}"
1789039535,intent_loaded,owiBJOvkrkhvbrjs,28,poia-demo-bank,,,,zt_authenticator,,,,1789039535.228,,"{""scenario"": """", ""client_ts"": 1789039535.228}"
1789039538,pending_served,owiBJOvkrkhvbrjs,28,poia-demo-bank,transfer,pending,,zt_authenticator,,1789039535,1789039595,,,
1789039544,pending_served,owiBJOvkrkhvbrjs,28,poia-demo-bank,transfer,pending,,zt_authenticator,,1789039535,1789039595,,,
1789039549,intent_created,Cd0Sul3cguwWUr8T,14,poia-demo-bank,deposit,pending,,,,1789039549,1789039609,,,"{""scope"": {""account_id"": 25, ""amount"": 754.0, ""currency"": ""USD""}}"
1789039549,intent_loaded,Cd0Sul3cguwWUr8T,14,poia-demo-bank,,,,webauthn,,,,1789039549.66,,"{""scenario"": """", ""client_ts"": 1789039549.66}"
1789039549,passkey_begin,Cd0Sul3cguwWUr8T,14,poia-demo-bank,deposit,ok,,webauthn,,1789039549,1789039609,,,
1789039550,pending_served,owiBJOvkrkhvbrjs,28,poia-demo-bank,transfer,pending,,zt_authenticator,,1789039535,1789039595,,,
1789039551,intent_approve,owiBJOvkrkhvbrjs,28,poia-demo-bank,transfer,approved,,zt_authenticator,16590,1789039535,1789039595,,,
1789039552,zt_status_approved,owiBJOvkrkhvbrjs,28,poia-demo-bank,,approved,,zt_authenticator,,,,1789039552.217,,"{""scenario"": """", ""client_ts"": 1789039552.217, ""status"": ""approved""}"
1789039552,intent_execute,owiBJOvkrkhvbrjs,28,poia-demo-bank,transfer,approved,,,,1789039535,1789039595,,,
1789039555,passkey_assertion,Cd0Sul3cguwWUr8T,14,poia-demo-bank,,,,webauthn,,,,1789039555.634,,"{""scenario"": """", ""client_ts"": 1789039555.634}"
1789039555,passkey_complete,Cd0Sul3cguwWUr8T,14,poia-demo-bank,deposit,approved,,webauthn,6187,1789039549,1789039609,,,
1789039555,approval_success,Cd0Sul3cguwWUr8T,14,poia-demo-bank,,approved,,webauthn,,,,1789039555.739,,"{""scenario"": """", ""client_ts"": 1789039555.739, ""status"": ""approved""}"
1789039555,intent_execute,Cd0Sul3cguwWUr8T,14,poia-demo-bank,deposit,approved,,,,1789039549,1789039609,,,
1789039557,intent_created,pdD1FSPLMuUt9cbk,28,poia-demo-bank,transfer,pending,,,,1789039557,1789039617,,,"{""scope"": {""from_account"": 43, ""amount"": 9786564.0, ""currency"": ""USD"", ""beneficiary_id"": 30, ""beneficiary_name"": ""Jesse de Lange""}}"
1789039558,zt_auto_start,pdD1FSPLMuUt9cbk,28,poia-demo-bank,,,,zt_authenticator,,,,1789039558.028,,"{""scenario"": """", ""client_ts"": 1789039558.028}"
1789039558,intent_loaded,pdD1FSPLMuUt9cbk,28,poia-demo-bank,,,,zt_authenticator,,,,1789039558.028,,"{""scenario"": """", ""client_ts"": 1789039558.028}"
1789039558,pending_served,pdD1FSPLMuUt9cbk,28,poia-demo-bank,transfer,pending,,zt_authenticator,,1789039557,1789039617,,,
1789039564,pending_served,pdD1FSPLMuUt9cbk,28,poia-demo-bank,transfer,pending,,zt_authenticator,,1789039557,1789039617,,,
1789039569,pending_served,pdD1FSPLMuUt9cbk,28,poia-demo-bank,transfer,pending,,zt_authenticator,,1789039557,1789039617,,,
1789039571,intent_approve,pdD1FSPLMuUt9cbk,28,poia-demo-bank,transfer,approved,,zt_authenticator,13186,1789039557,1789039617,,,
1789039572,zt_status_approved,pdD1FSPLMuUt9cbk,28,poia-demo-bank,,approved,,zt_authenticator,,,,1789039572.525,,"{""scenario"": """", ""client_ts"": 1789039572.525, ""status"": ""approved""}"
1789039572,intent_execute,pdD1FSPLMuUt9cbk,28,poia-demo-bank,transfer,approved,,,,1789039557,1789039617,,,
1789039582,intent_created,ElKWm6Khhwyz7gi9,28,poia-demo-bank,limit_change,pending,,,,1789039582,1789039642,,,"{""scope"": {""account_id"": 43, ""new_daily_limit"": 10000000000.0}}"
1789039582,zt_auto_start,ElKWm6Khhwyz7gi9,28,poia-demo-bank,,,,zt_authenticator,,,,1789039582.692,,"{""scenario"": """", ""client_ts"": 1789039582.692}"
1789039582,intent_loaded,ElKWm6Khhwyz7gi9,28,poia-demo-bank,,,,zt_authenticator,,,,1789039582.691,,"{""scenario"": """", ""client_ts"": 1789039582.691}"
1789039584,pending_served,ElKWm6Khhwyz7gi9,28,poia-demo-bank,limit_change,pending,,zt_authenticator,,1789039582,1789039642,,,
1789039590,pending_served,ElKWm6Khhwyz7gi9,28,poia-demo-bank,limit_change,pending,,zt_authenticator,,1789039582,1789039642,,,
1789039593,intent_created,8utRR3IWYW2U7ERw,14,poia-demo-bank,deposit,pending,,,,1789039593,1789039653,,,"{""scope"": {""account_id"": 25, ""amount"": 346.0, ""currency"": ""USD""}}"
1789039594,intent_loaded,8utRR3IWYW2U7ERw,14,poia-demo-bank,,,,webauthn,,,,1789039593.945,,"{""scenario"": """", ""client_ts"": 1789039593.945}"
1789039594,passkey_begin,8utRR3IWYW2U7ERw,14,poia-demo-bank,deposit,ok,,webauthn,,1789039593,1789039653,,,
1789039596,pending_served,ElKWm6Khhwyz7gi9,28,poia-demo-bank,limit_change,pending,,zt_authenticator,,1789039582,1789039642,,,
1789039597,intent_created,l5J1Gt4HgWEsasuK,28,poia-demo-bank,limit_change,pending,,,,1789039597,1789039657,,,"{""scope"": {""account_id"": 43, ""new_daily_limit"": 10000000.0}}"
1789039597,zt_auto_start,l5J1Gt4HgWEsasuK,28,poia-demo-bank,,,,zt_authenticator,,,,1789039597.37,,"{""scenario"": """", ""client_ts"": 1789039597.37}"
1789039597,intent_loaded,l5J1Gt4HgWEsasuK,28,poia-demo-bank,,,,zt_authenticator,,,,1789039597.369,,"{""scenario"": """", ""client_ts"": 1789039597.369}"
1789039600,passkey_assertion,8utRR3IWYW2U7ERw,14,poia-demo-bank,,,,webauthn,,,,1789039599.924,,"{""scenario"": """", ""client_ts"": 1789039599.924}"
1789039600,passkey_complete,8utRR3IWYW2U7ERw,14,poia-demo-bank,deposit,approved,,webauthn,6187,1789039593,1789039653,,,
1789039600,approval_success,8utRR3IWYW2U7ERw,14,poia-demo-bank,,approved,,webauthn,,,,1789039600.022,,"{""scenario"": """", ""client_ts"": 1789039600.022, ""status"": ""approved""}"
1789039600,intent_execute,8utRR3IWYW2U7ERw,14,poia-demo-bank,deposit,approved,,,,1789039593,1789039653,,,
1789039600,pending_served,ElKWm6Khhwyz7gi9,28,poia-demo-bank,limit_change,pending,,zt_authenticator,,1789039582,1789039642,,,
1789039602,pending_served,ElKWm6Khhwyz7gi9,28,poia-demo-bank,limit_change,pending,,zt_authenticator,,1789039582,1789039642,,,
1789039606,intent_created,5YZZ0m7t80wptGOY,14,poia-demo-bank,deposit,pending,,,,1789039606,1789039666,,,"{""scope"": {""account_id"": 25, ""amount"": 3483.0, ""currency"": ""USD""}}"
1789039606,intent_loaded,5YZZ0m7t80wptGOY,14,poia-demo-bank,,,,webauthn,,,,1789039606.052,,"{""scenario"": """", ""client_ts"": 1789039606.052}"
1789039606,passkey_begin,5YZZ0m7t80wptGOY,14,poia-demo-bank,deposit,ok,,webauthn,,1789039606,1789039666,,,
1789039608,pending_served,ElKWm6Khhwyz7gi9,28,poia-demo-bank,limit_change,pending,,zt_authenticator,,1789039582,1789039642,,,
1789039612,passkey_assertion,5YZZ0m7t80wptGOY,14,poia-demo-bank,,,,webauthn,,,,1789039612.212,,"{""scenario"": """", ""client_ts"": 1789039612.212}"
1789039612,passkey_complete,5YZZ0m7t80wptGOY,14,poia-demo-bank,deposit,approved,,webauthn,6365,1789039606,1789039666,,,
1789039612,approval_success,5YZZ0m7t80wptGOY,14,poia-demo-bank,,approved,,webauthn,,,,1789039612.322,,"{""scenario"": """", ""client_ts"": 1789039612.322, ""status"": ""approved""}"
1789039612,intent_execute,5YZZ0m7t80wptGOY,14,poia-demo-bank,deposit,approved,,,,1789039606,1789039666,,,
1789039614,pending_served,ElKWm6Khhwyz7gi9,28,poia-demo-bank,limit_change,pending,,zt_authenticator,,1789039582,1789039642,,,
1789039618,intent_created,2pzjurT0rlrx0vVg,14,poia-demo-bank,deposit,pending,,,,1789039618,1789039678,,,"{""scope"": {""account_id"": 25, ""amount"": 8437.0, ""currency"": ""USD""}}"
1789039618,intent_loaded,2pzjurT0rlrx0vVg,14,poia-demo-bank,,,,webauthn,,,,1789039618.708,,"{""scenario"": """", ""client_ts"": 1789039618.708}"
1789039618,passkey_begin,2pzjurT0rlrx0vVg,14,poia-demo-bank,deposit,ok,,webauthn,,1789039618,1789039678,,,
1789039622,pending_served,ElKWm6Khhwyz7gi9,28,poia-demo-bank,limit_change,pending,,zt_authenticator,,1789039582,1789039642,,,
1789039626,passkey_assertion,2pzjurT0rlrx0vVg,14,poia-demo-bank,,,,webauthn,,,,1789039626.279,,"{""scenario"": """", ""client_ts"": 1789039626.279}"
1789039626,passkey_complete,2pzjurT0rlrx0vVg,14,poia-demo-bank,deposit,approved,,webauthn,7757,1789039618,1789039678,,,
1789039626,approval_success,2pzjurT0rlrx0vVg,14,poia-demo-bank,,approved,,webauthn,,,,1789039626.38,,"{""scenario"": """", ""client_ts"": 1789039626.38, ""status"": ""approved""}"
1789039626,intent_execute,2pzjurT0rlrx0vVg,14,poia-demo-bank,deposit,approved,,,,1789039618,1789039678,,,
1789039627,pending_served,ElKWm6Khhwyz7gi9,28,poia-demo-bank,limit_change,pending,,zt_authenticator,,1789039582,1789039642,,,
1789039632,pending_served,ElKWm6Khhwyz7gi9,28,poia-demo-bank,limit_change,pending,,zt_authenticator,,1789039582,1789039642,,,
1789039638,pending_served,ElKWm6Khhwyz7gi9,28,poia-demo-bank,limit_change,pending,,zt_authenticator,,1789039582,1789039642,,,
1789039638,intent_created,AKgYWya1eEvgaHca,28,poia-demo-bank,limit_change,pending,,,,1789039638,1789039698,,,"{""scope"": {""account_id"": 43, ""new_daily_limit"": 10000000.0}}"
1789039638,zt_auto_start,AKgYWya1eEvgaHca,28,poia-demo-bank,,,,zt_authenticator,,,,1789039638.627,,"{""scenario"": """", ""client_ts"": 1789039638.627}"
1789039638,intent_loaded,AKgYWya1eEvgaHca,28,poia-demo-bank,,,,zt_authenticator,,,,1789039638.627,,"{""scenario"": """", ""client_ts"": 1789039638.627}"
1789039638,pending_served,AKgYWya1eEvgaHca,28,poia-demo-bank,limit_change,pending,,zt_authenticator,,1789039638,1789039698,,,
1789039644,pending_served,AKgYWya1eEvgaHca,28,poia-demo-bank,limit_change,pending,,zt_authenticator,,1789039638,1789039698,,,
1789039650,pending_served,AKgYWya1eEvgaHca,28,poia-demo-bank,limit_change,pending,,zt_authenticator,,1789039638,1789039698,,,
1789039656,pending_served,AKgYWya1eEvgaHca,28,poia-demo-bank,limit_change,pending,,zt_authenticator,,1789039638,1789039698,,,
1789039662,pending_served,AKgYWya1eEvgaHca,28,poia-demo-bank,limit_change,pending,,zt_authenticator,,1789039638,1789039698,,,
1789039668,pending_served,AKgYWya1eEvgaHca,28,poia-demo-bank,limit_change,pending,,zt_authenticator,,1789039638,1789039698,,,
1789039674,pending_served,AKgYWya1eEvgaHca,28,poia-demo-bank,limit_change,pending,,zt_authenticator,,1789039638,1789039698,,,
1789039680,pending_served,AKgYWya1eEvgaHca,28,poia-demo-bank,limit_change,pending,,zt_authenticator,,1789039638,1789039698,,,
1789039686,pending_served,AKgYWya1eEvgaHca,28,poia-demo-bank,limit_change,pending,,zt_authenticator,,1789039638,1789039698,,,
1789039692,pending_served,AKgYWya1eEvgaHca,28,poia-demo-bank,limit_change,pending,,zt_authenticator,,1789039638,1789039698,,,
1789039698,pending_served,AKgYWya1eEvgaHca,28,poia-demo-bank,limit_change,pending,,zt_authenticator,,1789039638,1789039698,,,
1789039698,intent_expired,AKgYWya1eEvgaHca,28,poia-demo-bank,,expired,,zt_authenticator,,,,1789039698.629,,"{""scenario"": """", ""client_ts"": 1789039698.629, ""status"": ""expired""}"
1789039698,intent_deny,AKgYWya1eEvgaHca,28,poia-demo-bank,limit_change,denied,expired,browser,,1789039638,1789039698,,,
1789039709,intent_created,yjbw2C8MeKHr-K-9,28,poia-demo-bank,deposit,pending,,,,1789039709,1789039769,,,"{""scope"": {""account_id"": 43, ""amount"": 789.0, ""currency"": ""USD""}}"
1789039710,zt_auto_start,yjbw2C8MeKHr-K-9,28,poia-demo-bank,,,,zt_authenticator,,,,1789039710.03,,"{""scenario"": """", ""client_ts"": 1789039710.03}"
1789039710,intent_loaded,yjbw2C8MeKHr-K-9,28,poia-demo-bank,,,,zt_authenticator,,,,1789039710.03,,"{""scenario"": """", ""client_ts"": 1789039710.03}"
1789039710,pending_served,yjbw2C8MeKHr-K-9,28,poia-demo-bank,deposit,pending,,zt_authenticator,,1789039709,1789039769,,,
1789039716,pending_served,yjbw2C8MeKHr-K-9,28,poia-demo-bank,deposit,pending,,zt_authenticator,,1789039709,1789039769,,,
1789039722,pending_served,yjbw2C8MeKHr-K-9,28,poia-demo-bank,deposit,pending,,zt_authenticator,,1789039709,1789039769,,,
1789039728,pending_served,yjbw2C8MeKHr-K-9,28,poia-demo-bank,deposit,pending,,zt_authenticator,,1789039709,1789039769,,,
1789039740,pending_served,yjbw2C8MeKHr-K-9,28,poia-demo-bank,deposit,pending,,zt_authenticator,,1789039709,1789039769,,,
1789039746,pending_served,yjbw2C8MeKHr-K-9,28,poia-demo-bank,deposit,pending,,zt_authenticator,,1789039709,1789039769,,,
1789039752,pending_served,yjbw2C8MeKHr-K-9,28,poia-demo-bank,deposit,pending,,zt_authenticator,,1789039709,1789039769,,,
1789039758,pending_served,yjbw2C8MeKHr-K-9,28,poia-demo-bank,deposit,pending,,zt_authenticator,,1789039709,1789039769,,,
1789039764,pending_served,yjbw2C8MeKHr-K-9,28,poia-demo-bank,deposit,pending,,zt_authenticator,,1789039709,1789039769,,,
1789039770,pending_served,yjbw2C8MeKHr-K-9,28,poia-demo-bank,deposit,pending,,zt_authenticator,,1789039709,1789039769,,,
1789039875,intent_created,NxYyUioulJWJCqje,28,poia-demo-bank,deposit,pending,,,,1789039875,1789039935,,,"{""scope"": {""account_id"": 44, ""amount"": 80976566556.0, ""currency"": ""USD""}}"
1789039875,zt_auto_start,NxYyUioulJWJCqje,28,poia-demo-bank,,,,zt_authenticator,,,,1789039875.45,,"{""scenario"": """", ""client_ts"": 1789039875.45}"
1789039875,intent_loaded,NxYyUioulJWJCqje,28,poia-demo-bank,,,,zt_authenticator,,,,1789039875.45,,"{""scenario"": """", ""client_ts"": 1789039875.45}"
1789039876,pending_served,NxYyUioulJWJCqje,28,poia-demo-bank,deposit,pending,,zt_authenticator,,1789039875,1789039935,,,
1789039882,pending_served,NxYyUioulJWJCqje,28,poia-demo-bank,deposit,pending,,zt_authenticator,,1789039875,1789039935,,,
1789039888,pending_served,NxYyUioulJWJCqje,28,poia-demo-bank,deposit,pending,,zt_authenticator,,1789039875,1789039935,,,
1789039894,pending_served,NxYyUioulJWJCqje,28,poia-demo-bank,deposit,pending,,zt_authenticator,,1789039875,1789039935,,,
1789039900,pending_served,NxYyUioulJWJCqje,28,poia-demo-bank,deposit,pending,,zt_authenticator,,1789039875,1789039935,,,
1789039906,pending_served,NxYyUioulJWJCqje,28,poia-demo-bank,deposit,pending,,zt_authenticator,,1789039875,1789039935,,,
1789039913,pending_served,NxYyUioulJWJCqje,28,poia-demo-bank,deposit,pending,,zt_authenticator,,1789039875,1789039935,,,
1789039918,pending_served,NxYyUioulJWJCqje,28,poia-demo-bank,deposit,pending,,zt_authenticator,,1789039875,1789039935,,,
1789039925,pending_served,NxYyUioulJWJCqje,28,poia-demo-bank,deposit,pending,,zt_authenticator,,1789039875,1789039935,,,
1789039930,pending_served,NxYyUioulJWJCqje,28,poia-demo-bank,deposit,pending,,zt_authenticator,,1789039875,1789039935,,,
1789039935,intent_expired,NxYyUioulJWJCqje,28,poia-demo-bank,,expired,,zt_authenticator,,,,1789039935.451,,"{""scenario"": """", ""client_ts"": 1789039935.451, ""status"": ""expired""}"
1789039935,intent_deny,NxYyUioulJWJCqje,28,poia-demo-bank,deposit,denied,expired,browser,,1789039875,1789039935,,,
1789039936,pending_served,NxYyUioulJWJCqje,28,poia-demo-bank,deposit,pending,,zt_authenticator,,1789039875,1789039935,,,
1789039936,zt_status_expired,NxYyUioulJWJCqje,28,poia-demo-bank,,expired,,zt_authenticator,,,,1789039936.12,,"{""scenario"": """", ""client_ts"": 1789039936.12, ""status"": ""expired""}"
1789039959,intent_created,V41_edxte4Hf8LAE,14,poia-demo-bank,deposit,pending,,,,1789039959,1789040019,,,"{""scope"": {""account_id"": 25, ""amount"": 47823.0, ""currency"": ""USD""}}"
1789039959,zt_auto_start,V41_edxte4Hf8LAE,14,poia-demo-bank,,,,zt_authenticator,,,,1789039959.763,,"{""scenario"": """", ""client_ts"": 1789039959.763}"
1789039959,intent_loaded,V41_edxte4Hf8LAE,14,poia-demo-bank,,,,zt_authenticator,,,,1789039959.762,,"{""scenario"": """", ""client_ts"": 1789039959.762}"
1789039960,pending_served,V41_edxte4Hf8LAE,14,poia-demo-bank,deposit,pending,,zt_authenticator,,1789039959,1789040019,,,
1789039966,pending_served,V41_edxte4Hf8LAE,14,poia-demo-bank,deposit,pending,,zt_authenticator,,1789039959,1789040019,,,
1789039972,pending_served,V41_edxte4Hf8LAE,14,poia-demo-bank,deposit,pending,,zt_authenticator,,1789039959,1789040019,,,
1789039978,pending_served,V41_edxte4Hf8LAE,14,poia-demo-bank,deposit,pending,,zt_authenticator,,1789039959,1789040019,,,
1789039984,pending_served,V41_edxte4Hf8LAE,14,poia-demo-bank,deposit,pending,,zt_authenticator,,1789039959,1789040019,,,
1789039990,pending_served,V41_edxte4Hf8LAE,14,poia-demo-bank,deposit,pending,,zt_authenticator,,1789039959,1789040019,,,
1789039996,pending_served,V41_edxte4Hf8LAE,14,poia-demo-bank,deposit,pending,,zt_authenticator,,1789039959,1789040019,,,
1789040002,pending_served,V41_edxte4Hf8LAE,14,poia-demo-bank,deposit,pending,,zt_authenticator,,1789039959,1789040019,,,
1789040008,pending_served,V41_edxte4Hf8LAE,14,poia-demo-bank,deposit,pending,,zt_authenticator,,1789039959,1789040019,,,
1789040014,pending_served,V41_edxte4Hf8LAE,14,poia-demo-bank,deposit,pending,,zt_authenticator,,1789039959,1789040019,,,
1789040019,intent_expired,V41_edxte4Hf8LAE,14,poia-demo-bank,,expired,,zt_authenticator,,,,1789040019.762,,"{""scenario"": """", ""client_ts"": 1789040019.762, ""status"": ""expired""}"
1789040019,intent_deny,V41_edxte4Hf8LAE,14,poia-demo-bank,deposit,denied,expired,browser,,1789039959,1789040019,,,
1789040020,pending_served,V41_edxte4Hf8LAE,14,poia-demo-bank,deposit,pending,,zt_authenticator,,1789039959,1789040019,,,
1789040020,zt_status_expired,V41_edxte4Hf8LAE,14,poia-demo-bank,,expired,,zt_authenticator,,,,1789040020.875,,"{""scenario"": """", ""client_ts"": 1789040020.875, ""status"": ""expired""}"
1789040084,intent_created,eHbLYVxz3qwZSvl1,28,poia-demo-bank,deposit,pending,,,,1789040084,1789040144,,,"{""scope"": {""account_id"": 44, ""amount"": 567890909.0, ""currency"": ""USD""}}"
1789040084,intent_loaded,eHbLYVxz3qwZSvl1,28,poia-demo-bank,,,,webauthn,,,,1789040084.549,,"{""scenario"": """", ""client_ts"": 1789040084.549}"
1789040084,passkey_begin,eHbLYVxz3qwZSvl1,28,poia-demo-bank,deposit,ok,,webauthn,,1789040084,1789040144,,,
1789040089,passkey_assertion,eHbLYVxz3qwZSvl1,28,poia-demo-bank,,,,webauthn,,,,1789040089.692,,"{""scenario"": """", ""client_ts"": 1789040089.692}"
1789040089,passkey_complete,eHbLYVxz3qwZSvl1,28,poia-demo-bank,deposit,approved,,webauthn,5384,1789040084,1789040144,,,
1789040089,approval_success,eHbLYVxz3qwZSvl1,28,poia-demo-bank,,approved,,webauthn,,,,1789040089.791,,"{""scenario"": """", ""client_ts"": 1789040089.791, ""status"": ""approved""}"
1789040089,intent_execute,eHbLYVxz3qwZSvl1,28,poia-demo-bank,deposit,approved,,,,1789040084,1789040144,,,
1789040100,intent_created,j5NskUKCcj1Z9Upt,28,poia-demo-bank,transfer,pending,,,,1789040100,1789040160,,,"{""scope"": {""from_account"": 44, ""amount"": 4567890098.0, ""currency"": ""USD"", ""beneficiary_id"": 22, ""beneficiary_name"": ""JJM Hofstede""}}"
1789040100,intent_loaded,j5NskUKCcj1Z9Upt,28,poia-demo-bank,,,,webauthn,,,,1789040100.371,,"{""scenario"": """", ""client_ts"": 1789040100.371}"
1789040100,passkey_begin,j5NskUKCcj1Z9Upt,28,poia-demo-bank,transfer,ok,,webauthn,,1789040100,1789040160,,,
1789040106,passkey_assertion,j5NskUKCcj1Z9Upt,28,poia-demo-bank,,,,webauthn,,,,1789040106.122,,"{""scenario"": """", ""client_ts"": 1789040106.122}"
1789040106,passkey_complete,j5NskUKCcj1Z9Upt,28,poia-demo-bank,transfer,approved,,webauthn,5999,1789040100,1789040160,,,
1789040106,approval_success,j5NskUKCcj1Z9Upt,28,poia-demo-bank,,approved,,webauthn,,,,1789040106.256,,"{""scenario"": """", ""client_ts"": 1789040106.256, ""status"": ""approved""}"
1789040106,intent_execute,j5NskUKCcj1Z9Upt,28,poia-demo-bank,transfer,approved,,,,1789040100,1789040160,,,
1789040114,intent_created,d7pAPGgTGZoW9rFl,28,poia-demo-bank,transfer,pending,,,,1789040114,1789040174,,,"{""scope"": {""from_account"": 44, ""amount"": 5678.0, ""currency"": ""USD"", ""beneficiary_id"": 22, ""beneficiary_name"": ""JJM Hofstede""}}"
1789040114,intent_loaded,d7pAPGgTGZoW9rFl,28,poia-demo-bank,,,,webauthn,,,,1789040114.214,,"{""scenario"": """", ""client_ts"": 1789040114.214}"
1789040114,passkey_begin,d7pAPGgTGZoW9rFl,28,poia-demo-bank,transfer,ok,,webauthn,,1789040114,1789040174,,,
1789040119,passkey_assertion,d7pAPGgTGZoW9rFl,28,poia-demo-bank,,,,webauthn,,,,1789040119.498,,"{""scenario"": """", ""client_ts"": 1789040119.498}"
1789040119,passkey_complete,d7pAPGgTGZoW9rFl,28,poia-demo-bank,transfer,approved,,webauthn,5660,1789040114,1789040174,,,
1789040119,approval_success,d7pAPGgTGZoW9rFl,28,poia-demo-bank,,approved,,webauthn,,,,1789040119.672,,"{""scenario"": """", ""client_ts"": 1789040119.672, ""status"": ""approved""}"
1789040119,intent_execute,d7pAPGgTGZoW9rFl,28,poia-demo-bank,transfer,approved,,,,1789040114,1789040174,,,
1789040128,intent_created,0-Bf2OakgWli9Jdg,28,poia-demo-bank,transfer,pending,,,,1789040128,1789040188,,,"{""scope"": {""from_account"": 43, ""amount"": 98765.0, ""currency"": ""USD"", ""external_account"": ""09876""}}"
1789040128,intent_loaded,0-Bf2OakgWli9Jdg,28,poia-demo-bank,,,,webauthn,,,,1789040128.622,,"{""scenario"": """", ""client_ts"": 1789040128.622}"
1789040128,passkey_begin,0-Bf2OakgWli9Jdg,28,poia-demo-bank,transfer,ok,,webauthn,,1789040128,1789040188,,,
1789040134,passkey_assertion,0-Bf2OakgWli9Jdg,28,poia-demo-bank,,,,webauthn,,,,1789040133.91,,"{""scenario"": """", ""client_ts"": 1789040133.91}"
1789040134,passkey_complete,0-Bf2OakgWli9Jdg,28,poia-demo-bank,transfer,approved,,webauthn,5450,1789040128,1789040188,,,
1789040134,approval_success,0-Bf2OakgWli9Jdg,28,poia-demo-bank,,approved,,webauthn,,,,1789040134.008,,"{""scenario"": """", ""client_ts"": 1789040134.008, ""status"": ""approved""}"
1789040134,intent_execute,0-Bf2OakgWli9Jdg,28,poia-demo-bank,transfer,approved,,,,1789040128,1789040188,,,
1789040139,intent_created,W_ZltaNyMxEVxDqP,28,poia-demo-bank,transfer,pending,,,,1789040139,1789040199,,,"{""scope"": {""from_account"": 43, ""amount"": 5678.0, ""currency"": ""USD"", ""beneficiary_id"": 30, ""beneficiary_name"": ""Jesse de Lange""}}"
1789040139,intent_loaded,W_ZltaNyMxEVxDqP,28,poia-demo-bank,,,,webauthn,,,,1789040139.825,,"{""scenario"": """", ""client_ts"": 1789040139.825}"
1789040139,passkey_begin,W_ZltaNyMxEVxDqP,28,poia-demo-bank,transfer,ok,,webauthn,,1789040139,1789040199,,,
1789040146,passkey_assertion,W_ZltaNyMxEVxDqP,28,poia-demo-bank,,,,webauthn,,,,1789040146.331,,"{""scenario"": """", ""client_ts"": 1789040146.331}"
1789040146,passkey_complete,W_ZltaNyMxEVxDqP,28,poia-demo-bank,transfer,approved,,webauthn,6748,1789040139,1789040199,,,
1789040146,approval_success,W_ZltaNyMxEVxDqP,28,poia-demo-bank,,approved,,webauthn,,,,1789040146.351,,"{""scenario"": """", ""client_ts"": 1789040146.351, ""status"": ""approved""}"
1789040146,intent_execute,W_ZltaNyMxEVxDqP,28,poia-demo-bank,transfer,approved,,,,1789040139,1789040199,,,
1789040156,intent_created,dX91eVYkDYqpS8UQ,28,poia-demo-bank,transfer,pending,,,,1789040156,1789040216,,,"{""scope"": {""from_account"": 43, ""amount"": 98765.0, ""currency"": ""USD"", ""beneficiary_id"": 34, ""beneficiary_name"": ""Koning Willem-Alexander""}}"
1789040156,intent_loaded,dX91eVYkDYqpS8UQ,28,poia-demo-bank,,,,webauthn,,,,1789040156.296,,"{""scenario"": """", ""client_ts"": 1789040156.296}"
1789040156,passkey_begin,dX91eVYkDYqpS8UQ,28,poia-demo-bank,transfer,ok,,webauthn,,1789040156,1789040216,,,
1789040163,passkey_assertion,dX91eVYkDYqpS8UQ,28,poia-demo-bank,,,,webauthn,,,,1789040163.796,,"{""scenario"": """", ""client_ts"": 1789040163.796}"
1789040163,passkey_complete,dX91eVYkDYqpS8UQ,28,poia-demo-bank,transfer,approved,,webauthn,7665,1789040156,1789040216,,,
1789040163,approval_success,dX91eVYkDYqpS8UQ,28,poia-demo-bank,,approved,,webauthn,,,,1789040163.898,,"{""scenario"": """", ""client_ts"": 1789040163.898, ""status"": ""approved""}"
1789040164,intent_execute,dX91eVYkDYqpS8UQ,28,poia-demo-bank,transfer,approved,,,,1789040156,1789040216,,,
1789040174,intent_created,Ski-c7CCy3PcC-UI,28,poia-demo-bank,transfer,pending,,,,1789040174,1789040234,,,"{""scope"": {""from_account"": 43, ""amount"": 9876.0, ""currency"": ""USD"", ""beneficiary_id"": 33, ""beneficiary_name"": ""BlahBlah""}}"
1789040174,intent_loaded,Ski-c7CCy3PcC-UI,28,poia-demo-bank,,,,webauthn,,,,1789040174.139,,"{""scenario"": """", ""client_ts"": 1789040174.139}"
1789040174,passkey_begin,Ski-c7CCy3PcC-UI,28,poia-demo-bank,transfer,ok,,webauthn,,1789040174,1789040234,,,
1789040180,passkey_assertion,Ski-c7CCy3PcC-UI,28,poia-demo-bank,,,,webauthn,,,,1789040180.487,,"{""scenario"": """", ""client_ts"": 1789040180.487}"
1789040180,passkey_complete,Ski-c7CCy3PcC-UI,28,poia-demo-bank,transfer,approved,,webauthn,6558,1789040174,1789040234,,,
1789040180,approval_success,Ski-c7CCy3PcC-UI,28,poia-demo-bank,,approved,,webauthn,,,,1789040180.581,,"{""scenario"": """", ""client_ts"": 1789040180.581, ""status"": ""approved""}"
1789040180,intent_execute,Ski-c7CCy3PcC-UI,28,poia-demo-bank,transfer,approved,,,,1789040174,1789040234,,,
1789040194,intent_created,YwnKXuwgsdODlCMc,28,poia-demo-bank,deposit,pending,,,,1789040194,1789040254,,,"{""scope"": {""account_id"": 44, ""amount"": 987609876.0, ""currency"": ""USD""}}"
1789040194,intent_loaded,YwnKXuwgsdODlCMc,28,poia-demo-bank,,,,webauthn,,,,1789040194.709,,"{""scenario"": """", ""client_ts"": 1789040194.709}"
1789040194,passkey_begin,YwnKXuwgsdODlCMc,28,poia-demo-bank,deposit,ok,,webauthn,,1789040194,1789040254,,,
1789040199,passkey_assertion,YwnKXuwgsdODlCMc,28,poia-demo-bank,,,,webauthn,,,,1789040199.701,,"{""scenario"": """", ""client_ts"": 1789040199.701}"
1789040199,passkey_complete,YwnKXuwgsdODlCMc,28,poia-demo-bank,deposit,approved,,webauthn,5194,1789040194,1789040254,,,
1789040199,approval_success,YwnKXuwgsdODlCMc,28,poia-demo-bank,,approved,,webauthn,,,,1789040199.859,,"{""scenario"": """", ""client_ts"": 1789040199.859, ""status"": ""approved""}"
1789040199,intent_execute,YwnKXuwgsdODlCMc,28,poia-demo-bank,deposit,approved,,,,1789040194,1789040254,,,
1789040210,intent_created,sWxwMqWk0M5YhsjC,28,poia-demo-bank,transfer,pending,,,,1789040210,1789040270,,,"{""scope"": {""from_account"": 44, ""amount"": 987656543.0, ""currency"": ""USD"", ""beneficiary_id"": 22, ""beneficiary_name"": ""JJM Hofstede""}}"
1789040210,intent_loaded,sWxwMqWk0M5YhsjC,28,poia-demo-bank,,,,webauthn,,,,1789040210.204,,"{""scenario"": """", ""client_ts"": 1789040210.204}"
1789040210,passkey_begin,sWxwMqWk0M5YhsjC,28,poia-demo-bank,transfer,ok,,webauthn,,1789040210,1789040270,,,
1789040215,passkey_assertion,sWxwMqWk0M5YhsjC,28,poia-demo-bank,,,,webauthn,,,,1789040215.602,,"{""scenario"": """", ""client_ts"": 1789040215.602}"
1789040215,passkey_complete,sWxwMqWk0M5YhsjC,28,poia-demo-bank,transfer,approved,,webauthn,5642,1789040210,1789040270,,,
1789040215,approval_success,sWxwMqWk0M5YhsjC,28,poia-demo-bank,,approved,,webauthn,,,,1789040215.803,,"{""scenario"": """", ""client_ts"": 1789040215.803, ""status"": ""approved""}"
1789040215,intent_execute,sWxwMqWk0M5YhsjC,28,poia-demo-bank,transfer,approved,,,,1789040210,1789040270,,,
1789040226,intent_created,6UIqcv770dGwBGOm,28,poia-demo-bank,limit_change,pending,,,,1789040226,1789040286,,,"{""scope"": {""account_id"": 44, ""new_daily_limit"": 1000000000.0}}"
1789040227,intent_loaded,6UIqcv770dGwBGOm,28,poia-demo-bank,,,,webauthn,,,,1789040227.127,,"{""scenario"": """", ""client_ts"": 1789040227.127}"
1789040227,passkey_begin,6UIqcv770dGwBGOm,28,poia-demo-bank,limit_change,ok,,webauthn,,1789040226,1789040286,,,
1789040232,passkey_assertion,6UIqcv770dGwBGOm,28,poia-demo-bank,,,,webauthn,,,,1789040232.742,,"{""scenario"": """", ""client_ts"": 1789040232.742}"
1789040233,passkey_complete,6UIqcv770dGwBGOm,28,poia-demo-bank,limit_change,approved,,webauthn,6057,1789040226,1789040286,,,
1789040233,approval_success,6UIqcv770dGwBGOm,28,poia-demo-bank,,approved,,webauthn,,,,1789040232.931,,"{""scenario"": """", ""client_ts"": 1789040232.931, ""status"": ""approved""}"
1789040233,intent_execute,6UIqcv770dGwBGOm,28,poia-demo-bank,limit_change,approved,,,,1789040226,1789040286,,,
1789040238,intent_created,gckunRxHhj5NfGZj,28,poia-demo-bank,transfer,pending,,,,1789040238,1789040298,,,"{""scope"": {""from_account"": 43, ""amount"": 987654.0, ""currency"": ""USD"", ""beneficiary_id"": 22, ""beneficiary_name"": ""JJM Hofstede""}}"
1789040238,intent_loaded,gckunRxHhj5NfGZj,28,poia-demo-bank,,,,webauthn,,,,1789040238.778,,"{""scenario"": """", ""client_ts"": 1789040238.778}"
1789040238,passkey_begin,gckunRxHhj5NfGZj,28,poia-demo-bank,transfer,ok,,webauthn,,1789040238,1789040298,,,
1789040244,passkey_assertion,gckunRxHhj5NfGZj,28,poia-demo-bank,,,,webauthn,,,,1789040243.916,,"{""scenario"": """", ""client_ts"": 1789040243.916}"
1789040244,passkey_complete,gckunRxHhj5NfGZj,28,poia-demo-bank,transfer,approved,,webauthn,5346,1789040238,1789040298,,,
1789040244,approval_success,gckunRxHhj5NfGZj,28,poia-demo-bank,,approved,,webauthn,,,,1789040244.013,,"{""scenario"": """", ""client_ts"": 1789040244.013, ""status"": ""approved""}"
1789040244,intent_execute,gckunRxHhj5NfGZj,28,poia-demo-bank,transfer,approved,,,,1789040238,1789040298,,,
1789040283,intent_created,za6SR3IaRkGXeXkI,28,poia-demo-bank,beneficiary_add,pending,,,,1789040283,1789040343,,,"{""scope"": {""name"": ""Kristel Jansen"", ""bank"": ""Belgische Bank"", ""account_number"": ""362783""}}"
1789040283,intent_loaded,za6SR3IaRkGXeXkI,28,poia-demo-bank,,,,webauthn,,,,1789040283.548,,"{""scenario"": """", ""client_ts"": 1789040283.548}"
1789040283,passkey_begin,za6SR3IaRkGXeXkI,28,poia-demo-bank,beneficiary_add,ok,,webauthn,,1789040283,1789040343,,,
1789040288,passkey_assertion,za6SR3IaRkGXeXkI,28,poia-demo-bank,,,,webauthn,,,,1789040288.429,,"{""scenario"": """", ""client_ts"": 1789040288.429}"
1789040288,passkey_complete,za6SR3IaRkGXeXkI,28,poia-demo-bank,beneficiary_add,approved,,webauthn,5149,1789040283,1789040343,,,
1789040288,approval_success,za6SR3IaRkGXeXkI,28,poia-demo-bank,,approved,,webauthn,,,,1789040288.514,,"{""scenario"": """", ""client_ts"": 1789040288.514, ""status"": ""approved""}"
1789040288,intent_execute,za6SR3IaRkGXeXkI,28,poia-demo-bank,beneficiary_add,approved,,,,1789040283,1789040343,,,
1789040303,intent_created,JtY4AxrNVHrBbMP2,28,poia-demo-bank,transfer,pending,,,,1789040303,1789040363,,,"{""scope"": {""from_account"": 44, ""amount"": 1234567898.0, ""currency"": ""USD"", ""external_account"": ""987654""}}"
1789040303,intent_loaded,JtY4AxrNVHrBbMP2,28,poia-demo-bank,,,,webauthn,,,,1789040303.359,,"{""scenario"": """", ""client_ts"": 1789040303.359}"
1789040303,passkey_begin,JtY4AxrNVHrBbMP2,28,poia-demo-bank,transfer,ok,,webauthn,,1789040303,1789040363,,,
1789040309,passkey_assertion,JtY4AxrNVHrBbMP2,28,poia-demo-bank,,,,webauthn,,,,1789040309.203,,"{""scenario"": """", ""client_ts"": 1789040309.203}"
1789040309,passkey_complete,JtY4AxrNVHrBbMP2,28,poia-demo-bank,transfer,approved,,webauthn,6003,1789040303,1789040363,,,
1789040309,approval_success,JtY4AxrNVHrBbMP2,28,poia-demo-bank,,approved,,webauthn,,,,1789040309.237,,"{""scenario"": """", ""client_ts"": 1789040309.237, ""status"": ""approved""}"
1789040309,intent_execute,JtY4AxrNVHrBbMP2,28,poia-demo-bank,transfer,approved,,,,1789040303,1789040363,,,
1789040317,intent_created,-ZZ-n_kBX31FhfDw,28,poia-demo-bank,transfer,pending,,,,1789040317,1789040377,,,"{""scope"": {""from_account"": 44, ""amount"": 34567987.0, ""currency"": ""USD"", ""beneficiary_id"": 22, ""beneficiary_name"": ""JJM Hofstede""}}"
1789040317,intent_loaded,-ZZ-n_kBX31FhfDw,28,poia-demo-bank,,,,webauthn,,,,1789040317.363,,"{""scenario"": """", ""client_ts"": 1789040317.363}"
1789040317,passkey_begin,-ZZ-n_kBX31FhfDw,28,poia-demo-bank,transfer,ok,,webauthn,,1789040317,1789040377,,,
1789040324,passkey_assertion,-ZZ-n_kBX31FhfDw,28,poia-demo-bank,,,,webauthn,,,,1789040324.515,,"{""scenario"": """", ""client_ts"": 1789040324.515}"
1789040324,passkey_complete,-ZZ-n_kBX31FhfDw,28,poia-demo-bank,transfer,approved,,webauthn,7443,1789040317,1789040377,,,
1789040324,approval_success,-ZZ-n_kBX31FhfDw,28,poia-demo-bank,,approved,,webauthn,,,,1789040324.695,,"{""scenario"": """", ""client_ts"": 1789040324.695, ""status"": ""approved""}"
1789040324,intent_execute,-ZZ-n_kBX31FhfDw,28,poia-demo-bank,transfer,approved,,,,1789040317,1789040377,,,
1789040331,intent_created,H--0WEwBtuzvawP9,28,poia-demo-bank,limit_change,pending,,,,1789040331,1789040391,,,"{""scope"": {""account_id"": 44, ""new_daily_limit"": 100000000000000.0}}"
1789040332,intent_loaded,H--0WEwBtuzvawP9,28,poia-demo-bank,,,,webauthn,,,,1789040332.036,,"{""scenario"": """", ""client_ts"": 1789040332.036}"
1789040332,passkey_begin,H--0WEwBtuzvawP9,28,poia-demo-bank,limit_change,ok,,webauthn,,1789040331,1789040391,,,
1789040339,passkey_assertion,H--0WEwBtuzvawP9,28,poia-demo-bank,,,,webauthn,,,,1789040339.271,,"{""scenario"": """", ""client_ts"": 1789040339.271}"
1789040339,passkey_complete,H--0WEwBtuzvawP9,28,poia-demo-bank,limit_change,approved,,webauthn,7379,1789040331,1789040391,,,
1789040339,approval_success,H--0WEwBtuzvawP9,28,poia-demo-bank,,approved,,webauthn,,,,1789040339.294,,"{""scenario"": """", ""client_ts"": 1789040339.294, ""status"": ""approved""}"
1789040339,intent_execute,H--0WEwBtuzvawP9,28,poia-demo-bank,limit_change,approved,,,,1789040331,1789040391,,,
1789040347,intent_created,QbN4krATsIzcm3HI,28,poia-demo-bank,transfer,pending,,,,1789040347,1789040407,,,"{""scope"": {""from_account"": 43, ""amount"": 9876567.0, ""currency"": ""USD"", ""beneficiary_id"": 35, ""beneficiary_name"": ""Princess Beatrix""}}"
1789040347,intent_loaded,QbN4krATsIzcm3HI,28,poia-demo-bank,,,,webauthn,,,,1789040347.282,,"{""scenario"": """", ""client_ts"": 1789040347.282}"
1789040347,passkey_begin,QbN4krATsIzcm3HI,28,poia-demo-bank,transfer,ok,,webauthn,,1789040347,1789040407,,,
1789040353,passkey_assertion,QbN4krATsIzcm3HI,28,poia-demo-bank,,,,webauthn,,,,1789040353.852,,"{""scenario"": """", ""client_ts"": 1789040353.852}"
1789040354,passkey_complete,QbN4krATsIzcm3HI,28,poia-demo-bank,transfer,approved,,webauthn,6790,1789040347,1789040407,,,
1789040354,approval_success,QbN4krATsIzcm3HI,28,poia-demo-bank,,approved,,webauthn,,,,1789040353.973,,"{""scenario"": """", ""client_ts"": 1789040353.973, ""status"": ""approved""}"
1789040354,intent_execute,QbN4krATsIzcm3HI,28,poia-demo-bank,transfer,approved,,,,1789040347,1789040407,,,
1789040361,intent_created,_wVM8iWbHv0Fm44m,28,poia-demo-bank,transfer,pending,,,,1789040361,1789040421,,,"{""scope"": {""from_account"": 43, ""amount"": 987654.0, ""currency"": ""USD"", ""beneficiary_id"": 39, ""beneficiary_name"": ""Kristel Jansen""}}"
1789040361,intent_loaded,_wVM8iWbHv0Fm44m,28,poia-demo-bank,,,,webauthn,,,,1789040361.215,,"{""scenario"": """", ""client_ts"": 1789040361.215}"
1789040361,passkey_begin,_wVM8iWbHv0Fm44m,28,poia-demo-bank,transfer,ok,,webauthn,,1789040361,1789040421,,,
1789040367,passkey_assertion,_wVM8iWbHv0Fm44m,28,poia-demo-bank,,,,webauthn,,,,1789040367.739,,"{""scenario"": """", ""client_ts"": 1789040367.739}"
1789040367,passkey_complete,_wVM8iWbHv0Fm44m,28,poia-demo-bank,transfer,approved,,webauthn,6821,1789040361,1789040421,,,
1789040367,approval_success,_wVM8iWbHv0Fm44m,28,poia-demo-bank,,approved,,webauthn,,,,1789040367.896,,"{""scenario"": """", ""client_ts"": 1789040367.896, ""status"": ""approved""}"
1789040367,intent_execute,_wVM8iWbHv0Fm44m,28,poia-demo-bank,transfer,approved,,,,1789040361,1789040421,,,
1789040378,intent_created,VuKIRtDWoBOJReTc,28,poia-demo-bank,transfer,pending,,,,1789040378,1789040438,,,"{""scope"": {""from_account"": 43, ""amount"": 98765456.0, ""currency"": ""USD"", ""beneficiary_id"": 22, ""beneficiary_name"": ""JJM Hofstede""}}"
1789040378,intent_loaded,VuKIRtDWoBOJReTc,28,poia-demo-bank,,,,webauthn,,,,1789040378.623,,"{""scenario"": """", ""client_ts"": 1789040378.623}"
1789040378,passkey_begin,VuKIRtDWoBOJReTc,28,poia-demo-bank,transfer,ok,,webauthn,,1789040378,1789040438,,,
1789040383,passkey_assertion,VuKIRtDWoBOJReTc,28,poia-demo-bank,,,,webauthn,,,,1789040383.796,,"{""scenario"": """", ""client_ts"": 1789040383.796}"
1789040384,passkey_complete,VuKIRtDWoBOJReTc,28,poia-demo-bank,transfer,approved,,webauthn,5442,1789040378,1789040438,,,
1789040384,approval_success,VuKIRtDWoBOJReTc,28,poia-demo-bank,,approved,,webauthn,,,,1789040383.966,,"{""scenario"": """", ""client_ts"": 1789040383.966, ""status"": ""approved""}"
1789040384,intent_execute,VuKIRtDWoBOJReTc,28,poia-demo-bank,transfer,approved,,,,1789040378,1789040438,,,
1789040393,intent_created,k-GZrmp384k7bHGF,28,poia-demo-bank,limit_change,pending,,,,1789040393,1789040453,,,"{""scope"": {""account_id"": 43, ""new_daily_limit"": 1e+17}}"
1789040393,intent_loaded,k-GZrmp384k7bHGF,28,poia-demo-bank,,,,webauthn,,,,1789040393.685,,"{""scenario"": """", ""client_ts"": 1789040393.685}"
1789040393,passkey_begin,k-GZrmp384k7bHGF,28,poia-demo-bank,limit_change,ok,,webauthn,,1789040393,1789040453,,,
1789040399,passkey_assertion,k-GZrmp384k7bHGF,28,poia-demo-bank,,,,webauthn,,,,1789040398.861,,"{""scenario"": """", ""client_ts"": 1789040398.861}"
1789040399,passkey_complete,k-GZrmp384k7bHGF,28,poia-demo-bank,limit_change,approved,,webauthn,5409,1789040393,1789040453,,,
1789040399,approval_success,k-GZrmp384k7bHGF,28,poia-demo-bank,,approved,,webauthn,,,,1789040398.972,,"{""scenario"": """", ""client_ts"": 1789040398.972, ""status"": ""approved""}"
1789040399,intent_execute,k-GZrmp384k7bHGF,28,poia-demo-bank,limit_change,approved,,,,1789040393,1789040453,,,
1789040408,intent_created,OHeNlqtrAdTyTZQN,28,poia-demo-bank,transfer,pending,,,,1789040408,1789040468,,,"{""scope"": {""from_account"": 44, ""amount"": 12345678989.0, ""currency"": ""USD"", ""beneficiary_id"": 31, ""beneficiary_name"": ""Senna de Kat""}}"
1789040409,intent_loaded,OHeNlqtrAdTyTZQN,28,poia-demo-bank,,,,webauthn,,,,1789040409.019,,"{""scenario"": """", ""client_ts"": 1789040409.019}"
1789040409,passkey_begin,OHeNlqtrAdTyTZQN,28,poia-demo-bank,transfer,ok,,webauthn,,1789040408,1789040468,,,
1789040413,passkey_assertion,OHeNlqtrAdTyTZQN,28,poia-demo-bank,,,,webauthn,,,,1789040413.714,,"{""scenario"": """", ""client_ts"": 1789040413.714}"
1789040413,passkey_complete,OHeNlqtrAdTyTZQN,28,poia-demo-bank,transfer,approved,,webauthn,4959,1789040408,1789040468,,,
1789040413,approval_success,OHeNlqtrAdTyTZQN,28,poia-demo-bank,,approved,,webauthn,,,,1789040413.863,,"{""scenario"": """", ""client_ts"": 1789040413.863, ""status"": ""approved""}"
1789040413,intent_execute,OHeNlqtrAdTyTZQN,28,poia-demo-bank,transfer,approved,,,,1789040408,1789040468,,,
1789040423,intent_created,Azq_UnyKGCi0ED6e,28,poia-demo-bank,transfer,pending,,,,1789040423,1789040483,,,"{""scope"": {""from_account"": 44, ""amount"": 876756453.0, ""currency"": ""USD"", ""beneficiary_id"": 31, ""beneficiary_name"": ""Senna de Kat""}}"
1789040423,intent_loaded,Azq_UnyKGCi0ED6e,28,poia-demo-bank,,,,webauthn,,,,1789040423.829,,"{""scenario"": """", ""client_ts"": 1789040423.829}"
1789040423,passkey_begin,Azq_UnyKGCi0ED6e,28,poia-demo-bank,transfer,ok,,webauthn,,1789040423,1789040483,,,
1789040433,passkey_assertion,Azq_UnyKGCi0ED6e,28,poia-demo-bank,,,,webauthn,,,,1789040433.613,,"{""scenario"": """", ""client_ts"": 1789040433.613}"
1789040433,passkey_complete,Azq_UnyKGCi0ED6e,28,poia-demo-bank,transfer,approved,,webauthn,9912,1789040423,1789040483,,,
1789040433,approval_success,Azq_UnyKGCi0ED6e,28,poia-demo-bank,,approved,,webauthn,,,,1789040433.729,,"{""scenario"": """", ""client_ts"": 1789040433.729, ""status"": ""approved""}"
1789040433,intent_execute,Azq_UnyKGCi0ED6e,28,poia-demo-bank,transfer,approved,,,,1789040423,1789040483,,,
1789040435,intent_created,ptMjaTwRXr09LT81,14,poia-demo-bank,deposit,pending,,,,1789040435,1789040495,,,"{""scope"": {""account_id"": 25, ""amount"": 7654.0, ""currency"": ""USD""}}"
1789040436,zt_auto_start,ptMjaTwRXr09LT81,14,poia-demo-bank,,,,zt_authenticator,,,,1789040436.068,,"{""scenario"": """", ""client_ts"": 1789040436.068}"
1789040436,intent_loaded,ptMjaTwRXr09LT81,14,poia-demo-bank,,,,zt_authenticator,,,,1789040436.067,,"{""scenario"": """", ""client_ts"": 1789040436.067}"
1789040438,intent_created,0o6HVBRoSQti_W9F,28,poia-demo-bank,statement_export,pending,,,,1789040438,1789040498,,,"{""scope"": {""account_id"": """", ""txn_type"": """", ""date_from"": """", ""date_to"": """"}}"
1789040438,intent_loaded,0o6HVBRoSQti_W9F,28,poia-demo-bank,,,,webauthn,,,,1789040438.915,,"{""scenario"": """", ""client_ts"": 1789040438.915}"
1789040439,passkey_begin,0o6HVBRoSQti_W9F,28,poia-demo-bank,statement_export,ok,,webauthn,,1789040438,1789040498,,,
1789040443,pending_served,ptMjaTwRXr09LT81,14,poia-demo-bank,deposit,pending,,zt_authenticator,,1789040435,1789040495,,,
1789040444,passkey_assertion,0o6HVBRoSQti_W9F,28,poia-demo-bank,,,,webauthn,,,,1789040443.947,,"{""scenario"": """", ""client_ts"": 1789040443.947}"
1789040444,passkey_complete,0o6HVBRoSQti_W9F,28,poia-demo-bank,statement_export,approved,,webauthn,5425,1789040438,1789040498,,,
1789040444,approval_success,0o6HVBRoSQti_W9F,28,poia-demo-bank,,approved,,webauthn,,,,1789040444.16,,"{""scenario"": """", ""client_ts"": 1789040444.16, ""status"": ""approved""}"
1789040444,intent_execute,0o6HVBRoSQti_W9F,28,poia-demo-bank,statement_export,approved,,,,1789040438,1789040498,,,
1789040448,pending_served,ptMjaTwRXr09LT81,14,poia-demo-bank,deposit,pending,,zt_authenticator,,1789040435,1789040495,,,
1789040448,intent_created,u0l2KDITEvx6KYHA,28,poia-demo-bank,statement_export,pending,,,,1789040448,1789040508,,,"{""scope"": {""account_id"": """", ""txn_type"": """", ""date_from"": """", ""date_to"": """"}}"
1789040448,intent_loaded,u0l2KDITEvx6KYHA,28,poia-demo-bank,,,,webauthn,,,,1789040448.407,,"{""scenario"": """", ""client_ts"": 1789040448.407}"
1789040448,passkey_begin,u0l2KDITEvx6KYHA,28,poia-demo-bank,statement_export,ok,,webauthn,,1789040448,1789040508,,,
1789040453,passkey_assertion,u0l2KDITEvx6KYHA,28,poia-demo-bank,,,,webauthn,,,,1789040453.372,,"{""scenario"": """", ""client_ts"": 1789040453.372}"
1789040453,passkey_complete,u0l2KDITEvx6KYHA,28,poia-demo-bank,statement_export,approved,,webauthn,5212,1789040448,1789040508,,,
1789040453,approval_success,u0l2KDITEvx6KYHA,28,poia-demo-bank,,approved,,webauthn,,,,1789040453.464,,"{""scenario"": """", ""client_ts"": 1789040453.464, ""status"": ""approved""}"
1789040453,intent_execute,u0l2KDITEvx6KYHA,28,poia-demo-bank,statement_export,approved,,,,1789040448,1789040508,,,
1789040454,pending_served,ptMjaTwRXr09LT81,14,poia-demo-bank,deposit,pending,,zt_authenticator,,1789040435,1789040495,,,
1789040454,intent_created,G280FfMP5ZfwNZDV,28,poia-demo-bank,statement_export,pending,,,,1789040454,1789040514,,,"{""scope"": {""account_id"": """", ""txn_type"": """", ""date_from"": """", ""date_to"": """"}}"
1789040454,intent_loaded,G280FfMP5ZfwNZDV,28,poia-demo-bank,,,,webauthn,,,,1789040454.645,,"{""scenario"": """", ""client_ts"": 1789040454.645}"
1789040454,passkey_begin,G280FfMP5ZfwNZDV,28,poia-demo-bank,statement_export,ok,,webauthn,,1789040454,1789040514,,,
1789040461,passkey_assertion,G280FfMP5ZfwNZDV,28,poia-demo-bank,,,,webauthn,,,,1789040461.359,,"{""scenario"": """", ""client_ts"": 1789040461.359}"
1789040461,passkey_complete,G280FfMP5ZfwNZDV,28,poia-demo-bank,statement_export,approved,,webauthn,6893,1789040454,1789040514,,,
1789040461,approval_success,G280FfMP5ZfwNZDV,28,poia-demo-bank,,approved,,webauthn,,,,1789040461.431,,"{""scenario"": """", ""client_ts"": 1789040461.431, ""status"": ""approved""}"
1789040461,intent_execute,G280FfMP5ZfwNZDV,28,poia-demo-bank,statement_export,approved,,,,1789040454,1789040514,,,
1789040462,pending_served,ptMjaTwRXr09LT81,14,poia-demo-bank,deposit,pending,,zt_authenticator,,1789040435,1789040495,,,
1789040462,intent_created,T7swb-VJJdrC0I1n,14,poia-demo-bank,deposit,pending,,,,1789040462,1789040522,,,"{""scope"": {""account_id"": 25, ""amount"": 57.0, ""currency"": ""USD""}}"
1789040462,zt_auto_start,T7swb-VJJdrC0I1n,14,poia-demo-bank,,,,zt_authenticator,,,,1789040462.81,,"{""scenario"": """", ""client_ts"": 1789040462.81}"
1789040462,intent_loaded,T7swb-VJJdrC0I1n,14,poia-demo-bank,,,,zt_authenticator,,,,1789040462.809,,"{""scenario"": """", ""client_ts"": 1789040462.809}"
1789040465,intent_created,qN0pSUP2uoKCz4DO,28,poia-demo-bank,statement_export,pending,,,,1789040465,1789040525,,,"{""scope"": {""account_id"": """", ""txn_type"": """", ""date_from"": """", ""date_to"": """"}}"
1789040466,intent_loaded,qN0pSUP2uoKCz4DO,28,poia-demo-bank,,,,webauthn,,,,1789040466.106,,"{""scenario"": """", ""client_ts"": 1789040466.106}"
1789040466,passkey_begin,qN0pSUP2uoKCz4DO,28,poia-demo-bank,statement_export,ok,,webauthn,,1789040465,1789040525,,,
1789040469,pending_served,T7swb-VJJdrC0I1n,14,poia-demo-bank,deposit,pending,,zt_authenticator,,1789040462,1789040522,,,
1789040469,pending_served,T7swb-VJJdrC0I1n,14,poia-demo-bank,deposit,pending,,zt_authenticator,,1789040462,1789040522,,,
1789040471,passkey_assertion,qN0pSUP2uoKCz4DO,28,poia-demo-bank,,,,webauthn,,,,1789040471.38,,"{""scenario"": """", ""client_ts"": 1789040471.38}"
1789040471,passkey_complete,qN0pSUP2uoKCz4DO,28,poia-demo-bank,statement_export,approved,,webauthn,5581,1789040465,1789040525,,,
1789040471,approval_success,qN0pSUP2uoKCz4DO,28,poia-demo-bank,,approved,,webauthn,,,,1789040471.478,,"{""scenario"": """", ""client_ts"": 1789040471.478, ""status"": ""approved""}"
1789040471,intent_execute,qN0pSUP2uoKCz4DO,28,poia-demo-bank,statement_export,approved,,,,1789040465,1789040525,,,
1789040475,pending_served,T7swb-VJJdrC0I1n,14,poia-demo-bank,deposit,pending,,zt_authenticator,,1789040462,1789040522,,,
1789040476,intent_created,2JkhQBzzrG7KGi5p,28,poia-demo-bank,transfer,pending,,,,1789040476,1789040536,,,"{""scope"": {""from_account"": 43, ""amount"": 9876.0, ""currency"": ""USD"", ""beneficiary_id"": 22, ""beneficiary_name"": ""JJM Hofstede""}}"
1789040476,intent_loaded,2JkhQBzzrG7KGi5p,28,poia-demo-bank,,,,webauthn,,,,1789040476.349,,"{""scenario"": """", ""client_ts"": 1789040476.349}"
1789040476,passkey_begin,2JkhQBzzrG7KGi5p,28,poia-demo-bank,transfer,ok,,webauthn,,1789040476,1789040536,,,
1789040480,pending_served,T7swb-VJJdrC0I1n,14,poia-demo-bank,deposit,pending,,zt_authenticator,,1789040462,1789040522,,,
1789040485,passkey_assertion,2JkhQBzzrG7KGi5p,28,poia-demo-bank,,,,webauthn,,,,1789040485.111,,"{""scenario"": """", ""client_ts"": 1789040485.111}"
1789040485,passkey_complete,2JkhQBzzrG7KGi5p,28,poia-demo-bank,transfer,approved,,webauthn,8960,1789040476,1789040536,,,
1789040485,approval_success,2JkhQBzzrG7KGi5p,28,poia-demo-bank,,approved,,webauthn,,,,1789040485.186,,"{""scenario"": """", ""client_ts"": 1789040485.186, ""status"": ""approved""}"
1789040485,intent_execute,2JkhQBzzrG7KGi5p,28,poia-demo-bank,transfer,approved,,,,1789040476,1789040536,,,
1789040486,pending_served,T7swb-VJJdrC0I1n,14,poia-demo-bank,deposit,pending,,zt_authenticator,,1789040462,1789040522,,,
1789040487,pending_served,T7swb-VJJdrC0I1n,14,poia-demo-bank,deposit,pending,,zt_authenticator,,1789040462,1789040522,,,
1789040504,intent_created,qvGoeHAsBeCDijlf,28,poia-demo-bank,beneficiary_add,pending,,,,1789040504,1789040564,,,"{""scope"": {""name"": ""milly"", ""bank"": ""MilkaChocolade"", ""account_number"": ""5372687""}}"
1789040504,intent_loaded,qvGoeHAsBeCDijlf,28,poia-demo-bank,,,,webauthn,,,,1789040504.765,,"{""scenario"": """", ""client_ts"": 1789040504.765}"
1789040504,passkey_begin,qvGoeHAsBeCDijlf,28,poia-demo-bank,beneficiary_add,ok,,webauthn,,1789040504,1789040564,,,
1789040510,passkey_assertion,qvGoeHAsBeCDijlf,28,poia-demo-bank,,,,webauthn,,,,1789040510.4,,"{""scenario"": """", ""client_ts"": 1789040510.4}"
1789040510,passkey_complete,qvGoeHAsBeCDijlf,28,poia-demo-bank,beneficiary_add,approved,,webauthn,5812,1789040504,1789040564,,,
1789040510,approval_success,qvGoeHAsBeCDijlf,28,poia-demo-bank,,approved,,webauthn,,,,1789040510.519,,"{""scenario"": """", ""client_ts"": 1789040510.519, ""status"": ""approved""}"
1789040510,intent_execute,qvGoeHAsBeCDijlf,28,poia-demo-bank,beneficiary_add,approved,,,,1789040504,1789040564,,,
1789040518,intent_created,nmehuFLCfo0xmRa6,28,poia-demo-bank,transfer,pending,,,,1789040518,1789040578,,,"{""scope"": {""from_account"": 43, ""amount"": 98765.0, ""currency"": ""USD"", ""beneficiary_id"": 40, ""beneficiary_name"": ""milly""}}"
1789040518,intent_loaded,nmehuFLCfo0xmRa6,28,poia-demo-bank,,,,webauthn,,,,1789040518.84,,"{""scenario"": """", ""client_ts"": 1789040518.84}"
1789040518,passkey_begin,nmehuFLCfo0xmRa6,28,poia-demo-bank,transfer,ok,,webauthn,,1789040518,1789040578,,,
1789040523,passkey_assertion,nmehuFLCfo0xmRa6,28,poia-demo-bank,,,,webauthn,,,,1789040523.685,,"{""scenario"": """", ""client_ts"": 1789040523.685}"
1789040523,passkey_complete,nmehuFLCfo0xmRa6,28,poia-demo-bank,transfer,approved,,webauthn,5025,1789040518,1789040578,,,
1789040523,approval_success,nmehuFLCfo0xmRa6,28,poia-demo-bank,,approved,,webauthn,,,,1789040523.816,,"{""scenario"": """", ""client_ts"": 1789040523.816, ""status"": ""approved""}"
1789040523,intent_execute,nmehuFLCfo0xmRa6,28,poia-demo-bank,transfer,approved,,,,1789040518,1789040578,,,
1789040527,intent_created,LfD8KIcKT6a_aDuK,14,poia-demo-bank,limit_change,pending,,,,1789040527,1789040587,,,"{""scope"": {""account_id"": 26, ""new_daily_limit"": 1000000.0}}"
1789040527,zt_auto_start,LfD8KIcKT6a_aDuK,14,poia-demo-bank,,,,zt_authenticator,,,,1789040527.514,,"{""scenario"": """", ""client_ts"": 1789040527.514}"
1789040527,intent_loaded,LfD8KIcKT6a_aDuK,14,poia-demo-bank,,,,zt_authenticator,,,,1789040527.514,,"{""scenario"": """", ""client_ts"": 1789040527.514}"
1789040527,pending_served,LfD8KIcKT6a_aDuK,14,poia-demo-bank,limit_change,pending,,zt_authenticator,,1789040527,1789040587,,,
1789040529,intent_created,0NkmRkYpGQsIVSrp,28,poia-demo-bank,transfer,pending,,,,1789040529,1789040589,,,"{""scope"": {""from_account"": 43, ""amount"": 3456789.0, ""currency"": ""USD"", ""beneficiary_id"": 22, ""beneficiary_name"": ""JJM Hofstede""}}"
1789040529,intent_loaded,0NkmRkYpGQsIVSrp,28,poia-demo-bank,,,,webauthn,,,,1789040529.472,,"{""scenario"": """", ""client_ts"": 1789040529.472}"
1789040529,passkey_begin,0NkmRkYpGQsIVSrp,28,poia-demo-bank,transfer,ok,,webauthn,,1789040529,1789040589,,,
1789040534,passkey_assertion,0NkmRkYpGQsIVSrp,28,poia-demo-bank,,,,webauthn,,,,1789040534.719,,"{""scenario"": """", ""client_ts"": 1789040534.719}"
1789040534,passkey_complete,0NkmRkYpGQsIVSrp,28,poia-demo-bank,transfer,approved,,webauthn,5365,1789040529,1789040589,,,
1789040534,approval_success,0NkmRkYpGQsIVSrp,28,poia-demo-bank,,approved,,webauthn,,,,1789040534.76,,"{""scenario"": """", ""client_ts"": 1789040534.76, ""status"": ""approved""}"
1789040534,intent_execute,0NkmRkYpGQsIVSrp,28,poia-demo-bank,transfer,approved,,,,1789040529,1789040589,,,
1789040547,intent_created,Nu6O4ij9zDSkrKbk,28,poia-demo-bank,transfer,pending,,,,1789040547,1789040607,,,"{""scope"": {""from_account"": 43, ""amount"": 98765.0, ""currency"": ""USD"", ""beneficiary_id"": 33, ""beneficiary_name"": ""BlahBlah""}}"
1789040547,intent_loaded,Nu6O4ij9zDSkrKbk,28,poia-demo-bank,,,,webauthn,,,,1789040547.348,,"{""scenario"": """", ""client_ts"": 1789040547.348}"
1789040547,passkey_begin,Nu6O4ij9zDSkrKbk,28,poia-demo-bank,transfer,ok,,webauthn,,1789040547,1789040607,,,
1789040548,pending_served,LfD8KIcKT6a_aDuK,14,poia-demo-bank,limit_change,pending,,zt_authenticator,,1789040527,1789040587,,,
1789040553,passkey_assertion,Nu6O4ij9zDSkrKbk,28,poia-demo-bank,,,,webauthn,,,,1789040552.915,,"{""scenario"": """", ""client_ts"": 1789040552.915}"
1789040553,passkey_complete,Nu6O4ij9zDSkrKbk,28,poia-demo-bank,transfer,approved,,webauthn,5863,1789040547,1789040607,,,
1789040553,approval_success,Nu6O4ij9zDSkrKbk,28,poia-demo-bank,,approved,,webauthn,,,,1789040553.123,,"{""scenario"": """", ""client_ts"": 1789040553.123, ""status"": ""approved""}"
1789040553,intent_execute,Nu6O4ij9zDSkrKbk,28,poia-demo-bank,transfer,approved,,,,1789040547,1789040607,,,
1789040555,pending_served,LfD8KIcKT6a_aDuK,14,poia-demo-bank,limit_change,pending,,zt_authenticator,,1789040527,1789040587,,,
1789040562,pending_served,LfD8KIcKT6a_aDuK,14,poia-demo-bank,limit_change,pending,,zt_authenticator,,1789040527,1789040587,,,
1789040563,intent_created,fIzKNLu8LZnMSIph,28,poia-demo-bank,withdrawal,pending,,,,1789040563,1789040623,,,"{""scope"": {""account_id"": 44, ""amount"": 45678778.0, ""currency"": ""USD""}}"
1789040563,intent_loaded,fIzKNLu8LZnMSIph,28,poia-demo-bank,,,,webauthn,,,,1789040563.155,,"{""scenario"": """", ""client_ts"": 1789040563.155}"
1789040563,passkey_begin,fIzKNLu8LZnMSIph,28,poia-demo-bank,withdrawal,ok,,webauthn,,1789040563,1789040623,,,
1789040567,pending_served,LfD8KIcKT6a_aDuK,14,poia-demo-bank,limit_change,pending,,zt_authenticator,,1789040527,1789040587,,,
1789040567,intent_created,xfPPAtjmS3R9Xi35,14,poia-demo-bank,limit_change,pending,,,,1789040567,1789040627,,,"{""scope"": {""account_id"": 26, ""new_daily_limit"": 1000000.0}}"
1789040567,zt_auto_start,xfPPAtjmS3R9Xi35,14,poia-demo-bank,,,,zt_authenticator,,,,1789040567.53,,"{""scenario"": """", ""client_ts"": 1789040567.53}"
1789040567,intent_loaded,xfPPAtjmS3R9Xi35,14,poia-demo-bank,,,,zt_authenticator,,,,1789040567.53,,"{""scenario"": """", ""client_ts"": 1789040567.53}"
1789040568,passkey_assertion,fIzKNLu8LZnMSIph,28,poia-demo-bank,,,,webauthn,,,,1789040568.763,,"{""scenario"": """", ""client_ts"": 1789040568.763}"
1789040568,passkey_complete,fIzKNLu8LZnMSIph,28,poia-demo-bank,withdrawal,approved,,webauthn,5841,1789040563,1789040623,,,
1789040568,approval_success,fIzKNLu8LZnMSIph,28,poia-demo-bank,,approved,,webauthn,,,,1789040568.883,,"{""scenario"": """", ""client_ts"": 1789040568.883, ""status"": ""approved""}"
1789040568,intent_execute,fIzKNLu8LZnMSIph,28,poia-demo-bank,withdrawal,approved,,,,1789040563,1789040623,,,
1789040571,pending_served,LfD8KIcKT6a_aDuK,14,poia-demo-bank,limit_change,pending,,zt_authenticator,,1789040527,1789040587,,,
1789040573,pending_served,LfD8KIcKT6a_aDuK,14,poia-demo-bank,limit_change,pending,,zt_authenticator,,1789040527,1789040587,,,
1789040577,intent_created,e2LJnjjnD1SBH4od,28,poia-demo-bank,withdrawal,pending,,,,1789040577,1789040637,,,"{""scope"": {""account_id"": 44, ""amount"": 9876540879.0, ""currency"": ""USD""}}"
1789040577,intent_loaded,e2LJnjjnD1SBH4od,28,poia-demo-bank,,,,webauthn,,,,1789040577.54,,"{""scenario"": """", ""client_ts"": 1789040577.54}"
1789040577,passkey_begin,e2LJnjjnD1SBH4od,28,poia-demo-bank,withdrawal,ok,,webauthn,,1789040577,1789040637,,,
1789040579,pending_served,LfD8KIcKT6a_aDuK,14,poia-demo-bank,limit_change,pending,,zt_authenticator,,1789040527,1789040587,,,
1789040582,passkey_assertion,e2LJnjjnD1SBH4od,28,poia-demo-bank,,,,webauthn,,,,1789040582.652,,"{""scenario"": """", ""client_ts"": 1789040582.652}"
1789040582,passkey_complete,e2LJnjjnD1SBH4od,28,poia-demo-bank,withdrawal,approved,,webauthn,5390,1789040577,1789040637,,,
1789040582,approval_success,e2LJnjjnD1SBH4od,28,poia-demo-bank,,approved,,webauthn,,,,1789040582.864,,"{""scenario"": """", ""client_ts"": 1789040582.864, ""status"": ""approved""}"
1789040582,intent_execute,e2LJnjjnD1SBH4od,28,poia-demo-bank,withdrawal,approved,,,,1789040577,1789040637,,,
1789040586,pending_served,LfD8KIcKT6a_aDuK,14,poia-demo-bank,limit_change,pending,,zt_authenticator,,1789040527,1789040587,,,
1789040591,intent_created,979JOZJ0hObB32HI,28,poia-demo-bank,withdrawal,pending,,,,1789040591,1789040651,,,"{""scope"": {""account_id"": 44, ""amount"": 78675.0, ""currency"": ""USD""}}"
1789040591,intent_loaded,979JOZJ0hObB32HI,28,poia-demo-bank,,,,webauthn,,,,1789040591.37,,"{""scenario"": """", ""client_ts"": 1789040591.37}"
1789040591,passkey_begin,979JOZJ0hObB32HI,28,poia-demo-bank,withdrawal,ok,,webauthn,,1789040591,1789040651,,,
1789040594,pending_served,xfPPAtjmS3R9Xi35,14,poia-demo-bank,limit_change,pending,,zt_authenticator,,1789040567,1789040627,,,
1789040596,passkey_assertion,979JOZJ0hObB32HI,28,poia-demo-bank,,,,webauthn,,,,1789040596.85,,"{""scenario"": """", ""client_ts"": 1789040596.85}"
1789040596,passkey_complete,979JOZJ0hObB32HI,28,poia-demo-bank,withdrawal,approved,,webauthn,5758,1789040591,1789040651,,,
1789040596,approval_success,979JOZJ0hObB32HI,28,poia-demo-bank,,approved,,webauthn,,,,1789040596.884,,"{""scenario"": """", ""client_ts"": 1789040596.884, ""status"": ""approved""}"
1789040596,intent_execute,979JOZJ0hObB32HI,28,poia-demo-bank,withdrawal,approved,,,,1789040591,1789040651,,,
1789040601,intent_created,2GiYMZhG1LQiJv8I,28,poia-demo-bank,transfer,pending,,,,1789040601,1789040661,,,"{""scope"": {""from_account"": 43, ""amount"": 897865.0, ""currency"": ""USD"", ""beneficiary_id"": 22, ""beneficiary_name"": ""JJM Hofstede""}}"
1789040601,intent_loaded,2GiYMZhG1LQiJv8I,28,poia-demo-bank,,,,webauthn,,,,1789040601.389,,"{""scenario"": """", ""client_ts"": 1789040601.389}"
1789040601,passkey_begin,2GiYMZhG1LQiJv8I,28,poia-demo-bank,transfer,ok,,webauthn,,1789040601,1789040661,,,
1789040602,pending_served,xfPPAtjmS3R9Xi35,14,poia-demo-bank,limit_change,pending,,zt_authenticator,,1789040567,1789040627,,,
1789040606,passkey_assertion,2GiYMZhG1LQiJv8I,28,poia-demo-bank,,,,webauthn,,,,1789040606.595,,"{""scenario"": """", ""client_ts"": 1789040606.595}"
1789040606,passkey_complete,2GiYMZhG1LQiJv8I,28,poia-demo-bank,transfer,approved,,webauthn,5491,1789040601,1789040661,,,
1789040606,approval_success,2GiYMZhG1LQiJv8I,28,poia-demo-bank,,approved,,webauthn,,,,1789040606.76,,"{""scenario"": """", ""client_ts"": 1789040606.76, ""status"": ""approved""}"
1789040606,intent_execute,2GiYMZhG1LQiJv8I,28,poia-demo-bank,transfer,approved,,,,1789040601,1789040661,,,
1789040610,pending_served,xfPPAtjmS3R9Xi35,14,poia-demo-bank,limit_change,pending,,zt_authenticator,,1789040567,1789040627,,,
1789040618,intent_created,p1a2IvWjHMhOFVgD,28,poia-demo-bank,transfer,pending,,,,1789040618,1789040678,,,"{""scope"": {""from_account"": 44, ""amount"": 865787.0, ""currency"": ""USD"", ""beneficiary_id"": 22, ""beneficiary_name"": ""JJM Hofstede""}}"
1789040618,intent_loaded,p1a2IvWjHMhOFVgD,28,poia-demo-bank,,,,webauthn,,,,1789040618.653,,"{""scenario"": """", ""client_ts"": 1789040618.653}"
1789040618,passkey_begin,p1a2IvWjHMhOFVgD,28,poia-demo-bank,transfer,ok,,webauthn,,1789040618,1789040678,,,
1789040624,passkey_assertion,p1a2IvWjHMhOFVgD,28,poia-demo-bank,,,,webauthn,,,,1789040624.283,,"{""scenario"": """", ""client_ts"": 1789040624.283}"
1789040624,passkey_complete,p1a2IvWjHMhOFVgD,28,poia-demo-bank,transfer,approved,,webauthn,5855,1789040618,1789040678,,,
1789040624,approval_success,p1a2IvWjHMhOFVgD,28,poia-demo-bank,,approved,,webauthn,,,,1789040624.429,,"{""scenario"": """", ""client_ts"": 1789040624.429, ""status"": ""approved""}"
1789040624,intent_execute,p1a2IvWjHMhOFVgD,28,poia-demo-bank,transfer,approved,,,,1789040618,1789040678,,,
1789040627,intent_expired,xfPPAtjmS3R9Xi35,14,poia-demo-bank,,expired,,zt_authenticator,,,,1789040627.531,,"{""scenario"": """", ""client_ts"": 1789040627.531, ""status"": ""expired""}"
1789040627,intent_deny,xfPPAtjmS3R9Xi35,14,poia-demo-bank,limit_change,denied,expired,browser,,1789040567,1789040627,,,
1789040628,zt_status_expired,xfPPAtjmS3R9Xi35,14,poia-demo-bank,,expired,,zt_authenticator,,,,1789040628.371,,"{""scenario"": """", ""client_ts"": 1789040628.371, ""status"": ""expired""}"
1789040654,intent_created,WYwrLFcgUYbViCCX,28,poia-demo-bank,transfer,pending,,,,1789040654,1789040714,,,"{""scope"": {""from_account"": 44, ""amount"": 6543728.0, ""currency"": ""USD"", ""beneficiary_id"": 33, ""beneficiary_name"": ""BlahBlah""}}"
1789040654,intent_loaded,WYwrLFcgUYbViCCX,28,poia-demo-bank,,,,webauthn,,,,1789040654.422,,"{""scenario"": """", ""client_ts"": 1789040654.422}"
1789040654,passkey_begin,WYwrLFcgUYbViCCX,28,poia-demo-bank,transfer,ok,,webauthn,,1789040654,1789040714,,,
1789040660,passkey_assertion,WYwrLFcgUYbViCCX,28,poia-demo-bank,,,,webauthn,,,,1789040660.535,,"{""scenario"": """", ""client_ts"": 1789040660.535}"
1789040660,passkey_complete,WYwrLFcgUYbViCCX,28,poia-demo-bank,transfer,approved,,webauthn,6359,1789040654,1789040714,,,
1789040660,approval_success,WYwrLFcgUYbViCCX,28,poia-demo-bank,,approved,,webauthn,,,,1789040660.683,,"{""scenario"": """", ""client_ts"": 1789040660.683, ""status"": ""approved""}"
1789040660,intent_execute,WYwrLFcgUYbViCCX,28,poia-demo-bank,transfer,approved,,,,1789040654,1789040714,,,
1789040666,intent_created,jR9o-8vNVHKUmPtd,28,poia-demo-bank,transfer,pending,,,,1789040666,1789040726,,,"{""scope"": {""from_account"": 43, ""amount"": 6389.0, ""currency"": ""USD"", ""beneficiary_id"": 32, ""beneficiary_name"": ""Aki de Kat""}}"
1789040666,intent_loaded,jR9o-8vNVHKUmPtd,28,poia-demo-bank,,,,webauthn,,,,1789040666.338,,"{""scenario"": """", ""client_ts"": 1789040666.338}"
1789040666,passkey_begin,jR9o-8vNVHKUmPtd,28,poia-demo-bank,transfer,ok,,webauthn,,1789040666,1789040726,,,
1789040670,passkey_assertion,jR9o-8vNVHKUmPtd,28,poia-demo-bank,,,,webauthn,,,,1789040670.761,,"{""scenario"": """", ""client_ts"": 1789040670.761}"
1789040670,passkey_complete,jR9o-8vNVHKUmPtd,28,poia-demo-bank,transfer,approved,,webauthn,4716,1789040666,1789040726,,,
1789040670,approval_success,jR9o-8vNVHKUmPtd,28,poia-demo-bank,,approved,,webauthn,,,,1789040670.949,,"{""scenario"": """", ""client_ts"": 1789040670.949, ""status"": ""approved""}"
1789040670,intent_execute,jR9o-8vNVHKUmPtd,28,poia-demo-bank,transfer,approved,,,,1789040666,1789040726,,,
1789040680,intent_created,yLh9UrhTqcJFwNO-,28,poia-demo-bank,deposit,pending,,,,1789040680,1789040740,,,"{""scope"": {""account_id"": 43, ""amount"": 39412.0, ""currency"": ""USD""}}"
1789040680,intent_loaded,yLh9UrhTqcJFwNO-,28,poia-demo-bank,,,,webauthn,,,,1789040680.482,,"{""scenario"": """", ""client_ts"": 1789040680.482}"
1789040680,passkey_begin,yLh9UrhTqcJFwNO-,28,poia-demo-bank,deposit,ok,,webauthn,,1789040680,1789040740,,,
1789040683,intent_created,HE3eJxxSa40Wv5Mx,14,poia-demo-bank,withdrawal,pending,,,,1789040683,1789040743,,,"{""scope"": {""account_id"": 25, ""amount"": 7788.0, ""currency"": ""USD""}}"
1789040683,zt_auto_start,HE3eJxxSa40Wv5Mx,14,poia-demo-bank,,,,zt_authenticator,,,,1789040682.962,,"{""scenario"": """", ""client_ts"": 1789040682.962}"
1789040683,intent_loaded,HE3eJxxSa40Wv5Mx,14,poia-demo-bank,,,,zt_authenticator,,,,1789040682.962,,"{""scenario"": """", ""client_ts"": 1789040682.962}"
1789040683,pending_served,HE3eJxxSa40Wv5Mx,14,poia-demo-bank,withdrawal,pending,,zt_authenticator,,1789040683,1789040743,,,
1789040685,passkey_assertion,yLh9UrhTqcJFwNO-,28,poia-demo-bank,,,,webauthn,,,,1789040685.586,,"{""scenario"": """", ""client_ts"": 1789040685.586}"
1789040685,passkey_complete,yLh9UrhTqcJFwNO-,28,poia-demo-bank,deposit,approved,,webauthn,5338,1789040680,1789040740,,,
1789040685,approval_success,yLh9UrhTqcJFwNO-,28,poia-demo-bank,,approved,,webauthn,,,,1789040685.667,,"{""scenario"": """", ""client_ts"": 1789040685.667, ""status"": ""approved""}"
1789040685,intent_execute,yLh9UrhTqcJFwNO-,28,poia-demo-bank,deposit,approved,,,,1789040680,1789040740,,,
1789040689,intent_created,AorCDRQ3X5CSTZDO,28,poia-demo-bank,statement_export,pending,,,,1789040689,1789040749,,,"{""scope"": {""account_id"": """", ""txn_type"": """", ""date_from"": """", ""date_to"": """"}}"
1789040689,intent_loaded,AorCDRQ3X5CSTZDO,28,poia-demo-bank,,,,webauthn,,,,1789040689.957,,"{""scenario"": """", ""client_ts"": 1789040689.957}"
1789040689,passkey_begin,AorCDRQ3X5CSTZDO,28,poia-demo-bank,statement_export,ok,,webauthn,,1789040689,1789040749,,,
1789040697,passkey_assertion,AorCDRQ3X5CSTZDO,28,poia-demo-bank,,,,webauthn,,,,1789040697.587,,"{""scenario"": """", ""client_ts"": 1789040697.587}"
1789040697,passkey_complete,AorCDRQ3X5CSTZDO,28,poia-demo-bank,statement_export,approved,,webauthn,7877,1789040689,1789040749,,,
1789040697,approval_success,AorCDRQ3X5CSTZDO,28,poia-demo-bank,,approved,,webauthn,,,,1789040697.69,,"{""scenario"": """", ""client_ts"": 1789040697.69, ""status"": ""approved""}"
1789040697,intent_execute,AorCDRQ3X5CSTZDO,28,poia-demo-bank,statement_export,approved,,,,1789040689,1789040749,,,
1789040708,intent_created,WlE_HAcLHrYGCswx,28,poia-demo-bank,statement_export,pending,,,,1789040708,1789040768,,,"{""scope"": {""account_id"": ""44"", ""txn_type"": """", ""date_from"": ""2026-09-10"", ""date_to"": ""2026-09-11""}}"
1789040708,intent_loaded,WlE_HAcLHrYGCswx,28,poia-demo-bank,,,,webauthn,,,,1789040708.932,,"{""scenario"": """", ""client_ts"": 1789040708.932}"
1789040708,passkey_begin,WlE_HAcLHrYGCswx,28,poia-demo-bank,statement_export,ok,,webauthn,,1789040708,1789040768,,,
1789040714,passkey_assertion,WlE_HAcLHrYGCswx,28,poia-demo-bank,,,,webauthn,,,,1789040714.486,,"{""scenario"": """", ""client_ts"": 1789040714.486}"
1789040714,passkey_complete,WlE_HAcLHrYGCswx,28,poia-demo-bank,statement_export,approved,,webauthn,5696,1789040708,1789040768,,,
1789040714,approval_success,WlE_HAcLHrYGCswx,28,poia-demo-bank,,approved,,webauthn,,,,1789040714.526,,"{""scenario"": """", ""client_ts"": 1789040714.526, ""status"": ""approved""}"
1789040714,intent_execute,WlE_HAcLHrYGCswx,28,poia-demo-bank,statement_export,approved,,,,1789040708,1789040768,,,
1789040725,intent_created,nP7ovJoNyTlX6lMU,28,poia-demo-bank,statement_export,pending,,,,1789040725,1789040785,,,"{""scope"": {""account_id"": ""44"", ""txn_type"": """", ""date_from"": ""2026-09-10"", ""date_to"": ""2026-09-11""}}"
1789040725,intent_loaded,nP7ovJoNyTlX6lMU,28,poia-demo-bank,,,,webauthn,,,,1789040725.145,,"{""scenario"": """", ""client_ts"": 1789040725.145}"
1789040725,passkey_begin,nP7ovJoNyTlX6lMU,28,poia-demo-bank,statement_export,ok,,webauthn,,1789040725,1789040785,,,
1789040728,intent_created,IOmvdos-quBdxQq2,14,poia-demo-bank,deposit,pending,,,,1789040728,1789040788,,,"{""scope"": {""account_id"": 25, ""amount"": 97.0, ""currency"": ""USD""}}"
1789040728,zt_auto_start,IOmvdos-quBdxQq2,14,poia-demo-bank,,,,zt_authenticator,,,,1789040728.675,,"{""scenario"": """", ""client_ts"": 1789040728.675}"
1789040728,intent_loaded,IOmvdos-quBdxQq2,14,poia-demo-bank,,,,zt_authenticator,,,,1789040728.675,,"{""scenario"": """", ""client_ts"": 1789040728.675}"
1789040729,pending_served,HE3eJxxSa40Wv5Mx,14,poia-demo-bank,withdrawal,pending,,zt_authenticator,,1789040683,1789040743,,,
1789040731,passkey_assertion,nP7ovJoNyTlX6lMU,28,poia-demo-bank,,,,webauthn,,,,1789040731.488,,"{""scenario"": """", ""client_ts"": 1789040731.488}"
1789040731,passkey_complete,nP7ovJoNyTlX6lMU,28,poia-demo-bank,statement_export,approved,,webauthn,6448,1789040725,1789040785,,,
1789040731,approval_success,nP7ovJoNyTlX6lMU,28,poia-demo-bank,,approved,,webauthn,,,,1789040731.525,,"{""scenario"": """", ""client_ts"": 1789040731.525, ""status"": ""approved""}"
1789040731,intent_execute,nP7ovJoNyTlX6lMU,28,poia-demo-bank,statement_export,approved,,,,1789040725,1789040785,,,
1789040736,intent_created,vgUlO_Adx4FL8V1v,28,poia-demo-bank,statement_export,pending,,,,1789040736,1789040796,,,"{""scope"": {""account_id"": ""43"", ""txn_type"": """", ""date_from"": """", ""date_to"": """"}}"
1789040736,intent_loaded,vgUlO_Adx4FL8V1v,28,poia-demo-bank,,,,webauthn,,,,1789040736.108,,"{""scenario"": """", ""client_ts"": 1789040736.108}"
1789040736,passkey_begin,vgUlO_Adx4FL8V1v,28,poia-demo-bank,statement_export,ok,,webauthn,,1789040736,1789040796,,,
1789040744,passkey_assertion,vgUlO_Adx4FL8V1v,28,poia-demo-bank,,,,webauthn,,,,1789040744.217,,"{""scenario"": """", ""client_ts"": 1789040744.217}"
1789040744,passkey_complete,vgUlO_Adx4FL8V1v,28,poia-demo-bank,statement_export,approved,,webauthn,8296,1789040736,1789040796,,,
1789040744,approval_success,vgUlO_Adx4FL8V1v,28,poia-demo-bank,,approved,,webauthn,,,,1789040744.352,,"{""scenario"": """", ""client_ts"": 1789040744.352, ""status"": ""approved""}"
1789040744,intent_execute,vgUlO_Adx4FL8V1v,28,poia-demo-bank,statement_export,approved,,,,1789040736,1789040796,,,
1789040750,intent_created,CZw2awjf1fc3UMbA,28,poia-demo-bank,statement_export,pending,,,,1789040750,1789040810,,,"{""scope"": {""account_id"": ""44"", ""txn_type"": """", ""date_from"": """", ""date_to"": """"}}"
1789040750,intent_loaded,CZw2awjf1fc3UMbA,28,poia-demo-bank,,,,webauthn,,,,1789040750.587,,"{""scenario"": """", ""client_ts"": 1789040750.587}"
1789040750,passkey_begin,CZw2awjf1fc3UMbA,28,poia-demo-bank,statement_export,ok,,webauthn,,1789040750,1789040810,,,
1789040756,passkey_assertion,CZw2awjf1fc3UMbA,28,poia-demo-bank,,,,webauthn,,,,1789040755.98,,"{""scenario"": """", ""client_ts"": 1789040755.98}"
1789040756,passkey_complete,CZw2awjf1fc3UMbA,28,poia-demo-bank,statement_export,approved,,webauthn,5635,1789040750,1789040810,,,
1789040756,approval_success,CZw2awjf1fc3UMbA,28,poia-demo-bank,,approved,,webauthn,,,,1789040756.125,,"{""scenario"": """", ""client_ts"": 1789040756.125, ""status"": ""approved""}"
1789040756,intent_execute,CZw2awjf1fc3UMbA,28,poia-demo-bank,statement_export,approved,,,,1789040750,1789040810,,,
1789040767,intent_created,QoLNADOBxUGdU1Fw,28,poia-demo-bank,transfer,pending,,,,1789040767,1789040827,,,"{""scope"": {""from_account"": 43, ""amount"": 807968.0, ""currency"": ""USD"", ""beneficiary_id"": 22, ""beneficiary_name"": ""JJM Hofstede""}}"
1789040767,intent_loaded,QoLNADOBxUGdU1Fw,28,poia-demo-bank,,,,webauthn,,,,1789040767.223,,"{""scenario"": """", ""client_ts"": 1789040767.223}"
1789040767,passkey_begin,QoLNADOBxUGdU1Fw,28,poia-demo-bank,transfer,ok,,webauthn,,1789040767,1789040827,,,
1789040773,passkey_assertion,QoLNADOBxUGdU1Fw,28,poia-demo-bank,,,,webauthn,,,,1789040773.465,,"{""scenario"": """", ""client_ts"": 1789040773.465}"
1789040773,passkey_complete,QoLNADOBxUGdU1Fw,28,poia-demo-bank,transfer,approved,,webauthn,6361,1789040767,1789040827,,,
1789040773,approval_success,QoLNADOBxUGdU1Fw,28,poia-demo-bank,,approved,,webauthn,,,,1789040773.527,,"{""scenario"": """", ""client_ts"": 1789040773.527, ""status"": ""approved""}"
1789040773,intent_execute,QoLNADOBxUGdU1Fw,28,poia-demo-bank,transfer,approved,,,,1789040767,1789040827,,,
1789040786,intent_created,srpP36Gc_025hIHF,28,poia-demo-bank,deposit,pending,,,,1789040786,1789040846,,,"{""scope"": {""account_id"": 43, ""amount"": 8079.0, ""currency"": ""USD""}}"
1789040786,intent_loaded,srpP36Gc_025hIHF,28,poia-demo-bank,,,,webauthn,,,,1789040786.937,,"{""scenario"": """", ""client_ts"": 1789040786.937}"
1789040786,passkey_begin,srpP36Gc_025hIHF,28,poia-demo-bank,deposit,ok,,webauthn,,1789040786,1789040846,,,
1789040788,intent_expired,IOmvdos-quBdxQq2,14,poia-demo-bank,,expired,,zt_authenticator,,,,1789040788.561,,"{""scenario"": """", ""client_ts"": 1789040788.561, ""status"": ""expired""}"
1789040790,zt_status_expired,IOmvdos-quBdxQq2,14,poia-demo-bank,,expired,,zt_authenticator,,,,1789040790.586,,"{""scenario"": """", ""client_ts"": 1789040790.586, ""status"": ""expired""}"
1789040792,passkey_assertion,srpP36Gc_025hIHF,28,poia-demo-bank,,,,webauthn,,,,1789040792.861,,"{""scenario"": """", ""client_ts"": 1789040792.861}"
1789040792,passkey_complete,srpP36Gc_025hIHF,28,poia-demo-bank,deposit,approved,,webauthn,6145,1789040786,1789040846,,,
1789040793,approval_success,srpP36Gc_025hIHF,28,poia-demo-bank,,approved,,webauthn,,,,1789040792.983,,"{""scenario"": """", ""client_ts"": 1789040792.983, ""status"": ""approved""}"
1789040793,intent_execute,srpP36Gc_025hIHF,28,poia-demo-bank,deposit,approved,,,,1789040786,1789040846,,,
1789040805,intent_created,J-Ei41mWy39oHHrb,28,poia-demo-bank,transfer,pending,,,,1789040805,1789040865,,,"{""scope"": {""from_account"": 43, ""amount"": 80796.0, ""currency"": ""USD"", ""beneficiary_id"": 22, ""beneficiary_name"": ""JJM Hofstede""}}"
1789040805,intent_loaded,J-Ei41mWy39oHHrb,28,poia-demo-bank,,,,webauthn,,,,1789040805.528,,"{""scenario"": """", ""client_ts"": 1789040805.528}"
1789040805,passkey_begin,J-Ei41mWy39oHHrb,28,poia-demo-bank,transfer,ok,,webauthn,,1789040805,1789040865,,,
1789040811,passkey_assertion,J-Ei41mWy39oHHrb,28,poia-demo-bank,,,,webauthn,,,,1789040810.855,,"{""scenario"": """", ""client_ts"": 1789040810.855}"
1789040811,passkey_complete,J-Ei41mWy39oHHrb,28,poia-demo-bank,transfer,approved,,webauthn,5548,1789040805,1789040865,,,
1789040811,approval_success,J-Ei41mWy39oHHrb,28,poia-demo-bank,,approved,,webauthn,,,,1789040811.007,,"{""scenario"": """", ""client_ts"": 1789040811.007, ""status"": ""approved""}"
1789040811,intent_execute,J-Ei41mWy39oHHrb,28,poia-demo-bank,transfer,approved,,,,1789040805,1789040865,,,
1789040824,intent_created,lynXWjVNRic7O8QJ,28,poia-demo-bank,deposit,pending,,,,1789040824,1789040884,,,"{""scope"": {""account_id"": 43, ""amount"": 88778.0, ""currency"": ""USD""}}"
1789040824,intent_loaded,lynXWjVNRic7O8QJ,28,poia-demo-bank,,,,webauthn,,,,1789040824.35,,"{""scenario"": """", ""client_ts"": 1789040824.35}"
1789040824,passkey_begin,lynXWjVNRic7O8QJ,28,poia-demo-bank,deposit,ok,,webauthn,,1789040824,1789040884,,,
1789040832,passkey_assertion,lynXWjVNRic7O8QJ,28,poia-demo-bank,,,,webauthn,,,,1789040832.745,,"{""scenario"": """", ""client_ts"": 1789040832.745}"
1789040832,passkey_complete,lynXWjVNRic7O8QJ,28,poia-demo-bank,deposit,approved,,webauthn,8505,1789040824,1789040884,,,
1789040832,approval_success,lynXWjVNRic7O8QJ,28,poia-demo-bank,,approved,,webauthn,,,,1789040832.806,,"{""scenario"": """", ""client_ts"": 1789040832.806, ""status"": ""approved""}"
1789040832,intent_execute,lynXWjVNRic7O8QJ,28,poia-demo-bank,deposit,approved,,,,1789040824,1789040884,,,
1789040844,intent_created,pCpoUDyfNwfedAls,28,poia-demo-bank,deposit,pending,,,,1789040844,1789040904,,,"{""scope"": {""account_id"": 43, ""amount"": 87985.0, ""currency"": ""USD""}}"
1789040844,intent_loaded,pCpoUDyfNwfedAls,28,poia-demo-bank,,,,webauthn,,,,1789040844.685,,"{""scenario"": """", ""client_ts"": 1789040844.685}"
1789040844,passkey_begin,pCpoUDyfNwfedAls,28,poia-demo-bank,deposit,ok,,webauthn,,1789040844,1789040904,,,
1789040849,passkey_assertion,pCpoUDyfNwfedAls,28,poia-demo-bank,,,,webauthn,,,,1789040849.419,,"{""scenario"": """", ""client_ts"": 1789040849.419}"
1789040849,passkey_complete,pCpoUDyfNwfedAls,28,poia-demo-bank,deposit,approved,,webauthn,4871,1789040844,1789040904,,,
1789040849,approval_success,pCpoUDyfNwfedAls,28,poia-demo-bank,,approved,,webauthn,,,,1789040849.459,,"{""scenario"": """", ""client_ts"": 1789040849.459, ""status"": ""approved""}"
1789040849,intent_execute,pCpoUDyfNwfedAls,28,poia-demo-bank,deposit,approved,,,,1789040844,1789040904,,,
1789040857,intent_created,AdTPhFcq9nPalbLM,28,poia-demo-bank,withdrawal,pending,,,,1789040857,1789040917,,,"{""scope"": {""account_id"": 44, ""amount"": 97875.0, ""currency"": ""USD""}}"
1789040857,intent_loaded,AdTPhFcq9nPalbLM,28,poia-demo-bank,,,,webauthn,,,,1789040857.605,,"{""scenario"": """", ""client_ts"": 1789040857.605}"
1789040857,passkey_begin,AdTPhFcq9nPalbLM,28,poia-demo-bank,withdrawal,ok,,webauthn,,1789040857,1789040917,,,
1789040862,passkey_assertion,AdTPhFcq9nPalbLM,28,poia-demo-bank,,,,webauthn,,,,1789040862.503,,"{""scenario"": """", ""client_ts"": 1789040862.503}"
1789040862,passkey_complete,AdTPhFcq9nPalbLM,28,poia-demo-bank,withdrawal,approved,,webauthn,5137,1789040857,1789040917,,,
1789040862,approval_success,AdTPhFcq9nPalbLM,28,poia-demo-bank,,approved,,webauthn,,,,1789040862.616,,"{""scenario"": """", ""client_ts"": 1789040862.616, ""status"": ""approved""}"
1789040862,intent_execute,AdTPhFcq9nPalbLM,28,poia-demo-bank,withdrawal,approved,,,,1789040857,1789040917,,,
1789040872,intent_created,XFkzufbml3isA3HY,28,poia-demo-bank,transfer,pending,,,,1789040872,1789040932,,,"{""scope"": {""from_account"": 43, ""amount"": 865758.0, ""currency"": ""USD"", ""beneficiary_id"": 33, ""beneficiary_name"": ""BlahBlah""}}"
1789040872,intent_loaded,XFkzufbml3isA3HY,28,poia-demo-bank,,,,webauthn,,,,1789040872.735,,"{""scenario"": """", ""client_ts"": 1789040872.735}"
1789040872,passkey_begin,XFkzufbml3isA3HY,28,poia-demo-bank,transfer,ok,,webauthn,,1789040872,1789040932,,,
1789040877,passkey_assertion,XFkzufbml3isA3HY,28,poia-demo-bank,,,,webauthn,,,,1789040877.511,,"{""scenario"": """", ""client_ts"": 1789040877.511}"
1789040877,passkey_complete,XFkzufbml3isA3HY,28,poia-demo-bank,transfer,approved,,webauthn,4928,1789040872,1789040932,,,
1789040877,approval_success,XFkzufbml3isA3HY,28,poia-demo-bank,,approved,,webauthn,,,,1789040877.565,,"{""scenario"": """", ""client_ts"": 1789040877.565, ""status"": ""approved""}"
1789040877,intent_execute,XFkzufbml3isA3HY,28,poia-demo-bank,transfer,approved,,,,1789040872,1789040932,,,
1789040888,intent_created,elzRHdNiCXsRhA1-,28,poia-demo-bank,statement_export,pending,,,,1789040888,1789040948,,,"{""scope"": {""account_id"": """", ""txn_type"": """", ""date_from"": """", ""date_to"": """"}}"
1789040888,intent_loaded,elzRHdNiCXsRhA1-,28,poia-demo-bank,,,,webauthn,,,,1789040888.121,,"{""scenario"": """", ""client_ts"": 1789040888.121}"
1789040888,passkey_begin,elzRHdNiCXsRhA1-,28,poia-demo-bank,statement_export,ok,,webauthn,,1789040888,1789040948,,,
1789040893,passkey_assertion,elzRHdNiCXsRhA1-,28,poia-demo-bank,,,,webauthn,,,,1789040893.591,,"{""scenario"": """", ""client_ts"": 1789040893.591}"
1789040893,passkey_complete,elzRHdNiCXsRhA1-,28,poia-demo-bank,statement_export,approved,,webauthn,5645,1789040888,1789040948,,,
1789040893,approval_success,elzRHdNiCXsRhA1-,28,poia-demo-bank,,approved,,webauthn,,,,1789040893.643,,"{""scenario"": """", ""client_ts"": 1789040893.643, ""status"": ""approved""}"
1789040893,intent_execute,elzRHdNiCXsRhA1-,28,poia-demo-bank,statement_export,approved,,,,1789040888,1789040948,,,
1789040904,intent_created,0sLbd3aKXET5u-4E,28,poia-demo-bank,limit_change,pending,,,,1789040904,1789040964,,,"{""scope"": {""account_id"": 43, ""new_daily_limit"": 1000000000000.0}}"
1789040904,intent_loaded,0sLbd3aKXET5u-4E,28,poia-demo-bank,,,,webauthn,,,,1789040904.275,,"{""scenario"": """", ""client_ts"": 1789040904.275}"
1789040904,passkey_begin,0sLbd3aKXET5u-4E,28,poia-demo-bank,limit_change,ok,,webauthn,,1789040904,1789040964,,,
1789040909,passkey_assertion,0sLbd3aKXET5u-4E,28,poia-demo-bank,,,,webauthn,,,,1789040909.812,,"{""scenario"": """", ""client_ts"": 1789040909.812}"
1789040909,passkey_complete,0sLbd3aKXET5u-4E,28,poia-demo-bank,limit_change,approved,,webauthn,5714,1789040904,1789040964,,,
1789040909,approval_success,0sLbd3aKXET5u-4E,28,poia-demo-bank,,approved,,webauthn,,,,1789040909.85,,"{""scenario"": """", ""client_ts"": 1789040909.85, ""status"": ""approved""}"
1789040909,intent_execute,0sLbd3aKXET5u-4E,28,poia-demo-bank,limit_change,approved,,,,1789040904,1789040964,,,
1789040919,intent_created,YXX3dVyq9lzw2OrR,28,poia-demo-bank,limit_change,pending,,,,1789040919,1789040979,,,"{""scope"": {""account_id"": 44, ""new_daily_limit"": 1e+20}}"
1789040919,intent_loaded,YXX3dVyq9lzw2OrR,28,poia-demo-bank,,,,webauthn,,,,1789040919.798,,"{""scenario"": """", ""client_ts"": 1789040919.798}"
1789040919,passkey_begin,YXX3dVyq9lzw2OrR,28,poia-demo-bank,limit_change,ok,,webauthn,,1789040919,1789040979,,,
1789040924,passkey_assertion,YXX3dVyq9lzw2OrR,28,poia-demo-bank,,,,webauthn,,,,1789040924.767,,"{""scenario"": """", ""client_ts"": 1789040924.767}"
1789040924,passkey_complete,YXX3dVyq9lzw2OrR,28,poia-demo-bank,limit_change,approved,,webauthn,5187,1789040919,1789040979,,,
1789040924,approval_success,YXX3dVyq9lzw2OrR,28,poia-demo-bank,,approved,,webauthn,,,,1789040924.947,,"{""scenario"": """", ""client_ts"": 1789040924.947, ""status"": ""approved""}"
1789040924,intent_execute,YXX3dVyq9lzw2OrR,28,poia-demo-bank,limit_change,approved,,,,1789040919,1789040979,,,
1789040932,intent_created,caAhde3_DbohiHYi,28,poia-demo-bank,limit_change,pending,,,,1789040932,1789040992,,,"{""scope"": {""account_id"": 43, ""new_daily_limit"": 1e+24}}"
1789040933,intent_loaded,caAhde3_DbohiHYi,28,poia-demo-bank,,,,webauthn,,,,1789040933.049,,"{""scenario"": """", ""client_ts"": 1789040933.049}"
1789040933,passkey_begin,caAhde3_DbohiHYi,28,poia-demo-bank,limit_change,ok,,webauthn,,1789040932,1789040992,,,
1789040939,passkey_assertion,caAhde3_DbohiHYi,28,poia-demo-bank,,,,webauthn,,,,1789040939.167,,"{""scenario"": """", ""client_ts"": 1789040939.167}"
1789040939,passkey_complete,caAhde3_DbohiHYi,28,poia-demo-bank,limit_change,approved,,webauthn,6360,1789040932,1789040992,,,
1789040939,approval_success,caAhde3_DbohiHYi,28,poia-demo-bank,,approved,,webauthn,,,,1789040939.382,,"{""scenario"": """", ""client_ts"": 1789040939.382, ""status"": ""approved""}"
1789040939,intent_execute,caAhde3_DbohiHYi,28,poia-demo-bank,limit_change,approved,,,,1789040932,1789040992,,,
1789040949,intent_created,HjE0alik56WzQ3Ga,28,poia-demo-bank,transfer,pending,,,,1789040949,1789041009,,,"{""scope"": {""from_account"": 43, ""amount"": 80796.0, ""currency"": ""USD"", ""beneficiary_id"": 22, ""beneficiary_name"": ""JJM Hofstede""}}"
1789040950,intent_loaded,HjE0alik56WzQ3Ga,28,poia-demo-bank,,,,webauthn,,,,1789040950.01,,"{""scenario"": """", ""client_ts"": 1789040950.01}"
1789040950,passkey_begin,HjE0alik56WzQ3Ga,28,poia-demo-bank,transfer,ok,,webauthn,,1789040949,1789041009,,,
1789040955,passkey_assertion,HjE0alik56WzQ3Ga,28,poia-demo-bank,,,,webauthn,,,,1789040954.883,,"{""scenario"": """", ""client_ts"": 1789040954.883}"
1789040955,passkey_complete,HjE0alik56WzQ3Ga,28,poia-demo-bank,transfer,approved,,webauthn,5373,1789040949,1789041009,,,
1789040955,approval_success,HjE0alik56WzQ3Ga,28,poia-demo-bank,,approved,,webauthn,,,,1789040955.291,,"{""scenario"": """", ""client_ts"": 1789040955.291, ""status"": ""approved""}"
1789040955,intent_execute,HjE0alik56WzQ3Ga,28,poia-demo-bank,transfer,approved,,,,1789040949,1789041009,,,
1789040971,intent_created,BLvxsGFVbdoY7u0T,28,poia-demo-bank,beneficiary_add,pending,,,,1789040971,1789041031,,,"{""scope"": {""name"": ""BlehBleh"", ""bank"": ""BlehBleh"", ""account_number"": ""4286""}}"
1789040971,intent_loaded,BLvxsGFVbdoY7u0T,28,poia-demo-bank,,,,webauthn,,,,1789040971.759,,"{""scenario"": """", ""client_ts"": 1789040971.759}"
1789040971,passkey_begin,BLvxsGFVbdoY7u0T,28,poia-demo-bank,beneficiary_add,ok,,webauthn,,1789040971,1789041031,,,
1789040977,passkey_assertion,BLvxsGFVbdoY7u0T,28,poia-demo-bank,,,,webauthn,,,,1789040977.21,,"{""scenario"": """", ""client_ts"": 1789040977.21}"
1789040977,passkey_complete,BLvxsGFVbdoY7u0T,28,poia-demo-bank,beneficiary_add,approved,,webauthn,5585,1789040971,1789041031,,,
1789040977,approval_success,BLvxsGFVbdoY7u0T,28,poia-demo-bank,,approved,,webauthn,,,,1789040977.246,,"{""scenario"": """", ""client_ts"": 1789040977.246, ""status"": ""approved""}"
1789040977,intent_execute,BLvxsGFVbdoY7u0T,28,poia-demo-bank,beneficiary_add,approved,,,,1789040971,1789041031,,,
1789040984,intent_created,idSSzx7x1d77yVEr,28,poia-demo-bank,transfer,pending,,,,1789040984,1789041044,,,"{""scope"": {""from_account"": 43, ""amount"": 98786.0, ""currency"": ""USD"", ""beneficiary_id"": 41, ""beneficiary_name"": ""BlehBleh""}}"
1789040984,intent_loaded,idSSzx7x1d77yVEr,28,poia-demo-bank,,,,webauthn,,,,1789040984.636,,"{""scenario"": """", ""client_ts"": 1789040984.636}"
1789040984,passkey_begin,idSSzx7x1d77yVEr,28,poia-demo-bank,transfer,ok,,webauthn,,1789040984,1789041044,,,
1789040989,passkey_assertion,idSSzx7x1d77yVEr,28,poia-demo-bank,,,,webauthn,,,,1789040989.604,,"{""scenario"": """", ""client_ts"": 1789040989.604}"
1789040989,passkey_complete,idSSzx7x1d77yVEr,28,poia-demo-bank,transfer,approved,,webauthn,5132,1789040984,1789041044,,,
1789040989,approval_success,idSSzx7x1d77yVEr,28,poia-demo-bank,,approved,,webauthn,,,,1789040989.716,,"{""scenario"": """", ""client_ts"": 1789040989.716, ""status"": ""approved""}"
1789040989,intent_execute,idSSzx7x1d77yVEr,28,poia-demo-bank,transfer,approved,,,,1789040984,1789041044,,,
1789041786,intent_created,Zo--rkW_BgIe9P8H,15,poia-demo-bank,deposit,pending,,,,1789041786,1789041846,,,"{""scope"": {""account_id"": 27, ""amount"": 778.0, ""currency"": ""USD""}}"
1789041786,zt_auto_start,Zo--rkW_BgIe9P8H,15,poia-demo-bank,,,,zt_authenticator,,,,1789041786.054,,"{""scenario"": """", ""client_ts"": 1789041786.054}"
1789041786,intent_loaded,Zo--rkW_BgIe9P8H,15,poia-demo-bank,,,,zt_authenticator,,,,1789041786.053,,"{""scenario"": """", ""client_ts"": 1789041786.053}"
1789041787,pending_served,Zo--rkW_BgIe9P8H,15,poia-demo-bank,deposit,pending,,zt_authenticator,,1789041786,1789041846,,,
1789041792,pending_served,Zo--rkW_BgIe9P8H,15,poia-demo-bank,deposit,pending,,zt_authenticator,,1789041786,1789041846,,,
1789041798,intent_approve,Zo--rkW_BgIe9P8H,15,poia-demo-bank,deposit,approved,,zt_authenticator,12410,1789041786,1789041846,,,
1789041799,zt_status_approved,Zo--rkW_BgIe9P8H,15,poia-demo-bank,,approved,,zt_authenticator,,,,1789041799.182,,"{""scenario"": """", ""client_ts"": 1789041799.182, ""status"": ""approved""}"
1789041799,intent_execute,Zo--rkW_BgIe9P8H,15,poia-demo-bank,deposit,approved,,,,1789041786,1789041846,,,
1789041809,intent_created,FzYM3jLTAHMnUqyM,15,poia-demo-bank,deposit,pending,,,,1789041809,1789041869,,,"{""scope"": {""account_id"": 27, ""amount"": 876.0, ""currency"": ""USD""}}"
1789041809,zt_auto_start,FzYM3jLTAHMnUqyM,15,poia-demo-bank,,,,zt_authenticator,,,,1789041809.902,,"{""scenario"": """", ""client_ts"": 1789041809.902}"
1789041809,intent_loaded,FzYM3jLTAHMnUqyM,15,poia-demo-bank,,,,zt_authenticator,,,,1789041809.902,,"{""scenario"": """", ""client_ts"": 1789041809.902}"
1789041810,pending_served,FzYM3jLTAHMnUqyM,15,poia-demo-bank,deposit,pending,,zt_authenticator,,1789041809,1789041869,,,
1789041816,pending_served,FzYM3jLTAHMnUqyM,15,poia-demo-bank,deposit,pending,,zt_authenticator,,1789041809,1789041869,,,
1789041828,intent_approve,FzYM3jLTAHMnUqyM,15,poia-demo-bank,deposit,approved,,zt_authenticator,18632,1789041809,1789041869,,,
1789041829,zt_status_approved,FzYM3jLTAHMnUqyM,15,poia-demo-bank,,approved,,zt_authenticator,,,,1789041829.171,,"{""scenario"": """", ""client_ts"": 1789041829.171, ""status"": ""approved""}"
1789041829,intent_execute,FzYM3jLTAHMnUqyM,15,poia-demo-bank,deposit,approved,,,,1789041809,1789041869,,,
1789041857,intent_created,nFjQGzr2tpU9mGg6,15,poia-demo-bank,beneficiary_add,pending,,,,1789041857,1789041917,,,"{""scope"": {""name"": ""Murembo"", ""bank"": ""PoIA Bank"", ""account_number"": ""7658897""}}"
1789041857,zt_auto_start,nFjQGzr2tpU9mGg6,15,poia-demo-bank,,,,zt_authenticator,,,,1789041857.9,,"{""scenario"": """", ""client_ts"": 1789041857.9}"
1789041857,intent_loaded,nFjQGzr2tpU9mGg6,15,poia-demo-bank,,,,zt_authenticator,,,,1789041857.9,,"{""scenario"": """", ""client_ts"": 1789041857.9}"
1789041859,pending_served,nFjQGzr2tpU9mGg6,15,poia-demo-bank,beneficiary_add,pending,,zt_authenticator,,1789041857,1789041917,,,
1789041865,pending_served,nFjQGzr2tpU9mGg6,15,poia-demo-bank,beneficiary_add,pending,,zt_authenticator,,1789041857,1789041917,,,
1789041870,pending_served,nFjQGzr2tpU9mGg6,15,poia-demo-bank,beneficiary_add,pending,,zt_authenticator,,1789041857,1789041917,,,
1789041878,intent_approve,nFjQGzr2tpU9mGg6,15,poia-demo-bank,beneficiary_add,approved,,zt_authenticator,20966,1789041857,1789041917,,,
1789041879,zt_status_approved,nFjQGzr2tpU9mGg6,15,poia-demo-bank,,approved,,zt_authenticator,,,,1789041879.184,,"{""scenario"": """", ""client_ts"": 1789041879.184, ""status"": ""approved""}"
1789041879,intent_execute,nFjQGzr2tpU9mGg6,15,poia-demo-bank,beneficiary_add,approved,,,,1789041857,1789041917,,,
1789042064,intent_created,yuoDl1hFar3PQYjK,20,poia-demo-bank,deposit,pending,,,,1789042064,1789042124,,,"{""scope"": {""account_id"": 37, ""amount"": 785.0, ""currency"": ""USD""}}"
1789042082,pending_served,yuoDl1hFar3PQYjK,20,poia-demo-bank,deposit,pending,,zt_authenticator,,1789042064,1789042124,,,
1789042085,zt_auto_start,yuoDl1hFar3PQYjK,20,poia-demo-bank,,,,zt_authenticator,,,,1789042079.07,,"{""scenario"": """", ""client_ts"": 1789042079.07}"
1789042085,intent_loaded,yuoDl1hFar3PQYjK,20,poia-demo-bank,,,,zt_authenticator,,,,1789042079.069,,"{""scenario"": """", ""client_ts"": 1789042079.069}"
1789042089,pending_served,yuoDl1hFar3PQYjK,20,poia-demo-bank,deposit,pending,,zt_authenticator,,1789042064,1789042124,,,
1789042098,pending_served,yuoDl1hFar3PQYjK,20,poia-demo-bank,deposit,pending,,zt_authenticator,,1789042064,1789042124,,,
1789042103,pending_served,yuoDl1hFar3PQYjK,20,poia-demo-bank,deposit,pending,,zt_authenticator,,1789042064,1789042124,,,
1789042107,pending_served,yuoDl1hFar3PQYjK,20,poia-demo-bank,deposit,pending,,zt_authenticator,,1789042064,1789042124,,,
1789042114,pending_served,yuoDl1hFar3PQYjK,20,poia-demo-bank,deposit,pending,,zt_authenticator,,1789042064,1789042124,,,
1789042119,pending_served,yuoDl1hFar3PQYjK,20,poia-demo-bank,deposit,pending,,zt_authenticator,,1789042064,1789042124,,,
1789042126,pending_served,yuoDl1hFar3PQYjK,20,poia-demo-bank,deposit,pending,,zt_authenticator,,1789042064,1789042124,,,
1789042135,pending_served,yuoDl1hFar3PQYjK,20,poia-demo-bank,deposit,pending,,zt_authenticator,,1789042064,1789042124,,,
1789042143,intent_expired,yuoDl1hFar3PQYjK,20,poia-demo-bank,,expired,,zt_authenticator,,,,1789042124.541,,"{""scenario"": """", ""client_ts"": 1789042124.541, ""status"": ""expired""}"
1789042144,intent_deny,yuoDl1hFar3PQYjK,20,poia-demo-bank,deposit,denied,expired,browser,,1789042064,1789042124,,,
1789042163,zt_status_expired,yuoDl1hFar3PQYjK,20,poia-demo-bank,,expired,,zt_authenticator,,,,1789042144.023,,"{""scenario"": """", ""client_ts"": 1789042144.023, ""status"": ""expired""}"
1789044002,intent_created,6kZLRsPiEj5HfZWO,20,poia-demo-bank,deposit,pending,,,,1789044002,1789044062,,,"{""scope"": {""account_id"": 37, ""amount"": 7676.0, ""currency"": ""USD""}}"
1789044002,zt_auto_start,6kZLRsPiEj5HfZWO,20,poia-demo-bank,,,,zt_authenticator,,,,1789044002.171,,"{""scenario"": """", ""client_ts"": 1789044002.171}"
1789044002,intent_loaded,6kZLRsPiEj5HfZWO,20,poia-demo-bank,,,,zt_authenticator,,,,1789044002.17,,"{""scenario"": """", ""client_ts"": 1789044002.17}"
1789044002,pending_served,6kZLRsPiEj5HfZWO,20,poia-demo-bank,deposit,pending,,zt_authenticator,,1789044002,1789044062,,,
1789044003,pending_served,6kZLRsPiEj5HfZWO,20,poia-demo-bank,deposit,pending,,zt_authenticator,,1789044002,1789044062,,,
1789044005,intent_approve,6kZLRsPiEj5HfZWO,20,poia-demo-bank,deposit,approved,,zt_authenticator,3529,1789044002,1789044062,,,
1789044006,zt_status_approved,6kZLRsPiEj5HfZWO,20,poia-demo-bank,,approved,,zt_authenticator,,,,1789044006.744,,"{""scenario"": """", ""client_ts"": 1789044006.744, ""status"": ""approved""}"
1789044006,intent_execute,6kZLRsPiEj5HfZWO,20,poia-demo-bank,deposit,approved,,,,1789044002,1789044062,,,
1789044019,intent_created,hFPnUwfLvqdmkPkY,20,poia-demo-bank,deposit,pending,,,,1789044019,1789044079,,,"{""scope"": {""account_id"": 37, ""amount"": 8308.0, ""currency"": ""USD""}}"
1789044019,zt_auto_start,hFPnUwfLvqdmkPkY,20,poia-demo-bank,,,,zt_authenticator,,,,1789044019.593,,"{""scenario"": """", ""client_ts"": 1789044019.593}"
1789044019,intent_loaded,hFPnUwfLvqdmkPkY,20,poia-demo-bank,,,,zt_authenticator,,,,1789044019.593,,"{""scenario"": """", ""client_ts"": 1789044019.593}"
1789044019,pending_served,hFPnUwfLvqdmkPkY,20,poia-demo-bank,deposit,pending,,zt_authenticator,,1789044019,1789044079,,,
1789044021,pending_served,hFPnUwfLvqdmkPkY,20,poia-demo-bank,deposit,pending,,zt_authenticator,,1789044019,1789044079,,,
1789044022,intent_approve,hFPnUwfLvqdmkPkY,20,poia-demo-bank,deposit,approved,,zt_authenticator,3143,1789044019,1789044079,,,
1789044024,zt_status_approved,hFPnUwfLvqdmkPkY,20,poia-demo-bank,,approved,,zt_authenticator,,,,1789044024.155,,"{""scenario"": """", ""client_ts"": 1789044024.155, ""status"": ""approved""}"
1789044024,intent_execute,hFPnUwfLvqdmkPkY,20,poia-demo-bank,deposit,approved,,,,1789044019,1789044079,,,
1789044029,intent_created,YiXPDzabLjBys2oK,20,poia-demo-bank,deposit,pending,,,,1789044029,1789044089,,,"{""scope"": {""account_id"": 37, ""amount"": 7843.0, ""currency"": ""USD""}}"
1789044029,zt_auto_start,YiXPDzabLjBys2oK,20,poia-demo-bank,,,,zt_authenticator,,,,1789044029.832,,"{""scenario"": """", ""client_ts"": 1789044029.832}"
1789044029,intent_loaded,YiXPDzabLjBys2oK,20,poia-demo-bank,,,,zt_authenticator,,,,1789044029.831,,"{""scenario"": """", ""client_ts"": 1789044029.831}"
1789044029,pending_served,YiXPDzabLjBys2oK,20,poia-demo-bank,deposit,pending,,zt_authenticator,,1789044029,1789044089,,,
1789044031,pending_served,YiXPDzabLjBys2oK,20,poia-demo-bank,deposit,pending,,zt_authenticator,,1789044029,1789044089,,,
1789044032,intent_approve,YiXPDzabLjBys2oK,20,poia-demo-bank,deposit,approved,,zt_authenticator,2960,1789044029,1789044089,,,
1789044032,zt_status_approved,YiXPDzabLjBys2oK,20,poia-demo-bank,,approved,,zt_authenticator,,,,1789044032.873,,"{""scenario"": """", ""client_ts"": 1789044032.873, ""status"": ""approved""}"
1789044032,intent_execute,YiXPDzabLjBys2oK,20,poia-demo-bank,deposit,approved,,,,1789044029,1789044089,,,
1789044042,intent_created,-ys54qr0rHlNDPvp,20,poia-demo-bank,withdrawal,pending,,,,1789044042,1789044102,,,"{""scope"": {""account_id"": 37, ""amount"": 47428.0, ""currency"": ""USD""}}"
1789044042,zt_auto_start,-ys54qr0rHlNDPvp,20,poia-demo-bank,,,,zt_authenticator,,,,1789044042.082,,"{""scenario"": """", ""client_ts"": 1789044042.082}"
1789044042,intent_loaded,-ys54qr0rHlNDPvp,20,poia-demo-bank,,,,zt_authenticator,,,,1789044042.082,,"{""scenario"": """", ""client_ts"": 1789044042.082}"
1789044042,pending_served,-ys54qr0rHlNDPvp,20,poia-demo-bank,withdrawal,pending,,zt_authenticator,,1789044042,1789044102,,,
1789044043,pending_served,-ys54qr0rHlNDPvp,20,poia-demo-bank,withdrawal,pending,,zt_authenticator,,1789044042,1789044102,,,
1789044044,intent_approve,-ys54qr0rHlNDPvp,20,poia-demo-bank,withdrawal,approved,,zt_authenticator,2732,1789044042,1789044102,,,
1789044045,zt_status_approved,-ys54qr0rHlNDPvp,20,poia-demo-bank,,approved,,zt_authenticator,,,,1789044045.139,,"{""scenario"": """", ""client_ts"": 1789044045.139, ""status"": ""approved""}"
1789044045,intent_execute,-ys54qr0rHlNDPvp,20,poia-demo-bank,withdrawal,approved,,,,1789044042,1789044102,,,
1789044051,intent_created,BO4J1BTMkoRIiMYl,20,poia-demo-bank,deposit,pending,,,,1789044051,1789044111,,,"{""scope"": {""account_id"": 37, ""amount"": 3467.0, ""currency"": ""USD""}}"
1789044051,zt_auto_start,BO4J1BTMkoRIiMYl,20,poia-demo-bank,,,,zt_authenticator,,,,1789044051.68,,"{""scenario"": """", ""client_ts"": 1789044051.68}"
1789044051,intent_loaded,BO4J1BTMkoRIiMYl,20,poia-demo-bank,,,,zt_authenticator,,,,1789044051.68,,"{""scenario"": """", ""client_ts"": 1789044051.68}"
1789044051,pending_served,BO4J1BTMkoRIiMYl,20,poia-demo-bank,deposit,pending,,zt_authenticator,,1789044051,1789044111,,,
1789044053,pending_served,BO4J1BTMkoRIiMYl,20,poia-demo-bank,deposit,pending,,zt_authenticator,,1789044051,1789044111,,,
1789044054,intent_approve,BO4J1BTMkoRIiMYl,20,poia-demo-bank,deposit,approved,,zt_authenticator,3164,1789044051,1789044111,,,
1789044056,zt_status_approved,BO4J1BTMkoRIiMYl,20,poia-demo-bank,,approved,,zt_authenticator,,,,1789044056.236,,"{""scenario"": """", ""client_ts"": 1789044056.236, ""status"": ""approved""}"
1789044056,intent_execute,BO4J1BTMkoRIiMYl,20,poia-demo-bank,deposit,approved,,,,1789044051,1789044111,,,
1789044068,intent_created,3uqgHA2O4_9TTYZT,20,poia-demo-bank,transfer,pending,,,,1789044068,1789044128,,,"{""scope"": {""from_account"": 37, ""amount"": 537.0, ""currency"": ""USD"", ""beneficiary_id"": 27, ""beneficiary_name"": ""Marina""}}"
1789044068,zt_auto_start,3uqgHA2O4_9TTYZT,20,poia-demo-bank,,,,zt_authenticator,,,,1789044068.315,,"{""scenario"": """", ""client_ts"": 1789044068.315}"
1789044068,intent_loaded,3uqgHA2O4_9TTYZT,20,poia-demo-bank,,,,zt_authenticator,,,,1789044068.314,,"{""scenario"": """", ""client_ts"": 1789044068.314}"
1789044068,pending_served,3uqgHA2O4_9TTYZT,20,poia-demo-bank,transfer,pending,,zt_authenticator,,1789044068,1789044128,,,
1789044069,pending_served,3uqgHA2O4_9TTYZT,20,poia-demo-bank,transfer,pending,,zt_authenticator,,1789044068,1789044128,,,
1789044071,intent_approve,3uqgHA2O4_9TTYZT,20,poia-demo-bank,transfer,approved,,zt_authenticator,3020,1789044068,1789044128,,,
1789044071,zt_status_approved,3uqgHA2O4_9TTYZT,20,poia-demo-bank,,approved,,zt_authenticator,,,,1789044071.369,,"{""scenario"": """", ""client_ts"": 1789044071.369, ""status"": ""approved""}"
1789044071,intent_execute,3uqgHA2O4_9TTYZT,20,poia-demo-bank,transfer,approved,,,,1789044068,1789044128,,,
1789044078,intent_created,MlT8I0BxJEGKzFqF,20,poia-demo-bank,transfer,pending,,,,1789044078,1789044138,,,"{""scope"": {""from_account"": 37, ""amount"": 6347.0, ""currency"": ""USD"", ""beneficiary_id"": 21, ""beneficiary_name"": ""Aster Research Services""}}"
1789044078,zt_auto_start,MlT8I0BxJEGKzFqF,20,poia-demo-bank,,,,zt_authenticator,,,,1789044078.582,,"{""scenario"": """", ""client_ts"": 1789044078.582}"
1789044078,intent_loaded,MlT8I0BxJEGKzFqF,20,poia-demo-bank,,,,zt_authenticator,,,,1789044078.582,,"{""scenario"": """", ""client_ts"": 1789044078.582}"
1789044078,pending_served,MlT8I0BxJEGKzFqF,20,poia-demo-bank,transfer,pending,,zt_authenticator,,1789044078,1789044138,,,
1789044079,pending_served,MlT8I0BxJEGKzFqF,20,poia-demo-bank,transfer,pending,,zt_authenticator,,1789044078,1789044138,,,
1789044080,intent_approve,MlT8I0BxJEGKzFqF,20,poia-demo-bank,transfer,approved,,zt_authenticator,2257,1789044078,1789044138,,,
1789044081,zt_status_approved,MlT8I0BxJEGKzFqF,20,poia-demo-bank,,approved,,zt_authenticator,,,,1789044081.638,,"{""scenario"": """", ""client_ts"": 1789044081.638, ""status"": ""approved""}"
1789044081,intent_execute,MlT8I0BxJEGKzFqF,20,poia-demo-bank,transfer,approved,,,,1789044078,1789044138,,,
1789044091,intent_created,gdNMII1cD8nzLVuh,20,poia-demo-bank,transfer,pending,,,,1789044091,1789044151,,,"{""scope"": {""from_account"": 37, ""amount"": 75.0, ""currency"": ""USD"", ""external_account"": ""1256789""}}"
1789044091,pending_served,gdNMII1cD8nzLVuh,20,poia-demo-bank,transfer,pending,,zt_authenticator,,1789044091,1789044151,,,
1789044091,zt_auto_start,gdNMII1cD8nzLVuh,20,poia-demo-bank,,,,zt_authenticator,,,,1789044091.321,,"{""scenario"": """", ""client_ts"": 1789044091.321}"
1789044091,intent_loaded,gdNMII1cD8nzLVuh,20,poia-demo-bank,,,,zt_authenticator,,,,1789044091.32,,"{""scenario"": """", ""client_ts"": 1789044091.32}"
1789044091,pending_served,gdNMII1cD8nzLVuh,20,poia-demo-bank,transfer,pending,,zt_authenticator,,1789044091,1789044151,,,
1789044094,intent_approve,gdNMII1cD8nzLVuh,20,poia-demo-bank,transfer,approved,,zt_authenticator,3561,1789044091,1789044151,,,
1789044095,zt_status_approved,gdNMII1cD8nzLVuh,20,poia-demo-bank,,approved,,zt_authenticator,,,,1789044095.892,,"{""scenario"": """", ""client_ts"": 1789044095.892, ""status"": ""approved""}"
1789044095,intent_execute,gdNMII1cD8nzLVuh,20,poia-demo-bank,transfer,approved,,,,1789044091,1789044151,,,
1789044145,intent_created,dKyEtYi2BNX8TsgD,20,poia-demo-bank,deposit,pending,,,,1789044145,1789044205,,,"{""scope"": {""account_id"": 37, ""amount"": 6483.0, ""currency"": ""USD""}}"
1789044146,zt_auto_start,dKyEtYi2BNX8TsgD,20,poia-demo-bank,,,,zt_authenticator,,,,1789044145.966,,"{""scenario"": """", ""client_ts"": 1789044145.966}"
1789044146,intent_loaded,dKyEtYi2BNX8TsgD,20,poia-demo-bank,,,,zt_authenticator,,,,1789044145.966,,"{""scenario"": """", ""client_ts"": 1789044145.966}"
1789044146,pending_served,dKyEtYi2BNX8TsgD,20,poia-demo-bank,deposit,pending,,zt_authenticator,,1789044145,1789044205,,,
1789044147,pending_served,dKyEtYi2BNX8TsgD,20,poia-demo-bank,deposit,pending,,zt_authenticator,,1789044145,1789044205,,,
1789044148,intent_approve,dKyEtYi2BNX8TsgD,20,poia-demo-bank,deposit,approved,,zt_authenticator,2840,1789044145,1789044205,,,
1789044149,zt_status_approved,dKyEtYi2BNX8TsgD,20,poia-demo-bank,,approved,,zt_authenticator,,,,1789044149.014,,"{""scenario"": """", ""client_ts"": 1789044149.014, ""status"": ""approved""}"
1789044149,intent_execute,dKyEtYi2BNX8TsgD,20,poia-demo-bank,deposit,approved,,,,1789044145,1789044205,,,
1789044162,intent_created,J9iLDzERJ6kXmQJR,20,poia-demo-bank,transfer,pending,,,,1789044162,1789044222,,,"{""scope"": {""from_account"": 37, ""amount"": 6464.0, ""currency"": ""USD"", ""beneficiary_id"": 21, ""beneficiary_name"": ""Aster Research Services""}}"
1789044162,zt_auto_start,J9iLDzERJ6kXmQJR,20,poia-demo-bank,,,,zt_authenticator,,,,1789044162.422,,"{""scenario"": """", ""client_ts"": 1789044162.422}"
1789044162,intent_loaded,J9iLDzERJ6kXmQJR,20,poia-demo-bank,,,,zt_authenticator,,,,1789044162.421,,"{""scenario"": """", ""client_ts"": 1789044162.421}"
1789044162,pending_served,J9iLDzERJ6kXmQJR,20,poia-demo-bank,transfer,pending,,zt_authenticator,,1789044162,1789044222,,,
1789044163,pending_served,J9iLDzERJ6kXmQJR,20,poia-demo-bank,transfer,pending,,zt_authenticator,,1789044162,1789044222,,,
1789044164,intent_approve,J9iLDzERJ6kXmQJR,20,poia-demo-bank,transfer,approved,,zt_authenticator,2395,1789044162,1789044222,,,
1789044165,zt_status_approved,J9iLDzERJ6kXmQJR,20,poia-demo-bank,,approved,,zt_authenticator,,,,1789044165.479,,"{""scenario"": """", ""client_ts"": 1789044165.479, ""status"": ""approved""}"
1789044165,intent_execute,J9iLDzERJ6kXmQJR,20,poia-demo-bank,transfer,approved,,,,1789044162,1789044222,,,
1789044173,intent_created,wPOx7kD6HA1KV9lY,20,poia-demo-bank,deposit,pending,,,,1789044173,1789044233,,,"{""scope"": {""account_id"": 37, ""amount"": 879.0, ""currency"": ""USD""}}"
1789044173,zt_auto_start,wPOx7kD6HA1KV9lY,20,poia-demo-bank,,,,zt_authenticator,,,,1789044173.048,,"{""scenario"": """", ""client_ts"": 1789044173.048}"
1789044173,intent_loaded,wPOx7kD6HA1KV9lY,20,poia-demo-bank,,,,zt_authenticator,,,,1789044173.048,,"{""scenario"": """", ""client_ts"": 1789044173.048}"
1789044173,pending_served,wPOx7kD6HA1KV9lY,20,poia-demo-bank,deposit,pending,,zt_authenticator,,1789044173,1789044233,,,
1789044173,pending_served,wPOx7kD6HA1KV9lY,20,poia-demo-bank,deposit,pending,,zt_authenticator,,1789044173,1789044233,,,
1789044174,intent_approve,wPOx7kD6HA1KV9lY,20,poia-demo-bank,deposit,approved,,zt_authenticator,1937,1789044173,1789044233,,,
1789044176,zt_status_approved,wPOx7kD6HA1KV9lY,20,poia-demo-bank,,approved,,zt_authenticator,,,,1789044176.106,,"{""scenario"": """", ""client_ts"": 1789044176.106, ""status"": ""approved""}"
1789044176,intent_execute,wPOx7kD6HA1KV9lY,20,poia-demo-bank,deposit,approved,,,,1789044173,1789044233,,,
1789044184,intent_created,Zlvq9KqMOiTtwfCt,20,poia-demo-bank,transfer,pending,,,,1789044184,1789044244,,,"{""scope"": {""from_account"": 37, ""amount"": 6483.0, ""currency"": ""USD"", ""beneficiary_id"": 27, ""beneficiary_name"": ""Marina""}}"
1789044184,zt_auto_start,Zlvq9KqMOiTtwfCt,20,poia-demo-bank,,,,zt_authenticator,,,,1789044184.366,,"{""scenario"": """", ""client_ts"": 1789044184.366}"
1789044184,intent_loaded,Zlvq9KqMOiTtwfCt,20,poia-demo-bank,,,,zt_authenticator,,,,1789044184.366,,"{""scenario"": """", ""client_ts"": 1789044184.366}"
1789044184,pending_served,Zlvq9KqMOiTtwfCt,20,poia-demo-bank,transfer,pending,,zt_authenticator,,1789044184,1789044244,,,
1789044185,pending_served,Zlvq9KqMOiTtwfCt,20,poia-demo-bank,transfer,pending,,zt_authenticator,,1789044184,1789044244,,,
1789044187,intent_approve,Zlvq9KqMOiTtwfCt,20,poia-demo-bank,transfer,approved,,zt_authenticator,3330,1789044184,1789044244,,,
1789044188,zt_status_approved,Zlvq9KqMOiTtwfCt,20,poia-demo-bank,,approved,,zt_authenticator,,,,1789044188.935,,"{""scenario"": """", ""client_ts"": 1789044188.935, ""status"": ""approved""}"
1789044188,intent_execute,Zlvq9KqMOiTtwfCt,20,poia-demo-bank,transfer,approved,,,,1789044184,1789044244,,,
1789044194,intent_created,DFWDqtzzx0qJHZ0C,20,poia-demo-bank,deposit,pending,,,,1789044194,1789044254,,,"{""scope"": {""account_id"": 37, ""amount"": 843.0, ""currency"": ""USD""}}"
1789044194,zt_auto_start,DFWDqtzzx0qJHZ0C,20,poia-demo-bank,,,,zt_authenticator,,,,1789044194.693,,"{""scenario"": """", ""client_ts"": 1789044194.693}"
1789044194,intent_loaded,DFWDqtzzx0qJHZ0C,20,poia-demo-bank,,,,zt_authenticator,,,,1789044194.693,,"{""scenario"": """", ""client_ts"": 1789044194.693}"
1789044194,pending_served,DFWDqtzzx0qJHZ0C,20,poia-demo-bank,deposit,pending,,zt_authenticator,,1789044194,1789044254,,,
1789044195,pending_served,DFWDqtzzx0qJHZ0C,20,poia-demo-bank,deposit,pending,,zt_authenticator,,1789044194,1789044254,,,
1789044196,intent_approve,DFWDqtzzx0qJHZ0C,20,poia-demo-bank,deposit,approved,,zt_authenticator,2199,1789044194,1789044254,,,
1789044197,zt_status_approved,DFWDqtzzx0qJHZ0C,20,poia-demo-bank,,approved,,zt_authenticator,,,,1789044197.75,,"{""scenario"": """", ""client_ts"": 1789044197.75, ""status"": ""approved""}"
1789044197,intent_execute,DFWDqtzzx0qJHZ0C,20,poia-demo-bank,deposit,approved,,,,1789044194,1789044254,,,
1789044212,intent_created,_qZjJnpHpo0BXxQs,20,poia-demo-bank,statement_export,pending,,,,1789044212,1789044272,,,"{""scope"": {""account_id"": """", ""txn_type"": ""withdrawal"", ""date_from"": ""2026-10-02"", ""date_to"": ""2026-09-16""}}"
1789044212,zt_auto_start,_qZjJnpHpo0BXxQs,20,poia-demo-bank,,,,zt_authenticator,,,,1789044212.076,,"{""scenario"": """", ""client_ts"": 1789044212.076}"
1789044212,intent_loaded,_qZjJnpHpo0BXxQs,20,poia-demo-bank,,,,zt_authenticator,,,,1789044212.075,,"{""scenario"": """", ""client_ts"": 1789044212.075}"
1789044212,pending_served,_qZjJnpHpo0BXxQs,20,poia-demo-bank,statement_export,pending,,zt_authenticator,,1789044212,1789044272,,,
1789044213,pending_served,_qZjJnpHpo0BXxQs,20,poia-demo-bank,statement_export,pending,,zt_authenticator,,1789044212,1789044272,,,
1789044218,intent_approve,_qZjJnpHpo0BXxQs,20,poia-demo-bank,statement_export,approved,,zt_authenticator,6427,1789044212,1789044272,,,
1789044219,zt_status_approved,_qZjJnpHpo0BXxQs,20,poia-demo-bank,,approved,,zt_authenticator,,,,1789044219.676,,"{""scenario"": """", ""client_ts"": 1789044219.676, ""status"": ""approved""}"
1789044219,intent_execute,_qZjJnpHpo0BXxQs,20,poia-demo-bank,statement_export,approved,,,,1789044212,1789044272,,,
1789044240,intent_created,-LbbIFI0mMNwqWEj,20,poia-demo-bank,withdrawal,pending,,,,1789044240,1789044300,,,"{""scope"": {""account_id"": 37, ""amount"": 4568.0, ""currency"": ""USD""}}"
1789044240,zt_auto_start,-LbbIFI0mMNwqWEj,20,poia-demo-bank,,,,zt_authenticator,,,,1789044240.067,,"{""scenario"": """", ""client_ts"": 1789044240.067}"
1789044240,intent_loaded,-LbbIFI0mMNwqWEj,20,poia-demo-bank,,,,zt_authenticator,,,,1789044240.066,,"{""scenario"": """", ""client_ts"": 1789044240.066}"
1789044240,pending_served,-LbbIFI0mMNwqWEj,20,poia-demo-bank,withdrawal,pending,,zt_authenticator,,1789044240,1789044300,,,
1789044241,pending_served,-LbbIFI0mMNwqWEj,20,poia-demo-bank,withdrawal,pending,,zt_authenticator,,1789044240,1789044300,,,
1789044245,intent_approve,-LbbIFI0mMNwqWEj,20,poia-demo-bank,withdrawal,approved,,zt_authenticator,4939,1789044240,1789044300,,,
1789044246,zt_status_approved,-LbbIFI0mMNwqWEj,20,poia-demo-bank,,approved,,zt_authenticator,,,,1789044246.151,,"{""scenario"": """", ""client_ts"": 1789044246.151, ""status"": ""approved""}"
1789044246,intent_execute,-LbbIFI0mMNwqWEj,20,poia-demo-bank,withdrawal,approved,,,,1789044240,1789044300,,,
1789044253,intent_created,i2_UKCg35jgWjDWy,20,poia-demo-bank,deposit,pending,,,,1789044253,1789044313,,,"{""scope"": {""account_id"": 37, ""amount"": 3846.0, ""currency"": ""USD""}}"
1789044254,zt_auto_start,i2_UKCg35jgWjDWy,20,poia-demo-bank,,,,zt_authenticator,,,,1789044253.968,,"{""scenario"": """", ""client_ts"": 1789044253.968}"
1789044254,intent_loaded,i2_UKCg35jgWjDWy,20,poia-demo-bank,,,,zt_authenticator,,,,1789044253.968,,"{""scenario"": """", ""client_ts"": 1789044253.968}"
1789044254,pending_served,i2_UKCg35jgWjDWy,20,poia-demo-bank,deposit,pending,,zt_authenticator,,1789044253,1789044313,,,
1789044255,pending_served,i2_UKCg35jgWjDWy,20,poia-demo-bank,deposit,pending,,zt_authenticator,,1789044253,1789044313,,,
1789044256,intent_approve,i2_UKCg35jgWjDWy,20,poia-demo-bank,deposit,approved,,zt_authenticator,2803,1789044253,1789044313,,,
1789044257,zt_status_approved,i2_UKCg35jgWjDWy,20,poia-demo-bank,,approved,,zt_authenticator,,,,1789044257.013,,"{""scenario"": """", ""client_ts"": 1789044257.013, ""status"": ""approved""}"
1789044257,intent_execute,i2_UKCg35jgWjDWy,20,poia-demo-bank,deposit,approved,,,,1789044253,1789044313,,,
1789044264,intent_created,1Y9HSe0EO4HW-Itv,20,poia-demo-bank,deposit,pending,,,,1789044264,1789044324,,,"{""scope"": {""account_id"": 37, ""amount"": 97538.0, ""currency"": ""USD""}}"
1789044264,zt_auto_start,1Y9HSe0EO4HW-Itv,20,poia-demo-bank,,,,zt_authenticator,,,,1789044264.518,,"{""scenario"": """", ""client_ts"": 1789044264.518}"
1789044264,intent_loaded,1Y9HSe0EO4HW-Itv,20,poia-demo-bank,,,,zt_authenticator,,,,1789044264.517,,"{""scenario"": """", ""client_ts"": 1789044264.517}"
1789044264,pending_served,1Y9HSe0EO4HW-Itv,20,poia-demo-bank,deposit,pending,,zt_authenticator,,1789044264,1789044324,,,
1789044265,pending_served,1Y9HSe0EO4HW-Itv,20,poia-demo-bank,deposit,pending,,zt_authenticator,,1789044264,1789044324,,,
1789044266,intent_approve,1Y9HSe0EO4HW-Itv,20,poia-demo-bank,deposit,approved,,zt_authenticator,2294,1789044264,1789044324,,,
1789044267,zt_status_approved,1Y9HSe0EO4HW-Itv,20,poia-demo-bank,,approved,,zt_authenticator,,,,1789044267.573,,"{""scenario"": """", ""client_ts"": 1789044267.573, ""status"": ""approved""}"
1789044267,intent_execute,1Y9HSe0EO4HW-Itv,20,poia-demo-bank,deposit,approved,,,,1789044264,1789044324,,,
1789044274,intent_created,c2hx0aM9pitEGwQL,20,poia-demo-bank,transfer,pending,,,,1789044274,1789044334,,,"{""scope"": {""from_account"": 37, ""amount"": 57475.0, ""currency"": ""USD"", ""beneficiary_id"": 21, ""beneficiary_name"": ""Aster Research Services""}}"
1789044274,zt_auto_start,c2hx0aM9pitEGwQL,20,poia-demo-bank,,,,zt_authenticator,,,,1789044274.584,,"{""scenario"": """", ""client_ts"": 1789044274.584}"
1789044274,intent_loaded,c2hx0aM9pitEGwQL,20,poia-demo-bank,,,,zt_authenticator,,,,1789044274.584,,"{""scenario"": """", ""client_ts"": 1789044274.584}"
1789044274,pending_served,c2hx0aM9pitEGwQL,20,poia-demo-bank,transfer,pending,,zt_authenticator,,1789044274,1789044334,,,
1789044275,pending_served,c2hx0aM9pitEGwQL,20,poia-demo-bank,transfer,pending,,zt_authenticator,,1789044274,1789044334,,,
1789044276,intent_approve,c2hx0aM9pitEGwQL,20,poia-demo-bank,transfer,approved,,zt_authenticator,2236,1789044274,1789044334,,,
1789044277,zt_status_approved,c2hx0aM9pitEGwQL,20,poia-demo-bank,,approved,,zt_authenticator,,,,1789044277.644,,"{""scenario"": """", ""client_ts"": 1789044277.644, ""status"": ""approved""}"
1789044277,intent_execute,c2hx0aM9pitEGwQL,20,poia-demo-bank,transfer,approved,,,,1789044274,1789044334,,,
1789044283,intent_created,bVEYoE798Rtjszgv,20,poia-demo-bank,transfer,pending,,,,1789044283,1789044343,,,"{""scope"": {""from_account"": 37, ""amount"": 654.0, ""currency"": ""USD"", ""beneficiary_id"": 21, ""beneficiary_name"": ""Aster Research Services""}}"
1789044283,zt_auto_start,bVEYoE798Rtjszgv,20,poia-demo-bank,,,,zt_authenticator,,,,1789044283.567,,"{""scenario"": """", ""client_ts"": 1789044283.567}"
1789044283,intent_loaded,bVEYoE798Rtjszgv,20,poia-demo-bank,,,,zt_authenticator,,,,1789044283.566,,"{""scenario"": """", ""client_ts"": 1789044283.566}"
1789044283,pending_served,bVEYoE798Rtjszgv,20,poia-demo-bank,transfer,pending,,zt_authenticator,,1789044283,1789044343,,,
1789044285,pending_served,bVEYoE798Rtjszgv,20,poia-demo-bank,transfer,pending,,zt_authenticator,,1789044283,1789044343,,,
1789044286,intent_approve,bVEYoE798Rtjszgv,20,poia-demo-bank,transfer,approved,,zt_authenticator,3175,1789044283,1789044343,,,
1789044288,zt_status_approved,bVEYoE798Rtjszgv,20,poia-demo-bank,,approved,,zt_authenticator,,,,1789044288.124,,"{""scenario"": """", ""client_ts"": 1789044288.124, ""status"": ""approved""}"
1789044288,intent_execute,bVEYoE798Rtjszgv,20,poia-demo-bank,transfer,approved,,,,1789044283,1789044343,,,
1789044298,intent_created,wWH7jJLNbzVDbFMQ,20,poia-demo-bank,withdrawal,pending,,,,1789044298,1789044358,,,"{""scope"": {""account_id"": 37, ""amount"": 457.0, ""currency"": ""USD""}}"
1789044298,zt_auto_start,wWH7jJLNbzVDbFMQ,20,poia-demo-bank,,,,zt_authenticator,,,,1789044298.316,,"{""scenario"": """", ""client_ts"": 1789044298.316}"
1789044298,intent_loaded,wWH7jJLNbzVDbFMQ,20,poia-demo-bank,,,,zt_authenticator,,,,1789044298.315,,"{""scenario"": """", ""client_ts"": 1789044298.315}"
1789044298,pending_served,wWH7jJLNbzVDbFMQ,20,poia-demo-bank,withdrawal,pending,,zt_authenticator,,1789044298,1789044358,,,
1789044299,pending_served,wWH7jJLNbzVDbFMQ,20,poia-demo-bank,withdrawal,pending,,zt_authenticator,,1789044298,1789044358,,,
1789044300,intent_approve,wWH7jJLNbzVDbFMQ,20,poia-demo-bank,withdrawal,approved,,zt_authenticator,2180,1789044298,1789044358,,,
1789044301,zt_status_approved,wWH7jJLNbzVDbFMQ,20,poia-demo-bank,,approved,,zt_authenticator,,,,1789044301.368,,"{""scenario"": """", ""client_ts"": 1789044301.368, ""status"": ""approved""}"
1789044301,intent_execute,wWH7jJLNbzVDbFMQ,20,poia-demo-bank,withdrawal,approved,,,,1789044298,1789044358,,,
1789044339,intent_created,hs0kgNi9Ifj1zeBB,20,poia-demo-bank,deposit,pending,,,,1789044339,1789044399,,,"{""scope"": {""account_id"": 37, ""amount"": 86473.0, ""currency"": ""USD""}}"
1789044339,zt_auto_start,hs0kgNi9Ifj1zeBB,20,poia-demo-bank,,,,zt_authenticator,,,,1789044339.204,,"{""scenario"": """", ""client_ts"": 1789044339.204}"
1789044339,intent_loaded,hs0kgNi9Ifj1zeBB,20,poia-demo-bank,,,,zt_authenticator,,,,1789044339.203,,"{""scenario"": """", ""client_ts"": 1789044339.203}"
1789044339,pending_served,hs0kgNi9Ifj1zeBB,20,poia-demo-bank,deposit,pending,,zt_authenticator,,1789044339,1789044399,,,
1789044339,pending_served,hs0kgNi9Ifj1zeBB,20,poia-demo-bank,deposit,pending,,zt_authenticator,,1789044339,1789044399,,,
1789044340,intent_approve,hs0kgNi9Ifj1zeBB,20,poia-demo-bank,deposit,approved,,zt_authenticator,1624,1789044339,1789044399,,,
1789044342,zt_status_approved,hs0kgNi9Ifj1zeBB,20,poia-demo-bank,,approved,,zt_authenticator,,,,1789044342.294,,"{""scenario"": """", ""client_ts"": 1789044342.294, ""status"": ""approved""}"
1789044342,intent_execute,hs0kgNi9Ifj1zeBB,20,poia-demo-bank,deposit,approved,,,,1789044339,1789044399,,,
1789044347,intent_created,MUjbL_f9ze2pi1ce,20,poia-demo-bank,deposit,pending,,,,1789044347,1789044407,,,"{""scope"": {""account_id"": 37, ""amount"": 342.0, ""currency"": ""USD""}}"
1789044347,zt_auto_start,MUjbL_f9ze2pi1ce,20,poia-demo-bank,,,,zt_authenticator,,,,1789044347.618,,"{""scenario"": """", ""client_ts"": 1789044347.618}"
1789044347,intent_loaded,MUjbL_f9ze2pi1ce,20,poia-demo-bank,,,,zt_authenticator,,,,1789044347.618,,"{""scenario"": """", ""client_ts"": 1789044347.618}"
1789044347,pending_served,MUjbL_f9ze2pi1ce,20,poia-demo-bank,deposit,pending,,zt_authenticator,,1789044347,1789044407,,,
1789044349,pending_served,MUjbL_f9ze2pi1ce,20,poia-demo-bank,deposit,pending,,zt_authenticator,,1789044347,1789044407,,,
1789044350,intent_approve,MUjbL_f9ze2pi1ce,20,poia-demo-bank,deposit,approved,,zt_authenticator,3234,1789044347,1789044407,,,
1789044352,zt_status_approved,MUjbL_f9ze2pi1ce,20,poia-demo-bank,,approved,,zt_authenticator,,,,1789044352.175,,"{""scenario"": """", ""client_ts"": 1789044352.175, ""status"": ""approved""}"
1789044352,intent_execute,MUjbL_f9ze2pi1ce,20,poia-demo-bank,deposit,approved,,,,1789044347,1789044407,,,
1789044357,intent_created,WLdZggdsR87QrXMh,20,poia-demo-bank,deposit,pending,,,,1789044357,1789044417,,,"{""scope"": {""account_id"": 37, ""amount"": 597.0, ""currency"": ""USD""}}"
1789044357,zt_auto_start,WLdZggdsR87QrXMh,20,poia-demo-bank,,,,zt_authenticator,,,,1789044357.359,,"{""scenario"": """", ""client_ts"": 1789044357.359}"
1789044357,intent_loaded,WLdZggdsR87QrXMh,20,poia-demo-bank,,,,zt_authenticator,,,,1789044357.358,,"{""scenario"": """", ""client_ts"": 1789044357.358}"
1789044357,pending_served,WLdZggdsR87QrXMh,20,poia-demo-bank,deposit,pending,,zt_authenticator,,1789044357,1789044417,,,
1789044359,pending_served,WLdZggdsR87QrXMh,20,poia-demo-bank,deposit,pending,,zt_authenticator,,1789044357,1789044417,,,
1789044360,intent_approve,WLdZggdsR87QrXMh,20,poia-demo-bank,deposit,approved,,zt_authenticator,3414,1789044357,1789044417,,,
1789044361,zt_status_approved,WLdZggdsR87QrXMh,20,poia-demo-bank,,approved,,zt_authenticator,,,,1789044361.923,,"{""scenario"": """", ""client_ts"": 1789044361.923, ""status"": ""approved""}"
1789044361,intent_execute,WLdZggdsR87QrXMh,20,poia-demo-bank,deposit,approved,,,,1789044357,1789044417,,,
1789044377,intent_created,9ZzStFyIfpQPQma5,20,poia-demo-bank,limit_change,pending,,,,1789044377,1789044437,,,"{""scope"": {""account_id"": 37, ""new_daily_limit"": 1000000.0}}"
1789044377,zt_auto_start,9ZzStFyIfpQPQma5,20,poia-demo-bank,,,,zt_authenticator,,,,1789044377.414,,"{""scenario"": """", ""client_ts"": 1789044377.414}"
1789044377,intent_loaded,9ZzStFyIfpQPQma5,20,poia-demo-bank,,,,zt_authenticator,,,,1789044377.413,,"{""scenario"": """", ""client_ts"": 1789044377.413}"
1789044377,pending_served,9ZzStFyIfpQPQma5,20,poia-demo-bank,limit_change,pending,,zt_authenticator,,1789044377,1789044437,,,
1789044379,pending_served,9ZzStFyIfpQPQma5,20,poia-demo-bank,limit_change,pending,,zt_authenticator,,1789044377,1789044437,,,
1789044383,intent_approve,9ZzStFyIfpQPQma5,20,poia-demo-bank,limit_change,approved,,zt_authenticator,5773,1789044377,1789044437,,,
1789044383,zt_status_approved,9ZzStFyIfpQPQma5,20,poia-demo-bank,,approved,,zt_authenticator,,,,1789044383.505,,"{""scenario"": """", ""client_ts"": 1789044383.505, ""status"": ""approved""}"
1789044383,intent_execute,9ZzStFyIfpQPQma5,20,poia-demo-bank,limit_change,approved,,,,1789044377,1789044437,,,
1789044401,intent_created,QUOD0eJTQr8Sz-8K,20,poia-demo-bank,withdrawal,pending,,,,1789044401,1789044461,,,"{""scope"": {""account_id"": 38, ""amount"": 7548.0, ""currency"": ""USD""}}"
1789044401,zt_auto_start,QUOD0eJTQr8Sz-8K,20,poia-demo-bank,,,,zt_authenticator,,,,1789044401.459,,"{""scenario"": """", ""client_ts"": 1789044401.459}"
1789044401,intent_loaded,QUOD0eJTQr8Sz-8K,20,poia-demo-bank,,,,zt_authenticator,,,,1789044401.459,,"{""scenario"": """", ""client_ts"": 1789044401.459}"
1789044401,pending_served,QUOD0eJTQr8Sz-8K,20,poia-demo-bank,withdrawal,pending,,zt_authenticator,,1789044401,1789044461,,,
1789044403,pending_served,QUOD0eJTQr8Sz-8K,20,poia-demo-bank,withdrawal,pending,,zt_authenticator,,1789044401,1789044461,,,
1789044405,intent_approve,QUOD0eJTQr8Sz-8K,20,poia-demo-bank,withdrawal,approved,,zt_authenticator,4307,1789044401,1789044461,,,
1789044406,zt_status_approved,QUOD0eJTQr8Sz-8K,20,poia-demo-bank,,approved,,zt_authenticator,,,,1789044406.025,,"{""scenario"": """", ""client_ts"": 1789044406.025, ""status"": ""approved""}"
1789044406,intent_execute,QUOD0eJTQr8Sz-8K,20,poia-demo-bank,withdrawal,approved,,,,1789044401,1789044461,,,
1789044417,intent_created,VqrUQePJnVTooocW,20,poia-demo-bank,deposit,pending,,,,1789044417,1789044477,,,"{""scope"": {""account_id"": 38, ""amount"": 346789.0, ""currency"": ""USD""}}"
1789044417,zt_auto_start,VqrUQePJnVTooocW,20,poia-demo-bank,,,,zt_authenticator,,,,1789044417.182,,"{""scenario"": """", ""client_ts"": 1789044417.182}"
1789044417,intent_loaded,VqrUQePJnVTooocW,20,poia-demo-bank,,,,zt_authenticator,,,,1789044417.181,,"{""scenario"": """", ""client_ts"": 1789044417.181}"
1789044417,pending_served,VqrUQePJnVTooocW,20,poia-demo-bank,deposit,pending,,zt_authenticator,,1789044417,1789044477,,,
1789044417,pending_served,VqrUQePJnVTooocW,20,poia-demo-bank,deposit,pending,,zt_authenticator,,1789044417,1789044477,,,
1789044419,intent_approve,VqrUQePJnVTooocW,20,poia-demo-bank,deposit,approved,,zt_authenticator,1847,1789044417,1789044477,,,
1789044420,zt_status_approved,VqrUQePJnVTooocW,20,poia-demo-bank,,approved,,zt_authenticator,,,,1789044420.229,,"{""scenario"": """", ""client_ts"": 1789044420.229, ""status"": ""approved""}"
1789044420,intent_execute,VqrUQePJnVTooocW,20,poia-demo-bank,deposit,approved,,,,1789044417,1789044477,,,
1789044429,intent_created,7GZszmTzwwsjJ_kk,20,poia-demo-bank,deposit,pending,,,,1789044429,1789044489,,,"{""scope"": {""account_id"": 37, ""amount"": 795459.0, ""currency"": ""USD""}}"
1789044429,zt_auto_start,7GZszmTzwwsjJ_kk,20,poia-demo-bank,,,,zt_authenticator,,,,1789044429.548,,"{""scenario"": """", ""client_ts"": 1789044429.548}"
1789044429,intent_loaded,7GZszmTzwwsjJ_kk,20,poia-demo-bank,,,,zt_authenticator,,,,1789044429.547,,"{""scenario"": """", ""client_ts"": 1789044429.547}"
1789044429,pending_served,7GZszmTzwwsjJ_kk,20,poia-demo-bank,deposit,pending,,zt_authenticator,,1789044429,1789044489,,,
1789044431,pending_served,7GZszmTzwwsjJ_kk,20,poia-demo-bank,deposit,pending,,zt_authenticator,,1789044429,1789044489,,,
1789044437,intent_approve,7GZszmTzwwsjJ_kk,20,poia-demo-bank,deposit,approved,,zt_authenticator,8006,1789044429,1789044489,,,
1789044438,zt_status_approved,7GZszmTzwwsjJ_kk,20,poia-demo-bank,,approved,,zt_authenticator,,,,1789044438.657,,"{""scenario"": """", ""client_ts"": 1789044438.657, ""status"": ""approved""}"
1789044438,intent_execute,7GZszmTzwwsjJ_kk,20,poia-demo-bank,deposit,approved,,,,1789044429,1789044489,,,
1789044445,intent_created,3WUXSjo7k28o8NNq,20,poia-demo-bank,deposit,pending,,,,1789044445,1789044505,,,"{""scope"": {""account_id"": 37, ""amount"": 7459.0, ""currency"": ""USD""}}"
1789044445,zt_auto_start,3WUXSjo7k28o8NNq,20,poia-demo-bank,,,,zt_authenticator,,,,1789044445.519,,"{""scenario"": """", ""client_ts"": 1789044445.519}"
1789044445,intent_loaded,3WUXSjo7k28o8NNq,20,poia-demo-bank,,,,zt_authenticator,,,,1789044445.519,,"{""scenario"": """", ""client_ts"": 1789044445.519}"
1789044445,pending_served,3WUXSjo7k28o8NNq,20,poia-demo-bank,deposit,pending,,zt_authenticator,,1789044445,1789044505,,,
1789044447,pending_served,3WUXSjo7k28o8NNq,20,poia-demo-bank,deposit,pending,,zt_authenticator,,1789044445,1789044505,,,
1789044448,intent_approve,3WUXSjo7k28o8NNq,20,poia-demo-bank,deposit,approved,,zt_authenticator,3360,1789044445,1789044505,,,
1789044450,zt_status_approved,3WUXSjo7k28o8NNq,20,poia-demo-bank,,approved,,zt_authenticator,,,,1789044450.084,,"{""scenario"": """", ""client_ts"": 1789044450.084, ""status"": ""approved""}"
1789044450,intent_execute,3WUXSjo7k28o8NNq,20,poia-demo-bank,deposit,approved,,,,1789044445,1789044505,,,
1789044462,intent_created,ov0bMczmrlEUXM0T,20,poia-demo-bank,deposit,pending,,,,1789044462,1789044522,,,"{""scope"": {""account_id"": 38, ""amount"": 863.0, ""currency"": ""USD""}}"
1789044462,zt_auto_start,ov0bMczmrlEUXM0T,20,poia-demo-bank,,,,zt_authenticator,,,,1789044462.251,,"{""scenario"": """", ""client_ts"": 1789044462.251}"
1789044462,intent_loaded,ov0bMczmrlEUXM0T,20,poia-demo-bank,,,,zt_authenticator,,,,1789044462.251,,"{""scenario"": """", ""client_ts"": 1789044462.251}"
1789044462,pending_served,ov0bMczmrlEUXM0T,20,poia-demo-bank,deposit,pending,,zt_authenticator,,1789044462,1789044522,,,
1789044463,pending_served,ov0bMczmrlEUXM0T,20,poia-demo-bank,deposit,pending,,zt_authenticator,,1789044462,1789044522,,,
1789044464,intent_approve,ov0bMczmrlEUXM0T,20,poia-demo-bank,deposit,approved,,zt_authenticator,2602,1789044462,1789044522,,,
1789044465,zt_status_approved,ov0bMczmrlEUXM0T,20,poia-demo-bank,,approved,,zt_authenticator,,,,1789044465.306,,"{""scenario"": """", ""client_ts"": 1789044465.306, ""status"": ""approved""}"
1789044465,intent_execute,ov0bMczmrlEUXM0T,20,poia-demo-bank,deposit,approved,,,,1789044462,1789044522,,,
1789044472,intent_created,VSpu-Tf_T6GblVBw,20,poia-demo-bank,deposit,pending,,,,1789044472,1789044532,,,"{""scope"": {""account_id"": 37, ""amount"": 9547.0, ""currency"": ""USD""}}"
1789044472,zt_auto_start,VSpu-Tf_T6GblVBw,20,poia-demo-bank,,,,zt_authenticator,,,,1789044472.436,,"{""scenario"": """", ""client_ts"": 1789044472.436}"
1789044472,intent_loaded,VSpu-Tf_T6GblVBw,20,poia-demo-bank,,,,zt_authenticator,,,,1789044472.435,,"{""scenario"": """", ""client_ts"": 1789044472.435}"
1789044472,pending_served,VSpu-Tf_T6GblVBw,20,poia-demo-bank,deposit,pending,,zt_authenticator,,1789044472,1789044532,,,
1789044473,pending_served,VSpu-Tf_T6GblVBw,20,poia-demo-bank,deposit,pending,,zt_authenticator,,1789044472,1789044532,,,
1789044474,intent_approve,VSpu-Tf_T6GblVBw,20,poia-demo-bank,deposit,approved,,zt_authenticator,2436,1789044472,1789044532,,,
1789044475,zt_status_approved,VSpu-Tf_T6GblVBw,20,poia-demo-bank,,approved,,zt_authenticator,,,,1789044475.49,,"{""scenario"": """", ""client_ts"": 1789044475.49, ""status"": ""approved""}"
1789044475,intent_execute,VSpu-Tf_T6GblVBw,20,poia-demo-bank,deposit,approved,,,,1789044472,1789044532,,,
1789044521,intent_created,5qwh0kVXCAyCylQK,20,poia-demo-bank,withdrawal,pending,,,,1789044521,1789044581,,,"{""scope"": {""account_id"": 37, ""amount"": 5675.0, ""currency"": ""USD""}}"
1789044521,zt_auto_start,5qwh0kVXCAyCylQK,20,poia-demo-bank,,,,zt_authenticator,,,,1789044521.756,,"{""scenario"": """", ""client_ts"": 1789044521.756}"
1789044521,intent_loaded,5qwh0kVXCAyCylQK,20,poia-demo-bank,,,,zt_authenticator,,,,1789044521.755,,"{""scenario"": """", ""client_ts"": 1789044521.755}"
1789044521,pending_served,5qwh0kVXCAyCylQK,20,poia-demo-bank,withdrawal,pending,,zt_authenticator,,1789044521,1789044581,,,
1789044523,pending_served,5qwh0kVXCAyCylQK,20,poia-demo-bank,withdrawal,pending,,zt_authenticator,,1789044521,1789044581,,,
1789044524,intent_approve,5qwh0kVXCAyCylQK,20,poia-demo-bank,withdrawal,approved,,zt_authenticator,3109,1789044521,1789044581,,,
1789044526,zt_status_approved,5qwh0kVXCAyCylQK,20,poia-demo-bank,,approved,,zt_authenticator,,,,1789044526.312,,"{""scenario"": """", ""client_ts"": 1789044526.312, ""status"": ""approved""}"
1789044526,intent_execute,5qwh0kVXCAyCylQK,20,poia-demo-bank,withdrawal,approved,,,,1789044521,1789044581,,,
1789045034,intent_created,MXzPkTB8E1DGGN3e,20,poia-demo-bank,deposit,pending,,,,1789045034,1789045094,,,"{""scope"": {""account_id"": 37, ""amount"": 83643.0, ""currency"": ""USD""}}"
1789045034,zt_auto_start,MXzPkTB8E1DGGN3e,20,poia-demo-bank,,,,zt_authenticator,,,,1789045034.911,,"{""scenario"": """", ""client_ts"": 1789045034.911}"
1789045034,intent_loaded,MXzPkTB8E1DGGN3e,20,poia-demo-bank,,,,zt_authenticator,,,,1789045034.911,,"{""scenario"": """", ""client_ts"": 1789045034.911}"
1789045034,pending_served,MXzPkTB8E1DGGN3e,20,poia-demo-bank,deposit,pending,,zt_authenticator,,1789045034,1789045094,,,
1789045035,pending_served,MXzPkTB8E1DGGN3e,20,poia-demo-bank,deposit,pending,,zt_authenticator,,1789045034,1789045094,,,
1789045037,intent_approve,MXzPkTB8E1DGGN3e,20,poia-demo-bank,deposit,approved,,zt_authenticator,2639,1789045034,1789045094,,,
1789045038,zt_status_approved,MXzPkTB8E1DGGN3e,20,poia-demo-bank,,approved,,zt_authenticator,,,,1789045037.971,,"{""scenario"": """", ""client_ts"": 1789045037.971, ""status"": ""approved""}"
1789045038,intent_execute,MXzPkTB8E1DGGN3e,20,poia-demo-bank,deposit,approved,,,,1789045034,1789045094,,,
1789046026,intent_created,qNqGjQuLbguRqR24,20,poia-demo-bank,transfer,pending,,,,1789046026,1789046086,,,"{""scope"": {""from_account"": 37, ""amount"": 6454.0, ""currency"": ""USD"", ""beneficiary_id"": 27, ""beneficiary_name"": ""Marina""}}"
1789046026,zt_auto_start,qNqGjQuLbguRqR24,20,poia-demo-bank,,,,zt_authenticator,,,,1789046026.984,,"{""scenario"": """", ""client_ts"": 1789046026.984}"
1789046026,intent_loaded,qNqGjQuLbguRqR24,20,poia-demo-bank,,,,zt_authenticator,,,,1789046026.984,,"{""scenario"": """", ""client_ts"": 1789046026.984}"
1789046027,pending_served,qNqGjQuLbguRqR24,20,poia-demo-bank,transfer,pending,,zt_authenticator,,1789046026,1789046086,,,
1789046027,pending_served,qNqGjQuLbguRqR24,20,poia-demo-bank,transfer,pending,,zt_authenticator,,1789046026,1789046086,,,
1789046040,intent_deny,qNqGjQuLbguRqR24,20,poia-demo-bank,transfer,denied,user_denied,zt_authenticator,,1789046026,1789046086,,,
1789046042,zt_status_denied,qNqGjQuLbguRqR24,20,poia-demo-bank,,denied,,zt_authenticator,,,,1789046042.156,,"{""scenario"": """", ""client_ts"": 1789046042.156, ""status"": ""denied""}"
1789046128,intent_created,0UiIO76CR9Xh2Xtz,28,poia-demo-bank,withdrawal,pending,,,,1789046128,1789046188,,,"{""scope"": {""account_id"": 43, ""amount"": 7656.0, ""currency"": ""USD""}}"
1789046128,intent_loaded,0UiIO76CR9Xh2Xtz,28,poia-demo-bank,,,,webauthn,,,,1789046128.385,,"{""scenario"": """", ""client_ts"": 1789046128.385}"
1789046128,passkey_begin,0UiIO76CR9Xh2Xtz,28,poia-demo-bank,withdrawal,ok,,webauthn,,1789046128,1789046188,,,
1789046134,intent_deny,0UiIO76CR9Xh2Xtz,28,poia-demo-bank,withdrawal,denied,user_cancelled,browser,,1789046128,1789046188,,,
1789046146,intent_created,D6sdOCSkqDAS2i8r,28,poia-demo-bank,transfer,pending,,,,1789046146,1789046206,,,"{""scope"": {""from_account"": 43, ""amount"": 476.0, ""currency"": ""USD"", ""beneficiary_id"": 22, ""beneficiary_name"": ""JJM Hofstede""}}"
1789046146,zt_auto_start,D6sdOCSkqDAS2i8r,28,poia-demo-bank,,,,zt_authenticator,,,,1789046146.319,,"{""scenario"": """", ""client_ts"": 1789046146.319}"
1789046146,intent_loaded,D6sdOCSkqDAS2i8r,28,poia-demo-bank,,,,zt_authenticator,,,,1789046146.319,,"{""scenario"": """", ""client_ts"": 1789046146.319}"
1789046146,pending_served,D6sdOCSkqDAS2i8r,28,poia-demo-bank,transfer,pending,,zt_authenticator,,1789046146,1789046206,,,
1789046147,pending_served,D6sdOCSkqDAS2i8r,28,poia-demo-bank,transfer,pending,,zt_authenticator,,1789046146,1789046206,,,
1789046149,intent_approve,D6sdOCSkqDAS2i8r,28,poia-demo-bank,transfer,approved,,zt_authenticator,2809,1789046146,1789046206,,,
1789046149,zt_status_approved,D6sdOCSkqDAS2i8r,28,poia-demo-bank,,approved,,zt_authenticator,,,,1789046149.368,,"{""scenario"": """", ""client_ts"": 1789046149.368, ""status"": ""approved""}"
1789046149,intent_execute,D6sdOCSkqDAS2i8r,28,poia-demo-bank,transfer,approved,,,,1789046146,1789046206,,,
1789046155,intent_created,gGq_mYtJbhg1KSQK,28,poia-demo-bank,deposit,pending,,,,1789046155,1789046215,,,"{""scope"": {""account_id"": 43, ""amount"": 47.0, ""currency"": ""USD""}}"
1789046155,zt_auto_start,gGq_mYtJbhg1KSQK,28,poia-demo-bank,,,,zt_authenticator,,,,1789046155.645,,"{""scenario"": """", ""client_ts"": 1789046155.645}"
1789046155,intent_loaded,gGq_mYtJbhg1KSQK,28,poia-demo-bank,,,,zt_authenticator,,,,1789046155.644,,"{""scenario"": """", ""client_ts"": 1789046155.644}"
1789046155,pending_served,gGq_mYtJbhg1KSQK,28,poia-demo-bank,deposit,pending,,zt_authenticator,,1789046155,1789046215,,,
1789046155,pending_served,gGq_mYtJbhg1KSQK,28,poia-demo-bank,deposit,pending,,zt_authenticator,,1789046155,1789046215,,,
1789046157,intent_approve,gGq_mYtJbhg1KSQK,28,poia-demo-bank,deposit,approved,,zt_authenticator,1603,1789046155,1789046215,,,
1789046158,zt_status_approved,gGq_mYtJbhg1KSQK,28,poia-demo-bank,,approved,,zt_authenticator,,,,1789046158.71,,"{""scenario"": """", ""client_ts"": 1789046158.71, ""status"": ""approved""}"
1789046158,intent_execute,gGq_mYtJbhg1KSQK,28,poia-demo-bank,deposit,approved,,,,1789046155,1789046215,,,
1789046165,intent_created,nD5KR8jZ9FqhuFWa,28,poia-demo-bank,withdrawal,pending,,,,1789046165,1789046225,,,"{""scope"": {""account_id"": 43, ""amount"": 654.0, ""currency"": ""USD""}}"
1789046165,zt_auto_start,nD5KR8jZ9FqhuFWa,28,poia-demo-bank,,,,zt_authenticator,,,,1789046165.623,,"{""scenario"": """", ""client_ts"": 1789046165.623}"
1789046165,intent_loaded,nD5KR8jZ9FqhuFWa,28,poia-demo-bank,,,,zt_authenticator,,,,1789046165.623,,"{""scenario"": """", ""client_ts"": 1789046165.623}"
1789046165,pending_served,nD5KR8jZ9FqhuFWa,28,poia-demo-bank,withdrawal,pending,,zt_authenticator,,1789046165,1789046225,,,
1789046165,pending_served,nD5KR8jZ9FqhuFWa,28,poia-demo-bank,withdrawal,pending,,zt_authenticator,,1789046165,1789046225,,,
1789046167,intent_approve,nD5KR8jZ9FqhuFWa,28,poia-demo-bank,withdrawal,approved,,zt_authenticator,1544,1789046165,1789046225,,,
1789046167,zt_status_approved,nD5KR8jZ9FqhuFWa,28,poia-demo-bank,,approved,,zt_authenticator,,,,1789046167.176,,"{""scenario"": """", ""client_ts"": 1789046167.176, ""status"": ""approved""}"
1789046167,intent_execute,nD5KR8jZ9FqhuFWa,28,poia-demo-bank,withdrawal,approved,,,,1789046165,1789046225,,,
1789046174,intent_created,yUNjji7Dq_qlInyy,28,poia-demo-bank,deposit,pending,,,,1789046174,1789046234,,,"{""scope"": {""account_id"": 43, ""amount"": 865.0, ""currency"": ""USD""}}"
1789046174,zt_auto_start,yUNjji7Dq_qlInyy,28,poia-demo-bank,,,,zt_authenticator,,,,1789046174.654,,"{""scenario"": """", ""client_ts"": 1789046174.654}"
1789046174,intent_loaded,yUNjji7Dq_qlInyy,28,poia-demo-bank,,,,zt_authenticator,,,,1789046174.653,,"{""scenario"": """", ""client_ts"": 1789046174.653}"
1789046174,pending_served,yUNjji7Dq_qlInyy,28,poia-demo-bank,deposit,pending,,zt_authenticator,,1789046174,1789046234,,,
1789046175,pending_served,yUNjji7Dq_qlInyy,28,poia-demo-bank,deposit,pending,,zt_authenticator,,1789046174,1789046234,,,
1789046176,intent_approve,yUNjji7Dq_qlInyy,28,poia-demo-bank,deposit,approved,,zt_authenticator,1747,1789046174,1789046234,,,
1789046177,zt_status_approved,yUNjji7Dq_qlInyy,28,poia-demo-bank,,approved,,zt_authenticator,,,,1789046177.699,,"{""scenario"": """", ""client_ts"": 1789046177.699, ""status"": ""approved""}"
1789046177,intent_execute,yUNjji7Dq_qlInyy,28,poia-demo-bank,deposit,approved,,,,1789046174,1789046234,,,
1789046186,intent_created,quciXSofHXaIc9Qg,28,poia-demo-bank,deposit,pending,,,,1789046186,1789046246,,,"{""scope"": {""account_id"": 43, ""amount"": 678.0, ""currency"": ""USD""}}"
1789046186,zt_auto_start,quciXSofHXaIc9Qg,28,poia-demo-bank,,,,zt_authenticator,,,,1789046186.779,,"{""scenario"": """", ""client_ts"": 1789046186.779}"
1789046186,intent_loaded,quciXSofHXaIc9Qg,28,poia-demo-bank,,,,zt_authenticator,,,,1789046186.779,,"{""scenario"": """", ""client_ts"": 1789046186.779}"
1789046186,pending_served,quciXSofHXaIc9Qg,28,poia-demo-bank,deposit,pending,,zt_authenticator,,1789046186,1789046246,,,
1789046187,pending_served,quciXSofHXaIc9Qg,28,poia-demo-bank,deposit,pending,,zt_authenticator,,1789046186,1789046246,,,
1789046188,intent_approve,quciXSofHXaIc9Qg,28,poia-demo-bank,deposit,approved,,zt_authenticator,2100,1789046186,1789046246,,,
1789046189,zt_status_approved,quciXSofHXaIc9Qg,28,poia-demo-bank,,approved,,zt_authenticator,,,,1789046189.831,,"{""scenario"": """", ""client_ts"": 1789046189.831, ""status"": ""approved""}"
1789046189,intent_execute,quciXSofHXaIc9Qg,28,poia-demo-bank,deposit,approved,,,,1789046186,1789046246,,,
1789046199,intent_created,B17e_1ij7yr6YxBj,28,poia-demo-bank,withdrawal,pending,,,,1789046199,1789046259,,,"{""scope"": {""account_id"": 43, ""amount"": 34567.0, ""currency"": ""USD""}}"
1789046199,zt_auto_start,B17e_1ij7yr6YxBj,28,poia-demo-bank,,,,zt_authenticator,,,,1789046199.811,,"{""scenario"": """", ""client_ts"": 1789046199.811}"
1789046199,intent_loaded,B17e_1ij7yr6YxBj,28,poia-demo-bank,,,,zt_authenticator,,,,1789046199.811,,"{""scenario"": """", ""client_ts"": 1789046199.811}"
1789046199,pending_served,B17e_1ij7yr6YxBj,28,poia-demo-bank,withdrawal,pending,,zt_authenticator,,1789046199,1789046259,,,
1789046201,pending_served,B17e_1ij7yr6YxBj,28,poia-demo-bank,withdrawal,pending,,zt_authenticator,,1789046199,1789046259,,,
1789046203,intent_approve,B17e_1ij7yr6YxBj,28,poia-demo-bank,withdrawal,approved,,zt_authenticator,3404,1789046199,1789046259,,,
1789046204,zt_status_approved,B17e_1ij7yr6YxBj,28,poia-demo-bank,,approved,,zt_authenticator,,,,1789046204.37,,"{""scenario"": """", ""client_ts"": 1789046204.37, ""status"": ""approved""}"
1789046204,intent_execute,B17e_1ij7yr6YxBj,28,poia-demo-bank,withdrawal,approved,,,,1789046199,1789046259,,,
1789046210,intent_created,7LfVoexB7ni_d2Xs,28,poia-demo-bank,deposit,pending,,,,1789046210,1789046270,,,"{""scope"": {""account_id"": 43, ""amount"": 6555.0, ""currency"": ""USD""}}"
1789046210,zt_auto_start,7LfVoexB7ni_d2Xs,28,poia-demo-bank,,,,zt_authenticator,,,,1789046210.411,,"{""scenario"": """", ""client_ts"": 1789046210.411}"
1789046210,intent_loaded,7LfVoexB7ni_d2Xs,28,poia-demo-bank,,,,zt_authenticator,,,,1789046210.411,,"{""scenario"": """", ""client_ts"": 1789046210.411}"
1789046210,pending_served,7LfVoexB7ni_d2Xs,28,poia-demo-bank,deposit,pending,,zt_authenticator,,1789046210,1789046270,,,
1789046211,pending_served,7LfVoexB7ni_d2Xs,28,poia-demo-bank,deposit,pending,,zt_authenticator,,1789046210,1789046270,,,
1789046213,intent_approve,7LfVoexB7ni_d2Xs,28,poia-demo-bank,deposit,approved,,zt_authenticator,2756,1789046210,1789046270,,,
1789046213,zt_status_approved,7LfVoexB7ni_d2Xs,28,poia-demo-bank,,approved,,zt_authenticator,,,,1789046213.466,,"{""scenario"": """", ""client_ts"": 1789046213.466, ""status"": ""approved""}"
1789046213,intent_execute,7LfVoexB7ni_d2Xs,28,poia-demo-bank,deposit,approved,,,,1789046210,1789046270,,,
1789046221,intent_created,5pML6-Lv0F5kAXYG,28,poia-demo-bank,withdrawal,pending,,,,1789046221,1789046281,,,"{""scope"": {""account_id"": 43, ""amount"": 56.0, ""currency"": ""USD""}}"
1789046221,zt_auto_start,5pML6-Lv0F5kAXYG,28,poia-demo-bank,,,,zt_authenticator,,,,1789046221.309,,"{""scenario"": """", ""client_ts"": 1789046221.309}"
1789046221,intent_loaded,5pML6-Lv0F5kAXYG,28,poia-demo-bank,,,,zt_authenticator,,,,1789046221.309,,"{""scenario"": """", ""client_ts"": 1789046221.309}"
1789046221,pending_served,5pML6-Lv0F5kAXYG,28,poia-demo-bank,withdrawal,pending,,zt_authenticator,,1789046221,1789046281,,,
1789046221,pending_served,5pML6-Lv0F5kAXYG,28,poia-demo-bank,withdrawal,pending,,zt_authenticator,,1789046221,1789046281,,,
1789046222,intent_approve,5pML6-Lv0F5kAXYG,28,poia-demo-bank,withdrawal,approved,,zt_authenticator,1648,1789046221,1789046281,,,
1789046224,zt_status_approved,5pML6-Lv0F5kAXYG,28,poia-demo-bank,,approved,,zt_authenticator,,,,1789046224.372,,"{""scenario"": """", ""client_ts"": 1789046224.372, ""status"": ""approved""}"
1789046224,intent_execute,5pML6-Lv0F5kAXYG,28,poia-demo-bank,withdrawal,approved,,,,1789046221,1789046281,,,
1789046230,intent_created,QcYCq0R5zcsjkRtC,28,poia-demo-bank,deposit,pending,,,,1789046230,1789046290,,,"{""scope"": {""account_id"": 43, ""amount"": 987.0, ""currency"": ""USD""}}"
1789046230,zt_auto_start,QcYCq0R5zcsjkRtC,28,poia-demo-bank,,,,zt_authenticator,,,,1789046230.586,,"{""scenario"": """", ""client_ts"": 1789046230.586}"
1789046230,intent_loaded,QcYCq0R5zcsjkRtC,28,poia-demo-bank,,,,zt_authenticator,,,,1789046230.586,,"{""scenario"": """", ""client_ts"": 1789046230.586}"
1789046230,pending_served,QcYCq0R5zcsjkRtC,28,poia-demo-bank,deposit,pending,,zt_authenticator,,1789046230,1789046290,,,
1789046231,pending_served,QcYCq0R5zcsjkRtC,28,poia-demo-bank,deposit,pending,,zt_authenticator,,1789046230,1789046290,,,
1789046233,intent_approve,QcYCq0R5zcsjkRtC,28,poia-demo-bank,deposit,approved,,zt_authenticator,2512,1789046230,1789046290,,,
1789046233,zt_status_approved,QcYCq0R5zcsjkRtC,28,poia-demo-bank,,approved,,zt_authenticator,,,,1789046233.638,,"{""scenario"": """", ""client_ts"": 1789046233.638, ""status"": ""approved""}"
1789046233,intent_execute,QcYCq0R5zcsjkRtC,28,poia-demo-bank,deposit,approved,,,,1789046230,1789046290,,,
1789046240,intent_created,4vWPUkx-qAEEa77A,28,poia-demo-bank,withdrawal,pending,,,,1789046240,1789046300,,,"{""scope"": {""account_id"": 43, ""amount"": 3456.0, ""currency"": ""USD""}}"
1789046241,zt_auto_start,4vWPUkx-qAEEa77A,28,poia-demo-bank,,,,zt_authenticator,,,,1789046241.021,,"{""scenario"": """", ""client_ts"": 1789046241.021}"
1789046241,intent_loaded,4vWPUkx-qAEEa77A,28,poia-demo-bank,,,,zt_authenticator,,,,1789046241.021,,"{""scenario"": """", ""client_ts"": 1789046241.021}"
1789046241,pending_served,4vWPUkx-qAEEa77A,28,poia-demo-bank,withdrawal,pending,,zt_authenticator,,1789046240,1789046300,,,
1789046241,pending_served,4vWPUkx-qAEEa77A,28,poia-demo-bank,withdrawal,pending,,zt_authenticator,,1789046240,1789046300,,,
1789046245,intent_approve,4vWPUkx-qAEEa77A,28,poia-demo-bank,withdrawal,approved,,zt_authenticator,4195,1789046240,1789046300,,,
1789046245,zt_status_approved,4vWPUkx-qAEEa77A,28,poia-demo-bank,,approved,,zt_authenticator,,,,1789046245.595,,"{""scenario"": """", ""client_ts"": 1789046245.595, ""status"": ""approved""}"
1789046245,intent_execute,4vWPUkx-qAEEa77A,28,poia-demo-bank,withdrawal,approved,,,,1789046240,1789046300,,,
1789046252,intent_created,5-YQ6kdorjMg-h0R,28,poia-demo-bank,deposit,pending,,,,1789046252,1789046312,,,"{""scope"": {""account_id"": 43, ""amount"": 4568.0, ""currency"": ""USD""}}"
1789046252,zt_auto_start,5-YQ6kdorjMg-h0R,28,poia-demo-bank,,,,zt_authenticator,,,,1789046252.773,,"{""scenario"": """", ""client_ts"": 1789046252.773}"
1789046252,intent_loaded,5-YQ6kdorjMg-h0R,28,poia-demo-bank,,,,zt_authenticator,,,,1789046252.773,,"{""scenario"": """", ""client_ts"": 1789046252.773}"
1789046252,pending_served,5-YQ6kdorjMg-h0R,28,poia-demo-bank,deposit,pending,,zt_authenticator,,1789046252,1789046312,,,
1789046253,pending_served,5-YQ6kdorjMg-h0R,28,poia-demo-bank,deposit,pending,,zt_authenticator,,1789046252,1789046312,,,
1789046254,intent_approve,5-YQ6kdorjMg-h0R,28,poia-demo-bank,deposit,approved,,zt_authenticator,2244,1789046252,1789046312,,,
1789046255,zt_status_approved,5-YQ6kdorjMg-h0R,28,poia-demo-bank,,approved,,zt_authenticator,,,,1789046255.827,,"{""scenario"": """", ""client_ts"": 1789046255.827, ""status"": ""approved""}"
1789046255,intent_execute,5-YQ6kdorjMg-h0R,28,poia-demo-bank,deposit,approved,,,,1789046252,1789046312,,,
1789046262,intent_created,JEirAj6tOg9Ria19,28,poia-demo-bank,deposit,pending,,,,1789046262,1789046322,,,"{""scope"": {""account_id"": 43, ""amount"": 3465.0, ""currency"": ""USD""}}"
1789046262,zt_auto_start,JEirAj6tOg9Ria19,28,poia-demo-bank,,,,zt_authenticator,,,,1789046262.121,,"{""scenario"": """", ""client_ts"": 1789046262.121}"
1789046262,intent_loaded,JEirAj6tOg9Ria19,28,poia-demo-bank,,,,zt_authenticator,,,,1789046262.12,,"{""scenario"": """", ""client_ts"": 1789046262.12}"
1789046262,pending_served,JEirAj6tOg9Ria19,28,poia-demo-bank,deposit,pending,,zt_authenticator,,1789046262,1789046322,,,
1789046263,pending_served,JEirAj6tOg9Ria19,28,poia-demo-bank,deposit,pending,,zt_authenticator,,1789046262,1789046322,,,
1789046264,intent_approve,JEirAj6tOg9Ria19,28,poia-demo-bank,deposit,approved,,zt_authenticator,2457,1789046262,1789046322,,,
1789046265,zt_status_approved,JEirAj6tOg9Ria19,28,poia-demo-bank,,approved,,zt_authenticator,,,,1789046265.168,,"{""scenario"": """", ""client_ts"": 1789046265.168, ""status"": ""approved""}"
1789046265,intent_execute,JEirAj6tOg9Ria19,28,poia-demo-bank,deposit,approved,,,,1789046262,1789046322,,,
1789046271,intent_created,XXljhM46LeuZkD1n,28,poia-demo-bank,deposit,pending,,,,1789046271,1789046331,,,"{""scope"": {""account_id"": 43, ""amount"": 858.0, ""currency"": ""USD""}}"
1789046271,zt_auto_start,XXljhM46LeuZkD1n,28,poia-demo-bank,,,,zt_authenticator,,,,1789046271.346,,"{""scenario"": """", ""client_ts"": 1789046271.346}"
1789046271,intent_loaded,XXljhM46LeuZkD1n,28,poia-demo-bank,,,,zt_authenticator,,,,1789046271.346,,"{""scenario"": """", ""client_ts"": 1789046271.346}"
1789046271,pending_served,XXljhM46LeuZkD1n,28,poia-demo-bank,deposit,pending,,zt_authenticator,,1789046271,1789046331,,,
1789046271,pending_served,XXljhM46LeuZkD1n,28,poia-demo-bank,deposit,pending,,zt_authenticator,,1789046271,1789046331,,,
1789046273,intent_approve,XXljhM46LeuZkD1n,28,poia-demo-bank,deposit,approved,,zt_authenticator,1782,1789046271,1789046331,,,
1789046274,zt_status_approved,XXljhM46LeuZkD1n,28,poia-demo-bank,,approved,,zt_authenticator,,,,1789046274.413,,"{""scenario"": """", ""client_ts"": 1789046274.413, ""status"": ""approved""}"
1789046274,intent_execute,XXljhM46LeuZkD1n,28,poia-demo-bank,deposit,approved,,,,1789046271,1789046331,,,
1789046280,intent_created,_L2X16okIGMYIrPR,28,poia-demo-bank,deposit,pending,,,,1789046280,1789046340,,,"{""scope"": {""account_id"": 43, ""amount"": 436.0, ""currency"": ""USD""}}"
1789046280,zt_auto_start,_L2X16okIGMYIrPR,28,poia-demo-bank,,,,zt_authenticator,,,,1789046280.773,,"{""scenario"": """", ""client_ts"": 1789046280.773}"
1789046280,intent_loaded,_L2X16okIGMYIrPR,28,poia-demo-bank,,,,zt_authenticator,,,,1789046280.772,,"{""scenario"": """", ""client_ts"": 1789046280.772}"
1789046280,pending_served,_L2X16okIGMYIrPR,28,poia-demo-bank,deposit,pending,,zt_authenticator,,1789046280,1789046340,,,
1789046281,pending_served,_L2X16okIGMYIrPR,28,poia-demo-bank,deposit,pending,,zt_authenticator,,1789046280,1789046340,,,
1789046283,intent_approve,_L2X16okIGMYIrPR,28,poia-demo-bank,deposit,approved,,zt_authenticator,2419,1789046280,1789046340,,,
1789046283,zt_status_approved,_L2X16okIGMYIrPR,28,poia-demo-bank,,approved,,zt_authenticator,,,,1789046283.825,,"{""scenario"": """", ""client_ts"": 1789046283.825, ""status"": ""approved""}"
1789046283,intent_execute,_L2X16okIGMYIrPR,28,poia-demo-bank,deposit,approved,,,,1789046280,1789046340,,,
1789046290,intent_created,-d0qmYQeRn3xFg2X,28,poia-demo-bank,withdrawal,pending,,,,1789046290,1789046350,,,"{""scope"": {""account_id"": 43, ""amount"": 1234567.0, ""currency"": ""USD""}}"
1789046290,zt_auto_start,-d0qmYQeRn3xFg2X,28,poia-demo-bank,,,,zt_authenticator,,,,1789046290.788,,"{""scenario"": """", ""client_ts"": 1789046290.788}"
1789046290,intent_loaded,-d0qmYQeRn3xFg2X,28,poia-demo-bank,,,,zt_authenticator,,,,1789046290.787,,"{""scenario"": """", ""client_ts"": 1789046290.787}"
1789046290,pending_served,-d0qmYQeRn3xFg2X,28,poia-demo-bank,withdrawal,pending,,zt_authenticator,,1789046290,1789046350,,,
1789046291,pending_served,-d0qmYQeRn3xFg2X,28,poia-demo-bank,withdrawal,pending,,zt_authenticator,,1789046290,1789046350,,,
1789046293,intent_approve,-d0qmYQeRn3xFg2X,28,poia-demo-bank,withdrawal,approved,,zt_authenticator,2451,1789046290,1789046350,,,
1789046293,zt_status_approved,-d0qmYQeRn3xFg2X,28,poia-demo-bank,,approved,,zt_authenticator,,,,1789046293.836,,"{""scenario"": """", ""client_ts"": 1789046293.836, ""status"": ""approved""}"
1789046293,intent_execute,-d0qmYQeRn3xFg2X,28,poia-demo-bank,withdrawal,approved,,,,1789046290,1789046350,,,
1789046301,intent_created,IwhUwIvCUhLU8ZXB,28,poia-demo-bank,withdrawal,pending,,,,1789046301,1789046361,,,"{""scope"": {""account_id"": 43, ""amount"": 354647.0, ""currency"": ""USD""}}"
1789046301,zt_auto_start,IwhUwIvCUhLU8ZXB,28,poia-demo-bank,,,,zt_authenticator,,,,1789046301.469,,"{""scenario"": """", ""client_ts"": 1789046301.469}"
1789046301,intent_loaded,IwhUwIvCUhLU8ZXB,28,poia-demo-bank,,,,zt_authenticator,,,,1789046301.468,,"{""scenario"": """", ""client_ts"": 1789046301.468}"
1789046301,pending_served,IwhUwIvCUhLU8ZXB,28,poia-demo-bank,withdrawal,pending,,zt_authenticator,,1789046301,1789046361,,,
1789046301,pending_served,IwhUwIvCUhLU8ZXB,28,poia-demo-bank,withdrawal,pending,,zt_authenticator,,1789046301,1789046361,,,
1789046303,intent_approve,IwhUwIvCUhLU8ZXB,28,poia-demo-bank,withdrawal,approved,,zt_authenticator,1697,1789046301,1789046361,,,
1789046304,zt_status_approved,IwhUwIvCUhLU8ZXB,28,poia-demo-bank,,approved,,zt_authenticator,,,,1789046304.533,,"{""scenario"": """", ""client_ts"": 1789046304.533, ""status"": ""approved""}"
1789046304,intent_execute,IwhUwIvCUhLU8ZXB,28,poia-demo-bank,withdrawal,approved,,,,1789046301,1789046361,,,
1789046309,intent_created,76PRZXENiruvtn6s,28,poia-demo-bank,deposit,pending,,,,1789046309,1789046369,,,"{""scope"": {""account_id"": 43, ""amount"": 87698.0, ""currency"": ""USD""}}"
1789046309,zt_auto_start,76PRZXENiruvtn6s,28,poia-demo-bank,,,,zt_authenticator,,,,1789046309.797,,"{""scenario"": """", ""client_ts"": 1789046309.797}"
1789046309,intent_loaded,76PRZXENiruvtn6s,28,poia-demo-bank,,,,zt_authenticator,,,,1789046309.796,,"{""scenario"": """", ""client_ts"": 1789046309.796}"
1789046309,pending_served,76PRZXENiruvtn6s,28,poia-demo-bank,deposit,pending,,zt_authenticator,,1789046309,1789046369,,,
1789046311,pending_served,76PRZXENiruvtn6s,28,poia-demo-bank,deposit,pending,,zt_authenticator,,1789046309,1789046369,,,
1789046313,intent_approve,76PRZXENiruvtn6s,28,poia-demo-bank,deposit,approved,,zt_authenticator,3392,1789046309,1789046369,,,
1789046314,zt_status_approved,76PRZXENiruvtn6s,28,poia-demo-bank,,approved,,zt_authenticator,,,,1789046314.367,,"{""scenario"": """", ""client_ts"": 1789046314.367, ""status"": ""approved""}"
1789046314,intent_execute,76PRZXENiruvtn6s,28,poia-demo-bank,deposit,approved,,,,1789046309,1789046369,,,
1789046320,intent_created,8Aoiu3jpLCO5qG86,28,poia-demo-bank,deposit,pending,,,,1789046320,1789046380,,,"{""scope"": {""account_id"": 43, ""amount"": 8769.0, ""currency"": ""USD""}}"
1789046320,zt_auto_start,8Aoiu3jpLCO5qG86,28,poia-demo-bank,,,,zt_authenticator,,,,1789046320.723,,"{""scenario"": """", ""client_ts"": 1789046320.723}"
1789046320,intent_loaded,8Aoiu3jpLCO5qG86,28,poia-demo-bank,,,,zt_authenticator,,,,1789046320.722,,"{""scenario"": """", ""client_ts"": 1789046320.722}"
1789046320,pending_served,8Aoiu3jpLCO5qG86,28,poia-demo-bank,deposit,pending,,zt_authenticator,,1789046320,1789046380,,,
1789046321,pending_served,8Aoiu3jpLCO5qG86,28,poia-demo-bank,deposit,pending,,zt_authenticator,,1789046320,1789046380,,,
1789046322,intent_approve,8Aoiu3jpLCO5qG86,28,poia-demo-bank,deposit,approved,,zt_authenticator,2172,1789046320,1789046380,,,
1789046323,zt_status_approved,8Aoiu3jpLCO5qG86,28,poia-demo-bank,,approved,,zt_authenticator,,,,1789046323.779,,"{""scenario"": """", ""client_ts"": 1789046323.779, ""status"": ""approved""}"
1789046323,intent_execute,8Aoiu3jpLCO5qG86,28,poia-demo-bank,deposit,approved,,,,1789046320,1789046380,,,
1789046329,intent_created,Z_vhIvZRZgSyCijG,28,poia-demo-bank,statement_export,pending,,,,1789046329,1789046389,,,"{""scope"": {""account_id"": """", ""txn_type"": """", ""date_from"": """", ""date_to"": """"}}"
1789046329,zt_auto_start,Z_vhIvZRZgSyCijG,28,poia-demo-bank,,,,zt_authenticator,,,,1789046329.139,,"{""scenario"": """", ""client_ts"": 1789046329.139}"
1789046329,intent_loaded,Z_vhIvZRZgSyCijG,28,poia-demo-bank,,,,zt_authenticator,,,,1789046329.138,,"{""scenario"": """", ""client_ts"": 1789046329.138}"
1789046329,pending_served,Z_vhIvZRZgSyCijG,28,poia-demo-bank,statement_export,pending,,zt_authenticator,,1789046329,1789046389,,,
1789046329,pending_served,Z_vhIvZRZgSyCijG,28,poia-demo-bank,statement_export,pending,,zt_authenticator,,1789046329,1789046389,,,
1789046331,intent_approve,Z_vhIvZRZgSyCijG,28,poia-demo-bank,statement_export,approved,,zt_authenticator,2693,1789046329,1789046389,,,
1789046332,zt_status_approved,Z_vhIvZRZgSyCijG,28,poia-demo-bank,,approved,,zt_authenticator,,,,1789046332.201,,"{""scenario"": """", ""client_ts"": 1789046332.201, ""status"": ""approved""}"
1789046332,intent_execute,Z_vhIvZRZgSyCijG,28,poia-demo-bank,statement_export,approved,,,,1789046329,1789046389,,,
1789046351,intent_created,_ejMYKFjkYG0z9c8,28,poia-demo-bank,limit_change,pending,,,,1789046351,1789046411,,,"{""scope"": {""account_id"": 44, ""new_daily_limit"": 1000000.0}}"
1789046351,zt_auto_start,_ejMYKFjkYG0z9c8,28,poia-demo-bank,,,,zt_authenticator,,,,1789046351.756,,"{""scenario"": """", ""client_ts"": 1789046351.756}"
1789046351,intent_loaded,_ejMYKFjkYG0z9c8,28,poia-demo-bank,,,,zt_authenticator,,,,1789046351.756,,"{""scenario"": """", ""client_ts"": 1789046351.756}"
1789046351,pending_served,_ejMYKFjkYG0z9c8,28,poia-demo-bank,limit_change,pending,,zt_authenticator,,1789046351,1789046411,,,
1789046353,pending_served,_ejMYKFjkYG0z9c8,28,poia-demo-bank,limit_change,pending,,zt_authenticator,,1789046351,1789046411,,,
1789046355,intent_approve,_ejMYKFjkYG0z9c8,28,poia-demo-bank,limit_change,approved,,zt_authenticator,3991,1789046351,1789046411,,,
1789046356,zt_status_approved,_ejMYKFjkYG0z9c8,28,poia-demo-bank,,approved,,zt_authenticator,,,,1789046356.327,,"{""scenario"": """", ""client_ts"": 1789046356.327, ""status"": ""approved""}"
1789046356,intent_execute,_ejMYKFjkYG0z9c8,28,poia-demo-bank,limit_change,approved,,,,1789046351,1789046411,,,
1789046381,intent_created,mj72APHOwhxgae-V,28,poia-demo-bank,limit_change,pending,,,,1789046381,1789046441,,,"{""scope"": {""account_id"": 43, ""new_daily_limit"": 1000000.0}}"
1789046381,zt_auto_start,mj72APHOwhxgae-V,28,poia-demo-bank,,,,zt_authenticator,,,,1789046381.871,,"{""scenario"": """", ""client_ts"": 1789046381.871}"
1789046381,intent_loaded,mj72APHOwhxgae-V,28,poia-demo-bank,,,,zt_authenticator,,,,1789046381.87,,"{""scenario"": """", ""client_ts"": 1789046381.87}"
1789046381,pending_served,mj72APHOwhxgae-V,28,poia-demo-bank,limit_change,pending,,zt_authenticator,,1789046381,1789046441,,,
1789046383,pending_served,mj72APHOwhxgae-V,28,poia-demo-bank,limit_change,pending,,zt_authenticator,,1789046381,1789046441,,,
1789046385,intent_approve,mj72APHOwhxgae-V,28,poia-demo-bank,limit_change,approved,,zt_authenticator,3293,1789046381,1789046441,,,
1789046386,zt_status_approved,mj72APHOwhxgae-V,28,poia-demo-bank,,approved,,zt_authenticator,,,,1789046386.437,,"{""scenario"": """", ""client_ts"": 1789046386.437, ""status"": ""approved""}"
1789046386,intent_execute,mj72APHOwhxgae-V,28,poia-demo-bank,limit_change,approved,,,,1789046381,1789046441,,,
1789046393,intent_created,FeUJmfCRRTWfvSyc,28,poia-demo-bank,deposit,pending,,,,1789046393,1789046453,,,"{""scope"": {""account_id"": 43, ""amount"": 586.0, ""currency"": ""USD""}}"
1789046393,zt_auto_start,FeUJmfCRRTWfvSyc,28,poia-demo-bank,,,,zt_authenticator,,,,1789046393.073,,"{""scenario"": """", ""client_ts"": 1789046393.073}"
1789046393,intent_loaded,FeUJmfCRRTWfvSyc,28,poia-demo-bank,,,,zt_authenticator,,,,1789046393.073,,"{""scenario"": """", ""client_ts"": 1789046393.073}"
1789046393,pending_served,FeUJmfCRRTWfvSyc,28,poia-demo-bank,deposit,pending,,zt_authenticator,,1789046393,1789046453,,,
1789046393,pending_served,FeUJmfCRRTWfvSyc,28,poia-demo-bank,deposit,pending,,zt_authenticator,,1789046393,1789046453,,,
1789046395,intent_approve,FeUJmfCRRTWfvSyc,28,poia-demo-bank,deposit,approved,,zt_authenticator,2017,1789046393,1789046453,,,
1789046396,zt_status_approved,FeUJmfCRRTWfvSyc,28,poia-demo-bank,,approved,,zt_authenticator,,,,1789046396.125,,"{""scenario"": """", ""client_ts"": 1789046396.125, ""status"": ""approved""}"
1789046396,intent_execute,FeUJmfCRRTWfvSyc,28,poia-demo-bank,deposit,approved,,,,1789046393,1789046453,,,
1789046400,intent_created,nUGt_OTv-44qf29e,28,poia-demo-bank,deposit,pending,,,,1789046400,1789046460,,,"{""scope"": {""account_id"": 43, ""amount"": 3547.0, ""currency"": ""USD""}}"
1789046400,zt_auto_start,nUGt_OTv-44qf29e,28,poia-demo-bank,,,,zt_authenticator,,,,1789046400.676,,"{""scenario"": """", ""client_ts"": 1789046400.676}"
1789046400,intent_loaded,nUGt_OTv-44qf29e,28,poia-demo-bank,,,,zt_authenticator,,,,1789046400.676,,"{""scenario"": """", ""client_ts"": 1789046400.676}"
1789046400,pending_served,nUGt_OTv-44qf29e,28,poia-demo-bank,deposit,pending,,zt_authenticator,,1789046400,1789046460,,,
1789046401,pending_served,nUGt_OTv-44qf29e,28,poia-demo-bank,deposit,pending,,zt_authenticator,,1789046400,1789046460,,,
1789046403,intent_approve,nUGt_OTv-44qf29e,28,poia-demo-bank,deposit,approved,,zt_authenticator,2602,1789046400,1789046460,,,
1789046403,zt_status_approved,nUGt_OTv-44qf29e,28,poia-demo-bank,,approved,,zt_authenticator,,,,1789046403.729,,"{""scenario"": """", ""client_ts"": 1789046403.729, ""status"": ""approved""}"
1789046403,intent_execute,nUGt_OTv-44qf29e,28,poia-demo-bank,deposit,approved,,,,1789046400,1789046460,,,
1789046411,intent_created,Xaq5kkGoauwk9hds,28,poia-demo-bank,deposit,pending,,,,1789046411,1789046471,,,"{""scope"": {""account_id"": 43, ""amount"": 5467.0, ""currency"": ""USD""}}"
1789046411,zt_auto_start,Xaq5kkGoauwk9hds,28,poia-demo-bank,,,,zt_authenticator,,,,1789046411.868,,"{""scenario"": """", ""client_ts"": 1789046411.868}"
1789046411,intent_loaded,Xaq5kkGoauwk9hds,28,poia-demo-bank,,,,zt_authenticator,,,,1789046411.868,,"{""scenario"": """", ""client_ts"": 1789046411.868}"
1789046411,pending_served,Xaq5kkGoauwk9hds,28,poia-demo-bank,deposit,pending,,zt_authenticator,,1789046411,1789046471,,,
1789046413,pending_served,Xaq5kkGoauwk9hds,28,poia-demo-bank,deposit,pending,,zt_authenticator,,1789046411,1789046471,,,
1789046415,intent_approve,Xaq5kkGoauwk9hds,28,poia-demo-bank,deposit,approved,,zt_authenticator,3295,1789046411,1789046471,,,
1789046416,zt_status_approved,Xaq5kkGoauwk9hds,28,poia-demo-bank,,approved,,zt_authenticator,,,,1789046416.442,,"{""scenario"": """", ""client_ts"": 1789046416.442, ""status"": ""approved""}"
1789046416,intent_execute,Xaq5kkGoauwk9hds,28,poia-demo-bank,deposit,approved,,,,1789046411,1789046471,,,
1789046422,intent_created,NAWyl1qU3hvthbuU,28,poia-demo-bank,deposit,pending,,,,1789046422,1789046482,,,"{""scope"": {""account_id"": 43, ""amount"": 3453.0, ""currency"": ""USD""}}"
1789046422,zt_auto_start,NAWyl1qU3hvthbuU,28,poia-demo-bank,,,,zt_authenticator,,,,1789046422.068,,"{""scenario"": """", ""client_ts"": 1789046422.068}"
1789046422,intent_loaded,NAWyl1qU3hvthbuU,28,poia-demo-bank,,,,zt_authenticator,,,,1789046422.068,,"{""scenario"": """", ""client_ts"": 1789046422.068}"
1789046422,pending_served,NAWyl1qU3hvthbuU,28,poia-demo-bank,deposit,pending,,zt_authenticator,,1789046422,1789046482,,,
1789046423,pending_served,NAWyl1qU3hvthbuU,28,poia-demo-bank,deposit,pending,,zt_authenticator,,1789046422,1789046482,,,
1789046425,intent_approve,NAWyl1qU3hvthbuU,28,poia-demo-bank,deposit,approved,,zt_authenticator,3220,1789046422,1789046482,,,
1789046426,zt_status_approved,NAWyl1qU3hvthbuU,28,poia-demo-bank,,approved,,zt_authenticator,,,,1789046426.625,,"{""scenario"": """", ""client_ts"": 1789046426.625, ""status"": ""approved""}"
1789046426,intent_execute,NAWyl1qU3hvthbuU,28,poia-demo-bank,deposit,approved,,,,1789046422,1789046482,,,
1789046432,intent_created,Q-Xali_97JDjOMfW,28,poia-demo-bank,deposit,pending,,,,1789046432,1789046492,,,"{""scope"": {""account_id"": 43, ""amount"": 7687.0, ""currency"": ""USD""}}"
1789046432,zt_auto_start,Q-Xali_97JDjOMfW,28,poia-demo-bank,,,,zt_authenticator,,,,1789046432.236,,"{""scenario"": """", ""client_ts"": 1789046432.236}"
1789046432,intent_loaded,Q-Xali_97JDjOMfW,28,poia-demo-bank,,,,zt_authenticator,,,,1789046432.236,,"{""scenario"": """", ""client_ts"": 1789046432.236}"
1789046432,pending_served,Q-Xali_97JDjOMfW,28,poia-demo-bank,deposit,pending,,zt_authenticator,,1789046432,1789046492,,,
1789046433,pending_served,Q-Xali_97JDjOMfW,28,poia-demo-bank,deposit,pending,,zt_authenticator,,1789046432,1789046492,,,
1789046435,intent_approve,Q-Xali_97JDjOMfW,28,poia-demo-bank,deposit,approved,,zt_authenticator,2915,1789046432,1789046492,,,
1789046435,zt_status_approved,Q-Xali_97JDjOMfW,28,poia-demo-bank,,approved,,zt_authenticator,,,,1789046435.281,,"{""scenario"": """", ""client_ts"": 1789046435.281, ""status"": ""approved""}"
1789046435,intent_execute,Q-Xali_97JDjOMfW,28,poia-demo-bank,deposit,approved,,,,1789046432,1789046492,,,
1789046440,intent_created,C8W-gM5Vwq52qSNL,28,poia-demo-bank,deposit,pending,,,,1789046440,1789046500,,,"{""scope"": {""account_id"": 43, ""amount"": 3453.0, ""currency"": ""USD""}}"
1789046440,zt_auto_start,C8W-gM5Vwq52qSNL,28,poia-demo-bank,,,,zt_authenticator,,,,1789046440.602,,"{""scenario"": """", ""client_ts"": 1789046440.602}"
1789046440,intent_loaded,C8W-gM5Vwq52qSNL,28,poia-demo-bank,,,,zt_authenticator,,,,1789046440.602,,"{""scenario"": """", ""client_ts"": 1789046440.602}"
1789046440,pending_served,C8W-gM5Vwq52qSNL,28,poia-demo-bank,deposit,pending,,zt_authenticator,,1789046440,1789046500,,,
1789046441,pending_served,C8W-gM5Vwq52qSNL,28,poia-demo-bank,deposit,pending,,zt_authenticator,,1789046440,1789046500,,,
1789046442,intent_approve,C8W-gM5Vwq52qSNL,28,poia-demo-bank,deposit,approved,,zt_authenticator,1901,1789046440,1789046500,,,
1789046443,zt_status_approved,C8W-gM5Vwq52qSNL,28,poia-demo-bank,,approved,,zt_authenticator,,,,1789046443.657,,"{""scenario"": """", ""client_ts"": 1789046443.657, ""status"": ""approved""}"
1789046443,intent_execute,C8W-gM5Vwq52qSNL,28,poia-demo-bank,deposit,approved,,,,1789046440,1789046500,,,
1789046449,intent_created,4XqzH9hJ5CcijAvg,28,poia-demo-bank,deposit,pending,,,,1789046449,1789046509,,,"{""scope"": {""account_id"": 43, ""amount"": 9878.0, ""currency"": ""USD""}}"
1789046449,zt_auto_start,4XqzH9hJ5CcijAvg,28,poia-demo-bank,,,,zt_authenticator,,,,1789046449.219,,"{""scenario"": """", ""client_ts"": 1789046449.219}"
1789046449,intent_loaded,4XqzH9hJ5CcijAvg,28,poia-demo-bank,,,,zt_authenticator,,,,1789046449.218,,"{""scenario"": """", ""client_ts"": 1789046449.218}"
1789046449,pending_served,4XqzH9hJ5CcijAvg,28,poia-demo-bank,deposit,pending,,zt_authenticator,,1789046449,1789046509,,,
1789046449,pending_served,4XqzH9hJ5CcijAvg,28,poia-demo-bank,deposit,pending,,zt_authenticator,,1789046449,1789046509,,,
1789046451,intent_approve,4XqzH9hJ5CcijAvg,28,poia-demo-bank,deposit,approved,,zt_authenticator,1900,1789046449,1789046509,,,
1789046452,zt_status_approved,4XqzH9hJ5CcijAvg,28,poia-demo-bank,,approved,,zt_authenticator,,,,1789046452.282,,"{""scenario"": """", ""client_ts"": 1789046452.282, ""status"": ""approved""}"
1789046452,intent_execute,4XqzH9hJ5CcijAvg,28,poia-demo-bank,deposit,approved,,,,1789046449,1789046509,,,
1789046467,intent_created,wdcCL5NLUsIX2t_R,28,poia-demo-bank,transfer,pending,,,,1789046467,1789046527,,,"{""scope"": {""from_account"": 43, ""amount"": 34567.0, ""currency"": ""USD"", ""beneficiary_id"": 40, ""beneficiary_name"": ""milly""}}"
1789046467,zt_auto_start,wdcCL5NLUsIX2t_R,28,poia-demo-bank,,,,zt_authenticator,,,,1789046467.459,,"{""scenario"": """", ""client_ts"": 1789046467.459}"
1789046467,intent_loaded,wdcCL5NLUsIX2t_R,28,poia-demo-bank,,,,zt_authenticator,,,,1789046467.458,,"{""scenario"": """", ""client_ts"": 1789046467.458}"
1789046467,pending_served,wdcCL5NLUsIX2t_R,28,poia-demo-bank,transfer,pending,,zt_authenticator,,1789046467,1789046527,,,
1789046467,pending_served,wdcCL5NLUsIX2t_R,28,poia-demo-bank,transfer,pending,,zt_authenticator,,1789046467,1789046527,,,
1789046471,intent_approve,wdcCL5NLUsIX2t_R,28,poia-demo-bank,transfer,approved,,zt_authenticator,3761,1789046467,1789046527,,,
1789046472,zt_status_approved,wdcCL5NLUsIX2t_R,28,poia-demo-bank,,approved,,zt_authenticator,,,,1789046472.05,,"{""scenario"": """", ""client_ts"": 1789046472.05, ""status"": ""approved""}"
1789046472,intent_execute,wdcCL5NLUsIX2t_R,28,poia-demo-bank,transfer,approved,,,,1789046467,1789046527,,,
1789046478,intent_created,l5I1tqBBda32Rj35,28,poia-demo-bank,transfer,pending,,,,1789046478,1789046538,,,"{""scope"": {""from_account"": 43, ""amount"": 65.0, ""currency"": ""USD"", ""beneficiary_id"": 22, ""beneficiary_name"": ""JJM Hofstede""}}"
1789046478,zt_auto_start,l5I1tqBBda32Rj35,28,poia-demo-bank,,,,zt_authenticator,,,,1789046478.337,,"{""scenario"": """", ""client_ts"": 1789046478.337}"
1789046478,intent_loaded,l5I1tqBBda32Rj35,28,poia-demo-bank,,,,zt_authenticator,,,,1789046478.337,,"{""scenario"": """", ""client_ts"": 1789046478.337}"
1789046478,pending_served,l5I1tqBBda32Rj35,28,poia-demo-bank,transfer,pending,,zt_authenticator,,1789046478,1789046538,,,
1789046479,pending_served,l5I1tqBBda32Rj35,28,poia-demo-bank,transfer,pending,,zt_authenticator,,1789046478,1789046538,,,
1789046480,intent_approve,l5I1tqBBda32Rj35,28,poia-demo-bank,transfer,approved,,zt_authenticator,2285,1789046478,1789046538,,,
1789046481,zt_status_approved,l5I1tqBBda32Rj35,28,poia-demo-bank,,approved,,zt_authenticator,,,,1789046481.392,,"{""scenario"": """", ""client_ts"": 1789046481.392, ""status"": ""approved""}"
1789046481,intent_execute,l5I1tqBBda32Rj35,28,poia-demo-bank,transfer,approved,,,,1789046478,1789046538,,,
1789046488,intent_created,yQ3XBsk5s_pLZHd9,28,poia-demo-bank,transfer,pending,,,,1789046488,1789046548,,,"{""scope"": {""from_account"": 43, ""amount"": 977.0, ""currency"": ""USD"", ""beneficiary_id"": 22, ""beneficiary_name"": ""JJM Hofstede""}}"
1789046488,zt_auto_start,yQ3XBsk5s_pLZHd9,28,poia-demo-bank,,,,zt_authenticator,,,,1789046488.684,,"{""scenario"": """", ""client_ts"": 1789046488.684}"
1789046488,intent_loaded,yQ3XBsk5s_pLZHd9,28,poia-demo-bank,,,,zt_authenticator,,,,1789046488.684,,"{""scenario"": """", ""client_ts"": 1789046488.684}"
1789046488,pending_served,yQ3XBsk5s_pLZHd9,28,poia-demo-bank,transfer,pending,,zt_authenticator,,1789046488,1789046548,,,
1789046489,pending_served,yQ3XBsk5s_pLZHd9,28,poia-demo-bank,transfer,pending,,zt_authenticator,,1789046488,1789046548,,,
1789046490,intent_approve,yQ3XBsk5s_pLZHd9,28,poia-demo-bank,transfer,approved,,zt_authenticator,1838,1789046488,1789046548,,,
1789046491,zt_status_approved,yQ3XBsk5s_pLZHd9,28,poia-demo-bank,,approved,,zt_authenticator,,,,1789046491.734,,"{""scenario"": """", ""client_ts"": 1789046491.734, ""status"": ""approved""}"
1789046491,intent_execute,yQ3XBsk5s_pLZHd9,28,poia-demo-bank,transfer,approved,,,,1789046488,1789046548,,,
1789046500,intent_created,MYjvihJ9XG3LdZd9,28,poia-demo-bank,transfer,pending,,,,1789046500,1789046560,,,"{""scope"": {""from_account"": 43, ""amount"": 476.0, ""currency"": ""USD"", ""beneficiary_id"": 31, ""beneficiary_name"": ""Senna de Kat""}}"
1789046500,zt_auto_start,MYjvihJ9XG3LdZd9,28,poia-demo-bank,,,,zt_authenticator,,,,1789046500.344,,"{""scenario"": """", ""client_ts"": 1789046500.344}"
1789046500,intent_loaded,MYjvihJ9XG3LdZd9,28,poia-demo-bank,,,,zt_authenticator,,,,1789046500.344,,"{""scenario"": """", ""client_ts"": 1789046500.344}"
1789046500,pending_served,MYjvihJ9XG3LdZd9,28,poia-demo-bank,transfer,pending,,zt_authenticator,,1789046500,1789046560,,,
1789046501,pending_served,MYjvihJ9XG3LdZd9,28,poia-demo-bank,transfer,pending,,zt_authenticator,,1789046500,1789046560,,,
1789046503,intent_approve,MYjvihJ9XG3LdZd9,28,poia-demo-bank,transfer,approved,,zt_authenticator,3370,1789046500,1789046560,,,
1789046504,zt_status_approved,MYjvihJ9XG3LdZd9,28,poia-demo-bank,,approved,,zt_authenticator,,,,1789046504.917,,"{""scenario"": """", ""client_ts"": 1789046504.917, ""status"": ""approved""}"
1789046504,intent_execute,MYjvihJ9XG3LdZd9,28,poia-demo-bank,transfer,approved,,,,1789046500,1789046560,,,
1789046510,intent_created,Rzoy0ObynvWsLI30,28,poia-demo-bank,transfer,pending,,,,1789046510,1789046570,,,"{""scope"": {""from_account"": 43, ""amount"": 3453.0, ""currency"": ""USD"", ""beneficiary_id"": 22, ""beneficiary_name"": ""JJM Hofstede""}}"
1789046510,zt_auto_start,Rzoy0ObynvWsLI30,28,poia-demo-bank,,,,zt_authenticator,,,,1789046510.834,,"{""scenario"": """", ""client_ts"": 1789046510.834}"
1789046510,intent_loaded,Rzoy0ObynvWsLI30,28,poia-demo-bank,,,,zt_authenticator,,,,1789046510.834,,"{""scenario"": """", ""client_ts"": 1789046510.834}"
1789046510,pending_served,Rzoy0ObynvWsLI30,28,poia-demo-bank,transfer,pending,,zt_authenticator,,1789046510,1789046570,,,
1789046511,pending_served,Rzoy0ObynvWsLI30,28,poia-demo-bank,transfer,pending,,zt_authenticator,,1789046510,1789046570,,,
1789046513,intent_approve,Rzoy0ObynvWsLI30,28,poia-demo-bank,transfer,approved,,zt_authenticator,2284,1789046510,1789046570,,,
1789046513,zt_status_approved,Rzoy0ObynvWsLI30,28,poia-demo-bank,,approved,,zt_authenticator,,,,1789046513.886,,"{""scenario"": """", ""client_ts"": 1789046513.886, ""status"": ""approved""}"
1789046513,intent_execute,Rzoy0ObynvWsLI30,28,poia-demo-bank,transfer,approved,,,,1789046510,1789046570,,,
1789046561,intent_created,xoOU-uA_lPszkLkN,28,poia-demo-bank,deposit,pending,,,,1789046561,1789046621,,,"{""scope"": {""account_id"": 43, ""amount"": 6475.0, ""currency"": ""USD""}}"
1789046561,zt_auto_start,xoOU-uA_lPszkLkN,28,poia-demo-bank,,,,zt_authenticator,,,,1789046561.951,,"{""scenario"": """", ""client_ts"": 1789046561.951}"
1789046561,intent_loaded,xoOU-uA_lPszkLkN,28,poia-demo-bank,,,,zt_authenticator,,,,1789046561.95,,"{""scenario"": """", ""client_ts"": 1789046561.95}"
1789046561,pending_served,xoOU-uA_lPszkLkN,28,poia-demo-bank,deposit,pending,,zt_authenticator,,1789046561,1789046621,,,
1789046563,pending_served,xoOU-uA_lPszkLkN,28,poia-demo-bank,deposit,pending,,zt_authenticator,,1789046561,1789046621,,,
1789046565,intent_approve,xoOU-uA_lPszkLkN,28,poia-demo-bank,deposit,approved,,zt_authenticator,3272,1789046561,1789046621,,,
1789046566,zt_status_approved,xoOU-uA_lPszkLkN,28,poia-demo-bank,,approved,,zt_authenticator,,,,1789046566.506,,"{""scenario"": """", ""client_ts"": 1789046566.506, ""status"": ""approved""}"
1789046566,intent_execute,xoOU-uA_lPszkLkN,28,poia-demo-bank,deposit,approved,,,,1789046561,1789046621,,,
1789046572,intent_created,N-zw7v8j4EwNbTmL,28,poia-demo-bank,deposit,pending,,,,1789046572,1789046632,,,"{""scope"": {""account_id"": 43, ""amount"": 8549.0, ""currency"": ""USD""}}"
1789046572,zt_auto_start,N-zw7v8j4EwNbTmL,28,poia-demo-bank,,,,zt_authenticator,,,,1789046572.052,,"{""scenario"": """", ""client_ts"": 1789046572.052}"
1789046572,intent_loaded,N-zw7v8j4EwNbTmL,28,poia-demo-bank,,,,zt_authenticator,,,,1789046572.052,,"{""scenario"": """", ""client_ts"": 1789046572.052}"
1789046572,pending_served,N-zw7v8j4EwNbTmL,28,poia-demo-bank,deposit,pending,,zt_authenticator,,1789046572,1789046632,,,
1789046573,pending_served,N-zw7v8j4EwNbTmL,28,poia-demo-bank,deposit,pending,,zt_authenticator,,1789046572,1789046632,,,
1789046574,intent_approve,N-zw7v8j4EwNbTmL,28,poia-demo-bank,deposit,approved,,zt_authenticator,2448,1789046572,1789046632,,,
1789046575,zt_status_approved,N-zw7v8j4EwNbTmL,28,poia-demo-bank,,approved,,zt_authenticator,,,,1789046575.091,,"{""scenario"": """", ""client_ts"": 1789046575.091, ""status"": ""approved""}"
1789046575,intent_execute,N-zw7v8j4EwNbTmL,28,poia-demo-bank,deposit,approved,,,,1789046572,1789046632,,,
1789046586,intent_created,XR2KYhG5ByWH8CaA,28,poia-demo-bank,transfer,pending,,,,1789046586,1789046646,,,"{""scope"": {""from_account"": 43, ""amount"": 567.0, ""currency"": ""USD"", ""beneficiary_id"": 30, ""beneficiary_name"": ""Jesse de Lange""}}"
1789046586,zt_auto_start,XR2KYhG5ByWH8CaA,28,poia-demo-bank,,,,zt_authenticator,,,,1789046586.618,,"{""scenario"": """", ""client_ts"": 1789046586.618}"
1789046586,intent_loaded,XR2KYhG5ByWH8CaA,28,poia-demo-bank,,,,zt_authenticator,,,,1789046586.617,,"{""scenario"": """", ""client_ts"": 1789046586.617}"
1789046586,pending_served,XR2KYhG5ByWH8CaA,28,poia-demo-bank,transfer,pending,,zt_authenticator,,1789046586,1789046646,,,
1789046587,pending_served,XR2KYhG5ByWH8CaA,28,poia-demo-bank,transfer,pending,,zt_authenticator,,1789046586,1789046646,,,
1789046589,intent_approve,XR2KYhG5ByWH8CaA,28,poia-demo-bank,transfer,approved,,zt_authenticator,3044,1789046586,1789046646,,,
1789046589,zt_status_approved,XR2KYhG5ByWH8CaA,28,poia-demo-bank,,approved,,zt_authenticator,,,,1789046589.665,,"{""scenario"": """", ""client_ts"": 1789046589.665, ""status"": ""approved""}"
1789046589,intent_execute,XR2KYhG5ByWH8CaA,28,poia-demo-bank,transfer,approved,,,,1789046586,1789046646,,,
1789046595,intent_created,fzAajzVLo8_VB8U-,28,poia-demo-bank,deposit,pending,,,,1789046595,1789046655,,,"{""scope"": {""account_id"": 43, ""amount"": 567.0, ""currency"": ""USD""}}"
1789046595,zt_auto_start,fzAajzVLo8_VB8U-,28,poia-demo-bank,,,,zt_authenticator,,,,1789046595.533,,"{""scenario"": """", ""client_ts"": 1789046595.533}"
1789046595,intent_loaded,fzAajzVLo8_VB8U-,28,poia-demo-bank,,,,zt_authenticator,,,,1789046595.533,,"{""scenario"": """", ""client_ts"": 1789046595.533}"
1789046595,pending_served,fzAajzVLo8_VB8U-,28,poia-demo-bank,deposit,pending,,zt_authenticator,,1789046595,1789046655,,,
1789046595,pending_served,fzAajzVLo8_VB8U-,28,poia-demo-bank,deposit,pending,,zt_authenticator,,1789046595,1789046655,,,
1789046597,intent_approve,fzAajzVLo8_VB8U-,28,poia-demo-bank,deposit,approved,,zt_authenticator,1669,1789046595,1789046655,,,
1789046598,zt_status_approved,fzAajzVLo8_VB8U-,28,poia-demo-bank,,approved,,zt_authenticator,,,,1789046598.584,,"{""scenario"": """", ""client_ts"": 1789046598.584, ""status"": ""approved""}"
1789046598,intent_execute,fzAajzVLo8_VB8U-,28,poia-demo-bank,deposit,approved,,,,1789046595,1789046655,,,
1789046604,intent_created,3aqYYa2JbSAuU30s,28,poia-demo-bank,deposit,pending,,,,1789046604,1789046664,,,"{""scope"": {""account_id"": 43, ""amount"": 989.0, ""currency"": ""USD""}}"
1789046604,zt_auto_start,3aqYYa2JbSAuU30s,28,poia-demo-bank,,,,zt_authenticator,,,,1789046604.142,,"{""scenario"": """", ""client_ts"": 1789046604.142}"
1789046604,intent_loaded,3aqYYa2JbSAuU30s,28,poia-demo-bank,,,,zt_authenticator,,,,1789046604.141,,"{""scenario"": """", ""client_ts"": 1789046604.141}"
1789046604,pending_served,3aqYYa2JbSAuU30s,28,poia-demo-bank,deposit,pending,,zt_authenticator,,1789046604,1789046664,,,
1789046605,pending_served,3aqYYa2JbSAuU30s,28,poia-demo-bank,deposit,pending,,zt_authenticator,,1789046604,1789046664,,,
1789046607,intent_approve,3aqYYa2JbSAuU30s,28,poia-demo-bank,deposit,approved,,zt_authenticator,3450,1789046604,1789046664,,,
1789046608,zt_status_approved,3aqYYa2JbSAuU30s,28,poia-demo-bank,,approved,,zt_authenticator,,,,1789046608.706,,"{""scenario"": """", ""client_ts"": 1789046608.706, ""status"": ""approved""}"
1789046608,intent_execute,3aqYYa2JbSAuU30s,28,poia-demo-bank,deposit,approved,,,,1789046604,1789046664,,,
1789046615,intent_created,XWTjTKRHhaLiBJst,28,poia-demo-bank,deposit,pending,,,,1789046615,1789046675,,,"{""scope"": {""account_id"": 43, ""amount"": 34556.0, ""currency"": ""USD""}}"
1789046615,zt_auto_start,XWTjTKRHhaLiBJst,28,poia-demo-bank,,,,zt_authenticator,,,,1789046615.373,,"{""scenario"": """", ""client_ts"": 1789046615.373}"
1789046615,intent_loaded,XWTjTKRHhaLiBJst,28,poia-demo-bank,,,,zt_authenticator,,,,1789046615.373,,"{""scenario"": """", ""client_ts"": 1789046615.373}"
1789046615,pending_served,XWTjTKRHhaLiBJst,28,poia-demo-bank,deposit,pending,,zt_authenticator,,1789046615,1789046675,,,
1789046615,pending_served,XWTjTKRHhaLiBJst,28,poia-demo-bank,deposit,pending,,zt_authenticator,,1789046615,1789046675,,,
1789046617,intent_approve,XWTjTKRHhaLiBJst,28,poia-demo-bank,deposit,approved,,zt_authenticator,1784,1789046615,1789046675,,,
1789046618,zt_status_approved,XWTjTKRHhaLiBJst,28,poia-demo-bank,,approved,,zt_authenticator,,,,1789046618.435,,"{""scenario"": """", ""client_ts"": 1789046618.435, ""status"": ""approved""}"
1789046618,intent_execute,XWTjTKRHhaLiBJst,28,poia-demo-bank,deposit,approved,,,,1789046615,1789046675,,,
1789046626,intent_created,gqT8uRPBBfnXgeAQ,28,poia-demo-bank,withdrawal,pending,,,,1789046626,1789046686,,,"{""scope"": {""account_id"": 43, ""amount"": 2345678.0, ""currency"": ""USD""}}"
1789046626,zt_auto_start,gqT8uRPBBfnXgeAQ,28,poia-demo-bank,,,,zt_authenticator,,,,1789046626.067,,"{""scenario"": """", ""client_ts"": 1789046626.067}"
1789046626,intent_loaded,gqT8uRPBBfnXgeAQ,28,poia-demo-bank,,,,zt_authenticator,,,,1789046626.066,,"{""scenario"": """", ""client_ts"": 1789046626.066}"
1789046626,pending_served,gqT8uRPBBfnXgeAQ,28,poia-demo-bank,withdrawal,pending,,zt_authenticator,,1789046626,1789046686,,,
1789046627,pending_served,gqT8uRPBBfnXgeAQ,28,poia-demo-bank,withdrawal,pending,,zt_authenticator,,1789046626,1789046686,,,
1789046633,intent_approve,gqT8uRPBBfnXgeAQ,28,poia-demo-bank,withdrawal,approved,,zt_authenticator,7168,1789046626,1789046686,,,
1789046633,zt_status_approved,gqT8uRPBBfnXgeAQ,28,poia-demo-bank,,approved,,zt_authenticator,,,,1789046633.653,,"{""scenario"": """", ""client_ts"": 1789046633.653, ""status"": ""approved""}"
1789046633,intent_execute,gqT8uRPBBfnXgeAQ,28,poia-demo-bank,withdrawal,approved,,,,1789046626,1789046686,,,
1789046641,intent_created,nC5T9-Hv5t-OcuoB,28,poia-demo-bank,deposit,pending,,,,1789046641,1789046701,,,"{""scope"": {""account_id"": 43, ""amount"": 56479.0, ""currency"": ""USD""}}"
1789046641,zt_auto_start,nC5T9-Hv5t-OcuoB,28,poia-demo-bank,,,,zt_authenticator,,,,1789046641.954,,"{""scenario"": """", ""client_ts"": 1789046641.954}"
1789046641,intent_loaded,nC5T9-Hv5t-OcuoB,28,poia-demo-bank,,,,zt_authenticator,,,,1789046641.953,,"{""scenario"": """", ""client_ts"": 1789046641.953}"
1789046641,pending_served,nC5T9-Hv5t-OcuoB,28,poia-demo-bank,deposit,pending,,zt_authenticator,,1789046641,1789046701,,,
1789046643,pending_served,nC5T9-Hv5t-OcuoB,28,poia-demo-bank,deposit,pending,,zt_authenticator,,1789046641,1789046701,,,
1789046645,intent_approve,nC5T9-Hv5t-OcuoB,28,poia-demo-bank,deposit,approved,,zt_authenticator,3215,1789046641,1789046701,,,
1789046646,zt_status_approved,nC5T9-Hv5t-OcuoB,28,poia-demo-bank,,approved,,zt_authenticator,,,,1789046646.514,,"{""scenario"": """", ""client_ts"": 1789046646.514, ""status"": ""approved""}"
1789046646,intent_execute,nC5T9-Hv5t-OcuoB,28,poia-demo-bank,deposit,approved,,,,1789046641,1789046701,,,
1789046654,intent_created,BgHRD12CKreLrQdI,28,poia-demo-bank,deposit,pending,,,,1789046654,1789046714,,,"{""scope"": {""account_id"": 43, ""amount"": 46676.0, ""currency"": ""USD""}}"
1789046654,zt_auto_start,BgHRD12CKreLrQdI,28,poia-demo-bank,,,,zt_authenticator,,,,1789046654.27,,"{""scenario"": """", ""client_ts"": 1789046654.27}"
1789046654,intent_loaded,BgHRD12CKreLrQdI,28,poia-demo-bank,,,,zt_authenticator,,,,1789046654.27,,"{""scenario"": """", ""client_ts"": 1789046654.27}"
1789046654,pending_served,BgHRD12CKreLrQdI,28,poia-demo-bank,deposit,pending,,zt_authenticator,,1789046654,1789046714,,,
1789046655,pending_served,BgHRD12CKreLrQdI,28,poia-demo-bank,deposit,pending,,zt_authenticator,,1789046654,1789046714,,,
1789046656,intent_approve,BgHRD12CKreLrQdI,28,poia-demo-bank,deposit,approved,,zt_authenticator,2653,1789046654,1789046714,,,
1789046657,zt_status_approved,BgHRD12CKreLrQdI,28,poia-demo-bank,,approved,,zt_authenticator,,,,1789046657.325,,"{""scenario"": """", ""client_ts"": 1789046657.325, ""status"": ""approved""}"
1789046657,intent_execute,BgHRD12CKreLrQdI,28,poia-demo-bank,deposit,approved,,,,1789046654,1789046714,,,
1789046663,intent_created,OQKsBILtXk5bHF7O,28,poia-demo-bank,deposit,pending,,,,1789046663,1789046723,,,"{""scope"": {""account_id"": 43, ""amount"": 9879.0, ""currency"": ""USD""}}"
1789046663,zt_auto_start,OQKsBILtXk5bHF7O,28,poia-demo-bank,,,,zt_authenticator,,,,1789046663.592,,"{""scenario"": """", ""client_ts"": 1789046663.592}"
1789046663,intent_loaded,OQKsBILtXk5bHF7O,28,poia-demo-bank,,,,zt_authenticator,,,,1789046663.591,,"{""scenario"": """", ""client_ts"": 1789046663.591}"
1789046663,pending_served,OQKsBILtXk5bHF7O,28,poia-demo-bank,deposit,pending,,zt_authenticator,,1789046663,1789046723,,,
1789046663,pending_served,OQKsBILtXk5bHF7O,28,poia-demo-bank,deposit,pending,,zt_authenticator,,1789046663,1789046723,,,
1789046665,intent_approve,OQKsBILtXk5bHF7O,28,poia-demo-bank,deposit,approved,,zt_authenticator,1668,1789046663,1789046723,,,
1789046666,zt_status_approved,OQKsBILtXk5bHF7O,28,poia-demo-bank,,approved,,zt_authenticator,,,,1789046666.65,,"{""scenario"": """", ""client_ts"": 1789046666.65, ""status"": ""approved""}"
1789046666,intent_execute,OQKsBILtXk5bHF7O,28,poia-demo-bank,deposit,approved,,,,1789046663,1789046723,,,
1789046673,intent_created,fHzXjb1NG3Qeb5DZ,28,poia-demo-bank,transfer,pending,,,,1789046673,1789046733,,,"{""scope"": {""from_account"": 43, ""amount"": 45647.0, ""currency"": ""USD"", ""beneficiary_id"": 22, ""beneficiary_name"": ""JJM Hofstede""}}"
1789046673,zt_auto_start,fHzXjb1NG3Qeb5DZ,28,poia-demo-bank,,,,zt_authenticator,,,,1789046673.297,,"{""scenario"": """", ""client_ts"": 1789046673.297}"
1789046673,intent_loaded,fHzXjb1NG3Qeb5DZ,28,poia-demo-bank,,,,zt_authenticator,,,,1789046673.296,,"{""scenario"": """", ""client_ts"": 1789046673.296}"
1789046673,pending_served,fHzXjb1NG3Qeb5DZ,28,poia-demo-bank,transfer,pending,,zt_authenticator,,1789046673,1789046733,,,
1789046673,pending_served,fHzXjb1NG3Qeb5DZ,28,poia-demo-bank,transfer,pending,,zt_authenticator,,1789046673,1789046733,,,
1789046675,intent_approve,fHzXjb1NG3Qeb5DZ,28,poia-demo-bank,transfer,approved,,zt_authenticator,1849,1789046673,1789046733,,,
1789046676,zt_status_approved,fHzXjb1NG3Qeb5DZ,28,poia-demo-bank,,approved,,zt_authenticator,,,,1789046676.364,,"{""scenario"": """", ""client_ts"": 1789046676.364, ""status"": ""approved""}"
1789046676,intent_execute,fHzXjb1NG3Qeb5DZ,28,poia-demo-bank,transfer,approved,,,,1789046673,1789046733,,,
1789046724,intent_created,kHdJzlZELYFjKU4q,20,poia-demo-bank,deposit,pending,,,,1789046724,1789046784,,,"{""scope"": {""account_id"": 37, ""amount"": 7658.0, ""currency"": ""USD""}}"
1789046724,zt_auto_start,kHdJzlZELYFjKU4q,20,poia-demo-bank,,,,zt_authenticator,,,,1789046724.927,,"{""scenario"": """", ""client_ts"": 1789046724.927}"
1789046724,intent_loaded,kHdJzlZELYFjKU4q,20,poia-demo-bank,,,,zt_authenticator,,,,1789046724.927,,"{""scenario"": """", ""client_ts"": 1789046724.927}"
1789046724,pending_served,kHdJzlZELYFjKU4q,20,poia-demo-bank,deposit,pending,,zt_authenticator,,1789046724,1789046784,,,
1789046725,pending_served,kHdJzlZELYFjKU4q,20,poia-demo-bank,deposit,pending,,zt_authenticator,,1789046724,1789046784,,,
1789046727,intent_approve,kHdJzlZELYFjKU4q,20,poia-demo-bank,deposit,approved,,zt_authenticator,3079,1789046724,1789046784,,,
1789046727,zt_status_approved,kHdJzlZELYFjKU4q,20,poia-demo-bank,,approved,,zt_authenticator,,,,1789046727.972,,"{""scenario"": """", ""client_ts"": 1789046727.972, ""status"": ""approved""}"
1789046727,intent_execute,kHdJzlZELYFjKU4q,20,poia-demo-bank,deposit,approved,,,,1789046724,1789046784,,,
1789046734,intent_created,Uxvc18Dsea0g0KCs,20,poia-demo-bank,deposit,pending,,,,1789046734,1789046794,,,"{""scope"": {""account_id"": 37, ""amount"": 65767.0, ""currency"": ""USD""}}"
1789046734,zt_auto_start,Uxvc18Dsea0g0KCs,20,poia-demo-bank,,,,zt_authenticator,,,,1789046734.306,,"{""scenario"": """", ""client_ts"": 1789046734.306}"
1789046734,intent_loaded,Uxvc18Dsea0g0KCs,20,poia-demo-bank,,,,zt_authenticator,,,,1789046734.306,,"{""scenario"": """", ""client_ts"": 1789046734.306}"
1789046734,pending_served,Uxvc18Dsea0g0KCs,20,poia-demo-bank,deposit,pending,,zt_authenticator,,1789046734,1789046794,,,
1789046735,pending_served,Uxvc18Dsea0g0KCs,20,poia-demo-bank,deposit,pending,,zt_authenticator,,1789046734,1789046794,,,
1789046737,intent_approve,Uxvc18Dsea0g0KCs,20,poia-demo-bank,deposit,approved,,zt_authenticator,2938,1789046734,1789046794,,,
1789046737,zt_status_approved,Uxvc18Dsea0g0KCs,20,poia-demo-bank,,approved,,zt_authenticator,,,,1789046737.352,,"{""scenario"": """", ""client_ts"": 1789046737.352, ""status"": ""approved""}"
1789046737,intent_execute,Uxvc18Dsea0g0KCs,20,poia-demo-bank,deposit,approved,,,,1789046734,1789046794,,,
1789046742,intent_created,mgS1MTgRZAWMfXk8,20,poia-demo-bank,deposit,pending,,,,1789046742,1789046802,,,"{""scope"": {""account_id"": 37, ""amount"": 98709.0, ""currency"": ""USD""}}"
1789046742,zt_auto_start,mgS1MTgRZAWMfXk8,20,poia-demo-bank,,,,zt_authenticator,,,,1789046742.637,,"{""scenario"": """", ""client_ts"": 1789046742.637}"
1789046742,intent_loaded,mgS1MTgRZAWMfXk8,20,poia-demo-bank,,,,zt_authenticator,,,,1789046742.637,,"{""scenario"": """", ""client_ts"": 1789046742.637}"
1789046742,pending_served,mgS1MTgRZAWMfXk8,20,poia-demo-bank,deposit,pending,,zt_authenticator,,1789046742,1789046802,,,
1789046743,pending_served,mgS1MTgRZAWMfXk8,20,poia-demo-bank,deposit,pending,,zt_authenticator,,1789046742,1789046802,,,
1789046745,intent_approve,mgS1MTgRZAWMfXk8,20,poia-demo-bank,deposit,approved,,zt_authenticator,2591,1789046742,1789046802,,,
1789046745,zt_status_approved,mgS1MTgRZAWMfXk8,20,poia-demo-bank,,approved,,zt_authenticator,,,,1789046745.69,,"{""scenario"": """", ""client_ts"": 1789046745.69, ""status"": ""approved""}"
1789046745,intent_execute,mgS1MTgRZAWMfXk8,20,poia-demo-bank,deposit,approved,,,,1789046742,1789046802,,,
1789046756,intent_created,AdY0Q0xawbnBB8sQ,20,poia-demo-bank,transfer,pending,,,,1789046756,1789046816,,,"{""scope"": {""from_account"": 37, ""amount"": 5677.0, ""currency"": ""USD"", ""beneficiary_id"": 27, ""beneficiary_name"": ""Marina""}}"
1789046756,zt_auto_start,AdY0Q0xawbnBB8sQ,20,poia-demo-bank,,,,zt_authenticator,,,,1789046756.635,,"{""scenario"": """", ""client_ts"": 1789046756.635}"
1789046756,intent_loaded,AdY0Q0xawbnBB8sQ,20,poia-demo-bank,,,,zt_authenticator,,,,1789046756.634,,"{""scenario"": """", ""client_ts"": 1789046756.634}"
1789046756,pending_served,AdY0Q0xawbnBB8sQ,20,poia-demo-bank,transfer,pending,,zt_authenticator,,1789046756,1789046816,,,
1789046757,pending_served,AdY0Q0xawbnBB8sQ,20,poia-demo-bank,transfer,pending,,zt_authenticator,,1789046756,1789046816,,,
1789046759,intent_approve,AdY0Q0xawbnBB8sQ,20,poia-demo-bank,transfer,approved,,zt_authenticator,2688,1789046756,1789046816,,,
1789046759,zt_status_approved,AdY0Q0xawbnBB8sQ,20,poia-demo-bank,,approved,,zt_authenticator,,,,1789046759.684,,"{""scenario"": """", ""client_ts"": 1789046759.684, ""status"": ""approved""}"
1789046759,intent_execute,AdY0Q0xawbnBB8sQ,20,poia-demo-bank,transfer,approved,,,,1789046756,1789046816,,,
1789046779,intent_created,gT44E3dgowe20Hes,20,poia-demo-bank,beneficiary_add,pending,,,,1789046779,1789046839,,,"{""scope"": {""name"": ""Mariba"", ""bank"": ""PoIA Bank"", ""account_number"": ""465375""}}"
1789046779,zt_auto_start,gT44E3dgowe20Hes,20,poia-demo-bank,,,,zt_authenticator,,,,1789046779.585,,"{""scenario"": """", ""client_ts"": 1789046779.585}"
1789046779,intent_loaded,gT44E3dgowe20Hes,20,poia-demo-bank,,,,zt_authenticator,,,,1789046779.584,,"{""scenario"": """", ""client_ts"": 1789046779.584}"
1789046779,pending_served,gT44E3dgowe20Hes,20,poia-demo-bank,beneficiary_add,pending,,zt_authenticator,,1789046779,1789046839,,,
1789046779,pending_served,gT44E3dgowe20Hes,20,poia-demo-bank,beneficiary_add,pending,,zt_authenticator,,1789046779,1789046839,,,
1789046781,intent_approve,gT44E3dgowe20Hes,20,poia-demo-bank,beneficiary_add,approved,,zt_authenticator,2069,1789046779,1789046839,,,
1789046782,zt_status_approved,gT44E3dgowe20Hes,20,poia-demo-bank,,approved,,zt_authenticator,,,,1789046782.648,,"{""scenario"": """", ""client_ts"": 1789046782.648, ""status"": ""approved""}"
1789046782,intent_execute,gT44E3dgowe20Hes,20,poia-demo-bank,beneficiary_add,approved,,,,1789046779,1789046839,,,
1789046792,intent_created,JFhDWhNSHx_Qt0_L,20,poia-demo-bank,withdrawal,pending,,,,1789046792,1789046852,,,"{""scope"": {""account_id"": 37, ""amount"": 87776.0, ""currency"": ""USD""}}"
1789046792,zt_auto_start,JFhDWhNSHx_Qt0_L,20,poia-demo-bank,,,,zt_authenticator,,,,1789046792.251,,"{""scenario"": """", ""client_ts"": 1789046792.251}"
1789046792,intent_loaded,JFhDWhNSHx_Qt0_L,20,poia-demo-bank,,,,zt_authenticator,,,,1789046792.251,,"{""scenario"": """", ""client_ts"": 1789046792.251}"
1789046792,pending_served,JFhDWhNSHx_Qt0_L,20,poia-demo-bank,withdrawal,pending,,zt_authenticator,,1789046792,1789046852,,,
1789046793,pending_served,JFhDWhNSHx_Qt0_L,20,poia-demo-bank,withdrawal,pending,,zt_authenticator,,1789046792,1789046852,,,
1789046794,intent_approve,JFhDWhNSHx_Qt0_L,20,poia-demo-bank,withdrawal,approved,,zt_authenticator,2184,1789046792,1789046852,,,
1789046795,zt_status_approved,JFhDWhNSHx_Qt0_L,20,poia-demo-bank,,approved,,zt_authenticator,,,,1789046795.297,,"{""scenario"": """", ""client_ts"": 1789046795.297, ""status"": ""approved""}"
1789046795,intent_execute,JFhDWhNSHx_Qt0_L,20,poia-demo-bank,withdrawal,approved,,,,1789046792,1789046852,,,
1789046810,intent_created,HaU_qOpOQdyLFfzG,20,poia-demo-bank,withdrawal,pending,,,,1789046810,1789046870,,,"{""scope"": {""account_id"": 38, ""amount"": 7589.0, ""currency"": ""USD""}}"
1789046810,zt_auto_start,HaU_qOpOQdyLFfzG,20,poia-demo-bank,,,,zt_authenticator,,,,1789046810.138,,"{""scenario"": """", ""client_ts"": 1789046810.138}"
1789046810,intent_loaded,HaU_qOpOQdyLFfzG,20,poia-demo-bank,,,,zt_authenticator,,,,1789046810.138,,"{""scenario"": """", ""client_ts"": 1789046810.138}"
1789046810,pending_served,HaU_qOpOQdyLFfzG,20,poia-demo-bank,withdrawal,pending,,zt_authenticator,,1789046810,1789046870,,,
1789046811,pending_served,HaU_qOpOQdyLFfzG,20,poia-demo-bank,withdrawal,pending,,zt_authenticator,,1789046810,1789046870,,,
1789046819,intent_approve,HaU_qOpOQdyLFfzG,20,poia-demo-bank,withdrawal,approved,,zt_authenticator,9157,1789046810,1789046870,,,
1789046820,zt_status_approved,HaU_qOpOQdyLFfzG,20,poia-demo-bank,,approved,,zt_authenticator,,,,1789046820.754,,"{""scenario"": """", ""client_ts"": 1789046820.754, ""status"": ""approved""}"
1789046820,intent_execute,HaU_qOpOQdyLFfzG,20,poia-demo-bank,withdrawal,approved,,,,1789046810,1789046870,,,
1789046830,intent_created,4xEHQOVLdVvuWD2c,20,poia-demo-bank,withdrawal,pending,,,,1789046830,1789046890,,,"{""scope"": {""account_id"": 37, ""amount"": 997.0, ""currency"": ""USD""}}"
1789046830,zt_auto_start,4xEHQOVLdVvuWD2c,20,poia-demo-bank,,,,zt_authenticator,,,,1789046830.884,,"{""scenario"": """", ""client_ts"": 1789046830.884}"
1789046830,intent_loaded,4xEHQOVLdVvuWD2c,20,poia-demo-bank,,,,zt_authenticator,,,,1789046830.884,,"{""scenario"": """", ""client_ts"": 1789046830.884}"
1789046830,pending_served,4xEHQOVLdVvuWD2c,20,poia-demo-bank,withdrawal,pending,,zt_authenticator,,1789046830,1789046890,,,
1789046831,pending_served,4xEHQOVLdVvuWD2c,20,poia-demo-bank,withdrawal,pending,,zt_authenticator,,1789046830,1789046890,,,
1789046837,intent_approve,4xEHQOVLdVvuWD2c,20,poia-demo-bank,withdrawal,approved,,zt_authenticator,6341,1789046830,1789046890,,,
1789046838,zt_status_approved,4xEHQOVLdVvuWD2c,20,poia-demo-bank,,approved,,zt_authenticator,,,,1789046838.478,,"{""scenario"": """", ""client_ts"": 1789046838.478, ""status"": ""approved""}"
1789046838,intent_execute,4xEHQOVLdVvuWD2c,20,poia-demo-bank,withdrawal,approved,,,,1789046830,1789046890,,,
1789046846,intent_created,JPnRjMaQrsjPNp-j,20,poia-demo-bank,deposit,pending,,,,1789046846,1789046906,,,"{""scope"": {""account_id"": 37, ""amount"": 987.0, ""currency"": ""USD""}}"
1789046846,zt_auto_start,JPnRjMaQrsjPNp-j,20,poia-demo-bank,,,,zt_authenticator,,,,1789046846.637,,"{""scenario"": """", ""client_ts"": 1789046846.637}"
1789046846,intent_loaded,JPnRjMaQrsjPNp-j,20,poia-demo-bank,,,,zt_authenticator,,,,1789046846.636,,"{""scenario"": """", ""client_ts"": 1789046846.636}"
1789046846,pending_served,JPnRjMaQrsjPNp-j,20,poia-demo-bank,deposit,pending,,zt_authenticator,,1789046846,1789046906,,,
1789046847,pending_served,JPnRjMaQrsjPNp-j,20,poia-demo-bank,deposit,pending,,zt_authenticator,,1789046846,1789046906,,,
1789046849,intent_approve,JPnRjMaQrsjPNp-j,20,poia-demo-bank,deposit,approved,,zt_authenticator,2514,1789046846,1789046906,,,
1789046849,zt_status_approved,JPnRjMaQrsjPNp-j,20,poia-demo-bank,,approved,,zt_authenticator,,,,1789046849.692,,"{""scenario"": """", ""client_ts"": 1789046849.692, ""status"": ""approved""}"
1789046849,intent_execute,JPnRjMaQrsjPNp-j,20,poia-demo-bank,deposit,approved,,,,1789046846,1789046906,,,
1789046861,intent_created,mcY76MFLbUB__FF4,20,poia-demo-bank,limit_change,pending,,,,1789046861,1789046921,,,"{""scope"": {""account_id"": 38, ""new_daily_limit"": 1000000.0}}"
1789046861,zt_auto_start,mcY76MFLbUB__FF4,20,poia-demo-bank,,,,zt_authenticator,,,,1789046861.384,,"{""scenario"": """", ""client_ts"": 1789046861.384}"
1789046861,intent_loaded,mcY76MFLbUB__FF4,20,poia-demo-bank,,,,zt_authenticator,,,,1789046861.383,,"{""scenario"": """", ""client_ts"": 1789046861.383}"
1789046861,pending_served,mcY76MFLbUB__FF4,20,poia-demo-bank,limit_change,pending,,zt_authenticator,,1789046861,1789046921,,,
1789046861,pending_served,mcY76MFLbUB__FF4,20,poia-demo-bank,limit_change,pending,,zt_authenticator,,1789046861,1789046921,,,
1789046863,intent_approve,mcY76MFLbUB__FF4,20,poia-demo-bank,limit_change,approved,,zt_authenticator,1797,1789046861,1789046921,,,
1789046864,zt_status_approved,mcY76MFLbUB__FF4,20,poia-demo-bank,,approved,,zt_authenticator,,,,1789046864.445,,"{""scenario"": """", ""client_ts"": 1789046864.445, ""status"": ""approved""}"
1789046864,intent_execute,mcY76MFLbUB__FF4,20,poia-demo-bank,limit_change,approved,,,,1789046861,1789046921,,,
1789046883,intent_created,bsKmZKkEkaSG62U5,20,poia-demo-bank,statement_export,pending,,,,1789046883,1789046943,,,"{""scope"": {""account_id"": """", ""txn_type"": ""withdrawal"", ""date_from"": ""2026-09-24"", ""date_to"": ""2026-09-24""}}"
1789046883,zt_auto_start,bsKmZKkEkaSG62U5,20,poia-demo-bank,,,,zt_authenticator,,,,1789046883.884,,"{""scenario"": """", ""client_ts"": 1789046883.884}"
1789046883,intent_loaded,bsKmZKkEkaSG62U5,20,poia-demo-bank,,,,zt_authenticator,,,,1789046883.883,,"{""scenario"": """", ""client_ts"": 1789046883.883}"
1789046883,pending_served,bsKmZKkEkaSG62U5,20,poia-demo-bank,statement_export,pending,,zt_authenticator,,1789046883,1789046943,,,
1789046885,pending_served,bsKmZKkEkaSG62U5,20,poia-demo-bank,statement_export,pending,,zt_authenticator,,1789046883,1789046943,,,
1789046889,intent_approve,bsKmZKkEkaSG62U5,20,poia-demo-bank,statement_export,approved,,zt_authenticator,5298,1789046883,1789046943,,,
1789046889,zt_status_approved,bsKmZKkEkaSG62U5,20,poia-demo-bank,,approved,,zt_authenticator,,,,1789046889.971,,"{""scenario"": """", ""client_ts"": 1789046889.971, ""status"": ""approved""}"
1789046889,intent_execute,bsKmZKkEkaSG62U5,20,poia-demo-bank,statement_export,approved,,,,1789046883,1789046943,,,
1789046902,intent_created,xKDj3Zn4ZM6NYHaM,20,poia-demo-bank,transfer,pending,,,,1789046902,1789046962,,,"{""scope"": {""from_account"": 37, ""amount"": 568.0, ""currency"": ""USD"", ""beneficiary_id"": 43, ""beneficiary_name"": ""Mariba""}}"
1789046902,zt_auto_start,xKDj3Zn4ZM6NYHaM,20,poia-demo-bank,,,,zt_authenticator,,,,1789046902.419,,"{""scenario"": """", ""client_ts"": 1789046902.419}"
1789046902,intent_loaded,xKDj3Zn4ZM6NYHaM,20,poia-demo-bank,,,,zt_authenticator,,,,1789046902.419,,"{""scenario"": """", ""client_ts"": 1789046902.419}"
1789046902,pending_served,xKDj3Zn4ZM6NYHaM,20,poia-demo-bank,transfer,pending,,zt_authenticator,,1789046902,1789046962,,,
1789046903,pending_served,xKDj3Zn4ZM6NYHaM,20,poia-demo-bank,transfer,pending,,zt_authenticator,,1789046902,1789046962,,,
1789046905,intent_approve,xKDj3Zn4ZM6NYHaM,20,poia-demo-bank,transfer,approved,,zt_authenticator,3234,1789046902,1789046962,,,
1789046907,zt_status_approved,xKDj3Zn4ZM6NYHaM,20,poia-demo-bank,,approved,,zt_authenticator,,,,1789046906.993,,"{""scenario"": """", ""client_ts"": 1789046906.993, ""status"": ""approved""}"
1789046907,intent_execute,xKDj3Zn4ZM6NYHaM,20,poia-demo-bank,transfer,approved,,,,1789046902,1789046962,,,
1789046921,intent_created,NmXBfc9lR96BQUD9,20,poia-demo-bank,transfer,pending,,,,1789046921,1789046981,,,"{""scope"": {""from_account"": 38, ""amount"": 67578.0, ""currency"": ""USD"", ""beneficiary_id"": 43, ""beneficiary_name"": ""Mariba""}}"
1789046921,zt_auto_start,NmXBfc9lR96BQUD9,20,poia-demo-bank,,,,zt_authenticator,,,,1789046921.418,,"{""scenario"": """", ""client_ts"": 1789046921.418}"
1789046921,intent_loaded,NmXBfc9lR96BQUD9,20,poia-demo-bank,,,,zt_authenticator,,,,1789046921.418,,"{""scenario"": """", ""client_ts"": 1789046921.418}"
1789046921,pending_served,NmXBfc9lR96BQUD9,20,poia-demo-bank,transfer,pending,,zt_authenticator,,1789046921,1789046981,,,
1789046921,pending_served,NmXBfc9lR96BQUD9,20,poia-demo-bank,transfer,pending,,zt_authenticator,,1789046921,1789046981,,,
1789046923,intent_approve,NmXBfc9lR96BQUD9,20,poia-demo-bank,transfer,approved,,zt_authenticator,1821,1789046921,1789046981,,,
1789046924,zt_status_approved,NmXBfc9lR96BQUD9,20,poia-demo-bank,,approved,,zt_authenticator,,,,1789046924.469,,"{""scenario"": """", ""client_ts"": 1789046924.469, ""status"": ""approved""}"
1789046924,intent_execute,NmXBfc9lR96BQUD9,20,poia-demo-bank,transfer,approved,,,,1789046921,1789046981,,,
1789046952,intent_created,eoA-_2I9cbfvOK1l,20,poia-demo-bank,withdrawal,pending,,,,1789046952,1789047012,,,"{""scope"": {""account_id"": 37, ""amount"": 87678.0, ""currency"": ""USD""}}"
1789046952,zt_auto_start,eoA-_2I9cbfvOK1l,20,poia-demo-bank,,,,zt_authenticator,,,,1789046952.356,,"{""scenario"": """", ""client_ts"": 1789046952.356}"
1789046952,intent_loaded,eoA-_2I9cbfvOK1l,20,poia-demo-bank,,,,zt_authenticator,,,,1789046952.355,,"{""scenario"": """", ""client_ts"": 1789046952.355}"
1789046952,pending_served,eoA-_2I9cbfvOK1l,20,poia-demo-bank,withdrawal,pending,,zt_authenticator,,1789046952,1789047012,,,
1789046953,pending_served,eoA-_2I9cbfvOK1l,20,poia-demo-bank,withdrawal,pending,,zt_authenticator,,1789046952,1789047012,,,
1789046955,intent_approve,eoA-_2I9cbfvOK1l,20,poia-demo-bank,withdrawal,approved,,zt_authenticator,2886,1789046952,1789047012,,,
1789046955,zt_status_approved,eoA-_2I9cbfvOK1l,20,poia-demo-bank,,approved,,zt_authenticator,,,,1789046955.41,,"{""scenario"": """", ""client_ts"": 1789046955.41, ""status"": ""approved""}"
1789046955,intent_execute,eoA-_2I9cbfvOK1l,20,poia-demo-bank,withdrawal,approved,,,,1789046952,1789047012,,,
1789046962,intent_created,4LMW3GWp4H9xjlr_,20,poia-demo-bank,deposit,pending,,,,1789046962,1789047022,,,"{""scope"": {""account_id"": 37, ""amount"": 775.0, ""currency"": ""USD""}}"
1789046962,zt_auto_start,4LMW3GWp4H9xjlr_,20,poia-demo-bank,,,,zt_authenticator,,,,1789046962.305,,"{""scenario"": """", ""client_ts"": 1789046962.305}"
1789046962,intent_loaded,4LMW3GWp4H9xjlr_,20,poia-demo-bank,,,,zt_authenticator,,,,1789046962.305,,"{""scenario"": """", ""client_ts"": 1789046962.305}"
1789046962,pending_served,4LMW3GWp4H9xjlr_,20,poia-demo-bank,deposit,pending,,zt_authenticator,,1789046962,1789047022,,,
1789046963,pending_served,4LMW3GWp4H9xjlr_,20,poia-demo-bank,deposit,pending,,zt_authenticator,,1789046962,1789047022,,,
1789046965,intent_approve,4LMW3GWp4H9xjlr_,20,poia-demo-bank,deposit,approved,,zt_authenticator,3481,1789046962,1789047022,,,
1789046966,zt_status_approved,4LMW3GWp4H9xjlr_,20,poia-demo-bank,,approved,,zt_authenticator,,,,1789046966.87,,"{""scenario"": """", ""client_ts"": 1789046966.87, ""status"": ""approved""}"
1789046966,intent_execute,4LMW3GWp4H9xjlr_,20,poia-demo-bank,deposit,approved,,,,1789046962,1789047022,,,
1789046973,intent_created,dFGXes1eMnaVWN7f,20,poia-demo-bank,deposit,pending,,,,1789046973,1789047033,,,"{""scope"": {""account_id"": 37, ""amount"": 788.0, ""currency"": ""USD""}}"
1789046973,zt_auto_start,dFGXes1eMnaVWN7f,20,poia-demo-bank,,,,zt_authenticator,,,,1789046973.871,,"{""scenario"": """", ""client_ts"": 1789046973.871}"
1789046973,intent_loaded,dFGXes1eMnaVWN7f,20,poia-demo-bank,,,,zt_authenticator,,,,1789046973.87,,"{""scenario"": """", ""client_ts"": 1789046973.87}"
1789046973,pending_served,dFGXes1eMnaVWN7f,20,poia-demo-bank,deposit,pending,,zt_authenticator,,1789046973,1789047033,,,
1789046975,pending_served,dFGXes1eMnaVWN7f,20,poia-demo-bank,deposit,pending,,zt_authenticator,,1789046973,1789047033,,,
1789046977,intent_approve,dFGXes1eMnaVWN7f,20,poia-demo-bank,deposit,approved,,zt_authenticator,3245,1789046973,1789047033,,,
1789046978,zt_status_approved,dFGXes1eMnaVWN7f,20,poia-demo-bank,,approved,,zt_authenticator,,,,1789046978.425,,"{""scenario"": """", ""client_ts"": 1789046978.425, ""status"": ""approved""}"
1789046978,intent_execute,dFGXes1eMnaVWN7f,20,poia-demo-bank,deposit,approved,,,,1789046973,1789047033,,,
1789046988,intent_created,VkPLPwnkEjGyHl5T,20,poia-demo-bank,withdrawal,pending,,,,1789046988,1789047048,,,"{""scope"": {""account_id"": 37, ""amount"": 673.0, ""currency"": ""USD""}}"
1789046988,zt_auto_start,VkPLPwnkEjGyHl5T,20,poia-demo-bank,,,,zt_authenticator,,,,1789046988.739,,"{""scenario"": """", ""client_ts"": 1789046988.739}"
1789046988,intent_loaded,VkPLPwnkEjGyHl5T,20,poia-demo-bank,,,,zt_authenticator,,,,1789046988.739,,"{""scenario"": """", ""client_ts"": 1789046988.739}"
1789046988,pending_served,VkPLPwnkEjGyHl5T,20,poia-demo-bank,withdrawal,pending,,zt_authenticator,,1789046988,1789047048,,,
1789046989,pending_served,VkPLPwnkEjGyHl5T,20,poia-demo-bank,withdrawal,pending,,zt_authenticator,,1789046988,1789047048,,,
1789046991,intent_approve,VkPLPwnkEjGyHl5T,20,poia-demo-bank,withdrawal,approved,,zt_authenticator,2632,1789046988,1789047048,,,
1789046991,zt_status_approved,VkPLPwnkEjGyHl5T,20,poia-demo-bank,,approved,,zt_authenticator,,,,1789046991.793,,"{""scenario"": """", ""client_ts"": 1789046991.793, ""status"": ""approved""}"
1789046991,intent_execute,VkPLPwnkEjGyHl5T,20,poia-demo-bank,withdrawal,approved,,,,1789046988,1789047048,,,
1789046997,intent_created,bozyf_sqL-BZhUHa,20,poia-demo-bank,deposit,pending,,,,1789046997,1789047057,,,"{""scope"": {""account_id"": 37, ""amount"": 459.0, ""currency"": ""USD""}}"
1789046997,zt_auto_start,bozyf_sqL-BZhUHa,20,poia-demo-bank,,,,zt_authenticator,,,,1789046997.772,,"{""scenario"": """", ""client_ts"": 1789046997.772}"
1789046997,intent_loaded,bozyf_sqL-BZhUHa,20,poia-demo-bank,,,,zt_authenticator,,,,1789046997.772,,"{""scenario"": """", ""client_ts"": 1789046997.772}"
1789046997,pending_served,bozyf_sqL-BZhUHa,20,poia-demo-bank,deposit,pending,,zt_authenticator,,1789046997,1789047057,,,
1789046999,pending_served,bozyf_sqL-BZhUHa,20,poia-demo-bank,deposit,pending,,zt_authenticator,,1789046997,1789047057,,,
1789047000,intent_approve,bozyf_sqL-BZhUHa,20,poia-demo-bank,deposit,approved,,zt_authenticator,3135,1789046997,1789047057,,,
1789047002,zt_status_approved,bozyf_sqL-BZhUHa,20,poia-demo-bank,,approved,,zt_authenticator,,,,1789047002.353,,"{""scenario"": """", ""client_ts"": 1789047002.353, ""status"": ""approved""}"
1789047002,intent_execute,bozyf_sqL-BZhUHa,20,poia-demo-bank,deposit,approved,,,,1789046997,1789047057,,,
1789047010,intent_created,qy9NKCMaMdkt-BxD,20,poia-demo-bank,deposit,pending,,,,1789047010,1789047070,,,"{""scope"": {""account_id"": 37, ""amount"": 6473.0, ""currency"": ""USD""}}"
1789047010,zt_auto_start,qy9NKCMaMdkt-BxD,20,poia-demo-bank,,,,zt_authenticator,,,,1789047010.638,,"{""scenario"": """", ""client_ts"": 1789047010.638}"
1789047010,intent_loaded,qy9NKCMaMdkt-BxD,20,poia-demo-bank,,,,zt_authenticator,,,,1789047010.638,,"{""scenario"": """", ""client_ts"": 1789047010.638}"
1789047010,pending_served,qy9NKCMaMdkt-BxD,20,poia-demo-bank,deposit,pending,,zt_authenticator,,1789047010,1789047070,,,
1789047011,pending_served,qy9NKCMaMdkt-BxD,20,poia-demo-bank,deposit,pending,,zt_authenticator,,1789047010,1789047070,,,
1789047013,intent_approve,qy9NKCMaMdkt-BxD,20,poia-demo-bank,deposit,approved,,zt_authenticator,2560,1789047010,1789047070,,,
1789047013,zt_status_approved,qy9NKCMaMdkt-BxD,20,poia-demo-bank,,approved,,zt_authenticator,,,,1789047013.694,,"{""scenario"": """", ""client_ts"": 1789047013.694, ""status"": ""approved""}"
1789047013,intent_execute,qy9NKCMaMdkt-BxD,20,poia-demo-bank,deposit,approved,,,,1789047010,1789047070,,,
1789047019,intent_created,gwP6F7E8CBzVABpj,20,poia-demo-bank,deposit,pending,,,,1789047019,1789047079,,,"{""scope"": {""account_id"": 37, ""amount"": 875.0, ""currency"": ""USD""}}"
1789047019,zt_auto_start,gwP6F7E8CBzVABpj,20,poia-demo-bank,,,,zt_authenticator,,,,1789047019.813,,"{""scenario"": """", ""client_ts"": 1789047019.813}"
1789047019,intent_loaded,gwP6F7E8CBzVABpj,20,poia-demo-bank,,,,zt_authenticator,,,,1789047019.813,,"{""scenario"": """", ""client_ts"": 1789047019.813}"
1789047019,pending_served,gwP6F7E8CBzVABpj,20,poia-demo-bank,deposit,pending,,zt_authenticator,,1789047019,1789047079,,,
1789047021,pending_served,gwP6F7E8CBzVABpj,20,poia-demo-bank,deposit,pending,,zt_authenticator,,1789047019,1789047079,,,
1789047023,intent_approve,gwP6F7E8CBzVABpj,20,poia-demo-bank,deposit,approved,,zt_authenticator,3428,1789047019,1789047079,,,
1789047024,zt_status_approved,gwP6F7E8CBzVABpj,20,poia-demo-bank,,approved,,zt_authenticator,,,,1789047024.373,,"{""scenario"": """", ""client_ts"": 1789047024.373, ""status"": ""approved""}"
1789047024,intent_execute,gwP6F7E8CBzVABpj,20,poia-demo-bank,deposit,approved,,,,1789047019,1789047079,,,
1789047035,intent_created,zzNd9L4ahz0GW8gU,20,poia-demo-bank,withdrawal,pending,,,,1789047035,1789047095,,,"{""scope"": {""account_id"": 37, ""amount"": 8545.0, ""currency"": ""USD""}}"
1789047035,pending_served,zzNd9L4ahz0GW8gU,20,poia-demo-bank,withdrawal,pending,,zt_authenticator,,1789047035,1789047095,,,
1789047035,zt_auto_start,zzNd9L4ahz0GW8gU,20,poia-demo-bank,,,,zt_authenticator,,,,1789047035.651,,"{""scenario"": """", ""client_ts"": 1789047035.651}"
1789047035,intent_loaded,zzNd9L4ahz0GW8gU,20,poia-demo-bank,,,,zt_authenticator,,,,1789047035.65,,"{""scenario"": """", ""client_ts"": 1789047035.65}"
1789047035,pending_served,zzNd9L4ahz0GW8gU,20,poia-demo-bank,withdrawal,pending,,zt_authenticator,,1789047035,1789047095,,,
1789047037,intent_approve,zzNd9L4ahz0GW8gU,20,poia-demo-bank,withdrawal,approved,,zt_authenticator,1547,1789047035,1789047095,,,
1789047037,zt_status_approved,zzNd9L4ahz0GW8gU,20,poia-demo-bank,,approved,,zt_authenticator,,,,1789047037.212,,"{""scenario"": """", ""client_ts"": 1789047037.212, ""status"": ""approved""}"
1789047037,intent_execute,zzNd9L4ahz0GW8gU,20,poia-demo-bank,withdrawal,approved,,,,1789047035,1789047095,,,
1789047043,intent_created,HAAuk2k8HwBKIdhQ,20,poia-demo-bank,deposit,pending,,,,1789047043,1789047103,,,"{""scope"": {""account_id"": 37, ""amount"": 8347.0, ""currency"": ""USD""}}"
1789047043,zt_auto_start,HAAuk2k8HwBKIdhQ,20,poia-demo-bank,,,,zt_authenticator,,,,1789047043.67,,"{""scenario"": """", ""client_ts"": 1789047043.67}"
1789047043,intent_loaded,HAAuk2k8HwBKIdhQ,20,poia-demo-bank,,,,zt_authenticator,,,,1789047043.669,,"{""scenario"": """", ""client_ts"": 1789047043.669}"
1789047043,pending_served,HAAuk2k8HwBKIdhQ,20,poia-demo-bank,deposit,pending,,zt_authenticator,,1789047043,1789047103,,,
1789047045,pending_served,HAAuk2k8HwBKIdhQ,20,poia-demo-bank,deposit,pending,,zt_authenticator,,1789047043,1789047103,,,
1789047049,intent_approve,HAAuk2k8HwBKIdhQ,20,poia-demo-bank,deposit,approved,,zt_authenticator,5582,1789047043,1789047103,,,
1789047049,zt_status_approved,HAAuk2k8HwBKIdhQ,20,poia-demo-bank,,approved,,zt_authenticator,,,,1789047049.756,,"{""scenario"": """", ""client_ts"": 1789047049.756, ""status"": ""approved""}"
1789047049,intent_execute,HAAuk2k8HwBKIdhQ,20,poia-demo-bank,deposit,approved,,,,1789047043,1789047103,,,
1789047055,intent_created,DIBoP0nyELiZNqWN,20,poia-demo-bank,deposit,pending,,,,1789047055,1789047115,,,"{""scope"": {""account_id"": 37, ""amount"": 754.0, ""currency"": ""USD""}}"
1789047055,zt_auto_start,DIBoP0nyELiZNqWN,20,poia-demo-bank,,,,zt_authenticator,,,,1789047055.301,,"{""scenario"": """", ""client_ts"": 1789047055.301}"
1789047055,intent_loaded,DIBoP0nyELiZNqWN,20,poia-demo-bank,,,,zt_authenticator,,,,1789047055.3,,"{""scenario"": """", ""client_ts"": 1789047055.3}"
1789047055,pending_served,DIBoP0nyELiZNqWN,20,poia-demo-bank,deposit,pending,,zt_authenticator,,1789047055,1789047115,,,
1789047055,pending_served,DIBoP0nyELiZNqWN,20,poia-demo-bank,deposit,pending,,zt_authenticator,,1789047055,1789047115,,,
1789047057,intent_approve,DIBoP0nyELiZNqWN,20,poia-demo-bank,deposit,approved,,zt_authenticator,2056,1789047055,1789047115,,,
1789047058,zt_status_approved,DIBoP0nyELiZNqWN,20,poia-demo-bank,,approved,,zt_authenticator,,,,1789047058.362,,"{""scenario"": """", ""client_ts"": 1789047058.362, ""status"": ""approved""}"
1789047058,intent_execute,DIBoP0nyELiZNqWN,20,poia-demo-bank,deposit,approved,,,,1789047055,1789047115,,,
1789047067,intent_created,qu6fBgCB5E2QfiBR,20,poia-demo-bank,withdrawal,pending,,,,1789047067,1789047127,,,"{""scope"": {""account_id"": 38, ""amount"": 4637.0, ""currency"": ""USD""}}"
1789047067,zt_auto_start,qu6fBgCB5E2QfiBR,20,poia-demo-bank,,,,zt_authenticator,,,,1789047067.874,,"{""scenario"": """", ""client_ts"": 1789047067.874}"
1789047067,intent_loaded,qu6fBgCB5E2QfiBR,20,poia-demo-bank,,,,zt_authenticator,,,,1789047067.874,,"{""scenario"": """", ""client_ts"": 1789047067.874}"
1789047067,pending_served,qu6fBgCB5E2QfiBR,20,poia-demo-bank,withdrawal,pending,,zt_authenticator,,1789047067,1789047127,,,
1789047069,pending_served,qu6fBgCB5E2QfiBR,20,poia-demo-bank,withdrawal,pending,,zt_authenticator,,1789047067,1789047127,,,
1789047071,intent_approve,qu6fBgCB5E2QfiBR,20,poia-demo-bank,withdrawal,approved,,zt_authenticator,3525,1789047067,1789047127,,,
1789047072,zt_status_approved,qu6fBgCB5E2QfiBR,20,poia-demo-bank,,approved,,zt_authenticator,,,,1789047072.455,,"{""scenario"": """", ""client_ts"": 1789047072.455, ""status"": ""approved""}"
1789047072,intent_execute,qu6fBgCB5E2QfiBR,20,poia-demo-bank,withdrawal,approved,,,,1789047067,1789047127,,,
1789047093,intent_created,RPVbFVmMcvyEkMFv,20,poia-demo-bank,beneficiary_add,pending,,,,1789047093,1789047153,,,"{""scope"": {""name"": ""Mitomo"", ""bank"": ""PoIA Bank"", ""account_number"": ""7538""}}"
1789047093,zt_auto_start,RPVbFVmMcvyEkMFv,20,poia-demo-bank,,,,zt_authenticator,,,,1789047093.42,,"{""scenario"": """", ""client_ts"": 1789047093.42}"
1789047093,intent_loaded,RPVbFVmMcvyEkMFv,20,poia-demo-bank,,,,zt_authenticator,,,,1789047093.419,,"{""scenario"": """", ""client_ts"": 1789047093.419}"
1789047093,pending_served,RPVbFVmMcvyEkMFv,20,poia-demo-bank,beneficiary_add,pending,,zt_authenticator,,1789047093,1789047153,,,
1789047093,pending_served,RPVbFVmMcvyEkMFv,20,poia-demo-bank,beneficiary_add,pending,,zt_authenticator,,1789047093,1789047153,,,
1789047095,intent_approve,RPVbFVmMcvyEkMFv,20,poia-demo-bank,beneficiary_add,approved,,zt_authenticator,1811,1789047093,1789047153,,,
1789047096,zt_status_approved,RPVbFVmMcvyEkMFv,20,poia-demo-bank,,approved,,zt_authenticator,,,,1789047096.49,,"{""scenario"": """", ""client_ts"": 1789047096.49, ""status"": ""approved""}"
1789047096,intent_execute,RPVbFVmMcvyEkMFv,20,poia-demo-bank,beneficiary_add,approved,,,,1789047093,1789047153,,,
1789047115,intent_created,EbDtJp5lTQ9MiR00,20,poia-demo-bank,beneficiary_add,pending,,,,1789047115,1789047175,,,"{""scope"": {""name"": ""Mosa"", ""bank"": ""PoIA Bank"", ""account_number"": ""364578""}}"
1789047115,zt_auto_start,EbDtJp5lTQ9MiR00,20,poia-demo-bank,,,,zt_authenticator,,,,1789047115.437,,"{""scenario"": """", ""client_ts"": 1789047115.437}"
1789047115,intent_loaded,EbDtJp5lTQ9MiR00,20,poia-demo-bank,,,,zt_authenticator,,,,1789047115.436,,"{""scenario"": """", ""client_ts"": 1789047115.436}"
1789047115,pending_served,EbDtJp5lTQ9MiR00,20,poia-demo-bank,beneficiary_add,pending,,zt_authenticator,,1789047115,1789047175,,,
1789047115,pending_served,EbDtJp5lTQ9MiR00,20,poia-demo-bank,beneficiary_add,pending,,zt_authenticator,,1789047115,1789047175,,,
1789047118,intent_approve,EbDtJp5lTQ9MiR00,20,poia-demo-bank,beneficiary_add,approved,,zt_authenticator,3089,1789047115,1789047175,,,
1789047118,zt_status_approved,EbDtJp5lTQ9MiR00,20,poia-demo-bank,,approved,,zt_authenticator,,,,1789047118.513,,"{""scenario"": """", ""client_ts"": 1789047118.513, ""status"": ""approved""}"
1789047118,intent_execute,EbDtJp5lTQ9MiR00,20,poia-demo-bank,beneficiary_add,approved,,,,1789047115,1789047175,,,
1789047129,intent_created,Aubinzq4cbJ0Tq1B,20,poia-demo-bank,deposit,pending,,,,1789047129,1789047189,,,"{""scope"": {""account_id"": 37, ""amount"": 87534.0, ""currency"": ""USD""}}"
1789047130,zt_auto_start,Aubinzq4cbJ0Tq1B,20,poia-demo-bank,,,,zt_authenticator,,,,1789047130.024,,"{""scenario"": """", ""client_ts"": 1789047130.024}"
1789047130,intent_loaded,Aubinzq4cbJ0Tq1B,20,poia-demo-bank,,,,zt_authenticator,,,,1789047130.024,,"{""scenario"": """", ""client_ts"": 1789047130.024}"
1789047130,pending_served,Aubinzq4cbJ0Tq1B,20,poia-demo-bank,deposit,pending,,zt_authenticator,,1789047129,1789047189,,,
1789047131,pending_served,Aubinzq4cbJ0Tq1B,20,poia-demo-bank,deposit,pending,,zt_authenticator,,1789047129,1789047189,,,
1789047133,intent_approve,Aubinzq4cbJ0Tq1B,20,poia-demo-bank,deposit,approved,,zt_authenticator,3172,1789047129,1789047189,,,
1789047134,zt_status_approved,Aubinzq4cbJ0Tq1B,20,poia-demo-bank,,approved,,zt_authenticator,,,,1789047134.579,,"{""scenario"": """", ""client_ts"": 1789047134.579, ""status"": ""approved""}"
1789047134,intent_execute,Aubinzq4cbJ0Tq1B,20,poia-demo-bank,deposit,approved,,,,1789047129,1789047189,,,
1789047140,intent_created,Coap-1Cv_BcGBOuA,20,poia-demo-bank,deposit,pending,,,,1789047140,1789047200,,,"{""scope"": {""account_id"": 37, ""amount"": 87459.0, ""currency"": ""USD""}}"
1789047140,zt_auto_start,Coap-1Cv_BcGBOuA,20,poia-demo-bank,,,,zt_authenticator,,,,1789047140.376,,"{""scenario"": """", ""client_ts"": 1789047140.376}"
1789047140,intent_loaded,Coap-1Cv_BcGBOuA,20,poia-demo-bank,,,,zt_authenticator,,,,1789047140.376,,"{""scenario"": """", ""client_ts"": 1789047140.376}"
1789047140,pending_served,Coap-1Cv_BcGBOuA,20,poia-demo-bank,deposit,pending,,zt_authenticator,,1789047140,1789047200,,,
1789047141,pending_served,Coap-1Cv_BcGBOuA,20,poia-demo-bank,deposit,pending,,zt_authenticator,,1789047140,1789047200,,,
1789047143,intent_approve,Coap-1Cv_BcGBOuA,20,poia-demo-bank,deposit,approved,,zt_authenticator,2881,1789047140,1789047200,,,
1789047143,zt_status_approved,Coap-1Cv_BcGBOuA,20,poia-demo-bank,,approved,,zt_authenticator,,,,1789047143.429,,"{""scenario"": """", ""client_ts"": 1789047143.429, ""status"": ""approved""}"
1789047143,intent_execute,Coap-1Cv_BcGBOuA,20,poia-demo-bank,deposit,approved,,,,1789047140,1789047200,,,
1789047158,intent_created,udekvP50l3Y--HNB,20,poia-demo-bank,withdrawal,pending,,,,1789047158,1789047218,,,"{""scope"": {""account_id"": 38, ""amount"": 8554.0, ""currency"": ""USD""}}"
1789047158,zt_auto_start,udekvP50l3Y--HNB,20,poia-demo-bank,,,,zt_authenticator,,,,1789047158.655,,"{""scenario"": """", ""client_ts"": 1789047158.655}"
1789047158,intent_loaded,udekvP50l3Y--HNB,20,poia-demo-bank,,,,zt_authenticator,,,,1789047158.655,,"{""scenario"": """", ""client_ts"": 1789047158.655}"
1789047158,pending_served,udekvP50l3Y--HNB,20,poia-demo-bank,withdrawal,pending,,zt_authenticator,,1789047158,1789047218,,,
1789047159,pending_served,udekvP50l3Y--HNB,20,poia-demo-bank,withdrawal,pending,,zt_authenticator,,1789047158,1789047218,,,
1789047161,intent_approve,udekvP50l3Y--HNB,20,poia-demo-bank,withdrawal,approved,,zt_authenticator,2578,1789047158,1789047218,,,
1789047161,zt_status_approved,udekvP50l3Y--HNB,20,poia-demo-bank,,approved,,zt_authenticator,,,,1789047161.714,,"{""scenario"": """", ""client_ts"": 1789047161.714, ""status"": ""approved""}"
1789047161,intent_execute,udekvP50l3Y--HNB,20,poia-demo-bank,withdrawal,approved,,,,1789047158,1789047218,,,
1789047165,intent_created,D0W9_PIpqrruk9NF,20,poia-demo-bank,statement_export,pending,,,,1789047165,1789047225,,,"{""scope"": {""account_id"": """", ""txn_type"": """", ""date_from"": """", ""date_to"": """"}}"
1789047165,zt_auto_start,D0W9_PIpqrruk9NF,20,poia-demo-bank,,,,zt_authenticator,,,,1789047165.548,,"{""scenario"": """", ""client_ts"": 1789047165.548}"
1789047165,intent_loaded,D0W9_PIpqrruk9NF,20,poia-demo-bank,,,,zt_authenticator,,,,1789047165.548,,"{""scenario"": """", ""client_ts"": 1789047165.548}"
1789047165,pending_served,D0W9_PIpqrruk9NF,20,poia-demo-bank,statement_export,pending,,zt_authenticator,,1789047165,1789047225,,,
1789047165,pending_served,D0W9_PIpqrruk9NF,20,poia-demo-bank,statement_export,pending,,zt_authenticator,,1789047165,1789047225,,,
1789047167,intent_approve,D0W9_PIpqrruk9NF,20,poia-demo-bank,statement_export,approved,,zt_authenticator,1683,1789047165,1789047225,,,
1789047168,zt_status_approved,D0W9_PIpqrruk9NF,20,poia-demo-bank,,approved,,zt_authenticator,,,,1789047168.613,,"{""scenario"": """", ""client_ts"": 1789047168.613, ""status"": ""approved""}"
1789047168,intent_execute,D0W9_PIpqrruk9NF,20,poia-demo-bank,statement_export,approved,,,,1789047165,1789047225,,,
1789047215,intent_created,TPD1tJKtZvhdBX_V,20,poia-demo-bank,beneficiary_edit,pending,,,,1789047215,1789047275,,,"{""scope"": {""beneficiary_id"": 21, ""name"": ""Aster Research Services"", ""bank"": ""Northbridge Bank"", ""account_number"": ""315902""}}"
1789047215,zt_auto_start,TPD1tJKtZvhdBX_V,20,poia-demo-bank,,,,zt_authenticator,,,,1789047215.933,,"{""scenario"": """", ""client_ts"": 1789047215.933}"
1789047215,intent_loaded,TPD1tJKtZvhdBX_V,20,poia-demo-bank,,,,zt_authenticator,,,,1789047215.932,,"{""scenario"": """", ""client_ts"": 1789047215.932}"
1789047215,pending_served,TPD1tJKtZvhdBX_V,20,poia-demo-bank,beneficiary_edit,pending,,zt_authenticator,,1789047215,1789047275,,,
1789047217,pending_served,TPD1tJKtZvhdBX_V,20,poia-demo-bank,beneficiary_edit,pending,,zt_authenticator,,1789047215,1789047275,,,
1789047219,intent_approve,TPD1tJKtZvhdBX_V,20,poia-demo-bank,beneficiary_edit,approved,,zt_authenticator,3307,1789047215,1789047275,,,
1789047220,zt_status_approved,TPD1tJKtZvhdBX_V,20,poia-demo-bank,,approved,,zt_authenticator,,,,1789047220.489,,"{""scenario"": """", ""client_ts"": 1789047220.489, ""status"": ""approved""}"
1789047220,intent_execute,TPD1tJKtZvhdBX_V,20,poia-demo-bank,beneficiary_edit,approved,,,,1789047215,1789047275,,,
1789047229,intent_created,GTVDj35Km895gLE7,20,poia-demo-bank,transfer,pending,,,,1789047229,1789047289,,,"{""scope"": {""from_account"": 37, ""amount"": 3468.0, ""currency"": ""USD"", ""beneficiary_id"": 44, ""beneficiary_name"": ""Mitomo""}}"
1789047229,zt_auto_start,GTVDj35Km895gLE7,20,poia-demo-bank,,,,zt_authenticator,,,,1789047229.46,,"{""scenario"": """", ""client_ts"": 1789047229.46}"
1789047229,intent_loaded,GTVDj35Km895gLE7,20,poia-demo-bank,,,,zt_authenticator,,,,1789047229.46,,"{""scenario"": """", ""client_ts"": 1789047229.46}"
1789047229,pending_served,GTVDj35Km895gLE7,20,poia-demo-bank,transfer,pending,,zt_authenticator,,1789047229,1789047289,,,
1789047229,pending_served,GTVDj35Km895gLE7,20,poia-demo-bank,transfer,pending,,zt_authenticator,,1789047229,1789047289,,,
1789047231,intent_approve,GTVDj35Km895gLE7,20,poia-demo-bank,transfer,approved,,zt_authenticator,1778,1789047229,1789047289,,,
1789047232,zt_status_approved,GTVDj35Km895gLE7,20,poia-demo-bank,,approved,,zt_authenticator,,,,1789047232.513,,"{""scenario"": """", ""client_ts"": 1789047232.513, ""status"": ""approved""}"
1789047232,intent_execute,GTVDj35Km895gLE7,20,poia-demo-bank,transfer,approved,,,,1789047229,1789047289,,,
1789047244,intent_created,OM5_7i8Ky4vmvHBM,20,poia-demo-bank,transfer,pending,,,,1789047244,1789047304,,,"{""scope"": {""from_account"": 37, ""amount"": 3477.0, ""currency"": ""USD"", ""beneficiary_id"": 45, ""beneficiary_name"": ""Mosa""}}"
1789047244,zt_auto_start,OM5_7i8Ky4vmvHBM,20,poia-demo-bank,,,,zt_authenticator,,,,1789047244.275,,"{""scenario"": """", ""client_ts"": 1789047244.275}"
1789047244,intent_loaded,OM5_7i8Ky4vmvHBM,20,poia-demo-bank,,,,zt_authenticator,,,,1789047244.274,,"{""scenario"": """", ""client_ts"": 1789047244.274}"
1789047244,pending_served,OM5_7i8Ky4vmvHBM,20,poia-demo-bank,transfer,pending,,zt_authenticator,,1789047244,1789047304,,,
1789047245,pending_served,OM5_7i8Ky4vmvHBM,20,poia-demo-bank,transfer,pending,,zt_authenticator,,1789047244,1789047304,,,
1789047249,intent_approve,OM5_7i8Ky4vmvHBM,20,poia-demo-bank,transfer,approved,,zt_authenticator,4956,1789047244,1789047304,,,
1789047250,zt_status_approved,OM5_7i8Ky4vmvHBM,20,poia-demo-bank,,approved,,zt_authenticator,,,,1789047250.356,,"{""scenario"": """", ""client_ts"": 1789047250.356, ""status"": ""approved""}"
1789047250,intent_execute,OM5_7i8Ky4vmvHBM,20,poia-demo-bank,transfer,approved,,,,1789047244,1789047304,,,
1789047261,intent_created,8vuzcDvCoKq_f8Mh,20,poia-demo-bank,transfer,pending,,,,1789047261,1789047321,,,"{""scope"": {""from_account"": 37, ""amount"": 8347.0, ""currency"": ""USD"", ""beneficiary_id"": 44, ""beneficiary_name"": ""Mitomo""}}"
1789047261,zt_auto_start,8vuzcDvCoKq_f8Mh,20,poia-demo-bank,,,,zt_authenticator,,,,1789047261.563,,"{""scenario"": """", ""client_ts"": 1789047261.563}"
1789047261,intent_loaded,8vuzcDvCoKq_f8Mh,20,poia-demo-bank,,,,zt_authenticator,,,,1789047261.563,,"{""scenario"": """", ""client_ts"": 1789047261.563}"
1789047261,pending_served,8vuzcDvCoKq_f8Mh,20,poia-demo-bank,transfer,pending,,zt_authenticator,,1789047261,1789047321,,,
1789047261,pending_served,8vuzcDvCoKq_f8Mh,20,poia-demo-bank,transfer,pending,,zt_authenticator,,1789047261,1789047321,,,
1789047263,intent_approve,8vuzcDvCoKq_f8Mh,20,poia-demo-bank,transfer,approved,,zt_authenticator,2126,1789047261,1789047321,,,
1789047264,zt_status_approved,8vuzcDvCoKq_f8Mh,20,poia-demo-bank,,approved,,zt_authenticator,,,,1789047264.64,,"{""scenario"": """", ""client_ts"": 1789047264.64, ""status"": ""approved""}"
1789047264,intent_execute,8vuzcDvCoKq_f8Mh,20,poia-demo-bank,transfer,approved,,,,1789047261,1789047321,,,
1789047270,intent_created,NhJt_6N2YGIkTkO2,20,poia-demo-bank,transfer,pending,,,,1789047270,1789047330,,,"{""scope"": {""from_account"": 37, ""amount"": 954.0, ""currency"": ""USD"", ""beneficiary_id"": 21, ""beneficiary_name"": ""Aster Research Services""}}"
1789047270,zt_auto_start,NhJt_6N2YGIkTkO2,20,poia-demo-bank,,,,zt_authenticator,,,,1789047270.748,,"{""scenario"": """", ""client_ts"": 1789047270.748}"
1789047270,intent_loaded,NhJt_6N2YGIkTkO2,20,poia-demo-bank,,,,zt_authenticator,,,,1789047270.748,,"{""scenario"": """", ""client_ts"": 1789047270.748}"
1789047270,pending_served,NhJt_6N2YGIkTkO2,20,poia-demo-bank,transfer,pending,,zt_authenticator,,1789047270,1789047330,,,
1789047271,pending_served,NhJt_6N2YGIkTkO2,20,poia-demo-bank,transfer,pending,,zt_authenticator,,1789047270,1789047330,,,
1789047273,intent_approve,NhJt_6N2YGIkTkO2,20,poia-demo-bank,transfer,approved,,zt_authenticator,2389,1789047270,1789047330,,,
1789047273,zt_status_approved,NhJt_6N2YGIkTkO2,20,poia-demo-bank,,approved,,zt_authenticator,,,,1789047273.803,,"{""scenario"": """", ""client_ts"": 1789047273.803, ""status"": ""approved""}"
1789047273,intent_execute,NhJt_6N2YGIkTkO2,20,poia-demo-bank,transfer,approved,,,,1789047270,1789047330,,,
1789047288,intent_created,AW6HceZMeo_nYsxb,20,poia-demo-bank,withdrawal,pending,,,,1789047288,1789047348,,,"{""scope"": {""account_id"": 37, ""amount"": 8500.0, ""currency"": ""USD""}}"
1789047288,zt_auto_start,AW6HceZMeo_nYsxb,20,poia-demo-bank,,,,zt_authenticator,,,,1789047288.906,,"{""scenario"": """", ""client_ts"": 1789047288.906}"
1789047288,intent_loaded,AW6HceZMeo_nYsxb,20,poia-demo-bank,,,,zt_authenticator,,,,1789047288.905,,"{""scenario"": """", ""client_ts"": 1789047288.905}"
1789047288,pending_served,AW6HceZMeo_nYsxb,20,poia-demo-bank,withdrawal,pending,,zt_authenticator,,1789047288,1789047348,,,
1789047289,pending_served,AW6HceZMeo_nYsxb,20,poia-demo-bank,withdrawal,pending,,zt_authenticator,,1789047288,1789047348,,,
1789047291,intent_approve,AW6HceZMeo_nYsxb,20,poia-demo-bank,withdrawal,approved,,zt_authenticator,3018,1789047288,1789047348,,,
1789047291,zt_status_approved,AW6HceZMeo_nYsxb,20,poia-demo-bank,,approved,,zt_authenticator,,,,1789047291.963,,"{""scenario"": """", ""client_ts"": 1789047291.963, ""status"": ""approved""}"
1789047291,intent_execute,AW6HceZMeo_nYsxb,20,poia-demo-bank,withdrawal,approved,,,,1789047288,1789047348,,,
1789047299,intent_created,PkR4jPKlGRtoms4G,20,poia-demo-bank,deposit,pending,,,,1789047299,1789047359,,,"{""scope"": {""account_id"": 37, ""amount"": 8454.0, ""currency"": ""USD""}}"
1789047299,zt_auto_start,PkR4jPKlGRtoms4G,20,poia-demo-bank,,,,zt_authenticator,,,,1789047299.58,,"{""scenario"": """", ""client_ts"": 1789047299.58}"
1789047299,intent_loaded,PkR4jPKlGRtoms4G,20,poia-demo-bank,,,,zt_authenticator,,,,1789047299.58,,"{""scenario"": """", ""client_ts"": 1789047299.58}"
1789047299,pending_served,PkR4jPKlGRtoms4G,20,poia-demo-bank,deposit,pending,,zt_authenticator,,1789047299,1789047359,,,
1789047299,pending_served,PkR4jPKlGRtoms4G,20,poia-demo-bank,deposit,pending,,zt_authenticator,,1789047299,1789047359,,,
1789047301,intent_approve,PkR4jPKlGRtoms4G,20,poia-demo-bank,deposit,approved,,zt_authenticator,1666,1789047299,1789047359,,,
1789047302,zt_status_approved,PkR4jPKlGRtoms4G,20,poia-demo-bank,,approved,,zt_authenticator,,,,1789047302.647,,"{""scenario"": """", ""client_ts"": 1789047302.647, ""status"": ""approved""}"
1789047302,intent_execute,PkR4jPKlGRtoms4G,20,poia-demo-bank,deposit,approved,,,,1789047299,1789047359,,,
1789047312,intent_created,-pdkqN6nJ9HniALu,20,poia-demo-bank,withdrawal,pending,,,,1789047312,1789047372,,,"{""scope"": {""account_id"": 37, ""amount"": 94545.0, ""currency"": ""USD""}}"
1789047312,zt_auto_start,-pdkqN6nJ9HniALu,20,poia-demo-bank,,,,zt_authenticator,,,,1789047312.606,,"{""scenario"": """", ""client_ts"": 1789047312.606}"
1789047312,intent_loaded,-pdkqN6nJ9HniALu,20,poia-demo-bank,,,,zt_authenticator,,,,1789047312.605,,"{""scenario"": """", ""client_ts"": 1789047312.605}"
1789047312,pending_served,-pdkqN6nJ9HniALu,20,poia-demo-bank,withdrawal,pending,,zt_authenticator,,1789047312,1789047372,,,
1789047313,pending_served,-pdkqN6nJ9HniALu,20,poia-demo-bank,withdrawal,pending,,zt_authenticator,,1789047312,1789047372,,,
1789047315,intent_approve,-pdkqN6nJ9HniALu,20,poia-demo-bank,withdrawal,approved,,zt_authenticator,2528,1789047312,1789047372,,,
1789047315,zt_status_approved,-pdkqN6nJ9HniALu,20,poia-demo-bank,,approved,,zt_authenticator,,,,1789047315.661,,"{""scenario"": """", ""client_ts"": 1789047315.661, ""status"": ""approved""}"
1789047315,intent_execute,-pdkqN6nJ9HniALu,20,poia-demo-bank,withdrawal,approved,,,,1789047312,1789047372,,,
1789047794,intent_created,IXjKPvpCuDdNNpRj,20,poia-demo-bank,deposit,pending,,,,1789047794,1789047854,,,"{""scope"": {""account_id"": 37, ""amount"": 664.0, ""currency"": ""USD""}}"
1789047794,zt_auto_start,IXjKPvpCuDdNNpRj,20,poia-demo-bank,,,,zt_authenticator,,,,1789047794.196,,"{""scenario"": """", ""client_ts"": 1789047794.196}"
1789047794,intent_loaded,IXjKPvpCuDdNNpRj,20,poia-demo-bank,,,,zt_authenticator,,,,1789047794.195,,"{""scenario"": """", ""client_ts"": 1789047794.195}"
1789047794,pending_served,IXjKPvpCuDdNNpRj,20,poia-demo-bank,deposit,pending,,zt_authenticator,,1789047794,1789047854,,,
1789047795,pending_served,IXjKPvpCuDdNNpRj,20,poia-demo-bank,deposit,pending,,zt_authenticator,,1789047794,1789047854,,,
1789047797,intent_approve,IXjKPvpCuDdNNpRj,20,poia-demo-bank,deposit,approved,,zt_authenticator,2984,1789047794,1789047854,,,
1789047797,zt_status_approved,IXjKPvpCuDdNNpRj,20,poia-demo-bank,,approved,,zt_authenticator,,,,1789047797.242,,"{""scenario"": """", ""client_ts"": 1789047797.242, ""status"": ""approved""}"
1789047797,intent_execute,IXjKPvpCuDdNNpRj,20,poia-demo-bank,deposit,approved,,,,1789047794,1789047854,,,
1789047804,intent_created,M2Ok4ajtVOD4nIal,20,poia-demo-bank,deposit,pending,,,,1789047804,1789047864,,,"{""scope"": {""account_id"": 37, ""amount"": 868.0, ""currency"": ""USD""}}"
1789047804,zt_auto_start,M2Ok4ajtVOD4nIal,20,poia-demo-bank,,,,zt_authenticator,,,,1789047804.146,,"{""scenario"": """", ""client_ts"": 1789047804.146}"
1789047804,intent_loaded,M2Ok4ajtVOD4nIal,20,poia-demo-bank,,,,zt_authenticator,,,,1789047804.145,,"{""scenario"": """", ""client_ts"": 1789047804.145}"
1789047804,pending_served,M2Ok4ajtVOD4nIal,20,poia-demo-bank,deposit,pending,,zt_authenticator,,1789047804,1789047864,,,
1789047805,pending_served,M2Ok4ajtVOD4nIal,20,poia-demo-bank,deposit,pending,,zt_authenticator,,1789047804,1789047864,,,
1789047807,intent_approve,M2Ok4ajtVOD4nIal,20,poia-demo-bank,deposit,approved,,zt_authenticator,2981,1789047804,1789047864,,,
1789047807,zt_status_approved,M2Ok4ajtVOD4nIal,20,poia-demo-bank,,approved,,zt_authenticator,,,,1789047807.184,,"{""scenario"": """", ""client_ts"": 1789047807.184, ""status"": ""approved""}"
1789047807,intent_execute,M2Ok4ajtVOD4nIal,20,poia-demo-bank,deposit,approved,,,,1789047804,1789047864,,,
1789047812,intent_created,K9Wns_VJCvMIjVow,20,poia-demo-bank,deposit,pending,,,,1789047812,1789047872,,,"{""scope"": {""account_id"": 37, ""amount"": 9754.0, ""currency"": ""USD""}}"
1789047812,zt_auto_start,K9Wns_VJCvMIjVow,20,poia-demo-bank,,,,zt_authenticator,,,,1789047812.196,,"{""scenario"": """", ""client_ts"": 1789047812.196}"
1789047812,intent_loaded,K9Wns_VJCvMIjVow,20,poia-demo-bank,,,,zt_authenticator,,,,1789047812.196,,"{""scenario"": """", ""client_ts"": 1789047812.196}"
1789047812,pending_served,K9Wns_VJCvMIjVow,20,poia-demo-bank,deposit,pending,,zt_authenticator,,1789047812,1789047872,,,
1789047813,pending_served,K9Wns_VJCvMIjVow,20,poia-demo-bank,deposit,pending,,zt_authenticator,,1789047812,1789047872,,,
1789047815,intent_approve,K9Wns_VJCvMIjVow,20,poia-demo-bank,deposit,approved,,zt_authenticator,2962,1789047812,1789047872,,,
1789047815,zt_status_approved,K9Wns_VJCvMIjVow,20,poia-demo-bank,,approved,,zt_authenticator,,,,1789047815.242,,"{""scenario"": """", ""client_ts"": 1789047815.242, ""status"": ""approved""}"
1789047815,intent_execute,K9Wns_VJCvMIjVow,20,poia-demo-bank,deposit,approved,,,,1789047812,1789047872,,,
1789047820,intent_created,o2wD3dCOTUzttIFo,20,poia-demo-bank,deposit,pending,,,,1789047820,1789047880,,,"{""scope"": {""account_id"": 37, ""amount"": 745.0, ""currency"": ""USD""}}"
1789047820,zt_auto_start,o2wD3dCOTUzttIFo,20,poia-demo-bank,,,,zt_authenticator,,,,1789047820.461,,"{""scenario"": """", ""client_ts"": 1789047820.461}"
1789047820,intent_loaded,o2wD3dCOTUzttIFo,20,poia-demo-bank,,,,zt_authenticator,,,,1789047820.461,,"{""scenario"": """", ""client_ts"": 1789047820.461}"
1789047820,pending_served,o2wD3dCOTUzttIFo,20,poia-demo-bank,deposit,pending,,zt_authenticator,,1789047820,1789047880,,,
1789047821,pending_served,o2wD3dCOTUzttIFo,20,poia-demo-bank,deposit,pending,,zt_authenticator,,1789047820,1789047880,,,
1789047822,intent_approve,o2wD3dCOTUzttIFo,20,poia-demo-bank,deposit,approved,,zt_authenticator,2324,1789047820,1789047880,,,
1789047823,zt_status_approved,o2wD3dCOTUzttIFo,20,poia-demo-bank,,approved,,zt_authenticator,,,,1789047823.519,,"{""scenario"": """", ""client_ts"": 1789047823.519, ""status"": ""approved""}"
1789047823,intent_execute,o2wD3dCOTUzttIFo,20,poia-demo-bank,deposit,approved,,,,1789047820,1789047880,,,
1789047830,intent_created,GbqtQKjbHPhDeXT5,20,poia-demo-bank,transfer,pending,,,,1789047830,1789047890,,,"{""scope"": {""from_account"": 37, ""amount"": 788.0, ""currency"": ""USD"", ""beneficiary_id"": 44, ""beneficiary_name"": ""Mitomo""}}"
1789047830,zt_auto_start,GbqtQKjbHPhDeXT5,20,poia-demo-bank,,,,zt_authenticator,,,,1789047830.899,,"{""scenario"": """", ""client_ts"": 1789047830.899}"
1789047830,intent_loaded,GbqtQKjbHPhDeXT5,20,poia-demo-bank,,,,zt_authenticator,,,,1789047830.899,,"{""scenario"": """", ""client_ts"": 1789047830.899}"
1789047830,pending_served,GbqtQKjbHPhDeXT5,20,poia-demo-bank,transfer,pending,,zt_authenticator,,1789047830,1789047890,,,
1789047831,pending_served,GbqtQKjbHPhDeXT5,20,poia-demo-bank,transfer,pending,,zt_authenticator,,1789047830,1789047890,,,
1789047833,intent_approve,GbqtQKjbHPhDeXT5,20,poia-demo-bank,transfer,approved,,zt_authenticator,2247,1789047830,1789047890,,,
1789047833,zt_status_approved,GbqtQKjbHPhDeXT5,20,poia-demo-bank,,approved,,zt_authenticator,,,,1789047833.953,,"{""scenario"": """", ""client_ts"": 1789047833.953, ""status"": ""approved""}"
1789047833,intent_execute,GbqtQKjbHPhDeXT5,20,poia-demo-bank,transfer,approved,,,,1789047830,1789047890,,,
1789047838,intent_created,gIBxf9JKrPeGKoqP,20,poia-demo-bank,deposit,pending,,,,1789047838,1789047898,,,"{""scope"": {""account_id"": 37, ""amount"": 8634.0, ""currency"": ""USD""}}"
1789047838,zt_auto_start,gIBxf9JKrPeGKoqP,20,poia-demo-bank,,,,zt_authenticator,,,,1789047838.43,,"{""scenario"": """", ""client_ts"": 1789047838.43}"
1789047838,intent_loaded,gIBxf9JKrPeGKoqP,20,poia-demo-bank,,,,zt_authenticator,,,,1789047838.43,,"{""scenario"": """", ""client_ts"": 1789047838.43}"
1789047838,pending_served,gIBxf9JKrPeGKoqP,20,poia-demo-bank,deposit,pending,,zt_authenticator,,1789047838,1789047898,,,
1789047839,pending_served,gIBxf9JKrPeGKoqP,20,poia-demo-bank,deposit,pending,,zt_authenticator,,1789047838,1789047898,,,
1789047840,intent_approve,gIBxf9JKrPeGKoqP,20,poia-demo-bank,deposit,approved,,zt_authenticator,2065,1789047838,1789047898,,,
1789047841,zt_status_approved,gIBxf9JKrPeGKoqP,20,poia-demo-bank,,approved,,zt_authenticator,,,,1789047841.479,,"{""scenario"": """", ""client_ts"": 1789047841.479, ""status"": ""approved""}"
1789047841,intent_execute,gIBxf9JKrPeGKoqP,20,poia-demo-bank,deposit,approved,,,,1789047838,1789047898,,,
1789047849,intent_created,pNKkYgrkpDjJH1KO,20,poia-demo-bank,withdrawal,pending,,,,1789047849,1789047909,,,"{""scope"": {""account_id"": 37, ""amount"": 8634.0, ""currency"": ""USD""}}"
1789047849,zt_auto_start,pNKkYgrkpDjJH1KO,20,poia-demo-bank,,,,zt_authenticator,,,,1789047849.914,,"{""scenario"": """", ""client_ts"": 1789047849.914}"
1789047849,intent_loaded,pNKkYgrkpDjJH1KO,20,poia-demo-bank,,,,zt_authenticator,,,,1789047849.913,,"{""scenario"": """", ""client_ts"": 1789047849.913}"
1789047849,pending_served,pNKkYgrkpDjJH1KO,20,poia-demo-bank,withdrawal,pending,,zt_authenticator,,1789047849,1789047909,,,
1789047851,pending_served,pNKkYgrkpDjJH1KO,20,poia-demo-bank,withdrawal,pending,,zt_authenticator,,1789047849,1789047909,,,
1789047852,intent_approve,pNKkYgrkpDjJH1KO,20,poia-demo-bank,withdrawal,approved,,zt_authenticator,2570,1789047849,1789047909,,,
1789047852,zt_status_approved,pNKkYgrkpDjJH1KO,20,poia-demo-bank,,approved,,zt_authenticator,,,,1789047852.962,,"{""scenario"": """", ""client_ts"": 1789047852.962, ""status"": ""approved""}"
1789047852,intent_execute,pNKkYgrkpDjJH1KO,20,poia-demo-bank,withdrawal,approved,,,,1789047849,1789047909,,,
1789047857,intent_created,K0DT4i37Il2UZvzf,20,poia-demo-bank,deposit,pending,,,,1789047857,1789047917,,,"{""scope"": {""account_id"": 37, ""amount"": 7834.0, ""currency"": ""USD""}}"
1789047857,zt_auto_start,K0DT4i37Il2UZvzf,20,poia-demo-bank,,,,zt_authenticator,,,,1789047857.803,,"{""scenario"": """", ""client_ts"": 1789047857.803}"
1789047857,intent_loaded,K0DT4i37Il2UZvzf,20,poia-demo-bank,,,,zt_authenticator,,,,1789047857.803,,"{""scenario"": """", ""client_ts"": 1789047857.803}"
1789047857,pending_served,K0DT4i37Il2UZvzf,20,poia-demo-bank,deposit,pending,,zt_authenticator,,1789047857,1789047917,,,
1789047859,pending_served,K0DT4i37Il2UZvzf,20,poia-demo-bank,deposit,pending,,zt_authenticator,,1789047857,1789047917,,,
1789047860,intent_approve,K0DT4i37Il2UZvzf,20,poia-demo-bank,deposit,approved,,zt_authenticator,2829,1789047857,1789047917,,,
1789047860,zt_status_approved,K0DT4i37Il2UZvzf,20,poia-demo-bank,,approved,,zt_authenticator,,,,1789047860.847,,"{""scenario"": """", ""client_ts"": 1789047860.847, ""status"": ""approved""}"
1789047860,intent_execute,K0DT4i37Il2UZvzf,20,poia-demo-bank,deposit,approved,,,,1789047857,1789047917,,,
1789047867,intent_created,6eEmf25WNP7jb-jE,20,poia-demo-bank,deposit,pending,,,,1789047867,1789047927,,,"{""scope"": {""account_id"": 37, ""amount"": 7567.0, ""currency"": ""USD""}}"
1789047867,zt_auto_start,6eEmf25WNP7jb-jE,20,poia-demo-bank,,,,zt_authenticator,,,,1789047867.129,,"{""scenario"": """", ""client_ts"": 1789047867.129}"
1789047867,intent_loaded,6eEmf25WNP7jb-jE,20,poia-demo-bank,,,,zt_authenticator,,,,1789047867.129,,"{""scenario"": """", ""client_ts"": 1789047867.129}"
1789047867,pending_served,6eEmf25WNP7jb-jE,20,poia-demo-bank,deposit,pending,,zt_authenticator,,1789047867,1789047927,,,
1789047867,pending_served,6eEmf25WNP7jb-jE,20,poia-demo-bank,deposit,pending,,zt_authenticator,,1789047867,1789047927,,,
1789047869,intent_approve,6eEmf25WNP7jb-jE,20,poia-demo-bank,deposit,approved,,zt_authenticator,2050,1789047867,1789047927,,,
1789047870,zt_status_approved,6eEmf25WNP7jb-jE,20,poia-demo-bank,,approved,,zt_authenticator,,,,1789047870.185,,"{""scenario"": """", ""client_ts"": 1789047870.185, ""status"": ""approved""}"
1789047870,intent_execute,6eEmf25WNP7jb-jE,20,poia-demo-bank,deposit,approved,,,,1789047867,1789047927,,,
1789047875,intent_created,g0qd9Mn28qUdRRQB,20,poia-demo-bank,deposit,pending,,,,1789047875,1789047935,,,"{""scope"": {""account_id"": 37, ""amount"": 684.0, ""currency"": ""USD""}}"
1789047875,zt_auto_start,g0qd9Mn28qUdRRQB,20,poia-demo-bank,,,,zt_authenticator,,,,1789047875.132,,"{""scenario"": """", ""client_ts"": 1789047875.132}"
1789047875,intent_loaded,g0qd9Mn28qUdRRQB,20,poia-demo-bank,,,,zt_authenticator,,,,1789047875.131,,"{""scenario"": """", ""client_ts"": 1789047875.131}"
1789047875,pending_served,g0qd9Mn28qUdRRQB,20,poia-demo-bank,deposit,pending,,zt_authenticator,,1789047875,1789047935,,,
1789047875,pending_served,g0qd9Mn28qUdRRQB,20,poia-demo-bank,deposit,pending,,zt_authenticator,,1789047875,1789047935,,,
1789047877,intent_approve,g0qd9Mn28qUdRRQB,20,poia-demo-bank,deposit,approved,,zt_authenticator,2027,1789047875,1789047935,,,
1789047878,zt_status_approved,g0qd9Mn28qUdRRQB,20,poia-demo-bank,,approved,,zt_authenticator,,,,1789047878.186,,"{""scenario"": """", ""client_ts"": 1789047878.186, ""status"": ""approved""}"
1789047878,intent_execute,g0qd9Mn28qUdRRQB,20,poia-demo-bank,deposit,approved,,,,1789047875,1789047935,,,
1789047887,intent_created,fJ__WHE9jYWH-AjY,20,poia-demo-bank,deposit,pending,,,,1789047887,1789047947,,,"{""scope"": {""account_id"": 37, ""amount"": 6834.0, ""currency"": ""USD""}}"
1789047887,zt_auto_start,fJ__WHE9jYWH-AjY,20,poia-demo-bank,,,,zt_authenticator,,,,1789047887.321,,"{""scenario"": """", ""client_ts"": 1789047887.321}"
1789047887,intent_loaded,fJ__WHE9jYWH-AjY,20,poia-demo-bank,,,,zt_authenticator,,,,1789047887.321,,"{""scenario"": """", ""client_ts"": 1789047887.321}"
1789047887,pending_served,fJ__WHE9jYWH-AjY,20,poia-demo-bank,deposit,pending,,zt_authenticator,,1789047887,1789047947,,,
1789047887,pending_served,fJ__WHE9jYWH-AjY,20,poia-demo-bank,deposit,pending,,zt_authenticator,,1789047887,1789047947,,,
1789047889,intent_approve,fJ__WHE9jYWH-AjY,20,poia-demo-bank,deposit,approved,,zt_authenticator,2371,1789047887,1789047947,,,
1789047890,zt_status_approved,fJ__WHE9jYWH-AjY,20,poia-demo-bank,,approved,,zt_authenticator,,,,1789047890.384,,"{""scenario"": """", ""client_ts"": 1789047890.384, ""status"": ""approved""}"
1789047890,intent_execute,fJ__WHE9jYWH-AjY,20,poia-demo-bank,deposit,approved,,,,1789047887,1789047947,,,
1789047896,intent_created,Vt3X1kXxm3ewwpZj,20,poia-demo-bank,withdrawal,pending,,,,1789047896,1789047956,,,"{""scope"": {""account_id"": 37, ""amount"": 873.0, ""currency"": ""USD""}}"
1789047896,zt_auto_start,Vt3X1kXxm3ewwpZj,20,poia-demo-bank,,,,zt_authenticator,,,,1789047896.355,,"{""scenario"": """", ""client_ts"": 1789047896.355}"
1789047896,intent_loaded,Vt3X1kXxm3ewwpZj,20,poia-demo-bank,,,,zt_authenticator,,,,1789047896.355,,"{""scenario"": """", ""client_ts"": 1789047896.355}"
1789047896,pending_served,Vt3X1kXxm3ewwpZj,20,poia-demo-bank,withdrawal,pending,,zt_authenticator,,1789047896,1789047956,,,
1789047897,pending_served,Vt3X1kXxm3ewwpZj,20,poia-demo-bank,withdrawal,pending,,zt_authenticator,,1789047896,1789047956,,,
1789047899,intent_approve,Vt3X1kXxm3ewwpZj,20,poia-demo-bank,withdrawal,approved,,zt_authenticator,2834,1789047896,1789047956,,,
1789047899,zt_status_approved,Vt3X1kXxm3ewwpZj,20,poia-demo-bank,,approved,,zt_authenticator,,,,1789047899.402,,"{""scenario"": """", ""client_ts"": 1789047899.402, ""status"": ""approved""}"
1789047899,intent_execute,Vt3X1kXxm3ewwpZj,20,poia-demo-bank,withdrawal,approved,,,,1789047896,1789047956,,,
1789047904,intent_created,n1w4XAA-nUFHbUA7,20,poia-demo-bank,deposit,pending,,,,1789047904,1789047964,,,"{""scope"": {""account_id"": 37, ""amount"": 8734.0, ""currency"": ""USD""}}"
1789047904,zt_auto_start,n1w4XAA-nUFHbUA7,20,poia-demo-bank,,,,zt_authenticator,,,,1789047904.595,,"{""scenario"": """", ""client_ts"": 1789047904.595}"
1789047904,intent_loaded,n1w4XAA-nUFHbUA7,20,poia-demo-bank,,,,zt_authenticator,,,,1789047904.595,,"{""scenario"": """", ""client_ts"": 1789047904.595}"
1789047904,pending_served,n1w4XAA-nUFHbUA7,20,poia-demo-bank,deposit,pending,,zt_authenticator,,1789047904,1789047964,,,
1789047905,pending_served,n1w4XAA-nUFHbUA7,20,poia-demo-bank,deposit,pending,,zt_authenticator,,1789047904,1789047964,,,
1789047907,intent_approve,n1w4XAA-nUFHbUA7,20,poia-demo-bank,deposit,approved,,zt_authenticator,2579,1789047904,1789047964,,,
1789047907,zt_status_approved,n1w4XAA-nUFHbUA7,20,poia-demo-bank,,approved,,zt_authenticator,,,,1789047907.647,,"{""scenario"": """", ""client_ts"": 1789047907.647, ""status"": ""approved""}"
1789047907,intent_execute,n1w4XAA-nUFHbUA7,20,poia-demo-bank,deposit,approved,,,,1789047904,1789047964,,,
1789047912,intent_created,SyCKxLYJf6G0FOCB,20,poia-demo-bank,deposit,pending,,,,1789047912,1789047972,,,"{""scope"": {""account_id"": 37, ""amount"": 8643.0, ""currency"": ""USD""}}"
1789047912,zt_auto_start,SyCKxLYJf6G0FOCB,20,poia-demo-bank,,,,zt_authenticator,,,,1789047912.899,,"{""scenario"": """", ""client_ts"": 1789047912.899}"
1789047912,intent_loaded,SyCKxLYJf6G0FOCB,20,poia-demo-bank,,,,zt_authenticator,,,,1789047912.898,,"{""scenario"": """", ""client_ts"": 1789047912.898}"
1789047912,pending_served,SyCKxLYJf6G0FOCB,20,poia-demo-bank,deposit,pending,,zt_authenticator,,1789047912,1789047972,,,
1789047913,pending_served,SyCKxLYJf6G0FOCB,20,poia-demo-bank,deposit,pending,,zt_authenticator,,1789047912,1789047972,,,
1789047915,intent_approve,SyCKxLYJf6G0FOCB,20,poia-demo-bank,deposit,approved,,zt_authenticator,2275,1789047912,1789047972,,,
1789047915,zt_status_approved,SyCKxLYJf6G0FOCB,20,poia-demo-bank,,approved,,zt_authenticator,,,,1789047915.96,,"{""scenario"": """", ""client_ts"": 1789047915.96, ""status"": ""approved""}"
1789047915,intent_execute,SyCKxLYJf6G0FOCB,20,poia-demo-bank,deposit,approved,,,,1789047912,1789047972,,,
1789047920,intent_created,G1VX3Nph7fHNLtqv,20,poia-demo-bank,deposit,pending,,,,1789047920,1789047980,,,"{""scope"": {""account_id"": 37, ""amount"": 7934.0, ""currency"": ""USD""}}"
1789047920,zt_auto_start,G1VX3Nph7fHNLtqv,20,poia-demo-bank,,,,zt_authenticator,,,,1789047920.889,,"{""scenario"": """", ""client_ts"": 1789047920.889}"
1789047920,intent_loaded,G1VX3Nph7fHNLtqv,20,poia-demo-bank,,,,zt_authenticator,,,,1789047920.888,,"{""scenario"": """", ""client_ts"": 1789047920.888}"
1789047920,pending_served,G1VX3Nph7fHNLtqv,20,poia-demo-bank,deposit,pending,,zt_authenticator,,1789047920,1789047980,,,
1789047921,pending_served,G1VX3Nph7fHNLtqv,20,poia-demo-bank,deposit,pending,,zt_authenticator,,1789047920,1789047980,,,
1789047923,intent_approve,G1VX3Nph7fHNLtqv,20,poia-demo-bank,deposit,approved,,zt_authenticator,2266,1789047920,1789047980,,,
1789047923,zt_status_approved,G1VX3Nph7fHNLtqv,20,poia-demo-bank,,approved,,zt_authenticator,,,,1789047923.942,,"{""scenario"": """", ""client_ts"": 1789047923.942, ""status"": ""approved""}"
1789047923,intent_execute,G1VX3Nph7fHNLtqv,20,poia-demo-bank,deposit,approved,,,,1789047920,1789047980,,,
1789047932,intent_created,bdH5Eo5PJPsIacxp,20,poia-demo-bank,withdrawal,pending,,,,1789047932,1789047992,,,"{""scope"": {""account_id"": 37, ""amount"": 83476.0, ""currency"": ""USD""}}"
1789047932,zt_auto_start,bdH5Eo5PJPsIacxp,20,poia-demo-bank,,,,zt_authenticator,,,,1789047932.749,,"{""scenario"": """", ""client_ts"": 1789047932.749}"
1789047932,intent_loaded,bdH5Eo5PJPsIacxp,20,poia-demo-bank,,,,zt_authenticator,,,,1789047932.749,,"{""scenario"": """", ""client_ts"": 1789047932.749}"
1789047932,pending_served,bdH5Eo5PJPsIacxp,20,poia-demo-bank,withdrawal,pending,,zt_authenticator,,1789047932,1789047992,,,
1789047933,pending_served,bdH5Eo5PJPsIacxp,20,poia-demo-bank,withdrawal,pending,,zt_authenticator,,1789047932,1789047992,,,
1789047935,intent_approve,bdH5Eo5PJPsIacxp,20,poia-demo-bank,withdrawal,approved,,zt_authenticator,2377,1789047932,1789047992,,,
1789047935,zt_status_approved,bdH5Eo5PJPsIacxp,20,poia-demo-bank,,approved,,zt_authenticator,,,,1789047935.805,,"{""scenario"": """", ""client_ts"": 1789047935.805, ""status"": ""approved""}"
1789047935,intent_execute,bdH5Eo5PJPsIacxp,20,poia-demo-bank,withdrawal,approved,,,,1789047932,1789047992,,,
1789047940,intent_created,gB2GJ8ZdVtIaqMcR,20,poia-demo-bank,deposit,pending,,,,1789047940,1789048000,,,"{""scope"": {""account_id"": 37, ""amount"": 8647.0, ""currency"": ""USD""}}"
1789047940,zt_auto_start,gB2GJ8ZdVtIaqMcR,20,poia-demo-bank,,,,zt_authenticator,,,,1789047940.5,,"{""scenario"": """", ""client_ts"": 1789047940.5}"
1789047940,intent_loaded,gB2GJ8ZdVtIaqMcR,20,poia-demo-bank,,,,zt_authenticator,,,,1789047940.499,,"{""scenario"": """", ""client_ts"": 1789047940.499}"
1789047940,pending_served,gB2GJ8ZdVtIaqMcR,20,poia-demo-bank,deposit,pending,,zt_authenticator,,1789047940,1789048000,,,
1789047941,pending_served,gB2GJ8ZdVtIaqMcR,20,poia-demo-bank,deposit,pending,,zt_authenticator,,1789047940,1789048000,,,
1789047942,intent_approve,gB2GJ8ZdVtIaqMcR,20,poia-demo-bank,deposit,approved,,zt_authenticator,2032,1789047940,1789048000,,,
1789047943,zt_status_approved,gB2GJ8ZdVtIaqMcR,20,poia-demo-bank,,approved,,zt_authenticator,,,,1789047943.56,,"{""scenario"": """", ""client_ts"": 1789047943.56, ""status"": ""approved""}"
1789047943,intent_execute,gB2GJ8ZdVtIaqMcR,20,poia-demo-bank,deposit,approved,,,,1789047940,1789048000,,,
